[0.000000] (-) TimerEvent: {}
[0.000146] (-) JobUnselected: {'identifier': 'common_launch_pkg'}
[0.000190] (-) JobUnselected: {'identifier': 'competition_gateway'}
[0.000223] (-) JobUnselected: {'identifier': 'fyt_pos'}
[0.000253] (-) JobUnselected: {'identifier': 'hba'}
[0.000280] (-) JobUnselected: {'identifier': 'interface'}
[0.000307] (-) JobUnselected: {'identifier': 'localizer'}
[0.000335] (-) JobUnselected: {'identifier': 'pgo'}
[0.000373] (-) JobUnselected: {'identifier': 'yolo_3d_detect_pkg'}
[0.000401] (livox_ros_driver2) JobQueued: {'identifier': 'livox_ros_driver2', 'dependencies': OrderedDict()}
[0.000437] (fastlio2) JobQueued: {'identifier': 'fastlio2', 'dependencies': OrderedDict({'livox_ros_driver2': '/home/husky/TR/install/livox_ros_driver2'})}
[0.000478] (livox_ros_driver2) JobStarted: {'identifier': 'livox_ros_driver2'}
[0.006736] (livox_ros_driver2) JobProgress: {'identifier': 'livox_ros_driver2', 'progress': 'cmake'}
[0.007661] (livox_ros_driver2) Command: {'cmd': ['/usr/bin/cmake', '/home/husky/TR/src/livox_ros_driver2', '-DCMAKE_INSTALL_PREFIX=/home/husky/TR/install/livox_ros_driver2'], 'cwd': '/home/husky/TR/build/livox_ros_driver2', 'env': OrderedDict({'GJS_DEBUG_TOPICS': 'JS ERROR;JS LOG', 'PYTHON_BASIC_REPL': '1', 'LESSOPEN': '| /usr/bin/lesspipe %s', 'RSYNC_PROXY': 'localhost:1080', 'HTTPS_PROXY': 'http://localhost:3128', 'GZ_SIM_RESOURCE_PATH': '/opt/ros/jazzy/share', 'no_proxy': 'localhost,127.0.0.1,::1,*.local,.local,169.254.0.0/16,10.0.0.0/8,172.16.0.0/12,192.168.0.0/16', 'AI_AGENT': 'github_copilot_vscode_agent', 'GIT_SSH_COMMAND': "ssh -o ProxyCommand='socat - PROXY:localhost:%h:%p,proxyport=3128'", 'USER': 'husky', 'SANDBOX_RUNTIME': '1', 'FONTCONFIG_PATH': '/etc/fonts', 'GZ_CONFIG_PATH': '/opt/ros/jazzy/opt/gz_sim_vendor/share/gz:/opt/ros/jazzy/opt/sdformat_vendor/share/gz:/opt/ros/jazzy/opt/gz_gui_vendor/share/gz:/opt/ros/jazzy/opt/gz_transport_vendor/share/gz:/opt/ros/jazzy/opt/gz_rendering_vendor/share/gz:/opt/ros/jazzy/opt/gz_plugin_vendor/share/gz:/opt/ros/jazzy/opt/gz_fuel_tools_vendor/share/gz:/opt/ros/jazzy/opt/gz_msgs_vendor/share/gz:/opt/ros/jazzy/opt/gz_common_vendor/share/gz', 'CLAUDE_CODE_HOST_SOCKS_PROXY_PORT': '43825', 'GIT_EDITOR': ':', 'all_proxy': 'socks5h://localhost:1080', 'GIO_MODULE_DIR': '/home/husky/snap/code/common/.cache/gio-modules', 'XDG_SESSION_TYPE': 'x11', 'GIT_ASKPASS': '/snap/code/253/usr/share/code/resources/app/extensions/git/dist/askpass.sh', 'GTK_EXE_PREFIX_VSCODE_SNAP_ORIG': '', 'DOCKER_HTTPS_PROXY': 'http://localhost:3128', 'GDK_BACKEND_VSCODE_SNAP_ORIG': '', 'CLUTTER_DISABLE_MIPMAPPED_TEXT': '1', 'SHLVL': '2', 'LD_LIBRARY_PATH': '/usr/local/lib:/usr/local/lib:/usr/local/lib:/home/husky/ws_livox/install/livox_ros_driver2/lib:/home/husky/ws_livox/install/rtabmap_msgs/lib:/home/husky/ws_livox/install/rtabmap_costmap_plugins/lib:/usr/local/lib:/opt/ros/jazzy/opt/gz_sim_vendor/lib:/opt/ros/jazzy/opt/gz_sensors_vendor/lib:/opt/ros/jazzy/opt/gz_physics_vendor/lib:/opt/ros/jazzy/opt/sdformat_vendor/lib:/opt/ros/jazzy/opt/rviz_ogre_vendor/lib:/opt/ros/jazzy/lib/x86_64-linux-gnu:/opt/ros/jazzy/opt/gz_gui_vendor/lib:/opt/ros/jazzy/opt/gz_transport_vendor/lib:/opt/ros/jazzy/opt/gz_rendering_vendor/lib:/opt/ros/jazzy/opt/gz_plugin_vendor/lib:/opt/ros/jazzy/opt/gz_fuel_tools_vendor/lib:/opt/ros/jazzy/opt/gz_msgs_vendor/lib:/opt/ros/jazzy/opt/gz_common_vendor/lib:/opt/ros/jazzy/opt/gz_math_vendor/lib:/opt/ros/jazzy/opt/gz_utils_vendor/lib:/opt/ros/jazzy/opt/gz_tools_vendor/lib:/opt/ros/jazzy/opt/gz_ogre_next_vendor/lib:/opt/ros/jazzy/opt/gz_dartsim_vendor/lib:/opt/ros/jazzy/opt/gz_cmake_vendor/lib:/opt/ros/jazzy/lib', 'COPILOT_AGENT': '1', 'HOME': '/home/husky', 'CHROME_DESKTOP': 'code.desktop', 'LOCPATH_VSCODE_SNAP_ORIG': '', 'OLDPWD': '/home/husky/.vscode/tmp/tmp_vscode_1', 'TERM_PROGRAM_VERSION': '1.130.0', 'DESKTOP_SESSION': 'ubuntu', 'GTK_PATH': '/snap/code/253/usr/lib/x86_64-linux-gnu/gtk-3.0', 'NO_PROXY': 'localhost,127.0.0.1,::1,*.local,.local,169.254.0.0/16,10.0.0.0/8,172.16.0.0/12,192.168.0.0/16', 'XDG_DATA_HOME_VSCODE_SNAP_ORIG': '', 'GTK_IM_MODULE_FILE': '/home/husky/snap/code/common/.cache/immodules/immodules.cache', 'GIO_LAUNCHED_DESKTOP_FILE': '/var/lib/snapd/desktop/applications/code_code.desktop', 'ROS_PYTHON_VERSION': '3', 'GNOME_SHELL_SESSION_MODE': 'ubuntu', 'GTK_MODULES': 'gail:atk-bridge', 'GSETTINGS_SCHEMA_DIR_VSCODE_SNAP_ORIG': '', 'VSCODE_GIT_ASKPASS_MAIN': '/snap/code/253/usr/share/code/resources/app/extensions/git/dist/askpass-main.js', 'VSCODE_GIT_ASKPASS_NODE': '/snap/code/253/usr/share/code/code', 'MANAGERPID': '1979', 'PYDEVD_DISABLE_FILE_VALIDATION': '1', 'SYSTEMD_EXEC_PID': '2425', 'BUNDLED_DEBUGPY_PATH': '/home/husky/.vscode/extensions/ms-python.debugpy-2026.6.0-linux-x64/bundled/libs/debugpy', 'VSCODE_PYTHON_AUTOACTIVATE_GUARD': '1', 'GSM_SKIP_SSH_AGENT_WORKAROUND': 'true', 'DBUS_SESSION_BUS_ADDRESS': 'unix:path=/run/user/1000/bus', 'COLORTERM': 'truecolor', 'GIO_LAUNCHED_DESKTOP_FILE_PID': '7481', 'DEBUGINFOD_URLS': 'https://debuginfod.ubuntu.com', 'TMPDIR': '/home/husky/.vscode/tmp/tmp_vscode_1', 'https_proxy': 'http://localhost:3128', 'CLAUDE_CODE_HOST_HTTP_PROXY_PORT': '42853', 'ROS_DISTRO': 'jazzy', 'LOGNAME': 'husky', 'ALL_PROXY': 'socks5h://localhost:1080', 'http_proxy': 'http://localhost:3128', 'JOURNAL_STREAM': '10:14922', '_': '/usr/bin/colcon', 'ROS_VERSION': '2', 'XDG_CONFIG_DIRS_VSCODE_SNAP_ORIG': '/etc/xdg/xdg-ubuntu:/etc/xdg', 'MEMORY_PRESSURE_WATCH': '/sys/fs/cgroup/user.slice/user-1000.slice/user@1000.service/session.slice/org.gnome.Shell@x11.service/memory.pressure', 'XDG_SESSION_CLASS': 'user', 'XDG_DATA_DIRS_VSCODE_SNAP_ORIG': '/usr/share/ubuntu:/usr/share/gnome:/usr/local/share/:/usr/share/:/var/lib/snapd/desktop', 'USERNAME': 'husky', 'TERM': 'xterm-256color', 'GNOME_DESKTOP_SESSION_ID': 'this-is-deprecated', 'grpc_proxy': 'socks5h://localhost:1080', 'FC_FONTATIONS': '1', 'HISTCONTROL': 'ignorespace', 'WINDOWPATH': '2', 'PATH': '/home/husky/.config/Code/User/globalStorage/github.copilot-chat/debugCommand:/home/husky/.config/Code/User/globalStorage/github.copilot-chat/copilotCli:/home/husky/.local/bin:/opt/ros/jazzy/opt/gz_msgs_vendor/bin:/opt/ros/jazzy/opt/gz_tools_vendor/bin:/opt/ros/jazzy/opt/gz_ogre_next_vendor/bin:/opt/ros/jazzy/bin:/home/husky/.local/bin:/usr/local/sbin:/usr/local/bin:/usr/sbin:/usr/bin:/sbin:/bin:/usr/games:/usr/local/games:/snap/bin:/snap/bin:/home/husky/.fishros/bin/:/home/husky/.vscode/extensions/ms-python.debugpy-2026.6.0-linux-x64/bundled/scripts/noConfigScripts:/home/husky/.fishros/bin/:/snap/code/253/usr/share/code/resources/app/node_modules.asar.unpacked/@vscode/ripgrep-universal/bin/linux-x64', 'SESSION_MANAGER': 'local/R9P:@/tmp/.ICE-unix/2393,unix/R9P:/tmp/.ICE-unix/2393', 'GTK_EXE_PREFIX': '/snap/code/253/usr', 'INVOCATION_ID': '232c109e81c442b8a729604705fddc62', 'XDG_MENU_PREFIX': 'gnome-', 'ftp_proxy': 'socks5h://localhost:1080', 'XDG_RUNTIME_DIR': '/run/user/1000', 'GDK_BACKEND': 'x11', 'DISPLAY': ':0', 'LOCPATH': '/snap/code/253/usr/lib/locale', 'VSCODE_DEBUGPY_ADAPTER_ENDPOINTS': '/home/husky/.vscode/extensions/ms-python.debugpy-2026.6.0-linux-x64/.noConfigDebugAdapterEndpoints/endpoint-c7b6d7ac374ef3b7.txt', 'LANG': 'zh_CN.UTF-8', 'XDG_CURRENT_DESKTOP': 'ubuntu:GNOME', 'PYTHONSTARTUP': '/home/husky/.config/Code/User/workspaceStorage/2598fa35ecc8ded29a0518703103ae87/ms-python.python/pythonrc.py', 'GIO_MODULE_DIR_VSCODE_SNAP_ORIG': '', 'XDG_DATA_HOME': '/home/husky/snap/code/253/.local/share', 'XMODIFIERS': '@im=ibus', 'XDG_SESSION_DESKTOP': 'ubuntu', 'XAUTHORITY': '/run/user/1000/gdm/Xauthority', 'LS_COLORS': 'rs=0:di=01;34:ln=01;36:mh=00:pi=40;33:so=01;35:do=01;35:bd=40;33;01:cd=40;33;01:or=40;31;01:mi=00:su=37;41:sg=30;43:ca=00:tw=30;42:ow=34;42:st=37;44:ex=01;32:*.tar=01;31:*.tgz=01;31:*.arc=01;31:*.arj=01;31:*.taz=01;31:*.lha=01;31:*.lz4=01;31:*.lzh=01;31:*.lzma=01;31:*.tlz=01;31:*.txz=01;31:*.tzo=01;31:*.t7z=01;31:*.zip=01;31:*.z=01;31:*.dz=01;31:*.gz=01;31:*.lrz=01;31:*.lz=01;31:*.lzo=01;31:*.xz=01;31:*.zst=01;31:*.tzst=01;31:*.bz2=01;31:*.bz=01;31:*.tbz=01;31:*.tbz2=01;31:*.tz=01;31:*.deb=01;31:*.rpm=01;31:*.jar=01;31:*.war=01;31:*.ear=01;31:*.sar=01;31:*.rar=01;31:*.alz=01;31:*.ace=01;31:*.zoo=01;31:*.cpio=01;31:*.7z=01;31:*.rz=01;31:*.cab=01;31:*.wim=01;31:*.swm=01;31:*.dwm=01;31:*.esd=01;31:*.avif=01;35:*.jpg=01;35:*.jpeg=01;35:*.mjpg=01;35:*.mjpeg=01;35:*.gif=01;35:*.bmp=01;35:*.pbm=01;35:*.pgm=01;35:*.ppm=01;35:*.tga=01;35:*.xbm=01;35:*.xpm=01;35:*.tif=01;35:*.tiff=01;35:*.png=01;35:*.svg=01;35:*.svgz=01;35:*.mng=01;35:*.pcx=01;35:*.mov=01;35:*.mpg=01;35:*.mpeg=01;35:*.m2v=01;35:*.mkv=01;35:*.webm=01;35:*.webp=01;35:*.ogm=01;35:*.mp4=01;35:*.m4v=01;35:*.mp4v=01;35:*.vob=01;35:*.qt=01;35:*.nuv=01;35:*.wmv=01;35:*.asf=01;35:*.rm=01;35:*.rmvb=01;35:*.flc=01;35:*.avi=01;35:*.fli=01;35:*.flv=01;35:*.gl=01;35:*.dl=01;35:*.xcf=01;35:*.xwd=01;35:*.yuv=01;35:*.cgm=01;35:*.emf=01;35:*.ogv=01;35:*.ogx=01;35:*.aac=00;36:*.au=00;36:*.flac=00;36:*.m4a=00;36:*.mid=00;36:*.midi=00;36:*.mka=00;36:*.mp3=00;36:*.mpc=00;36:*.ogg=00;36:*.ra=00;36:*.wav=00;36:*.oga=00;36:*.opus=00;36:*.spx=00;36:*.xspf=00;36:*~=00;90:*#=00;90:*.bak=00;90:*.crdownload=00;90:*.dpkg-dist=00;90:*.dpkg-new=00;90:*.dpkg-old=00;90:*.dpkg-tmp=00;90:*.old=00;90:*.orig=00;90:*.part=00;90:*.rej=00;90:*.rpmnew=00;90:*.rpmorig=00;90:*.rpmsave=00;90:*.swp=00;90:*.tmp=00;90:*.ucf-dist=00;90:*.ucf-new=00;90:*.ucf-old=00;90:', 'VSCODE_GIT_IPC_HANDLE': '/run/user/1000/vscode-git-f6e3659723.sock', 'TERM_PROGRAM': 'vscode', 'SSH_AUTH_SOCK': '/run/user/1000/keyring/ssh', 'GSETTINGS_SCHEMA_DIR': '/home/husky/snap/code/253/.local/share/glib-2.0/schemas', 'AMENT_PREFIX_PATH': '/opt/ros/jazzy', 'DEBIAN_FRONTEND': 'noninteractive', 'SHELL': '/bin/bash', 'QT_ACCESSIBILITY': '1', 'ELECTRON_RUN_AS_NODE': '1', 'GDMSESSION': 'ubuntu', 'CLOUDSDK_PROXY_TYPE': 'https', 'LESSCLOSE': '/usr/bin/lesspipe %s %s', 'GTK_PATH_VSCODE_SNAP_ORIG': '', 'FONTCONFIG_FILE': '/etc/fonts/fonts.conf', 'GTK_IM_MODULE_FILE_VSCODE_SNAP_ORIG': '', 'CLOUDSDK_PROXY_ADDRESS': 'localhost', 'GPG_AGENT_INFO': '/run/user/1000/gnupg/S.gpg-agent:0:1', 'GJS_DEBUG_OUTPUT': 'stderr', 'CLOUDSDK_PROXY_PORT': '3128', 'ROS_AUTOMATIC_DISCOVERY_RANGE': 'SUBNET', 'VSCODE_GIT_ASKPASS_EXTRA_ARGS': '', 'GIT_PAGER': 'cat', 'QT_IM_MODULE': 'ibus', 'PWD': '/home/husky/TR/build/livox_ros_driver2', 'CLAUDE_TMPDIR': '/home/husky/.vscode/tmp/tmp_vscode_1', 'GIT_MERGE_AUTOEDIT': 'no', 'XDG_CONFIG_DIRS': '/etc/xdg/xdg-ubuntu:/etc/xdg', 'COPILOT_DEBUG_NONCE': '1b11bd14131318a94116e9e7ded58081', 'FTP_PROXY': 'socks5h://localhost:1080', 'XDG_DATA_DIRS': '/home/husky/snap/code/253/.local/share:/home/husky/snap/code/253:/snap/code/253/usr/share:/usr/share/ubuntu:/usr/share/gnome:/usr/local/share/:/usr/share/:/var/lib/snapd/desktop', 'QTWEBENGINE_DICTIONARIES_PATH': '/usr/share/hunspell-bdic/', 'PYTHONPATH': '/opt/ros/jazzy/lib/python3.12/site-packages', 'HTTP_PROXY': 'http://localhost:3128', 'COLCON': '1', 'MEMORY_PRESSURE_WRITE': 'c29tZSAyMDAwMDAgMjAwMDAwMAA=', 'DOCKER_HTTP_PROXY': 'http://localhost:3128', 'CMAKE_PREFIX_PATH': '/opt/ros/jazzy/opt/gz_sim_vendor:/opt/ros/jazzy/opt/gz_sensors_vendor:/opt/ros/jazzy/opt/gz_physics_vendor:/opt/ros/jazzy/opt/sdformat_vendor:/opt/ros/jazzy/opt/gz_gui_vendor:/opt/ros/jazzy/opt/gz_transport_vendor:/opt/ros/jazzy/opt/gz_rendering_vendor:/opt/ros/jazzy/opt/gz_plugin_vendor:/opt/ros/jazzy/opt/gz_fuel_tools_vendor:/opt/ros/jazzy/opt/gz_msgs_vendor:/opt/ros/jazzy/opt/gz_common_vendor:/opt/ros/jazzy/opt/gz_math_vendor:/opt/ros/jazzy/opt/gz_utils_vendor:/opt/ros/jazzy/opt/gz_tools_vendor:/opt/ros/jazzy/opt/gz_ogre_next_vendor:/opt/ros/jazzy/opt/gz_dartsim_vendor:/opt/ros/jazzy/opt/gz_cmake_vendor:/opt/ros/jazzy', 'GRPC_PROXY': 'socks5h://localhost:1080'}), 'shell': False}
[0.020271] (livox_ros_driver2) StdoutLine: {'line': b'-- livox_ros_driver2 version: 1.2.6\n'}
[0.020471] (livox_ros_driver2) StdoutLine: {'line': b'-- Found ament_cmake_auto: 2.5.6 (/opt/ros/jazzy/share/ament_cmake_auto/cmake)\n'}
[0.099392] (-) TimerEvent: {}
[0.151094] (livox_ros_driver2) StdoutLine: {'line': b'-- Using all available rosidl_typesupport_c: rosidl_typesupport_fastrtps_c;rosidl_typesupport_introspection_c\n'}
[0.174742] (livox_ros_driver2) StdoutLine: {'line': b'-- Using all available rosidl_typesupport_cpp: rosidl_typesupport_fastrtps_cpp;rosidl_typesupport_introspection_cpp\n'}
[0.193409] (livox_ros_driver2) StdoutLine: {'line': b'-- Found rosidl_adapter: 4.6.9 (/opt/ros/jazzy/share/rosidl_adapter/cmake)\n'}
[0.199487] (-) TimerEvent: {}
[0.234975] (livox_ros_driver2) StdoutLine: {'line': b'-- Found rmw_implementation_cmake: 7.3.3 (/opt/ros/jazzy/share/rmw_implementation_cmake/cmake)\n'}
[0.235792] (livox_ros_driver2) StdoutLine: {'line': b'-- Found rmw_fastrtps_cpp: 8.4.4 (/opt/ros/jazzy/share/rmw_fastrtps_cpp/cmake)\n'}
[0.281615] (livox_ros_driver2) StdoutLine: {'line': b"-- Using RMW implementation 'rmw_fastrtps_cpp' as default\n"}
[0.299582] (-) TimerEvent: {}
[0.399756] (-) TimerEvent: {}
[0.412070] (livox_ros_driver2) StderrLine: {'line': b'\x1b[33mCMake Warning (dev) at /usr/lib/x86_64-linux-gnu/cmake/pcl/Modules/FindFLANN.cmake:45 (find_package):\n'}
[0.412250] (livox_ros_driver2) StderrLine: {'line': b'  Policy CMP0144 is not set: find_package uses upper-case <PACKAGENAME>_ROOT\n'}
[0.412365] (livox_ros_driver2) StderrLine: {'line': b'  variables.  Run "cmake --help-policy CMP0144" for policy details.  Use the\n'}
[0.412432] (livox_ros_driver2) StderrLine: {'line': b'  cmake_policy command to set the policy and suppress this warning.\n'}
[0.412498] (livox_ros_driver2) StderrLine: {'line': b'\n'}
[0.412602] (livox_ros_driver2) StderrLine: {'line': b'  CMake variable FLANN_ROOT is set to:\n'}
[0.412664] (livox_ros_driver2) StderrLine: {'line': b'\n'}
[0.412721] (livox_ros_driver2) StderrLine: {'line': b'    /usr\n'}
[0.412780] (livox_ros_driver2) StderrLine: {'line': b'\n'}
[0.412835] (livox_ros_driver2) StderrLine: {'line': b'  For compatibility, find_package is ignoring the variable, but code in a\n'}
[0.412892] (livox_ros_driver2) StderrLine: {'line': b'  .cmake module might still use it.\n'}
[0.412946] (livox_ros_driver2) StderrLine: {'line': b'Call Stack (most recent call first):\n'}
[0.413003] (livox_ros_driver2) StderrLine: {'line': b'  /usr/lib/x86_64-linux-gnu/cmake/pcl/PCLConfig.cmake:261 (find_package)\n'}
[0.413056] (livox_ros_driver2) StderrLine: {'line': b'  /usr/lib/x86_64-linux-gnu/cmake/pcl/PCLConfig.cmake:306 (find_flann)\n'}
[0.413112] (livox_ros_driver2) StderrLine: {'line': b'  /usr/lib/x86_64-linux-gnu/cmake/pcl/PCLConfig.cmake:570 (find_external_library)\n'}
[0.413165] (livox_ros_driver2) StderrLine: {'line': b'  /opt/ros/jazzy/share/pcl_conversions/cmake/ament_cmake_export_dependencies-extras.cmake:21 (find_package)\n'}
[0.413226] (livox_ros_driver2) StderrLine: {'line': b'  /opt/ros/jazzy/share/pcl_conversions/cmake/pcl_conversionsConfig.cmake:41 (include)\n'}
[0.413283] (livox_ros_driver2) StderrLine: {'line': b'  /opt/ros/jazzy/share/ament_cmake_auto/cmake/ament_auto_find_build_dependencies.cmake:67 (find_package)\n'}
[0.413338] (livox_ros_driver2) StderrLine: {'line': b'  CMakeLists.txt:225 (ament_auto_find_build_dependencies)\n'}
[0.413402] (livox_ros_driver2) StderrLine: {'line': b'This warning is for project developers.  Use -Wno-dev to suppress it.\n'}
[0.413457] (livox_ros_driver2) StderrLine: {'line': b'\x1b[0m\n'}
[0.413512] (livox_ros_driver2) StdoutLine: {'line': b'-- Found flann version 1.9.2\n'}
[0.499870] (-) TimerEvent: {}
[0.600117] (-) TimerEvent: {}
[0.700391] (-) TimerEvent: {}
[0.745622] (livox_ros_driver2) StdoutLine: {'line': b'-- OpenNI found (version: 1.5.4.0, include: /usr/include/ni, lib: /usr/lib/libOpenNI.so;libusb::libusb)\n'}
[0.750473] (livox_ros_driver2) StdoutLine: {'line': b'-- OpenNI2 found (version: 2.2.0.33, include: /usr/include/openni2, lib: /usr/lib/x86_64-linux-gnu/libOpenNI2.so;libusb::libusb)\n'}
[0.800461] (-) TimerEvent: {}
[0.900663] (-) TimerEvent: {}
[1.000917] (-) TimerEvent: {}
[1.101180] (-) TimerEvent: {}
[1.111662] (livox_ros_driver2) StdoutLine: {'line': b'-- OpenNI found (version: 1.5.4.0, include: /usr/include/ni, lib: /usr/lib/libOpenNI.so;libusb::libusb)\n'}
[1.116219] (livox_ros_driver2) StdoutLine: {'line': b'-- OpenNI2 found (version: 2.2.0.33, include: /usr/include/openni2, lib: /usr/lib/x86_64-linux-gnu/libOpenNI2.so;libusb::libusb)\n'}
[1.201284] (-) TimerEvent: {}
[1.301518] (-) TimerEvent: {}
[1.401737] (-) TimerEvent: {}
[1.430931] (livox_ros_driver2) StdoutLine: {'line': b'-- Found Qhull version 8.0.2\n'}
[1.501854] (-) TimerEvent: {}
[1.602091] (-) TimerEvent: {}
[1.702361] (-) TimerEvent: {}
[1.751970] (livox_ros_driver2) StdoutLine: {'line': b'-- OpenNI found (version: 1.5.4.0, include: /usr/include/ni, lib: /usr/lib/libOpenNI.so;libusb::libusb)\n'}
[1.802436] (-) TimerEvent: {}
[1.902735] (-) TimerEvent: {}
[2.003009] (-) TimerEvent: {}
[2.103258] (-) TimerEvent: {}
[2.120035] (livox_ros_driver2) StderrLine: {'line': b'\x1b[0m/usr/include/apr-1.0\x1b[0m\n'}
[2.120202] (livox_ros_driver2) StderrLine: {'line': b'\x1b[0mapr-1\x1b[0m\n'}
[2.203370] (-) TimerEvent: {}
[2.243390] (livox_ros_driver2) StdoutLine: {'line': b'-- Found ament_cmake_ros: 0.12.1 (/opt/ros/jazzy/share/ament_cmake_ros/cmake)\n'}
[2.303457] (-) TimerEvent: {}
[2.336476] (livox_ros_driver2) StdoutLine: {'line': b'-- Using all available rosidl_typesupport_c: rosidl_typesupport_fastrtps_c;rosidl_typesupport_introspection_c\n'}
[2.403562] (-) TimerEvent: {}
[2.461731] (livox_ros_driver2) StdoutLine: {'line': b'-- Using all available rosidl_typesupport_cpp: rosidl_typesupport_fastrtps_cpp;rosidl_typesupport_introspection_cpp\n'}
[2.462556] (livox_ros_driver2) StdoutLine: {'line': b'-- Found python_cmake_module: 0.11.1 (/opt/ros/jazzy/share/python_cmake_module/cmake)\n'}
[2.503659] (-) TimerEvent: {}
[2.603884] (-) TimerEvent: {}
[2.643756] (livox_ros_driver2) StdoutLine: {'line': b'-- Found Python3: /usr/bin/python3 (found version "3.12.3") found components: Interpreter Development NumPy Development.Module Development.Embed \n'}
[2.690684] (livox_ros_driver2) StdoutLine: {'line': b'-- Found Python3: /usr/bin/python3 (found version "3.12.3") found components: Interpreter \n'}
[2.699067] (livox_ros_driver2) StdoutLine: {'line': b'-- Found ament_lint_auto: 0.17.5 (/opt/ros/jazzy/share/ament_lint_auto/cmake)\n'}
[2.703970] (-) TimerEvent: {}
[2.705591] (livox_ros_driver2) StdoutLine: {'line': b"-- Added test 'copyright' to check source files copyright and LICENSE\n"}
[2.711013] (livox_ros_driver2) StdoutLine: {'line': b"-- Added test 'cppcheck' to perform static code analysis on C / C++ code\n"}
[2.711615] (livox_ros_driver2) StdoutLine: {'line': b'-- Configured cppcheck include dirs: /home/husky/TR/src/livox_ros_driver2/3rdparty;/home/husky/TR/src/livox_ros_driver2/src\n'}
[2.711707] (livox_ros_driver2) StdoutLine: {'line': b'-- Configured cppcheck exclude dirs and/or files: \n'}
[2.716927] (livox_ros_driver2) StdoutLine: {'line': b"-- Added test 'cpplint' to check C / C++ code against the Google style\n"}
[2.717016] (livox_ros_driver2) StdoutLine: {'line': b'-- Configured cpplint exclude dirs and/or files: \n'}
[2.717768] (livox_ros_driver2) StdoutLine: {'line': b"-- Added test 'flake8' to check Python code syntax and style conventions\n"}
[2.717843] (livox_ros_driver2) StdoutLine: {'line': b"-- Configured 'flake8' exclude dirs and/or files: \n"}
[2.719189] (livox_ros_driver2) StdoutLine: {'line': b"-- Added test 'lint_cmake' to check CMake code style\n"}
[2.720005] (livox_ros_driver2) StdoutLine: {'line': b"-- Added test 'pep257' to check Python code against some of the docstring style conventions in PEP 257\n"}
[2.725290] (livox_ros_driver2) StdoutLine: {'line': b"-- Added test 'uncrustify' to check C / C++ code style\n"}
[2.725394] (livox_ros_driver2) StdoutLine: {'line': b'-- Configured uncrustify additional arguments: \n'}
[2.726124] (livox_ros_driver2) StdoutLine: {'line': b"-- Added test 'xmllint' to check XML markup files\n"}
[2.727525] (livox_ros_driver2) StdoutLine: {'line': b'-- Configuring done (2.7s)\n'}
[2.791604] (livox_ros_driver2) StdoutLine: {'line': b'-- Generating done (0.0s)\n'}
[2.803050] (livox_ros_driver2) StdoutLine: {'line': b'-- Build files have been written to: /home/husky/TR/build/livox_ros_driver2\n'}
[2.804050] (-) TimerEvent: {}
[2.822444] (livox_ros_driver2) CommandEnded: {'returncode': 0}
[2.823063] (livox_ros_driver2) JobProgress: {'identifier': 'livox_ros_driver2', 'progress': 'build'}
[2.823744] (livox_ros_driver2) Command: {'cmd': ['/usr/bin/cmake', '--build', '/home/husky/TR/build/livox_ros_driver2', '--', '-j32', '-l32'], 'cwd': '/home/husky/TR/build/livox_ros_driver2', 'env': OrderedDict({'GJS_DEBUG_TOPICS': 'JS ERROR;JS LOG', 'PYTHON_BASIC_REPL': '1', 'LESSOPEN': '| /usr/bin/lesspipe %s', 'RSYNC_PROXY': 'localhost:1080', 'HTTPS_PROXY': 'http://localhost:3128', 'GZ_SIM_RESOURCE_PATH': '/opt/ros/jazzy/share', 'no_proxy': 'localhost,127.0.0.1,::1,*.local,.local,169.254.0.0/16,10.0.0.0/8,172.16.0.0/12,192.168.0.0/16', 'AI_AGENT': 'github_copilot_vscode_agent', 'GIT_SSH_COMMAND': "ssh -o ProxyCommand='socat - PROXY:localhost:%h:%p,proxyport=3128'", 'USER': 'husky', 'SANDBOX_RUNTIME': '1', 'FONTCONFIG_PATH': '/etc/fonts', 'GZ_CONFIG_PATH': '/opt/ros/jazzy/opt/gz_sim_vendor/share/gz:/opt/ros/jazzy/opt/sdformat_vendor/share/gz:/opt/ros/jazzy/opt/gz_gui_vendor/share/gz:/opt/ros/jazzy/opt/gz_transport_vendor/share/gz:/opt/ros/jazzy/opt/gz_rendering_vendor/share/gz:/opt/ros/jazzy/opt/gz_plugin_vendor/share/gz:/opt/ros/jazzy/opt/gz_fuel_tools_vendor/share/gz:/opt/ros/jazzy/opt/gz_msgs_vendor/share/gz:/opt/ros/jazzy/opt/gz_common_vendor/share/gz', 'CLAUDE_CODE_HOST_SOCKS_PROXY_PORT': '43825', 'GIT_EDITOR': ':', 'all_proxy': 'socks5h://localhost:1080', 'GIO_MODULE_DIR': '/home/husky/snap/code/common/.cache/gio-modules', 'XDG_SESSION_TYPE': 'x11', 'GIT_ASKPASS': '/snap/code/253/usr/share/code/resources/app/extensions/git/dist/askpass.sh', 'GTK_EXE_PREFIX_VSCODE_SNAP_ORIG': '', 'DOCKER_HTTPS_PROXY': 'http://localhost:3128', 'GDK_BACKEND_VSCODE_SNAP_ORIG': '', 'CLUTTER_DISABLE_MIPMAPPED_TEXT': '1', 'SHLVL': '2', 'LD_LIBRARY_PATH': '/usr/local/lib:/usr/local/lib:/usr/local/lib:/home/husky/ws_livox/install/livox_ros_driver2/lib:/home/husky/ws_livox/install/rtabmap_msgs/lib:/home/husky/ws_livox/install/rtabmap_costmap_plugins/lib:/usr/local/lib:/opt/ros/jazzy/opt/gz_sim_vendor/lib:/opt/ros/jazzy/opt/gz_sensors_vendor/lib:/opt/ros/jazzy/opt/gz_physics_vendor/lib:/opt/ros/jazzy/opt/sdformat_vendor/lib:/opt/ros/jazzy/opt/rviz_ogre_vendor/lib:/opt/ros/jazzy/lib/x86_64-linux-gnu:/opt/ros/jazzy/opt/gz_gui_vendor/lib:/opt/ros/jazzy/opt/gz_transport_vendor/lib:/opt/ros/jazzy/opt/gz_rendering_vendor/lib:/opt/ros/jazzy/opt/gz_plugin_vendor/lib:/opt/ros/jazzy/opt/gz_fuel_tools_vendor/lib:/opt/ros/jazzy/opt/gz_msgs_vendor/lib:/opt/ros/jazzy/opt/gz_common_vendor/lib:/opt/ros/jazzy/opt/gz_math_vendor/lib:/opt/ros/jazzy/opt/gz_utils_vendor/lib:/opt/ros/jazzy/opt/gz_tools_vendor/lib:/opt/ros/jazzy/opt/gz_ogre_next_vendor/lib:/opt/ros/jazzy/opt/gz_dartsim_vendor/lib:/opt/ros/jazzy/opt/gz_cmake_vendor/lib:/opt/ros/jazzy/lib', 'COPILOT_AGENT': '1', 'HOME': '/home/husky', 'CHROME_DESKTOP': 'code.desktop', 'LOCPATH_VSCODE_SNAP_ORIG': '', 'OLDPWD': '/home/husky/.vscode/tmp/tmp_vscode_1', 'TERM_PROGRAM_VERSION': '1.130.0', 'DESKTOP_SESSION': 'ubuntu', 'GTK_PATH': '/snap/code/253/usr/lib/x86_64-linux-gnu/gtk-3.0', 'NO_PROXY': 'localhost,127.0.0.1,::1,*.local,.local,169.254.0.0/16,10.0.0.0/8,172.16.0.0/12,192.168.0.0/16', 'XDG_DATA_HOME_VSCODE_SNAP_ORIG': '', 'GTK_IM_MODULE_FILE': '/home/husky/snap/code/common/.cache/immodules/immodules.cache', 'GIO_LAUNCHED_DESKTOP_FILE': '/var/lib/snapd/desktop/applications/code_code.desktop', 'ROS_PYTHON_VERSION': '3', 'GNOME_SHELL_SESSION_MODE': 'ubuntu', 'GTK_MODULES': 'gail:atk-bridge', 'GSETTINGS_SCHEMA_DIR_VSCODE_SNAP_ORIG': '', 'VSCODE_GIT_ASKPASS_MAIN': '/snap/code/253/usr/share/code/resources/app/extensions/git/dist/askpass-main.js', 'VSCODE_GIT_ASKPASS_NODE': '/snap/code/253/usr/share/code/code', 'MANAGERPID': '1979', 'PYDEVD_DISABLE_FILE_VALIDATION': '1', 'SYSTEMD_EXEC_PID': '2425', 'BUNDLED_DEBUGPY_PATH': '/home/husky/.vscode/extensions/ms-python.debugpy-2026.6.0-linux-x64/bundled/libs/debugpy', 'VSCODE_PYTHON_AUTOACTIVATE_GUARD': '1', 'GSM_SKIP_SSH_AGENT_WORKAROUND': 'true', 'DBUS_SESSION_BUS_ADDRESS': 'unix:path=/run/user/1000/bus', 'COLORTERM': 'truecolor', 'GIO_LAUNCHED_DESKTOP_FILE_PID': '7481', 'DEBUGINFOD_URLS': 'https://debuginfod.ubuntu.com', 'TMPDIR': '/home/husky/.vscode/tmp/tmp_vscode_1', 'https_proxy': 'http://localhost:3128', 'CLAUDE_CODE_HOST_HTTP_PROXY_PORT': '42853', 'ROS_DISTRO': 'jazzy', 'LOGNAME': 'husky', 'ALL_PROXY': 'socks5h://localhost:1080', 'http_proxy': 'http://localhost:3128', 'JOURNAL_STREAM': '10:14922', '_': '/usr/bin/colcon', 'ROS_VERSION': '2', 'XDG_CONFIG_DIRS_VSCODE_SNAP_ORIG': '/etc/xdg/xdg-ubuntu:/etc/xdg', 'MEMORY_PRESSURE_WATCH': '/sys/fs/cgroup/user.slice/user-1000.slice/user@1000.service/session.slice/org.gnome.Shell@x11.service/memory.pressure', 'XDG_SESSION_CLASS': 'user', 'XDG_DATA_DIRS_VSCODE_SNAP_ORIG': '/usr/share/ubuntu:/usr/share/gnome:/usr/local/share/:/usr/share/:/var/lib/snapd/desktop', 'USERNAME': 'husky', 'TERM': 'xterm-256color', 'GNOME_DESKTOP_SESSION_ID': 'this-is-deprecated', 'grpc_proxy': 'socks5h://localhost:1080', 'FC_FONTATIONS': '1', 'HISTCONTROL': 'ignorespace', 'WINDOWPATH': '2', 'PATH': '/home/husky/.config/Code/User/globalStorage/github.copilot-chat/debugCommand:/home/husky/.config/Code/User/globalStorage/github.copilot-chat/copilotCli:/home/husky/.local/bin:/opt/ros/jazzy/opt/gz_msgs_vendor/bin:/opt/ros/jazzy/opt/gz_tools_vendor/bin:/opt/ros/jazzy/opt/gz_ogre_next_vendor/bin:/opt/ros/jazzy/bin:/home/husky/.local/bin:/usr/local/sbin:/usr/local/bin:/usr/sbin:/usr/bin:/sbin:/bin:/usr/games:/usr/local/games:/snap/bin:/snap/bin:/home/husky/.fishros/bin/:/home/husky/.vscode/extensions/ms-python.debugpy-2026.6.0-linux-x64/bundled/scripts/noConfigScripts:/home/husky/.fishros/bin/:/snap/code/253/usr/share/code/resources/app/node_modules.asar.unpacked/@vscode/ripgrep-universal/bin/linux-x64', 'SESSION_MANAGER': 'local/R9P:@/tmp/.ICE-unix/2393,unix/R9P:/tmp/.ICE-unix/2393', 'GTK_EXE_PREFIX': '/snap/code/253/usr', 'INVOCATION_ID': '232c109e81c442b8a729604705fddc62', 'XDG_MENU_PREFIX': 'gnome-', 'ftp_proxy': 'socks5h://localhost:1080', 'XDG_RUNTIME_DIR': '/run/user/1000', 'GDK_BACKEND': 'x11', 'DISPLAY': ':0', 'LOCPATH': '/snap/code/253/usr/lib/locale', 'VSCODE_DEBUGPY_ADAPTER_ENDPOINTS': '/home/husky/.vscode/extensions/ms-python.debugpy-2026.6.0-linux-x64/.noConfigDebugAdapterEndpoints/endpoint-c7b6d7ac374ef3b7.txt', 'LANG': 'zh_CN.UTF-8', 'XDG_CURRENT_DESKTOP': 'ubuntu:GNOME', 'PYTHONSTARTUP': '/home/husky/.config/Code/User/workspaceStorage/2598fa35ecc8ded29a0518703103ae87/ms-python.python/pythonrc.py', 'GIO_MODULE_DIR_VSCODE_SNAP_ORIG': '', 'XDG_DATA_HOME': '/home/husky/snap/code/253/.local/share', 'XMODIFIERS': '@im=ibus', 'XDG_SESSION_DESKTOP': 'ubuntu', 'XAUTHORITY': '/run/user/1000/gdm/Xauthority', 'LS_COLORS': 'rs=0:di=01;34:ln=01;36:mh=00:pi=40;33:so=01;35:do=01;35:bd=40;33;01:cd=40;33;01:or=40;31;01:mi=00:su=37;41:sg=30;43:ca=00:tw=30;42:ow=34;42:st=37;44:ex=01;32:*.tar=01;31:*.tgz=01;31:*.arc=01;31:*.arj=01;31:*.taz=01;31:*.lha=01;31:*.lz4=01;31:*.lzh=01;31:*.lzma=01;31:*.tlz=01;31:*.txz=01;31:*.tzo=01;31:*.t7z=01;31:*.zip=01;31:*.z=01;31:*.dz=01;31:*.gz=01;31:*.lrz=01;31:*.lz=01;31:*.lzo=01;31:*.xz=01;31:*.zst=01;31:*.tzst=01;31:*.bz2=01;31:*.bz=01;31:*.tbz=01;31:*.tbz2=01;31:*.tz=01;31:*.deb=01;31:*.rpm=01;31:*.jar=01;31:*.war=01;31:*.ear=01;31:*.sar=01;31:*.rar=01;31:*.alz=01;31:*.ace=01;31:*.zoo=01;31:*.cpio=01;31:*.7z=01;31:*.rz=01;31:*.cab=01;31:*.wim=01;31:*.swm=01;31:*.dwm=01;31:*.esd=01;31:*.avif=01;35:*.jpg=01;35:*.jpeg=01;35:*.mjpg=01;35:*.mjpeg=01;35:*.gif=01;35:*.bmp=01;35:*.pbm=01;35:*.pgm=01;35:*.ppm=01;35:*.tga=01;35:*.xbm=01;35:*.xpm=01;35:*.tif=01;35:*.tiff=01;35:*.png=01;35:*.svg=01;35:*.svgz=01;35:*.mng=01;35:*.pcx=01;35:*.mov=01;35:*.mpg=01;35:*.mpeg=01;35:*.m2v=01;35:*.mkv=01;35:*.webm=01;35:*.webp=01;35:*.ogm=01;35:*.mp4=01;35:*.m4v=01;35:*.mp4v=01;35:*.vob=01;35:*.qt=01;35:*.nuv=01;35:*.wmv=01;35:*.asf=01;35:*.rm=01;35:*.rmvb=01;35:*.flc=01;35:*.avi=01;35:*.fli=01;35:*.flv=01;35:*.gl=01;35:*.dl=01;35:*.xcf=01;35:*.xwd=01;35:*.yuv=01;35:*.cgm=01;35:*.emf=01;35:*.ogv=01;35:*.ogx=01;35:*.aac=00;36:*.au=00;36:*.flac=00;36:*.m4a=00;36:*.mid=00;36:*.midi=00;36:*.mka=00;36:*.mp3=00;36:*.mpc=00;36:*.ogg=00;36:*.ra=00;36:*.wav=00;36:*.oga=00;36:*.opus=00;36:*.spx=00;36:*.xspf=00;36:*~=00;90:*#=00;90:*.bak=00;90:*.crdownload=00;90:*.dpkg-dist=00;90:*.dpkg-new=00;90:*.dpkg-old=00;90:*.dpkg-tmp=00;90:*.old=00;90:*.orig=00;90:*.part=00;90:*.rej=00;90:*.rpmnew=00;90:*.rpmorig=00;90:*.rpmsave=00;90:*.swp=00;90:*.tmp=00;90:*.ucf-dist=00;90:*.ucf-new=00;90:*.ucf-old=00;90:', 'VSCODE_GIT_IPC_HANDLE': '/run/user/1000/vscode-git-f6e3659723.sock', 'TERM_PROGRAM': 'vscode', 'SSH_AUTH_SOCK': '/run/user/1000/keyring/ssh', 'GSETTINGS_SCHEMA_DIR': '/home/husky/snap/code/253/.local/share/glib-2.0/schemas', 'AMENT_PREFIX_PATH': '/opt/ros/jazzy', 'DEBIAN_FRONTEND': 'noninteractive', 'SHELL': '/bin/bash', 'QT_ACCESSIBILITY': '1', 'ELECTRON_RUN_AS_NODE': '1', 'GDMSESSION': 'ubuntu', 'CLOUDSDK_PROXY_TYPE': 'https', 'LESSCLOSE': '/usr/bin/lesspipe %s %s', 'GTK_PATH_VSCODE_SNAP_ORIG': '', 'FONTCONFIG_FILE': '/etc/fonts/fonts.conf', 'GTK_IM_MODULE_FILE_VSCODE_SNAP_ORIG': '', 'CLOUDSDK_PROXY_ADDRESS': 'localhost', 'GPG_AGENT_INFO': '/run/user/1000/gnupg/S.gpg-agent:0:1', 'GJS_DEBUG_OUTPUT': 'stderr', 'CLOUDSDK_PROXY_PORT': '3128', 'ROS_AUTOMATIC_DISCOVERY_RANGE': 'SUBNET', 'VSCODE_GIT_ASKPASS_EXTRA_ARGS': '', 'GIT_PAGER': 'cat', 'QT_IM_MODULE': 'ibus', 'PWD': '/home/husky/TR/build/livox_ros_driver2', 'CLAUDE_TMPDIR': '/home/husky/.vscode/tmp/tmp_vscode_1', 'GIT_MERGE_AUTOEDIT': 'no', 'XDG_CONFIG_DIRS': '/etc/xdg/xdg-ubuntu:/etc/xdg', 'COPILOT_DEBUG_NONCE': '1b11bd14131318a94116e9e7ded58081', 'FTP_PROXY': 'socks5h://localhost:1080', 'XDG_DATA_DIRS': '/home/husky/snap/code/253/.local/share:/home/husky/snap/code/253:/snap/code/253/usr/share:/usr/share/ubuntu:/usr/share/gnome:/usr/local/share/:/usr/share/:/var/lib/snapd/desktop', 'QTWEBENGINE_DICTIONARIES_PATH': '/usr/share/hunspell-bdic/', 'PYTHONPATH': '/opt/ros/jazzy/lib/python3.12/site-packages', 'HTTP_PROXY': 'http://localhost:3128', 'COLCON': '1', 'MEMORY_PRESSURE_WRITE': 'c29tZSAyMDAwMDAgMjAwMDAwMAA=', 'DOCKER_HTTP_PROXY': 'http://localhost:3128', 'CMAKE_PREFIX_PATH': '/opt/ros/jazzy/opt/gz_sim_vendor:/opt/ros/jazzy/opt/gz_sensors_vendor:/opt/ros/jazzy/opt/gz_physics_vendor:/opt/ros/jazzy/opt/sdformat_vendor:/opt/ros/jazzy/opt/gz_gui_vendor:/opt/ros/jazzy/opt/gz_transport_vendor:/opt/ros/jazzy/opt/gz_rendering_vendor:/opt/ros/jazzy/opt/gz_plugin_vendor:/opt/ros/jazzy/opt/gz_fuel_tools_vendor:/opt/ros/jazzy/opt/gz_msgs_vendor:/opt/ros/jazzy/opt/gz_common_vendor:/opt/ros/jazzy/opt/gz_math_vendor:/opt/ros/jazzy/opt/gz_utils_vendor:/opt/ros/jazzy/opt/gz_tools_vendor:/opt/ros/jazzy/opt/gz_ogre_next_vendor:/opt/ros/jazzy/opt/gz_dartsim_vendor:/opt/ros/jazzy/opt/gz_cmake_vendor:/opt/ros/jazzy', 'GRPC_PROXY': 'socks5h://localhost:1080'}), 'shell': False}
[2.872624] (livox_ros_driver2) StdoutLine: {'line': b'[  1%] \x1b[34m\x1b[1mGenerating Rust code for ROS interfaces\x1b[0m\n'}
[2.873123] (livox_ros_driver2) StdoutLine: {'line': b'[  3%] \x1b[34m\x1b[1mGenerating type hashes for ROS interfaces\x1b[0m\n'}
[2.874280] (livox_ros_driver2) StdoutLine: {'line': b'[  4%] \x1b[32mBuilding CXX object CMakeFiles/livox_ros_driver2_node.dir/rclcpp_components/node_main_livox_ros_driver2_node.cpp.o\x1b[0m\n'}
[2.878158] (livox_ros_driver2) StdoutLine: {'line': b'[  4%] Built target ament_cmake_python_copy_livox_ros_driver2\n'}
[2.904148] (-) TimerEvent: {}
[3.004339] (-) TimerEvent: {}
[3.016054] (livox_ros_driver2) StdoutLine: {'line': b'running egg_info\n'}
[3.016614] (livox_ros_driver2) StdoutLine: {'line': b'creating livox_ros_driver2.egg-info\n'}
[3.028254] (livox_ros_driver2) StdoutLine: {'line': b'writing livox_ros_driver2.egg-info/PKG-INFO\n'}
[3.028437] (livox_ros_driver2) StdoutLine: {'line': b'writing dependency_links to livox_ros_driver2.egg-info/dependency_links.txt\n'}
[3.028636] (livox_ros_driver2) StdoutLine: {'line': b'writing top-level names to livox_ros_driver2.egg-info/top_level.txt\n'}
[3.028742] (livox_ros_driver2) StdoutLine: {'line': b"writing manifest file 'livox_ros_driver2.egg-info/SOURCES.txt'\n"}
[3.061396] (livox_ros_driver2) StdoutLine: {'line': b"reading manifest file 'livox_ros_driver2.egg-info/SOURCES.txt'\n"}
[3.061785] (livox_ros_driver2) StdoutLine: {'line': b"writing manifest file 'livox_ros_driver2.egg-info/SOURCES.txt'\n"}
[3.066888] (livox_ros_driver2) StdoutLine: {'line': b'[  4%] Built target livox_interfaces2__rosidl_generator_type_description\n'}
[3.076809] (livox_ros_driver2) StdoutLine: {'line': b'[  6%] \x1b[34m\x1b[1mGenerating C code for ROS interfaces\x1b[0m\n'}
[3.078766] (livox_ros_driver2) StdoutLine: {'line': b'[  6%] Built target livox_interfaces2__rs\n'}
[3.083174] (livox_ros_driver2) StdoutLine: {'line': b'[  6%] Built target ament_cmake_python_build_livox_ros_driver2_egg\n'}
[3.085096] (livox_ros_driver2) StdoutLine: {'line': b'[  7%] \x1b[34m\x1b[1mGenerating C++ code for ROS interfaces\x1b[0m\n'}
[3.104415] (-) TimerEvent: {}
[3.204589] (-) TimerEvent: {}
[3.304820] (-) TimerEvent: {}
[3.319418] (livox_ros_driver2) StdoutLine: {'line': b'[  7%] Built target livox_interfaces2__cpp\n'}
[3.338728] (livox_ros_driver2) StdoutLine: {'line': b'[  9%] \x1b[32mBuilding C object CMakeFiles/livox_interfaces2__rosidl_generator_c.dir/rosidl_generator_c/livox_ros_driver2/msg/detail/custom_point__description.c.o\x1b[0m\n'}
[3.339472] (livox_ros_driver2) StdoutLine: {'line': b'[ 12%] \x1b[32mBuilding C object CMakeFiles/livox_interfaces2__rosidl_generator_c.dir/rosidl_generator_c/livox_ros_driver2/msg/detail/custom_msg__description.c.o\x1b[0m\n'}
[3.339597] (livox_ros_driver2) StdoutLine: {'line': b'[ 12%] \x1b[32mBuilding C object CMakeFiles/livox_interfaces2__rosidl_generator_c.dir/rosidl_generator_c/livox_ros_driver2/msg/detail/custom_msg__functions.c.o\x1b[0m\n'}
[3.339704] (livox_ros_driver2) StdoutLine: {'line': b'[ 14%] \x1b[32mBuilding C object CMakeFiles/livox_interfaces2__rosidl_generator_c.dir/rosidl_generator_c/livox_ros_driver2/msg/detail/custom_msg__type_support.c.o\x1b[0m\n'}
[3.339820] (livox_ros_driver2) StdoutLine: {'line': b'[ 17%] \x1b[32mBuilding C object CMakeFiles/livox_interfaces2__rosidl_generator_c.dir/rosidl_generator_c/livox_ros_driver2/msg/detail/custom_point__functions.c.o\x1b[0m\n'}
[3.339907] (livox_ros_driver2) StdoutLine: {'line': b'[ 17%] \x1b[32mBuilding C object CMakeFiles/livox_interfaces2__rosidl_generator_c.dir/rosidl_generator_c/livox_ros_driver2/msg/detail/custom_point__type_support.c.o\x1b[0m\n'}
[3.379133] (livox_ros_driver2) StdoutLine: {'line': b'[ 19%] \x1b[32m\x1b[1mLinking C shared library liblivox_ros_driver2__rosidl_generator_c.so\x1b[0m\n'}
[3.404915] (-) TimerEvent: {}
[3.411274] (livox_ros_driver2) StdoutLine: {'line': b'[ 19%] Built target livox_interfaces2__rosidl_generator_c\n'}
[3.420605] (livox_ros_driver2) StdoutLine: {'line': b'[ 20%] \x1b[34m\x1b[1mGenerating C type support dispatch for ROS interfaces\x1b[0m\n'}
[3.421136] (livox_ros_driver2) StdoutLine: {'line': b'[ 22%] \x1b[34m\x1b[1mGenerating C type support for eProsima Fast-RTPS\x1b[0m\n'}
[3.421643] (livox_ros_driver2) StdoutLine: {'line': b'[ 26%] \x1b[34m\x1b[1mGenerating C++ type support for eProsima Fast-RTPS\x1b[0m\n'}
[3.421751] (livox_ros_driver2) StdoutLine: {'line': b'[ 26%] \x1b[34m\x1b[1mGenerating C++ introspection for ROS interfaces\x1b[0m\n'}
[3.421839] (livox_ros_driver2) StdoutLine: {'line': b'[ 26%] \x1b[34m\x1b[1mGenerating C++ type support dispatch for ROS interfaces\x1b[0m\n'}
[3.421934] (livox_ros_driver2) StdoutLine: {'line': b'[ 28%] \x1b[34m\x1b[1mGenerating C introspection for ROS interfaces\x1b[0m\n'}
[3.505035] (-) TimerEvent: {}
[3.605299] (-) TimerEvent: {}
[3.636420] (livox_ros_driver2) StdoutLine: {'line': b'[ 33%] \x1b[32mBuilding CXX object CMakeFiles/livox_interfaces2__rosidl_typesupport_cpp.dir/rosidl_typesupport_cpp/livox_ros_driver2/msg/custom_point__type_support.cpp.o\x1b[0m\n'}
[3.636639] (livox_ros_driver2) StdoutLine: {'line': b'[ 33%] \x1b[32mBuilding CXX object CMakeFiles/livox_interfaces2__rosidl_typesupport_c.dir/rosidl_typesupport_c/livox_ros_driver2/msg/custom_msg__type_support.cpp.o\x1b[0m\n'}
[3.636715] (livox_ros_driver2) StdoutLine: {'line': b'[ 33%] \x1b[32mBuilding CXX object CMakeFiles/livox_interfaces2__rosidl_typesupport_cpp.dir/rosidl_typesupport_cpp/livox_ros_driver2/msg/custom_msg__type_support.cpp.o\x1b[0m\n'}
[3.636788] (livox_ros_driver2) StdoutLine: {'line': b'[ 34%] \x1b[32mBuilding CXX object CMakeFiles/livox_interfaces2__rosidl_typesupport_c.dir/rosidl_typesupport_c/livox_ros_driver2/msg/custom_point__type_support.cpp.o\x1b[0m\n'}
[3.647917] (livox_ros_driver2) StdoutLine: {'line': b'[ 38%] \x1b[32mBuilding CXX object CMakeFiles/livox_interfaces2__rosidl_typesupport_introspection_cpp.dir/rosidl_typesupport_introspection_cpp/livox_ros_driver2/msg/detail/custom_point__type_support.cpp.o\x1b[0m\n'}
[3.648163] (livox_ros_driver2) StdoutLine: {'line': b'[ 38%] \x1b[32mBuilding CXX object CMakeFiles/livox_interfaces2__rosidl_typesupport_introspection_cpp.dir/rosidl_typesupport_introspection_cpp/livox_ros_driver2/msg/detail/custom_msg__type_support.cpp.o\x1b[0m\n'}
[3.650357] (livox_ros_driver2) StdoutLine: {'line': b'[ 39%] \x1b[32mBuilding C object CMakeFiles/livox_interfaces2__rosidl_typesupport_introspection_c.dir/rosidl_typesupport_introspection_c/livox_ros_driver2/msg/detail/custom_point__type_support.c.o\x1b[0m\n'}
[3.650636] (livox_ros_driver2) StdoutLine: {'line': b'[ 41%] \x1b[32mBuilding C object CMakeFiles/livox_interfaces2__rosidl_typesupport_introspection_c.dir/rosidl_typesupport_introspection_c/livox_ros_driver2/msg/detail/custom_msg__type_support.c.o\x1b[0m\n'}
[3.667334] (livox_ros_driver2) StdoutLine: {'line': b'[ 46%] \x1b[32mBuilding CXX object CMakeFiles/livox_interfaces2__rosidl_typesupport_fastrtps_cpp.dir/rosidl_typesupport_fastrtps_cpp/livox_ros_driver2/msg/detail/dds_fastrtps/custom_point__type_support.cpp.o\x1b[0m\n'}
[3.667580] (livox_ros_driver2) StdoutLine: {'line': b'[ 46%] \x1b[32mBuilding CXX object CMakeFiles/livox_interfaces2__rosidl_typesupport_fastrtps_c.dir/rosidl_typesupport_fastrtps_c/livox_ros_driver2/msg/detail/custom_point__type_support_c.cpp.o\x1b[0m\n'}
[3.667671] (livox_ros_driver2) StdoutLine: {'line': b'[ 46%] \x1b[32mBuilding CXX object CMakeFiles/livox_interfaces2__rosidl_typesupport_fastrtps_cpp.dir/rosidl_typesupport_fastrtps_cpp/livox_ros_driver2/msg/detail/dds_fastrtps/custom_msg__type_support.cpp.o\x1b[0m\n'}
[3.670404] (livox_ros_driver2) StdoutLine: {'line': b'[ 47%] \x1b[32mBuilding CXX object CMakeFiles/livox_interfaces2__rosidl_typesupport_fastrtps_c.dir/rosidl_typesupport_fastrtps_c/livox_ros_driver2/msg/detail/custom_msg__type_support_c.cpp.o\x1b[0m\n'}
[3.678966] (livox_ros_driver2) StdoutLine: {'line': b'[ 49%] \x1b[32m\x1b[1mLinking CXX shared library liblivox_ros_driver2__rosidl_typesupport_c.so\x1b[0m\n'}
[3.684501] (livox_ros_driver2) StdoutLine: {'line': b'[ 50%] \x1b[32m\x1b[1mLinking C shared library liblivox_ros_driver2__rosidl_typesupport_introspection_c.so\x1b[0m\n'}
[3.705417] (-) TimerEvent: {}
[3.711737] (livox_ros_driver2) StdoutLine: {'line': b'[ 50%] Built target livox_interfaces2__rosidl_typesupport_c\n'}
[3.711920] (livox_ros_driver2) StdoutLine: {'line': b'[ 50%] Built target livox_interfaces2__rosidl_typesupport_introspection_c\n'}
[3.805532] (-) TimerEvent: {}
[3.854264] (livox_ros_driver2) StdoutLine: {'line': b'[ 52%] \x1b[32m\x1b[1mLinking CXX shared library liblivox_ros_driver2__rosidl_typesupport_cpp.so\x1b[0m\n'}
[3.890671] (livox_ros_driver2) StdoutLine: {'line': b'[ 52%] Built target livox_interfaces2__rosidl_typesupport_cpp\n'}
[3.893174] (livox_ros_driver2) StdoutLine: {'line': b'[ 53%] \x1b[32m\x1b[1mLinking CXX shared library liblivox_ros_driver2__rosidl_typesupport_introspection_cpp.so\x1b[0m\n'}
[3.905658] (-) TimerEvent: {}
[3.912606] (livox_ros_driver2) StdoutLine: {'line': b'[ 60%] \x1b[32mBuilding CXX object CMakeFiles/livox_ros_driver2.dir/src/comm/cache_index.cpp.o\x1b[0m\n'}
[3.912880] (livox_ros_driver2) StdoutLine: {'line': b'[ 60%] \x1b[32mBuilding CXX object CMakeFiles/livox_ros_driver2.dir/src/comm/lidar_imu_data_queue.cpp.o\x1b[0m\n'}
[3.913133] (livox_ros_driver2) StdoutLine: {'line': b'[ 60%] \x1b[32mBuilding CXX object CMakeFiles/livox_ros_driver2.dir/src/lddc.cpp.o\x1b[0m\n'}
[3.913252] (livox_ros_driver2) StdoutLine: {'line': b'[ 60%] \x1b[32mBuilding CXX object CMakeFiles/livox_ros_driver2.dir/src/driver_node.cpp.o\x1b[0m\n'}
[3.913373] (livox_ros_driver2) StdoutLine: {'line': b'[ 65%] \x1b[32mBuilding CXX object CMakeFiles/livox_ros_driver2.dir/src/lds.cpp.o\x1b[0m\n'}
[3.913503] (livox_ros_driver2) StdoutLine: {'line': b'[ 65%] \x1b[32mBuilding CXX object CMakeFiles/livox_ros_driver2.dir/src/livox_ros_driver2.cpp.o\x1b[0m\n'}
[3.913629] (livox_ros_driver2) StdoutLine: {'line': b'[ 65%] \x1b[32mBuilding CXX object CMakeFiles/livox_ros_driver2.dir/src/lds_lidar.cpp.o\x1b[0m\n'}
[3.913759] (livox_ros_driver2) StdoutLine: {'line': b'[ 68%] \x1b[32mBuilding CXX object CMakeFiles/livox_ros_driver2.dir/src/parse_cfg_file/parse_cfg_file.cpp.o\x1b[0m\n'}
[3.913851] (livox_ros_driver2) StdoutLine: {'line': b'[ 68%] \x1b[32mBuilding CXX object CMakeFiles/livox_ros_driver2.dir/src/comm/comm.cpp.o\x1b[0m\n'}
[3.913936] (livox_ros_driver2) StdoutLine: {'line': b'[ 69%] \x1b[32mBuilding CXX object CMakeFiles/livox_ros_driver2.dir/src/comm/pub_handler.cpp.o\x1b[0m\n'}
[3.914042] (livox_ros_driver2) StdoutLine: {'line': b'[ 71%] \x1b[32mBuilding CXX object CMakeFiles/livox_ros_driver2.dir/src/comm/ldq.cpp.o\x1b[0m\n'}
[3.914156] (livox_ros_driver2) StdoutLine: {'line': b'[ 73%] \x1b[32mBuilding CXX object CMakeFiles/livox_ros_driver2.dir/src/comm/semaphore.cpp.o\x1b[0m\n'}
[3.915671] (livox_ros_driver2) StdoutLine: {'line': b'[ 76%] \x1b[32mBuilding CXX object CMakeFiles/livox_ros_driver2.dir/src/call_back/lidar_common_callback.cpp.o\x1b[0m\n'}
[3.915828] (livox_ros_driver2) StdoutLine: {'line': b'[ 76%] \x1b[32mBuilding CXX object CMakeFiles/livox_ros_driver2.dir/src/call_back/livox_lidar_callback.cpp.o\x1b[0m\n'}
[3.916661] (livox_ros_driver2) StdoutLine: {'line': b'[ 77%] \x1b[32mBuilding CXX object CMakeFiles/livox_ros_driver2.dir/src/parse_cfg_file/parse_livox_lidar_cfg.cpp.o\x1b[0m\n'}
[3.957324] (livox_ros_driver2) StdoutLine: {'line': b'[ 77%] Built target livox_interfaces2__rosidl_typesupport_introspection_cpp\n'}
[3.999915] (livox_ros_driver2) StdoutLine: {'line': b'[ 79%] \x1b[32m\x1b[1mLinking CXX shared library liblivox_ros_driver2__rosidl_typesupport_fastrtps_c.so\x1b[0m\n'}
[4.005757] (-) TimerEvent: {}
[4.040266] (livox_ros_driver2) StdoutLine: {'line': b'[ 80%] \x1b[32m\x1b[1mLinking CXX shared library liblivox_ros_driver2__rosidl_typesupport_fastrtps_cpp.so\x1b[0m\n'}
[4.050428] (livox_ros_driver2) StdoutLine: {'line': b'[ 80%] Built target livox_interfaces2__rosidl_typesupport_fastrtps_c\n'}
[4.101068] (livox_ros_driver2) StdoutLine: {'line': b'[ 80%] Built target livox_interfaces2__rosidl_typesupport_fastrtps_cpp\n'}
[4.105876] (-) TimerEvent: {}
[4.121845] (livox_ros_driver2) StdoutLine: {'line': b'[ 80%] Built target livox_interfaces2\n'}
[4.141577] (livox_ros_driver2) StdoutLine: {'line': b'[ 82%] \x1b[34m\x1b[1mGenerating Python code for ROS interfaces\x1b[0m\n'}
[4.205997] (-) TimerEvent: {}
[4.306262] (-) TimerEvent: {}
[4.406557] (-) TimerEvent: {}
[4.506861] (-) TimerEvent: {}
[4.584925] (livox_ros_driver2) StdoutLine: {'line': b'[ 82%] Built target livox_interfaces2__py\n'}
[4.602816] (livox_ros_driver2) StdoutLine: {'line': b'[ 85%] \x1b[32mBuilding C object CMakeFiles/livox_interfaces2__rosidl_generator_py.dir/rosidl_generator_py/livox_ros_driver2/msg/_custom_point_s.c.o\x1b[0m\n'}
[4.603046] (livox_ros_driver2) StdoutLine: {'line': b'[ 85%] \x1b[32mBuilding C object CMakeFiles/livox_interfaces2__rosidl_generator_py.dir/rosidl_generator_py/livox_ros_driver2/msg/_custom_msg_s.c.o\x1b[0m\n'}
[4.606951] (-) TimerEvent: {}
[4.701733] (livox_ros_driver2) StdoutLine: {'line': b'[ 87%] \x1b[32m\x1b[1mLinking C shared library liblivox_interfaces2__rosidl_generator_py.so\x1b[0m\n'}
[4.707060] (-) TimerEvent: {}
[4.733846] (livox_ros_driver2) StdoutLine: {'line': b'[ 87%] Built target livox_interfaces2__rosidl_generator_py\n'}
[4.749834] (livox_ros_driver2) StdoutLine: {'line': b'[ 90%] \x1b[32mBuilding C object CMakeFiles/livox_ros_driver2_s__rosidl_typesupport_c.dir/rosidl_generator_py/livox_ros_driver2/_livox_ros_driver2_s.ep.rosidl_typesupport_c.c.o\x1b[0m\n'}
[4.750057] (livox_ros_driver2) StdoutLine: {'line': b'[ 90%] \x1b[32mBuilding C object CMakeFiles/livox_ros_driver2_s__rosidl_typesupport_fastrtps_c.dir/rosidl_generator_py/livox_ros_driver2/_livox_ros_driver2_s.ep.rosidl_typesupport_fastrtps_c.c.o\x1b[0m\n'}
[4.751993] (livox_ros_driver2) StdoutLine: {'line': b'[ 92%] \x1b[32mBuilding C object CMakeFiles/livox_ros_driver2_s__rosidl_typesupport_introspection_c.dir/rosidl_generator_py/livox_ros_driver2/_livox_ros_driver2_s.ep.rosidl_typesupport_introspection_c.c.o\x1b[0m\n'}
[4.807174] (-) TimerEvent: {}
[4.822560] (livox_ros_driver2) StdoutLine: {'line': b'[ 93%] \x1b[32m\x1b[1mLinking C shared module rosidl_generator_py/livox_ros_driver2/livox_ros_driver2_s__rosidl_typesupport_fastrtps_c.so\x1b[0m\n'}
[4.822785] (livox_ros_driver2) StdoutLine: {'line': b'[ 95%] \x1b[32m\x1b[1mLinking C shared module rosidl_generator_py/livox_ros_driver2/livox_ros_driver2_s__rosidl_typesupport_c.so\x1b[0m\n'}
[4.823203] (livox_ros_driver2) StdoutLine: {'line': b'[ 96%] \x1b[32m\x1b[1mLinking C shared module rosidl_generator_py/livox_ros_driver2/livox_ros_driver2_s__rosidl_typesupport_introspection_c.so\x1b[0m\n'}
[4.848034] (livox_ros_driver2) StdoutLine: {'line': b'[ 96%] Built target livox_ros_driver2_s__rosidl_typesupport_fastrtps_c\n'}
[4.848252] (livox_ros_driver2) StdoutLine: {'line': b'[ 96%] Built target livox_ros_driver2_s__rosidl_typesupport_introspection_c\n'}
[4.848371] (livox_ros_driver2) StdoutLine: {'line': b'[ 96%] Built target livox_ros_driver2_s__rosidl_typesupport_c\n'}
[4.907292] (-) TimerEvent: {}
[5.007577] (-) TimerEvent: {}
[5.107817] (-) TimerEvent: {}
[5.208079] (-) TimerEvent: {}
[5.308430] (-) TimerEvent: {}
[5.408739] (-) TimerEvent: {}
[5.461391] (livox_ros_driver2) StdoutLine: {'line': b'[ 98%] \x1b[32m\x1b[1mLinking CXX executable livox_ros_driver2_node\x1b[0m\n'}
[5.508850] (-) TimerEvent: {}
[5.553238] (livox_ros_driver2) StdoutLine: {'line': b'[ 98%] Built target livox_ros_driver2_node\n'}
[5.608964] (-) TimerEvent: {}
[5.709218] (-) TimerEvent: {}
[5.809515] (-) TimerEvent: {}
[5.909775] (-) TimerEvent: {}
[6.010069] (-) TimerEvent: {}
[6.110330] (-) TimerEvent: {}
[6.210603] (-) TimerEvent: {}
[6.310867] (-) TimerEvent: {}
[6.411123] (-) TimerEvent: {}
[6.511388] (-) TimerEvent: {}
[6.611632] (-) TimerEvent: {}
[6.711905] (-) TimerEvent: {}
[6.812196] (-) TimerEvent: {}
[6.912529] (-) TimerEvent: {}
[7.012814] (-) TimerEvent: {}
[7.113059] (-) TimerEvent: {}
[7.213314] (-) TimerEvent: {}
[7.313572] (-) TimerEvent: {}
[7.413830] (-) TimerEvent: {}
[7.514109] (-) TimerEvent: {}
[7.614356] (-) TimerEvent: {}
[7.714600] (-) TimerEvent: {}
[7.814855] (-) TimerEvent: {}
[7.915102] (-) TimerEvent: {}
[8.015359] (-) TimerEvent: {}
[8.115606] (-) TimerEvent: {}
[8.215871] (-) TimerEvent: {}
[8.316136] (-) TimerEvent: {}
[8.416414] (-) TimerEvent: {}
[8.516669] (-) TimerEvent: {}
[8.616899] (-) TimerEvent: {}
[8.717133] (-) TimerEvent: {}
[8.817383] (-) TimerEvent: {}
[8.917624] (-) TimerEvent: {}
[9.017865] (-) TimerEvent: {}
[9.118050] (-) TimerEvent: {}
[9.218282] (-) TimerEvent: {}
[9.318529] (-) TimerEvent: {}
[9.418770] (-) TimerEvent: {}
[9.519019] (-) TimerEvent: {}
[9.619266] (-) TimerEvent: {}
[9.719503] (-) TimerEvent: {}
[9.819748] (-) TimerEvent: {}
[9.919994] (-) TimerEvent: {}
[10.020237] (-) TimerEvent: {}
[10.120484] (-) TimerEvent: {}
[10.220730] (-) TimerEvent: {}
[10.320964] (-) TimerEvent: {}
[10.421227] (-) TimerEvent: {}
[10.521464] (-) TimerEvent: {}
[10.621695] (-) TimerEvent: {}
[10.721944] (-) TimerEvent: {}
[10.782530] (livox_ros_driver2) StdoutLine: {'line': b'[100%] \x1b[32m\x1b[1mLinking CXX shared library liblivox_ros_driver2.so\x1b[0m\n'}
[10.822054] (-) TimerEvent: {}
[10.922298] (-) TimerEvent: {}
[11.022575] (-) TimerEvent: {}
[11.122845] (-) TimerEvent: {}
[11.223112] (-) TimerEvent: {}
[11.280204] (livox_ros_driver2) StdoutLine: {'line': b'[100%] Built target livox_ros_driver2\n'}
[11.291742] (livox_ros_driver2) CommandEnded: {'returncode': 0}
[11.292432] (livox_ros_driver2) JobProgress: {'identifier': 'livox_ros_driver2', 'progress': 'install'}
[11.300568] (livox_ros_driver2) Command: {'cmd': ['/usr/bin/cmake', '--install', '/home/husky/TR/build/livox_ros_driver2'], 'cwd': '/home/husky/TR/build/livox_ros_driver2', 'env': OrderedDict({'GJS_DEBUG_TOPICS': 'JS ERROR;JS LOG', 'PYTHON_BASIC_REPL': '1', 'LESSOPEN': '| /usr/bin/lesspipe %s', 'RSYNC_PROXY': 'localhost:1080', 'HTTPS_PROXY': 'http://localhost:3128', 'GZ_SIM_RESOURCE_PATH': '/opt/ros/jazzy/share', 'no_proxy': 'localhost,127.0.0.1,::1,*.local,.local,169.254.0.0/16,10.0.0.0/8,172.16.0.0/12,192.168.0.0/16', 'AI_AGENT': 'github_copilot_vscode_agent', 'GIT_SSH_COMMAND': "ssh -o ProxyCommand='socat - PROXY:localhost:%h:%p,proxyport=3128'", 'USER': 'husky', 'SANDBOX_RUNTIME': '1', 'FONTCONFIG_PATH': '/etc/fonts', 'GZ_CONFIG_PATH': '/opt/ros/jazzy/opt/gz_sim_vendor/share/gz:/opt/ros/jazzy/opt/sdformat_vendor/share/gz:/opt/ros/jazzy/opt/gz_gui_vendor/share/gz:/opt/ros/jazzy/opt/gz_transport_vendor/share/gz:/opt/ros/jazzy/opt/gz_rendering_vendor/share/gz:/opt/ros/jazzy/opt/gz_plugin_vendor/share/gz:/opt/ros/jazzy/opt/gz_fuel_tools_vendor/share/gz:/opt/ros/jazzy/opt/gz_msgs_vendor/share/gz:/opt/ros/jazzy/opt/gz_common_vendor/share/gz', 'CLAUDE_CODE_HOST_SOCKS_PROXY_PORT': '43825', 'GIT_EDITOR': ':', 'all_proxy': 'socks5h://localhost:1080', 'GIO_MODULE_DIR': '/home/husky/snap/code/common/.cache/gio-modules', 'XDG_SESSION_TYPE': 'x11', 'GIT_ASKPASS': '/snap/code/253/usr/share/code/resources/app/extensions/git/dist/askpass.sh', 'GTK_EXE_PREFIX_VSCODE_SNAP_ORIG': '', 'DOCKER_HTTPS_PROXY': 'http://localhost:3128', 'GDK_BACKEND_VSCODE_SNAP_ORIG': '', 'CLUTTER_DISABLE_MIPMAPPED_TEXT': '1', 'SHLVL': '2', 'LD_LIBRARY_PATH': '/usr/local/lib:/usr/local/lib:/usr/local/lib:/home/husky/ws_livox/install/livox_ros_driver2/lib:/home/husky/ws_livox/install/rtabmap_msgs/lib:/home/husky/ws_livox/install/rtabmap_costmap_plugins/lib:/usr/local/lib:/opt/ros/jazzy/opt/gz_sim_vendor/lib:/opt/ros/jazzy/opt/gz_sensors_vendor/lib:/opt/ros/jazzy/opt/gz_physics_vendor/lib:/opt/ros/jazzy/opt/sdformat_vendor/lib:/opt/ros/jazzy/opt/rviz_ogre_vendor/lib:/opt/ros/jazzy/lib/x86_64-linux-gnu:/opt/ros/jazzy/opt/gz_gui_vendor/lib:/opt/ros/jazzy/opt/gz_transport_vendor/lib:/opt/ros/jazzy/opt/gz_rendering_vendor/lib:/opt/ros/jazzy/opt/gz_plugin_vendor/lib:/opt/ros/jazzy/opt/gz_fuel_tools_vendor/lib:/opt/ros/jazzy/opt/gz_msgs_vendor/lib:/opt/ros/jazzy/opt/gz_common_vendor/lib:/opt/ros/jazzy/opt/gz_math_vendor/lib:/opt/ros/jazzy/opt/gz_utils_vendor/lib:/opt/ros/jazzy/opt/gz_tools_vendor/lib:/opt/ros/jazzy/opt/gz_ogre_next_vendor/lib:/opt/ros/jazzy/opt/gz_dartsim_vendor/lib:/opt/ros/jazzy/opt/gz_cmake_vendor/lib:/opt/ros/jazzy/lib', 'COPILOT_AGENT': '1', 'HOME': '/home/husky', 'CHROME_DESKTOP': 'code.desktop', 'LOCPATH_VSCODE_SNAP_ORIG': '', 'OLDPWD': '/home/husky/.vscode/tmp/tmp_vscode_1', 'TERM_PROGRAM_VERSION': '1.130.0', 'DESKTOP_SESSION': 'ubuntu', 'GTK_PATH': '/snap/code/253/usr/lib/x86_64-linux-gnu/gtk-3.0', 'NO_PROXY': 'localhost,127.0.0.1,::1,*.local,.local,169.254.0.0/16,10.0.0.0/8,172.16.0.0/12,192.168.0.0/16', 'XDG_DATA_HOME_VSCODE_SNAP_ORIG': '', 'GTK_IM_MODULE_FILE': '/home/husky/snap/code/common/.cache/immodules/immodules.cache', 'GIO_LAUNCHED_DESKTOP_FILE': '/var/lib/snapd/desktop/applications/code_code.desktop', 'ROS_PYTHON_VERSION': '3', 'GNOME_SHELL_SESSION_MODE': 'ubuntu', 'GTK_MODULES': 'gail:atk-bridge', 'GSETTINGS_SCHEMA_DIR_VSCODE_SNAP_ORIG': '', 'VSCODE_GIT_ASKPASS_MAIN': '/snap/code/253/usr/share/code/resources/app/extensions/git/dist/askpass-main.js', 'VSCODE_GIT_ASKPASS_NODE': '/snap/code/253/usr/share/code/code', 'MANAGERPID': '1979', 'PYDEVD_DISABLE_FILE_VALIDATION': '1', 'SYSTEMD_EXEC_PID': '2425', 'BUNDLED_DEBUGPY_PATH': '/home/husky/.vscode/extensions/ms-python.debugpy-2026.6.0-linux-x64/bundled/libs/debugpy', 'VSCODE_PYTHON_AUTOACTIVATE_GUARD': '1', 'GSM_SKIP_SSH_AGENT_WORKAROUND': 'true', 'DBUS_SESSION_BUS_ADDRESS': 'unix:path=/run/user/1000/bus', 'COLORTERM': 'truecolor', 'GIO_LAUNCHED_DESKTOP_FILE_PID': '7481', 'DEBUGINFOD_URLS': 'https://debuginfod.ubuntu.com', 'TMPDIR': '/home/husky/.vscode/tmp/tmp_vscode_1', 'https_proxy': 'http://localhost:3128', 'CLAUDE_CODE_HOST_HTTP_PROXY_PORT': '42853', 'ROS_DISTRO': 'jazzy', 'LOGNAME': 'husky', 'ALL_PROXY': 'socks5h://localhost:1080', 'http_proxy': 'http://localhost:3128', 'JOURNAL_STREAM': '10:14922', '_': '/usr/bin/colcon', 'ROS_VERSION': '2', 'XDG_CONFIG_DIRS_VSCODE_SNAP_ORIG': '/etc/xdg/xdg-ubuntu:/etc/xdg', 'MEMORY_PRESSURE_WATCH': '/sys/fs/cgroup/user.slice/user-1000.slice/user@1000.service/session.slice/org.gnome.Shell@x11.service/memory.pressure', 'XDG_SESSION_CLASS': 'user', 'XDG_DATA_DIRS_VSCODE_SNAP_ORIG': '/usr/share/ubuntu:/usr/share/gnome:/usr/local/share/:/usr/share/:/var/lib/snapd/desktop', 'USERNAME': 'husky', 'TERM': 'xterm-256color', 'GNOME_DESKTOP_SESSION_ID': 'this-is-deprecated', 'grpc_proxy': 'socks5h://localhost:1080', 'FC_FONTATIONS': '1', 'HISTCONTROL': 'ignorespace', 'WINDOWPATH': '2', 'PATH': '/home/husky/.config/Code/User/globalStorage/github.copilot-chat/debugCommand:/home/husky/.config/Code/User/globalStorage/github.copilot-chat/copilotCli:/home/husky/.local/bin:/opt/ros/jazzy/opt/gz_msgs_vendor/bin:/opt/ros/jazzy/opt/gz_tools_vendor/bin:/opt/ros/jazzy/opt/gz_ogre_next_vendor/bin:/opt/ros/jazzy/bin:/home/husky/.local/bin:/usr/local/sbin:/usr/local/bin:/usr/sbin:/usr/bin:/sbin:/bin:/usr/games:/usr/local/games:/snap/bin:/snap/bin:/home/husky/.fishros/bin/:/home/husky/.vscode/extensions/ms-python.debugpy-2026.6.0-linux-x64/bundled/scripts/noConfigScripts:/home/husky/.fishros/bin/:/snap/code/253/usr/share/code/resources/app/node_modules.asar.unpacked/@vscode/ripgrep-universal/bin/linux-x64', 'SESSION_MANAGER': 'local/R9P:@/tmp/.ICE-unix/2393,unix/R9P:/tmp/.ICE-unix/2393', 'GTK_EXE_PREFIX': '/snap/code/253/usr', 'INVOCATION_ID': '232c109e81c442b8a729604705fddc62', 'XDG_MENU_PREFIX': 'gnome-', 'ftp_proxy': 'socks5h://localhost:1080', 'XDG_RUNTIME_DIR': '/run/user/1000', 'GDK_BACKEND': 'x11', 'DISPLAY': ':0', 'LOCPATH': '/snap/code/253/usr/lib/locale', 'VSCODE_DEBUGPY_ADAPTER_ENDPOINTS': '/home/husky/.vscode/extensions/ms-python.debugpy-2026.6.0-linux-x64/.noConfigDebugAdapterEndpoints/endpoint-c7b6d7ac374ef3b7.txt', 'LANG': 'zh_CN.UTF-8', 'XDG_CURRENT_DESKTOP': 'ubuntu:GNOME', 'PYTHONSTARTUP': '/home/husky/.config/Code/User/workspaceStorage/2598fa35ecc8ded29a0518703103ae87/ms-python.python/pythonrc.py', 'GIO_MODULE_DIR_VSCODE_SNAP_ORIG': '', 'XDG_DATA_HOME': '/home/husky/snap/code/253/.local/share', 'XMODIFIERS': '@im=ibus', 'XDG_SESSION_DESKTOP': 'ubuntu', 'XAUTHORITY': '/run/user/1000/gdm/Xauthority', 'LS_COLORS': 'rs=0:di=01;34:ln=01;36:mh=00:pi=40;33:so=01;35:do=01;35:bd=40;33;01:cd=40;33;01:or=40;31;01:mi=00:su=37;41:sg=30;43:ca=00:tw=30;42:ow=34;42:st=37;44:ex=01;32:*.tar=01;31:*.tgz=01;31:*.arc=01;31:*.arj=01;31:*.taz=01;31:*.lha=01;31:*.lz4=01;31:*.lzh=01;31:*.lzma=01;31:*.tlz=01;31:*.txz=01;31:*.tzo=01;31:*.t7z=01;31:*.zip=01;31:*.z=01;31:*.dz=01;31:*.gz=01;31:*.lrz=01;31:*.lz=01;31:*.lzo=01;31:*.xz=01;31:*.zst=01;31:*.tzst=01;31:*.bz2=01;31:*.bz=01;31:*.tbz=01;31:*.tbz2=01;31:*.tz=01;31:*.deb=01;31:*.rpm=01;31:*.jar=01;31:*.war=01;31:*.ear=01;31:*.sar=01;31:*.rar=01;31:*.alz=01;31:*.ace=01;31:*.zoo=01;31:*.cpio=01;31:*.7z=01;31:*.rz=01;31:*.cab=01;31:*.wim=01;31:*.swm=01;31:*.dwm=01;31:*.esd=01;31:*.avif=01;35:*.jpg=01;35:*.jpeg=01;35:*.mjpg=01;35:*.mjpeg=01;35:*.gif=01;35:*.bmp=01;35:*.pbm=01;35:*.pgm=01;35:*.ppm=01;35:*.tga=01;35:*.xbm=01;35:*.xpm=01;35:*.tif=01;35:*.tiff=01;35:*.png=01;35:*.svg=01;35:*.svgz=01;35:*.mng=01;35:*.pcx=01;35:*.mov=01;35:*.mpg=01;35:*.mpeg=01;35:*.m2v=01;35:*.mkv=01;35:*.webm=01;35:*.webp=01;35:*.ogm=01;35:*.mp4=01;35:*.m4v=01;35:*.mp4v=01;35:*.vob=01;35:*.qt=01;35:*.nuv=01;35:*.wmv=01;35:*.asf=01;35:*.rm=01;35:*.rmvb=01;35:*.flc=01;35:*.avi=01;35:*.fli=01;35:*.flv=01;35:*.gl=01;35:*.dl=01;35:*.xcf=01;35:*.xwd=01;35:*.yuv=01;35:*.cgm=01;35:*.emf=01;35:*.ogv=01;35:*.ogx=01;35:*.aac=00;36:*.au=00;36:*.flac=00;36:*.m4a=00;36:*.mid=00;36:*.midi=00;36:*.mka=00;36:*.mp3=00;36:*.mpc=00;36:*.ogg=00;36:*.ra=00;36:*.wav=00;36:*.oga=00;36:*.opus=00;36:*.spx=00;36:*.xspf=00;36:*~=00;90:*#=00;90:*.bak=00;90:*.crdownload=00;90:*.dpkg-dist=00;90:*.dpkg-new=00;90:*.dpkg-old=00;90:*.dpkg-tmp=00;90:*.old=00;90:*.orig=00;90:*.part=00;90:*.rej=00;90:*.rpmnew=00;90:*.rpmorig=00;90:*.rpmsave=00;90:*.swp=00;90:*.tmp=00;90:*.ucf-dist=00;90:*.ucf-new=00;90:*.ucf-old=00;90:', 'VSCODE_GIT_IPC_HANDLE': '/run/user/1000/vscode-git-f6e3659723.sock', 'TERM_PROGRAM': 'vscode', 'SSH_AUTH_SOCK': '/run/user/1000/keyring/ssh', 'GSETTINGS_SCHEMA_DIR': '/home/husky/snap/code/253/.local/share/glib-2.0/schemas', 'AMENT_PREFIX_PATH': '/opt/ros/jazzy', 'DEBIAN_FRONTEND': 'noninteractive', 'SHELL': '/bin/bash', 'QT_ACCESSIBILITY': '1', 'ELECTRON_RUN_AS_NODE': '1', 'GDMSESSION': 'ubuntu', 'CLOUDSDK_PROXY_TYPE': 'https', 'LESSCLOSE': '/usr/bin/lesspipe %s %s', 'GTK_PATH_VSCODE_SNAP_ORIG': '', 'FONTCONFIG_FILE': '/etc/fonts/fonts.conf', 'GTK_IM_MODULE_FILE_VSCODE_SNAP_ORIG': '', 'CLOUDSDK_PROXY_ADDRESS': 'localhost', 'GPG_AGENT_INFO': '/run/user/1000/gnupg/S.gpg-agent:0:1', 'GJS_DEBUG_OUTPUT': 'stderr', 'CLOUDSDK_PROXY_PORT': '3128', 'ROS_AUTOMATIC_DISCOVERY_RANGE': 'SUBNET', 'VSCODE_GIT_ASKPASS_EXTRA_ARGS': '', 'GIT_PAGER': 'cat', 'QT_IM_MODULE': 'ibus', 'PWD': '/home/husky/TR/build/livox_ros_driver2', 'CLAUDE_TMPDIR': '/home/husky/.vscode/tmp/tmp_vscode_1', 'GIT_MERGE_AUTOEDIT': 'no', 'XDG_CONFIG_DIRS': '/etc/xdg/xdg-ubuntu:/etc/xdg', 'COPILOT_DEBUG_NONCE': '1b11bd14131318a94116e9e7ded58081', 'FTP_PROXY': 'socks5h://localhost:1080', 'XDG_DATA_DIRS': '/home/husky/snap/code/253/.local/share:/home/husky/snap/code/253:/snap/code/253/usr/share:/usr/share/ubuntu:/usr/share/gnome:/usr/local/share/:/usr/share/:/var/lib/snapd/desktop', 'QTWEBENGINE_DICTIONARIES_PATH': '/usr/share/hunspell-bdic/', 'PYTHONPATH': '/opt/ros/jazzy/lib/python3.12/site-packages', 'HTTP_PROXY': 'http://localhost:3128', 'COLCON': '1', 'MEMORY_PRESSURE_WRITE': 'c29tZSAyMDAwMDAgMjAwMDAwMAA=', 'DOCKER_HTTP_PROXY': 'http://localhost:3128', 'CMAKE_PREFIX_PATH': '/opt/ros/jazzy/opt/gz_sim_vendor:/opt/ros/jazzy/opt/gz_sensors_vendor:/opt/ros/jazzy/opt/gz_physics_vendor:/opt/ros/jazzy/opt/sdformat_vendor:/opt/ros/jazzy/opt/gz_gui_vendor:/opt/ros/jazzy/opt/gz_transport_vendor:/opt/ros/jazzy/opt/gz_rendering_vendor:/opt/ros/jazzy/opt/gz_plugin_vendor:/opt/ros/jazzy/opt/gz_fuel_tools_vendor:/opt/ros/jazzy/opt/gz_msgs_vendor:/opt/ros/jazzy/opt/gz_common_vendor:/opt/ros/jazzy/opt/gz_math_vendor:/opt/ros/jazzy/opt/gz_utils_vendor:/opt/ros/jazzy/opt/gz_tools_vendor:/opt/ros/jazzy/opt/gz_ogre_next_vendor:/opt/ros/jazzy/opt/gz_dartsim_vendor:/opt/ros/jazzy/opt/gz_cmake_vendor:/opt/ros/jazzy', 'GRPC_PROXY': 'socks5h://localhost:1080'}), 'shell': False}
[11.307520] (livox_ros_driver2) StdoutLine: {'line': b'-- Install configuration: ""\n'}
[11.307660] (livox_ros_driver2) StdoutLine: {'line': b'-- Installing: /home/husky/TR/install/livox_ros_driver2/share/ament_index/resource_index/rosidl_interfaces/livox_ros_driver2\n'}
[11.307886] (livox_ros_driver2) StdoutLine: {'line': b'-- Installing: /home/husky/TR/install/livox_ros_driver2/share/livox_ros_driver2/msg/CustomPoint.json\n'}
[11.308058] (livox_ros_driver2) StdoutLine: {'line': b'-- Installing: /home/husky/TR/install/livox_ros_driver2/share/livox_ros_driver2/msg/CustomMsg.json\n'}
[11.308181] (livox_ros_driver2) StdoutLine: {'line': b'-- Installing: /home/husky/TR/install/livox_ros_driver2/include/livox_ros_driver2/livox_ros_driver2\n'}
[11.308281] (livox_ros_driver2) StdoutLine: {'line': b'-- Installing: /home/husky/TR/install/livox_ros_driver2/include/livox_ros_driver2/livox_ros_driver2/msg\n'}
[11.308387] (livox_ros_driver2) StdoutLine: {'line': b'-- Installing: /home/husky/TR/install/livox_ros_driver2/include/livox_ros_driver2/livox_ros_driver2/msg/rosidl_generator_c__visibility_control.h\n'}
[11.308502] (livox_ros_driver2) StdoutLine: {'line': b'-- Installing: /home/husky/TR/install/livox_ros_driver2/include/livox_ros_driver2/livox_ros_driver2/msg/custom_msg.h\n'}
[11.308612] (livox_ros_driver2) StdoutLine: {'line': b'-- Installing: /home/husky/TR/install/livox_ros_driver2/include/livox_ros_driver2/livox_ros_driver2/msg/custom_point.h\n'}
[11.308701] (livox_ros_driver2) StdoutLine: {'line': b'-- Installing: /home/husky/TR/install/livox_ros_driver2/include/livox_ros_driver2/livox_ros_driver2/msg/detail\n'}
[11.308802] (livox_ros_driver2) StdoutLine: {'line': b'-- Installing: /home/husky/TR/install/livox_ros_driver2/include/livox_ros_driver2/livox_ros_driver2/msg/detail/custom_msg__type_support.h\n'}
[11.308891] (livox_ros_driver2) StdoutLine: {'line': b'-- Installing: /home/husky/TR/install/livox_ros_driver2/include/livox_ros_driver2/livox_ros_driver2/msg/detail/custom_msg__struct.h\n'}
[11.308984] (livox_ros_driver2) StdoutLine: {'line': b'-- Installing: /home/husky/TR/install/livox_ros_driver2/include/livox_ros_driver2/livox_ros_driver2/msg/detail/custom_point__functions.h\n'}
[11.309113] (livox_ros_driver2) StdoutLine: {'line': b'-- Installing: /home/husky/TR/install/livox_ros_driver2/include/livox_ros_driver2/livox_ros_driver2/msg/detail/custom_msg__description.c\n'}
[11.309254] (livox_ros_driver2) StdoutLine: {'line': b'-- Installing: /home/husky/TR/install/livox_ros_driver2/include/livox_ros_driver2/livox_ros_driver2/msg/detail/custom_msg__functions.c\n'}
[11.309407] (livox_ros_driver2) StdoutLine: {'line': b'-- Installing: /home/husky/TR/install/livox_ros_driver2/include/livox_ros_driver2/livox_ros_driver2/msg/detail/custom_point__type_support.c\n'}
[11.309474] (livox_ros_driver2) StdoutLine: {'line': b'-- Installing: /home/husky/TR/install/livox_ros_driver2/include/livox_ros_driver2/livox_ros_driver2/msg/detail/custom_msg__functions.h\n'}
[11.309575] (livox_ros_driver2) StdoutLine: {'line': b'-- Installing: /home/husky/TR/install/livox_ros_driver2/include/livox_ros_driver2/livox_ros_driver2/msg/detail/custom_point__description.c\n'}
[11.309702] (livox_ros_driver2) StdoutLine: {'line': b'-- Installing: /home/husky/TR/install/livox_ros_driver2/include/livox_ros_driver2/livox_ros_driver2/msg/detail/custom_msg__type_support.c\n'}
[11.309768] (livox_ros_driver2) StdoutLine: {'line': b'-- Installing: /home/husky/TR/install/livox_ros_driver2/include/livox_ros_driver2/livox_ros_driver2/msg/detail/custom_point__struct.h\n'}
[11.309885] (livox_ros_driver2) StdoutLine: {'line': b'-- Installing: /home/husky/TR/install/livox_ros_driver2/include/livox_ros_driver2/livox_ros_driver2/msg/detail/custom_point__functions.c\n'}
[11.310003] (livox_ros_driver2) StdoutLine: {'line': b'-- Installing: /home/husky/TR/install/livox_ros_driver2/include/livox_ros_driver2/livox_ros_driver2/msg/detail/custom_point__type_support.h\n'}
[11.310090] (livox_ros_driver2) StdoutLine: {'line': b'-- Installing: /home/husky/TR/install/livox_ros_driver2/share/livox_ros_driver2/environment/library_path.sh\n'}
[11.310196] (livox_ros_driver2) StdoutLine: {'line': b'-- Installing: /home/husky/TR/install/livox_ros_driver2/share/livox_ros_driver2/environment/library_path.dsv\n'}
[11.310353] (livox_ros_driver2) StdoutLine: {'line': b'-- Installing: /home/husky/TR/install/livox_ros_driver2/lib/liblivox_ros_driver2__rosidl_generator_c.so\n'}
[11.310813] (livox_ros_driver2) StdoutLine: {'line': b'-- Set non-toolchain portion of runtime path of "/home/husky/TR/install/livox_ros_driver2/lib/liblivox_ros_driver2__rosidl_generator_c.so" to ""\n'}
[11.310901] (livox_ros_driver2) StdoutLine: {'line': b'-- Up-to-date: /home/husky/TR/install/livox_ros_driver2/include/livox_ros_driver2/livox_ros_driver2\n'}
[11.310996] (livox_ros_driver2) StdoutLine: {'line': b'-- Up-to-date: /home/husky/TR/install/livox_ros_driver2/include/livox_ros_driver2/livox_ros_driver2/msg\n'}
[11.311134] (livox_ros_driver2) StdoutLine: {'line': b'-- Installing: /home/husky/TR/install/livox_ros_driver2/include/livox_ros_driver2/livox_ros_driver2/msg/rosidl_typesupport_fastrtps_c__visibility_control.h\n'}
[11.311220] (livox_ros_driver2) StdoutLine: {'line': b'-- Up-to-date: /home/husky/TR/install/livox_ros_driver2/include/livox_ros_driver2/livox_ros_driver2/msg/detail\n'}
[11.311290] (livox_ros_driver2) StdoutLine: {'line': b'-- Installing: /home/husky/TR/install/livox_ros_driver2/include/livox_ros_driver2/livox_ros_driver2/msg/detail/custom_msg__rosidl_typesupport_fastrtps_c.h\n'}
[11.311383] (livox_ros_driver2) StdoutLine: {'line': b'-- Installing: /home/husky/TR/install/livox_ros_driver2/include/livox_ros_driver2/livox_ros_driver2/msg/detail/custom_point__rosidl_typesupport_fastrtps_c.h\n'}
[11.311506] (livox_ros_driver2) StdoutLine: {'line': b'-- Installing: /home/husky/TR/install/livox_ros_driver2/lib/liblivox_ros_driver2__rosidl_typesupport_fastrtps_c.so\n'}
[11.311704] (livox_ros_driver2) StdoutLine: {'line': b'-- Set non-toolchain portion of runtime path of "/home/husky/TR/install/livox_ros_driver2/lib/liblivox_ros_driver2__rosidl_typesupport_fastrtps_c.so" to ""\n'}
[11.311806] (livox_ros_driver2) StdoutLine: {'line': b'-- Up-to-date: /home/husky/TR/install/livox_ros_driver2/include/livox_ros_driver2/livox_ros_driver2\n'}
[11.311886] (livox_ros_driver2) StdoutLine: {'line': b'-- Up-to-date: /home/husky/TR/install/livox_ros_driver2/include/livox_ros_driver2/livox_ros_driver2/msg\n'}
[11.311994] (livox_ros_driver2) StdoutLine: {'line': b'-- Installing: /home/husky/TR/install/livox_ros_driver2/include/livox_ros_driver2/livox_ros_driver2/msg/rosidl_typesupport_introspection_c__visibility_control.h\n'}
[11.312056] (livox_ros_driver2) StdoutLine: {'line': b'-- Up-to-date: /home/husky/TR/install/livox_ros_driver2/include/livox_ros_driver2/livox_ros_driver2/msg/detail\n'}
[11.312165] (livox_ros_driver2) StdoutLine: {'line': b'-- Installing: /home/husky/TR/install/livox_ros_driver2/include/livox_ros_driver2/livox_ros_driver2/msg/detail/custom_msg__rosidl_typesupport_introspection_c.h\n'}
[11.312227] (livox_ros_driver2) StdoutLine: {'line': b'-- Up-to-date: /home/husky/TR/install/livox_ros_driver2/include/livox_ros_driver2/livox_ros_driver2/msg/detail/custom_point__type_support.c\n'}
[11.312321] (livox_ros_driver2) StdoutLine: {'line': b'-- Up-to-date: /home/husky/TR/install/livox_ros_driver2/include/livox_ros_driver2/livox_ros_driver2/msg/detail/custom_msg__type_support.c\n'}
[11.312398] (livox_ros_driver2) StdoutLine: {'line': b'-- Installing: /home/husky/TR/install/livox_ros_driver2/include/livox_ros_driver2/livox_ros_driver2/msg/detail/custom_point__rosidl_typesupport_introspection_c.h\n'}
[11.312496] (livox_ros_driver2) StdoutLine: {'line': b'-- Installing: /home/husky/TR/install/livox_ros_driver2/lib/liblivox_ros_driver2__rosidl_typesupport_introspection_c.so\n'}
[11.312625] (livox_ros_driver2) StdoutLine: {'line': b'-- Set non-toolchain portion of runtime path of "/home/husky/TR/install/livox_ros_driver2/lib/liblivox_ros_driver2__rosidl_typesupport_introspection_c.so" to ""\n'}
[11.312752] (livox_ros_driver2) StdoutLine: {'line': b'-- Installing: /home/husky/TR/install/livox_ros_driver2/lib/liblivox_ros_driver2__rosidl_typesupport_c.so\n'}
[11.313028] (livox_ros_driver2) StdoutLine: {'line': b'-- Set non-toolchain portion of runtime path of "/home/husky/TR/install/livox_ros_driver2/lib/liblivox_ros_driver2__rosidl_typesupport_c.so" to ""\n'}
[11.313133] (livox_ros_driver2) StdoutLine: {'line': b'-- Up-to-date: /home/husky/TR/install/livox_ros_driver2/include/livox_ros_driver2/livox_ros_driver2\n'}
[11.313237] (livox_ros_driver2) StdoutLine: {'line': b'-- Up-to-date: /home/husky/TR/install/livox_ros_driver2/include/livox_ros_driver2/livox_ros_driver2/msg\n'}
[11.313326] (livox_ros_driver2) StdoutLine: {'line': b'-- Installing: /home/husky/TR/install/livox_ros_driver2/include/livox_ros_driver2/livox_ros_driver2/msg/rosidl_generator_cpp__visibility_control.hpp\n'}
[11.313423] (livox_ros_driver2) StdoutLine: {'line': b'-- Installing: /home/husky/TR/install/livox_ros_driver2/include/livox_ros_driver2/livox_ros_driver2/msg/custom_point.hpp\n'}
[11.313521] (livox_ros_driver2) StdoutLine: {'line': b'-- Installing: /home/husky/TR/install/livox_ros_driver2/include/livox_ros_driver2/livox_ros_driver2/msg/custom_msg.hpp\n'}
[11.313582] (livox_ros_driver2) StdoutLine: {'line': b'-- Up-to-date: /home/husky/TR/install/livox_ros_driver2/include/livox_ros_driver2/livox_ros_driver2/msg/detail\n'}
[11.313669] (livox_ros_driver2) StdoutLine: {'line': b'-- Installing: /home/husky/TR/install/livox_ros_driver2/include/livox_ros_driver2/livox_ros_driver2/msg/detail/custom_msg__struct.hpp\n'}
[11.313759] (livox_ros_driver2) StdoutLine: {'line': b'-- Installing: /home/husky/TR/install/livox_ros_driver2/include/livox_ros_driver2/livox_ros_driver2/msg/detail/custom_point__builder.hpp\n'}
[11.313821] (livox_ros_driver2) StdoutLine: {'line': b'-- Installing: /home/husky/TR/install/livox_ros_driver2/include/livox_ros_driver2/livox_ros_driver2/msg/detail/custom_point__traits.hpp\n'}
[11.313916] (livox_ros_driver2) StdoutLine: {'line': b'-- Installing: /home/husky/TR/install/livox_ros_driver2/include/livox_ros_driver2/livox_ros_driver2/msg/detail/custom_point__struct.hpp\n'}
[11.314037] (livox_ros_driver2) StdoutLine: {'line': b'-- Installing: /home/husky/TR/install/livox_ros_driver2/include/livox_ros_driver2/livox_ros_driver2/msg/detail/custom_msg__builder.hpp\n'}
[11.314100] (livox_ros_driver2) StdoutLine: {'line': b'-- Installing: /home/husky/TR/install/livox_ros_driver2/include/livox_ros_driver2/livox_ros_driver2/msg/detail/custom_msg__type_support.hpp\n'}
[11.314178] (livox_ros_driver2) StdoutLine: {'line': b'-- Installing: /home/husky/TR/install/livox_ros_driver2/include/livox_ros_driver2/livox_ros_driver2/msg/detail/custom_msg__traits.hpp\n'}
[11.314271] (livox_ros_driver2) StdoutLine: {'line': b'-- Installing: /home/husky/TR/install/livox_ros_driver2/include/livox_ros_driver2/livox_ros_driver2/msg/detail/custom_point__type_support.hpp\n'}
[11.314402] (livox_ros_driver2) StdoutLine: {'line': b'-- Up-to-date: /home/husky/TR/install/livox_ros_driver2/include/livox_ros_driver2/livox_ros_driver2\n'}
[11.314501] (livox_ros_driver2) StdoutLine: {'line': b'-- Up-to-date: /home/husky/TR/install/livox_ros_driver2/include/livox_ros_driver2/livox_ros_driver2/msg\n'}
[11.314585] (livox_ros_driver2) StdoutLine: {'line': b'-- Installing: /home/husky/TR/install/livox_ros_driver2/include/livox_ros_driver2/livox_ros_driver2/msg/rosidl_typesupport_fastrtps_cpp__visibility_control.h\n'}
[11.314658] (livox_ros_driver2) StdoutLine: {'line': b'-- Up-to-date: /home/husky/TR/install/livox_ros_driver2/include/livox_ros_driver2/livox_ros_driver2/msg/detail\n'}
[11.314729] (livox_ros_driver2) StdoutLine: {'line': b'-- Installing: /home/husky/TR/install/livox_ros_driver2/include/livox_ros_driver2/livox_ros_driver2/msg/detail/custom_point__rosidl_typesupport_fastrtps_cpp.hpp\n'}
[11.314827] (livox_ros_driver2) StdoutLine: {'line': b'-- Installing: /home/husky/TR/install/livox_ros_driver2/include/livox_ros_driver2/livox_ros_driver2/msg/detail/custom_msg__rosidl_typesupport_fastrtps_cpp.hpp\n'}
[11.314899] (livox_ros_driver2) StdoutLine: {'line': b'-- Installing: /home/husky/TR/install/livox_ros_driver2/include/livox_ros_driver2/livox_ros_driver2/msg/detail/dds_fastrtps\n'}
[11.314991] (livox_ros_driver2) StdoutLine: {'line': b'-- Installing: /home/husky/TR/install/livox_ros_driver2/lib/liblivox_ros_driver2__rosidl_typesupport_fastrtps_cpp.so\n'}
[11.315511] (livox_ros_driver2) StdoutLine: {'line': b'-- Set non-toolchain portion of runtime path of "/home/husky/TR/install/livox_ros_driver2/lib/liblivox_ros_driver2__rosidl_typesupport_fastrtps_cpp.so" to ""\n'}
[11.315594] (livox_ros_driver2) StdoutLine: {'line': b'-- Up-to-date: /home/husky/TR/install/livox_ros_driver2/include/livox_ros_driver2/livox_ros_driver2\n'}
[11.315681] (livox_ros_driver2) StdoutLine: {'line': b'-- Up-to-date: /home/husky/TR/install/livox_ros_driver2/include/livox_ros_driver2/livox_ros_driver2/msg\n'}
[11.315745] (livox_ros_driver2) StdoutLine: {'line': b'-- Up-to-date: /home/husky/TR/install/livox_ros_driver2/include/livox_ros_driver2/livox_ros_driver2/msg/detail\n'}
[11.315815] (livox_ros_driver2) StdoutLine: {'line': b'-- Installing: /home/husky/TR/install/livox_ros_driver2/include/livox_ros_driver2/livox_ros_driver2/msg/detail/custom_point__type_support.cpp\n'}
[11.315871] (livox_ros_driver2) StdoutLine: {'line': b'-- Installing: /home/husky/TR/install/livox_ros_driver2/include/livox_ros_driver2/livox_ros_driver2/msg/detail/custom_msg__rosidl_typesupport_introspection_cpp.hpp\n'}
[11.315943] (livox_ros_driver2) StdoutLine: {'line': b'-- Installing: /home/husky/TR/install/livox_ros_driver2/include/livox_ros_driver2/livox_ros_driver2/msg/detail/custom_msg__type_support.cpp\n'}
[11.316040] (livox_ros_driver2) StdoutLine: {'line': b'-- Installing: /home/husky/TR/install/livox_ros_driver2/include/livox_ros_driver2/livox_ros_driver2/msg/detail/custom_point__rosidl_typesupport_introspection_cpp.hpp\n'}
[11.316129] (livox_ros_driver2) StdoutLine: {'line': b'-- Installing: /home/husky/TR/install/livox_ros_driver2/lib/liblivox_ros_driver2__rosidl_typesupport_introspection_cpp.so\n'}
[11.316625] (livox_ros_driver2) StdoutLine: {'line': b'-- Set non-toolchain portion of runtime path of "/home/husky/TR/install/livox_ros_driver2/lib/liblivox_ros_driver2__rosidl_typesupport_introspection_cpp.so" to ""\n'}
[11.316719] (livox_ros_driver2) StdoutLine: {'line': b'-- Installing: /home/husky/TR/install/livox_ros_driver2/lib/liblivox_ros_driver2__rosidl_typesupport_cpp.so\n'}
[11.317065] (livox_ros_driver2) StdoutLine: {'line': b'-- Set non-toolchain portion of runtime path of "/home/husky/TR/install/livox_ros_driver2/lib/liblivox_ros_driver2__rosidl_typesupport_cpp.so" to ""\n'}
[11.317195] (livox_ros_driver2) StdoutLine: {'line': b'-- Installing: /home/husky/TR/install/livox_ros_driver2/share/livox_ros_driver2/environment/pythonpath.sh\n'}
[11.317311] (livox_ros_driver2) StdoutLine: {'line': b'-- Installing: /home/husky/TR/install/livox_ros_driver2/share/livox_ros_driver2/environment/pythonpath.dsv\n'}
[11.317419] (livox_ros_driver2) StdoutLine: {'line': b'-- Installing: /home/husky/TR/install/livox_ros_driver2/lib/python3.12/site-packages/livox_ros_driver2-1.0.0-py3.12.egg-info\n'}
[11.317552] (livox_ros_driver2) StdoutLine: {'line': b'-- Installing: /home/husky/TR/install/livox_ros_driver2/lib/python3.12/site-packages/livox_ros_driver2-1.0.0-py3.12.egg-info/top_level.txt\n'}
[11.317636] (livox_ros_driver2) StdoutLine: {'line': b'-- Installing: /home/husky/TR/install/livox_ros_driver2/lib/python3.12/site-packages/livox_ros_driver2-1.0.0-py3.12.egg-info/dependency_links.txt\n'}
[11.317730] (livox_ros_driver2) StdoutLine: {'line': b'-- Installing: /home/husky/TR/install/livox_ros_driver2/lib/python3.12/site-packages/livox_ros_driver2-1.0.0-py3.12.egg-info/PKG-INFO\n'}
[11.317833] (livox_ros_driver2) StdoutLine: {'line': b'-- Installing: /home/husky/TR/install/livox_ros_driver2/lib/python3.12/site-packages/livox_ros_driver2-1.0.0-py3.12.egg-info/SOURCES.txt\n'}
[11.317924] (livox_ros_driver2) StdoutLine: {'line': b'-- Installing: /home/husky/TR/install/livox_ros_driver2/lib/python3.12/site-packages/livox_ros_driver2\n'}
[11.318038] (livox_ros_driver2) StdoutLine: {'line': b'-- Installing: /home/husky/TR/install/livox_ros_driver2/lib/python3.12/site-packages/livox_ros_driver2/livox_ros_driver2_s__rosidl_typesupport_fastrtps_c.so\n'}
[11.318141] (livox_ros_driver2) StdoutLine: {'line': b'-- Installing: /home/husky/TR/install/livox_ros_driver2/lib/python3.12/site-packages/livox_ros_driver2/livox_ros_driver2_s__rosidl_typesupport_introspection_c.so\n'}
[11.318250] (livox_ros_driver2) StdoutLine: {'line': b'-- Installing: /home/husky/TR/install/livox_ros_driver2/lib/python3.12/site-packages/livox_ros_driver2/msg\n'}
[11.318357] (livox_ros_driver2) StdoutLine: {'line': b'-- Installing: /home/husky/TR/install/livox_ros_driver2/lib/python3.12/site-packages/livox_ros_driver2/msg/_custom_point_s.c\n'}
[11.318454] (livox_ros_driver2) StdoutLine: {'line': b'-- Installing: /home/husky/TR/install/livox_ros_driver2/lib/python3.12/site-packages/livox_ros_driver2/msg/_custom_msg.py\n'}
[11.318545] (livox_ros_driver2) StdoutLine: {'line': b'-- Installing: /home/husky/TR/install/livox_ros_driver2/lib/python3.12/site-packages/livox_ros_driver2/msg/__init__.py\n'}
[11.318635] (livox_ros_driver2) StdoutLine: {'line': b'-- Installing: /home/husky/TR/install/livox_ros_driver2/lib/python3.12/site-packages/livox_ros_driver2/msg/_custom_msg_s.c\n'}
[11.318725] (livox_ros_driver2) StdoutLine: {'line': b'-- Installing: /home/husky/TR/install/livox_ros_driver2/lib/python3.12/site-packages/livox_ros_driver2/msg/_custom_point.py\n'}
[11.318850] (livox_ros_driver2) StdoutLine: {'line': b'-- Installing: /home/husky/TR/install/livox_ros_driver2/lib/python3.12/site-packages/livox_ros_driver2/_livox_ros_driver2_s.ep.rosidl_typesupport_fastrtps_c.c\n'}
[11.318961] (livox_ros_driver2) StdoutLine: {'line': b'-- Installing: /home/husky/TR/install/livox_ros_driver2/lib/python3.12/site-packages/livox_ros_driver2/__init__.py\n'}
[11.319067] (livox_ros_driver2) StdoutLine: {'line': b'-- Installing: /home/husky/TR/install/livox_ros_driver2/lib/python3.12/site-packages/livox_ros_driver2/_livox_ros_driver2_s.ep.rosidl_typesupport_c.c\n'}
[11.319180] (livox_ros_driver2) StdoutLine: {'line': b'-- Installing: /home/husky/TR/install/livox_ros_driver2/lib/python3.12/site-packages/livox_ros_driver2/_livox_ros_driver2_s.ep.rosidl_typesupport_introspection_c.c\n'}
[11.319314] (livox_ros_driver2) StdoutLine: {'line': b'-- Installing: /home/husky/TR/install/livox_ros_driver2/lib/python3.12/site-packages/livox_ros_driver2/livox_ros_driver2_s__rosidl_typesupport_c.so\n'}
[11.323178] (-) TimerEvent: {}
[11.348837] (livox_ros_driver2) StdoutLine: {'line': b"Listing '/home/husky/TR/install/livox_ros_driver2/lib/python3.12/site-packages/livox_ros_driver2'...\n"}
[11.349028] (livox_ros_driver2) StdoutLine: {'line': b"Compiling '/home/husky/TR/install/livox_ros_driver2/lib/python3.12/site-packages/livox_ros_driver2/__init__.py'...\n"}
[11.349124] (livox_ros_driver2) StdoutLine: {'line': b"Listing '/home/husky/TR/install/livox_ros_driver2/lib/python3.12/site-packages/livox_ros_driver2/msg'...\n"}
[11.349208] (livox_ros_driver2) StdoutLine: {'line': b"Compiling '/home/husky/TR/install/livox_ros_driver2/lib/python3.12/site-packages/livox_ros_driver2/msg/__init__.py'...\n"}
[11.349289] (livox_ros_driver2) StdoutLine: {'line': b"Compiling '/home/husky/TR/install/livox_ros_driver2/lib/python3.12/site-packages/livox_ros_driver2/msg/_custom_msg.py'...\n"}
[11.349386] (livox_ros_driver2) StdoutLine: {'line': b"Compiling '/home/husky/TR/install/livox_ros_driver2/lib/python3.12/site-packages/livox_ros_driver2/msg/_custom_point.py'...\n"}
[11.353579] (livox_ros_driver2) StdoutLine: {'line': b'-- Installing: /home/husky/TR/install/livox_ros_driver2/lib/python3.12/site-packages/livox_ros_driver2/livox_ros_driver2_s__rosidl_typesupport_fastrtps_c.so\n'}
[11.353981] (livox_ros_driver2) StdoutLine: {'line': b'-- Set non-toolchain portion of runtime path of "/home/husky/TR/install/livox_ros_driver2/lib/python3.12/site-packages/livox_ros_driver2/livox_ros_driver2_s__rosidl_typesupport_fastrtps_c.so" to ""\n'}
[11.354153] (livox_ros_driver2) StdoutLine: {'line': b'-- Installing: /home/husky/TR/install/livox_ros_driver2/lib/python3.12/site-packages/livox_ros_driver2/livox_ros_driver2_s__rosidl_typesupport_introspection_c.so\n'}
[11.354542] (livox_ros_driver2) StdoutLine: {'line': b'-- Set non-toolchain portion of runtime path of "/home/husky/TR/install/livox_ros_driver2/lib/python3.12/site-packages/livox_ros_driver2/livox_ros_driver2_s__rosidl_typesupport_introspection_c.so" to ""\n'}
[11.354696] (livox_ros_driver2) StdoutLine: {'line': b'-- Installing: /home/husky/TR/install/livox_ros_driver2/lib/python3.12/site-packages/livox_ros_driver2/livox_ros_driver2_s__rosidl_typesupport_c.so\n'}
[11.355070] (livox_ros_driver2) StdoutLine: {'line': b'-- Set non-toolchain portion of runtime path of "/home/husky/TR/install/livox_ros_driver2/lib/python3.12/site-packages/livox_ros_driver2/livox_ros_driver2_s__rosidl_typesupport_c.so" to ""\n'}
[11.355174] (livox_ros_driver2) StdoutLine: {'line': b'-- Installing: /home/husky/TR/install/livox_ros_driver2/lib/liblivox_interfaces2__rosidl_generator_py.so\n'}
[11.355590] (livox_ros_driver2) StdoutLine: {'line': b'-- Set non-toolchain portion of runtime path of "/home/husky/TR/install/livox_ros_driver2/lib/liblivox_interfaces2__rosidl_generator_py.so" to ""\n'}
[11.355795] (livox_ros_driver2) StdoutLine: {'line': b'-- Installing: /home/husky/TR/install/livox_ros_driver2/share/ament_index/resource_index/rust_packages/livox_ros_driver2\n'}
[11.355937] (livox_ros_driver2) StdoutLine: {'line': b'-- Installing: /home/husky/TR/install/livox_ros_driver2/share/livox_ros_driver2/rust\n'}
[11.356054] (livox_ros_driver2) StdoutLine: {'line': b'-- Installing: /home/husky/TR/install/livox_ros_driver2/share/livox_ros_driver2/rust/build.rs\n'}
[11.356157] (livox_ros_driver2) StdoutLine: {'line': b'-- Installing: /home/husky/TR/install/livox_ros_driver2/share/livox_ros_driver2/rust/src\n'}
[11.356258] (livox_ros_driver2) StdoutLine: {'line': b'-- Installing: /home/husky/TR/install/livox_ros_driver2/share/livox_ros_driver2/rust/src/lib.rs\n'}
[11.356394] (livox_ros_driver2) StdoutLine: {'line': b'-- Installing: /home/husky/TR/install/livox_ros_driver2/share/livox_ros_driver2/rust/src/msg.rs\n'}
[11.356502] (livox_ros_driver2) StdoutLine: {'line': b'-- Installing: /home/husky/TR/install/livox_ros_driver2/share/livox_ros_driver2/rust/src/msg\n'}
[11.356581] (livox_ros_driver2) StdoutLine: {'line': b'-- Installing: /home/husky/TR/install/livox_ros_driver2/share/livox_ros_driver2/rust/src/msg/rmw.rs\n'}
[11.356670] (livox_ros_driver2) StdoutLine: {'line': b'-- Installing: /home/husky/TR/install/livox_ros_driver2/share/livox_ros_driver2/rust/Cargo.toml\n'}
[11.356785] (livox_ros_driver2) StdoutLine: {'line': b'-- Installing: /home/husky/TR/install/livox_ros_driver2/share/livox_ros_driver2/msg/CustomPoint.idl\n'}
[11.356874] (livox_ros_driver2) StdoutLine: {'line': b'-- Installing: /home/husky/TR/install/livox_ros_driver2/share/livox_ros_driver2/msg/CustomMsg.idl\n'}
[11.356961] (livox_ros_driver2) StdoutLine: {'line': b'-- Installing: /home/husky/TR/install/livox_ros_driver2/share/livox_ros_driver2/msg/CustomPoint.msg\n'}
[11.357057] (livox_ros_driver2) StdoutLine: {'line': b'-- Installing: /home/husky/TR/install/livox_ros_driver2/share/livox_ros_driver2/msg/CustomMsg.msg\n'}
[11.357213] (livox_ros_driver2) StdoutLine: {'line': b'-- Installing: /home/husky/TR/install/livox_ros_driver2/lib/livox_ros_driver2/livox_ros_driver2_node\n'}
[11.357952] (livox_ros_driver2) StdoutLine: {'line': b'-- Set non-toolchain portion of runtime path of "/home/husky/TR/install/livox_ros_driver2/lib/livox_ros_driver2/livox_ros_driver2_node" to ""\n'}
[11.358038] (livox_ros_driver2) StdoutLine: {'line': b'-- Installing: /home/husky/TR/install/livox_ros_driver2/lib/liblivox_ros_driver2.so\n'}
[11.361864] (livox_ros_driver2) StdoutLine: {'line': b'-- Set non-toolchain portion of runtime path of "/home/husky/TR/install/livox_ros_driver2/lib/liblivox_ros_driver2.so" to ""\n'}
[11.361989] (livox_ros_driver2) StdoutLine: {'line': b'-- Installing: /home/husky/TR/install/livox_ros_driver2/share/livox_ros_driver2/config\n'}
[11.362061] (livox_ros_driver2) StdoutLine: {'line': b'-- Installing: /home/husky/TR/install/livox_ros_driver2/share/livox_ros_driver2/config/MID360_config.json\n'}
[11.362150] (livox_ros_driver2) StdoutLine: {'line': b'-- Installing: /home/husky/TR/install/livox_ros_driver2/share/livox_ros_driver2/config/display_point_cloud_ROS2.rviz\n'}
[11.362237] (livox_ros_driver2) StdoutLine: {'line': b'-- Installing: /home/husky/TR/install/livox_ros_driver2/share/livox_ros_driver2/config/mixed_HAP_MID360_config.json\n'}
[11.362315] (livox_ros_driver2) StdoutLine: {'line': b'-- Installing: /home/husky/TR/install/livox_ros_driver2/share/livox_ros_driver2/config/display_point_cloud_ROS1.rviz\n'}
[11.362397] (livox_ros_driver2) StdoutLine: {'line': b'-- Installing: /home/husky/TR/install/livox_ros_driver2/share/livox_ros_driver2/config/MID360s_config.json\n'}
[11.362470] (livox_ros_driver2) StdoutLine: {'line': b'-- Installing: /home/husky/TR/install/livox_ros_driver2/share/livox_ros_driver2/config/HAP_config.json\n'}
[11.362566] (livox_ros_driver2) StdoutLine: {'line': b'-- Installing: /home/husky/TR/install/livox_ros_driver2/share/livox_ros_driver2/launch_ROS2\n'}
[11.362637] (livox_ros_driver2) StdoutLine: {'line': b'-- Installing: /home/husky/TR/install/livox_ros_driver2/share/livox_ros_driver2/launch_ROS2/rviz_mixed.py\n'}
[11.362736] (livox_ros_driver2) StdoutLine: {'line': b'-- Installing: /home/husky/TR/install/livox_ros_driver2/share/livox_ros_driver2/launch_ROS2/msg_MID360_launch.py\n'}
[11.362833] (livox_ros_driver2) StdoutLine: {'line': b'-- Installing: /home/husky/TR/install/livox_ros_driver2/share/livox_ros_driver2/launch_ROS2/rviz_HAP_launch.py\n'}
[11.362923] (livox_ros_driver2) StdoutLine: {'line': b'-- Installing: /home/husky/TR/install/livox_ros_driver2/share/livox_ros_driver2/launch_ROS2/msg_MID360s_launch.py\n'}
[11.363016] (livox_ros_driver2) StdoutLine: {'line': b'-- Installing: /home/husky/TR/install/livox_ros_driver2/share/livox_ros_driver2/launch_ROS2/msg_HAP_launch.py\n'}
[11.363108] (livox_ros_driver2) StdoutLine: {'line': b'-- Installing: /home/husky/TR/install/livox_ros_driver2/share/livox_ros_driver2/launch_ROS2/rviz_MID360_launch.py\n'}
[11.363200] (livox_ros_driver2) StdoutLine: {'line': b'-- Installing: /home/husky/TR/install/livox_ros_driver2/share/livox_ros_driver2/launch_ROS2/rviz_MID360s_launch.py\n'}
[11.363292] (livox_ros_driver2) StdoutLine: {'line': b'-- Installing: /home/husky/TR/install/livox_ros_driver2/share/livox_ros_driver2/launch_ROS2/__pycache__\n'}
[11.363386] (livox_ros_driver2) StdoutLine: {'line': b'-- Installing: /home/husky/TR/install/livox_ros_driver2/share/livox_ros_driver2/launch_ROS2/__pycache__/rviz_MID360_launch.cpython-312.pyc\n'}
[11.363520] (livox_ros_driver2) StdoutLine: {'line': b'-- Installing: /home/husky/TR/install/livox_ros_driver2/share/ament_index/resource_index/package_run_dependencies/livox_ros_driver2\n'}
[11.363674] (livox_ros_driver2) StdoutLine: {'line': b'-- Installing: /home/husky/TR/install/livox_ros_driver2/share/ament_index/resource_index/parent_prefix_path/livox_ros_driver2\n'}
[11.363797] (livox_ros_driver2) StdoutLine: {'line': b'-- Installing: /home/husky/TR/install/livox_ros_driver2/share/livox_ros_driver2/environment/ament_prefix_path.sh\n'}
[11.363912] (livox_ros_driver2) StdoutLine: {'line': b'-- Installing: /home/husky/TR/install/livox_ros_driver2/share/livox_ros_driver2/environment/ament_prefix_path.dsv\n'}
[11.364036] (livox_ros_driver2) StdoutLine: {'line': b'-- Installing: /home/husky/TR/install/livox_ros_driver2/share/livox_ros_driver2/environment/path.sh\n'}
[11.364147] (livox_ros_driver2) StdoutLine: {'line': b'-- Installing: /home/husky/TR/install/livox_ros_driver2/share/livox_ros_driver2/environment/path.dsv\n'}
[11.364260] (livox_ros_driver2) StdoutLine: {'line': b'-- Installing: /home/husky/TR/install/livox_ros_driver2/share/livox_ros_driver2/local_setup.bash\n'}
[11.364397] (livox_ros_driver2) StdoutLine: {'line': b'-- Installing: /home/husky/TR/install/livox_ros_driver2/share/livox_ros_driver2/local_setup.sh\n'}
[11.364516] (livox_ros_driver2) StdoutLine: {'line': b'-- Installing: /home/husky/TR/install/livox_ros_driver2/share/livox_ros_driver2/local_setup.zsh\n'}
[11.364630] (livox_ros_driver2) StdoutLine: {'line': b'-- Installing: /home/husky/TR/install/livox_ros_driver2/share/livox_ros_driver2/local_setup.dsv\n'}
[11.364736] (livox_ros_driver2) StdoutLine: {'line': b'-- Installing: /home/husky/TR/install/livox_ros_driver2/share/livox_ros_driver2/package.dsv\n'}
[11.364892] (livox_ros_driver2) StdoutLine: {'line': b'-- Installing: /home/husky/TR/install/livox_ros_driver2/share/ament_index/resource_index/packages/livox_ros_driver2\n'}
[11.365031] (livox_ros_driver2) StdoutLine: {'line': b'-- Installing: /home/husky/TR/install/livox_ros_driver2/share/ament_index/resource_index/rclcpp_components/livox_ros_driver2\n'}
[11.365191] (livox_ros_driver2) StdoutLine: {'line': b'-- Installing: /home/husky/TR/install/livox_ros_driver2/share/livox_ros_driver2/cmake/export_livox_interfaces2__rosidl_generator_cExport.cmake\n'}
[11.365320] (livox_ros_driver2) StdoutLine: {'line': b'-- Installing: /home/husky/TR/install/livox_ros_driver2/share/livox_ros_driver2/cmake/export_livox_interfaces2__rosidl_generator_cExport-noconfig.cmake\n'}
[11.365458] (livox_ros_driver2) StdoutLine: {'line': b'-- Installing: /home/husky/TR/install/livox_ros_driver2/share/livox_ros_driver2/cmake/export_livox_interfaces2__rosidl_typesupport_fastrtps_cExport.cmake\n'}
[11.365584] (livox_ros_driver2) StdoutLine: {'line': b'-- Installing: /home/husky/TR/install/livox_ros_driver2/share/livox_ros_driver2/cmake/export_livox_interfaces2__rosidl_typesupport_fastrtps_cExport-noconfig.cmake\n'}
[11.365716] (livox_ros_driver2) StdoutLine: {'line': b'-- Installing: /home/husky/TR/install/livox_ros_driver2/share/livox_ros_driver2/cmake/livox_interfaces2__rosidl_typesupport_introspection_cExport.cmake\n'}
[11.365840] (livox_ros_driver2) StdoutLine: {'line': b'-- Installing: /home/husky/TR/install/livox_ros_driver2/share/livox_ros_driver2/cmake/livox_interfaces2__rosidl_typesupport_introspection_cExport-noconfig.cmake\n'}
[11.365968] (livox_ros_driver2) StdoutLine: {'line': b'-- Installing: /home/husky/TR/install/livox_ros_driver2/share/livox_ros_driver2/cmake/livox_interfaces2__rosidl_typesupport_cExport.cmake\n'}
[11.366091] (livox_ros_driver2) StdoutLine: {'line': b'-- Installing: /home/husky/TR/install/livox_ros_driver2/share/livox_ros_driver2/cmake/livox_interfaces2__rosidl_typesupport_cExport-noconfig.cmake\n'}
[11.366215] (livox_ros_driver2) StdoutLine: {'line': b'-- Installing: /home/husky/TR/install/livox_ros_driver2/share/livox_ros_driver2/cmake/export_livox_interfaces2__rosidl_generator_cppExport.cmake\n'}
[11.366358] (livox_ros_driver2) StdoutLine: {'line': b'-- Installing: /home/husky/TR/install/livox_ros_driver2/share/livox_ros_driver2/cmake/export_livox_interfaces2__rosidl_typesupport_fastrtps_cppExport.cmake\n'}
[11.366503] (livox_ros_driver2) StdoutLine: {'line': b'-- Installing: /home/husky/TR/install/livox_ros_driver2/share/livox_ros_driver2/cmake/export_livox_interfaces2__rosidl_typesupport_fastrtps_cppExport-noconfig.cmake\n'}
[11.366623] (livox_ros_driver2) StdoutLine: {'line': b'-- Installing: /home/husky/TR/install/livox_ros_driver2/share/livox_ros_driver2/cmake/livox_interfaces2__rosidl_typesupport_introspection_cppExport.cmake\n'}
[11.366780] (livox_ros_driver2) StdoutLine: {'line': b'-- Installing: /home/husky/TR/install/livox_ros_driver2/share/livox_ros_driver2/cmake/livox_interfaces2__rosidl_typesupport_introspection_cppExport-noconfig.cmake\n'}
[11.366922] (livox_ros_driver2) StdoutLine: {'line': b'-- Installing: /home/husky/TR/install/livox_ros_driver2/share/livox_ros_driver2/cmake/livox_interfaces2__rosidl_typesupport_cppExport.cmake\n'}
[11.367040] (livox_ros_driver2) StdoutLine: {'line': b'-- Installing: /home/husky/TR/install/livox_ros_driver2/share/livox_ros_driver2/cmake/livox_interfaces2__rosidl_typesupport_cppExport-noconfig.cmake\n'}
[11.367164] (livox_ros_driver2) StdoutLine: {'line': b'-- Installing: /home/husky/TR/install/livox_ros_driver2/share/livox_ros_driver2/cmake/export_livox_interfaces2__rosidl_generator_pyExport.cmake\n'}
[11.367281] (livox_ros_driver2) StdoutLine: {'line': b'-- Installing: /home/husky/TR/install/livox_ros_driver2/share/livox_ros_driver2/cmake/export_livox_interfaces2__rosidl_generator_pyExport-noconfig.cmake\n'}
[11.367406] (livox_ros_driver2) StdoutLine: {'line': b'-- Installing: /home/husky/TR/install/livox_ros_driver2/share/livox_ros_driver2/cmake/rosidl_cmake-extras.cmake\n'}
[11.367520] (livox_ros_driver2) StdoutLine: {'line': b'-- Installing: /home/husky/TR/install/livox_ros_driver2/share/livox_ros_driver2/cmake/ament_cmake_export_dependencies-extras.cmake\n'}
[11.367635] (livox_ros_driver2) StdoutLine: {'line': b'-- Installing: /home/husky/TR/install/livox_ros_driver2/share/livox_ros_driver2/cmake/ament_cmake_export_include_directories-extras.cmake\n'}
[11.367748] (livox_ros_driver2) StdoutLine: {'line': b'-- Installing: /home/husky/TR/install/livox_ros_driver2/share/livox_ros_driver2/cmake/ament_cmake_export_libraries-extras.cmake\n'}
[11.367863] (livox_ros_driver2) StdoutLine: {'line': b'-- Installing: /home/husky/TR/install/livox_ros_driver2/share/livox_ros_driver2/cmake/ament_cmake_export_targets-extras.cmake\n'}
[11.367980] (livox_ros_driver2) StdoutLine: {'line': b'-- Installing: /home/husky/TR/install/livox_ros_driver2/share/livox_ros_driver2/cmake/rosidl_cmake_export_typesupport_targets-extras.cmake\n'}
[11.368098] (livox_ros_driver2) StdoutLine: {'line': b'-- Installing: /home/husky/TR/install/livox_ros_driver2/share/livox_ros_driver2/cmake/rosidl_cmake_export_typesupport_libraries-extras.cmake\n'}
[11.368210] (livox_ros_driver2) StdoutLine: {'line': b'-- Installing: /home/husky/TR/install/livox_ros_driver2/share/livox_ros_driver2/cmake/rosidl_cmake_aggregate_target-extras.cmake\n'}
[11.368329] (livox_ros_driver2) StdoutLine: {'line': b'-- Installing: /home/husky/TR/install/livox_ros_driver2/share/livox_ros_driver2/cmake/livox_ros_driver2Config.cmake\n'}
[11.368444] (livox_ros_driver2) StdoutLine: {'line': b'-- Installing: /home/husky/TR/install/livox_ros_driver2/share/livox_ros_driver2/cmake/livox_ros_driver2Config-version.cmake\n'}
[11.368566] (livox_ros_driver2) StdoutLine: {'line': b'-- Installing: /home/husky/TR/install/livox_ros_driver2/share/livox_ros_driver2/package.xml\n'}
[11.370818] (livox_ros_driver2) CommandEnded: {'returncode': 0}
[11.384924] (livox_ros_driver2) JobEnded: {'identifier': 'livox_ros_driver2', 'rc': 0}
[11.385446] (fastlio2) JobStarted: {'identifier': 'fastlio2'}
[11.392918] (fastlio2) JobProgress: {'identifier': 'fastlio2', 'progress': 'cmake'}
[11.393430] (fastlio2) Command: {'cmd': ['/usr/bin/cmake', '/home/husky/TR/src/FAST_LIO2_ROS2/fastlio2', '-DCMAKE_INSTALL_PREFIX=/home/husky/TR/install/fastlio2'], 'cwd': '/home/husky/TR/build/fastlio2', 'env': OrderedDict({'GJS_DEBUG_TOPICS': 'JS ERROR;JS LOG', 'PYTHON_BASIC_REPL': '1', 'LESSOPEN': '| /usr/bin/lesspipe %s', 'RSYNC_PROXY': 'localhost:1080', 'HTTPS_PROXY': 'http://localhost:3128', 'GZ_SIM_RESOURCE_PATH': '/opt/ros/jazzy/share', 'no_proxy': 'localhost,127.0.0.1,::1,*.local,.local,169.254.0.0/16,10.0.0.0/8,172.16.0.0/12,192.168.0.0/16', 'AI_AGENT': 'github_copilot_vscode_agent', 'GIT_SSH_COMMAND': "ssh -o ProxyCommand='socat - PROXY:localhost:%h:%p,proxyport=3128'", 'USER': 'husky', 'SANDBOX_RUNTIME': '1', 'FONTCONFIG_PATH': '/etc/fonts', 'GZ_CONFIG_PATH': '/opt/ros/jazzy/opt/gz_sim_vendor/share/gz:/opt/ros/jazzy/opt/sdformat_vendor/share/gz:/opt/ros/jazzy/opt/gz_gui_vendor/share/gz:/opt/ros/jazzy/opt/gz_transport_vendor/share/gz:/opt/ros/jazzy/opt/gz_rendering_vendor/share/gz:/opt/ros/jazzy/opt/gz_plugin_vendor/share/gz:/opt/ros/jazzy/opt/gz_fuel_tools_vendor/share/gz:/opt/ros/jazzy/opt/gz_msgs_vendor/share/gz:/opt/ros/jazzy/opt/gz_common_vendor/share/gz', 'CLAUDE_CODE_HOST_SOCKS_PROXY_PORT': '43825', 'GIT_EDITOR': ':', 'all_proxy': 'socks5h://localhost:1080', 'GIO_MODULE_DIR': '/home/husky/snap/code/common/.cache/gio-modules', 'XDG_SESSION_TYPE': 'x11', 'GIT_ASKPASS': '/snap/code/253/usr/share/code/resources/app/extensions/git/dist/askpass.sh', 'GTK_EXE_PREFIX_VSCODE_SNAP_ORIG': '', 'DOCKER_HTTPS_PROXY': 'http://localhost:3128', 'GDK_BACKEND_VSCODE_SNAP_ORIG': '', 'CLUTTER_DISABLE_MIPMAPPED_TEXT': '1', 'SHLVL': '2', 'LD_LIBRARY_PATH': '/home/husky/TR/install/livox_ros_driver2/lib:/usr/local/lib:/usr/local/lib:/usr/local/lib:/home/husky/ws_livox/install/livox_ros_driver2/lib:/home/husky/ws_livox/install/rtabmap_msgs/lib:/home/husky/ws_livox/install/rtabmap_costmap_plugins/lib:/usr/local/lib:/opt/ros/jazzy/opt/gz_sim_vendor/lib:/opt/ros/jazzy/opt/gz_sensors_vendor/lib:/opt/ros/jazzy/opt/gz_physics_vendor/lib:/opt/ros/jazzy/opt/sdformat_vendor/lib:/opt/ros/jazzy/opt/rviz_ogre_vendor/lib:/opt/ros/jazzy/lib/x86_64-linux-gnu:/opt/ros/jazzy/opt/gz_gui_vendor/lib:/opt/ros/jazzy/opt/gz_transport_vendor/lib:/opt/ros/jazzy/opt/gz_rendering_vendor/lib:/opt/ros/jazzy/opt/gz_plugin_vendor/lib:/opt/ros/jazzy/opt/gz_fuel_tools_vendor/lib:/opt/ros/jazzy/opt/gz_msgs_vendor/lib:/opt/ros/jazzy/opt/gz_common_vendor/lib:/opt/ros/jazzy/opt/gz_math_vendor/lib:/opt/ros/jazzy/opt/gz_utils_vendor/lib:/opt/ros/jazzy/opt/gz_tools_vendor/lib:/opt/ros/jazzy/opt/gz_ogre_next_vendor/lib:/opt/ros/jazzy/opt/gz_dartsim_vendor/lib:/opt/ros/jazzy/opt/gz_cmake_vendor/lib:/opt/ros/jazzy/lib', 'COPILOT_AGENT': '1', 'HOME': '/home/husky', 'CHROME_DESKTOP': 'code.desktop', 'LOCPATH_VSCODE_SNAP_ORIG': '', 'OLDPWD': '/home/husky/.vscode/tmp/tmp_vscode_1', 'TERM_PROGRAM_VERSION': '1.130.0', 'DESKTOP_SESSION': 'ubuntu', 'GTK_PATH': '/snap/code/253/usr/lib/x86_64-linux-gnu/gtk-3.0', 'NO_PROXY': 'localhost,127.0.0.1,::1,*.local,.local,169.254.0.0/16,10.0.0.0/8,172.16.0.0/12,192.168.0.0/16', 'XDG_DATA_HOME_VSCODE_SNAP_ORIG': '', 'GTK_IM_MODULE_FILE': '/home/husky/snap/code/common/.cache/immodules/immodules.cache', 'GIO_LAUNCHED_DESKTOP_FILE': '/var/lib/snapd/desktop/applications/code_code.desktop', 'ROS_PYTHON_VERSION': '3', 'GNOME_SHELL_SESSION_MODE': 'ubuntu', 'GTK_MODULES': 'gail:atk-bridge', 'GSETTINGS_SCHEMA_DIR_VSCODE_SNAP_ORIG': '', 'VSCODE_GIT_ASKPASS_MAIN': '/snap/code/253/usr/share/code/resources/app/extensions/git/dist/askpass-main.js', 'VSCODE_GIT_ASKPASS_NODE': '/snap/code/253/usr/share/code/code', 'MANAGERPID': '1979', 'PYDEVD_DISABLE_FILE_VALIDATION': '1', 'SYSTEMD_EXEC_PID': '2425', 'BUNDLED_DEBUGPY_PATH': '/home/husky/.vscode/extensions/ms-python.debugpy-2026.6.0-linux-x64/bundled/libs/debugpy', 'VSCODE_PYTHON_AUTOACTIVATE_GUARD': '1', 'GSM_SKIP_SSH_AGENT_WORKAROUND': 'true', 'DBUS_SESSION_BUS_ADDRESS': 'unix:path=/run/user/1000/bus', 'COLORTERM': 'truecolor', 'GIO_LAUNCHED_DESKTOP_FILE_PID': '7481', 'DEBUGINFOD_URLS': 'https://debuginfod.ubuntu.com', 'TMPDIR': '/home/husky/.vscode/tmp/tmp_vscode_1', 'https_proxy': 'http://localhost:3128', 'CLAUDE_CODE_HOST_HTTP_PROXY_PORT': '42853', 'ROS_DISTRO': 'jazzy', 'LOGNAME': 'husky', 'ALL_PROXY': 'socks5h://localhost:1080', 'http_proxy': 'http://localhost:3128', 'JOURNAL_STREAM': '10:14922', '_': '/usr/bin/colcon', 'ROS_VERSION': '2', 'XDG_CONFIG_DIRS_VSCODE_SNAP_ORIG': '/etc/xdg/xdg-ubuntu:/etc/xdg', 'MEMORY_PRESSURE_WATCH': '/sys/fs/cgroup/user.slice/user-1000.slice/user@1000.service/session.slice/org.gnome.Shell@x11.service/memory.pressure', 'XDG_SESSION_CLASS': 'user', 'XDG_DATA_DIRS_VSCODE_SNAP_ORIG': '/usr/share/ubuntu:/usr/share/gnome:/usr/local/share/:/usr/share/:/var/lib/snapd/desktop', 'USERNAME': 'husky', 'TERM': 'xterm-256color', 'GNOME_DESKTOP_SESSION_ID': 'this-is-deprecated', 'grpc_proxy': 'socks5h://localhost:1080', 'FC_FONTATIONS': '1', 'HISTCONTROL': 'ignorespace', 'WINDOWPATH': '2', 'PATH': '/home/husky/.config/Code/User/globalStorage/github.copilot-chat/debugCommand:/home/husky/.config/Code/User/globalStorage/github.copilot-chat/copilotCli:/home/husky/.local/bin:/opt/ros/jazzy/opt/gz_msgs_vendor/bin:/opt/ros/jazzy/opt/gz_tools_vendor/bin:/opt/ros/jazzy/opt/gz_ogre_next_vendor/bin:/opt/ros/jazzy/bin:/home/husky/.local/bin:/usr/local/sbin:/usr/local/bin:/usr/sbin:/usr/bin:/sbin:/bin:/usr/games:/usr/local/games:/snap/bin:/snap/bin:/home/husky/.fishros/bin/:/home/husky/.vscode/extensions/ms-python.debugpy-2026.6.0-linux-x64/bundled/scripts/noConfigScripts:/home/husky/.fishros/bin/:/snap/code/253/usr/share/code/resources/app/node_modules.asar.unpacked/@vscode/ripgrep-universal/bin/linux-x64', 'SESSION_MANAGER': 'local/R9P:@/tmp/.ICE-unix/2393,unix/R9P:/tmp/.ICE-unix/2393', 'GTK_EXE_PREFIX': '/snap/code/253/usr', 'INVOCATION_ID': '232c109e81c442b8a729604705fddc62', 'XDG_MENU_PREFIX': 'gnome-', 'ftp_proxy': 'socks5h://localhost:1080', 'XDG_RUNTIME_DIR': '/run/user/1000', 'GDK_BACKEND': 'x11', 'DISPLAY': ':0', 'LOCPATH': '/snap/code/253/usr/lib/locale', 'VSCODE_DEBUGPY_ADAPTER_ENDPOINTS': '/home/husky/.vscode/extensions/ms-python.debugpy-2026.6.0-linux-x64/.noConfigDebugAdapterEndpoints/endpoint-c7b6d7ac374ef3b7.txt', 'LANG': 'zh_CN.UTF-8', 'XDG_CURRENT_DESKTOP': 'ubuntu:GNOME', 'PYTHONSTARTUP': '/home/husky/.config/Code/User/workspaceStorage/2598fa35ecc8ded29a0518703103ae87/ms-python.python/pythonrc.py', 'GIO_MODULE_DIR_VSCODE_SNAP_ORIG': '', 'XDG_DATA_HOME': '/home/husky/snap/code/253/.local/share', 'XMODIFIERS': '@im=ibus', 'XDG_SESSION_DESKTOP': 'ubuntu', 'XAUTHORITY': '/run/user/1000/gdm/Xauthority', 'LS_COLORS': 'rs=0:di=01;34:ln=01;36:mh=00:pi=40;33:so=01;35:do=01;35:bd=40;33;01:cd=40;33;01:or=40;31;01:mi=00:su=37;41:sg=30;43:ca=00:tw=30;42:ow=34;42:st=37;44:ex=01;32:*.tar=01;31:*.tgz=01;31:*.arc=01;31:*.arj=01;31:*.taz=01;31:*.lha=01;31:*.lz4=01;31:*.lzh=01;31:*.lzma=01;31:*.tlz=01;31:*.txz=01;31:*.tzo=01;31:*.t7z=01;31:*.zip=01;31:*.z=01;31:*.dz=01;31:*.gz=01;31:*.lrz=01;31:*.lz=01;31:*.lzo=01;31:*.xz=01;31:*.zst=01;31:*.tzst=01;31:*.bz2=01;31:*.bz=01;31:*.tbz=01;31:*.tbz2=01;31:*.tz=01;31:*.deb=01;31:*.rpm=01;31:*.jar=01;31:*.war=01;31:*.ear=01;31:*.sar=01;31:*.rar=01;31:*.alz=01;31:*.ace=01;31:*.zoo=01;31:*.cpio=01;31:*.7z=01;31:*.rz=01;31:*.cab=01;31:*.wim=01;31:*.swm=01;31:*.dwm=01;31:*.esd=01;31:*.avif=01;35:*.jpg=01;35:*.jpeg=01;35:*.mjpg=01;35:*.mjpeg=01;35:*.gif=01;35:*.bmp=01;35:*.pbm=01;35:*.pgm=01;35:*.ppm=01;35:*.tga=01;35:*.xbm=01;35:*.xpm=01;35:*.tif=01;35:*.tiff=01;35:*.png=01;35:*.svg=01;35:*.svgz=01;35:*.mng=01;35:*.pcx=01;35:*.mov=01;35:*.mpg=01;35:*.mpeg=01;35:*.m2v=01;35:*.mkv=01;35:*.webm=01;35:*.webp=01;35:*.ogm=01;35:*.mp4=01;35:*.m4v=01;35:*.mp4v=01;35:*.vob=01;35:*.qt=01;35:*.nuv=01;35:*.wmv=01;35:*.asf=01;35:*.rm=01;35:*.rmvb=01;35:*.flc=01;35:*.avi=01;35:*.fli=01;35:*.flv=01;35:*.gl=01;35:*.dl=01;35:*.xcf=01;35:*.xwd=01;35:*.yuv=01;35:*.cgm=01;35:*.emf=01;35:*.ogv=01;35:*.ogx=01;35:*.aac=00;36:*.au=00;36:*.flac=00;36:*.m4a=00;36:*.mid=00;36:*.midi=00;36:*.mka=00;36:*.mp3=00;36:*.mpc=00;36:*.ogg=00;36:*.ra=00;36:*.wav=00;36:*.oga=00;36:*.opus=00;36:*.spx=00;36:*.xspf=00;36:*~=00;90:*#=00;90:*.bak=00;90:*.crdownload=00;90:*.dpkg-dist=00;90:*.dpkg-new=00;90:*.dpkg-old=00;90:*.dpkg-tmp=00;90:*.old=00;90:*.orig=00;90:*.part=00;90:*.rej=00;90:*.rpmnew=00;90:*.rpmorig=00;90:*.rpmsave=00;90:*.swp=00;90:*.tmp=00;90:*.ucf-dist=00;90:*.ucf-new=00;90:*.ucf-old=00;90:', 'VSCODE_GIT_IPC_HANDLE': '/run/user/1000/vscode-git-f6e3659723.sock', 'TERM_PROGRAM': 'vscode', 'SSH_AUTH_SOCK': '/run/user/1000/keyring/ssh', 'GSETTINGS_SCHEMA_DIR': '/home/husky/snap/code/253/.local/share/glib-2.0/schemas', 'AMENT_PREFIX_PATH': '/home/husky/TR/install/livox_ros_driver2:/opt/ros/jazzy', 'DEBIAN_FRONTEND': 'noninteractive', 'SHELL': '/bin/bash', 'QT_ACCESSIBILITY': '1', 'ELECTRON_RUN_AS_NODE': '1', 'GDMSESSION': 'ubuntu', 'CLOUDSDK_PROXY_TYPE': 'https', 'LESSCLOSE': '/usr/bin/lesspipe %s %s', 'GTK_PATH_VSCODE_SNAP_ORIG': '', 'FONTCONFIG_FILE': '/etc/fonts/fonts.conf', 'GTK_IM_MODULE_FILE_VSCODE_SNAP_ORIG': '', 'CLOUDSDK_PROXY_ADDRESS': 'localhost', 'GPG_AGENT_INFO': '/run/user/1000/gnupg/S.gpg-agent:0:1', 'GJS_DEBUG_OUTPUT': 'stderr', 'CLOUDSDK_PROXY_PORT': '3128', 'ROS_AUTOMATIC_DISCOVERY_RANGE': 'SUBNET', 'VSCODE_GIT_ASKPASS_EXTRA_ARGS': '', 'GIT_PAGER': 'cat', 'QT_IM_MODULE': 'ibus', 'PWD': '/home/husky/TR/build/fastlio2', 'CLAUDE_TMPDIR': '/home/husky/.vscode/tmp/tmp_vscode_1', 'GIT_MERGE_AUTOEDIT': 'no', 'XDG_CONFIG_DIRS': '/etc/xdg/xdg-ubuntu:/etc/xdg', 'COPILOT_DEBUG_NONCE': '1b11bd14131318a94116e9e7ded58081', 'FTP_PROXY': 'socks5h://localhost:1080', 'XDG_DATA_DIRS': '/home/husky/snap/code/253/.local/share:/home/husky/snap/code/253:/snap/code/253/usr/share:/usr/share/ubuntu:/usr/share/gnome:/usr/local/share/:/usr/share/:/var/lib/snapd/desktop', 'QTWEBENGINE_DICTIONARIES_PATH': '/usr/share/hunspell-bdic/', 'PYTHONPATH': '/home/husky/TR/install/livox_ros_driver2/lib/python3.12/site-packages:/opt/ros/jazzy/lib/python3.12/site-packages', 'HTTP_PROXY': 'http://localhost:3128', 'COLCON': '1', 'MEMORY_PRESSURE_WRITE': 'c29tZSAyMDAwMDAgMjAwMDAwMAA=', 'DOCKER_HTTP_PROXY': 'http://localhost:3128', 'CMAKE_PREFIX_PATH': '/home/husky/TR/install/livox_ros_driver2:/opt/ros/jazzy/opt/gz_sim_vendor:/opt/ros/jazzy/opt/gz_sensors_vendor:/opt/ros/jazzy/opt/gz_physics_vendor:/opt/ros/jazzy/opt/sdformat_vendor:/opt/ros/jazzy/opt/gz_gui_vendor:/opt/ros/jazzy/opt/gz_transport_vendor:/opt/ros/jazzy/opt/gz_rendering_vendor:/opt/ros/jazzy/opt/gz_plugin_vendor:/opt/ros/jazzy/opt/gz_fuel_tools_vendor:/opt/ros/jazzy/opt/gz_msgs_vendor:/opt/ros/jazzy/opt/gz_common_vendor:/opt/ros/jazzy/opt/gz_math_vendor:/opt/ros/jazzy/opt/gz_utils_vendor:/opt/ros/jazzy/opt/gz_tools_vendor:/opt/ros/jazzy/opt/gz_ogre_next_vendor:/opt/ros/jazzy/opt/gz_dartsim_vendor:/opt/ros/jazzy/opt/gz_cmake_vendor:/opt/ros/jazzy', 'GRPC_PROXY': 'socks5h://localhost:1080'}), 'shell': False}
[11.423302] (-) TimerEvent: {}
[11.438056] (fastlio2) StdoutLine: {'line': b'-- The C compiler identification is GNU 12.4.0\n'}
[11.480576] (fastlio2) StdoutLine: {'line': b'-- The CXX compiler identification is GNU 12.4.0\n'}
[11.493996] (fastlio2) StdoutLine: {'line': b'-- Detecting C compiler ABI info\n'}
[11.523417] (-) TimerEvent: {}
[11.561051] (fastlio2) StdoutLine: {'line': b'-- Detecting C compiler ABI info - done\n'}
[11.566593] (fastlio2) StdoutLine: {'line': b'-- Check for working C compiler: /usr/bin/cc - skipped\n'}
[11.566757] (fastlio2) StdoutLine: {'line': b'-- Detecting C compile features\n'}
[11.566997] (fastlio2) StdoutLine: {'line': b'-- Detecting C compile features - done\n'}
[11.573705] (fastlio2) StdoutLine: {'line': b'-- Detecting CXX compiler ABI info\n'}
[11.623514] (-) TimerEvent: {}
[11.645358] (fastlio2) StdoutLine: {'line': b'-- Detecting CXX compiler ABI info - done\n'}
[11.651175] (fastlio2) StdoutLine: {'line': b'-- Check for working CXX compiler: /usr/bin/c++ - skipped\n'}
[11.651382] (fastlio2) StdoutLine: {'line': b'-- Detecting CXX compile features\n'}
[11.651718] (fastlio2) StdoutLine: {'line': b'-- Detecting CXX compile features - done\n'}
[11.655655] (fastlio2) StdoutLine: {'line': b'-- Found ament_cmake: 2.5.6 (/opt/ros/jazzy/share/ament_cmake/cmake)\n'}
[11.723611] (-) TimerEvent: {}
[11.771754] (fastlio2) StdoutLine: {'line': b'-- Found Python3: /usr/bin/python3 (found version "3.12.3") found components: Interpreter \n'}
[11.823719] (-) TimerEvent: {}
[11.873176] (fastlio2) StdoutLine: {'line': b'-- Found rclcpp: 28.1.21 (/opt/ros/jazzy/share/rclcpp/cmake)\n'}
[11.918678] (fastlio2) StdoutLine: {'line': b'-- Found rosidl_generator_c: 4.6.9 (/opt/ros/jazzy/share/rosidl_generator_c/cmake)\n'}
[11.923798] (-) TimerEvent: {}
[11.934027] (fastlio2) StdoutLine: {'line': b'-- Found rosidl_generator_cpp: 4.6.9 (/opt/ros/jazzy/share/rosidl_generator_cpp/cmake)\n'}
[11.950625] (fastlio2) StdoutLine: {'line': b'-- Using all available rosidl_typesupport_c: rosidl_typesupport_fastrtps_c;rosidl_typesupport_introspection_c\n'}
[11.968072] (fastlio2) StdoutLine: {'line': b'-- Using all available rosidl_typesupport_cpp: rosidl_typesupport_fastrtps_cpp;rosidl_typesupport_introspection_cpp\n'}
[12.023913] (-) TimerEvent: {}
[12.038461] (fastlio2) StdoutLine: {'line': b'-- Found rmw_implementation_cmake: 7.3.3 (/opt/ros/jazzy/share/rmw_implementation_cmake/cmake)\n'}
[12.042314] (fastlio2) StdoutLine: {'line': b'-- Found rmw_fastrtps_cpp: 8.4.4 (/opt/ros/jazzy/share/rmw_fastrtps_cpp/cmake)\n'}
[12.117904] (fastlio2) StdoutLine: {'line': b'-- Found OpenSSL: /usr/lib/x86_64-linux-gnu/libcrypto.so (found version "3.0.13")  \n'}
[12.123991] (-) TimerEvent: {}
[12.134356] (fastlio2) StdoutLine: {'line': b'-- Found FastRTPS: /opt/ros/jazzy/include (Required is at least version "2.13") \n'}
[12.152032] (fastlio2) StdoutLine: {'line': b"-- Using RMW implementation 'rmw_fastrtps_cpp' as default\n"}
[12.217153] (fastlio2) StdoutLine: {'line': b'-- Found std_msgs: 5.3.8 (/opt/ros/jazzy/share/std_msgs/cmake)\n'}
[12.224081] (-) TimerEvent: {}
[12.231113] (fastlio2) StdoutLine: {'line': b'-- Found tf2: 0.36.21 (/opt/ros/jazzy/share/tf2/cmake)\n'}
[12.250444] (fastlio2) StdoutLine: {'line': b'-- Found tf2_ros: 0.36.21 (/opt/ros/jazzy/share/tf2_ros/cmake)\n'}
[12.324210] (-) TimerEvent: {}
[12.369996] (fastlio2) StdoutLine: {'line': b'-- Found nav_msgs: 5.3.8 (/opt/ros/jazzy/share/nav_msgs/cmake)\n'}
[12.393685] (fastlio2) StdoutLine: {'line': b'-- Found sensor_msgs: 5.3.8 (/opt/ros/jazzy/share/sensor_msgs/cmake)\n'}
[12.409287] (fastlio2) StdoutLine: {'line': b'-- Found livox_ros_driver2: 1.0.0 (/home/husky/TR/install/livox_ros_driver2/share/livox_ros_driver2/cmake)\n'}
[12.424282] (-) TimerEvent: {}
[12.489278] (fastlio2) StderrLine: {'line': b'\x1b[33mCMake Warning (dev) at /usr/lib/x86_64-linux-gnu/cmake/pcl/Modules/FindFLANN.cmake:45 (find_package):\n'}
[12.489512] (fastlio2) StderrLine: {'line': b'  Policy CMP0144 is not set: find_package uses upper-case <PACKAGENAME>_ROOT\n'}
[12.489606] (fastlio2) StderrLine: {'line': b'  variables.  Run "cmake --help-policy CMP0144" for policy details.  Use the\n'}
[12.489694] (fastlio2) StderrLine: {'line': b'  cmake_policy command to set the policy and suppress this warning.\n'}
[12.489772] (fastlio2) StderrLine: {'line': b'\n'}
[12.489853] (fastlio2) StderrLine: {'line': b'  CMake variable FLANN_ROOT is set to:\n'}
[12.489962] (fastlio2) StderrLine: {'line': b'\n'}
[12.490043] (fastlio2) StderrLine: {'line': b'    /usr\n'}
[12.490122] (fastlio2) StderrLine: {'line': b'\n'}
[12.490197] (fastlio2) StderrLine: {'line': b'  For compatibility, find_package is ignoring the variable, but code in a\n'}
[12.490274] (fastlio2) StderrLine: {'line': b'  .cmake module might still use it.\n'}
[12.490360] (fastlio2) StderrLine: {'line': b'Call Stack (most recent call first):\n'}
[12.490438] (fastlio2) StderrLine: {'line': b'  /usr/lib/x86_64-linux-gnu/cmake/pcl/PCLConfig.cmake:261 (find_package)\n'}
[12.490516] (fastlio2) StderrLine: {'line': b'  /usr/lib/x86_64-linux-gnu/cmake/pcl/PCLConfig.cmake:306 (find_flann)\n'}
[12.490596] (fastlio2) StderrLine: {'line': b'  /usr/lib/x86_64-linux-gnu/cmake/pcl/PCLConfig.cmake:570 (find_external_library)\n'}
[12.490673] (fastlio2) StderrLine: {'line': b'  /opt/ros/jazzy/share/pcl_conversions/cmake/ament_cmake_export_dependencies-extras.cmake:21 (find_package)\n'}
[12.490749] (fastlio2) StderrLine: {'line': b'  /opt/ros/jazzy/share/pcl_conversions/cmake/pcl_conversionsConfig.cmake:41 (include)\n'}
[12.490824] (fastlio2) StderrLine: {'line': b'  /home/husky/TR/install/livox_ros_driver2/share/livox_ros_driver2/cmake/ament_cmake_export_dependencies-extras.cmake:21 (find_package)\n'}
[12.490900] (fastlio2) StderrLine: {'line': b'  /home/husky/TR/install/livox_ros_driver2/share/livox_ros_driver2/cmake/livox_ros_driver2Config.cmake:41 (include)\n'}
[12.490976] (fastlio2) StderrLine: {'line': b'  CMakeLists.txt:30 (find_package)\n'}
[12.491054] (fastlio2) StderrLine: {'line': b'This warning is for project developers.  Use -Wno-dev to suppress it.\n'}
[12.491132] (fastlio2) StderrLine: {'line': b'\x1b[0m\n'}
[12.491211] (fastlio2) StdoutLine: {'line': b'-- Found flann version 1.9.2\n'}
[12.524401] (-) TimerEvent: {}
[12.624675] (-) TimerEvent: {}
[12.724991] (-) TimerEvent: {}
[12.733124] (fastlio2) StdoutLine: {'line': b'-- Found OpenMP_CXX: -fopenmp (found version "4.5") \n'}
[12.733371] (fastlio2) StdoutLine: {'line': b'-- Found OpenMP: TRUE (found version "4.5") found components: CXX \n'}
[12.825108] (-) TimerEvent: {}
[12.925406] (-) TimerEvent: {}
[13.025642] (-) TimerEvent: {}
[13.125875] (-) TimerEvent: {}
[13.226114] (-) TimerEvent: {}
[13.326362] (-) TimerEvent: {}
[13.426604] (-) TimerEvent: {}
[13.526879] (-) TimerEvent: {}
[13.627160] (-) TimerEvent: {}
[13.727415] (-) TimerEvent: {}
[13.760624] (fastlio2) StdoutLine: {'line': b"-- Checking for module 'libusb-1.0'\n"}
[13.774325] (fastlio2) StdoutLine: {'line': b'--   Found libusb-1.0, version 1.0.27\n'}
[13.813035] (fastlio2) StdoutLine: {'line': b'-- Found libusb: /usr/lib/x86_64-linux-gnu/libusb-1.0.so  \n'}
[13.813682] (fastlio2) StdoutLine: {'line': b'-- OpenNI found (version: 1.5.4.0, include: /usr/include/ni, lib: /usr/lib/libOpenNI.so;libusb::libusb)\n'}
[13.827507] (-) TimerEvent: {}
[13.865945] (fastlio2) StdoutLine: {'line': b'-- OpenNI2 found (version: 2.2.0.33, include: /usr/include/openni2, lib: /usr/lib/x86_64-linux-gnu/libOpenNI2.so;libusb::libusb)\n'}
[13.867503] (fastlio2) StdoutLine: {'line': b'-- Found Pcap: /usr/lib/x86_64-linux-gnu/libpcap.so  \n'}
[13.879336] (fastlio2) StdoutLine: {'line': b'-- Found ZLIB: /usr/lib/x86_64-linux-gnu/libz.so (found version "1.3")  \n'}
[13.894587] (fastlio2) StdoutLine: {'line': b'-- Found PNG: /usr/lib/x86_64-linux-gnu/libpng.so (found version "1.6.43") \n'}
[13.927568] (-) TimerEvent: {}
[14.027742] (-) TimerEvent: {}
[14.127982] (-) TimerEvent: {}
[14.219108] (fastlio2) StdoutLine: {'line': b'-- OpenNI found (version: 1.5.4.0, include: /usr/include/ni, lib: /usr/lib/libOpenNI.so;libusb::libusb)\n'}
[14.223578] (fastlio2) StdoutLine: {'line': b'-- OpenNI2 found (version: 2.2.0.33, include: /usr/include/openni2, lib: /usr/lib/x86_64-linux-gnu/libOpenNI2.so;libusb::libusb)\n'}
[14.228055] (-) TimerEvent: {}
[14.328243] (-) TimerEvent: {}
[14.428508] (-) TimerEvent: {}
[14.528727] (-) TimerEvent: {}
[14.536071] (fastlio2) StdoutLine: {'line': b'-- Found Qhull version 8.0.2\n'}
[14.628837] (-) TimerEvent: {}
[14.729085] (-) TimerEvent: {}
[14.829365] (-) TimerEvent: {}
[14.865968] (fastlio2) StdoutLine: {'line': b'-- OpenNI found (version: 1.5.4.0, include: /usr/include/ni, lib: /usr/lib/libOpenNI.so;libusb::libusb)\n'}
[14.929410] (-) TimerEvent: {}
[15.029630] (-) TimerEvent: {}
[15.129831] (-) TimerEvent: {}
[15.177128] (fastlio2) StdoutLine: {'line': b'-- Found PCL_COMMON: /usr/lib/x86_64-linux-gnu/libpcl_common.so  \n'}
[15.178039] (fastlio2) StdoutLine: {'line': b'-- Found PCL_KDTREE: /usr/lib/x86_64-linux-gnu/libpcl_kdtree.so  \n'}
[15.178901] (fastlio2) StdoutLine: {'line': b'-- Found PCL_OCTREE: /usr/lib/x86_64-linux-gnu/libpcl_octree.so  \n'}
[15.179597] (fastlio2) StdoutLine: {'line': b'-- Found PCL_SEARCH: /usr/lib/x86_64-linux-gnu/libpcl_search.so  \n'}
[15.180290] (fastlio2) StdoutLine: {'line': b'-- Found PCL_SAMPLE_CONSENSUS: /usr/lib/x86_64-linux-gnu/libpcl_sample_consensus.so  \n'}
[15.180980] (fastlio2) StdoutLine: {'line': b'-- Found PCL_FILTERS: /usr/lib/x86_64-linux-gnu/libpcl_filters.so  \n'}
[15.181210] (fastlio2) StdoutLine: {'line': b'-- Found PCL_2D: /usr/include/pcl-1.14  \n'}
[15.181431] (fastlio2) StdoutLine: {'line': b'-- Found PCL_GEOMETRY: /usr/include/pcl-1.14  \n'}
[15.182075] (fastlio2) StdoutLine: {'line': b'-- Found PCL_IO: /usr/lib/x86_64-linux-gnu/libpcl_io.so  \n'}
[15.182815] (fastlio2) StdoutLine: {'line': b'-- Found PCL_FEATURES: /usr/lib/x86_64-linux-gnu/libpcl_features.so  \n'}
[15.183537] (fastlio2) StdoutLine: {'line': b'-- Found PCL_ML: /usr/lib/x86_64-linux-gnu/libpcl_ml.so  \n'}
[15.184229] (fastlio2) StdoutLine: {'line': b'-- Found PCL_SEGMENTATION: /usr/lib/x86_64-linux-gnu/libpcl_segmentation.so  \n'}
[15.184975] (fastlio2) StdoutLine: {'line': b'-- Found PCL_VISUALIZATION: /usr/lib/x86_64-linux-gnu/libpcl_visualization.so  \n'}
[15.185759] (fastlio2) StdoutLine: {'line': b'-- Found PCL_SURFACE: /usr/lib/x86_64-linux-gnu/libpcl_surface.so  \n'}
[15.186465] (fastlio2) StdoutLine: {'line': b'-- Found PCL_REGISTRATION: /usr/lib/x86_64-linux-gnu/libpcl_registration.so  \n'}
[15.187188] (fastlio2) StdoutLine: {'line': b'-- Found PCL_KEYPOINTS: /usr/lib/x86_64-linux-gnu/libpcl_keypoints.so  \n'}
[15.187920] (fastlio2) StdoutLine: {'line': b'-- Found PCL_TRACKING: /usr/lib/x86_64-linux-gnu/libpcl_tracking.so  \n'}
[15.188630] (fastlio2) StdoutLine: {'line': b'-- Found PCL_RECOGNITION: /usr/lib/x86_64-linux-gnu/libpcl_recognition.so  \n'}
[15.189406] (fastlio2) StdoutLine: {'line': b'-- Found PCL_STEREO: /usr/lib/x86_64-linux-gnu/libpcl_stereo.so  \n'}
[15.190146] (fastlio2) StdoutLine: {'line': b'-- Found PCL_APPS: /usr/lib/x86_64-linux-gnu/libpcl_apps.so  \n'}
[15.190650] (fastlio2) StdoutLine: {'line': b'-- Found PCL_IN_HAND_SCANNER: /usr/include/pcl-1.14  \n'}
[15.190856] (fastlio2) StdoutLine: {'line': b'-- Found PCL_MODELER: /usr/include/pcl-1.14  \n'}
[15.191075] (fastlio2) StdoutLine: {'line': b'-- Found PCL_POINT_CLOUD_EDITOR: /usr/include/pcl-1.14  \n'}
[15.191771] (fastlio2) StdoutLine: {'line': b'-- Found PCL_OUTOFCORE: /usr/lib/x86_64-linux-gnu/libpcl_outofcore.so  \n'}
[15.192497] (fastlio2) StdoutLine: {'line': b'-- Found PCL_PEOPLE: /usr/lib/x86_64-linux-gnu/libpcl_people.so  \n'}
[15.229949] (-) TimerEvent: {}
[15.277142] (fastlio2) StderrLine: {'line': b'\x1b[33mCMake Warning (dev) at CMakeLists.txt:35 (find_package):\n'}
[15.277381] (fastlio2) StderrLine: {'line': b'  Policy CMP0074 is not set: find_package uses <PackageName>_ROOT variables.\n'}
[15.277483] (fastlio2) StderrLine: {'line': b'  Run "cmake --help-policy CMP0074" for policy details.  Use the cmake_policy\n'}
[15.277581] (fastlio2) StderrLine: {'line': b'  command to set the policy and suppress this warning.\n'}
[15.277659] (fastlio2) StderrLine: {'line': b'\n'}
[15.277722] (fastlio2) StderrLine: {'line': b'  CMake variable PCL_ROOT is set to:\n'}
[15.277786] (fastlio2) StderrLine: {'line': b'\n'}
[15.277845] (fastlio2) StderrLine: {'line': b'    /usr\n'}
[15.277904] (fastlio2) StderrLine: {'line': b'\n'}
[15.277963] (fastlio2) StderrLine: {'line': b'  For compatibility, CMake is ignoring the variable.\n'}
[15.278022] (fastlio2) StderrLine: {'line': b'This warning is for project developers.  Use -Wno-dev to suppress it.\n'}
[15.278079] (fastlio2) StderrLine: {'line': b'\x1b[0m\n'}
[15.293403] (fastlio2) StderrLine: {'line': b'\x1b[31mCMake Error at CMakeLists.txt:37 (find_package):\n'}
[15.293589] (fastlio2) StderrLine: {'line': b'  By not providing "FindSophus.cmake" in CMAKE_MODULE_PATH this project has\n'}
[15.293686] (fastlio2) StderrLine: {'line': b'  asked CMake to find a package configuration file provided by "Sophus", but\n'}
[15.293775] (fastlio2) StderrLine: {'line': b'  CMake did not find one.\n'}
[15.293857] (fastlio2) StderrLine: {'line': b'\n'}
[15.293939] (fastlio2) StderrLine: {'line': b'  Could not find a package configuration file provided by "Sophus" with any\n'}
[15.294019] (fastlio2) StderrLine: {'line': b'  of the following names:\n'}
[15.294099] (fastlio2) StderrLine: {'line': b'\n'}
[15.294180] (fastlio2) StderrLine: {'line': b'    SophusConfig.cmake\n'}
[15.294259] (fastlio2) StderrLine: {'line': b'    sophus-config.cmake\n'}
[15.294336] (fastlio2) StderrLine: {'line': b'\n'}
[15.294431] (fastlio2) StderrLine: {'line': b'  Add the installation prefix of "Sophus" to CMAKE_PREFIX_PATH or set\n'}
[15.294512] (fastlio2) StderrLine: {'line': b'  "Sophus_DIR" to a directory containing one of the above files.  If "Sophus"\n'}
[15.294596] (fastlio2) StderrLine: {'line': b'  provides a separate development package or SDK, be sure it has been\n'}
[15.294664] (fastlio2) StderrLine: {'line': b'  installed.\n'}
[15.294723] (fastlio2) StderrLine: {'line': b'\n'}
[15.294782] (fastlio2) StderrLine: {'line': b'\x1b[0m\n'}
[15.294841] (fastlio2) StdoutLine: {'line': b'-- Configuring incomplete, errors occurred!\n'}
[15.309128] (fastlio2) CommandEnded: {'returncode': 1}
[15.323583] (fastlio2) JobEnded: {'identifier': 'fastlio2', 'rc': 1}
[15.330025] (-) TimerEvent: {}
[15.333876] (-) EventReactorShutdown: {}
