# 电机故障日志；上位机收到电机故障回包后在此追加本机时间戳、总线、ID、错误码和板端 tick。
2026-08-13T15:57:45.770+08:00 | M2006 | FDCAN3 | ID=0x01 | error=0xF0 (反馈超时/离线) | board_tick_ms=191669
2026-08-13T16:01:10.189+08:00 | M2006 | FDCAN3 | ID=0x01 | error=0xF0 (反馈超时/离线) | board_tick_ms=54373
2026-08-13T16:01:21.656+08:00 | M2006 | FDCAN3 | ID=0x01 | error=0xF0 (反馈超时/离线) | board_tick_ms=65825
2026-08-13T16:01:44.114+08:00 | M2006 | FDCAN3 | ID=0x02 | error=0xF0 (反馈超时/离线) | board_tick_ms=88295
2026-08-13T16:01:45.294+08:00 | M2006 | FDCAN3 | ID=0x02 | error=0xF0 (反馈超时/离线) | board_tick_ms=89469
2026-08-13T16:01:50.942+08:00 | M2006 | FDCAN3 | ID=0x02 | error=0xF0 (反馈超时/离线) | board_tick_ms=95125
2026-08-13T16:06:53.540+08:00 | M2006 | FDCAN3 | ID=0x01 | error=0xF0 (反馈超时/离线) | board_tick_ms=14325
2026-08-13T18:23:00.361+08:00 | J4310 | FDCAN1 | ID=0x06 | error=0xF0 (反馈超时/离线) | board_tick_ms=17936
2026-08-13T18:23:03.206+08:00 | J4310 | FDCAN1 | ID=0x06 | error=0xF0 (反馈超时/离线) | board_tick_ms=20796
2026-08-13T18:23:04.969+08:00 | J4310 | FDCAN1 | ID=0x06 | error=0xF0 (反馈超时/离线) | board_tick_ms=22548
2026-08-13T18:23:13.419+08:00 | J4310 | FDCAN1 | ID=0x06 | error=0xF0 (反馈超时/离线) | board_tick_ms=31011
2026-08-13T18:23:34.578+08:00 | M3508 | FDCAN2 | ID=0x01 | error=0xF0 (反馈超时/离线) | board_tick_ms=52151
2026-08-13T18:23:34.587+08:00 | M3508 | FDCAN2 | ID=0x02 | error=0xF0 (反馈超时/离线) | board_tick_ms=52155
2026-08-13T18:24:24.746+08:00 | J4310 | FDCAN1 | ID=0x06 | error=0xF0 (反馈超时/离线) | board_tick_ms=102339
2026-08-13T18:24:41.742+08:00 | M3508 | FDCAN2 | ID=0x01 | error=0xF0 (反馈超时/离线) | board_tick_ms=119324
2026-08-13T18:24:41.750+08:00 | M3508 | FDCAN2 | ID=0x02 | error=0xF0 (反馈超时/离线) | board_tick_ms=119325
2026-08-13T18:24:50.435+08:00 | M3508 | FDCAN2 | ID=0x01 | error=0xF0 (反馈超时/离线) | board_tick_ms=128031
2026-08-13T18:24:50.443+08:00 | M3508 | FDCAN2 | ID=0x02 | error=0xF0 (反馈超时/离线) | board_tick_ms=128032
2026-08-13T18:25:36.137+08:00 | M2006 | FDCAN3 | ID=0x01 | error=0xF0 (反馈超时/离线) | board_tick_ms=173731
2026-08-13T18:25:43.001+08:00 | M2006 | FDCAN3 | ID=0x01 | error=0xF0 (反馈超时/离线) | board_tick_ms=180598
2026-08-13T18:26:04.969+08:00 | M2006 | FDCAN3 | ID=0x02 | error=0xF0 (反馈超时/离线) | board_tick_ms=202549
2026-08-13T19:08:46.723+08:00 | J4310 | FDCAN1 | ID=0x06 | error=0xF0 (反馈超时/离线) | board_tick_ms=41191
2026-08-13T19:08:59.387+08:00 | J4310 | FDCAN1 | ID=0x06 | error=0xF0 (反馈超时/离线) | board_tick_ms=53839
2026-08-13T19:22:46.612+08:00 | M3508 | FDCAN2 | ID=0x01 | error=0xF0 (反馈超时/离线) | board_tick_ms=40324
2026-08-13T19:22:46.620+08:00 | M3508 | FDCAN2 | ID=0x02 | error=0xF0 (反馈超时/离线) | board_tick_ms=40325
2026-08-13T19:24:23.453+08:00 | M3508 | FDCAN2 | ID=0x01 | error=0xF0 (反馈超时/离线) | board_tick_ms=137144
2026-08-13T19:24:23.460+08:00 | M3508 | FDCAN2 | ID=0x02 | error=0xF0 (反馈超时/离线) | board_tick_ms=137145
2026-08-13T19:25:09.553+08:00 | M2006 | FDCAN3 | ID=0x01 | error=0xF0 (反馈超时/离线) | board_tick_ms=183264
2026-08-13T19:25:47.324+08:00 | M2006 | FDCAN3 | ID=0x01 | error=0xF0 (反馈超时/离线) | board_tick_ms=221036
2026-08-13T19:26:30.007+08:00 | M2006 | FDCAN3 | ID=0x01 | error=0xF0 (反馈超时/离线) | board_tick_ms=263714
2026-08-13T19:38:53.460+08:00 | M3508 | FDCAN2 | ID=0x01 | error=0xF0 (反馈超时/离线) | board_tick_ms=12662
2026-08-13T19:38:53.463+08:00 | M3508 | FDCAN2 | ID=0x02 | error=0xF0 (反馈超时/离线) | board_tick_ms=12663
2026-08-13T19:39:51.295+08:00 | M3508 | FDCAN2 | ID=0x01 | error=0xF0 (反馈超时/离线) | board_tick_ms=70491
2026-08-13T19:39:51.300+08:00 | M3508 | FDCAN2 | ID=0x02 | error=0xF0 (反馈超时/离线) | board_tick_ms=70492
2026-08-13T19:41:36.940+08:00 | M3508 | FDCAN2 | ID=0x01 | error=0xF0 (反馈超时/离线) | board_tick_ms=56717
2026-08-13T19:41:36.948+08:00 | M3508 | FDCAN2 | ID=0x02 | error=0xF0 (反馈超时/离线) | board_tick_ms=56718
2026-08-13T19:43:22.610+08:00 | M3508 | FDCAN2 | ID=0x01 | error=0xF0 (反馈超时/离线) | board_tick_ms=162364
2026-08-13T19:43:22.617+08:00 | M3508 | FDCAN2 | ID=0x02 | error=0xF0 (反馈超时/离线) | board_tick_ms=162365
2026-08-13T19:45:04.674+08:00 | M2006 | FDCAN3 | ID=0x01 | error=0xF0 (反馈超时/离线) | board_tick_ms=264426
2026-08-13T20:12:48.158+08:00 | M2006 | FDCAN3 | ID=0x02 | error=0xF0 (反馈超时/离线) | board_tick_ms=52733
2026-08-13T20:13:14.564+08:00 | M2006 | FDCAN3 | ID=0x02 | error=0xF0 (反馈超时/离线) | board_tick_ms=79122
2026-08-13T20:14:37.365+08:00 | M2006 | FDCAN3 | ID=0x02 | error=0xF0 (反馈超时/离线) | board_tick_ms=40415
2026-08-13T20:16:05.231+08:00 | M2006 | FDCAN3 | ID=0x02 | error=0xF0 (反馈超时/离线) | board_tick_ms=39180
2026-08-13T21:07:55.053+08:00 | M2006 | FDCAN3 | ID=0x01 | error=0xF0 (反馈超时/离线) | board_tick_ms=16422
2026-08-13T21:10:40.143+08:00 | M2006 | FDCAN3 | ID=0x01 | error=0xF0 (反馈超时/离线) | board_tick_ms=33056
2026-08-13T22:28:56.552+08:00 | M3508 | FDCAN2 | ID=0x01 | error=0xF0 (反馈超时/离线) | board_tick_ms=70620
2026-08-13T22:28:56.584+08:00 | M3508 | FDCAN2 | ID=0x02 | error=0xF0 (反馈超时/离线) | board_tick_ms=70621
2026-08-13T22:29:25.953+08:00 | M3508 | FDCAN2 | ID=0x01 | error=0xF0 (反馈超时/离线) | board_tick_ms=100029
2026-08-13T22:29:25.958+08:00 | M3508 | FDCAN2 | ID=0x02 | error=0xF0 (反馈超时/离线) | board_tick_ms=100030
2026-08-13T22:30:13.079+08:00 | M3508 | FDCAN2 | ID=0x01 | error=0xF0 (反馈超时/离线) | board_tick_ms=35047
2026-08-13T22:30:13.085+08:00 | M3508 | FDCAN2 | ID=0x02 | error=0xF0 (反馈超时/离线) | board_tick_ms=35048
2026-08-13T22:32:34.497+08:00 | M2006 | FDCAN3 | ID=0x01 | error=0xF0 (反馈超时/离线) | board_tick_ms=35838
2026-08-13T22:33:51.233+08:00 | M2006 | FDCAN3 | ID=0x02 | error=0xF0 (反馈超时/离线) | board_tick_ms=10993
2026-08-13T23:52:08.577+08:00 | M2006 | FDCAN3 | ID=0x01 | error=0xF0 (反馈超时/离线) | board_tick_ms=12454
2026-08-13T23:52:41.264+08:00 | M2006 | FDCAN3 | ID=0x01 | error=0xF0 (反馈超时/离线) | board_tick_ms=45177
2026-08-14T00:48:13.956+08:00 | M2006 | FDCAN3 | ID=0x01 | error=0xF0 (反馈超时/离线) | board_tick_ms=19369
2026-08-14T00:48:42.770+08:00 | M2006 | FDCAN3 | ID=0x02 | error=0xF0 (反馈超时/离线) | board_tick_ms=48186
2026-08-14T01:49:27.224+08:00 | M2006 | FDCAN3 | ID=0x01 | error=0xF0 (反馈超时/离线) | board_tick_ms=27036
2026-08-14T01:50:19.609+08:00 | M2006 | FDCAN3 | ID=0x01 | error=0xF0 (反馈超时/离线) | board_tick_ms=79433
2026-08-14T02:17:08.963+08:00 | M2006 | FDCAN3 | ID=0x01 | error=0xF0 (反馈超时/离线) | board_tick_ms=27801
2026-08-14T09:16:52.799+08:00 | J4310 | FDCAN1 | ID=0x06 | error=0x01 (未知故障) | board_tick_ms=224123
2026-08-14T09:16:52.877+08:00 | J4310 | FDCAN1 | ID=0x06 | error=0x01 (未知故障) | board_tick_ms=224125
2026-08-14T09:16:52.883+08:00 | J4310 | FDCAN1 | ID=0x06 | error=0x01 (未知故障) | board_tick_ms=224127
2026-08-14T09:16:52.889+08:00 | J4310 | FDCAN1 | ID=0x06 | error=0x01 (未知故障) | board_tick_ms=224129
2026-08-14T09:16:52.895+08:00 | J4310 | FDCAN1 | ID=0x06 | error=0x01 (未知故障) | board_tick_ms=224131
2026-08-14T09:16:52.902+08:00 | J4310 | FDCAN1 | ID=0x06 | error=0x01 (未知故障) | board_tick_ms=224133
2026-08-14T09:16:52.910+08:00 | J4310 | FDCAN1 | ID=0x06 | error=0x01 (未知故障) | board_tick_ms=224135
2026-08-14T09:16:52.917+08:00 | J4310 | FDCAN1 | ID=0x06 | error=0x01 (未知故障) | board_tick_ms=224137
2026-08-14T09:16:52.925+08:00 | J4310 | FDCAN1 | ID=0x06 | error=0x01 (未知故障) | board_tick_ms=224139
2026-08-14T09:16:52.933+08:00 | J4310 | FDCAN1 | ID=0x06 | error=0x01 (未知故障) | board_tick_ms=224141
2026-08-14T09:16:52.941+08:00 | J4310 | FDCAN1 | ID=0x06 | error=0x01 (未知故障) | board_tick_ms=224143
2026-08-14T09:16:52.954+08:00 | J4310 | FDCAN1 | ID=0x06 | error=0x01 (未知故障) | board_tick_ms=224145
2026-08-14T09:16:52.962+08:00 | J4310 | FDCAN1 | ID=0x06 | error=0x01 (未知故障) | board_tick_ms=224147
2026-08-14T09:16:52.970+08:00 | J4310 | FDCAN1 | ID=0x06 | error=0x01 (未知故障) | board_tick_ms=224149
2026-08-14T09:16:52.977+08:00 | J4310 | FDCAN1 | ID=0x06 | error=0x01 (未知故障) | board_tick_ms=224151
2026-08-14T09:16:52.985+08:00 | J4310 | FDCAN1 | ID=0x06 | error=0x01 (未知故障) | board_tick_ms=224153
2026-08-14T09:16:52.992+08:00 | J4310 | FDCAN1 | ID=0x06 | error=0x01 (未知故障) | board_tick_ms=224155
2026-08-14T09:16:53.000+08:00 | J4310 | FDCAN1 | ID=0x06 | error=0x01 (未知故障) | board_tick_ms=224157
2026-08-14T09:16:53.007+08:00 | J4310 | FDCAN1 | ID=0x06 | error=0x01 (未知故障) | board_tick_ms=224159
2026-08-14T09:16:53.015+08:00 | J4310 | FDCAN1 | ID=0x06 | error=0x01 (未知故障) | board_tick_ms=224161
2026-08-14T09:16:53.023+08:00 | J4310 | FDCAN1 | ID=0x06 | error=0x01 (未知故障) | board_tick_ms=224163
2026-08-14T09:16:53.031+08:00 | J4310 | FDCAN1 | ID=0x06 | error=0x01 (未知故障) | board_tick_ms=224165
2026-08-14T09:16:53.038+08:00 | J4310 | FDCAN1 | ID=0x06 | error=0x01 (未知故障) | board_tick_ms=224167
2026-08-14T09:16:53.046+08:00 | J4310 | FDCAN1 | ID=0x06 | error=0x01 (未知故障) | board_tick_ms=224169
2026-08-14T09:16:53.053+08:00 | J4310 | FDCAN1 | ID=0x06 | error=0x01 (未知故障) | board_tick_ms=224171
2026-08-14T09:16:53.061+08:00 | J4310 | FDCAN1 | ID=0x06 | error=0x01 (未知故障) | board_tick_ms=224173
2026-08-14T09:16:53.068+08:00 | J4310 | FDCAN1 | ID=0x06 | error=0x01 (未知故障) | board_tick_ms=224175
2026-08-14T09:16:53.076+08:00 | J4310 | FDCAN1 | ID=0x06 | error=0x01 (未知故障) | board_tick_ms=224177
2026-08-14T09:16:53.083+08:00 | J4310 | FDCAN1 | ID=0x06 | error=0x01 (未知故障) | board_tick_ms=224179
2026-08-14T09:16:53.091+08:00 | J4310 | FDCAN1 | ID=0x06 | error=0x01 (未知故障) | board_tick_ms=224181
2026-08-14T09:16:53.098+08:00 | J4310 | FDCAN1 | ID=0x06 | error=0x01 (未知故障) | board_tick_ms=224183
2026-08-14T09:16:53.106+08:00 | J4310 | FDCAN1 | ID=0x06 | error=0x01 (未知故障) | board_tick_ms=224185
2026-08-14T09:16:53.113+08:00 | J4310 | FDCAN1 | ID=0x06 | error=0x01 (未知故障) | board_tick_ms=224187
2026-08-14T09:16:53.121+08:00 | J4310 | FDCAN1 | ID=0x06 | error=0x01 (未知故障) | board_tick_ms=224189
2026-08-14T09:16:53.128+08:00 | J4310 | FDCAN1 | ID=0x06 | error=0x01 (未知故障) | board_tick_ms=224191
2026-08-14T09:16:53.136+08:00 | J4310 | FDCAN1 | ID=0x06 | error=0x01 (未知故障) | board_tick_ms=224193
2026-08-14T09:16:53.143+08:00 | J4310 | FDCAN1 | ID=0x06 | error=0x01 (未知故障) | board_tick_ms=224195
2026-08-14T09:16:53.151+08:00 | J4310 | FDCAN1 | ID=0x06 | error=0x01 (未知故障) | board_tick_ms=224197
2026-08-14T09:16:53.159+08:00 | J4310 | FDCAN1 | ID=0x06 | error=0x01 (未知故障) | board_tick_ms=224199
2026-08-14T09:16:53.167+08:00 | J4310 | FDCAN1 | ID=0x06 | error=0x01 (未知故障) | board_tick_ms=224201
2026-08-14T09:16:53.175+08:00 | J4310 | FDCAN1 | ID=0x06 | error=0x01 (未知故障) | board_tick_ms=224203
2026-08-14T09:16:53.182+08:00 | J4310 | FDCAN1 | ID=0x06 | error=0x01 (未知故障) | board_tick_ms=224205
2026-08-14T09:16:53.190+08:00 | J4310 | FDCAN1 | ID=0x06 | error=0x01 (未知故障) | board_tick_ms=224207
2026-08-14T09:16:53.198+08:00 | J4310 | FDCAN1 | ID=0x06 | error=0x01 (未知故障) | board_tick_ms=224209
2026-08-14T09:16:53.206+08:00 | J4310 | FDCAN1 | ID=0x06 | error=0x01 (未知故障) | board_tick_ms=224211
2026-08-14T09:16:53.214+08:00 | J4310 | FDCAN1 | ID=0x06 | error=0x01 (未知故障) | board_tick_ms=224213
2026-08-14T09:16:53.222+08:00 | J4310 | FDCAN1 | ID=0x06 | error=0x01 (未知故障) | board_tick_ms=224215
2026-08-14T09:16:53.230+08:00 | J4310 | FDCAN1 | ID=0x06 | error=0x01 (未知故障) | board_tick_ms=224217
2026-08-14T09:16:53.237+08:00 | J4310 | FDCAN1 | ID=0x06 | error=0x01 (未知故障) | board_tick_ms=224219
2026-08-14T09:16:53.245+08:00 | J4310 | FDCAN1 | ID=0x06 | error=0x01 (未知故障) | board_tick_ms=224221
2026-08-14T09:16:53.252+08:00 | J4310 | FDCAN1 | ID=0x06 | error=0x01 (未知故障) | board_tick_ms=224223
2026-08-14T09:16:53.260+08:00 | J4310 | FDCAN1 | ID=0x06 | error=0x01 (未知故障) | board_tick_ms=224225
2026-08-14T09:16:53.268+08:00 | J4310 | FDCAN1 | ID=0x06 | error=0x01 (未知故障) | board_tick_ms=224227
2026-08-14T09:16:53.275+08:00 | J4310 | FDCAN1 | ID=0x06 | error=0x01 (未知故障) | board_tick_ms=224229
2026-08-14T09:16:53.283+08:00 | J4310 | FDCAN1 | ID=0x06 | error=0x01 (未知故障) | board_tick_ms=224231
2026-08-14T09:16:53.291+08:00 | J4310 | FDCAN1 | ID=0x06 | error=0x01 (未知故障) | board_tick_ms=224233
2026-08-14T09:16:53.298+08:00 | J4310 | FDCAN1 | ID=0x06 | error=0x01 (未知故障) | board_tick_ms=224235
2026-08-14T09:16:53.306+08:00 | J4310 | FDCAN1 | ID=0x06 | error=0x01 (未知故障) | board_tick_ms=224237
2026-08-14T09:16:53.313+08:00 | J4310 | FDCAN1 | ID=0x06 | error=0x01 (未知故障) | board_tick_ms=224239
2026-08-14T09:16:53.321+08:00 | J4310 | FDCAN1 | ID=0x06 | error=0x01 (未知故障) | board_tick_ms=224241
2026-08-14T09:16:53.328+08:00 | J4310 | FDCAN1 | ID=0x06 | error=0x01 (未知故障) | board_tick_ms=224243
2026-08-14T09:16:53.335+08:00 | J4310 | FDCAN1 | ID=0x06 | error=0x01 (未知故障) | board_tick_ms=224245
2026-08-14T09:16:53.343+08:00 | J4310 | FDCAN1 | ID=0x06 | error=0x01 (未知故障) | board_tick_ms=224247
2026-08-14T09:16:53.351+08:00 | J4310 | FDCAN1 | ID=0x06 | error=0x01 (未知故障) | board_tick_ms=224249
2026-08-14T09:16:53.359+08:00 | J4310 | FDCAN1 | ID=0x06 | error=0x01 (未知故障) | board_tick_ms=224251
2026-08-14T09:16:53.366+08:00 | J4310 | FDCAN1 | ID=0x06 | error=0x01 (未知故障) | board_tick_ms=224253
2026-08-14T09:16:53.374+08:00 | J4310 | FDCAN1 | ID=0x06 | error=0x01 (未知故障) | board_tick_ms=224255
2026-08-14T09:16:53.381+08:00 | J4310 | FDCAN1 | ID=0x06 | error=0x01 (未知故障) | board_tick_ms=224257
2026-08-14T09:16:53.389+08:00 | J4310 | FDCAN1 | ID=0x06 | error=0x01 (未知故障) | board_tick_ms=224259
2026-08-14T09:16:53.396+08:00 | J4310 | FDCAN1 | ID=0x06 | error=0x01 (未知故障) | board_tick_ms=224261
2026-08-14T09:16:53.404+08:00 | J4310 | FDCAN1 | ID=0x06 | error=0x01 (未知故障) | board_tick_ms=224263
2026-08-14T09:16:53.411+08:00 | J4310 | FDCAN1 | ID=0x06 | error=0x01 (未知故障) | board_tick_ms=224265
2026-08-14T09:16:53.419+08:00 | J4310 | FDCAN1 | ID=0x06 | error=0x01 (未知故障) | board_tick_ms=224267
2026-08-14T09:16:53.427+08:00 | J4310 | FDCAN1 | ID=0x06 | error=0x01 (未知故障) | board_tick_ms=224269
2026-08-14T09:16:53.435+08:00 | J4310 | FDCAN1 | ID=0x06 | error=0x01 (未知故障) | board_tick_ms=224271
2026-08-14T09:16:53.442+08:00 | J4310 | FDCAN1 | ID=0x06 | error=0x01 (未知故障) | board_tick_ms=224273
2026-08-14T09:16:53.450+08:00 | J4310 | FDCAN1 | ID=0x06 | error=0x01 (未知故障) | board_tick_ms=224275
2026-08-14T09:16:53.457+08:00 | J4310 | FDCAN1 | ID=0x06 | error=0x01 (未知故障) | board_tick_ms=224277
2026-08-14T09:16:53.465+08:00 | J4310 | FDCAN1 | ID=0x06 | error=0x01 (未知故障) | board_tick_ms=224279
2026-08-14T09:16:53.473+08:00 | J4310 | FDCAN1 | ID=0x06 | error=0x01 (未知故障) | board_tick_ms=224281
2026-08-14T09:16:53.480+08:00 | J4310 | FDCAN1 | ID=0x06 | error=0x01 (未知故障) | board_tick_ms=224283
2026-08-14T09:16:53.488+08:00 | J4310 | FDCAN1 | ID=0x06 | error=0x01 (未知故障) | board_tick_ms=224285
2026-08-14T09:16:53.495+08:00 | J4310 | FDCAN1 | ID=0x06 | error=0x01 (未知故障) | board_tick_ms=224287
2026-08-14T09:16:53.503+08:00 | J4310 | FDCAN1 | ID=0x06 | error=0x01 (未知故障) | board_tick_ms=224289
2026-08-14T09:16:53.510+08:00 | J4310 | FDCAN1 | ID=0x06 | error=0x01 (未知故障) | board_tick_ms=224291
2026-08-14T09:16:53.518+08:00 | J4310 | FDCAN1 | ID=0x06 | error=0x01 (未知故障) | board_tick_ms=224293
2026-08-14T09:16:53.525+08:00 | J4310 | FDCAN1 | ID=0x06 | error=0x01 (未知故障) | board_tick_ms=224295
2026-08-14T09:16:53.534+08:00 | J4310 | FDCAN1 | ID=0x06 | error=0x01 (未知故障) | board_tick_ms=224297
2026-08-14T09:16:53.541+08:00 | J4310 | FDCAN1 | ID=0x06 | error=0x01 (未知故障) | board_tick_ms=224299
2026-08-14T09:16:53.549+08:00 | J4310 | FDCAN1 | ID=0x06 | error=0x01 (未知故障) | board_tick_ms=224301
2026-08-14T09:16:53.557+08:00 | J4310 | FDCAN1 | ID=0x06 | error=0x01 (未知故障) | board_tick_ms=224303
2026-08-14T09:16:53.564+08:00 | J4310 | FDCAN1 | ID=0x06 | error=0x01 (未知故障) | board_tick_ms=224305
2026-08-14T09:16:53.572+08:00 | J4310 | FDCAN1 | ID=0x06 | error=0x01 (未知故障) | board_tick_ms=224307
2026-08-14T09:16:53.579+08:00 | J4310 | FDCAN1 | ID=0x06 | error=0x01 (未知故障) | board_tick_ms=224309
2026-08-14T09:16:53.587+08:00 | J4310 | FDCAN1 | ID=0x06 | error=0x01 (未知故障) | board_tick_ms=224311
2026-08-14T09:16:53.594+08:00 | J4310 | FDCAN1 | ID=0x06 | error=0x01 (未知故障) | board_tick_ms=224313
2026-08-14T09:16:53.602+08:00 | J4310 | FDCAN1 | ID=0x06 | error=0x01 (未知故障) | board_tick_ms=224315
2026-08-14T09:16:53.610+08:00 | J4310 | FDCAN1 | ID=0x06 | error=0x01 (未知故障) | board_tick_ms=224317
2026-08-14T09:16:53.617+08:00 | J4310 | FDCAN1 | ID=0x06 | error=0x01 (未知故障) | board_tick_ms=224319
2026-08-14T09:16:53.625+08:00 | J4310 | FDCAN1 | ID=0x06 | error=0x01 (未知故障) | board_tick_ms=224321
2026-08-14T09:17:00.102+08:00 | J4310 | FDCAN1 | ID=0x06 | error=0xF0 (反馈超时/离线) | board_tick_ms=231411
2026-08-14T09:17:00.152+08:00 | J4310 | FDCAN1 | ID=0x06 | error=0x01 (未知故障) | board_tick_ms=231415
2026-08-14T09:17:00.159+08:00 | J4310 | FDCAN1 | ID=0x06 | error=0x01 (未知故障) | board_tick_ms=231417
2026-08-14T09:17:00.166+08:00 | J4310 | FDCAN1 | ID=0x06 | error=0x01 (未知故障) | board_tick_ms=231419
2026-08-14T09:17:00.173+08:00 | J4310 | FDCAN1 | ID=0x06 | error=0x01 (未知故障) | board_tick_ms=231421
2026-08-14T09:17:00.181+08:00 | J4310 | FDCAN1 | ID=0x06 | error=0x01 (未知故障) | board_tick_ms=231423
2026-08-14T09:17:00.188+08:00 | J4310 | FDCAN1 | ID=0x06 | error=0x01 (未知故障) | board_tick_ms=231425
2026-08-14T09:17:00.195+08:00 | J4310 | FDCAN1 | ID=0x06 | error=0x01 (未知故障) | board_tick_ms=231427
2026-08-14T09:17:00.204+08:00 | J4310 | FDCAN1 | ID=0x06 | error=0x01 (未知故障) | board_tick_ms=231429
2026-08-14T09:17:00.211+08:00 | J4310 | FDCAN1 | ID=0x06 | error=0x01 (未知故障) | board_tick_ms=231431
2026-08-14T09:17:00.219+08:00 | J4310 | FDCAN1 | ID=0x06 | error=0x01 (未知故障) | board_tick_ms=231433
2026-08-14T09:17:00.226+08:00 | J4310 | FDCAN1 | ID=0x06 | error=0x01 (未知故障) | board_tick_ms=231435
2026-08-14T09:17:00.234+08:00 | J4310 | FDCAN1 | ID=0x06 | error=0x01 (未知故障) | board_tick_ms=231437
2026-08-14T09:17:00.241+08:00 | J4310 | FDCAN1 | ID=0x06 | error=0x01 (未知故障) | board_tick_ms=231439
2026-08-14T09:17:00.248+08:00 | J4310 | FDCAN1 | ID=0x06 | error=0x01 (未知故障) | board_tick_ms=231441
2026-08-14T09:17:00.256+08:00 | J4310 | FDCAN1 | ID=0x06 | error=0x01 (未知故障) | board_tick_ms=231443
2026-08-14T09:17:00.264+08:00 | J4310 | FDCAN1 | ID=0x06 | error=0x01 (未知故障) | board_tick_ms=231445
2026-08-14T09:17:00.271+08:00 | J4310 | FDCAN1 | ID=0x06 | error=0x01 (未知故障) | board_tick_ms=231447
2026-08-14T09:17:00.278+08:00 | J4310 | FDCAN1 | ID=0x06 | error=0x01 (未知故障) | board_tick_ms=231449
2026-08-14T09:17:00.286+08:00 | J4310 | FDCAN1 | ID=0x06 | error=0x01 (未知故障) | board_tick_ms=231451
2026-08-14T09:17:00.293+08:00 | J4310 | FDCAN1 | ID=0x06 | error=0x01 (未知故障) | board_tick_ms=231453
2026-08-14T09:17:00.300+08:00 | J4310 | FDCAN1 | ID=0x06 | error=0x01 (未知故障) | board_tick_ms=231455
2026-08-14T09:17:00.308+08:00 | J4310 | FDCAN1 | ID=0x06 | error=0x01 (未知故障) | board_tick_ms=231457
2026-08-14T09:17:00.315+08:00 | J4310 | FDCAN1 | ID=0x06 | error=0x01 (未知故障) | board_tick_ms=231459
2026-08-14T09:17:00.323+08:00 | J4310 | FDCAN1 | ID=0x06 | error=0x01 (未知故障) | board_tick_ms=231461
2026-08-14T09:17:00.330+08:00 | J4310 | FDCAN1 | ID=0x06 | error=0x01 (未知故障) | board_tick_ms=231463
2026-08-14T09:17:00.338+08:00 | J4310 | FDCAN1 | ID=0x06 | error=0x01 (未知故障) | board_tick_ms=231465
2026-08-14T09:17:00.345+08:00 | J4310 | FDCAN1 | ID=0x06 | error=0x01 (未知故障) | board_tick_ms=231467
2026-08-14T09:17:00.352+08:00 | J4310 | FDCAN1 | ID=0x06 | error=0x01 (未知故障) | board_tick_ms=231469
2026-08-14T09:17:00.360+08:00 | J4310 | FDCAN1 | ID=0x06 | error=0x01 (未知故障) | board_tick_ms=231471
2026-08-14T09:17:00.367+08:00 | J4310 | FDCAN1 | ID=0x06 | error=0x01 (未知故障) | board_tick_ms=231473
2026-08-14T09:17:00.375+08:00 | J4310 | FDCAN1 | ID=0x06 | error=0x01 (未知故障) | board_tick_ms=231475
2026-08-14T09:17:00.382+08:00 | J4310 | FDCAN1 | ID=0x06 | error=0x01 (未知故障) | board_tick_ms=231477
2026-08-14T09:17:00.390+08:00 | J4310 | FDCAN1 | ID=0x06 | error=0x01 (未知故障) | board_tick_ms=231479
2026-08-14T09:17:00.397+08:00 | J4310 | FDCAN1 | ID=0x06 | error=0x01 (未知故障) | board_tick_ms=231481
2026-08-14T09:17:00.404+08:00 | J4310 | FDCAN1 | ID=0x06 | error=0x01 (未知故障) | board_tick_ms=231483
2026-08-14T09:17:00.412+08:00 | J4310 | FDCAN1 | ID=0x06 | error=0x01 (未知故障) | board_tick_ms=231485
2026-08-14T09:17:00.419+08:00 | J4310 | FDCAN1 | ID=0x06 | error=0x01 (未知故障) | board_tick_ms=231487
2026-08-14T09:17:00.427+08:00 | J4310 | FDCAN1 | ID=0x06 | error=0x01 (未知故障) | board_tick_ms=231489
2026-08-14T09:17:00.434+08:00 | J4310 | FDCAN1 | ID=0x06 | error=0x01 (未知故障) | board_tick_ms=231491
2026-08-14T09:17:00.441+08:00 | J4310 | FDCAN1 | ID=0x06 | error=0x01 (未知故障) | board_tick_ms=231493
2026-08-14T09:17:00.449+08:00 | J4310 | FDCAN1 | ID=0x06 | error=0x01 (未知故障) | board_tick_ms=231495
2026-08-14T09:17:00.457+08:00 | J4310 | FDCAN1 | ID=0x06 | error=0x01 (未知故障) | board_tick_ms=231497
2026-08-14T09:17:00.465+08:00 | J4310 | FDCAN1 | ID=0x06 | error=0x01 (未知故障) | board_tick_ms=231499
2026-08-14T09:17:00.472+08:00 | J4310 | FDCAN1 | ID=0x06 | error=0x01 (未知故障) | board_tick_ms=231501
2026-08-14T09:17:00.480+08:00 | J4310 | FDCAN1 | ID=0x06 | error=0x01 (未知故障) | board_tick_ms=231503
2026-08-14T09:17:00.488+08:00 | J4310 | FDCAN1 | ID=0x06 | error=0x01 (未知故障) | board_tick_ms=231505
2026-08-14T09:17:00.496+08:00 | J4310 | FDCAN1 | ID=0x06 | error=0x01 (未知故障) | board_tick_ms=231507
2026-08-14T09:17:00.504+08:00 | J4310 | FDCAN1 | ID=0x06 | error=0x01 (未知故障) | board_tick_ms=231509
2026-08-14T09:17:00.511+08:00 | J4310 | FDCAN1 | ID=0x06 | error=0x01 (未知故障) | board_tick_ms=231511
2026-08-14T09:17:00.518+08:00 | J4310 | FDCAN1 | ID=0x06 | error=0x01 (未知故障) | board_tick_ms=231513
2026-08-14T09:17:00.526+08:00 | J4310 | FDCAN1 | ID=0x06 | error=0x01 (未知故障) | board_tick_ms=231515
2026-08-14T09:17:00.533+08:00 | J4310 | FDCAN1 | ID=0x06 | error=0x01 (未知故障) | board_tick_ms=231517
2026-08-14T09:17:00.541+08:00 | J4310 | FDCAN1 | ID=0x06 | error=0x01 (未知故障) | board_tick_ms=231519
2026-08-14T09:17:00.548+08:00 | J4310 | FDCAN1 | ID=0x06 | error=0x01 (未知故障) | board_tick_ms=231521
2026-08-14T09:17:00.555+08:00 | J4310 | FDCAN1 | ID=0x06 | error=0x01 (未知故障) | board_tick_ms=231523
2026-08-14T09:17:00.563+08:00 | J4310 | FDCAN1 | ID=0x06 | error=0x01 (未知故障) | board_tick_ms=231525
2026-08-14T09:17:00.570+08:00 | J4310 | FDCAN1 | ID=0x06 | error=0x01 (未知故障) | board_tick_ms=231527
2026-08-14T09:17:00.577+08:00 | J4310 | FDCAN1 | ID=0x06 | error=0x01 (未知故障) | board_tick_ms=231529
2026-08-14T09:17:00.585+08:00 | J4310 | FDCAN1 | ID=0x06 | error=0x01 (未知故障) | board_tick_ms=231531
2026-08-14T09:17:00.592+08:00 | J4310 | FDCAN1 | ID=0x06 | error=0x01 (未知故障) | board_tick_ms=231533
2026-08-14T09:17:00.600+08:00 | J4310 | FDCAN1 | ID=0x06 | error=0x01 (未知故障) | board_tick_ms=231535
2026-08-14T09:17:00.608+08:00 | J4310 | FDCAN1 | ID=0x06 | error=0x01 (未知故障) | board_tick_ms=231537
2026-08-14T09:17:00.615+08:00 | J4310 | FDCAN1 | ID=0x06 | error=0x01 (未知故障) | board_tick_ms=231539
2026-08-14T09:17:00.622+08:00 | J4310 | FDCAN1 | ID=0x06 | error=0x01 (未知故障) | board_tick_ms=231541
2026-08-14T09:17:00.630+08:00 | J4310 | FDCAN1 | ID=0x06 | error=0x01 (未知故障) | board_tick_ms=231543
2026-08-14T09:17:00.637+08:00 | J4310 | FDCAN1 | ID=0x06 | error=0x01 (未知故障) | board_tick_ms=231545
2026-08-14T09:17:00.645+08:00 | J4310 | FDCAN1 | ID=0x06 | error=0x01 (未知故障) | board_tick_ms=231547
2026-08-14T09:17:00.652+08:00 | J4310 | FDCAN1 | ID=0x06 | error=0x01 (未知故障) | board_tick_ms=231549
2026-08-14T09:17:00.660+08:00 | J4310 | FDCAN1 | ID=0x06 | error=0x01 (未知故障) | board_tick_ms=231551
2026-08-14T09:17:00.667+08:00 | J4310 | FDCAN1 | ID=0x06 | error=0x01 (未知故障) | board_tick_ms=231553
2026-08-14T09:17:00.675+08:00 | J4310 | FDCAN1 | ID=0x06 | error=0x01 (未知故障) | board_tick_ms=231555
2026-08-14T09:17:00.682+08:00 | J4310 | FDCAN1 | ID=0x06 | error=0x01 (未知故障) | board_tick_ms=231557
2026-08-14T09:17:00.691+08:00 | J4310 | FDCAN1 | ID=0x06 | error=0x01 (未知故障) | board_tick_ms=231559
2026-08-14T09:17:00.699+08:00 | J4310 | FDCAN1 | ID=0x06 | error=0x01 (未知故障) | board_tick_ms=231561
2026-08-14T09:17:00.707+08:00 | J4310 | FDCAN1 | ID=0x06 | error=0x01 (未知故障) | board_tick_ms=231563
2026-08-14T09:17:00.715+08:00 | J4310 | FDCAN1 | ID=0x06 | error=0x01 (未知故障) | board_tick_ms=231565
2026-08-14T09:17:00.723+08:00 | J4310 | FDCAN1 | ID=0x06 | error=0x01 (未知故障) | board_tick_ms=231567
2026-08-14T09:17:00.731+08:00 | J4310 | FDCAN1 | ID=0x06 | error=0x01 (未知故障) | board_tick_ms=231569
2026-08-14T09:17:00.739+08:00 | J4310 | FDCAN1 | ID=0x06 | error=0x01 (未知故障) | board_tick_ms=231571
2026-08-14T09:17:00.747+08:00 | J4310 | FDCAN1 | ID=0x06 | error=0x01 (未知故障) | board_tick_ms=231573
2026-08-14T09:17:00.756+08:00 | J4310 | FDCAN1 | ID=0x06 | error=0x01 (未知故障) | board_tick_ms=231575
2026-08-14T09:17:00.764+08:00 | J4310 | FDCAN1 | ID=0x06 | error=0x01 (未知故障) | board_tick_ms=231577
2026-08-14T09:17:00.772+08:00 | J4310 | FDCAN1 | ID=0x06 | error=0x01 (未知故障) | board_tick_ms=231579
2026-08-14T09:17:00.779+08:00 | J4310 | FDCAN1 | ID=0x06 | error=0x01 (未知故障) | board_tick_ms=231581
2026-08-14T09:17:00.786+08:00 | J4310 | FDCAN1 | ID=0x06 | error=0x01 (未知故障) | board_tick_ms=231583
2026-08-14T09:17:00.794+08:00 | J4310 | FDCAN1 | ID=0x06 | error=0x01 (未知故障) | board_tick_ms=231585
2026-08-14T09:17:00.801+08:00 | J4310 | FDCAN1 | ID=0x06 | error=0x01 (未知故障) | board_tick_ms=231587
2026-08-14T09:17:00.809+08:00 | J4310 | FDCAN1 | ID=0x06 | error=0x01 (未知故障) | board_tick_ms=231589
2026-08-14T09:17:00.816+08:00 | J4310 | FDCAN1 | ID=0x06 | error=0x01 (未知故障) | board_tick_ms=231591
2026-08-14T09:17:00.824+08:00 | J4310 | FDCAN1 | ID=0x06 | error=0x01 (未知故障) | board_tick_ms=231593
2026-08-14T09:17:00.833+08:00 | J4310 | FDCAN1 | ID=0x06 | error=0x01 (未知故障) | board_tick_ms=231595
2026-08-14T09:17:00.840+08:00 | J4310 | FDCAN1 | ID=0x06 | error=0x01 (未知故障) | board_tick_ms=231597
2026-08-14T09:17:00.848+08:00 | J4310 | FDCAN1 | ID=0x06 | error=0x01 (未知故障) | board_tick_ms=231599
2026-08-14T09:17:00.855+08:00 | J4310 | FDCAN1 | ID=0x06 | error=0x01 (未知故障) | board_tick_ms=231601
2026-08-14T09:17:00.864+08:00 | J4310 | FDCAN1 | ID=0x06 | error=0x01 (未知故障) | board_tick_ms=231603
2026-08-14T09:17:00.872+08:00 | J4310 | FDCAN1 | ID=0x06 | error=0x01 (未知故障) | board_tick_ms=231605
2026-08-14T09:17:00.880+08:00 | J4310 | FDCAN1 | ID=0x06 | error=0x01 (未知故障) | board_tick_ms=231607
2026-08-14T09:17:00.887+08:00 | J4310 | FDCAN1 | ID=0x06 | error=0x01 (未知故障) | board_tick_ms=231609
2026-08-14T09:17:01.493+08:00 | J4310 | FDCAN1 | ID=0x06 | error=0x01 (未知故障) | board_tick_ms=231611
2026-08-14T09:17:04.630+08:00 | J4310 | FDCAN1 | ID=0x06 | error=0xF0 (反馈超时/离线) | board_tick_ms=235953
2026-08-14T09:17:04.636+08:00 | J4310 | FDCAN1 | ID=0x06 | error=0x01 (未知故障) | board_tick_ms=235955
2026-08-14T09:17:04.641+08:00 | J4310 | FDCAN1 | ID=0x06 | error=0x01 (未知故障) | board_tick_ms=235959
2026-08-14T09:17:04.648+08:00 | J4310 | FDCAN1 | ID=0x06 | error=0x01 (未知故障) | board_tick_ms=235961
2026-08-14T09:17:04.654+08:00 | J4310 | FDCAN1 | ID=0x06 | error=0x01 (未知故障) | board_tick_ms=235963
2026-08-14T09:17:04.661+08:00 | J4310 | FDCAN1 | ID=0x06 | error=0x01 (未知故障) | board_tick_ms=235965
2026-08-14T09:17:04.669+08:00 | J4310 | FDCAN1 | ID=0x06 | error=0x01 (未知故障) | board_tick_ms=235967
2026-08-14T09:17:04.676+08:00 | J4310 | FDCAN1 | ID=0x06 | error=0x01 (未知故障) | board_tick_ms=235969
2026-08-14T09:17:04.684+08:00 | J4310 | FDCAN1 | ID=0x06 | error=0x01 (未知故障) | board_tick_ms=235971
2026-08-14T09:17:04.691+08:00 | J4310 | FDCAN1 | ID=0x06 | error=0x01 (未知故障) | board_tick_ms=235973
2026-08-14T09:17:04.699+08:00 | J4310 | FDCAN1 | ID=0x06 | error=0x01 (未知故障) | board_tick_ms=235975
2026-08-14T09:17:04.706+08:00 | J4310 | FDCAN1 | ID=0x06 | error=0x01 (未知故障) | board_tick_ms=235977
2026-08-14T09:17:04.714+08:00 | J4310 | FDCAN1 | ID=0x06 | error=0x01 (未知故障) | board_tick_ms=235979
2026-08-14T09:17:04.721+08:00 | J4310 | FDCAN1 | ID=0x06 | error=0x01 (未知故障) | board_tick_ms=235981
2026-08-14T09:17:04.728+08:00 | J4310 | FDCAN1 | ID=0x06 | error=0x01 (未知故障) | board_tick_ms=235983
2026-08-14T09:17:04.736+08:00 | J4310 | FDCAN1 | ID=0x06 | error=0x01 (未知故障) | board_tick_ms=235985
2026-08-14T09:17:04.743+08:00 | J4310 | FDCAN1 | ID=0x06 | error=0x01 (未知故障) | board_tick_ms=235987
2026-08-14T09:17:04.751+08:00 | J4310 | FDCAN1 | ID=0x06 | error=0x01 (未知故障) | board_tick_ms=235989
2026-08-14T09:17:04.758+08:00 | J4310 | FDCAN1 | ID=0x06 | error=0x01 (未知故障) | board_tick_ms=235991
2026-08-14T09:17:04.767+08:00 | J4310 | FDCAN1 | ID=0x06 | error=0x01 (未知故障) | board_tick_ms=235993
2026-08-14T09:17:04.775+08:00 | J4310 | FDCAN1 | ID=0x06 | error=0x01 (未知故障) | board_tick_ms=235995
2026-08-14T09:17:04.783+08:00 | J4310 | FDCAN1 | ID=0x06 | error=0x01 (未知故障) | board_tick_ms=235997
2026-08-14T09:17:04.790+08:00 | J4310 | FDCAN1 | ID=0x06 | error=0x01 (未知故障) | board_tick_ms=235999
2026-08-14T09:17:04.799+08:00 | J4310 | FDCAN1 | ID=0x06 | error=0x01 (未知故障) | board_tick_ms=236001
2026-08-14T09:17:04.807+08:00 | J4310 | FDCAN1 | ID=0x06 | error=0x01 (未知故障) | board_tick_ms=236003
2026-08-14T09:17:04.815+08:00 | J4310 | FDCAN1 | ID=0x06 | error=0x01 (未知故障) | board_tick_ms=236005
2026-08-14T09:17:04.824+08:00 | J4310 | FDCAN1 | ID=0x06 | error=0x01 (未知故障) | board_tick_ms=236007
2026-08-14T09:17:04.832+08:00 | J4310 | FDCAN1 | ID=0x06 | error=0x01 (未知故障) | board_tick_ms=236009
2026-08-14T09:17:04.840+08:00 | J4310 | FDCAN1 | ID=0x06 | error=0x01 (未知故障) | board_tick_ms=236011
2026-08-14T09:17:04.848+08:00 | J4310 | FDCAN1 | ID=0x06 | error=0x01 (未知故障) | board_tick_ms=236013
2026-08-14T09:17:04.857+08:00 | J4310 | FDCAN1 | ID=0x06 | error=0x01 (未知故障) | board_tick_ms=236015
2026-08-14T09:17:04.865+08:00 | J4310 | FDCAN1 | ID=0x06 | error=0x01 (未知故障) | board_tick_ms=236017
2026-08-14T09:17:04.874+08:00 | J4310 | FDCAN1 | ID=0x06 | error=0x01 (未知故障) | board_tick_ms=236019
2026-08-14T09:17:04.882+08:00 | J4310 | FDCAN1 | ID=0x06 | error=0x01 (未知故障) | board_tick_ms=236021
2026-08-14T09:17:04.890+08:00 | J4310 | FDCAN1 | ID=0x06 | error=0x01 (未知故障) | board_tick_ms=236023
2026-08-14T09:17:04.898+08:00 | J4310 | FDCAN1 | ID=0x06 | error=0x01 (未知故障) | board_tick_ms=236025
2026-08-14T09:17:04.907+08:00 | J4310 | FDCAN1 | ID=0x06 | error=0x01 (未知故障) | board_tick_ms=236027
2026-08-14T09:17:04.915+08:00 | J4310 | FDCAN1 | ID=0x06 | error=0x01 (未知故障) | board_tick_ms=236029
2026-08-14T09:17:04.922+08:00 | J4310 | FDCAN1 | ID=0x06 | error=0x01 (未知故障) | board_tick_ms=236031
2026-08-14T09:17:04.929+08:00 | J4310 | FDCAN1 | ID=0x06 | error=0x01 (未知故障) | board_tick_ms=236033
2026-08-14T09:17:04.937+08:00 | J4310 | FDCAN1 | ID=0x06 | error=0x01 (未知故障) | board_tick_ms=236035
2026-08-14T09:17:04.944+08:00 | J4310 | FDCAN1 | ID=0x06 | error=0x01 (未知故障) | board_tick_ms=236037
2026-08-14T09:17:04.952+08:00 | J4310 | FDCAN1 | ID=0x06 | error=0x01 (未知故障) | board_tick_ms=236039
2026-08-14T09:17:04.959+08:00 | J4310 | FDCAN1 | ID=0x06 | error=0x01 (未知故障) | board_tick_ms=236041
2026-08-14T09:17:04.967+08:00 | J4310 | FDCAN1 | ID=0x06 | error=0x01 (未知故障) | board_tick_ms=236043
2026-08-14T09:17:04.975+08:00 | J4310 | FDCAN1 | ID=0x06 | error=0x01 (未知故障) | board_tick_ms=236045
2026-08-14T09:17:04.982+08:00 | J4310 | FDCAN1 | ID=0x06 | error=0x01 (未知故障) | board_tick_ms=236047
2026-08-14T09:17:04.990+08:00 | J4310 | FDCAN1 | ID=0x06 | error=0x01 (未知故障) | board_tick_ms=236049
2026-08-14T09:17:04.997+08:00 | J4310 | FDCAN1 | ID=0x06 | error=0x01 (未知故障) | board_tick_ms=236051
2026-08-14T09:17:05.004+08:00 | J4310 | FDCAN1 | ID=0x06 | error=0x01 (未知故障) | board_tick_ms=236053
2026-08-14T09:17:05.012+08:00 | J4310 | FDCAN1 | ID=0x06 | error=0x01 (未知故障) | board_tick_ms=236055
2026-08-14T09:17:05.020+08:00 | J4310 | FDCAN1 | ID=0x06 | error=0x01 (未知故障) | board_tick_ms=236057
2026-08-14T09:17:05.027+08:00 | J4310 | FDCAN1 | ID=0x06 | error=0x01 (未知故障) | board_tick_ms=236059
2026-08-14T09:17:05.035+08:00 | J4310 | FDCAN1 | ID=0x06 | error=0x01 (未知故障) | board_tick_ms=236061
2026-08-14T09:17:05.042+08:00 | J4310 | FDCAN1 | ID=0x06 | error=0x01 (未知故障) | board_tick_ms=236063
2026-08-14T09:17:05.050+08:00 | J4310 | FDCAN1 | ID=0x06 | error=0x01 (未知故障) | board_tick_ms=236065
2026-08-14T09:17:05.057+08:00 | J4310 | FDCAN1 | ID=0x06 | error=0x01 (未知故障) | board_tick_ms=236067
2026-08-14T09:17:05.064+08:00 | J4310 | FDCAN1 | ID=0x06 | error=0x01 (未知故障) | board_tick_ms=236069
2026-08-14T09:17:05.072+08:00 | J4310 | FDCAN1 | ID=0x06 | error=0x01 (未知故障) | board_tick_ms=236071
2026-08-14T09:17:05.079+08:00 | J4310 | FDCAN1 | ID=0x06 | error=0x01 (未知故障) | board_tick_ms=236073
2026-08-14T09:17:05.087+08:00 | J4310 | FDCAN1 | ID=0x06 | error=0x01 (未知故障) | board_tick_ms=236075
2026-08-14T09:17:05.095+08:00 | J4310 | FDCAN1 | ID=0x06 | error=0x01 (未知故障) | board_tick_ms=236077
2026-08-14T09:17:05.103+08:00 | J4310 | FDCAN1 | ID=0x06 | error=0x01 (未知故障) | board_tick_ms=236079
2026-08-14T09:17:05.110+08:00 | J4310 | FDCAN1 | ID=0x06 | error=0x01 (未知故障) | board_tick_ms=236081
2026-08-14T09:17:05.118+08:00 | J4310 | FDCAN1 | ID=0x06 | error=0x01 (未知故障) | board_tick_ms=236083
2026-08-14T09:17:05.126+08:00 | J4310 | FDCAN1 | ID=0x06 | error=0x01 (未知故障) | board_tick_ms=236085
2026-08-14T09:17:05.133+08:00 | J4310 | FDCAN1 | ID=0x06 | error=0x01 (未知故障) | board_tick_ms=236087
2026-08-14T09:17:05.141+08:00 | J4310 | FDCAN1 | ID=0x06 | error=0x01 (未知故障) | board_tick_ms=236089
2026-08-14T09:17:05.149+08:00 | J4310 | FDCAN1 | ID=0x06 | error=0x01 (未知故障) | board_tick_ms=236091
2026-08-14T09:17:05.158+08:00 | J4310 | FDCAN1 | ID=0x06 | error=0x01 (未知故障) | board_tick_ms=236093
2026-08-14T09:17:05.166+08:00 | J4310 | FDCAN1 | ID=0x06 | error=0x01 (未知故障) | board_tick_ms=236095
2026-08-14T09:17:05.173+08:00 | J4310 | FDCAN1 | ID=0x06 | error=0x01 (未知故障) | board_tick_ms=236097
2026-08-14T09:17:05.181+08:00 | J4310 | FDCAN1 | ID=0x06 | error=0x01 (未知故障) | board_tick_ms=236099
2026-08-14T09:17:05.188+08:00 | J4310 | FDCAN1 | ID=0x06 | error=0x01 (未知故障) | board_tick_ms=236101
2026-08-14T09:17:05.196+08:00 | J4310 | FDCAN1 | ID=0x06 | error=0x01 (未知故障) | board_tick_ms=236103
2026-08-14T09:17:05.205+08:00 | J4310 | FDCAN1 | ID=0x06 | error=0x01 (未知故障) | board_tick_ms=236105
2026-08-14T09:17:05.212+08:00 | J4310 | FDCAN1 | ID=0x06 | error=0x01 (未知故障) | board_tick_ms=236107
2026-08-14T09:17:05.220+08:00 | J4310 | FDCAN1 | ID=0x06 | error=0x01 (未知故障) | board_tick_ms=236109
2026-08-14T09:17:05.227+08:00 | J4310 | FDCAN1 | ID=0x06 | error=0x01 (未知故障) | board_tick_ms=236111
2026-08-14T09:17:05.235+08:00 | J4310 | FDCAN1 | ID=0x06 | error=0x01 (未知故障) | board_tick_ms=236113
2026-08-14T09:17:05.242+08:00 | J4310 | FDCAN1 | ID=0x06 | error=0x01 (未知故障) | board_tick_ms=236115
2026-08-14T09:17:05.249+08:00 | J4310 | FDCAN1 | ID=0x06 | error=0x01 (未知故障) | board_tick_ms=236117
2026-08-14T09:17:05.257+08:00 | J4310 | FDCAN1 | ID=0x06 | error=0x01 (未知故障) | board_tick_ms=236119
2026-08-14T09:17:05.264+08:00 | J4310 | FDCAN1 | ID=0x06 | error=0x01 (未知故障) | board_tick_ms=236121
2026-08-14T09:17:05.271+08:00 | J4310 | FDCAN1 | ID=0x06 | error=0x01 (未知故障) | board_tick_ms=236123
2026-08-14T09:17:05.279+08:00 | J4310 | FDCAN1 | ID=0x06 | error=0x01 (未知故障) | board_tick_ms=236125
2026-08-14T09:17:05.287+08:00 | J4310 | FDCAN1 | ID=0x06 | error=0x01 (未知故障) | board_tick_ms=236127
2026-08-14T09:17:05.294+08:00 | J4310 | FDCAN1 | ID=0x06 | error=0x01 (未知故障) | board_tick_ms=236129
2026-08-14T09:17:05.301+08:00 | J4310 | FDCAN1 | ID=0x06 | error=0x01 (未知故障) | board_tick_ms=236131
2026-08-14T09:17:05.309+08:00 | J4310 | FDCAN1 | ID=0x06 | error=0x01 (未知故障) | board_tick_ms=236133
2026-08-14T09:17:05.316+08:00 | J4310 | FDCAN1 | ID=0x06 | error=0x01 (未知故障) | board_tick_ms=236135
2026-08-14T09:17:05.324+08:00 | J4310 | FDCAN1 | ID=0x06 | error=0x01 (未知故障) | board_tick_ms=236137
2026-08-14T09:17:05.331+08:00 | J4310 | FDCAN1 | ID=0x06 | error=0x01 (未知故障) | board_tick_ms=236139
2026-08-14T09:17:05.338+08:00 | J4310 | FDCAN1 | ID=0x06 | error=0x01 (未知故障) | board_tick_ms=236141
2026-08-14T09:17:05.346+08:00 | J4310 | FDCAN1 | ID=0x06 | error=0x01 (未知故障) | board_tick_ms=236143
2026-08-14T09:17:05.353+08:00 | J4310 | FDCAN1 | ID=0x06 | error=0x01 (未知故障) | board_tick_ms=236145
2026-08-14T09:17:05.361+08:00 | J4310 | FDCAN1 | ID=0x06 | error=0x01 (未知故障) | board_tick_ms=236147
2026-08-14T09:17:05.368+08:00 | J4310 | FDCAN1 | ID=0x06 | error=0x01 (未知故障) | board_tick_ms=236149
2026-08-14T09:17:05.376+08:00 | J4310 | FDCAN1 | ID=0x06 | error=0x01 (未知故障) | board_tick_ms=236151
2026-08-14T09:17:06.015+08:00 | J4310 | FDCAN1 | ID=0x06 | error=0x01 (未知故障) | board_tick_ms=236153
2026-08-14T09:17:07.540+08:00 | J4310 | FDCAN1 | ID=0x06 | error=0xF0 (反馈超时/离线) | board_tick_ms=238855
2026-08-14T09:17:07.548+08:00 | J4310 | FDCAN1 | ID=0x06 | error=0x01 (未知故障) | board_tick_ms=238855
2026-08-14T09:17:07.554+08:00 | J4310 | FDCAN1 | ID=0x06 | error=0x01 (未知故障) | board_tick_ms=238859
2026-08-14T09:17:07.561+08:00 | J4310 | FDCAN1 | ID=0x06 | error=0x01 (未知故障) | board_tick_ms=238865
2026-08-14T09:17:07.568+08:00 | J4310 | FDCAN1 | ID=0x06 | error=0x01 (未知故障) | board_tick_ms=238867
2026-08-14T09:17:07.575+08:00 | J4310 | FDCAN1 | ID=0x06 | error=0x01 (未知故障) | board_tick_ms=238869
2026-08-14T09:17:07.582+08:00 | J4310 | FDCAN1 | ID=0x06 | error=0x01 (未知故障) | board_tick_ms=238871
2026-08-14T09:17:07.590+08:00 | J4310 | FDCAN1 | ID=0x06 | error=0x01 (未知故障) | board_tick_ms=238873
2026-08-14T09:17:07.599+08:00 | J4310 | FDCAN1 | ID=0x06 | error=0x01 (未知故障) | board_tick_ms=238875
2026-08-14T09:17:07.606+08:00 | J4310 | FDCAN1 | ID=0x06 | error=0x01 (未知故障) | board_tick_ms=238877
2026-08-14T09:17:07.614+08:00 | J4310 | FDCAN1 | ID=0x06 | error=0x01 (未知故障) | board_tick_ms=238879
2026-08-14T09:17:07.621+08:00 | J4310 | FDCAN1 | ID=0x06 | error=0x01 (未知故障) | board_tick_ms=238881
2026-08-14T09:17:07.629+08:00 | J4310 | FDCAN1 | ID=0x06 | error=0x01 (未知故障) | board_tick_ms=238883
2026-08-14T09:17:07.636+08:00 | J4310 | FDCAN1 | ID=0x06 | error=0x01 (未知故障) | board_tick_ms=238885
2026-08-14T09:17:07.644+08:00 | J4310 | FDCAN1 | ID=0x06 | error=0x01 (未知故障) | board_tick_ms=238887
2026-08-14T09:17:07.651+08:00 | J4310 | FDCAN1 | ID=0x06 | error=0x01 (未知故障) | board_tick_ms=238889
2026-08-14T09:17:07.659+08:00 | J4310 | FDCAN1 | ID=0x06 | error=0x01 (未知故障) | board_tick_ms=238891
2026-08-14T09:17:07.667+08:00 | J4310 | FDCAN1 | ID=0x06 | error=0x01 (未知故障) | board_tick_ms=238893
2026-08-14T09:17:07.674+08:00 | J4310 | FDCAN1 | ID=0x06 | error=0x01 (未知故障) | board_tick_ms=238895
2026-08-14T09:17:07.682+08:00 | J4310 | FDCAN1 | ID=0x06 | error=0x01 (未知故障) | board_tick_ms=238897
2026-08-14T09:17:07.689+08:00 | J4310 | FDCAN1 | ID=0x06 | error=0x01 (未知故障) | board_tick_ms=238899
2026-08-14T09:17:07.697+08:00 | J4310 | FDCAN1 | ID=0x06 | error=0x01 (未知故障) | board_tick_ms=238901
2026-08-14T09:17:07.704+08:00 | J4310 | FDCAN1 | ID=0x06 | error=0x01 (未知故障) | board_tick_ms=238903
2026-08-14T09:17:07.711+08:00 | J4310 | FDCAN1 | ID=0x06 | error=0x01 (未知故障) | board_tick_ms=238905
2026-08-14T09:17:07.719+08:00 | J4310 | FDCAN1 | ID=0x06 | error=0x01 (未知故障) | board_tick_ms=238907
2026-08-14T09:17:07.726+08:00 | J4310 | FDCAN1 | ID=0x06 | error=0x01 (未知故障) | board_tick_ms=238909
2026-08-14T09:17:07.734+08:00 | J4310 | FDCAN1 | ID=0x06 | error=0x01 (未知故障) | board_tick_ms=238911
2026-08-14T09:17:07.742+08:00 | J4310 | FDCAN1 | ID=0x06 | error=0x01 (未知故障) | board_tick_ms=238913
2026-08-14T09:17:07.750+08:00 | J4310 | FDCAN1 | ID=0x06 | error=0x01 (未知故障) | board_tick_ms=238915
2026-08-14T09:17:07.757+08:00 | J4310 | FDCAN1 | ID=0x06 | error=0x01 (未知故障) | board_tick_ms=238917
2026-08-14T09:17:07.765+08:00 | J4310 | FDCAN1 | ID=0x06 | error=0x01 (未知故障) | board_tick_ms=238919
2026-08-14T09:17:07.773+08:00 | J4310 | FDCAN1 | ID=0x06 | error=0x01 (未知故障) | board_tick_ms=238921
2026-08-14T09:17:07.781+08:00 | J4310 | FDCAN1 | ID=0x06 | error=0x01 (未知故障) | board_tick_ms=238923
2026-08-14T09:17:07.789+08:00 | J4310 | FDCAN1 | ID=0x06 | error=0x01 (未知故障) | board_tick_ms=238925
2026-08-14T09:17:07.797+08:00 | J4310 | FDCAN1 | ID=0x06 | error=0x01 (未知故障) | board_tick_ms=238927
2026-08-14T09:17:07.804+08:00 | J4310 | FDCAN1 | ID=0x06 | error=0x01 (未知故障) | board_tick_ms=238929
2026-08-14T09:17:07.811+08:00 | J4310 | FDCAN1 | ID=0x06 | error=0x01 (未知故障) | board_tick_ms=238931
2026-08-14T09:17:07.819+08:00 | J4310 | FDCAN1 | ID=0x06 | error=0x01 (未知故障) | board_tick_ms=238933
2026-08-14T09:17:07.827+08:00 | J4310 | FDCAN1 | ID=0x06 | error=0x01 (未知故障) | board_tick_ms=238935
2026-08-14T09:17:07.835+08:00 | J4310 | FDCAN1 | ID=0x06 | error=0x01 (未知故障) | board_tick_ms=238937
2026-08-14T09:17:07.843+08:00 | J4310 | FDCAN1 | ID=0x06 | error=0x01 (未知故障) | board_tick_ms=238939
2026-08-14T09:17:07.851+08:00 | J4310 | FDCAN1 | ID=0x06 | error=0x01 (未知故障) | board_tick_ms=238941
2026-08-14T09:17:07.858+08:00 | J4310 | FDCAN1 | ID=0x06 | error=0x01 (未知故障) | board_tick_ms=238943
2026-08-14T09:17:07.866+08:00 | J4310 | FDCAN1 | ID=0x06 | error=0x01 (未知故障) | board_tick_ms=238945
2026-08-14T09:17:07.873+08:00 | J4310 | FDCAN1 | ID=0x06 | error=0x01 (未知故障) | board_tick_ms=238947
2026-08-14T09:17:07.881+08:00 | J4310 | FDCAN1 | ID=0x06 | error=0x01 (未知故障) | board_tick_ms=238949
2026-08-14T09:17:07.888+08:00 | J4310 | FDCAN1 | ID=0x06 | error=0x01 (未知故障) | board_tick_ms=238951
2026-08-14T09:17:07.896+08:00 | J4310 | FDCAN1 | ID=0x06 | error=0x01 (未知故障) | board_tick_ms=238953
2026-08-14T09:17:07.904+08:00 | J4310 | FDCAN1 | ID=0x06 | error=0x01 (未知故障) | board_tick_ms=238955
2026-08-14T09:17:07.911+08:00 | J4310 | FDCAN1 | ID=0x06 | error=0x01 (未知故障) | board_tick_ms=238957
2026-08-14T09:17:07.919+08:00 | J4310 | FDCAN1 | ID=0x06 | error=0x01 (未知故障) | board_tick_ms=238959
2026-08-14T09:17:07.927+08:00 | J4310 | FDCAN1 | ID=0x06 | error=0x01 (未知故障) | board_tick_ms=238961
2026-08-14T09:17:07.934+08:00 | J4310 | FDCAN1 | ID=0x06 | error=0x01 (未知故障) | board_tick_ms=238963
2026-08-14T09:17:07.942+08:00 | J4310 | FDCAN1 | ID=0x06 | error=0x01 (未知故障) | board_tick_ms=238965
2026-08-14T09:17:07.949+08:00 | J4310 | FDCAN1 | ID=0x06 | error=0x01 (未知故障) | board_tick_ms=238967
2026-08-14T09:17:07.956+08:00 | J4310 | FDCAN1 | ID=0x06 | error=0x01 (未知故障) | board_tick_ms=238969
2026-08-14T09:17:07.964+08:00 | J4310 | FDCAN1 | ID=0x06 | error=0x01 (未知故障) | board_tick_ms=238971
2026-08-14T09:17:07.971+08:00 | J4310 | FDCAN1 | ID=0x06 | error=0x01 (未知故障) | board_tick_ms=238973
2026-08-14T09:17:07.980+08:00 | J4310 | FDCAN1 | ID=0x06 | error=0x01 (未知故障) | board_tick_ms=238975
2026-08-14T09:17:07.987+08:00 | J4310 | FDCAN1 | ID=0x06 | error=0x01 (未知故障) | board_tick_ms=238977
2026-08-14T09:17:07.995+08:00 | J4310 | FDCAN1 | ID=0x06 | error=0x01 (未知故障) | board_tick_ms=238979
2026-08-14T09:17:08.002+08:00 | J4310 | FDCAN1 | ID=0x06 | error=0x01 (未知故障) | board_tick_ms=238981
2026-08-14T09:17:08.010+08:00 | J4310 | FDCAN1 | ID=0x06 | error=0x01 (未知故障) | board_tick_ms=238983
2026-08-14T09:17:08.017+08:00 | J4310 | FDCAN1 | ID=0x06 | error=0x01 (未知故障) | board_tick_ms=238985
2026-08-14T09:17:08.025+08:00 | J4310 | FDCAN1 | ID=0x06 | error=0x01 (未知故障) | board_tick_ms=238987
2026-08-14T09:17:08.032+08:00 | J4310 | FDCAN1 | ID=0x06 | error=0x01 (未知故障) | board_tick_ms=238989
2026-08-14T09:17:08.040+08:00 | J4310 | FDCAN1 | ID=0x06 | error=0x01 (未知故障) | board_tick_ms=238991
2026-08-14T09:17:08.048+08:00 | J4310 | FDCAN1 | ID=0x06 | error=0x01 (未知故障) | board_tick_ms=238993
2026-08-14T09:17:08.055+08:00 | J4310 | FDCAN1 | ID=0x06 | error=0x01 (未知故障) | board_tick_ms=238995
2026-08-14T09:17:08.063+08:00 | J4310 | FDCAN1 | ID=0x06 | error=0x01 (未知故障) | board_tick_ms=238997
2026-08-14T09:17:08.070+08:00 | J4310 | FDCAN1 | ID=0x06 | error=0x01 (未知故障) | board_tick_ms=238999
2026-08-14T09:17:08.077+08:00 | J4310 | FDCAN1 | ID=0x06 | error=0x01 (未知故障) | board_tick_ms=239001
2026-08-14T09:17:08.085+08:00 | J4310 | FDCAN1 | ID=0x06 | error=0x01 (未知故障) | board_tick_ms=239003
2026-08-14T09:17:08.094+08:00 | J4310 | FDCAN1 | ID=0x06 | error=0x01 (未知故障) | board_tick_ms=239005
2026-08-14T09:17:08.102+08:00 | J4310 | FDCAN1 | ID=0x06 | error=0x01 (未知故障) | board_tick_ms=239007
2026-08-14T09:17:08.109+08:00 | J4310 | FDCAN1 | ID=0x06 | error=0x01 (未知故障) | board_tick_ms=239009
2026-08-14T09:17:08.116+08:00 | J4310 | FDCAN1 | ID=0x06 | error=0x01 (未知故障) | board_tick_ms=239011
2026-08-14T09:17:08.124+08:00 | J4310 | FDCAN1 | ID=0x06 | error=0x01 (未知故障) | board_tick_ms=239013
2026-08-14T09:17:08.131+08:00 | J4310 | FDCAN1 | ID=0x06 | error=0x01 (未知故障) | board_tick_ms=239015
2026-08-14T09:17:08.139+08:00 | J4310 | FDCAN1 | ID=0x06 | error=0x01 (未知故障) | board_tick_ms=239017
2026-08-14T09:17:08.146+08:00 | J4310 | FDCAN1 | ID=0x06 | error=0x01 (未知故障) | board_tick_ms=239019
2026-08-14T09:17:08.153+08:00 | J4310 | FDCAN1 | ID=0x06 | error=0x01 (未知故障) | board_tick_ms=239021
2026-08-14T09:17:08.160+08:00 | J4310 | FDCAN1 | ID=0x06 | error=0x01 (未知故障) | board_tick_ms=239023
2026-08-14T09:17:08.168+08:00 | J4310 | FDCAN1 | ID=0x06 | error=0x01 (未知故障) | board_tick_ms=239025
2026-08-14T09:17:08.176+08:00 | J4310 | FDCAN1 | ID=0x06 | error=0x01 (未知故障) | board_tick_ms=239027
2026-08-14T09:17:08.183+08:00 | J4310 | FDCAN1 | ID=0x06 | error=0x01 (未知故障) | board_tick_ms=239029
2026-08-14T09:17:08.190+08:00 | J4310 | FDCAN1 | ID=0x06 | error=0x01 (未知故障) | board_tick_ms=239031
2026-08-14T09:17:08.199+08:00 | J4310 | FDCAN1 | ID=0x06 | error=0x01 (未知故障) | board_tick_ms=239033
2026-08-14T09:17:08.206+08:00 | J4310 | FDCAN1 | ID=0x06 | error=0x01 (未知故障) | board_tick_ms=239035
2026-08-14T09:17:08.215+08:00 | J4310 | FDCAN1 | ID=0x06 | error=0x01 (未知故障) | board_tick_ms=239037
2026-08-14T09:17:08.222+08:00 | J4310 | FDCAN1 | ID=0x06 | error=0x01 (未知故障) | board_tick_ms=239039
2026-08-14T09:17:08.230+08:00 | J4310 | FDCAN1 | ID=0x06 | error=0x01 (未知故障) | board_tick_ms=239041
2026-08-14T09:17:08.237+08:00 | J4310 | FDCAN1 | ID=0x06 | error=0x01 (未知故障) | board_tick_ms=239043
2026-08-14T09:17:08.245+08:00 | J4310 | FDCAN1 | ID=0x06 | error=0x01 (未知故障) | board_tick_ms=239045
2026-08-14T09:17:08.252+08:00 | J4310 | FDCAN1 | ID=0x06 | error=0x01 (未知故障) | board_tick_ms=239047
2026-08-14T09:17:08.261+08:00 | J4310 | FDCAN1 | ID=0x06 | error=0x01 (未知故障) | board_tick_ms=239049
2026-08-14T09:17:08.268+08:00 | J4310 | FDCAN1 | ID=0x06 | error=0x01 (未知故障) | board_tick_ms=239051
2026-08-14T09:17:08.276+08:00 | J4310 | FDCAN1 | ID=0x06 | error=0x01 (未知故障) | board_tick_ms=239053
2026-08-14T09:17:08.283+08:00 | J4310 | FDCAN1 | ID=0x06 | error=0x01 (未知故障) | board_tick_ms=239055
2026-08-14T09:17:08.291+08:00 | J4310 | FDCAN1 | ID=0x06 | error=0x01 (未知故障) | board_tick_ms=239057
2026-08-14T09:17:08.298+08:00 | J4310 | FDCAN1 | ID=0x06 | error=0x01 (未知故障) | board_tick_ms=239059
2026-08-14T09:17:08.305+08:00 | J4310 | FDCAN1 | ID=0x06 | error=0x01 (未知故障) | board_tick_ms=239061
2026-08-14T09:17:08.313+08:00 | J4310 | FDCAN1 | ID=0x06 | error=0x01 (未知故障) | board_tick_ms=239063
2026-08-14T09:17:08.320+08:00 | J4310 | FDCAN1 | ID=0x06 | error=0x01 (未知故障) | board_tick_ms=239065
2026-08-14T09:17:08.327+08:00 | J4310 | FDCAN1 | ID=0x06 | error=0x01 (未知故障) | board_tick_ms=239067
2026-08-14T09:17:08.334+08:00 | J4310 | FDCAN1 | ID=0x06 | error=0x01 (未知故障) | board_tick_ms=239069
2026-08-14T09:17:08.342+08:00 | J4310 | FDCAN1 | ID=0x06 | error=0x01 (未知故障) | board_tick_ms=239071
2026-08-14T09:17:08.349+08:00 | J4310 | FDCAN1 | ID=0x06 | error=0x01 (未知故障) | board_tick_ms=239073
2026-08-14T09:17:08.357+08:00 | J4310 | FDCAN1 | ID=0x06 | error=0x01 (未知故障) | board_tick_ms=239075
2026-08-14T09:17:08.365+08:00 | J4310 | FDCAN1 | ID=0x06 | error=0x01 (未知故障) | board_tick_ms=239077
2026-08-14T09:17:08.995+08:00 | J4310 | FDCAN1 | ID=0x06 | error=0x01 (未知故障) | board_tick_ms=239079
2026-08-14T10:26:36.449+08:00 | J4310 | FDCAN1 | ID=0x06 | error=0x01 (未知故障) | board_tick_ms=171989
2026-08-14T10:26:36.524+08:00 | J4310 | FDCAN1 | ID=0x06 | error=0x01 (未知故障) | board_tick_ms=171991
2026-08-14T10:26:36.530+08:00 | J4310 | FDCAN1 | ID=0x06 | error=0x01 (未知故障) | board_tick_ms=171993
2026-08-14T10:26:36.536+08:00 | J4310 | FDCAN1 | ID=0x06 | error=0x01 (未知故障) | board_tick_ms=171995
2026-08-14T10:26:36.542+08:00 | J4310 | FDCAN1 | ID=0x06 | error=0x01 (未知故障) | board_tick_ms=171997
2026-08-14T10:26:36.549+08:00 | J4310 | FDCAN1 | ID=0x06 | error=0x01 (未知故障) | board_tick_ms=171999
2026-08-14T10:26:36.556+08:00 | J4310 | FDCAN1 | ID=0x06 | error=0x01 (未知故障) | board_tick_ms=172001
2026-08-14T10:26:36.564+08:00 | J4310 | FDCAN1 | ID=0x06 | error=0x01 (未知故障) | board_tick_ms=172003
2026-08-14T10:26:36.572+08:00 | J4310 | FDCAN1 | ID=0x06 | error=0x01 (未知故障) | board_tick_ms=172005
2026-08-14T10:26:36.580+08:00 | J4310 | FDCAN1 | ID=0x06 | error=0x01 (未知故障) | board_tick_ms=172007
2026-08-14T10:26:36.588+08:00 | J4310 | FDCAN1 | ID=0x06 | error=0x01 (未知故障) | board_tick_ms=172009
2026-08-14T10:26:36.596+08:00 | J4310 | FDCAN1 | ID=0x06 | error=0x01 (未知故障) | board_tick_ms=172011
2026-08-14T10:26:36.604+08:00 | J4310 | FDCAN1 | ID=0x06 | error=0x01 (未知故障) | board_tick_ms=172013
2026-08-14T10:26:36.613+08:00 | J4310 | FDCAN1 | ID=0x06 | error=0x01 (未知故障) | board_tick_ms=172015
2026-08-14T10:26:36.621+08:00 | J4310 | FDCAN1 | ID=0x06 | error=0x01 (未知故障) | board_tick_ms=172017
2026-08-14T10:26:36.629+08:00 | J4310 | FDCAN1 | ID=0x06 | error=0x01 (未知故障) | board_tick_ms=172019
2026-08-14T10:26:36.637+08:00 | J4310 | FDCAN1 | ID=0x06 | error=0x01 (未知故障) | board_tick_ms=172021
2026-08-14T10:26:36.645+08:00 | J4310 | FDCAN1 | ID=0x06 | error=0x01 (未知故障) | board_tick_ms=172023
2026-08-14T10:26:36.653+08:00 | J4310 | FDCAN1 | ID=0x06 | error=0x01 (未知故障) | board_tick_ms=172025
2026-08-14T10:26:36.661+08:00 | J4310 | FDCAN1 | ID=0x06 | error=0x01 (未知故障) | board_tick_ms=172027
2026-08-14T10:26:36.669+08:00 | J4310 | FDCAN1 | ID=0x06 | error=0x01 (未知故障) | board_tick_ms=172029
2026-08-14T10:26:36.677+08:00 | J4310 | FDCAN1 | ID=0x06 | error=0x01 (未知故障) | board_tick_ms=172031
2026-08-14T10:26:36.686+08:00 | J4310 | FDCAN1 | ID=0x06 | error=0x01 (未知故障) | board_tick_ms=172033
2026-08-14T10:26:36.693+08:00 | J4310 | FDCAN1 | ID=0x06 | error=0x01 (未知故障) | board_tick_ms=172035
2026-08-14T10:26:36.701+08:00 | J4310 | FDCAN1 | ID=0x06 | error=0x01 (未知故障) | board_tick_ms=172037
2026-08-14T10:26:36.708+08:00 | J4310 | FDCAN1 | ID=0x06 | error=0x01 (未知故障) | board_tick_ms=172039
2026-08-14T10:26:36.716+08:00 | J4310 | FDCAN1 | ID=0x06 | error=0x01 (未知故障) | board_tick_ms=172041
2026-08-14T10:26:36.724+08:00 | J4310 | FDCAN1 | ID=0x06 | error=0x01 (未知故障) | board_tick_ms=172043
2026-08-14T10:26:36.733+08:00 | J4310 | FDCAN1 | ID=0x06 | error=0x01 (未知故障) | board_tick_ms=172045
2026-08-14T10:26:36.740+08:00 | J4310 | FDCAN1 | ID=0x06 | error=0x01 (未知故障) | board_tick_ms=172047
2026-08-14T10:26:36.748+08:00 | J4310 | FDCAN1 | ID=0x06 | error=0x01 (未知故障) | board_tick_ms=172049
2026-08-14T10:26:36.756+08:00 | J4310 | FDCAN1 | ID=0x06 | error=0x01 (未知故障) | board_tick_ms=172051
2026-08-14T10:26:36.764+08:00 | J4310 | FDCAN1 | ID=0x06 | error=0x01 (未知故障) | board_tick_ms=172053
2026-08-14T10:26:36.772+08:00 | J4310 | FDCAN1 | ID=0x06 | error=0x01 (未知故障) | board_tick_ms=172055
2026-08-14T10:26:36.779+08:00 | J4310 | FDCAN1 | ID=0x06 | error=0x01 (未知故障) | board_tick_ms=172057
2026-08-14T10:26:36.787+08:00 | J4310 | FDCAN1 | ID=0x06 | error=0x01 (未知故障) | board_tick_ms=172059
2026-08-14T10:26:36.795+08:00 | J4310 | FDCAN1 | ID=0x06 | error=0x01 (未知故障) | board_tick_ms=172061
2026-08-14T10:26:36.803+08:00 | J4310 | FDCAN1 | ID=0x06 | error=0x01 (未知故障) | board_tick_ms=172063
2026-08-14T10:26:36.811+08:00 | J4310 | FDCAN1 | ID=0x06 | error=0x01 (未知故障) | board_tick_ms=172065
2026-08-14T10:26:36.818+08:00 | J4310 | FDCAN1 | ID=0x06 | error=0x01 (未知故障) | board_tick_ms=172067
2026-08-14T10:26:36.827+08:00 | J4310 | FDCAN1 | ID=0x06 | error=0x01 (未知故障) | board_tick_ms=172069
2026-08-14T10:26:36.835+08:00 | J4310 | FDCAN1 | ID=0x06 | error=0x01 (未知故障) | board_tick_ms=172071
2026-08-14T10:26:36.843+08:00 | J4310 | FDCAN1 | ID=0x06 | error=0x01 (未知故障) | board_tick_ms=172073
2026-08-14T10:26:36.851+08:00 | J4310 | FDCAN1 | ID=0x06 | error=0x01 (未知故障) | board_tick_ms=172075
2026-08-14T10:26:36.859+08:00 | J4310 | FDCAN1 | ID=0x06 | error=0x01 (未知故障) | board_tick_ms=172077
2026-08-14T10:26:36.867+08:00 | J4310 | FDCAN1 | ID=0x06 | error=0x01 (未知故障) | board_tick_ms=172079
2026-08-14T10:26:36.875+08:00 | J4310 | FDCAN1 | ID=0x06 | error=0x01 (未知故障) | board_tick_ms=172081
2026-08-14T10:26:36.883+08:00 | J4310 | FDCAN1 | ID=0x06 | error=0x01 (未知故障) | board_tick_ms=172083
2026-08-14T10:26:36.891+08:00 | J4310 | FDCAN1 | ID=0x06 | error=0x01 (未知故障) | board_tick_ms=172085
2026-08-14T10:26:36.899+08:00 | J4310 | FDCAN1 | ID=0x06 | error=0x01 (未知故障) | board_tick_ms=172087
2026-08-14T10:26:36.907+08:00 | J4310 | FDCAN1 | ID=0x06 | error=0x01 (未知故障) | board_tick_ms=172089
2026-08-14T10:26:36.915+08:00 | J4310 | FDCAN1 | ID=0x06 | error=0x01 (未知故障) | board_tick_ms=172091
2026-08-14T10:26:36.922+08:00 | J4310 | FDCAN1 | ID=0x06 | error=0x01 (未知故障) | board_tick_ms=172093
2026-08-14T10:26:36.930+08:00 | J4310 | FDCAN1 | ID=0x06 | error=0x01 (未知故障) | board_tick_ms=172095
2026-08-14T10:26:36.938+08:00 | J4310 | FDCAN1 | ID=0x06 | error=0x01 (未知故障) | board_tick_ms=172097
2026-08-14T10:26:36.946+08:00 | J4310 | FDCAN1 | ID=0x06 | error=0x01 (未知故障) | board_tick_ms=172099
2026-08-14T10:26:36.954+08:00 | J4310 | FDCAN1 | ID=0x06 | error=0x01 (未知故障) | board_tick_ms=172101
2026-08-14T10:26:36.962+08:00 | J4310 | FDCAN1 | ID=0x06 | error=0x01 (未知故障) | board_tick_ms=172103
2026-08-14T10:26:36.970+08:00 | J4310 | FDCAN1 | ID=0x06 | error=0x01 (未知故障) | board_tick_ms=172105
2026-08-14T10:26:36.978+08:00 | J4310 | FDCAN1 | ID=0x06 | error=0x01 (未知故障) | board_tick_ms=172107
2026-08-14T10:26:36.985+08:00 | J4310 | FDCAN1 | ID=0x06 | error=0x01 (未知故障) | board_tick_ms=172109
2026-08-14T10:26:36.993+08:00 | J4310 | FDCAN1 | ID=0x06 | error=0x01 (未知故障) | board_tick_ms=172111
2026-08-14T10:26:37.001+08:00 | J4310 | FDCAN1 | ID=0x06 | error=0x01 (未知故障) | board_tick_ms=172113
2026-08-14T10:26:37.009+08:00 | J4310 | FDCAN1 | ID=0x06 | error=0x01 (未知故障) | board_tick_ms=172115
2026-08-14T10:26:37.017+08:00 | J4310 | FDCAN1 | ID=0x06 | error=0x01 (未知故障) | board_tick_ms=172117
2026-08-14T10:26:37.025+08:00 | J4310 | FDCAN1 | ID=0x06 | error=0x01 (未知故障) | board_tick_ms=172119
2026-08-14T10:26:37.033+08:00 | J4310 | FDCAN1 | ID=0x06 | error=0x01 (未知故障) | board_tick_ms=172121
2026-08-14T10:26:37.041+08:00 | J4310 | FDCAN1 | ID=0x06 | error=0x01 (未知故障) | board_tick_ms=172123
2026-08-14T10:26:37.049+08:00 | J4310 | FDCAN1 | ID=0x06 | error=0x01 (未知故障) | board_tick_ms=172125
2026-08-14T10:26:37.057+08:00 | J4310 | FDCAN1 | ID=0x06 | error=0x01 (未知故障) | board_tick_ms=172127
2026-08-14T10:26:37.065+08:00 | J4310 | FDCAN1 | ID=0x06 | error=0x01 (未知故障) | board_tick_ms=172129
2026-08-14T10:26:37.073+08:00 | J4310 | FDCAN1 | ID=0x06 | error=0x01 (未知故障) | board_tick_ms=172131
2026-08-14T10:26:37.081+08:00 | J4310 | FDCAN1 | ID=0x06 | error=0x01 (未知故障) | board_tick_ms=172133
2026-08-14T10:26:37.089+08:00 | J4310 | FDCAN1 | ID=0x06 | error=0x01 (未知故障) | board_tick_ms=172135
2026-08-14T10:26:37.097+08:00 | J4310 | FDCAN1 | ID=0x06 | error=0x01 (未知故障) | board_tick_ms=172137
2026-08-14T10:26:37.105+08:00 | J4310 | FDCAN1 | ID=0x06 | error=0x01 (未知故障) | board_tick_ms=172139
2026-08-14T10:26:37.113+08:00 | J4310 | FDCAN1 | ID=0x06 | error=0x01 (未知故障) | board_tick_ms=172141
2026-08-14T10:26:37.121+08:00 | J4310 | FDCAN1 | ID=0x06 | error=0x01 (未知故障) | board_tick_ms=172143
2026-08-14T10:26:37.129+08:00 | J4310 | FDCAN1 | ID=0x06 | error=0x01 (未知故障) | board_tick_ms=172145
2026-08-14T10:26:37.137+08:00 | J4310 | FDCAN1 | ID=0x06 | error=0x01 (未知故障) | board_tick_ms=172147
2026-08-14T10:26:37.145+08:00 | J4310 | FDCAN1 | ID=0x06 | error=0x01 (未知故障) | board_tick_ms=172149
2026-08-14T10:26:37.153+08:00 | J4310 | FDCAN1 | ID=0x06 | error=0x01 (未知故障) | board_tick_ms=172151
2026-08-14T10:26:37.161+08:00 | J4310 | FDCAN1 | ID=0x06 | error=0x01 (未知故障) | board_tick_ms=172153
2026-08-14T10:26:37.170+08:00 | J4310 | FDCAN1 | ID=0x06 | error=0x01 (未知故障) | board_tick_ms=172155
2026-08-14T10:26:37.178+08:00 | J4310 | FDCAN1 | ID=0x06 | error=0x01 (未知故障) | board_tick_ms=172157
2026-08-14T10:26:37.186+08:00 | J4310 | FDCAN1 | ID=0x06 | error=0x01 (未知故障) | board_tick_ms=172159
2026-08-14T10:26:37.194+08:00 | J4310 | FDCAN1 | ID=0x06 | error=0x01 (未知故障) | board_tick_ms=172161
2026-08-14T10:26:37.202+08:00 | J4310 | FDCAN1 | ID=0x06 | error=0x01 (未知故障) | board_tick_ms=172163
2026-08-14T10:26:37.210+08:00 | J4310 | FDCAN1 | ID=0x06 | error=0x01 (未知故障) | board_tick_ms=172165
2026-08-14T10:26:37.218+08:00 | J4310 | FDCAN1 | ID=0x06 | error=0x01 (未知故障) | board_tick_ms=172167
2026-08-14T10:26:37.226+08:00 | J4310 | FDCAN1 | ID=0x06 | error=0x01 (未知故障) | board_tick_ms=172169
2026-08-14T10:26:37.233+08:00 | J4310 | FDCAN1 | ID=0x06 | error=0x01 (未知故障) | board_tick_ms=172171
2026-08-14T10:26:37.241+08:00 | J4310 | FDCAN1 | ID=0x06 | error=0x01 (未知故障) | board_tick_ms=172173
2026-08-14T10:26:37.249+08:00 | J4310 | FDCAN1 | ID=0x06 | error=0x01 (未知故障) | board_tick_ms=172175
2026-08-14T10:26:37.257+08:00 | J4310 | FDCAN1 | ID=0x06 | error=0x01 (未知故障) | board_tick_ms=172177
2026-08-14T10:26:37.265+08:00 | J4310 | FDCAN1 | ID=0x06 | error=0x01 (未知故障) | board_tick_ms=172179
2026-08-14T10:26:37.273+08:00 | J4310 | FDCAN1 | ID=0x06 | error=0x01 (未知故障) | board_tick_ms=172181
2026-08-14T10:26:37.281+08:00 | J4310 | FDCAN1 | ID=0x06 | error=0x01 (未知故障) | board_tick_ms=172183
2026-08-14T10:26:37.290+08:00 | J4310 | FDCAN1 | ID=0x06 | error=0x01 (未知故障) | board_tick_ms=172185
2026-08-14T10:26:37.297+08:00 | J4310 | FDCAN1 | ID=0x06 | error=0x01 (未知故障) | board_tick_ms=172187
2026-08-14T10:26:37.305+08:00 | J4310 | FDCAN1 | ID=0x06 | error=0x01 (未知故障) | board_tick_ms=172189
2026-08-14T10:26:37.312+08:00 | J4310 | FDCAN1 | ID=0x06 | error=0x01 (未知故障) | board_tick_ms=172191
2026-08-14T10:26:42.791+08:00 | J4310 | FDCAN1 | ID=0x06 | error=0xF0 (反馈超时/离线) | board_tick_ms=178350
2026-08-14T10:26:42.839+08:00 | J4310 | FDCAN1 | ID=0x06 | error=0x01 (未知故障) | board_tick_ms=178354
2026-08-14T10:26:42.844+08:00 | J4310 | FDCAN1 | ID=0x06 | error=0x01 (未知故障) | board_tick_ms=178356
2026-08-14T10:26:42.851+08:00 | J4310 | FDCAN1 | ID=0x06 | error=0x01 (未知故障) | board_tick_ms=178358
2026-08-14T10:26:42.858+08:00 | J4310 | FDCAN1 | ID=0x06 | error=0x01 (未知故障) | board_tick_ms=178360
2026-08-14T10:26:42.865+08:00 | J4310 | FDCAN1 | ID=0x06 | error=0x01 (未知故障) | board_tick_ms=178362
2026-08-14T10:26:42.873+08:00 | J4310 | FDCAN1 | ID=0x06 | error=0x01 (未知故障) | board_tick_ms=178364
2026-08-14T10:26:42.880+08:00 | J4310 | FDCAN1 | ID=0x06 | error=0x01 (未知故障) | board_tick_ms=178366
2026-08-14T10:26:42.888+08:00 | J4310 | FDCAN1 | ID=0x06 | error=0x01 (未知故障) | board_tick_ms=178368
2026-08-14T10:26:42.895+08:00 | J4310 | FDCAN1 | ID=0x06 | error=0x01 (未知故障) | board_tick_ms=178370
2026-08-14T10:26:42.904+08:00 | J4310 | FDCAN1 | ID=0x06 | error=0x01 (未知故障) | board_tick_ms=178372
2026-08-14T10:26:42.911+08:00 | J4310 | FDCAN1 | ID=0x06 | error=0x01 (未知故障) | board_tick_ms=178374
2026-08-14T10:26:42.919+08:00 | J4310 | FDCAN1 | ID=0x06 | error=0x01 (未知故障) | board_tick_ms=178376
2026-08-14T10:26:42.926+08:00 | J4310 | FDCAN1 | ID=0x06 | error=0x01 (未知故障) | board_tick_ms=178378
2026-08-14T10:26:42.936+08:00 | J4310 | FDCAN1 | ID=0x06 | error=0x01 (未知故障) | board_tick_ms=178380
2026-08-14T10:26:42.943+08:00 | J4310 | FDCAN1 | ID=0x06 | error=0x01 (未知故障) | board_tick_ms=178382
2026-08-14T10:26:42.951+08:00 | J4310 | FDCAN1 | ID=0x06 | error=0x01 (未知故障) | board_tick_ms=178384
2026-08-14T10:26:42.958+08:00 | J4310 | FDCAN1 | ID=0x06 | error=0x01 (未知故障) | board_tick_ms=178386
2026-08-14T10:26:42.967+08:00 | J4310 | FDCAN1 | ID=0x06 | error=0x01 (未知故障) | board_tick_ms=178388
2026-08-14T10:26:42.975+08:00 | J4310 | FDCAN1 | ID=0x06 | error=0x01 (未知故障) | board_tick_ms=178390
2026-08-14T10:26:42.983+08:00 | J4310 | FDCAN1 | ID=0x06 | error=0x01 (未知故障) | board_tick_ms=178392
2026-08-14T10:26:42.990+08:00 | J4310 | FDCAN1 | ID=0x06 | error=0x01 (未知故障) | board_tick_ms=178394
2026-08-14T10:26:42.998+08:00 | J4310 | FDCAN1 | ID=0x06 | error=0x01 (未知故障) | board_tick_ms=178396
2026-08-14T10:26:43.005+08:00 | J4310 | FDCAN1 | ID=0x06 | error=0x01 (未知故障) | board_tick_ms=178398
2026-08-14T10:26:43.013+08:00 | J4310 | FDCAN1 | ID=0x06 | error=0x01 (未知故障) | board_tick_ms=178400
2026-08-14T10:26:43.021+08:00 | J4310 | FDCAN1 | ID=0x06 | error=0x01 (未知故障) | board_tick_ms=178402
2026-08-14T10:26:43.029+08:00 | J4310 | FDCAN1 | ID=0x06 | error=0x01 (未知故障) | board_tick_ms=178404
2026-08-14T10:26:43.038+08:00 | J4310 | FDCAN1 | ID=0x06 | error=0x01 (未知故障) | board_tick_ms=178406
2026-08-14T10:26:43.047+08:00 | J4310 | FDCAN1 | ID=0x06 | error=0x01 (未知故障) | board_tick_ms=178408
2026-08-14T10:26:43.056+08:00 | J4310 | FDCAN1 | ID=0x06 | error=0x01 (未知故障) | board_tick_ms=178410
2026-08-14T10:26:43.064+08:00 | J4310 | FDCAN1 | ID=0x06 | error=0x01 (未知故障) | board_tick_ms=178412
2026-08-14T10:26:43.073+08:00 | J4310 | FDCAN1 | ID=0x06 | error=0x01 (未知故障) | board_tick_ms=178414
2026-08-14T10:26:43.080+08:00 | J4310 | FDCAN1 | ID=0x06 | error=0x01 (未知故障) | board_tick_ms=178416
2026-08-14T10:26:43.089+08:00 | J4310 | FDCAN1 | ID=0x06 | error=0x01 (未知故障) | board_tick_ms=178418
2026-08-14T10:26:43.098+08:00 | J4310 | FDCAN1 | ID=0x06 | error=0x01 (未知故障) | board_tick_ms=178420
2026-08-14T10:26:43.106+08:00 | J4310 | FDCAN1 | ID=0x06 | error=0x01 (未知故障) | board_tick_ms=178422
2026-08-14T10:26:43.113+08:00 | J4310 | FDCAN1 | ID=0x06 | error=0x01 (未知故障) | board_tick_ms=178424
2026-08-14T10:26:43.121+08:00 | J4310 | FDCAN1 | ID=0x06 | error=0x01 (未知故障) | board_tick_ms=178426
2026-08-14T10:26:43.128+08:00 | J4310 | FDCAN1 | ID=0x06 | error=0x01 (未知故障) | board_tick_ms=178428
2026-08-14T10:26:43.136+08:00 | J4310 | FDCAN1 | ID=0x06 | error=0x01 (未知故障) | board_tick_ms=178430
2026-08-14T10:26:43.143+08:00 | J4310 | FDCAN1 | ID=0x06 | error=0x01 (未知故障) | board_tick_ms=178432
2026-08-14T10:26:43.151+08:00 | J4310 | FDCAN1 | ID=0x06 | error=0x01 (未知故障) | board_tick_ms=178434
2026-08-14T10:26:43.158+08:00 | J4310 | FDCAN1 | ID=0x06 | error=0x01 (未知故障) | board_tick_ms=178436
2026-08-14T10:26:43.167+08:00 | J4310 | FDCAN1 | ID=0x06 | error=0x01 (未知故障) | board_tick_ms=178438
2026-08-14T10:26:43.174+08:00 | J4310 | FDCAN1 | ID=0x06 | error=0x01 (未知故障) | board_tick_ms=178440
2026-08-14T10:26:43.182+08:00 | J4310 | FDCAN1 | ID=0x06 | error=0x01 (未知故障) | board_tick_ms=178442
2026-08-14T10:26:43.189+08:00 | J4310 | FDCAN1 | ID=0x06 | error=0x01 (未知故障) | board_tick_ms=178444
2026-08-14T10:26:43.197+08:00 | J4310 | FDCAN1 | ID=0x06 | error=0x01 (未知故障) | board_tick_ms=178446
2026-08-14T10:26:43.207+08:00 | J4310 | FDCAN1 | ID=0x06 | error=0x01 (未知故障) | board_tick_ms=178448
2026-08-14T10:26:43.215+08:00 | J4310 | FDCAN1 | ID=0x06 | error=0x01 (未知故障) | board_tick_ms=178450
2026-08-14T10:26:43.224+08:00 | J4310 | FDCAN1 | ID=0x06 | error=0x01 (未知故障) | board_tick_ms=178452
2026-08-14T10:26:43.233+08:00 | J4310 | FDCAN1 | ID=0x06 | error=0x01 (未知故障) | board_tick_ms=178454
2026-08-14T10:26:43.240+08:00 | J4310 | FDCAN1 | ID=0x06 | error=0x01 (未知故障) | board_tick_ms=178456
2026-08-14T10:26:43.248+08:00 | J4310 | FDCAN1 | ID=0x06 | error=0x01 (未知故障) | board_tick_ms=178458
2026-08-14T10:26:43.255+08:00 | J4310 | FDCAN1 | ID=0x06 | error=0x01 (未知故障) | board_tick_ms=178460
2026-08-14T10:26:43.262+08:00 | J4310 | FDCAN1 | ID=0x06 | error=0x01 (未知故障) | board_tick_ms=178462
2026-08-14T10:26:43.270+08:00 | J4310 | FDCAN1 | ID=0x06 | error=0x01 (未知故障) | board_tick_ms=178464
2026-08-14T10:26:43.277+08:00 | J4310 | FDCAN1 | ID=0x06 | error=0x01 (未知故障) | board_tick_ms=178466
2026-08-14T10:26:43.284+08:00 | J4310 | FDCAN1 | ID=0x06 | error=0x01 (未知故障) | board_tick_ms=178468
2026-08-14T10:26:43.292+08:00 | J4310 | FDCAN1 | ID=0x06 | error=0x01 (未知故障) | board_tick_ms=178470
2026-08-14T10:26:43.300+08:00 | J4310 | FDCAN1 | ID=0x06 | error=0x01 (未知故障) | board_tick_ms=178472
2026-08-14T10:26:43.308+08:00 | J4310 | FDCAN1 | ID=0x06 | error=0x01 (未知故障) | board_tick_ms=178474
2026-08-14T10:26:43.315+08:00 | J4310 | FDCAN1 | ID=0x06 | error=0x01 (未知故障) | board_tick_ms=178476
2026-08-14T10:26:43.323+08:00 | J4310 | FDCAN1 | ID=0x06 | error=0x01 (未知故障) | board_tick_ms=178478
2026-08-14T10:26:43.330+08:00 | J4310 | FDCAN1 | ID=0x06 | error=0x01 (未知故障) | board_tick_ms=178480
2026-08-14T10:26:43.338+08:00 | J4310 | FDCAN1 | ID=0x06 | error=0x01 (未知故障) | board_tick_ms=178482
2026-08-14T10:26:43.345+08:00 | J4310 | FDCAN1 | ID=0x06 | error=0x01 (未知故障) | board_tick_ms=178484
2026-08-14T10:26:43.354+08:00 | J4310 | FDCAN1 | ID=0x06 | error=0x01 (未知故障) | board_tick_ms=178486
2026-08-14T10:26:43.362+08:00 | J4310 | FDCAN1 | ID=0x06 | error=0x01 (未知故障) | board_tick_ms=178488
2026-08-14T10:26:43.369+08:00 | J4310 | FDCAN1 | ID=0x06 | error=0x01 (未知故障) | board_tick_ms=178490
2026-08-14T10:26:43.377+08:00 | J4310 | FDCAN1 | ID=0x06 | error=0x01 (未知故障) | board_tick_ms=178492
2026-08-14T10:26:43.385+08:00 | J4310 | FDCAN1 | ID=0x06 | error=0x01 (未知故障) | board_tick_ms=178494
2026-08-14T10:26:43.392+08:00 | J4310 | FDCAN1 | ID=0x06 | error=0x01 (未知故障) | board_tick_ms=178496
2026-08-14T10:26:43.400+08:00 | J4310 | FDCAN1 | ID=0x06 | error=0x01 (未知故障) | board_tick_ms=178498
2026-08-14T10:26:43.407+08:00 | J4310 | FDCAN1 | ID=0x06 | error=0x01 (未知故障) | board_tick_ms=178500
2026-08-14T10:26:43.414+08:00 | J4310 | FDCAN1 | ID=0x06 | error=0x01 (未知故障) | board_tick_ms=178502
2026-08-14T10:26:43.423+08:00 | J4310 | FDCAN1 | ID=0x06 | error=0x01 (未知故障) | board_tick_ms=178504
2026-08-14T10:26:43.431+08:00 | J4310 | FDCAN1 | ID=0x06 | error=0x01 (未知故障) | board_tick_ms=178506
2026-08-14T10:26:43.438+08:00 | J4310 | FDCAN1 | ID=0x06 | error=0x01 (未知故障) | board_tick_ms=178508
2026-08-14T10:26:43.445+08:00 | J4310 | FDCAN1 | ID=0x06 | error=0x01 (未知故障) | board_tick_ms=178510
2026-08-14T10:26:43.453+08:00 | J4310 | FDCAN1 | ID=0x06 | error=0x01 (未知故障) | board_tick_ms=178512
2026-08-14T10:26:43.460+08:00 | J4310 | FDCAN1 | ID=0x06 | error=0x01 (未知故障) | board_tick_ms=178514
2026-08-14T10:26:43.467+08:00 | J4310 | FDCAN1 | ID=0x06 | error=0x01 (未知故障) | board_tick_ms=178516
2026-08-14T10:26:43.475+08:00 | J4310 | FDCAN1 | ID=0x06 | error=0x01 (未知故障) | board_tick_ms=178518
2026-08-14T10:26:43.483+08:00 | J4310 | FDCAN1 | ID=0x06 | error=0x01 (未知故障) | board_tick_ms=178520
2026-08-14T10:26:43.491+08:00 | J4310 | FDCAN1 | ID=0x06 | error=0x01 (未知故障) | board_tick_ms=178522
2026-08-14T10:26:43.498+08:00 | J4310 | FDCAN1 | ID=0x06 | error=0x01 (未知故障) | board_tick_ms=178524
2026-08-14T10:26:43.505+08:00 | J4310 | FDCAN1 | ID=0x06 | error=0x01 (未知故障) | board_tick_ms=178526
2026-08-14T10:26:43.513+08:00 | J4310 | FDCAN1 | ID=0x06 | error=0x01 (未知故障) | board_tick_ms=178528
2026-08-14T10:26:43.521+08:00 | J4310 | FDCAN1 | ID=0x06 | error=0x01 (未知故障) | board_tick_ms=178530
2026-08-14T10:26:43.528+08:00 | J4310 | FDCAN1 | ID=0x06 | error=0x01 (未知故障) | board_tick_ms=178532
2026-08-14T10:26:43.536+08:00 | J4310 | FDCAN1 | ID=0x06 | error=0x01 (未知故障) | board_tick_ms=178534
2026-08-14T10:26:43.546+08:00 | J4310 | FDCAN1 | ID=0x06 | error=0x01 (未知故障) | board_tick_ms=178536
2026-08-14T10:26:43.555+08:00 | J4310 | FDCAN1 | ID=0x06 | error=0x01 (未知故障) | board_tick_ms=178538
2026-08-14T10:26:43.565+08:00 | J4310 | FDCAN1 | ID=0x06 | error=0x01 (未知故障) | board_tick_ms=178540
2026-08-14T10:26:43.574+08:00 | J4310 | FDCAN1 | ID=0x06 | error=0x01 (未知故障) | board_tick_ms=178542
2026-08-14T10:26:43.583+08:00 | J4310 | FDCAN1 | ID=0x06 | error=0x01 (未知故障) | board_tick_ms=178544
2026-08-14T10:26:43.592+08:00 | J4310 | FDCAN1 | ID=0x06 | error=0x01 (未知故障) | board_tick_ms=178546
2026-08-14T10:26:43.601+08:00 | J4310 | FDCAN1 | ID=0x06 | error=0x01 (未知故障) | board_tick_ms=178548
2026-08-14T10:27:35.534+08:00 | J4310 | FDCAN1 | ID=0x06 | error=0xF0 (反馈超时/离线) | board_tick_ms=231068
2026-08-14T10:27:35.541+08:00 | J4310 | FDCAN1 | ID=0x06 | error=0x01 (未知故障) | board_tick_ms=231068
2026-08-14T10:27:35.550+08:00 | J4310 | FDCAN1 | ID=0x06 | error=0x01 (未知故障) | board_tick_ms=231072
2026-08-14T10:27:35.557+08:00 | J4310 | FDCAN1 | ID=0x06 | error=0x01 (未知故障) | board_tick_ms=231078
2026-08-14T10:27:35.564+08:00 | J4310 | FDCAN1 | ID=0x06 | error=0x01 (未知故障) | board_tick_ms=231080
2026-08-14T10:27:35.573+08:00 | J4310 | FDCAN1 | ID=0x06 | error=0x01 (未知故障) | board_tick_ms=231082
2026-08-14T10:27:35.582+08:00 | J4310 | FDCAN1 | ID=0x06 | error=0x01 (未知故障) | board_tick_ms=231084
2026-08-14T10:27:35.591+08:00 | J4310 | FDCAN1 | ID=0x06 | error=0x01 (未知故障) | board_tick_ms=231086
2026-08-14T10:27:35.600+08:00 | J4310 | FDCAN1 | ID=0x06 | error=0x01 (未知故障) | board_tick_ms=231088
2026-08-14T10:27:35.608+08:00 | J4310 | FDCAN1 | ID=0x06 | error=0x01 (未知故障) | board_tick_ms=231090
2026-08-14T10:27:35.618+08:00 | J4310 | FDCAN1 | ID=0x06 | error=0x01 (未知故障) | board_tick_ms=231092
2026-08-14T10:27:35.627+08:00 | J4310 | FDCAN1 | ID=0x06 | error=0x01 (未知故障) | board_tick_ms=231094
2026-08-14T10:27:35.636+08:00 | J4310 | FDCAN1 | ID=0x06 | error=0x01 (未知故障) | board_tick_ms=231096
2026-08-14T10:27:35.646+08:00 | J4310 | FDCAN1 | ID=0x06 | error=0x01 (未知故障) | board_tick_ms=231098
2026-08-14T10:27:35.657+08:00 | J4310 | FDCAN1 | ID=0x06 | error=0x01 (未知故障) | board_tick_ms=231100
2026-08-14T10:27:35.667+08:00 | J4310 | FDCAN1 | ID=0x06 | error=0x01 (未知故障) | board_tick_ms=231102
2026-08-14T10:27:35.676+08:00 | J4310 | FDCAN1 | ID=0x06 | error=0x01 (未知故障) | board_tick_ms=231104
2026-08-14T10:27:35.685+08:00 | J4310 | FDCAN1 | ID=0x06 | error=0x01 (未知故障) | board_tick_ms=231106
2026-08-14T10:27:35.694+08:00 | J4310 | FDCAN1 | ID=0x06 | error=0x01 (未知故障) | board_tick_ms=231108
2026-08-14T10:27:35.704+08:00 | J4310 | FDCAN1 | ID=0x06 | error=0x01 (未知故障) | board_tick_ms=231110
2026-08-14T10:27:35.716+08:00 | J4310 | FDCAN1 | ID=0x06 | error=0x01 (未知故障) | board_tick_ms=231112
2026-08-14T10:27:35.727+08:00 | J4310 | FDCAN1 | ID=0x06 | error=0x01 (未知故障) | board_tick_ms=231114
2026-08-14T10:27:35.739+08:00 | J4310 | FDCAN1 | ID=0x06 | error=0x01 (未知故障) | board_tick_ms=231116
2026-08-14T10:27:35.751+08:00 | J4310 | FDCAN1 | ID=0x06 | error=0x01 (未知故障) | board_tick_ms=231118
2026-08-14T10:27:35.763+08:00 | J4310 | FDCAN1 | ID=0x06 | error=0x01 (未知故障) | board_tick_ms=231120
2026-08-14T10:27:35.773+08:00 | J4310 | FDCAN1 | ID=0x06 | error=0x01 (未知故障) | board_tick_ms=231122
2026-08-14T10:27:35.782+08:00 | J4310 | FDCAN1 | ID=0x06 | error=0x01 (未知故障) | board_tick_ms=231124
2026-08-14T10:27:35.791+08:00 | J4310 | FDCAN1 | ID=0x06 | error=0x01 (未知故障) | board_tick_ms=231126
2026-08-14T10:27:35.801+08:00 | J4310 | FDCAN1 | ID=0x06 | error=0x01 (未知故障) | board_tick_ms=231128
2026-08-14T10:27:35.810+08:00 | J4310 | FDCAN1 | ID=0x06 | error=0x01 (未知故障) | board_tick_ms=231130
2026-08-14T10:27:35.819+08:00 | J4310 | FDCAN1 | ID=0x06 | error=0x01 (未知故障) | board_tick_ms=231132
2026-08-14T10:27:35.827+08:00 | J4310 | FDCAN1 | ID=0x06 | error=0x01 (未知故障) | board_tick_ms=231134
2026-08-14T10:27:35.836+08:00 | J4310 | FDCAN1 | ID=0x06 | error=0x01 (未知故障) | board_tick_ms=231136
2026-08-14T10:27:35.844+08:00 | J4310 | FDCAN1 | ID=0x06 | error=0x01 (未知故障) | board_tick_ms=231138
2026-08-14T10:27:35.853+08:00 | J4310 | FDCAN1 | ID=0x06 | error=0x01 (未知故障) | board_tick_ms=231140
2026-08-14T10:27:35.862+08:00 | J4310 | FDCAN1 | ID=0x06 | error=0x01 (未知故障) | board_tick_ms=231142
2026-08-14T10:27:35.871+08:00 | J4310 | FDCAN1 | ID=0x06 | error=0x01 (未知故障) | board_tick_ms=231144
2026-08-14T10:27:35.879+08:00 | J4310 | FDCAN1 | ID=0x06 | error=0x01 (未知故障) | board_tick_ms=231146
2026-08-14T10:27:35.888+08:00 | J4310 | FDCAN1 | ID=0x06 | error=0x01 (未知故障) | board_tick_ms=231148
2026-08-14T10:27:35.898+08:00 | J4310 | FDCAN1 | ID=0x06 | error=0x01 (未知故障) | board_tick_ms=231150
2026-08-14T10:27:35.909+08:00 | J4310 | FDCAN1 | ID=0x06 | error=0x01 (未知故障) | board_tick_ms=231152
2026-08-14T10:27:35.917+08:00 | J4310 | FDCAN1 | ID=0x06 | error=0x01 (未知故障) | board_tick_ms=231154
2026-08-14T10:27:35.927+08:00 | J4310 | FDCAN1 | ID=0x06 | error=0x01 (未知故障) | board_tick_ms=231156
2026-08-14T10:27:35.935+08:00 | J4310 | FDCAN1 | ID=0x06 | error=0x01 (未知故障) | board_tick_ms=231158
2026-08-14T10:27:35.944+08:00 | J4310 | FDCAN1 | ID=0x06 | error=0x01 (未知故障) | board_tick_ms=231160
2026-08-14T10:27:35.952+08:00 | J4310 | FDCAN1 | ID=0x06 | error=0x01 (未知故障) | board_tick_ms=231162
2026-08-14T10:27:35.960+08:00 | J4310 | FDCAN1 | ID=0x06 | error=0x01 (未知故障) | board_tick_ms=231164
2026-08-14T10:27:35.970+08:00 | J4310 | FDCAN1 | ID=0x06 | error=0x01 (未知故障) | board_tick_ms=231166
2026-08-14T10:27:35.979+08:00 | J4310 | FDCAN1 | ID=0x06 | error=0x01 (未知故障) | board_tick_ms=231168
2026-08-14T10:27:35.989+08:00 | J4310 | FDCAN1 | ID=0x06 | error=0x01 (未知故障) | board_tick_ms=231170
2026-08-14T10:27:35.997+08:00 | J4310 | FDCAN1 | ID=0x06 | error=0x01 (未知故障) | board_tick_ms=231172
2026-08-14T10:27:36.006+08:00 | J4310 | FDCAN1 | ID=0x06 | error=0x01 (未知故障) | board_tick_ms=231174
2026-08-14T10:27:36.014+08:00 | J4310 | FDCAN1 | ID=0x06 | error=0x01 (未知故障) | board_tick_ms=231176
2026-08-14T10:27:36.023+08:00 | J4310 | FDCAN1 | ID=0x06 | error=0x01 (未知故障) | board_tick_ms=231178
2026-08-14T10:27:36.031+08:00 | J4310 | FDCAN1 | ID=0x06 | error=0x01 (未知故障) | board_tick_ms=231180
2026-08-14T10:27:36.040+08:00 | J4310 | FDCAN1 | ID=0x06 | error=0x01 (未知故障) | board_tick_ms=231182
2026-08-14T10:27:36.049+08:00 | J4310 | FDCAN1 | ID=0x06 | error=0x01 (未知故障) | board_tick_ms=231184
2026-08-14T10:27:36.058+08:00 | J4310 | FDCAN1 | ID=0x06 | error=0x01 (未知故障) | board_tick_ms=231186
2026-08-14T10:27:36.067+08:00 | J4310 | FDCAN1 | ID=0x06 | error=0x01 (未知故障) | board_tick_ms=231188
2026-08-14T10:27:36.076+08:00 | J4310 | FDCAN1 | ID=0x06 | error=0x01 (未知故障) | board_tick_ms=231190
2026-08-14T10:27:36.085+08:00 | J4310 | FDCAN1 | ID=0x06 | error=0x01 (未知故障) | board_tick_ms=231192
2026-08-14T10:27:36.093+08:00 | J4310 | FDCAN1 | ID=0x06 | error=0x01 (未知故障) | board_tick_ms=231194
2026-08-14T10:27:36.102+08:00 | J4310 | FDCAN1 | ID=0x06 | error=0x01 (未知故障) | board_tick_ms=231196
2026-08-14T10:27:36.110+08:00 | J4310 | FDCAN1 | ID=0x06 | error=0x01 (未知故障) | board_tick_ms=231198
2026-08-14T10:27:36.119+08:00 | J4310 | FDCAN1 | ID=0x06 | error=0x01 (未知故障) | board_tick_ms=231200
2026-08-14T10:27:36.127+08:00 | J4310 | FDCAN1 | ID=0x06 | error=0x01 (未知故障) | board_tick_ms=231202
2026-08-14T10:27:36.137+08:00 | J4310 | FDCAN1 | ID=0x06 | error=0x01 (未知故障) | board_tick_ms=231204
2026-08-14T10:27:36.146+08:00 | J4310 | FDCAN1 | ID=0x06 | error=0x01 (未知故障) | board_tick_ms=231206
2026-08-14T10:27:36.155+08:00 | J4310 | FDCAN1 | ID=0x06 | error=0x01 (未知故障) | board_tick_ms=231208
2026-08-14T10:27:36.164+08:00 | J4310 | FDCAN1 | ID=0x06 | error=0x01 (未知故障) | board_tick_ms=231210
2026-08-14T10:27:36.174+08:00 | J4310 | FDCAN1 | ID=0x06 | error=0x01 (未知故障) | board_tick_ms=231212
2026-08-14T10:27:36.182+08:00 | J4310 | FDCAN1 | ID=0x06 | error=0x01 (未知故障) | board_tick_ms=231214
2026-08-14T10:27:36.192+08:00 | J4310 | FDCAN1 | ID=0x06 | error=0x01 (未知故障) | board_tick_ms=231216
2026-08-14T10:27:36.201+08:00 | J4310 | FDCAN1 | ID=0x06 | error=0x01 (未知故障) | board_tick_ms=231218
2026-08-14T10:27:36.210+08:00 | J4310 | FDCAN1 | ID=0x06 | error=0x01 (未知故障) | board_tick_ms=231220
2026-08-14T10:27:36.219+08:00 | J4310 | FDCAN1 | ID=0x06 | error=0x01 (未知故障) | board_tick_ms=231222
2026-08-14T10:27:36.229+08:00 | J4310 | FDCAN1 | ID=0x06 | error=0x01 (未知故障) | board_tick_ms=231224
2026-08-14T10:27:36.237+08:00 | J4310 | FDCAN1 | ID=0x06 | error=0x01 (未知故障) | board_tick_ms=231226
2026-08-14T10:27:36.247+08:00 | J4310 | FDCAN1 | ID=0x06 | error=0x01 (未知故障) | board_tick_ms=231228
2026-08-14T10:27:36.257+08:00 | J4310 | FDCAN1 | ID=0x06 | error=0x01 (未知故障) | board_tick_ms=231230
2026-08-14T10:27:36.265+08:00 | J4310 | FDCAN1 | ID=0x06 | error=0x01 (未知故障) | board_tick_ms=231232
2026-08-14T10:27:36.274+08:00 | J4310 | FDCAN1 | ID=0x06 | error=0x01 (未知故障) | board_tick_ms=231234
2026-08-14T10:27:36.283+08:00 | J4310 | FDCAN1 | ID=0x06 | error=0x01 (未知故障) | board_tick_ms=231236
2026-08-14T10:27:36.292+08:00 | J4310 | FDCAN1 | ID=0x06 | error=0x01 (未知故障) | board_tick_ms=231238
2026-08-14T10:27:36.300+08:00 | J4310 | FDCAN1 | ID=0x06 | error=0x01 (未知故障) | board_tick_ms=231240
2026-08-14T10:27:36.309+08:00 | J4310 | FDCAN1 | ID=0x06 | error=0x01 (未知故障) | board_tick_ms=231242
2026-08-14T10:27:36.317+08:00 | J4310 | FDCAN1 | ID=0x06 | error=0x01 (未知故障) | board_tick_ms=231244
2026-08-14T10:27:36.327+08:00 | J4310 | FDCAN1 | ID=0x06 | error=0x01 (未知故障) | board_tick_ms=231246
2026-08-14T10:27:36.335+08:00 | J4310 | FDCAN1 | ID=0x06 | error=0x01 (未知故障) | board_tick_ms=231248
2026-08-14T10:27:36.344+08:00 | J4310 | FDCAN1 | ID=0x06 | error=0x01 (未知故障) | board_tick_ms=231250
2026-08-14T10:27:36.353+08:00 | J4310 | FDCAN1 | ID=0x06 | error=0x01 (未知故障) | board_tick_ms=231252
2026-08-14T10:27:36.361+08:00 | J4310 | FDCAN1 | ID=0x06 | error=0x01 (未知故障) | board_tick_ms=231254
2026-08-14T10:27:36.370+08:00 | J4310 | FDCAN1 | ID=0x06 | error=0x01 (未知故障) | board_tick_ms=231256
2026-08-14T10:27:36.380+08:00 | J4310 | FDCAN1 | ID=0x06 | error=0x01 (未知故障) | board_tick_ms=231258
2026-08-14T10:27:36.389+08:00 | J4310 | FDCAN1 | ID=0x06 | error=0x01 (未知故障) | board_tick_ms=231260
2026-08-14T10:27:36.397+08:00 | J4310 | FDCAN1 | ID=0x06 | error=0x01 (未知故障) | board_tick_ms=231262
2026-08-14T10:27:36.405+08:00 | J4310 | FDCAN1 | ID=0x06 | error=0x01 (未知故障) | board_tick_ms=231264
2026-08-14T10:27:36.414+08:00 | J4310 | FDCAN1 | ID=0x06 | error=0x01 (未知故障) | board_tick_ms=231266
2026-08-14T10:27:36.422+08:00 | J4310 | FDCAN1 | ID=0x06 | error=0x01 (未知故障) | board_tick_ms=231268
2026-08-14T10:27:36.431+08:00 | J4310 | FDCAN1 | ID=0x06 | error=0x01 (未知故障) | board_tick_ms=231270
2026-08-14T10:27:36.440+08:00 | J4310 | FDCAN1 | ID=0x06 | error=0x01 (未知故障) | board_tick_ms=231272
2026-08-14T10:27:36.450+08:00 | J4310 | FDCAN1 | ID=0x06 | error=0x01 (未知故障) | board_tick_ms=231274
2026-08-14T10:27:36.458+08:00 | J4310 | FDCAN1 | ID=0x06 | error=0x01 (未知故障) | board_tick_ms=231276
2026-08-14T10:27:36.467+08:00 | J4310 | FDCAN1 | ID=0x06 | error=0x01 (未知故障) | board_tick_ms=231278
2026-08-14T10:27:36.476+08:00 | J4310 | FDCAN1 | ID=0x06 | error=0x01 (未知故障) | board_tick_ms=231280
2026-08-14T11:00:30.103+08:00 | J4310 | FDCAN1 | ID=0x06 | error=0x01 (未知故障) | board_tick_ms=25686
2026-08-14T11:00:30.228+08:00 | J4310 | FDCAN1 | ID=0x06 | error=0x01 (未知故障) | board_tick_ms=25688
2026-08-14T11:00:30.234+08:00 | J4310 | FDCAN1 | ID=0x06 | error=0x01 (未知故障) | board_tick_ms=25690
2026-08-14T11:00:30.239+08:00 | J4310 | FDCAN1 | ID=0x06 | error=0x01 (未知故障) | board_tick_ms=25692
2026-08-14T11:00:30.246+08:00 | J4310 | FDCAN1 | ID=0x06 | error=0x01 (未知故障) | board_tick_ms=25694
2026-08-14T11:00:30.254+08:00 | J4310 | FDCAN1 | ID=0x06 | error=0x01 (未知故障) | board_tick_ms=25696
2026-08-14T11:00:30.262+08:00 | J4310 | FDCAN1 | ID=0x06 | error=0x01 (未知故障) | board_tick_ms=25698
2026-08-14T11:00:30.270+08:00 | J4310 | FDCAN1 | ID=0x06 | error=0x01 (未知故障) | board_tick_ms=25700
2026-08-14T11:00:30.278+08:00 | J4310 | FDCAN1 | ID=0x06 | error=0x01 (未知故障) | board_tick_ms=25702
2026-08-14T11:00:30.286+08:00 | J4310 | FDCAN1 | ID=0x06 | error=0x01 (未知故障) | board_tick_ms=25704
2026-08-14T11:00:30.295+08:00 | J4310 | FDCAN1 | ID=0x06 | error=0x01 (未知故障) | board_tick_ms=25706
2026-08-14T11:00:30.303+08:00 | J4310 | FDCAN1 | ID=0x06 | error=0x01 (未知故障) | board_tick_ms=25708
2026-08-14T11:00:30.310+08:00 | J4310 | FDCAN1 | ID=0x06 | error=0x01 (未知故障) | board_tick_ms=25710
2026-08-14T11:00:30.318+08:00 | J4310 | FDCAN1 | ID=0x06 | error=0x01 (未知故障) | board_tick_ms=25712
2026-08-14T11:00:30.326+08:00 | J4310 | FDCAN1 | ID=0x06 | error=0x01 (未知故障) | board_tick_ms=25714
2026-08-14T11:00:30.334+08:00 | J4310 | FDCAN1 | ID=0x06 | error=0x01 (未知故障) | board_tick_ms=25716
2026-08-14T11:00:30.342+08:00 | J4310 | FDCAN1 | ID=0x06 | error=0x01 (未知故障) | board_tick_ms=25718
2026-08-14T11:00:30.350+08:00 | J4310 | FDCAN1 | ID=0x06 | error=0x01 (未知故障) | board_tick_ms=25720
2026-08-14T11:00:30.358+08:00 | J4310 | FDCAN1 | ID=0x06 | error=0x01 (未知故障) | board_tick_ms=25722
2026-08-14T11:00:30.365+08:00 | J4310 | FDCAN1 | ID=0x06 | error=0x01 (未知故障) | board_tick_ms=25724
2026-08-14T11:00:30.373+08:00 | J4310 | FDCAN1 | ID=0x06 | error=0x01 (未知故障) | board_tick_ms=25726
2026-08-14T11:00:30.382+08:00 | J4310 | FDCAN1 | ID=0x06 | error=0x01 (未知故障) | board_tick_ms=25728
2026-08-14T11:00:30.389+08:00 | J4310 | FDCAN1 | ID=0x06 | error=0x01 (未知故障) | board_tick_ms=25730
2026-08-14T11:00:30.397+08:00 | J4310 | FDCAN1 | ID=0x06 | error=0x01 (未知故障) | board_tick_ms=25732
2026-08-14T11:00:30.405+08:00 | J4310 | FDCAN1 | ID=0x06 | error=0x01 (未知故障) | board_tick_ms=25734
2026-08-14T11:00:30.413+08:00 | J4310 | FDCAN1 | ID=0x06 | error=0x01 (未知故障) | board_tick_ms=25736
2026-08-14T11:00:30.421+08:00 | J4310 | FDCAN1 | ID=0x06 | error=0x01 (未知故障) | board_tick_ms=25738
2026-08-14T11:00:30.429+08:00 | J4310 | FDCAN1 | ID=0x06 | error=0x01 (未知故障) | board_tick_ms=25740
2026-08-14T11:00:30.437+08:00 | J4310 | FDCAN1 | ID=0x06 | error=0x01 (未知故障) | board_tick_ms=25742
2026-08-14T11:00:30.445+08:00 | J4310 | FDCAN1 | ID=0x06 | error=0x01 (未知故障) | board_tick_ms=25744
2026-08-14T11:00:30.453+08:00 | J4310 | FDCAN1 | ID=0x06 | error=0x01 (未知故障) | board_tick_ms=25746
2026-08-14T11:00:30.461+08:00 | J4310 | FDCAN1 | ID=0x06 | error=0x01 (未知故障) | board_tick_ms=25748
2026-08-14T11:00:30.468+08:00 | J4310 | FDCAN1 | ID=0x06 | error=0x01 (未知故障) | board_tick_ms=25750
2026-08-14T11:00:30.476+08:00 | J4310 | FDCAN1 | ID=0x06 | error=0x01 (未知故障) | board_tick_ms=25752
2026-08-14T11:00:30.483+08:00 | J4310 | FDCAN1 | ID=0x06 | error=0x01 (未知故障) | board_tick_ms=25754
2026-08-14T11:00:30.491+08:00 | J4310 | FDCAN1 | ID=0x06 | error=0x01 (未知故障) | board_tick_ms=25756
2026-08-14T11:00:30.499+08:00 | J4310 | FDCAN1 | ID=0x06 | error=0x01 (未知故障) | board_tick_ms=25758
2026-08-14T11:00:30.507+08:00 | J4310 | FDCAN1 | ID=0x06 | error=0x01 (未知故障) | board_tick_ms=25760
2026-08-14T11:00:30.514+08:00 | J4310 | FDCAN1 | ID=0x06 | error=0x01 (未知故障) | board_tick_ms=25762
2026-08-14T11:00:30.522+08:00 | J4310 | FDCAN1 | ID=0x06 | error=0x01 (未知故障) | board_tick_ms=25764
2026-08-14T11:00:30.533+08:00 | J4310 | FDCAN1 | ID=0x06 | error=0x01 (未知故障) | board_tick_ms=25766
2026-08-14T11:00:30.541+08:00 | J4310 | FDCAN1 | ID=0x06 | error=0x01 (未知故障) | board_tick_ms=25768
2026-08-14T11:00:30.549+08:00 | J4310 | FDCAN1 | ID=0x06 | error=0x01 (未知故障) | board_tick_ms=25770
2026-08-14T11:00:30.556+08:00 | J4310 | FDCAN1 | ID=0x06 | error=0x01 (未知故障) | board_tick_ms=25772
2026-08-14T11:00:30.565+08:00 | J4310 | FDCAN1 | ID=0x06 | error=0x01 (未知故障) | board_tick_ms=25774
2026-08-14T11:00:30.573+08:00 | J4310 | FDCAN1 | ID=0x06 | error=0x01 (未知故障) | board_tick_ms=25776
2026-08-14T11:00:30.581+08:00 | J4310 | FDCAN1 | ID=0x06 | error=0x01 (未知故障) | board_tick_ms=25778
2026-08-14T11:00:30.588+08:00 | J4310 | FDCAN1 | ID=0x06 | error=0x01 (未知故障) | board_tick_ms=25780
2026-08-14T11:00:30.596+08:00 | J4310 | FDCAN1 | ID=0x06 | error=0x01 (未知故障) | board_tick_ms=25782
2026-08-14T11:00:30.604+08:00 | J4310 | FDCAN1 | ID=0x06 | error=0x01 (未知故障) | board_tick_ms=25784
2026-08-14T11:00:30.612+08:00 | J4310 | FDCAN1 | ID=0x06 | error=0x01 (未知故障) | board_tick_ms=25786
2026-08-14T11:00:30.619+08:00 | J4310 | FDCAN1 | ID=0x06 | error=0x01 (未知故障) | board_tick_ms=25788
2026-08-14T11:00:30.627+08:00 | J4310 | FDCAN1 | ID=0x06 | error=0x01 (未知故障) | board_tick_ms=25790
2026-08-14T11:00:30.635+08:00 | J4310 | FDCAN1 | ID=0x06 | error=0x01 (未知故障) | board_tick_ms=25792
2026-08-14T11:00:30.643+08:00 | J4310 | FDCAN1 | ID=0x06 | error=0x01 (未知故障) | board_tick_ms=25794
2026-08-14T11:00:30.650+08:00 | J4310 | FDCAN1 | ID=0x06 | error=0x01 (未知故障) | board_tick_ms=25796
2026-08-14T11:00:30.659+08:00 | J4310 | FDCAN1 | ID=0x06 | error=0x01 (未知故障) | board_tick_ms=25798
2026-08-14T11:00:30.666+08:00 | J4310 | FDCAN1 | ID=0x06 | error=0x01 (未知故障) | board_tick_ms=25800
2026-08-14T11:00:30.674+08:00 | J4310 | FDCAN1 | ID=0x06 | error=0x01 (未知故障) | board_tick_ms=25802
2026-08-14T11:00:30.682+08:00 | J4310 | FDCAN1 | ID=0x06 | error=0x01 (未知故障) | board_tick_ms=25804
2026-08-14T11:00:30.690+08:00 | J4310 | FDCAN1 | ID=0x06 | error=0x01 (未知故障) | board_tick_ms=25806
2026-08-14T11:00:30.697+08:00 | J4310 | FDCAN1 | ID=0x06 | error=0x01 (未知故障) | board_tick_ms=25808
2026-08-14T11:00:30.705+08:00 | J4310 | FDCAN1 | ID=0x06 | error=0x01 (未知故障) | board_tick_ms=25810
2026-08-14T11:00:30.713+08:00 | J4310 | FDCAN1 | ID=0x06 | error=0x01 (未知故障) | board_tick_ms=25812
2026-08-14T11:00:30.721+08:00 | J4310 | FDCAN1 | ID=0x06 | error=0x01 (未知故障) | board_tick_ms=25814
2026-08-14T11:00:30.729+08:00 | J4310 | FDCAN1 | ID=0x06 | error=0x01 (未知故障) | board_tick_ms=25816
2026-08-14T11:00:30.737+08:00 | J4310 | FDCAN1 | ID=0x06 | error=0x01 (未知故障) | board_tick_ms=25818
2026-08-14T11:00:30.745+08:00 | J4310 | FDCAN1 | ID=0x06 | error=0x01 (未知故障) | board_tick_ms=25820
2026-08-14T11:00:30.753+08:00 | J4310 | FDCAN1 | ID=0x06 | error=0x01 (未知故障) | board_tick_ms=25822
2026-08-14T11:00:30.761+08:00 | J4310 | FDCAN1 | ID=0x06 | error=0x01 (未知故障) | board_tick_ms=25824
2026-08-14T11:00:30.769+08:00 | J4310 | FDCAN1 | ID=0x06 | error=0x01 (未知故障) | board_tick_ms=25826
2026-08-14T11:00:30.776+08:00 | J4310 | FDCAN1 | ID=0x06 | error=0x01 (未知故障) | board_tick_ms=25828
2026-08-14T11:00:30.784+08:00 | J4310 | FDCAN1 | ID=0x06 | error=0x01 (未知故障) | board_tick_ms=25830
2026-08-14T11:00:30.792+08:00 | J4310 | FDCAN1 | ID=0x06 | error=0x01 (未知故障) | board_tick_ms=25832
2026-08-14T11:00:30.801+08:00 | J4310 | FDCAN1 | ID=0x06 | error=0x01 (未知故障) | board_tick_ms=25834
2026-08-14T11:00:30.808+08:00 | J4310 | FDCAN1 | ID=0x06 | error=0x01 (未知故障) | board_tick_ms=25836
2026-08-14T11:00:30.817+08:00 | J4310 | FDCAN1 | ID=0x06 | error=0x01 (未知故障) | board_tick_ms=25838
2026-08-14T11:00:30.825+08:00 | J4310 | FDCAN1 | ID=0x06 | error=0x01 (未知故障) | board_tick_ms=25840
2026-08-14T11:00:30.833+08:00 | J4310 | FDCAN1 | ID=0x06 | error=0x01 (未知故障) | board_tick_ms=25842
2026-08-14T11:00:30.840+08:00 | J4310 | FDCAN1 | ID=0x06 | error=0x01 (未知故障) | board_tick_ms=25844
2026-08-14T11:00:30.848+08:00 | J4310 | FDCAN1 | ID=0x06 | error=0x01 (未知故障) | board_tick_ms=25846
2026-08-14T11:00:30.856+08:00 | J4310 | FDCAN1 | ID=0x06 | error=0x01 (未知故障) | board_tick_ms=25848
2026-08-14T11:00:30.864+08:00 | J4310 | FDCAN1 | ID=0x06 | error=0x01 (未知故障) | board_tick_ms=25850
2026-08-14T11:00:30.872+08:00 | J4310 | FDCAN1 | ID=0x06 | error=0x01 (未知故障) | board_tick_ms=25852
2026-08-14T11:00:30.880+08:00 | J4310 | FDCAN1 | ID=0x06 | error=0x01 (未知故障) | board_tick_ms=25854
2026-08-14T11:00:30.888+08:00 | J4310 | FDCAN1 | ID=0x06 | error=0x01 (未知故障) | board_tick_ms=25856
2026-08-14T11:00:30.896+08:00 | J4310 | FDCAN1 | ID=0x06 | error=0x01 (未知故障) | board_tick_ms=25858
2026-08-14T11:00:30.904+08:00 | J4310 | FDCAN1 | ID=0x06 | error=0x01 (未知故障) | board_tick_ms=25860
2026-08-14T11:00:30.914+08:00 | J4310 | FDCAN1 | ID=0x06 | error=0x01 (未知故障) | board_tick_ms=25862
2026-08-14T11:00:30.922+08:00 | J4310 | FDCAN1 | ID=0x06 | error=0x01 (未知故障) | board_tick_ms=25864
2026-08-14T11:00:30.931+08:00 | J4310 | FDCAN1 | ID=0x06 | error=0x01 (未知故障) | board_tick_ms=25866
2026-08-14T11:00:30.938+08:00 | J4310 | FDCAN1 | ID=0x06 | error=0x01 (未知故障) | board_tick_ms=25868
2026-08-14T11:00:30.946+08:00 | J4310 | FDCAN1 | ID=0x06 | error=0x01 (未知故障) | board_tick_ms=25870
2026-08-14T11:00:30.954+08:00 | J4310 | FDCAN1 | ID=0x06 | error=0x01 (未知故障) | board_tick_ms=25872
2026-08-14T11:00:30.962+08:00 | J4310 | FDCAN1 | ID=0x06 | error=0x01 (未知故障) | board_tick_ms=25874
2026-08-14T11:00:30.970+08:00 | J4310 | FDCAN1 | ID=0x06 | error=0x01 (未知故障) | board_tick_ms=25876
2026-08-14T11:00:30.978+08:00 | J4310 | FDCAN1 | ID=0x06 | error=0x01 (未知故障) | board_tick_ms=25878
2026-08-14T11:00:30.986+08:00 | J4310 | FDCAN1 | ID=0x06 | error=0x01 (未知故障) | board_tick_ms=25880
2026-08-14T11:00:30.994+08:00 | J4310 | FDCAN1 | ID=0x06 | error=0x01 (未知故障) | board_tick_ms=25882
2026-08-14T11:00:31.002+08:00 | J4310 | FDCAN1 | ID=0x06 | error=0x01 (未知故障) | board_tick_ms=25884
2026-08-14T11:00:31.010+08:00 | J4310 | FDCAN1 | ID=0x06 | error=0x01 (未知故障) | board_tick_ms=25886
2026-08-14T11:00:31.018+08:00 | J4310 | FDCAN1 | ID=0x06 | error=0x01 (未知故障) | board_tick_ms=25888
2026-08-14T11:00:31.498+08:00 | J4310 | FDCAN1 | ID=0x06 | error=0x01 (未知故障) | board_tick_ms=25890
2026-08-14T11:00:32.125+08:00 | J4310 | FDCAN1 | ID=0x06 | error=0xF0 (反馈超时/离线) | board_tick_ms=27698
2026-08-14T11:00:32.194+08:00 | J4310 | FDCAN1 | ID=0x06 | error=0x01 (未知故障) | board_tick_ms=27702
2026-08-14T11:00:32.201+08:00 | J4310 | FDCAN1 | ID=0x06 | error=0x01 (未知故障) | board_tick_ms=27704
2026-08-14T11:00:32.209+08:00 | J4310 | FDCAN1 | ID=0x06 | error=0x01 (未知故障) | board_tick_ms=27706
2026-08-14T11:00:32.217+08:00 | J4310 | FDCAN1 | ID=0x06 | error=0x01 (未知故障) | board_tick_ms=27708
2026-08-14T11:00:32.224+08:00 | J4310 | FDCAN1 | ID=0x06 | error=0x01 (未知故障) | board_tick_ms=27710
2026-08-14T11:00:32.231+08:00 | J4310 | FDCAN1 | ID=0x06 | error=0x01 (未知故障) | board_tick_ms=27712
2026-08-14T11:00:32.239+08:00 | J4310 | FDCAN1 | ID=0x06 | error=0x01 (未知故障) | board_tick_ms=27714
2026-08-14T11:00:32.246+08:00 | J4310 | FDCAN1 | ID=0x06 | error=0x01 (未知故障) | board_tick_ms=27716
2026-08-14T11:00:32.256+08:00 | J4310 | FDCAN1 | ID=0x06 | error=0x01 (未知故障) | board_tick_ms=27718
2026-08-14T11:00:32.265+08:00 | J4310 | FDCAN1 | ID=0x06 | error=0x01 (未知故障) | board_tick_ms=27720
2026-08-14T11:00:32.274+08:00 | J4310 | FDCAN1 | ID=0x06 | error=0x01 (未知故障) | board_tick_ms=27722
2026-08-14T11:00:32.283+08:00 | J4310 | FDCAN1 | ID=0x06 | error=0x01 (未知故障) | board_tick_ms=27724
2026-08-14T11:00:32.290+08:00 | J4310 | FDCAN1 | ID=0x06 | error=0x01 (未知故障) | board_tick_ms=27726
2026-08-14T11:00:32.298+08:00 | J4310 | FDCAN1 | ID=0x06 | error=0x01 (未知故障) | board_tick_ms=27728
2026-08-14T11:00:32.305+08:00 | J4310 | FDCAN1 | ID=0x06 | error=0x01 (未知故障) | board_tick_ms=27730
2026-08-14T11:00:32.313+08:00 | J4310 | FDCAN1 | ID=0x06 | error=0x01 (未知故障) | board_tick_ms=27732
2026-08-14T11:00:32.321+08:00 | J4310 | FDCAN1 | ID=0x06 | error=0x01 (未知故障) | board_tick_ms=27734
2026-08-14T11:00:32.329+08:00 | J4310 | FDCAN1 | ID=0x06 | error=0x01 (未知故障) | board_tick_ms=27736
2026-08-14T11:00:32.336+08:00 | J4310 | FDCAN1 | ID=0x06 | error=0x01 (未知故障) | board_tick_ms=27738
2026-08-14T11:00:32.344+08:00 | J4310 | FDCAN1 | ID=0x06 | error=0x01 (未知故障) | board_tick_ms=27740
2026-08-14T11:00:32.352+08:00 | J4310 | FDCAN1 | ID=0x06 | error=0x01 (未知故障) | board_tick_ms=27742
2026-08-14T11:00:32.360+08:00 | J4310 | FDCAN1 | ID=0x06 | error=0x01 (未知故障) | board_tick_ms=27744
2026-08-14T11:00:32.367+08:00 | J4310 | FDCAN1 | ID=0x06 | error=0x01 (未知故障) | board_tick_ms=27746
2026-08-14T11:00:32.375+08:00 | J4310 | FDCAN1 | ID=0x06 | error=0x01 (未知故障) | board_tick_ms=27748
2026-08-14T11:00:32.382+08:00 | J4310 | FDCAN1 | ID=0x06 | error=0x01 (未知故障) | board_tick_ms=27750
2026-08-14T11:00:32.390+08:00 | J4310 | FDCAN1 | ID=0x06 | error=0x01 (未知故障) | board_tick_ms=27752
2026-08-14T11:00:32.398+08:00 | J4310 | FDCAN1 | ID=0x06 | error=0x01 (未知故障) | board_tick_ms=27754
2026-08-14T11:00:32.405+08:00 | J4310 | FDCAN1 | ID=0x06 | error=0x01 (未知故障) | board_tick_ms=27756
2026-08-14T11:00:32.413+08:00 | J4310 | FDCAN1 | ID=0x06 | error=0x01 (未知故障) | board_tick_ms=27758
2026-08-14T11:00:32.420+08:00 | J4310 | FDCAN1 | ID=0x06 | error=0x01 (未知故障) | board_tick_ms=27760
2026-08-14T11:00:32.428+08:00 | J4310 | FDCAN1 | ID=0x06 | error=0x01 (未知故障) | board_tick_ms=27762
2026-08-14T11:00:32.436+08:00 | J4310 | FDCAN1 | ID=0x06 | error=0x01 (未知故障) | board_tick_ms=27764
2026-08-14T11:00:32.444+08:00 | J4310 | FDCAN1 | ID=0x06 | error=0x01 (未知故障) | board_tick_ms=27766
2026-08-14T11:00:32.451+08:00 | J4310 | FDCAN1 | ID=0x06 | error=0x01 (未知故障) | board_tick_ms=27768
2026-08-14T11:00:32.459+08:00 | J4310 | FDCAN1 | ID=0x06 | error=0x01 (未知故障) | board_tick_ms=27770
2026-08-14T11:00:32.468+08:00 | J4310 | FDCAN1 | ID=0x06 | error=0x01 (未知故障) | board_tick_ms=27772
2026-08-14T11:00:32.475+08:00 | J4310 | FDCAN1 | ID=0x06 | error=0x01 (未知故障) | board_tick_ms=27774
2026-08-14T11:00:32.483+08:00 | J4310 | FDCAN1 | ID=0x06 | error=0x01 (未知故障) | board_tick_ms=27776
2026-08-14T11:00:32.491+08:00 | J4310 | FDCAN1 | ID=0x06 | error=0x01 (未知故障) | board_tick_ms=27778
2026-08-14T11:00:32.498+08:00 | J4310 | FDCAN1 | ID=0x06 | error=0x01 (未知故障) | board_tick_ms=27780
2026-08-14T11:00:32.506+08:00 | J4310 | FDCAN1 | ID=0x06 | error=0x01 (未知故障) | board_tick_ms=27782
2026-08-14T11:00:32.514+08:00 | J4310 | FDCAN1 | ID=0x06 | error=0x01 (未知故障) | board_tick_ms=27784
2026-08-14T11:00:32.521+08:00 | J4310 | FDCAN1 | ID=0x06 | error=0x01 (未知故障) | board_tick_ms=27786
2026-08-14T11:00:32.530+08:00 | J4310 | FDCAN1 | ID=0x06 | error=0x01 (未知故障) | board_tick_ms=27788
2026-08-14T11:00:32.538+08:00 | J4310 | FDCAN1 | ID=0x06 | error=0x01 (未知故障) | board_tick_ms=27790
2026-08-14T11:00:32.545+08:00 | J4310 | FDCAN1 | ID=0x06 | error=0x01 (未知故障) | board_tick_ms=27792
2026-08-14T11:00:32.553+08:00 | J4310 | FDCAN1 | ID=0x06 | error=0x01 (未知故障) | board_tick_ms=27794
2026-08-14T11:00:32.560+08:00 | J4310 | FDCAN1 | ID=0x06 | error=0x01 (未知故障) | board_tick_ms=27796
2026-08-14T11:00:32.568+08:00 | J4310 | FDCAN1 | ID=0x06 | error=0x01 (未知故障) | board_tick_ms=27798
2026-08-14T11:00:32.575+08:00 | J4310 | FDCAN1 | ID=0x06 | error=0x01 (未知故障) | board_tick_ms=27800
2026-08-14T11:00:32.582+08:00 | J4310 | FDCAN1 | ID=0x06 | error=0x01 (未知故障) | board_tick_ms=27802
2026-08-14T11:00:32.590+08:00 | J4310 | FDCAN1 | ID=0x06 | error=0x01 (未知故障) | board_tick_ms=27804
2026-08-14T11:00:32.597+08:00 | J4310 | FDCAN1 | ID=0x06 | error=0x01 (未知故障) | board_tick_ms=27806
2026-08-14T11:00:32.605+08:00 | J4310 | FDCAN1 | ID=0x06 | error=0x01 (未知故障) | board_tick_ms=27808
2026-08-14T11:00:32.612+08:00 | J4310 | FDCAN1 | ID=0x06 | error=0x01 (未知故障) | board_tick_ms=27810
2026-08-14T11:00:32.620+08:00 | J4310 | FDCAN1 | ID=0x06 | error=0x01 (未知故障) | board_tick_ms=27812
2026-08-14T11:00:32.629+08:00 | J4310 | FDCAN1 | ID=0x06 | error=0x01 (未知故障) | board_tick_ms=27814
2026-08-14T11:00:32.637+08:00 | J4310 | FDCAN1 | ID=0x06 | error=0x01 (未知故障) | board_tick_ms=27816
2026-08-14T11:00:32.644+08:00 | J4310 | FDCAN1 | ID=0x06 | error=0x01 (未知故障) | board_tick_ms=27818
2026-08-14T11:00:32.652+08:00 | J4310 | FDCAN1 | ID=0x06 | error=0x01 (未知故障) | board_tick_ms=27820
2026-08-14T11:00:32.660+08:00 | J4310 | FDCAN1 | ID=0x06 | error=0x01 (未知故障) | board_tick_ms=27822
2026-08-14T11:00:32.667+08:00 | J4310 | FDCAN1 | ID=0x06 | error=0x01 (未知故障) | board_tick_ms=27824
2026-08-14T11:00:32.677+08:00 | J4310 | FDCAN1 | ID=0x06 | error=0x01 (未知故障) | board_tick_ms=27826
2026-08-14T11:00:32.685+08:00 | J4310 | FDCAN1 | ID=0x06 | error=0x01 (未知故障) | board_tick_ms=27828
2026-08-14T11:00:32.693+08:00 | J4310 | FDCAN1 | ID=0x06 | error=0x01 (未知故障) | board_tick_ms=27830
2026-08-14T11:00:32.701+08:00 | J4310 | FDCAN1 | ID=0x06 | error=0x01 (未知故障) | board_tick_ms=27832
2026-08-14T11:00:32.709+08:00 | J4310 | FDCAN1 | ID=0x06 | error=0x01 (未知故障) | board_tick_ms=27834
2026-08-14T11:00:32.717+08:00 | J4310 | FDCAN1 | ID=0x06 | error=0x01 (未知故障) | board_tick_ms=27836
2026-08-14T11:00:32.726+08:00 | J4310 | FDCAN1 | ID=0x06 | error=0x01 (未知故障) | board_tick_ms=27838
2026-08-14T11:00:32.733+08:00 | J4310 | FDCAN1 | ID=0x06 | error=0x01 (未知故障) | board_tick_ms=27840
2026-08-14T11:00:32.741+08:00 | J4310 | FDCAN1 | ID=0x06 | error=0x01 (未知故障) | board_tick_ms=27842
2026-08-14T11:00:32.748+08:00 | J4310 | FDCAN1 | ID=0x06 | error=0x01 (未知故障) | board_tick_ms=27844
2026-08-14T11:00:32.756+08:00 | J4310 | FDCAN1 | ID=0x06 | error=0x01 (未知故障) | board_tick_ms=27846
2026-08-14T11:00:32.763+08:00 | J4310 | FDCAN1 | ID=0x06 | error=0x01 (未知故障) | board_tick_ms=27848
2026-08-14T11:00:32.771+08:00 | J4310 | FDCAN1 | ID=0x06 | error=0x01 (未知故障) | board_tick_ms=27850
2026-08-14T11:00:32.778+08:00 | J4310 | FDCAN1 | ID=0x06 | error=0x01 (未知故障) | board_tick_ms=27852
2026-08-14T11:00:32.787+08:00 | J4310 | FDCAN1 | ID=0x06 | error=0x01 (未知故障) | board_tick_ms=27854
2026-08-14T11:00:32.795+08:00 | J4310 | FDCAN1 | ID=0x06 | error=0x01 (未知故障) | board_tick_ms=27856
2026-08-14T11:00:32.803+08:00 | J4310 | FDCAN1 | ID=0x06 | error=0x01 (未知故障) | board_tick_ms=27858
2026-08-14T11:00:32.812+08:00 | J4310 | FDCAN1 | ID=0x06 | error=0x01 (未知故障) | board_tick_ms=27860
2026-08-14T11:00:32.822+08:00 | J4310 | FDCAN1 | ID=0x06 | error=0x01 (未知故障) | board_tick_ms=27862
2026-08-14T11:00:32.831+08:00 | J4310 | FDCAN1 | ID=0x06 | error=0x01 (未知故障) | board_tick_ms=27864
2026-08-14T11:00:32.840+08:00 | J4310 | FDCAN1 | ID=0x06 | error=0x01 (未知故障) | board_tick_ms=27866
2026-08-14T11:00:32.849+08:00 | J4310 | FDCAN1 | ID=0x06 | error=0x01 (未知故障) | board_tick_ms=27868
2026-08-14T11:00:32.857+08:00 | J4310 | FDCAN1 | ID=0x06 | error=0x01 (未知故障) | board_tick_ms=27870
2026-08-14T11:00:32.864+08:00 | J4310 | FDCAN1 | ID=0x06 | error=0x01 (未知故障) | board_tick_ms=27872
2026-08-14T11:00:32.872+08:00 | J4310 | FDCAN1 | ID=0x06 | error=0x01 (未知故障) | board_tick_ms=27874
2026-08-14T11:00:32.880+08:00 | J4310 | FDCAN1 | ID=0x06 | error=0x01 (未知故障) | board_tick_ms=27876
2026-08-14T11:00:32.888+08:00 | J4310 | FDCAN1 | ID=0x06 | error=0x01 (未知故障) | board_tick_ms=27878
2026-08-14T11:00:32.895+08:00 | J4310 | FDCAN1 | ID=0x06 | error=0x01 (未知故障) | board_tick_ms=27880
2026-08-14T11:00:32.903+08:00 | J4310 | FDCAN1 | ID=0x06 | error=0x01 (未知故障) | board_tick_ms=27882
2026-08-14T11:00:32.911+08:00 | J4310 | FDCAN1 | ID=0x06 | error=0x01 (未知故障) | board_tick_ms=27884
2026-08-14T11:00:32.918+08:00 | J4310 | FDCAN1 | ID=0x06 | error=0x01 (未知故障) | board_tick_ms=27886
2026-08-14T11:00:32.926+08:00 | J4310 | FDCAN1 | ID=0x06 | error=0x01 (未知故障) | board_tick_ms=27888
2026-08-14T11:00:32.933+08:00 | J4310 | FDCAN1 | ID=0x06 | error=0x01 (未知故障) | board_tick_ms=27890
2026-08-14T11:00:32.943+08:00 | J4310 | FDCAN1 | ID=0x06 | error=0x01 (未知故障) | board_tick_ms=27892
2026-08-14T11:00:32.950+08:00 | J4310 | FDCAN1 | ID=0x06 | error=0x01 (未知故障) | board_tick_ms=27894
2026-08-14T11:00:32.957+08:00 | J4310 | FDCAN1 | ID=0x06 | error=0x01 (未知故障) | board_tick_ms=27896
2026-08-14T11:01:05.272+08:00 | J4310 | FDCAN1 | ID=0x06 | error=0xF0 (反馈超时/离线) | board_tick_ms=60743
2026-08-14T11:01:05.280+08:00 | J4310 | FDCAN1 | ID=0x06 | error=0x01 (未知故障) | board_tick_ms=60747
2026-08-14T11:01:05.292+08:00 | J4310 | FDCAN1 | ID=0x06 | error=0x01 (未知故障) | board_tick_ms=60749
2026-08-14T11:01:05.302+08:00 | J4310 | FDCAN1 | ID=0x06 | error=0x01 (未知故障) | board_tick_ms=60751
2026-08-14T11:01:05.313+08:00 | J4310 | FDCAN1 | ID=0x06 | error=0x01 (未知故障) | board_tick_ms=60753
2026-08-14T11:01:05.324+08:00 | J4310 | FDCAN1 | ID=0x06 | error=0x01 (未知故障) | board_tick_ms=60755
2026-08-14T11:01:05.336+08:00 | J4310 | FDCAN1 | ID=0x06 | error=0x01 (未知故障) | board_tick_ms=60757
2026-08-14T11:01:05.348+08:00 | J4310 | FDCAN1 | ID=0x06 | error=0x01 (未知故障) | board_tick_ms=60759
2026-08-14T11:01:05.360+08:00 | J4310 | FDCAN1 | ID=0x06 | error=0x01 (未知故障) | board_tick_ms=60761
2026-08-14T11:01:05.372+08:00 | J4310 | FDCAN1 | ID=0x06 | error=0x01 (未知故障) | board_tick_ms=60763
2026-08-14T11:01:05.385+08:00 | J4310 | FDCAN1 | ID=0x06 | error=0x01 (未知故障) | board_tick_ms=60765
2026-08-14T11:01:05.397+08:00 | J4310 | FDCAN1 | ID=0x06 | error=0x01 (未知故障) | board_tick_ms=60767
2026-08-14T11:01:05.410+08:00 | J4310 | FDCAN1 | ID=0x06 | error=0x01 (未知故障) | board_tick_ms=60769
2026-08-14T11:01:05.423+08:00 | J4310 | FDCAN1 | ID=0x06 | error=0x01 (未知故障) | board_tick_ms=60771
2026-08-14T11:01:05.438+08:00 | J4310 | FDCAN1 | ID=0x06 | error=0x01 (未知故障) | board_tick_ms=60773
2026-08-14T11:01:05.451+08:00 | J4310 | FDCAN1 | ID=0x06 | error=0x01 (未知故障) | board_tick_ms=60775
2026-08-14T11:01:05.466+08:00 | J4310 | FDCAN1 | ID=0x06 | error=0x01 (未知故障) | board_tick_ms=60777
2026-08-14T11:01:05.479+08:00 | J4310 | FDCAN1 | ID=0x06 | error=0x01 (未知故障) | board_tick_ms=60779
2026-08-14T11:01:05.491+08:00 | J4310 | FDCAN1 | ID=0x06 | error=0x01 (未知故障) | board_tick_ms=60781
2026-08-14T11:01:05.503+08:00 | J4310 | FDCAN1 | ID=0x06 | error=0x01 (未知故障) | board_tick_ms=60783
2026-08-14T11:01:05.512+08:00 | J4310 | FDCAN1 | ID=0x06 | error=0x01 (未知故障) | board_tick_ms=60785
2026-08-14T11:01:05.524+08:00 | J4310 | FDCAN1 | ID=0x06 | error=0x01 (未知故障) | board_tick_ms=60787
2026-08-14T11:01:05.533+08:00 | J4310 | FDCAN1 | ID=0x06 | error=0x01 (未知故障) | board_tick_ms=60789
2026-08-14T11:01:05.541+08:00 | J4310 | FDCAN1 | ID=0x06 | error=0x01 (未知故障) | board_tick_ms=60791
2026-08-14T11:01:05.549+08:00 | J4310 | FDCAN1 | ID=0x06 | error=0x01 (未知故障) | board_tick_ms=60793
2026-08-14T11:01:05.557+08:00 | J4310 | FDCAN1 | ID=0x06 | error=0x01 (未知故障) | board_tick_ms=60795
2026-08-14T11:01:05.565+08:00 | J4310 | FDCAN1 | ID=0x06 | error=0x01 (未知故障) | board_tick_ms=60797
2026-08-14T11:01:05.573+08:00 | J4310 | FDCAN1 | ID=0x06 | error=0x01 (未知故障) | board_tick_ms=60799
2026-08-14T11:01:05.581+08:00 | J4310 | FDCAN1 | ID=0x06 | error=0x01 (未知故障) | board_tick_ms=60801
2026-08-14T11:01:05.589+08:00 | J4310 | FDCAN1 | ID=0x06 | error=0x01 (未知故障) | board_tick_ms=60803
2026-08-14T11:01:05.597+08:00 | J4310 | FDCAN1 | ID=0x06 | error=0x01 (未知故障) | board_tick_ms=60805
2026-08-14T11:01:05.605+08:00 | J4310 | FDCAN1 | ID=0x06 | error=0x01 (未知故障) | board_tick_ms=60807
2026-08-14T11:01:05.613+08:00 | J4310 | FDCAN1 | ID=0x06 | error=0x01 (未知故障) | board_tick_ms=60809
2026-08-14T11:01:05.622+08:00 | J4310 | FDCAN1 | ID=0x06 | error=0x01 (未知故障) | board_tick_ms=60811
2026-08-14T11:01:05.630+08:00 | J4310 | FDCAN1 | ID=0x06 | error=0x01 (未知故障) | board_tick_ms=60813
2026-08-14T11:01:05.638+08:00 | J4310 | FDCAN1 | ID=0x06 | error=0x01 (未知故障) | board_tick_ms=60815
2026-08-14T11:01:05.648+08:00 | J4310 | FDCAN1 | ID=0x06 | error=0x01 (未知故障) | board_tick_ms=60817
2026-08-14T11:01:05.657+08:00 | J4310 | FDCAN1 | ID=0x06 | error=0x01 (未知故障) | board_tick_ms=60819
2026-08-14T11:01:05.665+08:00 | J4310 | FDCAN1 | ID=0x06 | error=0x01 (未知故障) | board_tick_ms=60821
2026-08-14T11:01:05.673+08:00 | J4310 | FDCAN1 | ID=0x06 | error=0x01 (未知故障) | board_tick_ms=60823
2026-08-14T11:01:05.681+08:00 | J4310 | FDCAN1 | ID=0x06 | error=0x01 (未知故障) | board_tick_ms=60825
2026-08-14T11:01:05.688+08:00 | J4310 | FDCAN1 | ID=0x06 | error=0x01 (未知故障) | board_tick_ms=60827
2026-08-14T11:01:05.699+08:00 | J4310 | FDCAN1 | ID=0x06 | error=0x01 (未知故障) | board_tick_ms=60829
2026-08-14T11:01:05.707+08:00 | J4310 | FDCAN1 | ID=0x06 | error=0x01 (未知故障) | board_tick_ms=60831
2026-08-14T11:01:05.716+08:00 | J4310 | FDCAN1 | ID=0x06 | error=0x01 (未知故障) | board_tick_ms=60833
2026-08-14T11:01:05.725+08:00 | J4310 | FDCAN1 | ID=0x06 | error=0x01 (未知故障) | board_tick_ms=60835
2026-08-14T11:01:05.733+08:00 | J4310 | FDCAN1 | ID=0x06 | error=0x01 (未知故障) | board_tick_ms=60837
2026-08-14T11:01:05.741+08:00 | J4310 | FDCAN1 | ID=0x06 | error=0x01 (未知故障) | board_tick_ms=60839
2026-08-14T11:01:05.749+08:00 | J4310 | FDCAN1 | ID=0x06 | error=0x01 (未知故障) | board_tick_ms=60841
2026-08-14T11:01:05.757+08:00 | J4310 | FDCAN1 | ID=0x06 | error=0x01 (未知故障) | board_tick_ms=60843
2026-08-14T11:01:05.767+08:00 | J4310 | FDCAN1 | ID=0x06 | error=0x01 (未知故障) | board_tick_ms=60845
2026-08-14T11:01:05.775+08:00 | J4310 | FDCAN1 | ID=0x06 | error=0x01 (未知故障) | board_tick_ms=60847
2026-08-14T11:01:05.783+08:00 | J4310 | FDCAN1 | ID=0x06 | error=0x01 (未知故障) | board_tick_ms=60849
2026-08-14T11:01:05.791+08:00 | J4310 | FDCAN1 | ID=0x06 | error=0x01 (未知故障) | board_tick_ms=60851
2026-08-14T11:01:05.799+08:00 | J4310 | FDCAN1 | ID=0x06 | error=0x01 (未知故障) | board_tick_ms=60853
2026-08-14T11:01:05.806+08:00 | J4310 | FDCAN1 | ID=0x06 | error=0x01 (未知故障) | board_tick_ms=60855
2026-08-14T11:01:05.814+08:00 | J4310 | FDCAN1 | ID=0x06 | error=0x01 (未知故障) | board_tick_ms=60857
2026-08-14T11:01:05.822+08:00 | J4310 | FDCAN1 | ID=0x06 | error=0x01 (未知故障) | board_tick_ms=60859
2026-08-14T11:01:05.830+08:00 | J4310 | FDCAN1 | ID=0x06 | error=0x01 (未知故障) | board_tick_ms=60861
2026-08-14T11:01:05.838+08:00 | J4310 | FDCAN1 | ID=0x06 | error=0x01 (未知故障) | board_tick_ms=60863
2026-08-14T11:01:05.849+08:00 | J4310 | FDCAN1 | ID=0x06 | error=0x01 (未知故障) | board_tick_ms=60865
2026-08-14T11:01:05.857+08:00 | J4310 | FDCAN1 | ID=0x06 | error=0x01 (未知故障) | board_tick_ms=60867
2026-08-14T11:01:05.867+08:00 | J4310 | FDCAN1 | ID=0x06 | error=0x01 (未知故障) | board_tick_ms=60869
2026-08-14T11:01:05.875+08:00 | J4310 | FDCAN1 | ID=0x06 | error=0x01 (未知故障) | board_tick_ms=60871
2026-08-14T11:01:05.883+08:00 | J4310 | FDCAN1 | ID=0x06 | error=0x01 (未知故障) | board_tick_ms=60873
2026-08-14T11:01:05.891+08:00 | J4310 | FDCAN1 | ID=0x06 | error=0x01 (未知故障) | board_tick_ms=60875
2026-08-14T11:01:05.899+08:00 | J4310 | FDCAN1 | ID=0x06 | error=0x01 (未知故障) | board_tick_ms=60877
2026-08-14T11:01:05.907+08:00 | J4310 | FDCAN1 | ID=0x06 | error=0x01 (未知故障) | board_tick_ms=60879
2026-08-14T11:01:05.915+08:00 | J4310 | FDCAN1 | ID=0x06 | error=0x01 (未知故障) | board_tick_ms=60881
2026-08-14T11:01:05.922+08:00 | J4310 | FDCAN1 | ID=0x06 | error=0x01 (未知故障) | board_tick_ms=60883
2026-08-14T11:01:05.930+08:00 | J4310 | FDCAN1 | ID=0x06 | error=0x01 (未知故障) | board_tick_ms=60885
2026-08-14T11:01:05.938+08:00 | J4310 | FDCAN1 | ID=0x06 | error=0x01 (未知故障) | board_tick_ms=60887
2026-08-14T11:01:05.946+08:00 | J4310 | FDCAN1 | ID=0x06 | error=0x01 (未知故障) | board_tick_ms=60889
2026-08-14T11:01:05.954+08:00 | J4310 | FDCAN1 | ID=0x06 | error=0x01 (未知故障) | board_tick_ms=60891
2026-08-14T11:01:05.962+08:00 | J4310 | FDCAN1 | ID=0x06 | error=0x01 (未知故障) | board_tick_ms=60893
2026-08-14T11:01:05.970+08:00 | J4310 | FDCAN1 | ID=0x06 | error=0x01 (未知故障) | board_tick_ms=60895
2026-08-14T11:01:05.978+08:00 | J4310 | FDCAN1 | ID=0x06 | error=0x01 (未知故障) | board_tick_ms=60897
2026-08-14T11:01:05.986+08:00 | J4310 | FDCAN1 | ID=0x06 | error=0x01 (未知故障) | board_tick_ms=60899
2026-08-14T11:01:05.994+08:00 | J4310 | FDCAN1 | ID=0x06 | error=0x01 (未知故障) | board_tick_ms=60901
2026-08-14T11:01:06.002+08:00 | J4310 | FDCAN1 | ID=0x06 | error=0x01 (未知故障) | board_tick_ms=60903
2026-08-14T11:01:06.009+08:00 | J4310 | FDCAN1 | ID=0x06 | error=0x01 (未知故障) | board_tick_ms=60905
2026-08-14T11:01:06.017+08:00 | J4310 | FDCAN1 | ID=0x06 | error=0x01 (未知故障) | board_tick_ms=60907
2026-08-14T11:01:06.025+08:00 | J4310 | FDCAN1 | ID=0x06 | error=0x01 (未知故障) | board_tick_ms=60909
2026-08-14T11:01:06.033+08:00 | J4310 | FDCAN1 | ID=0x06 | error=0x01 (未知故障) | board_tick_ms=60911
2026-08-14T11:01:06.041+08:00 | J4310 | FDCAN1 | ID=0x06 | error=0x01 (未知故障) | board_tick_ms=60913
2026-08-14T11:01:06.049+08:00 | J4310 | FDCAN1 | ID=0x06 | error=0x01 (未知故障) | board_tick_ms=60915
2026-08-14T11:01:06.065+08:00 | J4310 | FDCAN1 | ID=0x06 | error=0x01 (未知故障) | board_tick_ms=60917
2026-08-14T11:01:06.077+08:00 | J4310 | FDCAN1 | ID=0x06 | error=0x01 (未知故障) | board_tick_ms=60919
2026-08-14T11:01:06.088+08:00 | J4310 | FDCAN1 | ID=0x06 | error=0x01 (未知故障) | board_tick_ms=60921
2026-08-14T11:01:06.097+08:00 | J4310 | FDCAN1 | ID=0x06 | error=0x01 (未知故障) | board_tick_ms=60923
2026-08-14T11:01:06.108+08:00 | J4310 | FDCAN1 | ID=0x06 | error=0x01 (未知故障) | board_tick_ms=60925
2026-08-14T11:01:06.118+08:00 | J4310 | FDCAN1 | ID=0x06 | error=0x01 (未知故障) | board_tick_ms=60927
2026-08-14T11:01:06.130+08:00 | J4310 | FDCAN1 | ID=0x06 | error=0x01 (未知故障) | board_tick_ms=60929
2026-08-14T11:01:06.139+08:00 | J4310 | FDCAN1 | ID=0x06 | error=0x01 (未知故障) | board_tick_ms=60931
2026-08-14T11:01:06.147+08:00 | J4310 | FDCAN1 | ID=0x06 | error=0x01 (未知故障) | board_tick_ms=60933
2026-08-14T11:01:06.155+08:00 | J4310 | FDCAN1 | ID=0x06 | error=0x01 (未知故障) | board_tick_ms=60935
2026-08-14T11:01:06.165+08:00 | J4310 | FDCAN1 | ID=0x06 | error=0x01 (未知故障) | board_tick_ms=60937
2026-08-14T11:01:06.172+08:00 | J4310 | FDCAN1 | ID=0x06 | error=0x01 (未知故障) | board_tick_ms=60939
2026-08-14T11:01:06.180+08:00 | J4310 | FDCAN1 | ID=0x06 | error=0x01 (未知故障) | board_tick_ms=60941
2026-08-14T11:01:06.188+08:00 | J4310 | FDCAN1 | ID=0x06 | error=0x01 (未知故障) | board_tick_ms=60943
2026-08-14T11:01:06.196+08:00 | J4310 | FDCAN1 | ID=0x06 | error=0x01 (未知故障) | board_tick_ms=60945
2026-08-14T11:01:06.204+08:00 | J4310 | FDCAN1 | ID=0x06 | error=0x01 (未知故障) | board_tick_ms=60947
2026-08-14T11:01:06.211+08:00 | J4310 | FDCAN1 | ID=0x06 | error=0x01 (未知故障) | board_tick_ms=60949
2026-08-14T11:01:06.219+08:00 | J4310 | FDCAN1 | ID=0x06 | error=0x01 (未知故障) | board_tick_ms=60951
2026-08-14T11:01:06.227+08:00 | J4310 | FDCAN1 | ID=0x06 | error=0x01 (未知故障) | board_tick_ms=60953
2026-08-14T11:01:06.234+08:00 | J4310 | FDCAN1 | ID=0x06 | error=0x01 (未知故障) | board_tick_ms=60955
2026-08-14T11:01:06.241+08:00 | J4310 | FDCAN1 | ID=0x06 | error=0x01 (未知故障) | board_tick_ms=60957
2026-08-14T11:01:06.249+08:00 | J4310 | FDCAN1 | ID=0x06 | error=0x01 (未知故障) | board_tick_ms=60959
2026-08-14T11:01:06.258+08:00 | J4310 | FDCAN1 | ID=0x06 | error=0x01 (未知故障) | board_tick_ms=60961
2026-08-14T11:01:06.266+08:00 | J4310 | FDCAN1 | ID=0x06 | error=0x01 (未知故障) | board_tick_ms=60963
2026-08-14T11:01:06.273+08:00 | J4310 | FDCAN1 | ID=0x06 | error=0x01 (未知故障) | board_tick_ms=60965
2026-08-14T11:01:06.281+08:00 | J4310 | FDCAN1 | ID=0x06 | error=0x01 (未知故障) | board_tick_ms=60967
2026-08-14T11:01:06.289+08:00 | J4310 | FDCAN1 | ID=0x06 | error=0x01 (未知故障) | board_tick_ms=60969
2026-08-14T11:01:06.296+08:00 | J4310 | FDCAN1 | ID=0x06 | error=0x01 (未知故障) | board_tick_ms=60971
2026-08-14T11:01:06.306+08:00 | J4310 | FDCAN1 | ID=0x06 | error=0x01 (未知故障) | board_tick_ms=60973
2026-08-14T11:01:06.314+08:00 | J4310 | FDCAN1 | ID=0x06 | error=0x01 (未知故障) | board_tick_ms=60975
2026-08-14T11:01:06.321+08:00 | J4310 | FDCAN1 | ID=0x06 | error=0x01 (未知故障) | board_tick_ms=60977
2026-08-14T11:01:06.329+08:00 | J4310 | FDCAN1 | ID=0x06 | error=0x01 (未知故障) | board_tick_ms=60979
2026-08-14T11:01:06.338+08:00 | J4310 | FDCAN1 | ID=0x06 | error=0x01 (未知故障) | board_tick_ms=60981
2026-08-14T11:01:06.346+08:00 | J4310 | FDCAN1 | ID=0x06 | error=0x01 (未知故障) | board_tick_ms=60983
2026-08-14T11:01:06.354+08:00 | J4310 | FDCAN1 | ID=0x06 | error=0x01 (未知故障) | board_tick_ms=60985
2026-08-14T11:01:06.363+08:00 | J4310 | FDCAN1 | ID=0x06 | error=0x01 (未知故障) | board_tick_ms=60987
2026-08-14T11:01:06.370+08:00 | J4310 | FDCAN1 | ID=0x06 | error=0x01 (未知故障) | board_tick_ms=60989
2026-08-14T11:01:06.379+08:00 | J4310 | FDCAN1 | ID=0x06 | error=0x01 (未知故障) | board_tick_ms=60991
2026-08-14T11:01:06.391+08:00 | J4310 | FDCAN1 | ID=0x06 | error=0x01 (未知故障) | board_tick_ms=60993
2026-08-14T11:01:06.399+08:00 | J4310 | FDCAN1 | ID=0x06 | error=0x01 (未知故障) | board_tick_ms=60995
2026-08-14T11:01:06.408+08:00 | J4310 | FDCAN1 | ID=0x06 | error=0x01 (未知故障) | board_tick_ms=60997
2026-08-14T11:01:06.417+08:00 | J4310 | FDCAN1 | ID=0x06 | error=0x01 (未知故障) | board_tick_ms=60999
2026-08-14T11:01:06.425+08:00 | J4310 | FDCAN1 | ID=0x06 | error=0x01 (未知故障) | board_tick_ms=61001
2026-08-14T11:01:06.433+08:00 | J4310 | FDCAN1 | ID=0x06 | error=0x01 (未知故障) | board_tick_ms=61003
2026-08-14T11:01:06.441+08:00 | J4310 | FDCAN1 | ID=0x06 | error=0x01 (未知故障) | board_tick_ms=61005
2026-08-14T11:01:06.450+08:00 | J4310 | FDCAN1 | ID=0x06 | error=0x01 (未知故障) | board_tick_ms=61007
2026-08-14T11:01:06.459+08:00 | J4310 | FDCAN1 | ID=0x06 | error=0x01 (未知故障) | board_tick_ms=61009
2026-08-14T11:01:06.468+08:00 | J4310 | FDCAN1 | ID=0x06 | error=0x01 (未知故障) | board_tick_ms=61011
2026-08-14T11:01:06.477+08:00 | J4310 | FDCAN1 | ID=0x06 | error=0x01 (未知故障) | board_tick_ms=61013
2026-08-14T11:01:06.485+08:00 | J4310 | FDCAN1 | ID=0x06 | error=0x01 (未知故障) | board_tick_ms=61015
2026-08-14T11:01:06.493+08:00 | J4310 | FDCAN1 | ID=0x06 | error=0x01 (未知故障) | board_tick_ms=61017
2026-08-14T11:01:06.501+08:00 | J4310 | FDCAN1 | ID=0x06 | error=0x01 (未知故障) | board_tick_ms=61019
2026-08-14T11:01:06.512+08:00 | J4310 | FDCAN1 | ID=0x06 | error=0x01 (未知故障) | board_tick_ms=61021
2026-08-14T11:01:06.522+08:00 | J4310 | FDCAN1 | ID=0x06 | error=0x01 (未知故障) | board_tick_ms=61023
2026-08-14T11:01:06.530+08:00 | J4310 | FDCAN1 | ID=0x06 | error=0x01 (未知故障) | board_tick_ms=61025
2026-08-14T11:01:06.539+08:00 | J4310 | FDCAN1 | ID=0x06 | error=0x01 (未知故障) | board_tick_ms=61027
2026-08-14T11:01:06.547+08:00 | J4310 | FDCAN1 | ID=0x06 | error=0x01 (未知故障) | board_tick_ms=61029
2026-08-14T11:01:06.554+08:00 | J4310 | FDCAN1 | ID=0x06 | error=0x01 (未知故障) | board_tick_ms=61031
2026-08-14T11:01:06.562+08:00 | J4310 | FDCAN1 | ID=0x06 | error=0x01 (未知故障) | board_tick_ms=61033
2026-08-14T11:01:06.572+08:00 | J4310 | FDCAN1 | ID=0x06 | error=0x01 (未知故障) | board_tick_ms=61035
2026-08-14T11:01:06.582+08:00 | J4310 | FDCAN1 | ID=0x06 | error=0x01 (未知故障) | board_tick_ms=61037
2026-08-14T11:01:06.589+08:00 | J4310 | FDCAN1 | ID=0x06 | error=0x01 (未知故障) | board_tick_ms=61039
2026-08-14T11:01:06.597+08:00 | J4310 | FDCAN1 | ID=0x06 | error=0x01 (未知故障) | board_tick_ms=61041
2026-08-14T11:01:06.605+08:00 | J4310 | FDCAN1 | ID=0x06 | error=0x01 (未知故障) | board_tick_ms=61043
2026-08-14T11:01:06.613+08:00 | J4310 | FDCAN1 | ID=0x06 | error=0x01 (未知故障) | board_tick_ms=61045
2026-08-14T11:01:06.621+08:00 | J4310 | FDCAN1 | ID=0x06 | error=0x01 (未知故障) | board_tick_ms=61047
2026-08-14T11:01:06.630+08:00 | J4310 | FDCAN1 | ID=0x06 | error=0x01 (未知故障) | board_tick_ms=61049
2026-08-14T11:01:06.638+08:00 | J4310 | FDCAN1 | ID=0x06 | error=0x01 (未知故障) | board_tick_ms=61051
2026-08-14T11:01:06.646+08:00 | J4310 | FDCAN1 | ID=0x06 | error=0x01 (未知故障) | board_tick_ms=61053
2026-08-14T11:01:06.654+08:00 | J4310 | FDCAN1 | ID=0x06 | error=0x01 (未知故障) | board_tick_ms=61055
2026-08-14T11:01:06.663+08:00 | J4310 | FDCAN1 | ID=0x06 | error=0x01 (未知故障) | board_tick_ms=61057
2026-08-14T11:01:06.672+08:00 | J4310 | FDCAN1 | ID=0x06 | error=0x01 (未知故障) | board_tick_ms=61059
2026-08-14T11:01:06.680+08:00 | J4310 | FDCAN1 | ID=0x06 | error=0x01 (未知故障) | board_tick_ms=61061
2026-08-14T11:01:06.688+08:00 | J4310 | FDCAN1 | ID=0x06 | error=0x01 (未知故障) | board_tick_ms=61063
2026-08-14T11:01:06.695+08:00 | J4310 | FDCAN1 | ID=0x06 | error=0x01 (未知故障) | board_tick_ms=61065
2026-08-14T11:01:06.703+08:00 | J4310 | FDCAN1 | ID=0x06 | error=0x01 (未知故障) | board_tick_ms=61067
2026-08-14T11:01:06.711+08:00 | J4310 | FDCAN1 | ID=0x06 | error=0x01 (未知故障) | board_tick_ms=61069
2026-08-14T11:01:06.720+08:00 | J4310 | FDCAN1 | ID=0x06 | error=0x01 (未知故障) | board_tick_ms=61071
2026-08-14T11:01:06.727+08:00 | J4310 | FDCAN1 | ID=0x06 | error=0x01 (未知故障) | board_tick_ms=61073
2026-08-14T11:01:06.735+08:00 | J4310 | FDCAN1 | ID=0x06 | error=0x01 (未知故障) | board_tick_ms=61075
2026-08-14T11:01:07.130+08:00 | J4310 | FDCAN1 | ID=0x06 | error=0x01 (未知故障) | board_tick_ms=61077
2026-08-14T11:01:08.866+08:00 | J4310 | FDCAN1 | ID=0x06 | error=0xF0 (反馈超时/离线) | board_tick_ms=64461
2026-08-14T11:01:08.872+08:00 | J4310 | FDCAN1 | ID=0x06 | error=0x01 (未知故障) | board_tick_ms=64461
2026-08-14T11:01:08.905+08:00 | J4310 | FDCAN1 | ID=0x06 | error=0x01 (未知故障) | board_tick_ms=64465
2026-08-14T11:01:08.912+08:00 | J4310 | FDCAN1 | ID=0x06 | error=0x01 (未知故障) | board_tick_ms=64471
2026-08-14T11:01:08.920+08:00 | J4310 | FDCAN1 | ID=0x06 | error=0x01 (未知故障) | board_tick_ms=64473
2026-08-14T11:01:08.928+08:00 | J4310 | FDCAN1 | ID=0x06 | error=0x01 (未知故障) | board_tick_ms=64475
2026-08-14T11:01:08.936+08:00 | J4310 | FDCAN1 | ID=0x06 | error=0x01 (未知故障) | board_tick_ms=64477
2026-08-14T11:01:08.944+08:00 | J4310 | FDCAN1 | ID=0x06 | error=0x01 (未知故障) | board_tick_ms=64479
2026-08-14T11:01:08.953+08:00 | J4310 | FDCAN1 | ID=0x06 | error=0x01 (未知故障) | board_tick_ms=64481
2026-08-14T11:01:08.960+08:00 | J4310 | FDCAN1 | ID=0x06 | error=0x01 (未知故障) | board_tick_ms=64483
2026-08-14T11:01:08.968+08:00 | J4310 | FDCAN1 | ID=0x06 | error=0x01 (未知故障) | board_tick_ms=64485
2026-08-14T11:01:08.976+08:00 | J4310 | FDCAN1 | ID=0x06 | error=0x01 (未知故障) | board_tick_ms=64487
2026-08-14T11:01:08.983+08:00 | J4310 | FDCAN1 | ID=0x06 | error=0x01 (未知故障) | board_tick_ms=64489
2026-08-14T11:01:08.991+08:00 | J4310 | FDCAN1 | ID=0x06 | error=0x01 (未知故障) | board_tick_ms=64491
2026-08-14T11:01:08.999+08:00 | J4310 | FDCAN1 | ID=0x06 | error=0x01 (未知故障) | board_tick_ms=64493
2026-08-14T11:01:09.008+08:00 | J4310 | FDCAN1 | ID=0x06 | error=0x01 (未知故障) | board_tick_ms=64495
2026-08-14T11:01:09.016+08:00 | J4310 | FDCAN1 | ID=0x06 | error=0x01 (未知故障) | board_tick_ms=64497
2026-08-14T11:01:09.024+08:00 | J4310 | FDCAN1 | ID=0x06 | error=0x01 (未知故障) | board_tick_ms=64499
2026-08-14T11:01:09.032+08:00 | J4310 | FDCAN1 | ID=0x06 | error=0x01 (未知故障) | board_tick_ms=64501
2026-08-14T11:01:09.040+08:00 | J4310 | FDCAN1 | ID=0x06 | error=0x01 (未知故障) | board_tick_ms=64503
2026-08-14T11:01:09.047+08:00 | J4310 | FDCAN1 | ID=0x06 | error=0x01 (未知故障) | board_tick_ms=64505
2026-08-14T11:01:09.055+08:00 | J4310 | FDCAN1 | ID=0x06 | error=0x01 (未知故障) | board_tick_ms=64507
2026-08-14T11:01:09.062+08:00 | J4310 | FDCAN1 | ID=0x06 | error=0x01 (未知故障) | board_tick_ms=64509
2026-08-14T11:01:09.070+08:00 | J4310 | FDCAN1 | ID=0x06 | error=0x01 (未知故障) | board_tick_ms=64511
2026-08-14T11:01:09.078+08:00 | J4310 | FDCAN1 | ID=0x06 | error=0x01 (未知故障) | board_tick_ms=64513
2026-08-14T11:01:09.086+08:00 | J4310 | FDCAN1 | ID=0x06 | error=0x01 (未知故障) | board_tick_ms=64515
2026-08-14T11:01:09.094+08:00 | J4310 | FDCAN1 | ID=0x06 | error=0x01 (未知故障) | board_tick_ms=64517
2026-08-14T11:01:09.102+08:00 | J4310 | FDCAN1 | ID=0x06 | error=0x01 (未知故障) | board_tick_ms=64519
2026-08-14T11:01:09.109+08:00 | J4310 | FDCAN1 | ID=0x06 | error=0x01 (未知故障) | board_tick_ms=64521
2026-08-14T11:01:09.117+08:00 | J4310 | FDCAN1 | ID=0x06 | error=0x01 (未知故障) | board_tick_ms=64523
2026-08-14T11:01:09.125+08:00 | J4310 | FDCAN1 | ID=0x06 | error=0x01 (未知故障) | board_tick_ms=64525
2026-08-14T11:01:09.133+08:00 | J4310 | FDCAN1 | ID=0x06 | error=0x01 (未知故障) | board_tick_ms=64527
2026-08-14T11:01:09.141+08:00 | J4310 | FDCAN1 | ID=0x06 | error=0x01 (未知故障) | board_tick_ms=64529
2026-08-14T11:01:09.149+08:00 | J4310 | FDCAN1 | ID=0x06 | error=0x01 (未知故障) | board_tick_ms=64531
2026-08-14T11:01:09.157+08:00 | J4310 | FDCAN1 | ID=0x06 | error=0x01 (未知故障) | board_tick_ms=64533
2026-08-14T11:01:09.165+08:00 | J4310 | FDCAN1 | ID=0x06 | error=0x01 (未知故障) | board_tick_ms=64535
2026-08-14T11:01:09.172+08:00 | J4310 | FDCAN1 | ID=0x06 | error=0x01 (未知故障) | board_tick_ms=64537
2026-08-14T11:01:09.180+08:00 | J4310 | FDCAN1 | ID=0x06 | error=0x01 (未知故障) | board_tick_ms=64539
2026-08-14T11:01:09.187+08:00 | J4310 | FDCAN1 | ID=0x06 | error=0x01 (未知故障) | board_tick_ms=64541
2026-08-14T11:01:09.195+08:00 | J4310 | FDCAN1 | ID=0x06 | error=0x01 (未知故障) | board_tick_ms=64543
2026-08-14T11:01:09.202+08:00 | J4310 | FDCAN1 | ID=0x06 | error=0x01 (未知故障) | board_tick_ms=64545
2026-08-14T11:01:09.210+08:00 | J4310 | FDCAN1 | ID=0x06 | error=0x01 (未知故障) | board_tick_ms=64547
2026-08-14T11:01:09.217+08:00 | J4310 | FDCAN1 | ID=0x06 | error=0x01 (未知故障) | board_tick_ms=64549
2026-08-14T11:01:09.225+08:00 | J4310 | FDCAN1 | ID=0x06 | error=0x01 (未知故障) | board_tick_ms=64551
2026-08-14T11:01:09.233+08:00 | J4310 | FDCAN1 | ID=0x06 | error=0x01 (未知故障) | board_tick_ms=64553
2026-08-14T11:01:09.241+08:00 | J4310 | FDCAN1 | ID=0x06 | error=0x01 (未知故障) | board_tick_ms=64555
2026-08-14T11:01:09.248+08:00 | J4310 | FDCAN1 | ID=0x06 | error=0x01 (未知故障) | board_tick_ms=64557
2026-08-14T11:01:09.256+08:00 | J4310 | FDCAN1 | ID=0x06 | error=0x01 (未知故障) | board_tick_ms=64559
2026-08-14T11:01:09.264+08:00 | J4310 | FDCAN1 | ID=0x06 | error=0x01 (未知故障) | board_tick_ms=64561
2026-08-14T11:01:09.271+08:00 | J4310 | FDCAN1 | ID=0x06 | error=0x01 (未知故障) | board_tick_ms=64563
2026-08-14T11:01:09.279+08:00 | J4310 | FDCAN1 | ID=0x06 | error=0x01 (未知故障) | board_tick_ms=64565
2026-08-14T11:01:09.286+08:00 | J4310 | FDCAN1 | ID=0x06 | error=0x01 (未知故障) | board_tick_ms=64567
2026-08-14T11:01:09.294+08:00 | J4310 | FDCAN1 | ID=0x06 | error=0x01 (未知故障) | board_tick_ms=64569
2026-08-14T11:01:09.302+08:00 | J4310 | FDCAN1 | ID=0x06 | error=0x01 (未知故障) | board_tick_ms=64571
2026-08-14T11:01:09.310+08:00 | J4310 | FDCAN1 | ID=0x06 | error=0x01 (未知故障) | board_tick_ms=64573
2026-08-14T11:01:09.317+08:00 | J4310 | FDCAN1 | ID=0x06 | error=0x01 (未知故障) | board_tick_ms=64575
2026-08-14T11:01:09.325+08:00 | J4310 | FDCAN1 | ID=0x06 | error=0x01 (未知故障) | board_tick_ms=64577
2026-08-14T11:01:09.334+08:00 | J4310 | FDCAN1 | ID=0x06 | error=0x01 (未知故障) | board_tick_ms=64579
2026-08-14T11:01:09.343+08:00 | J4310 | FDCAN1 | ID=0x06 | error=0x01 (未知故障) | board_tick_ms=64581
2026-08-14T11:01:09.351+08:00 | J4310 | FDCAN1 | ID=0x06 | error=0x01 (未知故障) | board_tick_ms=64583
2026-08-14T11:01:09.358+08:00 | J4310 | FDCAN1 | ID=0x06 | error=0x01 (未知故障) | board_tick_ms=64585
2026-08-14T11:01:09.366+08:00 | J4310 | FDCAN1 | ID=0x06 | error=0x01 (未知故障) | board_tick_ms=64587
2026-08-14T11:01:09.374+08:00 | J4310 | FDCAN1 | ID=0x06 | error=0x01 (未知故障) | board_tick_ms=64589
2026-08-14T11:01:09.383+08:00 | J4310 | FDCAN1 | ID=0x06 | error=0x01 (未知故障) | board_tick_ms=64591
2026-08-14T11:01:09.391+08:00 | J4310 | FDCAN1 | ID=0x06 | error=0x01 (未知故障) | board_tick_ms=64593
2026-08-14T11:01:09.398+08:00 | J4310 | FDCAN1 | ID=0x06 | error=0x01 (未知故障) | board_tick_ms=64595
2026-08-14T11:01:09.406+08:00 | J4310 | FDCAN1 | ID=0x06 | error=0x01 (未知故障) | board_tick_ms=64597
2026-08-14T11:01:09.414+08:00 | J4310 | FDCAN1 | ID=0x06 | error=0x01 (未知故障) | board_tick_ms=64599
2026-08-14T11:01:09.422+08:00 | J4310 | FDCAN1 | ID=0x06 | error=0x01 (未知故障) | board_tick_ms=64601
2026-08-14T11:01:09.430+08:00 | J4310 | FDCAN1 | ID=0x06 | error=0x01 (未知故障) | board_tick_ms=64603
2026-08-14T11:01:09.439+08:00 | J4310 | FDCAN1 | ID=0x06 | error=0x01 (未知故障) | board_tick_ms=64605
2026-08-14T11:01:09.447+08:00 | J4310 | FDCAN1 | ID=0x06 | error=0x01 (未知故障) | board_tick_ms=64607
2026-08-14T11:01:09.454+08:00 | J4310 | FDCAN1 | ID=0x06 | error=0x01 (未知故障) | board_tick_ms=64609
2026-08-14T11:01:09.462+08:00 | J4310 | FDCAN1 | ID=0x06 | error=0x01 (未知故障) | board_tick_ms=64611
2026-08-14T11:01:09.470+08:00 | J4310 | FDCAN1 | ID=0x06 | error=0x01 (未知故障) | board_tick_ms=64613
2026-08-14T11:01:09.478+08:00 | J4310 | FDCAN1 | ID=0x06 | error=0x01 (未知故障) | board_tick_ms=64615
2026-08-14T11:01:09.487+08:00 | J4310 | FDCAN1 | ID=0x06 | error=0x01 (未知故障) | board_tick_ms=64617
2026-08-14T11:01:09.495+08:00 | J4310 | FDCAN1 | ID=0x06 | error=0x01 (未知故障) | board_tick_ms=64619
2026-08-14T11:01:09.503+08:00 | J4310 | FDCAN1 | ID=0x06 | error=0x01 (未知故障) | board_tick_ms=64621
2026-08-14T11:01:09.511+08:00 | J4310 | FDCAN1 | ID=0x06 | error=0x01 (未知故障) | board_tick_ms=64623
2026-08-14T11:01:09.519+08:00 | J4310 | FDCAN1 | ID=0x06 | error=0x01 (未知故障) | board_tick_ms=64625
2026-08-14T11:01:09.527+08:00 | J4310 | FDCAN1 | ID=0x06 | error=0x01 (未知故障) | board_tick_ms=64627
2026-08-14T11:01:09.535+08:00 | J4310 | FDCAN1 | ID=0x06 | error=0x01 (未知故障) | board_tick_ms=64629
2026-08-14T11:01:09.542+08:00 | J4310 | FDCAN1 | ID=0x06 | error=0x01 (未知故障) | board_tick_ms=64631
2026-08-14T11:01:09.550+08:00 | J4310 | FDCAN1 | ID=0x06 | error=0x01 (未知故障) | board_tick_ms=64633
2026-08-14T11:01:09.558+08:00 | J4310 | FDCAN1 | ID=0x06 | error=0x01 (未知故障) | board_tick_ms=64635
2026-08-14T11:01:09.566+08:00 | J4310 | FDCAN1 | ID=0x06 | error=0x01 (未知故障) | board_tick_ms=64637
2026-08-14T11:01:09.574+08:00 | J4310 | FDCAN1 | ID=0x06 | error=0x01 (未知故障) | board_tick_ms=64639
2026-08-14T11:01:09.582+08:00 | J4310 | FDCAN1 | ID=0x06 | error=0x01 (未知故障) | board_tick_ms=64641
2026-08-14T11:01:09.590+08:00 | J4310 | FDCAN1 | ID=0x06 | error=0x01 (未知故障) | board_tick_ms=64643
2026-08-14T11:01:09.597+08:00 | J4310 | FDCAN1 | ID=0x06 | error=0x01 (未知故障) | board_tick_ms=64645
2026-08-14T11:01:09.605+08:00 | J4310 | FDCAN1 | ID=0x06 | error=0x01 (未知故障) | board_tick_ms=64647
2026-08-14T11:01:09.613+08:00 | J4310 | FDCAN1 | ID=0x06 | error=0x01 (未知故障) | board_tick_ms=64649
2026-08-14T11:01:09.621+08:00 | J4310 | FDCAN1 | ID=0x06 | error=0x01 (未知故障) | board_tick_ms=64651
2026-08-14T11:01:09.629+08:00 | J4310 | FDCAN1 | ID=0x06 | error=0x01 (未知故障) | board_tick_ms=64653
2026-08-14T11:01:09.637+08:00 | J4310 | FDCAN1 | ID=0x06 | error=0x01 (未知故障) | board_tick_ms=64655
2026-08-14T11:01:09.645+08:00 | J4310 | FDCAN1 | ID=0x06 | error=0x01 (未知故障) | board_tick_ms=64657
2026-08-14T11:01:09.654+08:00 | J4310 | FDCAN1 | ID=0x06 | error=0x01 (未知故障) | board_tick_ms=64659
2026-08-14T11:01:09.662+08:00 | J4310 | FDCAN1 | ID=0x06 | error=0x01 (未知故障) | board_tick_ms=64661
2026-08-14T11:01:09.669+08:00 | J4310 | FDCAN1 | ID=0x06 | error=0x01 (未知故障) | board_tick_ms=64663
2026-08-14T11:01:09.677+08:00 | J4310 | FDCAN1 | ID=0x06 | error=0x01 (未知故障) | board_tick_ms=64665
2026-08-14T11:01:09.685+08:00 | J4310 | FDCAN1 | ID=0x06 | error=0x01 (未知故障) | board_tick_ms=64667
2026-08-14T11:01:09.693+08:00 | J4310 | FDCAN1 | ID=0x06 | error=0x01 (未知故障) | board_tick_ms=64669
2026-08-14T11:01:09.701+08:00 | J4310 | FDCAN1 | ID=0x06 | error=0x01 (未知故障) | board_tick_ms=64671
2026-08-14T11:01:09.709+08:00 | J4310 | FDCAN1 | ID=0x06 | error=0x01 (未知故障) | board_tick_ms=64673
2026-08-14T11:01:09.717+08:00 | J4310 | FDCAN1 | ID=0x06 | error=0x01 (未知故障) | board_tick_ms=64675
2026-08-14T11:01:09.725+08:00 | J4310 | FDCAN1 | ID=0x06 | error=0x01 (未知故障) | board_tick_ms=64677
2026-08-14T11:01:09.732+08:00 | J4310 | FDCAN1 | ID=0x06 | error=0x01 (未知故障) | board_tick_ms=64679
2026-08-14T11:01:09.740+08:00 | J4310 | FDCAN1 | ID=0x06 | error=0x01 (未知故障) | board_tick_ms=64681
2026-08-14T11:01:09.748+08:00 | J4310 | FDCAN1 | ID=0x06 | error=0x01 (未知故障) | board_tick_ms=64683
2026-08-14T11:01:09.756+08:00 | J4310 | FDCAN1 | ID=0x06 | error=0x01 (未知故障) | board_tick_ms=64685
2026-08-14T11:01:09.764+08:00 | J4310 | FDCAN1 | ID=0x06 | error=0x01 (未知故障) | board_tick_ms=64687
2026-08-14T11:01:09.772+08:00 | J4310 | FDCAN1 | ID=0x06 | error=0x01 (未知故障) | board_tick_ms=64689
2026-08-14T11:01:09.780+08:00 | J4310 | FDCAN1 | ID=0x06 | error=0x01 (未知故障) | board_tick_ms=64691
2026-08-14T11:01:09.787+08:00 | J4310 | FDCAN1 | ID=0x06 | error=0x01 (未知故障) | board_tick_ms=64693
2026-08-14T11:01:09.795+08:00 | J4310 | FDCAN1 | ID=0x06 | error=0x01 (未知故障) | board_tick_ms=64695
2026-08-14T11:01:09.802+08:00 | J4310 | FDCAN1 | ID=0x06 | error=0x01 (未知故障) | board_tick_ms=64697
2026-08-14T11:01:09.810+08:00 | J4310 | FDCAN1 | ID=0x06 | error=0x01 (未知故障) | board_tick_ms=64699
2026-08-14T11:01:09.818+08:00 | J4310 | FDCAN1 | ID=0x06 | error=0x01 (未知故障) | board_tick_ms=64701
2026-08-14T11:01:09.826+08:00 | J4310 | FDCAN1 | ID=0x06 | error=0x01 (未知故障) | board_tick_ms=64703
2026-08-14T11:01:09.834+08:00 | J4310 | FDCAN1 | ID=0x06 | error=0x01 (未知故障) | board_tick_ms=64705
2026-08-14T11:01:09.842+08:00 | J4310 | FDCAN1 | ID=0x06 | error=0x01 (未知故障) | board_tick_ms=64707
2026-08-14T11:01:09.850+08:00 | J4310 | FDCAN1 | ID=0x06 | error=0x01 (未知故障) | board_tick_ms=64709
2026-08-14T11:01:09.858+08:00 | J4310 | FDCAN1 | ID=0x06 | error=0x01 (未知故障) | board_tick_ms=64711
2026-08-14T11:01:09.866+08:00 | J4310 | FDCAN1 | ID=0x06 | error=0x01 (未知故障) | board_tick_ms=64713
2026-08-14T11:01:09.874+08:00 | J4310 | FDCAN1 | ID=0x06 | error=0x01 (未知故障) | board_tick_ms=64715
2026-08-14T11:01:09.884+08:00 | J4310 | FDCAN1 | ID=0x06 | error=0x01 (未知故障) | board_tick_ms=64717
2026-08-14T11:01:09.892+08:00 | J4310 | FDCAN1 | ID=0x06 | error=0x01 (未知故障) | board_tick_ms=64719
2026-08-14T11:01:09.900+08:00 | J4310 | FDCAN1 | ID=0x06 | error=0x01 (未知故障) | board_tick_ms=64721
2026-08-14T11:01:09.908+08:00 | J4310 | FDCAN1 | ID=0x06 | error=0x01 (未知故障) | board_tick_ms=64723
2026-08-14T11:01:10.364+08:00 | J4310 | FDCAN1 | ID=0x06 | error=0x01 (未知故障) | board_tick_ms=64725
2026-08-14T12:19:32.005+08:00 | J4310 | FDCAN1 | ID=0x06 | error=0xF0 (反馈超时/离线) | board_tick_ms=112849
2026-08-14T12:20:39.522+08:00 | J4310 | FDCAN1 | ID=0x06 | error=0xF0 (反馈超时/离线) | board_tick_ms=180376
2026-08-14T19:39:45.327+08:00 | J4310 | FDCAN1 | ID=0x06 | error=0xF0 (反馈超时/离线) | board_tick_ms=84487
2026-08-15T11:33:49.201+08:00 | J4310 | FDCAN1 | ID=0x06 | action=0x01, status=0x01 (永久标定失败：请确认反馈在线、无故障后重试) | board_tick_ms=24547
2026-08-15T11:33:51.660+08:00 | J4310 | FDCAN1 | ID=0x06 | action=0x01, status=0x01 (永久标定失败：请确认反馈在线、无故障后重试) | board_tick_ms=27010
2026-08-15T11:34:04.734+08:00 | J4310 | FDCAN1 | ID=0x06 | action=0x01, status=0x01 (永久标定失败：请确认反馈在线、无故障后重试) | board_tick_ms=40067
2026-08-15T11:34:05.674+08:00 | J4310 | FDCAN1 | ID=0x06 | action=0x01, status=0x01 (永久标定失败：请确认反馈在线、无故障后重试) | board_tick_ms=41002
2026-08-15T11:34:06.344+08:00 | J4310 | FDCAN1 | ID=0x06 | action=0x01, status=0x01 (永久标定失败：请确认反馈在线、无故障后重试) | board_tick_ms=41685
2026-08-15T12:28:36.305+08:00 | J4310 | FDCAN1 | ID=0x06 | error=0xF0 (反馈超时/离线) | board_tick_ms=55960
2026-08-15T12:29:22.916+08:00 | J4310 | FDCAN1 | ID=0x06 | error=0xF0 (反馈超时/离线) | board_tick_ms=25411
2026-08-15T13:08:00.298+08:00 | J4310 | FDCAN1 | ID=0x06 | error=0xF0 (反馈超时/离线) | board_tick_ms=113571
2026-08-15T13:13:10.935+08:00 | J4310 | FDCAN1 | ID=0x06 | error=0xF0 (反馈超时/离线) | board_tick_ms=110370
2026-08-15T13:18:40.150+08:00 | J4310 | FDCAN1 | ID=0x06 | error=0xF0 (反馈超时/离线) | board_tick_ms=30405
2026-08-15T14:46:05.321+08:00 | M3508 | FDCAN2 | ID=0x01 | error=0xF0 (反馈超时/离线) | board_tick_ms=51
2026-08-15T14:46:44.319+08:00 | M3508 | FDCAN2 | ID=0x01 | error=0xF0 (反馈超时/离线) | board_tick_ms=51
2026-08-15T14:47:40.340+08:00 | M3508 | FDCAN2 | ID=0x01 | error=0xF0 (反馈超时/离线) | board_tick_ms=51
2026-08-15T15:26:38.605+08:00 | M3508 | FDCAN2 | ID=0x01 | error=0xF0 (反馈超时/离线) | board_tick_ms=51
2026-08-15T15:26:58.123+08:00 | J4310 | FDCAN1 | ID=0x06 | error=0xF0 (反馈超时/离线) | board_tick_ms=996273
2026-08-15T15:27:32.480+08:00 | J4310 | FDCAN1 | ID=0x06 | error=0xF0 (反馈超时/离线) | board_tick_ms=1030631
2026-08-15T15:33:13.561+08:00 | J4310 | FDCAN1 | ID=0x06 | error=0xF0 (反馈超时/离线) | board_tick_ms=1371710
2026-08-15T18:01:49.653+08:00 | M3508 | FDCAN2 | ID=0x01 | error=0xF0 (反馈超时/离线) | board_tick_ms=51
2026-08-15T18:06:39.779+08:00 | J4310 | FDCAN1 | ID=0x06 | error=0xF0 (反馈超时/离线) | board_tick_ms=336750
2026-08-15T18:29:37.436+08:00 | M3508 | FDCAN2 | ID=0x01 | error=0xF0 (反馈超时/离线) | board_tick_ms=51
2026-08-15T18:33:19.709+08:00 | M3508 | FDCAN2 | ID=0x01 | error=0xF0 (反馈超时/离线) | board_tick_ms=51
2026-08-15T18:38:00.178+08:00 | J4310 | FDCAN1 | ID=0x06 | error=0xF0 (反馈超时/离线) | board_tick_ms=319800
2026-08-15T19:42:40.725+08:00 | M3508 | FDCAN2 | ID=0x01 | error=0xF0 (反馈超时/离线) | board_tick_ms=51
2026-08-15T19:51:14.978+08:00 | M3508 | FDCAN2 | ID=0x01 | error=0xF0 (反馈超时/离线) | board_tick_ms=51
2026-08-15T19:52:16.465+08:00 | M3508 | FDCAN2 | ID=0x01 | error=0xF0 (反馈超时/离线) | board_tick_ms=51
2026-08-15T20:16:30.907+08:00 | M3508 | FDCAN2 | ID=0x01 | error=0xF0 (反馈超时/离线) | board_tick_ms=51
2026-08-15T20:17:30.874+08:00 | M3508 | FDCAN2 | ID=0x01 | error=0xF0 (反馈超时/离线) | board_tick_ms=51
2026-08-15T20:25:36.455+08:00 | M3508 | FDCAN2 | ID=0x01 | error=0xF0 (反馈超时/离线) | board_tick_ms=51
2026-08-15T20:29:55.597+08:00 | M3508 | FDCAN2 | ID=0x01 | error=0xF0 (反馈超时/离线) | board_tick_ms=51
2026-08-15T20:30:51.226+08:00 | J4310 | FDCAN1 | ID=0x06 | error=0xF0 (反馈超时/离线) | board_tick_ms=67706
2026-08-15T20:34:13.707+08:00 | M3508 | FDCAN2 | ID=0x01 | error=0xF0 (反馈超时/离线) | board_tick_ms=51
2026-08-15T20:36:14.400+08:00 | M3508 | FDCAN2 | ID=0x01 | error=0xF0 (反馈超时/离线) | board_tick_ms=139502
2026-08-15T20:36:14.405+08:00 | M3508 | FDCAN2 | ID=0x02 | error=0xF0 (反馈超时/离线) | board_tick_ms=139503
2026-08-15T20:37:02.385+08:00 | M3508 | FDCAN2 | ID=0x01 | error=0xF0 (反馈超时/离线) | board_tick_ms=51
2026-08-15T20:39:29.285+08:00 | J4310 | FDCAN1 | ID=0x06 | error=0xF0 (反馈超时/离线) | board_tick_ms=157816
2026-08-15T20:46:17.400+08:00 | M3508 | FDCAN2 | ID=0x01 | error=0xF0 (反馈超时/离线) | board_tick_ms=51
2026-08-15T21:26:00.993+08:00 | M3508 | FDCAN2 | ID=0x01 | error=0xF0 (反馈超时/离线) | board_tick_ms=51
2026-08-16T10:39:40.020+08:00 | M3508 | FDCAN2 | ID=0x01 | error=0xF0 (反馈超时/离线) | board_tick_ms=51
2026-08-16T10:58:53.417+08:00 | M3508 | FDCAN2 | ID=0x01 | error=0xF0 (反馈超时/离线) | board_tick_ms=51
2026-08-16T11:09:12.838+08:00 | M3508 | FDCAN2 | ID=0x01 | error=0xF0 (反馈超时/离线) | board_tick_ms=51
2026-08-16T12:07:16.951+08:00 | M3508 | FDCAN2 | ID=0x01 | error=0xF0 (反馈超时/离线) | board_tick_ms=51
2026-08-16T15:34:57.211+08:00 | M3508 | FDCAN2 | ID=0x01 | error=0xF0 (反馈超时/离线) | board_tick_ms=51
2026-08-16T16:40:52.845+08:00 | M3508 | FDCAN2 | ID=0x01 | error=0xF0 (反馈超时/离线) | board_tick_ms=51
2026-08-16T16:41:23.456+08:00 | J4310 | FDCAN1 | ID=0x06 | error=0xF0 (反馈超时/离线) | board_tick_ms=40506
2026-08-16T16:41:34.380+08:00 | J4310 | FDCAN1 | ID=0x06 | error=0xF0 (反馈超时/离线) | board_tick_ms=51392
2026-08-16T16:41:53.871+08:00 | J4310 | FDCAN1 | ID=0x06 | error=0xF0 (反馈超时/离线) | board_tick_ms=70907
2026-08-16T16:42:15.638+08:00 | J4310 | FDCAN1 | ID=0x06 | error=0xF0 (反馈超时/离线) | board_tick_ms=92692
2026-08-16T16:42:25.070+08:00 | J4310 | FDCAN1 | ID=0x06 | error=0xF0 (反馈超时/离线) | board_tick_ms=102113
2026-08-16T16:42:32.262+08:00 | J4310 | FDCAN1 | ID=0x06 | error=0xF0 (反馈超时/离线) | board_tick_ms=109313
2026-08-16T16:42:50.774+08:00 | J4310 | FDCAN1 | ID=0x06 | error=0xF0 (反馈超时/离线) | board_tick_ms=127809
2026-08-16T16:42:57.463+08:00 | J4310 | FDCAN1 | ID=0x06 | error=0xF0 (反馈超时/离线) | board_tick_ms=134512
2026-08-16T16:44:04.268+08:00 | J4310 | FDCAN1 | ID=0x06 | error=0xF0 (反馈超时/离线) | board_tick_ms=201309
2026-08-16T16:44:13.088+08:00 | J4310 | FDCAN1 | ID=0x06 | error=0xF0 (反馈超时/离线) | board_tick_ms=210139
2026-08-16T16:44:16.762+08:00 | J4310 | FDCAN1 | ID=0x06 | error=0xF0 (反馈超时/离线) | board_tick_ms=213790
2026-08-16T16:44:25.459+08:00 | J4310 | FDCAN1 | ID=0x06 | error=0xF0 (反馈超时/离线) | board_tick_ms=222512
2026-08-16T16:44:41.618+08:00 | J4310 | FDCAN1 | ID=0x06 | error=0xF0 (反馈超时/离线) | board_tick_ms=238659
2026-08-16T16:44:46.595+08:00 | J4310 | FDCAN1 | ID=0x06 | error=0xF0 (反馈超时/离线) | board_tick_ms=243641
2026-08-16T16:45:01.262+08:00 | J4310 | FDCAN1 | ID=0x06 | error=0xF0 (反馈超时/离线) | board_tick_ms=258305
2026-08-16T16:45:15.707+08:00 | J4310 | FDCAN1 | ID=0x06 | error=0xF0 (反馈超时/离线) | board_tick_ms=272758
2026-08-16T16:45:22.732+08:00 | J4310 | FDCAN1 | ID=0x06 | error=0xF0 (反馈超时/离线) | board_tick_ms=279761
2026-08-16T16:46:02.200+08:00 | J4310 | FDCAN1 | ID=0x06 | error=0xF0 (反馈超时/离线) | board_tick_ms=319254
2026-08-16T17:50:41.040+08:00 | J4310 | FDCAN1 | ID=0x06 | error=0xF0 (反馈超时/离线) | board_tick_ms=25883
2026-08-16T17:50:49.050+08:00 | J4310 | FDCAN1 | ID=0x06 | error=0xF0 (反馈超时/离线) | board_tick_ms=33890
2026-08-16T17:51:05.167+08:00 | J4310 | FDCAN1 | ID=0x06 | error=0xF0 (反馈超时/离线) | board_tick_ms=49984
2026-08-16T17:51:12.760+08:00 | J4310 | FDCAN1 | ID=0x06 | error=0xF0 (反馈超时/离线) | board_tick_ms=57590
2026-08-16T17:51:20.153+08:00 | J4310 | FDCAN1 | ID=0x06 | error=0xF0 (反馈超时/离线) | board_tick_ms=64989
2026-08-16T23:27:32.297+08:00 | M3508 | FDCAN2 | ID=0x01 | error=0xF0 (反馈超时/离线) | board_tick_ms=51
2026-08-16T23:30:25.833+08:00 | M3508 | FDCAN2 | ID=0x01 | error=0xF0 (反馈超时/离线) | board_tick_ms=51
2026-08-16T23:30:33.222+08:00 | J4310 | FDCAN1 | ID=0x06 | error=0xF0 (反馈超时/离线) | board_tick_ms=23345
2026-08-16T23:34:37.800+08:00 | M3508 | FDCAN2 | ID=0x01 | error=0xF0 (反馈超时/离线) | board_tick_ms=51
2026-08-16T23:38:34.435+08:00 | M3508 | FDCAN2 | ID=0x01 | error=0xF0 (反馈超时/离线) | board_tick_ms=51
2026-08-17T00:57:13.473+08:00 | M3508 | FDCAN2 | ID=0x01 | error=0xF0 (反馈超时/离线) | board_tick_ms=51
2026-08-17T01:06:04.993+08:00 | M3508 | FDCAN2 | ID=0x01 | error=0xF0 (反馈超时/离线) | board_tick_ms=51
2026-08-17T02:37:02.234+08:00 | M3508 | FDCAN2 | ID=0x01 | error=0xF0 (反馈超时/离线) | board_tick_ms=119619
2026-08-17T02:49:53.891+08:00 | M3508 | FDCAN2 | ID=0x01 | error=0xF0 (反馈超时/离线) | board_tick_ms=51
2026-08-17T03:02:05.553+08:00 | M3508 | FDCAN2 | ID=0x01 | error=0xF0 (反馈超时/离线) | board_tick_ms=51
2026-08-17T03:54:16.190+08:00 | M3508 | FDCAN2 | ID=0x01 | error=0xF0 (反馈超时/离线) | board_tick_ms=51
2026-08-17T04:04:26.036+08:00 | M3508 | FDCAN2 | ID=0x01 | error=0xF0 (反馈超时/离线) | board_tick_ms=51
2026-08-17T09:06:03.920+08:00 | M3508 | FDCAN2 | ID=0x01 | error=0xF0 (反馈超时/离线) | board_tick_ms=51
2026-08-17T09:27:27.897+08:00 | M3508 | FDCAN2 | ID=0x01 | error=0xF0 (反馈超时/离线) | board_tick_ms=51
2026-08-17T09:58:56.447+08:00 | M2006 | FDCAN3 | ID=0x01 | error=0xF0 (反馈超时/离线) | board_tick_ms=784838
2026-08-17T09:58:56.608+08:00 | M2006 | FDCAN3 | ID=0x01 | error=0xF0 (反馈超时/离线) | board_tick_ms=784998
2026-08-17T09:58:57.397+08:00 | M2006 | FDCAN3 | ID=0x01 | error=0xF0 (反馈超时/离线) | board_tick_ms=785810
2026-08-17T09:58:57.577+08:00 | M2006 | FDCAN3 | ID=0x01 | error=0xF0 (反馈超时/离线) | board_tick_ms=785972
2026-08-17T10:08:07.212+08:00 | M2006 | FDCAN3 | ID=0x01 | error=0xF0 (反馈超时/离线) | board_tick_ms=1335588
2026-08-17T10:08:07.344+08:00 | M2006 | FDCAN3 | ID=0x01 | error=0xF0 (反馈超时/离线) | board_tick_ms=1335750
2026-08-17T10:08:08.161+08:00 | M2006 | FDCAN3 | ID=0x01 | error=0xF0 (反馈超时/离线) | board_tick_ms=1336561
2026-08-17T10:08:08.343+08:00 | M2006 | FDCAN3 | ID=0x01 | error=0xF0 (反馈超时/离线) | board_tick_ms=1336744
2026-08-17T10:38:10.207+08:00 | M3508 | FDCAN2 | ID=0x01 | error=0xF0 (反馈超时/离线) | board_tick_ms=51
2026-08-17T11:59:07.779+08:00 | M3508 | FDCAN2 | ID=0x01 | error=0xF0 (反馈超时/离线) | board_tick_ms=51
2026-08-17T14:58:21.866+08:00 | M3508 | FDCAN2 | ID=0x01 | error=0xF0 (反馈超时/离线) | board_tick_ms=51
2026-08-17T20:32:00.225+08:00 | M3508 | FDCAN2 | ID=0x01 | error=0xF0 (反馈超时/离线) | board_tick_ms=51
2026-08-17T20:33:37.350+08:00 | M3508 | FDCAN2 | ID=0x01 | error=0xF0 (反馈超时/离线) | board_tick_ms=51
2026-08-18T12:33:53.481+08:00 | M3508 | FDCAN2 | ID=0x01 | error=0xF0 (反馈超时/离线) | board_tick_ms=51
2026-08-18T12:34:49.924+08:00 | J4310 | FDCAN1 | ID=0x06 | action=0x01, status=0x01 (永久标定失败：请确认反馈在线、无故障后重试) | board_tick_ms=84791
2026-08-18T12:34:51.031+08:00 | J4310 | FDCAN1 | ID=0x06 | action=0x01, status=0x01 (永久标定失败：请确认反馈在线、无故障后重试) | board_tick_ms=85942
2026-08-18T12:34:53.484+08:00 | J4310 | FDCAN1 | ID=0x06 | error=0xF0 (反馈超时/离线) | board_tick_ms=88371
2026-08-18T12:35:43.120+08:00 | J4310 | FDCAN1 | ID=0x06 | error=0xF0 (反馈超时/离线) | board_tick_ms=138006
2026-08-18T12:53:04.223+08:00 | M3508 | FDCAN2 | ID=0x01 | error=0xF0 (反馈超时/离线) | board_tick_ms=51
2026-08-18T14:32:28.843+08:00 | M3508 | FDCAN2 | ID=0x01 | error=0xF0 (反馈超时/离线) | board_tick_ms=51
2026-08-18T20:10:19.711+08:00 | M3508 | FDCAN2 | ID=0x01 | error=0xF0 (反馈超时/离线) | board_tick_ms=51
2026-08-18T20:19:25.775+08:00 | M2006 | FDCAN3 | ID=0x01 | error=0xF0 (反馈超时/离线) | board_tick_ms=1122544
2026-08-18T20:19:25.959+08:00 | M2006 | FDCAN3 | ID=0x01 | error=0xF0 (反馈超时/离线) | board_tick_ms=1122706
2026-08-18T20:19:26.762+08:00 | M2006 | FDCAN3 | ID=0x01 | error=0xF0 (反馈超时/离线) | board_tick_ms=1123516
2026-08-18T20:19:26.949+08:00 | M2006 | FDCAN3 | ID=0x01 | error=0xF0 (反馈超时/离线) | board_tick_ms=1123707
2026-08-19T09:26:58.637+08:00 | J4310 | FDCAN1 | ID=0x06 | error=0xF0 (反馈超时/离线) | board_tick_ms=65233
2026-08-19T09:28:01.556+08:00 | J4310 | FDCAN1 | ID=0x06 | error=0xF0 (反馈超时/离线) | board_tick_ms=128138
2026-08-19T09:28:28.226+08:00 | J4310 | FDCAN1 | ID=0x06 | error=0xF0 (反馈超时/离线) | board_tick_ms=154817
2026-08-19T09:39:36.477+08:00 | M3508 | FDCAN2 | ID=0x01 | error=0xF0 (反馈超时/离线) | board_tick_ms=51
2026-08-19T09:39:51.199+08:00 | J4310 | FDCAN1 | ID=0x06 | error=0x0C (线圈过温) | board_tick_ms=72031
2026-08-19T09:39:51.242+08:00 | J4310 | FDCAN1 | ID=0x06 | error=0xF0 (反馈超时/离线) | board_tick_ms=72083
2026-08-19T09:41:47.975+08:00 | M3508 | FDCAN2 | ID=0x01 | error=0xF0 (反馈超时/离线) | board_tick_ms=51
2026-08-19T09:42:53.150+08:00 | J4310 | FDCAN1 | ID=0x06 | error=0xF0 (反馈超时/离线) | board_tick_ms=104523
2026-08-19T10:03:30.060+08:00 | M3508 | FDCAN2 | ID=0x01 | error=0xF0 (反馈超时/离线) | board_tick_ms=51
2026-08-19T10:09:53.963+08:00 | M3508 | FDCAN2 | ID=0x01 | error=0xF0 (反馈超时/离线) | board_tick_ms=51
2026-08-19T10:13:25.290+08:00 | J4310 | FDCAN1 | ID=0x06 | error=0x0C (线圈过温) | board_tick_ms=264245
2026-08-19T10:13:25.351+08:00 | J4310 | FDCAN1 | ID=0x06 | error=0xF0 (反馈超时/离线) | board_tick_ms=264297
2026-08-19T10:14:32.111+08:00 | M3508 | FDCAN2 | ID=0x01 | error=0xF0 (反馈超时/离线) | board_tick_ms=51
2026-08-19T10:16:37.472+08:00 | M2006 | FDCAN3 | ID=0x01 | error=0xF0 (反馈超时/离线) | board_tick_ms=145826
2026-08-19T10:16:37.653+08:00 | M2006 | FDCAN3 | ID=0x01 | error=0xF0 (反馈超时/离线) | board_tick_ms=145986
2026-08-19T10:16:38.460+08:00 | M2006 | FDCAN3 | ID=0x01 | error=0xF0 (反馈超时/离线) | board_tick_ms=146798
2026-08-19T10:16:38.619+08:00 | M2006 | FDCAN3 | ID=0x01 | error=0xF0 (反馈超时/离线) | board_tick_ms=146961
2026-08-19T10:22:22.657+08:00 | M3508 | FDCAN2 | ID=0x01 | error=0xF0 (反馈超时/离线) | board_tick_ms=51
2026-08-19T11:17:17.040+08:00 | M3508 | FDCAN2 | ID=0x01 | error=0xF0 (反馈超时/离线) | board_tick_ms=51
2026-08-19T15:55:46.078+08:00 | M3508 | FDCAN2 | ID=0x01 | error=0xF0 (反馈超时/离线) | board_tick_ms=51
2026-08-19T15:56:18.372+08:00 | M3508 | FDCAN2 | ID=0x01 | error=0xF0 (反馈超时/离线) | board_tick_ms=51
2026-08-19T20:19:40.182+08:00 | M3508 | FDCAN2 | ID=0x01 | error=0xF0 (反馈超时/离线) | board_tick_ms=51
2026-08-19T21:04:51.546+08:00 | M3508 | FDCAN2 | ID=0x01 | error=0xF0 (反馈超时/离线) | board_tick_ms=51
2026-08-19T21:09:05.026+08:00 | M3508 | FDCAN2 | ID=0x01 | error=0xF0 (反馈超时/离线) | board_tick_ms=51
2026-08-20T17:40:42.220+08:00 | M3508 | FDCAN2 | ID=0x01 | error=0xF0 (反馈超时/离线) | board_tick_ms=51
2026-08-20T17:41:33.807+08:00 | M3508 | FDCAN2 | ID=0x01 | error=0xF0 (反馈超时/离线) | board_tick_ms=51
2026-08-20T17:41:46.904+08:00 | J4310 | FDCAN1 | ID=0x06 | error=0xF0 (反馈超时/离线) | board_tick_ms=27982
2026-08-20T17:41:51.543+08:00 | J4310 | FDCAN1 | ID=0x06 | action=0x01, status=0x01 (永久标定失败：请确认反馈在线、无故障后重试) | board_tick_ms=32610
2026-08-20T17:41:52.091+08:00 | J4310 | FDCAN1 | ID=0x06 | error=0xF0 (反馈超时/离线) | board_tick_ms=33181
2026-08-20T17:42:26.385+08:00 | J4310 | FDCAN1 | ID=0x06 | action=0x01, status=0x01 (永久标定失败：请确认反馈在线、无故障后重试) | board_tick_ms=67457
2026-08-20T17:42:40.579+08:00 | J4310 | FDCAN1 | ID=0x06 | action=0x01, status=0x01 (永久标定失败：请确认反馈在线、无故障后重试) | board_tick_ms=81649
2026-08-20T17:42:43.627+08:00 | J4310 | FDCAN1 | ID=0x06 | action=0x01, status=0x01 (永久标定失败：请确认反馈在线、无故障后重试) | board_tick_ms=84718
2026-08-20T17:42:45.152+08:00 | J4310 | FDCAN1 | ID=0x06 | error=0xF0 (反馈超时/离线) | board_tick_ms=86221
2026-08-20T19:31:09.208+08:00 | M3508 | FDCAN2 | ID=0x01 | error=0xF0 (反馈超时/离线) | board_tick_ms=51
2026-08-20T19:31:21.501+08:00 | J4310 | FDCAN1 | ID=0x06 | error=0xF0 (反馈超时/离线) | board_tick_ms=46639
2026-08-20T19:32:27.709+08:00 | M3508 | FDCAN2 | ID=0x01 | error=0xF0 (反馈超时/离线) | board_tick_ms=51
2026-08-20T19:33:10.327+08:00 | J4310 | FDCAN1 | ID=0x06 | error=0xF0 (反馈超时/离线) | board_tick_ms=64761
2026-08-20T21:30:11.318+08:00 | M3508 | FDCAN2 | ID=0x01 | error=0xF0 (反馈超时/离线) | board_tick_ms=51
2026-08-20T21:30:17.847+08:00 | J4310 | FDCAN1 | ID=0x06 | error=0xF0 (反馈超时/离线) | board_tick_ms=31077
2026-08-20T22:08:47.985+08:00 | M3508 | FDCAN2 | ID=0x01 | error=0xF0 (反馈超时/离线) | board_tick_ms=51
2026-08-21T05:52:14.824+08:00 | M3508 | FDCAN2 | ID=0x01 | error=0xF0 (反馈超时/离线) | board_tick_ms=51
2026-08-21T05:53:22.941+08:00 | M3508 | FDCAN2 | ID=0x01 | error=0xF0 (反馈超时/离线) | board_tick_ms=51
2026-08-21T06:04:21.922+08:00 | M2006 | FDCAN3 | ID=0x01 | error=0xF0 (反馈超时/离线) | board_tick_ms=698285
2026-08-21T06:04:22.108+08:00 | M2006 | FDCAN3 | ID=0x01 | error=0xF0 (反馈超时/离线) | board_tick_ms=698459
2026-08-21T06:04:22.887+08:00 | M2006 | FDCAN3 | ID=0x01 | error=0xF0 (反馈超时/离线) | board_tick_ms=699257
2026-08-21T06:04:23.041+08:00 | M2006 | FDCAN3 | ID=0x01 | error=0xF0 (反馈超时/离线) | board_tick_ms=699420
2026-08-21T06:04:55.909+08:00 | M3508 | FDCAN2 | ID=0x01 | error=0xF0 (反馈超时/离线) | board_tick_ms=51
2026-08-21T06:12:16.154+08:00 | M3508 | FDCAN2 | ID=0x01 | error=0xF0 (反馈超时/离线) | board_tick_ms=51
2026-08-21T06:14:11.442+08:00 | M3508 | FDCAN2 | ID=0x01 | error=0xF0 (反馈超时/离线) | board_tick_ms=51
2026-08-21T14:03:51.551+08:00 | M3508 | FDCAN2 | ID=0x01 | error=0xF0 (反馈超时/离线) | board_tick_ms=51
2026-08-21T16:05:26.479+08:00 | M3508 | FDCAN2 | ID=0x01 | error=0xF0 (反馈超时/离线) | board_tick_ms=51
2026-08-21T16:14:14.003+08:00 | M3508 | FDCAN2 | ID=0x01 | error=0xF0 (反馈超时/离线) | board_tick_ms=51
2026-08-21T20:48:15.973+08:00 | M3508 | FDCAN2 | ID=0x01 | error=0xF0 (反馈超时/离线) | board_tick_ms=51
2026-08-21T20:48:25.873+08:00 | M2006 | FDCAN3 | ID=0x01 | error=0xF0 (反馈超时/离线) | board_tick_ms=40810
2026-08-21T20:48:26.032+08:00 | M2006 | FDCAN3 | ID=0x01 | error=0xF0 (反馈超时/离线) | board_tick_ms=40971
2026-08-21T20:48:26.845+08:00 | M2006 | FDCAN3 | ID=0x01 | error=0xF0 (反馈超时/离线) | board_tick_ms=41796
2026-08-21T20:48:26.999+08:00 | M2006 | FDCAN3 | ID=0x01 | error=0xF0 (反馈超时/离线) | board_tick_ms=41945
2026-08-21T20:49:18.262+08:00 | M3508 | FDCAN2 | ID=0x01 | error=0xF0 (反馈超时/离线) | board_tick_ms=51
2026-08-21T20:58:25.889+08:00 | M3508 | FDCAN2 | ID=0x01 | error=0xF0 (反馈超时/离线) | board_tick_ms=51
2026-08-21T21:35:15.038+08:00 | M3508 | FDCAN2 | ID=0x01 | error=0xF0 (反馈超时/离线) | board_tick_ms=51
2026-08-21T21:50:37.944+08:00 | M3508 | FDCAN2 | ID=0x01 | error=0xF0 (反馈超时/离线) | board_tick_ms=51
2026-08-21T21:51:40.448+08:00 | M2006 | FDCAN3 | ID=0x02 | error=0xF0 (反馈超时/离线) | board_tick_ms=242218
2026-08-21T21:51:40.604+08:00 | M2006 | FDCAN3 | ID=0x02 | error=0xF0 (反馈超时/离线) | board_tick_ms=242386
2026-08-21T21:51:41.414+08:00 | M2006 | FDCAN3 | ID=0x02 | error=0xF0 (反馈超时/离线) | board_tick_ms=243195
2026-08-21T21:51:41.601+08:00 | M2006 | FDCAN3 | ID=0x02 | error=0xF0 (反馈超时/离线) | board_tick_ms=243370
2026-08-21T21:52:49.274+08:00 | M3508 | FDCAN2 | ID=0x01 | error=0xF0 (反馈超时/离线) | board_tick_ms=51
2026-08-21T21:53:14.199+08:00 | M3508 | FDCAN2 | ID=0x01 | error=0xF0 (反馈超时/离线) | board_tick_ms=51
2026-08-21T22:17:39.555+08:00 | M3508 | FDCAN2 | ID=0x01 | error=0xF0 (反馈超时/离线) | board_tick_ms=51
2026-08-21T22:18:46.511+08:00 | M3508 | FDCAN2 | ID=0x01 | error=0xF0 (反馈超时/离线) | board_tick_ms=51
2026-08-21T22:38:56.224+08:00 | M3508 | FDCAN2 | ID=0x01 | error=0xF0 (反馈超时/离线) | board_tick_ms=51
2026-08-21T22:40:06.333+08:00 | M3508 | FDCAN2 | ID=0x01 | error=0xF0 (反馈超时/离线) | board_tick_ms=51
2026-08-21T22:42:06.837+08:00 | M2006 | FDCAN3 | ID=0x01 | error=0xF0 (反馈超时/离线) | board_tick_ms=161264
2026-08-21T22:42:06.993+08:00 | M2006 | FDCAN3 | ID=0x01 | error=0xF0 (反馈超时/离线) | board_tick_ms=161426
2026-08-21T22:42:07.796+08:00 | M2006 | FDCAN3 | ID=0x01 | error=0xF0 (反馈超时/离线) | board_tick_ms=162237
2026-08-21T22:42:07.981+08:00 | M2006 | FDCAN3 | ID=0x01 | error=0xF0 (反馈超时/离线) | board_tick_ms=162416
2026-08-21T22:42:42.143+08:00 | M3508 | FDCAN2 | ID=0x01 | error=0xF0 (反馈超时/离线) | board_tick_ms=51
2026-08-21T22:43:57.086+08:00 | M3508 | FDCAN2 | ID=0x01 | error=0xF0 (反馈超时/离线) | board_tick_ms=51
2026-08-22T05:02:42.538+08:00 | M3508 | FDCAN2 | ID=0x01 | error=0xF0 (反馈超时/离线) | board_tick_ms=51
2026-08-22T05:10:52.478+08:00 | J4310 | FDCAN1 | ID=0x06 | error=0x0C (线圈过温) | board_tick_ms=552041
2026-08-22T05:10:52.537+08:00 | J4310 | FDCAN1 | ID=0x06 | error=0xF0 (反馈超时/离线) | board_tick_ms=552093
2026-08-22T05:12:13.952+08:00 | M3508 | FDCAN2 | ID=0x01 | error=0xF0 (反馈超时/离线) | board_tick_ms=51
2026-08-22T09:00:49.498+08:00 | M3508 | FDCAN2 | ID=0x01 | error=0xF0 (反馈超时/离线) | board_tick_ms=51
2026-08-22T10:45:53.069+08:00 | M3508 | FDCAN2 | ID=0x01 | error=0xF0 (反馈超时/离线) | board_tick_ms=51
2026-08-22T11:08:36.393+08:00 | M3508 | FDCAN2 | ID=0x01 | error=0xF0 (反馈超时/离线) | board_tick_ms=51
2026-08-22T11:08:58.861+08:00 | M2006 | FDCAN3 | ID=0x01 | error=0xF0 (反馈超时/离线) | board_tick_ms=86178
2026-08-22T11:08:59.046+08:00 | M2006 | FDCAN3 | ID=0x01 | error=0xF0 (反馈超时/离线) | board_tick_ms=86338
2026-08-22T11:08:59.840+08:00 | M2006 | FDCAN3 | ID=0x01 | error=0xF0 (反馈超时/离线) | board_tick_ms=87148
2026-08-22T11:08:59.999+08:00 | M2006 | FDCAN3 | ID=0x01 | error=0xF0 (反馈超时/离线) | board_tick_ms=87312
2026-08-22T11:12:19.802+08:00 | M3508 | FDCAN2 | ID=0x01 | error=0xF0 (反馈超时/离线) | board_tick_ms=51
2026-08-22T11:18:11.973+08:00 | M3508 | FDCAN2 | ID=0x01 | error=0xF0 (反馈超时/离线) | board_tick_ms=51
