:020000040800F2
:10000000303601246D030008A9740008317100081E
:10001000A1740008B1060008399E00080000000025
:10002000000000000000000000000000618B0008DC
:10003000B91D000800000000B1740008D98B000849
:100040008B0300088B0300088B0300088B03000858
:100050008B0300088B0300088B0300088B03000848
:100060008B0300088B0300088B030008590F00085E
:10007000690F0008790F0008890F00088B0300083A
:100080008B0300088B0300088B030008F91D000890
:10009000091E00088B0300088B0300088B0300086F
:1000A0008B0300088B0300088B0300088B030008F8
:1000B0008B0300088B0300088B0300088B030008E8
:1000C0008B0300088B0300088B0300088B030008D8
:1000D0008B030008B1990008C19900088B03000840
:1000E0008B0300088B030008000000008B0300084E
:1000F0008B0300088B0300088B0300088B030008A8
:100100008B0300088B0300088B0300088B03000897
:100110008B0300088B030008998D00088B030008EF
:100120008B0300088B0300088B0300088B03000877
:100130008B0300088B0300088B0300088B03000867
:1001400000000000000000000000000000000000AF
:100150008B0300088B0300088B0300088B03000847
:100160008B0300088B0300088B0300088B03000837
:100170008B0300088B0300088B03000800000000BD
:100180008B0300088B0300088B0300088B03000817
:100190008B0300088B0300088B0300088B03000807
:1001A0008B0300088B0300088B030008000000008D
:1001B0008B0300088B0300088B0300088B030008E7
:1001C0008B0300088B030008000000000000000003
:1001D00000000000000000008B0300080000000089
:1001E000000000000000000000000000000000000F
:1001F00000000000000000008B0300088B030008D3
:100200008B0300088B030008000000008B0300082C
:100210008B0300088B0300088B0300088B03000886
:100220008B030008000000008B03000800000000A2
:100230008B0300088B030008000000008B030008FC
:100240008B0300088B0300088B0300088B03000856
:100250008B0300088B0300088B0300088B03000846
:100260008B0300088B0300088B0300088B03000836
:100270008B0300088B0300088B03000800000000BC
:100280008B0300088B0300088B0300088B03000816
:10029000000000008B0300088B0300080000000032
:1002A000000000008B0300088B0300088B0300088C
:1002B0008B0300088B0300088B030008191E00083D
:1002C0008B0300088B0300088B03000800F002F882
:1002D00000F03CF80AA090E8000C82448344AAF1A4
:1002E0000107DA4501D100F031F8AFF2090EBAE8A2
:1002F0000F0013F0010F18BFFB1A43F0010318475A
:1003000098C30000B8C30000103A24BF78C878C171
:10031000FAD8520724BF30C830C144BF04680C600B
:10032000704700000023002400250026103A28BF53
:1003300078C1FBD8520728BF30C148BF0B60704757
:100340001FB50CF0A7F81FBD10B510BD00F075F972
:100350001146FFF7F5FF09F023FF00F093F903B40E
:10036000FFF7F2FF03BC00F09BF900000A4880474A
:100370000A4880470A480047FEE7FEE7FEE7FEE737
:10038000FEE7FEE7FEE7FEE7FEE7FEE70548064973
:10039000064A074B70470000C91D0008C18C0008C1
:1003A000CD020008302401243036012430260124F7
:1003B0003026012453EA020C00F069802DE9F04B4D
:1003C0004FF00006002B1FBFB3FA83F503FA05F4C4
:1003D00024FA05F65E4012BF1643B2FA82F502FA1D
:1003E00005F4C5F120051EBF22FA05FC44EA0C0401
:1003F000203556EA044C4FEA144418BF641C4FF0F1
:1004000000084FF00009904271EB030C39D300292A
:1004100019BFB1FA81F701FA07F6B0FA80F700FACE
:1004200007F6C7F120071EBF20FA07FC46EA0C06B4
:100430002037B6FBF4FCA7EB0507103F07F01F0BB6
:10044000CBF120062CFA06F60CFA0BFB44BFB346A0
:100450000026202FA4BF5E464FF0000B5BEA060C7F
:1004600008BF4FF0010B19EB0B0948EB0608ABFB7B
:10047000027C06FB02CC0BFB03CCC01B71EB0C0116
:10048000C1E70B46024641464846BDE8F08B13B52E
:10049000084318BF4FF0FF300146AFF30080BDE8BE
:1004A0001C407047032A40F2308010F0030C00F02B
:1004B000158011F8013BBCF1020F624498BF11F89E
:1004C00001CB00F8013B38BF11F8013BA2F1040257
:1004D00098BF00F801CB38BF00F8013B11F00303CF
:1004E00000F07980083AC0F0088051F8043B083ADF
:1004F00051F804CBA0E80810F5E7121D5CBF51F8D5
:10050000043B40F8043BAFF30080D20724BF11F84E
:10051000013B11F801CB48BF11F8012B24BF00F8B3
:10052000013B00F801CB48BF00F8012B704702F0F7
:10053000FF0343EA032242EA024200F024B84FF0EC
:1005400000020429C0F0128010F0030C00F01B80A0
:10055000CCF1040CBCF1020F18BF00F8012BA8BFAE
:1005600020F8022BA1EB0C0100F00DB85FEAC17C72
:1005700024BF00F8012B00F8012B48BF00F8012B25
:1005800070474FF0000200B5134694469646203956
:1005900022BFA0E80C50A0E80C50B1F12001BFF43C
:1005A000F7AF090728BFA0E80C5048BF0CC05DF8A2
:1005B00004EB890028BF40F8042B08BF704748BFF0
:1005C00020F8022B11F0804F18BF00F8012B704764
:1005D00070477047704710B5203AC0F00B80B1E803
:1005E0001850A0E81850B1E81850A0E81850203A68
:1005F000BFF4F5AF5FEA027C24BFB1E81850A0E871
:10060000185044BF18C918C0BDE810405FEA827C8A
:1006100024BF51F8043B40F8043B08BF7047D207A1
:1006200028BF31F8023B48BF11F8012B28BF20F842
:10063000023B48BF00F8012B7047754600F02CF8CC
:10064000AE4605006946534620F00700854618B0BF
:1006500020B5FFF79BFEBDE820404FF000064FF0AD
:1006600000074FF000084FF0000BAC46ACE8C009A3
:10067000ACE8C009ACE8C009ACE8C00921F007014A
:100680008D46704710B50446AFF300802046BDE8A4
:100690001040FFF764BE00000048704718000024B7
:1006A00001491820ABBEFEE726000200704700009B
:1006B000FEE70000000000002DE9F0470446002896
:1006C0004FF0010012D0894681B1089DA5F10900C3
:1006D00010F1080F4FF0010008D31F4633B19246C6
:1006E000002A1CBF99F81712002901D1BDE8F08734
:1006F000201D2C21FFF745FF05EB05104FEA800870
:1007000050464146FFF73DFFC4F80090C4F824A0CE
:1007100084F82C5004F030F948F2000C07F1100175
:1007200000229FED500A9FED501AC4F23B5C9FEDF2
:100730004F2A4FF0010EA06211F8107C781EC3B250
:10074000072B00F28B8011ED033A0120B4EE403A02
:10075000F1EE10FACADCB4EE413AF1EE10FAC5DB64
:1007600011ED023A0120B4EE403AF1EE10FABDDC90
:10077000B4EE413AF1EE10FAB8DB11ED014A012076
:10078000B4EE404AF1EE10FAB0DCB4EE414AF1EEBC
:1007900010FAABDB91ED005A0120B4EE405AF1EEB5
:1007A00010FAA3DCB4EE415AF1EE10FA9EDBB5EE7E
:1007B000403AF1EE10FAA4BFB5EE404AF1EE10FA5D
:1007C00094DBB5EE405A0120F1EE10FA8EDBB4EE68
:1007D000423AF1EE10FA3FF789AFB4EE424AF1EE39
:1007E00010FADCBFB4EE425AF1EE10FA3FF77EAFDA
:1007F00004EB830050F8045F85BB0AEB020504EBB1
:10080000930385F8207051E902764AF80270443269
:100810000F689045C5E90167C5E905CC51F80C6C36
:1008200001F114012E6385F842E0056083F82DE0A4
:100830007FF482AF4AF211114846C0F60001224609
:1008400000F07AF900284FF0010018BFBDE8F087EA
:1008500084F82F000020BDE8F08700BF0120BDE82C
:10086000F08700BFFFFF7F7FFFFF7FFF00401C4638
:10087000E0B1A1F1090212F1080F17D350F82100DD
:10088000002808BF70479FED0A1AB4EE410AF1EE46
:1008900010FA0BDC9FED071AB4EE410AF1EE10FAE4
:1008A000A2BF80ED0C0A012180F84210704700BF02
:1008B000FFFF7F7FFFFF7FFF2DE9F04182B000281F
:1008C00000F02B81804690F82F00002800F0258151
:1008D000D8F82800081A0228C0F01F8198F82C20A8
:1008E000C8F82810002A00F0A38002EB0212D8F802
:1008F0002400920000239FED8A0A4FF0010C9FED27
:10090000891A00249FED8A2A9FED873A9FED894A34
:100910009FED865A1BE000BF85F84130EB60B0EEDA
:10092000427A2B612B7795ED066A4434F1EE460A44
:10093000B4EE467AF1EE10FAC7FE200A36FE206ABF
:10094000A242BDEEC66A16EE107AAF8570D00519C8
:1009500095ED096AB5F92860B8EEC66A07EE106A27
:1009600095F8406026EE016A002EB8EEC77A86EE52
:10097000006A87EE007A85ED0E6A85ED0D7ACBD0A0
:10098000EE6B00278E1B152E38BF0127142E85F81D
:100990004170C3D895F84270002FBFD095ED0C7A06
:1009A00037EE466AB4EE436AF1EE10FA04DDB4EEB7
:1009B000456AF1EE10FAB1DB2F7F3FB195ED047A75
:1009C00036EE477A87EE047A04E000BFB0EE427A52
:1009D00085F81CC0D5ED010A85ED046A66EE200A93
:1009E000D5ED031AE0EE841AD5ED050AF1EE602A82
:1009F000C1FEA22AF4EE601AD5ED001AF1EE10FA4B
:100A000070FEA20AC5ED030AE1EE860AD5ED021AD0
:100A1000E1EE870A95ED067AF1EE471AC0FEA11ABB
:100A2000F4EE470AF1EE10FA37FE217A7BE700BFB9
:100A300098F82D00B8B3D8F8040018B1808D010AD9
:100A400002E000BF00200021D8F808208DF8001037
:100A50008DF8010012B1908D010A01E00020002103
:100A6000D8F80C208DF802108DF8030012B1908D8B
:100A7000010A01E000200021D8F810208DF80410B0
:100A80008DF8050012B1908D010A01E000200021CF
:100A90008DF806106A468DF80700D8F800004FF46C
:100AA000007100F00DFA98F82E00B0B3D8F81400D9
:100AB00010B1808D010A01E000200021D8F8182033
:100AC0008DF800108DF8010012B1908D010A01E03F
:100AD00000200021D8F81C208DF802108DF80300AA
:100AE00012B1908D010A01E000200021D8F82020E9
:100AF0008DF804108DF8050012B1908D010A01E007
:100B0000002000218DF806106A468DF80700D8F8FD
:100B1000000040F2FF1100F0D3F902B0BDE8F0810F
:100B2000000010420000343DCDCC4CBECDCC4C3E3C
:100B3000000000006F12033B2DE9F041C0B34FF0FD
:100B40000103E1B390F81772CFB390F81632CBB32C
:100B50009C46C3F1000EA3F10108002503E000BF8D
:100B60000435AB4228D000EBC50677688F4202D12E
:100B7000B768974219D0A8451ED0F7688F4202D1B6
:100B80003769974211D00EEB0507BC1C14D074696D
:100B90008C4202D1B469944207D0FC1C0CD0F46999
:100BA0008C42DDD1346A9442DAD10020BDE8F08174
:100BB0000120BDE8F08100BF012B05D901231846B3
:100BC000BDE8F0814FF0000C00EBCC07C7E9011243
:100BD000591C80F816120020BDE8F08100000000CA
:100BE000C0B190F81722AAB1CA0104D5D0F83022BA
:100BF0000132C0F830220A0204D5D0F83422013282
:100C0000C0F83422890158BF7047D0F8381201313A
:100C1000C0F83812704700002DE9F0478CB000286A
:100C20001CBF04465FEAC17002D10CB0BDE8F0877A
:100C300094F817020028F8D02068402102F02CFE1A
:100C40000028F2D004F5067804F507790DF1080ABA
:100C50006E4608E00868013008602068402102F014
:100C60001BFE0028E1D0206840215246334602F0A6
:100C70001FFE18BB03980028EFD10498002804BF7A
:100C800005980828E9D194F8140294F81522411C1B
:100C900001F01F0749469742DCD004EB001502988B
:100CA000A88203F069FEA8610098E86101982862B3
:100CB0004146BFF35F8F84F81472CBE7D4F820026B
:100CC0000130C4F820020CB0BDE8F087000000003D
:100CD0002DE9F04F8BB000284FF0010400F09B800D
:100CE0008846002900F097801746002A4FF001043B
:100CF00000F091801E46002B00F08D8005464FF0DD
:100D0000000C002137F81120BCEBD22F7CD10B4610
:100D10005C1CB44218D207EB43046088824279D04D
:100D2000981CB04210D2A08882426DD0D81CB0422C
:100D30000AD2E088824267D00433B34204D22089C9
:100D40008242E5D160E000BF0131B142DAD1281D15
:100D50004FF40E71FFF715FCC5F80080701CD8F831
:100D600038100124B1EB500F5BD340084FF0000B5B
:100D700001284FF0010998BF20464FF0000A029069
:100D800037F82A00B145CDF828B0CDE908BBCDE948
:100D900003BACDE905B4079004D207EB8A000594A5
:100DA000408803E00220059040F2FF700890404622
:100DB00003A902F005FD98BB0AF1010A029850450B
:100DC00009F10209DCD10221022201230120009055
:100DD000404602F03DFD044618BB404603F0C8FA09
:100DE0000446F0B901210022C0F28031404602F0F1
:100DF00023FC0446A8B90024012085F817022046E8
:100E00000BB0BDE8F08F00BF012420460BB0BDE859
:100E1000F08F00BF012420460BB0BDE8F08F00BF6B
:100E20000124404603F0C0FA20460BB0BDE8F08F25
:100E30002DE9F04184B048B1044690F8170228B17A
:100E400094F8150294F81412884203D104B0BDE856
:100E5000F08100BF6846261D00F1080806E000BFCB
:100E600094F8150294F814128842EFD094F8150201
:100E700004EB0011013000F01F004A6900928A69FA
:100E80000192CA690292096A0391BFF35F8F84F8E5
:100E9000150294F816020028E2D0002706EBC700DE
:100EA000BDF8001056F83750019B40684246A847ED
:100EB00094F8160201378742F0D3D1E70000000012
:100EC00070B58AB0044600284FF00000099021D088
:100ED0000E46B0EBD12F4FF0010029D115463AB3A1
:100EE00094F8171221B3206802F0EEFDB0B1002093
:100EF0000821CDE90200CDE90410CDE906000890F3
:100F0000206801A92A46019602F0DEFB50B104F5E3
:100F10000B710AE001200AB070BD00BF04F50A7130
:100F2000022002E004F5097100200A6801320A601B
:100F30000AB070BD0000000010B558B1044690F82A
:100F40001702002808BF10BD206803F02DFA00200A
:100F500084F8170210BD000040F27470C2F2004025
:100F600001F00EBC0000000040F2EC70C2F2004044
:100F700001F006BC0000000040F28460C2F20040B4
:100F800001F0FEBB0000000040F2FC60C2F2004035
:100F900001F0F6BB0000000040F20F42D0F800C0A4
:100FA000C4F20202944511DC6F22C4F2020294459D
:100FB00022DC3F22C4F20202944539DC1022C4F242
:100FC000020294455AD0282254E000BF40F26F42FA
:100FD000C4F2020294451BDC40F23F42C4F202021A
:100FE00094452DDC40F21042C4F20202944545D0F3
:100FF00040F228423EE000BF9F22C4F20202944524
:1010000028DC7022C4F20202944537D0882231E0F5
:1010100040F29F42C4F20202944523DC40F2704247
:10102000C4F20202944529D040F2884222E000BF77
:101030004022C4F20202944520D058221AE000BF98
:1010400040F24042C4F20202944517D040F25842A6
:1010500010E000BFA022C4F2020294450ED0B822D4
:1010600008E000BF40F2B842C4F20202944505D045
:1010700040F2A042C4F20202944519D16FF00F026F
:101080004AF6AB2352FA8CF2CAF6AA23A2FB03312A
:101090000AA35F2AC1F302115B5C40F2FF312CEA24
:1010A0000101C36588BF043181650846704700BFF0
:1010B0002CF0FF0181650846704700BF000610163E
:1010C00000061016000000002DE9F04387B078B349
:1010D0001C4690464FF000025BB3814690F88502B3
:1010E00038B399F8840248B3434209F1A4000027B9
:1010F000032630F8A02C8A4226D09A19022A1DD045
:1011000030F8505C8D4221D0012A17D005888D42DD
:1011100020D09AB1B0F850208A421DD0043600F594
:10112000A0709A190437032A4FF00002E1D100E0C1
:101130000022104607B0BDE8F08300BF0022104631
:1011400007B0BDE8F08300BFA03808E047F0010712
:10115000503804E0771E02E047F00307503001A941
:101160000026C4E90066C4E90266C4E90466C4E96D
:10117000066600F015FD6076D8B1DDE90201C4E92C
:1011800001019DF810009DED010A2073BDF81100CA
:101190009FED101AA4F80D00DDE9050180EE010AAB
:1011A000A8EB000284ED000A332A206138BF012633
:1011B000616107EB8700A676012209EB0010B0F809
:1011C0005010A4F81B1090F848002076104607B085
:1011D000BDE8F08335FA8E3C2DE9F04F81B08146B1
:1011E00000284FF0010000F09F808A46002900F09F
:1011F0009B80A3F109001F4610F1080F4FF001007A
:10120000C0F092809346002A00F08E809AF8171260
:10121000002900F089800BF1700400229FEDA90ADB
:101220009FEDA91AC2EBC2000BEB8003012093EDE6
:10123000022AB4EE402AF1EE10FA75DCB4EE412A2F
:10124000F1EE10FA70DB93ED032A0120B4EE402A90
:10125000F1EE10FA68DCB4EE412AF1EE10FA63DB2D
:1012600093ED042A0120B4EE402AF1EE10FA5BDC83
:10127000B4EE412AF1EE10FA56DB93ED052A012077
:10128000B4EE402AF1EE10FA4EDCB4EE412AF1EE53
:1012900010FA49DB93ED062A0120B4EE402AF1EE64
:1012A00010FA41DCB4EE412AF1EE10FA3CDB2146A3
:1012B0001046451CBD421DD21D8831F8546CB54204
:1012C00036D0861CBE4215D21E8831F8385CAE423C
:1012D0002ED0C61CBE420DD21E8831F81C5CAE4218
:1012E00026D00430B84205D21E880D887031AE4237
:1012F000DFD11DE001321C34BA427FF493AF09F113
:1013000004084FF421714046FFF73BF9BBF8001089
:101310009BF80430BBF802204046C9F800A089F8C9
:10132000847200F0A5FC38B101B0BDE8F08F00BFB9
:10133000012001B0BDE8F08F0BF1080609F1340C73
:10134000012F4FCE8CE80F00C9F844600ED14AF24D
:1013500039015046C0F600014A46FFF7EDFB002870
:1013600000F0A880032001B0BDE8F08FBBF81C108E
:101370009BF82030BBF81E2009F1540000F078FCE7
:101380000028D1D10BF1240609F1840C022F4FCE95
:101390008CE80F00C9F89460D9D0BBF838109BF8DE
:1013A0003C30BBF83A2009F1A40000F061FC0028B1
:1013B000BAD10BF1400609F1D40C032F4FCE8CE8C3
:1013C0000F00C9F8E460C2D0BBF854109BF8583045
:1013D000BBF8562009F1F40000F04AFC0028A3D124
:1013E0000BF15C0609F5927C042F4FCE8CE80F00C0
:1013F000C9F83461ABD0BBF870109BF87430BBF8FF
:10140000722009F5A27000F033FC00288CD10BF19A
:10141000780609F5BA7C052F4FCE8CE80F00C9F885
:10142000846194D0BBF88C109BF89030BBF88E2070
:1014300009F5CA7000F01CFC00287FF475AF0BF1B1
:10144000940609F5E27C062F4FCE8CE80F00C9F810
:10145000D4613FF47CAFBBF8A8109BF8AC30BBF86C
:10146000AA2009F5F27000F003FC00287FF45CAFBD
:101470000BF1B00609F5057C072F4FCE8CE80F0065
:10148000C9F824623FF463AFBBF8C4109BF8C830BE
:10149000BBF8C62009F50D7000F0EAFB00287FF4C8
:1014A00043AF0BF1CC0709F5197C8FCF8CE88F0087
:1014B0004DE700BF012089F88502002001B0BDE89A
:1014C000F08F00BFFFFF7F7FFFFF7FFF0000000066
:1014D00010B530B390F884221AB3C2F1000C00F1B9
:1014E000A4034FF0030E33F8A02C8A421CD00CEB5F
:1014F0000E02022A15D033F8504C8C421ED0012A1D
:101500000FD01C888C422BD05AB1B3F850208A429D
:1015100016D00EF1040E03F5A0730CEB0E02032A95
:10152000E1D1012010BD00BFAEF1030E90F885128D
:1015300000294FF0010109D110E000BFAEF1020E09
:1015400090F8851200294FF0010107D00EEB8E02B2
:1015500000EB0210A0F850100021C164084610BD35
:10156000AEF1010E90F8851200294FF00101EDD186
:10157000F4E7000000000000B0B5002842D090F869
:101580008432002B3ED0C3F1000C00F1A4034FF0D5
:10159000030E33F8A04C8C421AD00CEB0E04022C34
:1015A00030D033F8505C8D4218D0012C2AD01D88E1
:1015B0008D4221D034B3B3F850408C4210D00EF19C
:1015C000040E03F5A0730CEB0E04032CE1D119E01B
:1015D000AEF1030E90F8851229B913E0AEF1020EB8
:1015E00090F8851271B10EEB8E0100EB0111002015
:1015F00081F85020C864B0BDAEF1010E90F885129C
:101600000029F0D10120B0BDF0B589B0002879D013
:101610001446002A4FF0010275D0054690F8850265
:10162000002870D094ED000A9FED535AB4EE450A9D
:101630000122F1EE10FA66DC9FED506AB4EE460A24
:10164000F1EE10FA5FDB94ED011A0122B4EE451AB7
:10165000F1EE10FA57DCB4EE461AF1EE10FA52DB56
:1016600094ED022A0122B4EE452AF1EE10FA4ADC8A
:10167000B4EE462AF1EE10FA45DB94ED033A01226E
:10168000B4EE453AF1EE10FA3DDCB4EE463AF1EE36
:1016900010FA38DB94ED044A0122B4EE454AF1EE2B
:1016A00010FA30DCB4EE464AF1EE10FA2BDB95F876
:1016B000840258B3C0F1000C05F1A40000270323F5
:1016C00030F8A02C8A4225D00CEB0302022A1DD050
:1016D00030F8506C8E421FD0012A17D006888E42F7
:1016E0001ED09AB1B0F850208A421BD0043300F5C6
:1016F000A0700CEB03020437032A4FF00102DFD184
:1017000001E000BF0122104609B0F0BD01221046E1
:1017100009B0F0BDA03808E047F00107503804E0F8
:101720005F1E02E047F0030750309FED155A01A9F4
:1017300020EE050A06AA8DED010A8DED021A8DED47
:10174000032A8DED043A8DED054A00F0EDF80246CE
:101750000028D8D107EB8700266994E88E0005EBB6
:10176000001000F1340C46648CE88E000022C26444
:10177000104609B0F0BD00BFFFFF7F7FFFFF7FFF76
:1017800035FA8E3C000000002DE9F04F81B02DEDC0
:10179000028B8AB0002800F07F80044690F8850212
:1017A000002879D094F88402002875D002A80D464C
:1017B00000F1030B07A800F1030804F151069FEDA7
:1017C000398A02AF0DF11C094FF0000A481C019044
:1017D0000DE000BF00F068F800284CD006F8090CB6
:1017E00094F884020AF1010A5036824554D216F860
:1017F000010C3178814235D10029F1D056F8050C21
:10180000281AEDD4A6F11D0056F8151C049156F8BF
:101810000D1C90ED000A56F8190C20EE080A0390F2
:1018200056F8110C4A46CDE90501A6F14D0039469E
:101830008DED020A00F078F80028CFD1BDF81C1019
:1018400020684246FFF73CFB0146022818BF0320F0
:101850000029C3D1002006F8090C019846F8050CB0
:10186000BEE700BF0028A6F14D003946B2D000F017
:101870003BF80028B2D1BDF8081020685A46FFF79F
:101880001FFB0146022818BF03200029A6D116F825
:10189000010C30700020A1E70AB0BDEC028B01B052
:1018A000BDE8F08F35FA8E3C024600284FF001006B
:1018B00018BF002900D1704713880020B0EBD32F48
:1018C00002D00120704700BF88604860086012881D
:1018D0000A8008228A704FF0FF32C1F80320C1F855
:1018E0000620FD228A727047024600284FF0010050
:1018F00018BF002900D1704713880020B0EBD32F08
:1019000002D00120704700BF8860486008601288DC
:101910000A8008228A704FF0FF32C1F80320C1F814
:101920000620FC228A727047B0B5034600284FF0AB
:10193000010018BF002901D1B0BD00BF91ED000A20
:101940009FED901AB4EE410A0120F1EE10FAF3DC9B
:101950009FED8D2AB4EE420AF1EE10FAECDB93ED26
:10196000023AB1EE434AB4EE440AF1EE10FAE3DB78
:10197000B4EE430AF1EE10FADEDC91ED010A01202B
:10198000B4EE410AF1EE10FAD6DCB4EE420AF1EE02
:1019900010FAD1DB93ED033AB1EE434AB4EE440AB8
:1019A000F1EE10FAC8DBB4EE430AF1EE10FAC3DC34
:1019B00091ED020A0120B4EE410AF1EE10FABBDC0F
:1019C000B4EE420AF1EE10FAB6DB93ED043AB1EE52
:1019D000434AB4EE440AF1EE10FAADDBB4EE430A2A
:1019E000F1EE10FAA8DC91ED033A0120B4EE413A91
:1019F000F1EE10FAA0DCB4EE423AF1EE10FAA4BF18
:101A0000B5EE403AF1EE10FA96DB9FED600AB4EEC7
:101A1000403AF1EE10FAC8BFB0BD002A4FF0010005
:101A20003FF48AAF91ED043AB4EE413AF1EE10FA88
:101A30003FF782AFB4EE423AF1EE10FAA4BFB5EE32
:101A4000403AF1EE10FAFFF677AFB1EE041AB4EEB9
:101A5000413AF1EE10FA3FF76FAFB3F800C0002043
:101A6000B0EBDC2F02D00120B0BD00BF9060506011
:101A7000106093ED022A91ED004AB1EE423A91EDE9
:101A8000016A84FE425AD1ED020AB4EE443A93ED63
:101A9000034AF1EE10FA86FE447A33FE053AB1EEBF
:101AA000445A32EE033AB4EE465A9FED396AF1EEEB
:101AB00010FA23EE063A93ED046A35FE075A32EE29
:101AC000022AB1EE467A34EE055A83EE022A9FEDE1
:101AD000313A34EE044A25EE035AC0FEC61AB4EE7B
:101AE000607AD1ED040AF1EE10FA85EE044A37FE71
:101AF000215A91ED037A87FE407ADFED271AC0FE66
:101B0000C10A198836EE055A118087FE217A08210C
:101B1000C0FEA10A917025EE035A27EE037A36EE35
:101B2000066A20EE833A87EE000A85EE065A83EEB7
:101B3000011ABCEEC22ABCEEC44ABCEEC00ABCEE1E
:101B4000C53A12EE101ABCEEC11A14EE103A10EE9D
:101B500010EA117113EE10CA0D0A11EE104A19099C
:101B60005171190141EA1E2191712109117221015E
:101B7000D57082F807E041EA1C21517282F80AC050
:101B8000B0BD00BFFFFF7F7FFFFF7FFF0000FA4374
:101B900000FF7F4700F07F450000000000000000CC
:101BA000F0B50022002818BF002901D11046F0BD71
:101BB00000F11802D0F814C05FEACC7310D1D2F84B
:101BC00000E057689668D568146953694B610C61E9
:101BD000CD608E604F60C1F800E043699C4541D004
:101BE000D0F814C05FEACC7310D1D2F800E053688B
:101BF0009468D568166957694F610E61CD608C6035
:101C00004B60C1F800E043699C452BD04369DF0776
:101C100012D1D2F800C0D2F804E09568D4681769F0
:101C200056694E610F61CC608D60C1F804E0C1F867
:101C300000C04769BB4215D04369DF07BAD1D2F86B
:101C400000C0D2F804E09568D468176956694E61FF
:101C50000F61CC608D60C1F804E0C1F800C0476935
:101C6000BB42A7D14A69002A18BF01221046F0BD25
:101C7000F0B581B00F2B05464FF001001CD8DDB147
:101C80000F46114316460022B2EBD12F14D1281D66
:101C90002C211C46FEF775FC00200021C4F24810E0
:101CA000A8600020C4F2F011C4F220102F80C5E912
:101CB000031000206E802C7101B0F0BD0000000008
:101CC000B0B54FF0000C002818BF002A02D16046C2
:101CD000B0BD00BF082BFAD143888B4264D1117884
:101CE000037901F00F0199425ED1B2F80110137926
:101CF000547909BA4FEA114ED178D0F814C000EEE9
:101D000010EA09010CF1010541EA131103F00F0378
:101D1000456104EE101A44EA032190ED021A07EE21
:101D2000101AB8EE400A31EE012A90ED033AB8EEEF
:101D3000444A90ED046A33EE035AB8EE477A76EEE1
:101D4000060A22EE000A25EE042A9FED185A20EE1C
:101D5000874A80EE050A9FED165A82EE052A84EE28
:101D6000054A30EE410A80ED060A32EE430A80ED64
:101D7000070A34EE460A80ED080A1178090980F84E
:101D80002610917980F82410D17980F825100499D3
:101D90008162C16A0131C1620CF102014FF0010C94
:101DA00041616046B0BD00BF0020B0BD00FF7F476D
:101DB00000F07F45000000007047000000000000B8
:101DC00072B600BFFEE7000044F60400C5F602004C
:101DD000816841F0020181600168890409D40168C9
:101DE00089045CBF01685FEA814102D4016889040B
:101DF000F2D570470000000040F66400C2F20040D7
:101E000001F06EBE0000000040F60410C2F2004077
:101E100001F066BE0000000040F6A410C2F20040CF
:101E200001F05EBE0000000041F22C70C2F20040E2
:101E3000017840F2C010C2F20040002908BF0846F5
:101E4000704700000000000041F22C70C2F2004018
:101E5000017841F21C50C2F20040002908BF084638
:101E6000704700000000000040F6A412C2F20042D9
:101E7000904218BF704740F2C010C2F20040FEF717
:101E8000AFBE00000000000040F60412C2F20042A3
:101E900090420DD040F6A412C2F20042904218BF08
:101EA000704740F2C010C2F20040FEF7B5BE00BF5E
:101EB00041F21C50C2F2004005F0CEBF000000000D
:101EC000B0B541F22C75C2F20045297811B100205D
:101ED000B0BD00BF044678B1606868B1207A58B1DF
:101EE000227841F21C5040F60411C2F20040C2F2C6
:101EF000004105F0FDFF08B10120B0BD237A40F29A
:101F0000C01040F6A4116268C2F20040C2F2004163
:101F1000FEF7DEFE40B141F21C50C2F2004006F076
:101F2000AFF80120B0BD00BF012028700020B0BD77
:101F300080B541F22C70C2F200400078012818BF31
:101F400080BD41F21C50C2F2004006F021F840F280
:101F5000C010C2F20040BDE88040FEF769BF00003B
:101F600010B541F22C74C2F200442078012818BF49
:101F700010BD41F21C50C2F2004006F081F840F260
:101F8000C010C2F20040FEF7D7FF0020207010BD45
:101F90002DE9F041044602F0EFFC3CB3054694F80D
:101FA0003500022826D1276840F20F46C4F2020607
:101FB00040F26F483868B74220F0010038606FF097
:101FC0000E00C4F202081DDC6F21C4F202018F4230
:101FD0002ADC3F21C4F202018F4241DC1021C4F20D
:101FE00002018F4263D028215CE000BF0120BDE8E0
:101FF000F08100BF802060650120002184F834104A
:10200000BDE8F08147451BDC40F23F41C4F20201CC
:102010008F422DDC40F21041C4F202018F4246D0C3
:1020200040F228413EE000BF9F21C4F202018F42EE
:1020300028DC7021C4F202018F4238D0882131E0BF
:1020400040F29F41C4F202018F4223DC40F2704112
:10205000C4F202018F422AD040F2884122E000BF40
:102060004021C4F202018F4221D058211AE000BF62
:1020700040F24041C4F202018F4218D040F2584170
:1020800010E000BFA021C4F202018F420FD0B8219E
:1020900008E000BF40F2B841C4F202018F4206D00E
:1020A00040F2A041C4F202018F42394607D13946BD
:1020B000386820F01E0041F8140B6FF080000A68A9
:1020C000474500EA020008601ADC9F20C4F20200C3
:1020D000874233DC5720C4F2020087425ADC1020CA
:1020E000C4F20200874200F097802820C4F2020068
:1020F000874200F091804020C4F202008AE000BFD5
:1021000045F22F40C5F6020087422DDC40F2B74071
:10211000C4F2020087424BDC40F27040C4F202007D
:10212000874279D040F28840C4F20200874273D0DF
:1021300040F2A040C4F202006CE000BF40F2274031
:10214000C4F20200874243DCA020C4F202008742AE
:1021500062D0B820C4F2020087425DD040F2104045
:10216000C4F2020056E000BF45F26B40C5F6020023
:1021700087423FDC45F23040C5F6020087424BD033
:1021800045F24440C5F60200874245D045F258402A
:102190003EE000BF5820C4F2020087423CD07020CD
:1021A000C4F20200874237D08820C4F2020031E036
:1021B00040F2B840C4F2020087422DD045F20840F8
:1021C000C5F60200874227D045F21C4020E000BF40
:1021D00040F22840C4F2020087421DD040F2404045
:1021E000C4F20200874217D040F25840C4F2020005
:1021F00010E000BF45F26C40C5F6020087420BD0EC
:1022000045F29440C5F60200874205D045F2804071
:10221000C5F60200874205D1206E016821F4807165
:10222000016000BF3868C00710D002F0A5FB401B5A
:102230000628F7D320206065032084F835000120AC
:10224000002184F83410BDE8F08100BF2068B0425E
:1022500010DC6F21C4F2020188421DDC3F21C4F270
:102260000201884234DC1021C4F20201884255D0B8
:1022700028214FE040451BDC40F23F41C4F20201FF
:1022800088422DDC40F21041C4F20201884245D060
:1022900040F228413EE000BF9F21C4F20201884283
:1022A00028DC7021C4F20201884237D0882131E055
:1022B00040F29F41C4F20201884223DC40F27041A7
:1022C000C4F20201884229D040F2884122E000BFD6
:1022D0004021C4F20201884220D058211AE000BFF8
:1022E00040F24041C4F20201884217D040F2584106
:1022F00010E000BFA021C4F2020188420ED0B82134
:1023000008E000BF40F2B841C4F20201884205D0A3
:1023100040F2A041C4F2020188425BD1D4E9161216
:1023200002F01F023F2303FA02F28A6040455BDCA1
:102330009F21C4F20201884214DC5721C4F2020139
:10234000884227DC1021C4F20201884200F0A280FA
:102350002821C4F20201884200F09C804021C4F28E
:10236000020195E040F22741C4F2020188421FDCDD
:10237000A021C4F20201884200F08C80B821C4F28E
:102380000201884200F0868040F21041C4F202014E
:102390007EE000BF5821C4F2020188427AD0702149
:1023A000C4F20201884275D08821C4F202016FE0B4
:1023B00040F22841C4F2020188426BD040F2404111
:1023C000C4F20201884265D040F25841C4F20201D1
:1023D0005EE000BFD4E9161202F01F02012303FAE7
:1023E00002F24A604045A3DD45F22F41C5F60201E5
:1023F000884217DC40F2B741C4F20201884227DC70
:1024000040F27041C4F20201884243D040F2884158
:10241000C4F2020188423DD040F2A041C4F2020160
:1024200036E000BF45F26B41C5F6020188421FDC71
:1024300045F23041C5F6020188422BD045F24441B5
:10244000C5F60201884225D045F258411EE000BF82
:1024500040F2B841C4F2020188421BD045F2084163
:10246000C5F60201884215D045F21C410EE000BFBE
:1024700045F26C41C5F6020188420BD045F2944109
:10248000C5F60201884205D045F28041C5F6020139
:1024900088420BD1616EA26EE06E4A6030B1016875
:1024A00021F480710160D4E91C014160012084F8AD
:1024B00035000020002184F83410BDE8F0810000D0
:1024C00080B5D8B190F83510022919D140F20F42E9
:1024D0000168C4F20202914216DC6F23C4F20203C7
:1024E000994227DC3F23C4F2020399423EDC1023C9
:1024F000C4F2020399425FD0282359E0012080BD35
:1025000080214165012080BD40F26F43C4F2020387
:1025100099421BDC40F23F43C4F2020399422DDC96
:1025200040F21043C4F20203994245D040F22843DE
:102530003EE000BF9F23C4F20203994228DC7023CF
:10254000C4F20203994237D0882331E040F29F431E
:10255000C4F20203994223DC40F27043C4F2020346
:10256000994229D040F2884322E000BF4023C4F2C0
:102570000203994220D058231AE000BF40F24043A2
:10258000C4F20203994217D040F2584310E000BF52
:10259000A023C4F2020399420ED0B82308E000BF82
:1025A00040F2B843C4F20203994205D040F2A0437E
:1025B000C4F20203994275D191424FF0040280F8AF
:1025C000352011DC6F20C4F20200814222DC3F2062
:1025D000C4F20200814239DC1020C4F202008142C0
:1025E00059D0282054E000BF40F26F40C4F20200EE
:1025F00081421BDC40F23F40C4F2020081422DDCEC
:1026000040F21040C4F20200814244D040F228401F
:102610003EE000BF9F20C4F20200814228DC70200F
:10262000C4F20200814236D0882031E040F29F405F
:10263000C4F20200814223DC40F27040C4F2020086
:10264000814228D040F2884022E000BF4020C4F2FE
:10265000020081421FD058201AE000BF40F24040E3
:10266000C4F20200814216D040F2584010E000BF90
:10267000A020C4F2020081420DD0B82008E000BFC3
:1026800040F2B840C4F20200814204D040F2A040BF
:10269000C4F202008142086820F0010008600020B6
:1026A00080BD00BF0A6822F001020A6045F257426D
:1026B000C5F6020291420A6822F00E020A600FDC9F
:1026C00045F22F42C5F60202914219DC45F208425A
:1026D000C5F60202914229D045F21C4222E000BF19
:1026E00045F27F42C5F60202914213DC45F25842A0
:1026F000C5F60202914219D045F26C4212E000BFC9
:1027000045F23042C5F6020291420FD045F24442F2
:1027100008E000BF45F29442C5F60202914205D09E
:1027200045F28042C5F6020291421AD1D0E9181C46
:10273000D0E916E30A6822F480720A6003F01F01F0
:10274000012202FA01F1CEF80410816ECCF80410D7
:10275000C16E31B10A6822F480720A60D0E91C129D
:102760004A60012180F83510026D002180F8341094
:102770000AB190470021084680BD0000000000001B
:102780002DE9F04782B00021019140F20801044692
:10279000C2F2004148F2B512C1F64E32A56D096889
:1027A00040F26F490068C4F20209A1FB02184845D3
:1027B0002E68296816DC9F21C4F2020188422DDCB4
:1027C0005721C4F20201884252DC1021C4F20201F6
:1027D00088427CD02821C4F20201884277D040216F
:1027E00070E000BF45F22F42C5F60202904229DC9C
:1027F00040F2B742C4F20202904245DC40F270411E
:10280000C4F20201884262D040F28841C4F202015F
:1028100088425CD040F2A04154E000BF40F2274122
:10282000C4F2020188423FDCA021C4F202018842C6
:102830004DD0B821C4F20201884248D040F2104184
:1028400040E000BF45F26B42C5F60202904275DCE3
:1028500045F23042C5F60202904200F0828045F215
:102860004442C5F6020290427BD045F2584273E0E2
:102870005821C4F20201884229D07021C4F2020119
:10288000884224D088211DE040F2B842C4F20202FE
:1028900090421CD045F20842C5F60202904260D038
:1028A00045F21C4258E000BF40F22841C4F2020148
:1028B00088420CD040F24041C4F20201884206D066
:1028C00040F25841C4F20201884240F05A83E16D5F
:1028D000082201F01F0140F20F4A8A40C4F2020AA6
:1028E000324200F0E68050454FF0040312DC6F27BF
:1028F000C4F20207B8426FDC3F27C4F20207B842B5
:1029000000F3A4801027C4F20207B84200F0C5808B
:102910002827BDE048456BDC40F23F47C4F2020780
:10292000B84200F39B8040F21047C4F20207B8425D
:1029300000F0B38040F22847AAE000BF45F26C42A5
:10294000C5F6020290420CD045F28042C5F6020262
:10295000904206D045F29442C5F60202904240F001
:1029600010830268E36D03F01F0304279F400F42AA
:1029700018BF12F0040621D102279F400F4218BF52
:1029800012F002064CD1D940090740F1FA8212F048
:10299000080100F0F682016821F00E0101600120BB
:1029A00000FA03F16960606584F835000020E16C8D
:1029B00084F83400002940F0DC82E2E211046F6008
:1029C00026D4910603D4016821F004010160216C32
:1029D000002940F0CE82D4E29F27C4F20207B84219
:1029E00046DC7027C4F20207B84256D088274FE071
:1029F00040F29F47C4F20207B84241DC40F2704700
:102A0000C4F20207B84248D040F2884740E000BF15
:102A1000D00300F1B382216C002940F0AA82B0E219
:102A200011046F6000F1B482910609D4016821F0AD
:102A30000A010160012084F83500002084F8340088
:102A4000E16B002940F095829BE200BF4027C4F271
:102A50000207B84221D058271AE000BF40F2404791
:102A6000C4F20207B84218D040F2584710E000BF45
:102A7000A027C4F20207B8420FD0B82708E000BF71
:102A800040F2A047C4F20207B84206D040F2B8476D
:102A9000C4F20207B84218BF082307681F4208D0D3
:102AA000036823F004030360AA60626D42F0010230
:102AB000626501228A4032426FD0504510DC6F239C
:102AC000C4F2020398421DDC3F23C4F20203984281
:102AD00034DC1023C4F20203984256D028234FE07E
:102AE00048451BDC40F23F43C4F2020398422DDC10
:102AF00040F21043C4F20203984246D040F2284309
:102B00003EE000BF9F23C4F20203984228DC7023FA
:102B1000C4F20203984238D0882331E040F29F4348
:102B2000C4F20203984223DC40F27043C4F2020371
:102B300098422AD040F2884322E000BF4023C4F2EA
:102B40000203984221D058231AE000BF40F24043CC
:102B5000C4F20203984218D040F2584310E000BF7C
:102B6000A023C4F2020398420FD0B82308E000BFAC
:102B700040F2A043C4F20203984206D040F2B843A8
:102B8000C4F20203984240F0098243691B0604D54F
:102B9000AA60626D42F00202626504228A403242FB
:102BA0006FD0504510DC6F23C4F2020398421DDC45
:102BB0003F23C4F20203984234DC1023C4F2020320
:102BC000984256D028234FE048451BDC40F23F4353
:102BD000C4F2020398422DDC40F21043C4F2020317
:102BE000984246D040F228433EE000BF9F23C4F203
:102BF0000203984228DC7023C4F20203984238D0C2
:102C0000882331E040F29F43C4F20203984223DC60
:102C100040F27043C4F2020398422AD040F2884343
:102C200022E000BF4023C4F20203984221D058237F
:102C30001AE000BF40F24043C4F20203984218D0A9
:102C400040F2584310E000BFA023C4F202039842B0
:102C50000FD0B82308E000BF40F2A043C4F2020343
:102C6000984206D040F2B843C4F20203984240F0C2
:102C70009D8103689B0704D5AA60626D42F004023F
:102C80006265102202FA01F1314200F08180504564
:102C90004FF0080210DC6F23C4F2020398421DDCDF
:102CA0003F23C4F20203984234DC1023C4F202032F
:102CB000984256D028234FE048451BDC40F23F4362
:102CC000C4F2020398422DDC40F21043C4F2020326
:102CD000984246D040F228433EE000BF9F23C4F212
:102CE0000203984228DC7023C4F20203984238D0D1
:102CF000882331E040F29F43C4F20203984223DC70
:102D000040F27043C4F2020398422AD040F2884352
:102D100022E000BF4023C4F20203984221D058238E
:102D20001AE000BF40F24043C4F20203984218D0B8
:102D300040F2584310E000BFA023C4F202039842BF
:102D40000FD0B82308E000BF40F2A043C4F2020352
:102D5000984206D040F2B843C4F20203984218BF2A
:102D600004220368134213D0A96001684903016873
:102D700008D4C90508D4016821F008010160216C5C
:102D800021B905E008034FD4216C09B120468847DA
:102D9000E06D00F01F01202000FA01F2324200F045
:102DA000AB8020681023504510DC6F27C4F2020767
:102DB000B8421DDC3F27C4F20207B84238DC1027B6
:102DC000C4F20207B8425AD0282753E048451BDC1A
:102DD00040F23F47C4F20207B84231DC40F21047EC
:102DE000C4F20207B8424AD040F2284742E000BF8E
:102DF0009F27C4F20207B8422CDC7027C4F20207F6
:102E0000B8423CD0882735E040F29F47C4F2020721
:102E1000B84227DC40F27047C4F20207B8422ED015
:102E200040F2884726E000BFA16C0029AED1AFE791
:102E30004027C4F20207B84221D058271AE000BF49
:102E400040F24047C4F20207B84218D040F2584757
:102E500010E000BFA027C4F20207B8420FD0B82785
:102E600008E000BF40F2A047C4F20207B84206D013
:102E700040F2B847C4F20207B84218BF02230768FD
:102E80001F4239D0AA6094F83520042A02681BD169
:102E900022F016020260426922F080024261226C36
:102EA0000AB9A26C1AB1026822F0080202603F203F
:102EB0008840A860012084F83500216D0020002999
:102EC00084F8340055D15CE0510301680ED4C90583
:102ED0000ED4016821F010010160012084F8350052
:102EE000002084F83400E16B21B905E008034BD4DD
:102EF000E16B09B120468847606D002841D0606DC4
:102F0000C00734D0042084F8350020684FEA9821A7
:102F1000026822F001020260019A013201928A42A3
:102F20001AD80268D20717D0019A013201928A4258
:102F300012D80268D2070FD0019A013201928A4258
:102F40000AD80268D20707D0019A013201928A4258
:102F500002D80268D207DFD10068C0074FF0030033
:102F600008BF012084F83500002084F83400E16CAB
:102F700039B1204602B0BDE8F0470847A16C0029EE
:102F8000F7D102B0BDE8F087616C0029B2D1B3E798
:102F9000D0030DD4616C0029EBD1F2E70268042262
:102FA0008A4032427FF4FDAD6BE600BF026868E6FE
:102FB000E16B0029DDD1E4E72DE9F041044601F0A1
:102FC000DBFCFCB140F26F4805462068C4F2020801
:102FD00040451BDC9F21C4F20201884232DC5721AC
:102FE000C4F20201884259DC1021C4F20201884275
:102FF00000F083802821C4F20201884200F07D8025
:10300000402175E00120BDE8F08100BF45F22F416D
:10301000C5F60201884229DC40F2B741C4F2020140
:10302000884247DC40F27041C4F20201884264D019
:1030300040F28841C4F2020188425ED040F2A041D1
:1030400056E000BF40F22741C4F20201884241DC51
:10305000A021C4F2020188424FD0B821C4F202017B
:1030600088424AD040F2104142E000BF45F26B4135
:10307000C5F60201884200F3BB8045F23041C5F637
:103080000201884200F0C78045F24441C5F60201C2
:10309000884200F0C08045F25841B7E05821C4F2A0
:1030A0000201884229D07021C4F20201884224D052
:1030B00088211DE040F2B841C4F2020188421CD0D0
:1030C00045F20841C5F60201884200F0A48045F2AD
:1030D0001C419BE040F22841C4F2020188420CD01E
:1030E00040F24041C4F20201884206D040F2584109
:1030F000C4F20201884240F06982022184F835104E
:10310000002184F83410016821F001010160016898
:10311000C90708D001F030FC401B052860D82068A2
:103120000168C907F6D148F23F0204F108060168B8
:10313000CFF610621140D4F818C06CCE1143194379
:10314000E3692943256A0E43616A46EA0C060429AD
:1031500043EA060343EA050303D1D4E90B6533438D
:103160002B43666843F4801526F00302A6F1290E6E
:10317000742AA6F14F0208BF2B46A6F13F07473E2F
:10318000042A38BF2B46022E38BF2B46042F38BFE7
:103190002B46BEF1060F38BF2B4604290360426957
:1031A00022F0070241EA020140F0F280D4E90A531A
:1031B000002B41EA050100F0EB80BCF5005F00F058
:1031C000CD80BCF1000F40F0D580022D00F0D580FD
:1031D000012D00F0C980002D00F0CF80D8E000BFA5
:1031E00020206065032084F835000120BDE8F081CF
:1031F00045F26C41C5F6020188420CD045F280418F
:10320000C5F60201884206D045F29441C5F6020196
:10321000884240F0DB81022184F83510002184F8D7
:1032200034100168A268A2F18003E768B3FA83F35F
:10323000402A4FEA53134FEA83336FF3101108BF4C
:103240001023226941EAD70167691943A36941EA5A
:10325000D201E26941EAD70141EAD3014CF6CD43FC
:1032600041EAD2014AF6F832CAF2FD72276A0244F4
:10327000CCF6CC43A2FB032341EA171101606FF0A7
:10328000030000EA9300E0652046FDF785FEE16D4E
:10329000012201F01F0102FA01F14160206840455E
:1032A00040F3858045F22F41C5F60201884217DCC4
:1032B00040F2B741C4F20201884229DC40F2704179
:1032C000C4F20201884200F0BC8040F28841C4F29E
:1032D0000201884200F0B58040F2A041ACE000BF9E
:1032E00045F26B41C5F60201884223DC45F23041CC
:1032F000C5F60201884200F0A48045F24441C5F6BB
:103300000201884200F09D8045F2584122E000BF52
:1033100040F2B841C4F20201884200F0928045F2C6
:103320000841C5F60201884200F08B8045F21C413D
:1033300010E000BF45F26C41C5F60201884200F082
:10334000808045F29441C5F60201884200F0798000
:1033500045F28041C5F6020170E000BF032D17D889
:10336000DFE805F00E0B0E02A3F1C072B2FA82F292
:10337000520904E0032D03D30AD1C3F300623AB12A
:1033800040206065012084F83500BDE8F08100BF71
:1033900041612046FDF700FEE16D3F2201F01F0173
:1033A00002FA01F18160206840453FF77BAF9F2121
:1033B000C4F20201884211DC5721C4F202018842A2
:1033C00020DC1021C4F2020188423AD02821C4F244
:1033D0000201884235D040212EE000BF40F2274153
:1033E000C4F20201884219DCA021C4F20201884221
:1033F00027D0B821C4F20201884222D040F2104105
:103400001AE000BF5821C4F20201884219D070218D
:10341000C4F20201884214D088210DE040F2284114
:10342000C4F2020188420CD040F24041C4F20201D1
:10343000884206D040F25841C4F20201884240F06E
:10344000E98045F2574C45F6FC01C5F6020CC5F67D
:103450000201604512DC45F22F42C5F6020290429D
:1034600020DC45F20842C5F60202904234D045F213
:103470001C42C5F6020290422ED075E045F27F4212
:10348000C5F6020290421BDC45F25842C5F6020224
:10349000904221D045F26C42C5F6020290421BD008
:1034A00062E000BF45F23042C5F60202904213D0FE
:1034B00045F24442C5F6020290420DD054E000BFEE
:1034C00045F29442C5F60202904205D045F2804290
:1034D000C5F60202904247D16FF007024CF6CD4389
:1034E00052FA80F2CCF6CC43A2FB0323A1F1FC05F7
:1034F000A1F17C061B0905EB830503F01F02A368FD
:103500002566802B4FF0010303FA02F26666A2667D
:1035100004D100206060286072601DE06768FBB223
:10352000013F072F2B60726016D85E1E082E19D23D
:10353000604501F1440239DC45F22F47C5F6020728
:10354000B84245DC45F20847C5F60207B84255D0F7
:1035500045F21C474EE000BF00206067C4E91B0035
:1035600058E000BFE06E50E06FF00F024AF6AB2368
:1035700052FA80F2CAF6AA23A2FB032740F20F43B5
:10358000C4F2020308253A09984203F1AA06134639
:1035900088BF05EB171340F60005B042C4F20205E0
:1035A00005F1800628BF1346A5E700BF45F27F4717
:1035B000C5F60207B84215DC45F25847C5F60207C2
:1035C000B8421BD045F26C4714E000BF402008E62B
:1035D00045F23047C5F60207B8420FD045F24447DE
:1035E00008E000BF45F28047C5F60207B84205D0A3
:1035F00045F29447C5F60207B84213D101EB8300A8
:103600000121E066B1402267616700210160D4E9D1
:103610001C01416000206065012184F83510BDE87F
:10362000F08100BF40F60000C4F2020000F1FC018E
:1036300000F5A072E2E7000090F89830013B012B02
:103640000ED80068836D0B4212D0836D0B408B4205
:1036500016D1C36D43F00203C3658B0514D418E083
:1036600000F19C01012002220B681A430A60704796
:10367000C36D43F00103C3658B0505D409E000BFAA
:103680000323C3658B0504D5D0F8E0301343C0F89D
:10369000E0304B0504D5D0F8E4301A43C0F8E420FC
:1036A0004FF6FF72436DC3F6CF720A401A4342656C
:1036B0008A0F4AF614010020C4F200010B681A4375
:1036C0000A607047000000002DE9F04390F8983040
:1036D000022B19D10668D6F8C03013F07C5F1DD0DC
:1036E000D6F8C4309B0223D4D6F8C4304D68002DE0
:1036F0000D69C3F3044C8B6824D00C682B4323431F
:1037000043F0804E22E000BFD0F89C1041F0080149
:10371000C0F89C100120BDE8F08300BFD0F89C10D9
:1037200041F02001C0F89C100120BDE8F08300BFEB
:10373000D0F89C1041F40071C0F89C100120BDE845
:10374000F08300BF0C682B4343EA844E836ED0F8AD
:103750008450D1E907970CFB03F48B6949EA0767AA
:10376000D1F81480D1F80C901F4305EB840347EA8D
:10377000080745F824E047EA09475F60CF6887B14A
:103780004CF27855083303320024C0F6000500BF20
:10379000171957F8037C1F51CF680434EF5DBC4202
:1037A000F6D3012101FA0CF1C6F8D010C0F894103C
:1037B0000020BDE8F083000070470000000000001A
:1037C00080B590F89820013A012A0BD80A68002A9F
:1037D000CA680FD00B69072A43EA427E18D18B6969
:1037E0001BE000BFD0F89C1041F00201C0F89C1013
:1037F000012080BD072A19D10A69D1F81CC0120422
:103800008B6942EA0C221A4342F0605218E000BF72
:10381000D1F808C04B6943EA8C73006F496800EB2C
:10382000C10240F831E00020536080BD8B68D1F8C0
:1038300010C09B0743EAC2624B6942EA0C421A433A
:103840004968C06E40F82120002080BD00000000C3
:1038500090F898C0BCF1010F0ED19200006842EAC6
:103860000111DDF800C041EA430141EA0C01C0F852
:1038700080100020704700BFD0F89C1041F0040178
:10388000C0F89C1001207047704700000000000045
:10389000FEF7EABA00000000B422402908BFA422C3
:1038A0000068805800F07F007047000000000000B2
:1038B0002DE9F04390F89870022F27D140292FD19D
:1038C0000668D6F8A07017F4FE0F00F0C780D6F88F
:1038D000A4707F0600F0D480D6F8A470D6F8A45067
:1038E000ED01C7F3052E0AD5D6F8A070B7F1FF3F5A
:1038F00005DC0EF10107D6F8A06007EA164E00F1CC
:10390000740400F14405F4463CE000BFD0F89C107C
:1039100041F00801C0F89C100120BDE8F08300BF11
:10392000412925D10668D6F8B07017F4FE0F00F0D3
:103930009580D6F8B4707F0600F0A280D6F8B470F7
:10394000D6F8B450ED01C7F3052E0AD5D6F8B070FD
:10395000B7F1FF3F05DC0EF10107D6F8B06007EACA
:10396000164E00F1780400F14C05F4460AE000BF61
:10397000076D8F4272D900F17C0400F154054FF0BD
:10398000000C8E462D6824680EFB05F504EB850EB1
:1039900054F8257017F08047576054F8257027F0C9
:1039A000604608BFC7F38A46166054F8257007F0D2
:1039B0000057976054F8254004F000441461BEF8A5
:1039C0000440D461BEF8064014F00F04D460DEF861
:1039D000044004F480145461DEF8044004F400143C
:1039E00094619EF8074004F07F041462DEF80440FE
:1039F0004FEAD474546228D04CF278580024C0F6B0
:103A000000080EEB0406651C377A1F55D76818F8B6
:103A10000770BD4219D21F19757A7D70D56818F8E4
:103A20000590A51C4D453FBFB57ABD70D56818F807
:103A300005903CBFE51C4D4507D2F57A0434FD7076
:103A4000D56818F80550AC42DBD3402910D1006886
:103A5000C0F8A8C00020BDE8F08300BFD0F89C10DB
:103A600041F02001C0F89C100120BDE8F08300BFA8
:103A700041290FD10068C0F8B8C00020BDE8F0832C
:103A8000D0F89C1041F48071C0F89C100120BDE872
:103A9000F08300BF1F2909D80068012202FA01F152
:103AA000C0F898100020BDE8F08300BF006801F066
:103AB0001F01012202FA01F1C0F89C100020BDE8AC
:103AC000F0830000000000000068D0F8C40000F09F
:103AD0003F00704700000000704700000000000039
:103AE0002DE9F04F89B004464AF61000C4F20000F8
:103AF00001684AF61400C4F200000268206802EA75
:103B00000108056DD0F85490036D0293436D019345
:103B1000036D0493436D0393036D0893436D079303
:103B2000036D0693436D0593D0F854A0D0F850B0C0
:103B30005FEACA530ED51BF480710BD04FF480712D
:103B400001654AF610010020C4F200010860204619
:103B5000FFF7C2FF05EA09064AF610095FEA4A5074
:103B6000C4F200094FEA887711D51BF480600ED0AB
:103B70002068D0F8DC10D0F8E42011404FF48062C7
:103B800002650020C9F80000204600F0E9FDDDE9EB
:103B9000011000EA010506F4704657B120680021C3
:103BA000016508F00300C9F8000020463946FFF718
:103BB00003FEDDE9031000EA010705F00F0546B139
:103BC0002068314606650020C9F80000204600F054
:103BD000CFFD07F0F00645B12068294605650020B5
:103BE000C9F80000204600F0BBFB46B12068314612
:103BF00006650020C9F80000204600F0B5FB5FEA2A
:103C00000A500CD51BF4006009D020684FF4006105
:103C100001650020C9F80000204600F0ADFD5FEA14
:103C20008A5011D51BF400700ED02068D0F8D8103F
:103C3000D0F8E02011404FF4007202650020C9F86E
:103C40000000204600F090FD5FEA0A300CD51BF41E
:103C5000002009D020684FF4002101650020C9F838
:103C60000000204600F078FB5FEACA300CD51BF458
:103C7000803009D020684FF4803101650020C9F8F8
:103C80000000204600F068FD5FEA4A30DDE90510DB
:103C900000EA01050CD51BF4802009D020684FF400
:103CA000802101650020C9F80000204600F050FD89
:103CB0005FEA8A30DDE9071000EA010005F0607173
:103CC0000FD51BF400320CD022684FF4003313657B
:103CD0000022C9F80020D4F89C2042F08002C4F8E9
:103CE0009C2000F0715539B1206801650020C9F8A9
:103CF00000002046FFF7CCFD206845B10565002196
:103D0000C9F80010D4F89C102943C4F89C10A9F5F8
:103D1000016188420AD0D4F89C00002868D020466F
:103D200009B0BDE8F04FFFF7AFBD00BF6068816824
:103D30008907F0D0016A426A036A476A114003EAC0
:103D4000070202F03005D0F82080D0F82490D0F897
:103D500020B0D0F824A0026A089211F00F01426A44
:103D60000792466A026A069203D00162204600F07A
:103D7000E3FC08EA09072DB1606829460562204680
:103D800000F0E2FC70060BEA0A0607F4C0750ED5D7
:103D9000069810F040000AD060684023C16BC26BE7
:103DA000090C02F03F020362204600F0C9FCDDE985
:103DB000071000EA010706F4FC462DB160682946A9
:103DC0000562204600F0B4FC07F4F02036B16168CB
:103DD0000E62D4F89C103143C4F89C1000289AD08D
:103DE00061680862D4F89C100843C4F89C0092E70C
:103DF00009B0BDE8F08F00002DE9F04F85B0A8B301
:103E00004AF200080446C4F200080068404531D078
:103E100094F89810A9B3816921F01001816100F034
:103E2000ABFD054620688169090705D500F0A4FDB2
:103E3000401B0B28F6D310E0816941F0010181613C
:103E400000F09AFD054600BF20688169C90721D1AD
:103E500000F092FD401B0B28F6D30120D4F89C10F3
:103E60000843C4F89C00032084F89800012005B0A2
:103E7000BDE8F08F08F58071616094F89810002912
:103E8000C9D1002084F89900204600F0B5F92068D7
:103E9000C1E700BF816941F002018161217C826933
:103EA00022F04002012918BF40328261617C8269A0
:103EB00022F48042012908BF02F580428261A17C80
:103EC000826922F48052012918BF02F58052826172
:103ED000816921F44073D4E902120B438361836941
:103EE00023F0A4038361036923F0100303619AB1F3
:103EF000012A0DD0022A09D08369032A43F08003E6
:103F00008361036943F01002026105D1202200E0C1
:103F1000042283691A438261D4E90572E369561E5B
:103F20006FF0FF02256A02EB0323B1F5407F43EAFD
:103F30004663A5F1010646EA030640F20003CFF608
:103F4000FF7303EB074746EA0701C16110D1D4E9CB
:103F50000B65D4E90917013F02EB06226FF00F064B
:103F60003A4306EB05173A4303EB01411143C160A5
:103F7000236E2BB1616ED0F8C0201143C0F8C01081
:103F8000E16DCDE90313D9424CF2B041C0F6000116
:103F900009D0D0F8C820A36E22F0070251F82330D0
:103FA0001A43C0F8C820D4F840A0BAF1000F09D0D5
:103FB000D0F8BC20636C22F0070251F823301A437A
:103FC000C0F8BC20A76C57B1D0F8BC20E36C22F03D
:103FD000700251F8233042EA0312C0F8BC20D4F832
:103FE00050C0BCF1000F0AD0D0F8BC20636D22F4A1
:103FF000E06251F8231042EA0121C0F8BC104045AC
:1040000004D161688A6822F003028A600021C4F842
:104010009410C4F89C10012184F898104FF6FC729B
:10402000D0F88410D4F83C9021EA0203656CD4E9FE
:104030000D120292019543EA8103C0F88430D0F852
:10404000843023F47F0343EA0243C0F884305318DA
:10405000D0F888606FF38F0646EA8306C0F8886060
:10406000D0F8886003EB490326F4FE0646EA0946C9
:10407000C0F88860D0F8A0606FF38F0646EA830628
:10408000C0F8A060D0F8A06005FB0A3326F4FE0655
:1040900046EA0A46C0F8A060D0F8B0606FF38F0619
:1040A00046EA8306C0F8B060D0F8B06026F4FE0699
:1040B00046EA0746C0F8B060E66CD0F8AC506FF343
:1040C0008F0506FB07337E4345EA8305C0F8AC50F5
:1040D000D4F8548008FB0C35D0F8F0306FF38F0320
:1040E00008FB0CFC43EA8503C0F8F030D0F8F0E0A0
:1040F000A36D2EF47C1242EA0342C0F8F02005EBD7
:104100004302D0F8C0506FF38F0545EA8202C0F831
:10411000C020D0F8C020DDF80CB022F47C1242EAB6
:104120000B42C0F8C020019AD0F8C05025F07C5551
:1041300002FB0AFE4AF20002C4F20002DDF810A0FF
:1041400002EB8101029A01F5406145EA0A6501EB43
:104150008207C0F8C05007EBC902A56E02EB8E00C3
:10416000626700EB86060BFB05F2276706EB8C0700
:10417000C4E91E060AFB05F007EBC30303EB82024A
:10418000C4F884304DF2FC33E16602EB8000C4F2E7
:1041900000039842C4F88070C4F88820C4F89000E6
:1041A00002D920205AE600BF814221D20A460020CF
:1041B00042F8040BD4F890309A4215D2486001F1CD
:1041C0000802D4F890309A423FBF0020886001F185
:1041D0000C02D4F8903038BF9A4205D2C860103132
:1041E000D4F890209142E1D305B0BDE8F08F00BF34
:1041F000002005B0BDE8F08F10B586B04DF200424A
:104200000068C4F20002002190420591CDE903113B
:10421000CDE9011136D04AF20041C4F200018842D2
:104220005CD04AF20001C4F20001884240F0918063
:1042300040F2B81144F2E040C2F20041C5F602007B
:104240000A68002A02F101020A6008D1C16841F43B
:104250008071C160C16801F48071009100990168AA
:10426000132441F0010101600068092100F0010000
:10427000009000984FF4C05001900020C5F6020055
:1042800056E000BF40F2B81144F2E040C2F20041F3
:10429000C5F602000A68002A02F101020A6008D18C
:1042A000C16841F48071C160C16801F480710091FE
:1042B000009901689F2441F0080101600068002115
:1042C00000F008000090C5F6020100984FF440503D
:1042D000019001F5406005212AE000BF40F2B811CD
:1042E00044F2E040C2F20041C5F602000A68002A2A
:1042F00002F101020A6008D1C16841F48071C16015
:10430000C16801F48071009100990168142441F0A2
:10431000020101600068002100F002000090C5F673
:10432000020100984FF44050019001F5806009218E
:10433000059101A9022202920022CDE9032200F098
:104340001FFA05210022204600F02EFC204600F036
:104350001BFC06B010BD000070470000000000000C
:10436000FDF792BD00000000704700000000000053
:1043700090F8981001290DD1022180F89810016859
:104380008A6922F001028A610021C0F89C10084667
:10439000704700BFD0F89C1041F00401C0F89C1099
:1043A000012070470000000090F8981002292BD1DE
:1043B000016851F8182F42F001020A600A68D2071A
:1043C00006D10A68D20704BF0A685FEAC27223D026
:1043D0000A6822F010020A600A68120707D50A6804
:1043E000120744BF0A685FEA027200F1CF800A68D0
:1043F00042F002020A600021C0F89410012280F805
:1044000098200846704700BFD0F89C1041F0080182
:10441000C0F89C10012070470A68D20704BF0A68E0
:104420005FEAC272D4D10A68D20704BF0A685FEAA1
:10443000C272CDD10A68D20704BF0A685FEAC272AD
:10444000C6D10A68D20704BF0A685FEAC272BFD148
:104450000A68D20704BF0A685FEAC272B8D10A6864
:10446000D20704BF0A685FEAC272B1D10A68D207F4
:1044700004BF0A685FEAC272AAD10A68D20704BF01
:104480000A685FEAC272A3D10A68D20704BF0A6849
:104490005FEAC2729CD10A68D20704BF0A685FEA69
:1044A000C27295D10A68D20704BF0A685FEAC27275
:1044B0008ED10A68D20704BF0A685FEAC2727FF42D
:1044C00087AF0A68D20704BF0A685FEAC2727FF446
:1044D0007FAF0A68D20704BF0A685FEAC2727FF43E
:1044E00077AF0A68D20704BF0A685FEAC2727FF436
:1044F0006FAF0A68D20704BF0A685FEAC2727FF42E
:1045000067AF0A68D20704BF0A685FEAC2727FF425
:104510005FAF0A68D20704BF0A685FEAC2727FF41D
:1045200057AF0A68D20704BF0A685FEAC2727FF415
:104530004FAF0A68D20704BF0A685FEAC2727FF40D
:1045400047AF0A68D20704BF0A685FEAC2727FF405
:104550003FAF0A68D20704BF0A685FEAC2727FF4FD
:1045600037AF0A68D20704BF0A685FEAC2727FF4F5
:104570002FAF0A68D20704BF0A685FEAC2727FF4ED
:1045800027AF0A68D20700F0C58021E70A68120742
:1045900044BF0A685FEA02727FF529AF0A68120712
:1045A00044BF0A685FEA02727FF521AF0A6812070A
:1045B00044BF0A685FEA02727FF519AF0A68120702
:1045C00044BF0A685FEA02727FF511AF0A681207FA
:1045D00044BF0A685FEA02727FF509AF0A681207F2
:1045E00044BF0A685FEA02727FF501AF0A681207EA
:1045F00044BF0A685FEA02727FF5F9AE0A681207E3
:1046000044BF0A685FEA02727FF5F1AE0A681207DA
:1046100044BF0A685FEA02727FF5E9AE0A681207D2
:1046200044BF0A685FEA02727FF5E1AE0A681207CA
:1046300044BF0A685FEA02727FF5D9AE0A681207C2
:1046400044BF0A685FEA02727FF5D1AE0A681207BA
:1046500044BF0A685FEA02727FF5C9AE0A681207B2
:1046600044BF0A685FEA02727FF5C1AE0A681207AA
:1046700044BF0A685FEA02727FF5B9AE0A681207A2
:1046800044BF0A685FEA02727FF5B1AE0A6812079A
:1046900044BF0A685FEA02727FF5A9AE0A68120792
:1046A00044BF0A685FEA02727FF5A1AE0A6812078A
:1046B00044BF0A685FEA02727FF599AE0A68120782
:1046C00044BF0A685FEA02727FF591AE0A6812077A
:1046D00044BF0A685FEA02727FF589AE0A68120772
:1046E00044BF0A685FEA02727FF581AE0A6812076A
:1046F00044BF0A685FEA02727FF579AE0A68120762
:1047000044BF0A685FEA02727FF571AE0A68120759
:104710007FF56DAED0F89C1041F00101C0F89C10FF
:10472000032180F89810012070470000000000006D
:10473000704700000000000070470000000000000B
:1047400070470000000000007047000000000000FB
:1047500070470000000000007047000000000000EB
:1047600070470000000000007047000000000000DB
:1047700070470000000000007047000000000000CB
:104780002DE9F04F84B08E4642F20042C5F6020297
:104790000A219042DEF8005008BF0921002D009147
:1047A00000F0E68000F12642009902F1FF72002439
:1047B0004FEAB2230126082B4FF0000738BF1946F5
:1047C0004FF00008CDF808E000910DE0DEF8005051
:1047D00008F1010835FA06F107F1020706F10106B2
:1047E00004F1040400F0C480A6F1010A012101FAD9
:1047F0000AF315EA0309E9D0DEF804B00BF003056B
:104800006A1E012A1AD80321D0F808C001FA07FE4F
:1048100002992CEA0E0CDDF808E0CA68BA4042EAB8
:104820000C028260CBF30012D0F804C02CEA030320
:1048300002FA0AF21A4342600CE000BF032D09D1CC
:10484000DEF80820012A05D10325BC4605FA07F247
:10485000D1432FE00321C26801FA07F3022D6FEA6A
:10486000030122EA0302DEF808304FEA480C03FA9B
:1048700007F342EA0302C2601CD101916FF0030109
:1048800001EA5A0204F01C0502440F2101FA05F363
:10489000D2F820B002992BEA0303D1F810E0019975
:1048A0000EFA05F5DDF808E02B431362DEF804B0DC
:1048B0000BF0030502681BF4403F01EA020105FA10
:1048C0000CF241EA020101603FF480AF44F2F4428D
:1048D00040F2084CC5F60202C5F6000C0F2511681F
:1048E00041F002011160116801F0020103912AF008
:1048F0000301039A04F00C0251F80C309540AB43CD
:10490000009D05FA02F21A4341F80C204FF0B04C1A
:10491000DCF80010DEF8042041EA0903D50258BF94
:1049200021EA09039502CCF8003040F2040CC5F6E8
:10493000000CDCF8001041EA090358BF21EA090322
:104940009503CCF80030DCF8801041EA090358BF29
:1049500021EA0903D203CCF88030DCF87C1041EA6C
:10496000090358BF21EA0903CCF87C302EE700BFC9
:1049700004B0BDE8F08F000041F23070C2F2014097
:10498000006870470000000040F2000041F2307102
:10499000C2F20040C2F2014100780A681044086087
:1049A000704700000000000080B5032000F02CF9E3
:1049B00001F0E2F944F218414CF20853C5F6020145
:1049C000C0F600030A68096801F00F01C2F3032270
:1049D000595C9A5C01F01F0102F01F02D04040F2C6
:1049E0000C02C2F2004220FA01F1116040F208010B
:1049F000C2F2004108600F2000F00AF800281CBF36
:104A0000012080BD00F0A8F8002080BD000000005B
:104A1000B0B58AB00F2842D804463620002221467D
:104A2000002500F0C1F8362000F0AEF840F2040096
:104A3000C2F20040046044F2E840C5F6020001689A
:104A400041F010010160006801A900F0100002901F
:104A5000029802A801F0DCF8079C002C18BF012482
:104A600001F02AF94DF68361A040C4F21B3141F2F6
:104A70000002A0FB010140F64420C2F200404FF0CA
:104A8000FF33C4F20002026003EB9141C0E901155B
:104A900040F2E731C0E9031501F092FC10B10120AA
:104AA0000AB0B0BD40F64420C2F2004001F0BCFCA8
:104AB0000AB0B0BD0000000010B54EF6A05E41780F
:104AC000CEF2000E90F800C04EF8081CDEF8001080
:104AD00021F00101CEF8001041684EF8041C017B62
:104AE000C37A827A447B1B0643EA0171837B41EAE5
:104AF000C241C27B41EA8441447A41EA4341007A9F
:104B000041EA024141EA042141EA400040EA0C0046
:104B1000CEF8000010BD00004EF62450CEF200008A
:104B2000BFF35F8F016821F48031016000210167CC
:104B300070470000000000004EF6245140F00100D4
:104B4000CEF200010867086840F480300860BFF3C7
:104B50004F8FBFF36F8F704781B044F2F440002253
:104B6000C5F60200016841F00201016000680F21F2
:104B700000F0020000906FF00100009B01B000F017
:104B800013B8000000000000002848BF704700F084
:104B90001F01012202FA01F14EF200124009CEF289
:104BA000000242F820107047B0B54EF60C5C00F0E1
:104BB0000F05CEF2000C043D6544DCF800304FF0E8
:104BC000FF3CC3F3022E8EF00703042B28BF0423FF
:104BD000BEF1030438BF00240CFA03F3B0F1FF3F29
:104BE00021EA030105F10C0300F160450CFA04F021
:104BF000C8BF05F56443A14022EA00000843000154
:104C00001870B0BD000000004EF60C514FF6FF03C7
:104C1000CEF200010A681A4060F30A2242F0806076
:104C200040F0FD7008607047B0B544F60C05C5F65D
:104C3000020529684907296806D401F00701081A06
:104C400018BF0120B0BD00BF21F007010843286054
:104C5000FFF792FE044600BF55F8080C800407D405
:104C6000FFF78AFE001BB0F57A7FF5D90120B0BDB1
:104C70000020B0BD0000000080B500F0F5FF44F258
:104C800020414CF20852C5F60201C0F60002096844
:104C9000C1F30211515C01F01F01C84080BD00004A
:104CA00080B544F2384EC5F6020E5EF8103C5EF850
:104CB000101CC1F3053C5EF80C1CBCF1000FDEF8C3
:104CC000042015D0C1F30011C2F3CC02514300EE11
:104CD000101A03F003010229B8EE400A0ED089B978
:104CE0005EF8381C890611D49FED361A1CE000BF0F
:104CF00000218160C0E9001180BD00BF9FED301A26
:104D000012E000BF9FED2D1A0EE000BF5EF8381CC8
:104D100049F20002C0F2D032C1F3C10122FA01F11E
:104D200001EE101AB8EE411ADEF800109FED263A97
:104D30006FF35F2102EE101ADEF80010C1F3462176
:104D4000B8EE422A00EE032A00EE10CAB7EE003A8F
:104D5000B8EE400A81EE000A32EE031A02EE101A93
:104D6000B8EE422A20EE010A32EE031A80EE011A52
:104D7000BCEEC11A80ED001ADEF80010C1F3064146
:104D800001EE101AB8EE411A31EE031A80EE011A44
:104D9000BCEEC11A80ED011ADEF80010C1F3066105
:104DA00001EE101AB8EE411A31EE031A80EE010A34
:104DB000BCEEC00A10EE101A816080BD0024744A57
:104DC00020BCBE4B0024744C0000003900000000E1
:104DD00080B544F2404EC5F6020E5EF8183C5EF80F
:104DE000181CC1F3055C5EF8141CBCF1000FDEF862
:104DF000042015D0C1F30021C2F3CC02514300EED0
:104E0000101A03F003010229B8EE400A0ED089B946
:104E10005EF8401C890611D49FED361A1CE000BFD5
:104E200000218160C0E9001180BD00BF9FED301AF4
:104E300012E000BF9FED2D1A0EE000BF5EF8401C8F
:104E400049F20002C0F2D032C1F3C10122FA01F1ED
:104E500001EE101AB8EE411ADEF800109FED263A66
:104E60006FF35F2102EE101ADEF80010C1F3462145
:104E7000B8EE422A00EE032A00EE10CAB7EE003A5E
:104E8000B8EE400A81EE000A32EE031A02EE101A62
:104E9000B8EE422A20EE010A32EE031A80EE011A21
:104EA000BCEEC11A80ED001ADEF80010C1F3064115
:104EB00001EE101AB8EE411A31EE031A80EE011A13
:104EC000BCEEC11A80ED011ADEF80010C1F30661D4
:104ED00001EE101AB8EE411A31EE031A80EE010A03
:104EE000BCEEC00A10EE101A816080BD0024744A26
:104EF00020BCBE4B0024744C0000003900000000B0
:104F00002DE9F0470446C07844F22C480007C5F666
:104F1000020833D5606E4FEA305103290CD8DFE820
:104F200001F003111D2600BFD8F8001041F4003134
:104F3000C8F800101BE000BF01266078C0070BD046
:104F400020E000BF04F10800022102F0E5FA064665
:104F500060B16078C00715D1354646E004F12800FD
:104F6000022102F06DFB06460028F2D1606ED8F8EF
:104F7000241021F440110843C8F82400002660786A
:104F8000C007E9D0A06D04280ED83546DFE800F050
:104F90000412181E1E0000BFD8F80000354640F469
:104FA0000030C8F8000011E00125012760784007B3
:104FB0001FD453E004F10800002102F0ADFA04E030
:104FC00004F12800002102F03BFB05462F461DB1ED
:104FD000607840070DD441E0D8F82400A16D20F09E
:104FE000070000250843C8F82400374660784007CA
:104FF00034D5D4F8A4004FEA705005280CD8DFE867
:1050000000F00311171D1D1DD8F8000040F40030FA
:10501000C8F8000012E000BF0125012660780007F3
:1050200020D455E004F10800002102F075FA04E0F4
:1050300004F12800002102F003FB05462E461DB1B5
:10504000607800070ED443E0D8F82C00D4F8A41000
:1050500020F4600000250843C8F82C003E46607824
:10506000000735D5D4F8A8004FEA306005280DD8E0
:10507000DFE800F00412181E1E1E00BFD8F8000062
:1050800040F40030C8F8000012E000BF01250127FD
:10509000E078800720D44EE004F10800002102F0FF
:1050A0003BFA04E004F12800002102F0C9FA0546A9
:1050B0002F461DB1E07880070ED43CE0D8F82C00D4
:1050C000D4F8A81020F0E06000250843C8F82C00B0
:1050D0003746E07880072ED5E06C4FEA3010032881
:1050E0000ED8DFE800F00903130900BFD8F800006C
:1050F00040F40030C8F800002E467DB912E000BF31
:10510000012501266078C00619D44CE004F108009E
:10511000022102F001FA05462E461DB16078C00654
:105120000DD440E0D8F82000E16C20F030000025DC
:105130000843C8F820003E466078C00633D5E06DCD
:105140004FEA303004280DD8DFE800F00412181EB2
:105150001E0000BFD8F8000040F40030C8F800007E
:1051600012E000BF01250127607880061FD44EE0C1
:1051700004F10800002102F0CFF904E004F1280056
:10518000002102F05DFA05462F461DB160788006C9
:105190000DD43CE0D8F82400E16D20F4E040002577
:1051A0000843C8F824003746607880062FD5206E63
:1051B0004FEA3040052809D8DFE800F0040E140457
:1051C000040400BF2E46ADB918E000BF012501263A
:1051D000607840061FD44FE004F10800012102F07E
:1051E0009BF904E004F12800012102F029FA0546A8
:1051F0002E461DB1607840060DD43DE0D8F824005D
:10520000216E20F4E02000250843C8F824003E4623
:105210006078400630D5D4F8AC004FEA30700528ED
:1052200008D8DFE800F0030D130303032F46ADB9E0
:1052300018E000BF012501276078000620D442E075
:1052400004F10800012102F067F904E004F12800EC
:10525000012102F0F5F905462F461DB160780006E0
:105260000ED430E0D8F82C00D4F8AC1020F0E04098
:1052700000250843C8F82C0037466078000622D580
:10528000E06E58B1B0F1005F0CD0B0F1805F2FD16B
:10529000D8F8000040F40030C8F800002E469DB950
:1052A00008E000BF04F10800012102F035F90546CD
:1052B0002E464DB9D8F82400E16E20F0405000256C
:1052C0000843C8F824003E46E078C00733D0A06CFD
:1052D000032813D8DFE800F008021A08D8F8000005
:1052E00040F40030C8F80000A946BDB91AE000BF7C
:1052F00001250126E078C007E9D11CE001254FF027
:105300000109A07840061AD51CE000BF04F108008E
:10531000022102F001F90546A9461DB1A078400618
:105320000DD50FE0D8F82000A16C20F00300002577
:105330000843C8F82000B146A078400602D44F4682
:1053400018E000BFD8F8D40340F48070C8F8D40344
:10535000FFF712FB064600BFD8F8D403C00507D4F8
:10536000FFF70AFB801B6428F6D90325032701E019
:105370002F468DB12078C00761D0A06F4FEAF000B2
:1053800005283BD8DFE800F004404604040400BFD1
:10539000002D2E4646D149E0D8F84410D4F8B0008C
:1053A000414011F4407F11D0D8F84410D8F844207F
:1053B00042F48032C8F84420D8F8442021F44071E7
:1053C00022F48032C8F84420C8F84410B0F5807F39
:1053D00040F0CE82FFF7D0FA064641F2883A032524
:1053E000032700BFD8F84400800700F1BF82FFF711
:1053F000C3FA801B5045F5D9BCE700BF0125012643
:10540000207880071FD44CE004F10800012102F04D
:1054100083F804E004F12800012102F011F90546A7
:105420002E461DB1207880070DD43AE0D8F8280028
:10543000A16F20F0380000250843C8F828003E4638
:10544000207880072DD5606F052809D8DFE800F0A7
:10545000040E1404040400BF2F46ADB918E000BFC9
:1054600001250127207840071FD44DE004F10800F2
:10547000012102F051F804E004F12800012102F0BA
:10548000DFF805462F461DB1207840070DD43BE0DC
:10549000D8F82800616F20F0070000250843C8F8FD
:1054A00028003746207840072ED5D4F890000528EC
:1054B00008D8DFE800F0030D130303032E46ADB94F
:1054C00018E000BF012601252078800620D451E095
:1054D00004F10800012102F01FF804E004F12800A3
:1054E000012102F0ADF805462E461DB12078800658
:1054F0000ED43FE0D8F82C00D4F8901020F007002C
:1055000000250843C8F82C003E462078800631D597
:10551000D4F88C004FEA3070052809D8DFE800F095
:10552000040E1404040400BF2F46ADB918E000BFF8
:10553000012701252078400620D451E004F108001D
:10554000002101F0E9FF04E004F12800022102F04B
:1055500077F805462F461DB1207840060ED43FE06F
:10556000D8F82800D4F88C1020F0E040002508433B
:10557000C8F8280037462078400631D5D4F898007E
:105580004FEAB020052809D8DFE800F0040E140423
:10559000040400BF2E46ADB918E000BF0126012566
:1055A0002078000620D454E004F10800002101F026
:1055B000B3FF04E004F12800022102F041F805469F
:1055C0002E461DB1207800060ED442E0D8F82C00FB
:1055D000D4F8981020F4E05000250843C8F82C00B7
:1055E0003E462078000634D5D4F89C004FEA70304F
:1055F00005280FD8DFE800F004141A04040400BFE3
:105600002F46E5B12068010727D4C1063ED4000328
:1056100055D475E00127012520680107F5D51CE068
:1056200004F10800002101F077FF04E004F12800F4
:10563000022102F005F80546002D2F46E2D1D8F8E8
:105640002C00D4F89C1020F4604000250843C8F8D2
:105650002C00374620680107D7D5D4F88000B0F574
:10566000805F09D104F12800022101F0E9FF002840
:1056700018BF0127D4F88000D8F8281021F4405131
:105680000843C8F828002068C106C0D5D4F89400A3
:10569000B0F5807F09D104F12800022101F0D0FF8C
:1056A000002818BF0127D4F89400D8F82C1021F452
:1056B00040710843C8F82C002068000320D5D4F8B6
:1056C000A000B0F5003F0FD0B0F5803F06D078BB0A
:1056D00004F10800002101F01FFF04E004F128009C
:1056E000022101F0ADFF05462E4655B9D8F82C0031
:1056F000D4F8A01020F4403000250843C8F82C004E
:105700003E46A07840072BD5D4F88400B0F5401F62
:105710000BD0B0F5001F11D0B0F5801F2AD1D8F8FA
:10572000000040F40030C8F800002F46CDB90DE06D
:1057300001260125A0784007E6D411E004F12800F5
:10574000012101F07DFF05462F4655B9D8F8280004
:10575000D4F8841020F4401000250843C8F828002D
:105760003746A078C0070AD13E462168880016D582
:1057700033E000BF01270125A078C007F4D0206DD9
:10578000B0F5803F10D018BBD8F8000040F40030CE
:10579000C8F800002E4685B1216888001DD46068D5
:1057A0008A0326D465E000BF04F10800022101F05D
:1057B000B3FE0546002D2E46EED1D8F82000216D0F
:1057C00020F4803000250843C8F82000CCE700BF53
:1057D0000126012521688800E1D504F12800022175
:1057E00001F02EFF002818BF0126D4E900108A031B
:1057F0003FD5E26F6FF0010303EB3223022B0BD393
:105800004FEA322343B1012B40F0AA80D8F8003090
:1058100043F40033C8F8003025B3CA022CD48A02FE
:1058200034D44A003CD4CA0F49D1090251D4C1072B
:105830005AD1810763D441076CD4010776D4C106DD
:1058400000F18080800607D504F12800022101F0D4
:10585000F7FE002818BF0125002D18BF0125284696
:10586000BDE8F087D8F8283023F440731A43C8F80D
:1058700028203546CA02D2D5D8F82420236F22F03A
:1058800000421A43C8F824208A02CAD5D8F8242036
:10589000A36E22F080721A43C8F824204A00C2D5B1
:1058A00058F81C2C22F4004248F81C2CD4F8B420E0
:1058B00058F81C3C1A4348F81C2CCA0FB5D0D8F82D
:1058C0002020636D22F040521A43C8F820200902BC
:1058D000ADD5D8F82810D4F8882021F44001114320
:1058E000C8F82810C107A4D004F10800002101F075
:1058F00013FE002818BF0546606881079BD504F198
:105900000800012101F008FE002818BF0546606864
:10591000410792D504F10800022101F0FDFD0028A5
:1059200018BF0546606801077FF589AF04F12800BC
:10593000002101F085FE002818BF05466068C106F9
:105940007FF580AF04F12800012101F079FE0028E5
:1059500018BF0546606880067FF57EAF74E700BF1C
:105960000125CA027FF55BAF86E700BFD4F8B0001F
:105970004FF6CF7358F81C2CC0F2FF0300F44071AF
:1059800022F47C5203EA10136FF31F30B1F5407F0D
:1059900008BF1A43002548F81C2CD8F844100843C7
:1059A000C8F84400FFF7CBBC2DE9F04381B00028D4
:1059B00000F02A8142F200080446C5F20028894618
:1059C000D8F8000000F00F0088420ED2D8F800008E
:1059D00020F00F0040EA0900C8F80000D8F80000E5
:1059E00000F00F00484540F00F81206844F218474E
:1059F0004107C5F602070AD521693A6802F070022C
:105A0000914204D93A6822F07002114339600107CB
:105A10000AD561697A6802F07002914204D97A6805
:105A200022F0700211437960C1060AD5A1697A6833
:105A300002F4E062914204D97A6822F4E0621143F0
:105A4000796081060AD5E169BA6802F07002914274
:105A500004D9BA6822F070021143B96010F0020153
:105A60000AD0E2683B6803F00F039A4204D93B680E
:105A700023F00F031A433A60C20746D0386820F477
:105A80007061D4E90102012841EA0201396009D0BC
:105A900003280DD0022811D157F8181C890340F1B2
:105AA000B38010E057F8181CC90540F1AD800AE03A
:105AB00057F8181C890140F1A78004E057F8181C1A
:105AC000490740F1A18057F8081C21F0070108435D
:105AD00047F8080CFEF750FF064641F2883500BF34
:105AE00057F8080C616800F03800B0EBC10F09D01E
:105AF000FEF742FF801BA842F2D9032001B0BDE8A7
:105B0000F08300BF206800F0020151B1E1683A68FB
:105B100002F00F02914204D23A6822F00F021143C0
:105B20003960D8F8001001F00F0149450DD9D8F8B7
:105B3000001021F00F0141EA0901C8F80010D8F85F
:105B4000001001F00F0149455ED141070AD52169D6
:105B50003A6802F07002914204D23A6822F0700270
:105B60001143396001070AD561697A6802F0700251
:105B7000914204D27A6822F0700211437960C10622
:105B80000AD5A1697A6802F4E062914204D27A6887
:105B900022F4E0621143796080060AD5E069B968B1
:105BA00001F07001884204D2B96821F07001084305
:105BB000B86000F0E1F839684CF208533A68C0F672
:105BC0000003C1F3032102F00F02595C9A5C01F05B
:105BD0001F0120FA01F102F01F0040F20C0221FA2D
:105BE00000F0C2F20042106040F2040040F20802ED
:105BF000C2F20040C2F200420068116001B0BDE88C
:105C0000F043FEF705BF00BF012001B0BDE8F083FF
:105C10003F22026044F21842C5F6020252F8083CE4
:105C200003F007034360136803F470638360136831
:105C300003F00F03C360136803F07003036153683C
:105C400003F070034361536803F4E0638361926877
:105C500002F07002C26142F20000C5F2002000684A
:105C600000F00F000860704780B500F085F844F23E
:105C700018414CF20853C5F60201C0F600030A6849
:105C8000096801F00F01C2F30322595C9A5C02F02B
:105C90001F0220FA02F201F01F0040F20C0122FA6A
:105CA00000F0C2F20041086040F20801C2F2004177
:105CB0000A6080BD0000000080B500F05DF844F28D
:105CC000184C4CF20851C5F6020CC0F60001DCF885
:105CD0000020DCF8003003F00F03C2F30322CB5C9A
:105CE0008A5C02F01F02D04003F01F0240F20C0356
:105CF00020FA02F2C2F200431A6040F20803C2F234
:105D000000431860DCF80400C0F30210085C00F0E7
:105D10001F0022FA00F080BD80B500F02DF844F29B
:105D2000184C4CF20851C5F6020CC0F60001DCF824
:105D30000020DCF8003003F00F03C2F30322CB5C39
:105D40008A5C02F01F02D04003F01F0240F20C03F5
:105D500020FA02F2C2F200431A6040F20803C2F2D3
:105D600000431860DCF80400C0F30220085C00F077
:105D70001F0022FA00F080BD44F20041C5F6020186
:105D80000869C0F3C200032810D002282CD088BBB9
:105D90000868800649F20000C0F2D03058BF704752
:105DA0000968C1F3C101C840704700BF8A6A886AA8
:105DB000C0F3051CC86ABCF1000F4B6B20D0C3F3C5
:105DC000CC0300F00100584302F00302022A00EE67
:105DD000100AB8EE400A15D0C2B90868800619D476
:105DE0009FED281A23E000BF47F64000C0F27D1067
:105DF000704700BF40F60010C0F23D00704700BF82
:105E0000002070479FED1E1A11E000BF9FED1B1A86
:105E10000DE000BF086849F20002C0F2D032C0F3C2
:105E2000C10022FA00F001EE100AB8EE411A086B28
:105E30009FED153A6FF35F2002EE100A086BC0F376
:105E40004620B8EE422A013000EE032A00EE10CAC6
:105E5000B7EE003AB8EE400A81EE000A32EE031ABD
:105E600020EE010A01EE100AB8EE411A80EE010A96
:105E7000BCEEC00A10EE100A704700BF0024744A3E
:105E800020BCBE4B0024744C000000390000000010
:105E9000F0B581B0002800F0D5800446007844F2C7
:105EA0000046C007C5F6020622D12078800768D5D3
:105EB000306910F03801B06A42D0182908BF5FEA93
:105EC00080703DD0E0683168002800F0258121F025
:105ED000190108433060FEF74FFD05463068400762
:105EE00048D4FEF749FD401B0228F7D977E100BFEF
:105EF000306900F03801B06A102905D018290BD19B
:105F000000F00300022807D130688003CDD5606817
:105F10000028CAD196E000BF6068002800F03281F6
:105F2000B0F5A02F00F04681B0F5803F00F046812B
:105F3000306820F480303060306820F4802040E108
:105F400030684007E06801D500287BD0316821F037
:105F5000190108433060FEF70FFD05463068400721
:105F600008D4FEF709FD401B02284FF00300F5D9C5
:105F700001B0F0BD7068216920F0FE4040EA016088
:105F800070602078C00619D5306900F03801B06A19
:105F9000082906D0182940F0818000F0030001286C
:105FA0007CD13068C00502D5E06980284AD1F0680C
:105FB000216A20F07C5040EA0160F0602078000700
:105FC00044D42078800655D42078400700F17E80A4
:105FD000656A9DB3306900F03800182840F01481DC
:105FE000012DB16A306B2DD001F00302A36A9A42F1
:105FF00028D1C1F30511E26A914223D10146226BF7
:106000006FF35F21013A91421CD1C0F34622616BCC
:1060100001398A4216D1C0F30642A16B01398A4286
:1060200010D1C0F30660E16B013988420AD1706B70
:10603000A16CC0F3CC00814240F09C81002001B0F3
:10604000F0BD00BF012001B0F0BD00BF60690028B5
:10605000706F4FD040F001007067FEF78DFC054671
:10606000706F8007ADD4FEF787FC401B0228F7D97C
:10607000B5E000BFA0690028306871D040F48050BE
:106080003060FEF779FC0546306880049CD4FEF74A
:1060900073FC401B0228F7D9A1E000BFE06900288B
:1060A000306800F09F8040F080003060FEF764FCB4
:1060B000054600BF3068C0053FF579AFFEF75CFCD0
:1060C000401B02284FF00300F4D951E7D6F8000432
:1060D00040F48070C6F80004FEF74EFC054600BF91
:1060E000D6F80004C00529D4FEF746FC401B6428FE
:1060F000F6D974E020F001007067FEF73DFC05461C
:10610000706F80077FF55DAFFEF736FC401B0228FD
:106110004FF00300F4D92BE721F001003060FEF7C7
:106120002BFC0546306840077FF52BAFFEF724FCBB
:10613000401B02284FF00300F4D919E7A06800289B
:1061400000F08480052800F09B80012800F09C80EE
:10615000306F20F001003067306F20F0040096E0CF
:1061600020F480503060FEF707FC0546306880045C
:106170007FF52AAFFEF700FC401B02284FF003001A
:10618000F4D9F5E6306820F480303060306820F4CF
:1061900080203060FEF7F0FB054600BF30688003CA
:1061A0007FF583AEFEF7E8FB401B64284FF0030049
:1061B000F4D9DDE6306840F480203060306840F487
:1061C00080303060FEF7D8FB054600BF30688003A2
:1061D0003FF56BAEFEF7D0FB401B6428F6D90320D9
:1061E00001B0F0BD20F080003060FEF7C5FB054631
:1061F0003068C0057FF5E2AEFEF7BEFB401B02280B
:106200004FF00300F4D9B3E6306820F080703060BE
:10621000FEF7B2FB022D05460CD100BF30688001AD
:1062200048D5FEF7A9FB401B02284FF00300F5D923
:106230009EE600BF306880017FF500AFFEF79CFB53
:10624000401B02284FF00300F4D991E6306F20F094
:1062500001003067306F20F004003067FEF78CFBE0
:10626000054641F28837306F80077FF5B1AEFEF703
:1062700083FB401BB8424FF00300F4D978E600BF1F
:10628000306F40F004003067306F40F0010030673D
:10629000FEF772FB054641F2883700BF306F80077A
:1062A0003FF596AEFEF768FB401BB8424FF0030087
:1062B000F4D95DE604F12807B06A40F2F33188436F
:1062C0008ECF0843591E40EA02104FF47E426FF30E
:1062D0005F21B06202EB47204FF4FE0280B2E36B15
:1062E0000844A16B02EB01414FF0FE4201F4FE01B4
:1062F00002EB0362084402F0FE4108443063F06A96
:106300004FF6F87120F00100F062706BA26C8843C8
:1063100040EAC2007063F06A216C20F00C00084370
:10632000F062F06A616C20F002000843F062F06AEB
:1063300040F48030F062F06A40F40030F062F06ABD
:1063400040F48020F062F06A40F00100F0623068B2
:1063500040F080703060FEF70FFB0446306880012B
:106360003FF56CAEFEF708FB001B02284FF0030060
:10637000F4D9FDE5F06A20F00100F062FEF7FCFAC6
:106380000546FEF7F9FAA842FBD0706B4FF6F8719C
:10639000A26C884340EAC2007063F06A40F00100DA
:1063A000F062002001B0F0BD704700000000000066
:1063B000704700000000000070470000000000006F
:1063C00060B310B5044690F83D0028B9002084F869
:1063D0003C00204600F024F8022084F83D002068AC
:1063E000211D02F0E1FC012084F8480084F83E0001
:1063F00084F83F0084F8400084F8410084F84200AB
:1064000084F8430084F8440084F8450084F846008A
:1064100084F8470084F83D00002010BD012070473B
:10642000704700000000000090F83D10012927D1BE
:10643000022180F83D1001684DF6FF70C4F20000A3
:106440008142C86840F00100C8601BDC40F2FF7068
:10645000C4F2000081422DDD40F60000C4F20000CD
:1064600081423DD040F60040C4F20000814237D066
:1064700041F60000C4F20000814231D03CE000BF90
:10648000012070474FF6FF70C4F2000081421BDD0F
:106490000020C4F20100814222D044F20000C4F284
:1064A000010081421CD040F20040C4F20100814250
:1064B00016D021E0B1F1804F12D040F20040C4F27A
:1064C000000081420CD017E04EF20000C4F2000040
:1064D000814205D04EF20040C4F2000081420BD14F
:1064E00007228868C0F2010202400020062A18BF75
:1064F000B2F5803F00D17047086840F001000860A5
:1065000000207047000000007047000000000000FD
:10651000F0B581B004460068C5680669B10717D5B3
:1065200015F0020114D06FF0020101610121217701
:106530008069800704D02046FFF7E6FF06E000BF31
:10654000204600F09DF8204600F09EF800202077BD
:10655000700719D515F0040016D020686FF00401FB
:10656000016102212177806910F4407F04D0204628
:10657000FFF7CAFF06E000BF204600F081F8204682
:1065800000F082F800202077300717D515F00800BA
:1065900014D020686FF00801016104212177C069DF
:1065A000800703D02046FFF7AFFF05E0204600F04C
:1065B00067F8204600F068F800202077F00619D52B
:1065C00015F0100016D020686FF01001016108214D
:1065D0002177C06910F4407F04D02046FFF794FF74
:1065E00006E000BF204600F04BF8204600F04CF8D3
:1065F00000202077F00718BF15F0010006D02068B2
:106600006FF001010161204600F042F805F08007BB
:1066100016F4025F18BF002F02D1F00509D410E074
:1066200020686FF4025101612046FFF7C1FEF005BA
:1066300007D537B120686FF4807101612046FFF7FC
:10664000B3FE700609D515F0400006D020686FF043
:1066500040010161204600F027F8B0060CD515F086
:10666000200009D020686FF020010161204601B0B0
:10667000BDE8F040FFF7A0BE01B0F0BD0000000093
:10668000704700000000000070470000000000009C
:1066900041F200010068C4F20001884218BF70474F
:1066A000FEF772B900000000704700000000000013
:1066B00090F88410012901D1022070472421C0F8EC
:1066C000881002681368116823F0005321F001015B
:1066D00011600021416613602022C0F8882080F8F4
:1066E000841008467047000070470000000000005A
:1066F000704700000000000070B590F88420012A67
:1067000002D1022070BD00BF2422C0F88820026898
:10671000D0F864E0BEF1000FD2F800C0136823F097
:1067200001031360936823F0606341EA0301916001
:106730001AD091684CF2885E9368C0F6000E5B0F29
:106740004CF29055C1F34266C0F600051EF80340B6
:10675000E95C2301B3FBF1F11EF80630AE5D1B01CD
:10676000B3FBF6F302E000BF01210123A0F86A1099
:106770002021A0F86830C2F800C0C0F888100021BD
:1067800080F88410084670BD70B590F88420012A06
:1067900002D1022070BD00BF2422C0F88820026808
:1067A000D0F864E0BEF1000FD2F800C0136823F007
:1067B00001031360936823F0604341EA0301916091
:1067C0001AD091684CF2885E9368C0F6000E5B0F99
:1067D0004CF29055C1F34266C0F600051EF8034026
:1067E000E95C2301B3FBF1F11EF80630AE5D1B013D
:1067F000B3FBF6F302E000BF01210123A0F86A1009
:106800002021A0F86830C2F800C0C0F8881000212C
:1068100080F88410084670BD70470000000000003A
:1068200070470000000000007047000000000000FA
:1068300070B50446006840F62F01C2691140202956
:10684000016886680CD101F0200306F080555B19C1
:1068500018D0616F002957D02046BDE87040084726
:1068600040F60F031A420DD0012340F22015C1F269
:106870000003C0F2004506EA030C01EA050313EB2E
:106880000C0343D1E36E012B05D112F0100318BFA6
:1068900011F0100326D1D3020AD516F4800307D0D5
:1068A0004FF4801101622046BDE87040FFF7B8BF89
:1068B000130606D501F0800306F400069B1940F08C
:1068C000DD80530602D511F0400342D1100240F1A1
:1068D000E58011F0804000F0E1802046BDE8704086
:1068E000FFF79ABF102101628168490618D4B4F8F5
:1068F0005C10B4F85E20B4F85E30002B1CBF891A1F
:106900005FEA014240F05D8170BD00BFD30718BF50
:1069100011F480734ED1930706F0010E56D460E057
:10692000D4F880C0DCF800104B68B4F85C2099B251
:10693000002900F0A980914280F0A680A4F85E3082
:10694000DCF81C10B1F5807F00F0A882FFE100BFE9
:10695000206850E8000F216820F0400041E8000264
:10696000EAB1206850E8000F216820F0400041E8BB
:106970000002A2B1206850E8000F216820F040001A
:1069800041E80002002A1FBF206850E8000F21687C
:1069900020F040001CBF41E80002002AD8D120208E
:1069A000C4F888000020A0672046BDE8704000F0D1
:1069B000BBBB00BF01230362D4F8903043F0010356
:1069C000C4F89030930706F0010E0AD5BEF1000F0F
:1069D00007D002230362D4F8903043F00403C4F8D4
:1069E000903053070AD5BEF1000F07D0042303628D
:1069F000D4F8903043F00203C4F8903013070CD55C
:106A000001F0200353EA0C0307D008230362D4F8F3
:106A1000903043F00803C4F8903013050BD511F003
:106A2000806308D04FF400630362D4F8903043F0E1
:106A30002003C4F89030D4F89030002B3FF464AFBA
:106A400012F020020AD001F0200106F080528918CD
:106A500004D0616F11B1204688472068D4F89010A7
:106A6000826802F0400201F02801891823D12046F3
:106A7000FFF7DAFE0020C4F8900070BDA16F002976
:106A80007FF4EAAE40E700BF8A427FF43DAFDCF816
:106A90001C00B0F5807F7FF437AF0FE1D0017FF5A8
:106AA00033AFB1F1FF3FC8BF70BD2046BDE87040B5
:106AB000FFF71EBE206850E8000F216820F4907098
:106AC00041E80002EAB1206850E8000F216820F494
:106AD000907041E80002A2B1206850E8000F2168E0
:106AE00020F4907041E80002002A1FBF206850E89F
:106AF000000F216820F490701CBF41E80002002ABA
:106B0000D8D14FF6FE70CEF6FF70216851E8021F13
:106B10002268014042E80213DBB1216851E8021FFC
:106B20002268014042E80213002B1FBF216851E890
:106B3000021F226801401CBF42E80213002B08D04C
:106B4000216851E8021F2268014042E80213002B2D
:106B5000DBD1E06E012827D1206850E8000F2168C2
:106B600020F0100041E80002F2B1206850E8000F68
:106B7000216820F0100041E80002002A1FBF2068B1
:106B800050E8000F216820F010001CBF41E800020F
:106B9000002A09D0206850E8000F216820F010007A
:106BA00041E80002002AD7D12020C4F88C0000213F
:106BB000E166206861678168490640F1C18086E02E
:106BC000206850E8000F226820F4907042E800032B
:106BD000EBB1206850E8000F226820F4907042E882
:106BE0000003A3B1206850E8000F226820F49070E1
:106BF00042E80003002B1FBF206850E8000F226806
:106C000020F490701CBF42E80003002BD8D14FF64F
:106C1000FE70CEF6FF70226852E8022F2368024011
:106C200043E80226DEB1226852E8022F23680240C0
:106C300043E80226002E1FBF226852E8022F236875
:106C400002401CBF43E80226002E08D0226852E80A
:106C5000022F2368024043E80226002EDBD12020C9
:106C6000C4F88C000020E0666067206850E8000FE0
:106C7000226820F0100042E80003F3B1206850E8D9
:106C8000000F226820F0100042E80003002B1FBF15
:106C9000206850E8000F226820F010001CBF42E876
:106CA0000003002B09D0206850E8000F226820F074
:106CB000100042E80003002BD7D189B202202067E0
:106CC0002046BDE87040FFF70FBD00BF206850E8C8
:106CD000020F216820F0400041E80202EAB120687A
:106CE00050E8020F216820F0400041E80202A2B102
:106CF000206850E8020F216820F0400041E80202BD
:106D0000002A1FBF206850E8020F216820F04000D1
:106D10001CBF41E80202002AD8D1D4F8800078B123
:106D200049F27911C0F600010165FBF7C9FB0028A3
:106D30003FF4EAADD4F88000016DBDE8704008472B
:106D40002046BDE87040FFF76FBD00BF206850E8E7
:106D5000000F216820F4807041E80002EAB1206849
:106D600050E8000F216820F4807041E80002A2B1D1
:106D7000206850E8000F216820F4807041E800028C
:106D8000002A1FBF206850E8000F216820F480709F
:106D90001CBF41E80002002AD8D1206850E8020F49
:106DA000216820F0010041E80202F2B1206850E8B9
:106DB000020F216820F0010041E80202002A1FBFF3
:106DC000206850E8020F216820F001001CBF41E854
:106DD0000202002A09D0206850E8020F216820F042
:106DE000010041E80202002AD7D1206850E8020FD2
:106DF000216820F0400041E80202F2B1206850E82A
:106E0000020F216820F0400041E80202002A1FBF63
:106E1000206850E8020F216820F040001CBF41E8C4
:106E20000202002A09D0206850E8020F216820F0F1
:106E3000400041E80202002AD7D12020C4F88C008B
:106E40000020E066206850E8000F216820F0100064
:106E500041E80002F2B1206850E8000F216820F0FC
:106E6000100041E80002002A1FBF206850E8000F10
:106E7000216820F010001CBF41E80002002A09D060
:106E8000206850E8000F216820F0100041E800025F
:106E9000002AD7D1D4F88000FBF77AF802202067C7
:106EA000B4F85C00B4F85E10401A81B22046BDE828
:106EB0007040FFF719BC000010B5E0B10446D0F8EF
:106EC000880028B9002084F88400204600F028F8C3
:106ED0002420C4F888002068A16A0268002922F0F2
:106EE0000101016002D0204602F01AF8204602F0AB
:106EF00047F9012802D1012010BD00BF2068416878
:106F000021F490414160816821F02A01816001688B
:106F100041F0010101602046BDE8104002F070B868
:106F20002DE9F041B6B0044602A80830B021002691
:106F30003196CDE93466CDE93266F9F722FB44F2A9
:106F400000412068C4F20001884279D041F200017A
:106F5000C4F20101884240F0E1800120029002A8C1
:106F600000260396FDF7CCFF08B1FAF729FF44F29B
:106F7000E04040F21008C5F60200C4F202080169C0
:106F800041F010010161016901F0100101910199C5
:106F9000016841F0020101600068002100F0020078
:106FA0000190C5F6020101984FF440403190022053
:106FB0003496CDE932060420359001F5806031A980
:106FC000FDF7DEFB40F2846508F13000C2F20045B7
:106FD0004FF4806728602920C5E901064FF48070CE
:106FE000E8614FF44030EE60C5E908062846AE611E
:106FF000C5E90476FBF7E0FF08B1FAF7E1FEC4F853
:10700000805008F14800AC6340F2FC65C2F20045D4
:107010004FF4003128602A2068604020A8600020DA
:10702000C5E90307C5E90500E861C5E90810284678
:10703000FBF7C2FF00284FF0250663D164E000BFD4
:1070400044F2E04040F21008C5F60200C4F2020823
:10705000816841F400318160816801F4003101915F
:107060000199016841F001010160006831A900F057
:107070000100019001980C2031900220CDE93206E8
:107080000720359000203496C5F60200FDF778FB06
:1070900040F274752B20C2F200454FF48067C5E9B9
:1070A00001064FF48070E8614FF44030C5F800806D
:1070B000C5E908062846EE60C5E90476AE61FBF72F
:1070C0007BFF08B1FAF77CFEC4F8805008F1180085
:1070D000AC6340F2EC75C2F200454FF40031286019
:1070E0002C2068604020A8600020C5E90307C5E99E
:1070F0000500E861C5E908102846FBF75DFF4FF081
:10710000260608B1FAF75CFE052100223046E56745
:10711000AC63FDF749FD3046FDF736FD36B0BDE8FE
:10712000F081000000000000704700000000000037
:10713000FEE700000000000080B582B044F2D840B5
:107140000022C5F60200016841F0010101600068FB
:10715000052100F00100019001980B20FDF724FDAE
:107160000B20FDF711FD0C2005210022FDF71CFD71
:107170000C20FDF709FD0D2005210022FDF714FD6F
:107180000D20FDF701FD0E2005210022FDF70CFD6D
:107190000E2002B0BDE88040FDF7F6BC0000000004
:1071A00080B540F664004AF20001C2F20040C4F229
:1071B000000101220E2301600021C0E902110282B8
:1071C00005228174C0E90522C0E90732C0E909221D
:1071D000C0E90B32C0E90D110822C263202202640B
:1071E0000422C165C0E91121C0E91321C0E91521BC
:1071F00010238266C0E91831FCF7FEFD002808BFA5
:1072000080BDBDE88040FAF7DBBD00000000000053
:1072100080B540F604104AF20041C2F20040C4F2C8
:10722000000101220E2301600021C0E90211028247
:1072300005228174C0E90522C0E90732C0E90922AC
:10724000C0E90B32D022C165C0E90D210822C2631A
:107250002022026404221023C0E91121C0E9132175
:10726000C0E91521C0E918318266FCF7C5FD002888
:1072700008BF80BDBDE88040FAF7A2BD0000000055
:1072800080B540F6A4104DF20041C2F20040C4F2B5
:10729000000101220E2301600021C0E902110282D7
:1072A00005228174C0E90522C0E90732C0E909223C
:1072B000C0E90B324FF4D07242630822C165C0E9C5
:1072C0000E212022026404221023C0E91121C0E90A
:1072D0001321C0E91521C0E918318266FCF78CFD45
:1072E000002808BF80BDBDE88040FAF769BD0000F6
:1072F00010B548F689304CF23052C0F60000C0F6A6
:107300000002002103F078F840F278044CF2E452D5
:10731000C2F20044C0F600020021206048F6A93005
:10732000C0F6000003F068F8606048F699304CF24F
:107330005452C0F60000C0F60002002103F05CF8D1
:10734000A06010BD0000000081B044F2E040C5F62E
:107350000200016841F080010160016801F08001D4
:1073600000910099016841F001010160016801F09C
:10737000010100910099016841F00201016001687A
:1073800001F0020100910099016841F008010160DB
:10739000006800F008000090009801B070470000FD
:1073A00080B540F6902041F20001C2F20040C4F2E4
:1073B00001010C2201604FF4612141600021C0E90C
:1073C00002110161C0E90521C0E90711C0E90911F5
:1073D000FFF772FD08B1FAF7F3FC40F690200021A8
:1073E000C2F20040FFF7D0F908B1FAF7E9FC40F625
:1073F00090200021C2F20040FFF77EF908B1FAF7B1
:10740000DFFC40F69020C2F20040FFF751F900285F
:1074100008BF80BDBDE88040FAF7D2BC0000000084
:1074200080B540F6243044F20041C2F2004048F2F8
:107430008042C4F20001C0F21E02C0E90012002125
:107440000161C0E902110C22C0E90521C0E9071160
:10745000C0E90911FFF730FD08B1FAF7B1FC40F6B9
:1074600024300021C2F20040FFF78EF908B1FAF78C
:10747000A7FC40F624300021C2F20040FFF73CF99F
:1074800008B1FAF79DFC40F62430C2F20040FFF745
:107490000FF9002808BF80BDBDE88040FAF790BC16
:1074A000FEE7000000000000FEE700000000000012
:1074B000EFF30980BFF36F8F154B1A681EF0100FA2
:1074C00008BF20ED108A20E9F04F10602DE9090077
:1074D0004FF0500080F31188BFF34F8FBFF36F8FD1
:1074E00004F02EF94FF0000080F31188BDE8090088
:1074F00019680868B0E8F04F1EF0100F08BFB0EC34
:10750000108A80F30988BFF36F8F704700BF00BFF8
:10751000300D002400000000F0B581B044F22C478B
:10752000C5F6020757F8042C02F00302032A03D120
:10753000012001B0F0BD00BF054657F82C0C0C46E9
:1075400020F0806047F82C0CFDF716FA064600BFC5
:1075500057F82C0C000105D5FDF70EFA801B022808
:10756000F6D964E057F8040CEE6895E80E0020F4B4
:107570007C30012C40EA0130A2F101016FF35F2160
:107580004FF47E4202EB432247F8040C92B24FF0D4
:10759000FE4302EB01004FF4FE012A6901EB0641B4
:1075A00001F4FE0103EB0262084402F0FE410844CC
:1075B000F8603868696920F0C00040EA010038606E
:1075C0003868A96920F0200040EA01003860386876
:1075D0004FF6F87120F0100038603869EA6920EA47
:1075E00001004FF4001140EAC2003861386808BF5A
:1075F0004FF4801140F01000002C386008BF4FF4A9
:10760000002138680843386057F82C0C40F080603F
:1076100047F82C0CFDF7B0F9044600BF57F82C0CC6
:10762000000107D4FDF7A8F9001B0328F6D30320B7
:1076300001B0F0BD002001B0F0BD0000000000006E
:10764000F0B581B044F22C47C5F6020757F8042C78
:1076500002F00302032A03D1012001B0F0BD00BFF4
:10766000054657F82C0C0C4620F0805047F82C0C9F
:10767000FDF782F9064600BF57F82C0C800005D5AF
:10768000FDF77AF9801B0228F6D964E057F8040C5C
:10769000EE6895E80E0020F07C70012C40EA015065
:1076A000A2F101016FF35F214FF47E4202EB43220E
:1076B00047F8040C92B24FF0FE4302EB01004FF486
:1076C000FE012A6901EB064101F4FE0103EB0262AF
:1076D000084402F0FE41084478613868696920F482
:1076E000406040EA010038603868A96920F4007001
:1076F00040EA0100386038684FF6F87120F4807075
:107700003860B869EA6920EA01004FF0807140EA08
:10771000C200B861386808BF4FF4000140F48070BF
:10772000002C386008BF4FF4800138680843386087
:1077300057F82C0C40F0805047F82C0CFDF71CF942
:10774000044600BF57F82C0C800007D4FDF714F94D
:10775000001B0328F6D3032001B0F0BD002001B0C8
:10776000F0BD0000000000002DE9F0418AB078B3C0
:1077700006461C464FF000003BB3904696F8852322
:107780001AB396F8840318B3424206F5927303279E
:1077900013F8E00C88421FD0D019022818D013F833
:1077A000705C8D421AD0012812D01D788D4217D0FE
:1077B00070B193F87000884213D0043703F5E0737A
:1077C000D01903284FF00000E2D10AB0BDE8F081E3
:1077D00000200AB0BDE8F081033F02E0023F00E074
:1077E000013F2C212046F8F7CCFEC7EBC70001A9CA
:1077F00006EB0016301D00F053FC9DED010A9FEDD5
:107800001D1A80EE010A029860600398A060049837
:10781000E06005982061069860610798A06108986B
:107820009DF8241084ED000AE061002884F82010FF
:1078300018BF012084F825004FF0000005D0F16A40
:10784000A8EB0101332938BF012084F8260096F8FF
:10785000460096F8702096F8641084F827200028D7
:1078600018BF012084F8241084F8280001200AB0F1
:10787000BDE8F08135FA8E3C2DE9F04F81B08146AC
:1078800000284FF001007CD08A46002979D0A3F16E
:1078900009001F4610F1080F4FF0010071D3934605
:1078A000002A6ED09AF80F1200296AD00BF18004DA
:1078B000002568011BF90060002E3BD40BEB45103E
:1078C000083002F0BDFAA8B3F0B2224629464B1C9C
:1078D000BB4219D212F8603C98422BD08B1CBB42A1
:1078E00012D212F8403C984224D0CB1CBB420BD29F
:1078F00012F8203C98421DD00431B94204D21378CA
:1079000080329842E3D115E001352034BD42D0D316
:1079100009F104084FF461714046F8F732FE9BF814
:10792000002040465146C9F800A089F8847300F051
:10793000D7FB18B1012001B0BDE8F08F0BF10806AC
:1079400009F14C0CDBF81C504FCE8CE84F00C9F805
:107950006050DBF80400002808BF0120012FC9F89F
:10796000680011D14AF2A9015046C0F600014A460A
:1079700000F076FB00284FF0010002D189F8850362
:10798000002001B0BDE8F08F9BF8202009F17400C1
:10799000514600F0A5FB0028CCD10BF1280609F1D7
:1079A000BC0CDBF83C504FCE8CE84F00C9F8D050EF
:1079B000DBF82400002808BF0120022FC9F8D800F6
:1079C000D0D09BF8402009F1E400514600F088FB3C
:1079D0000028AFD10BF1480609F5967CDBF85C5026
:1079E0004FCE8CE84F00C9F84051DBF84400002826
:1079F00008BF0120032FC9F84801B3D09BF86020CD
:107A000009F5AA70514600F06BFB002892D10BF1EA
:107A1000680609F5CE7CDBF87C504FCE8CE84F0031
:107A2000C9F8B051DBF86400002808BF0120042F1A
:107A3000C9F8B80196D09BF8802009F5E27051464C
:107A400000F04EFB00287FF475AF0BF1880609F5B6
:107A5000037CDBF89C504FCE8CE84F00C9F82052D5
:107A6000DBF88400002808BF0120052FC9F8280290
:107A70003FF478AF9BF8A02009F50D70514600F057
:107A80002FFB00287FF456AF0BF1A80609F51F7CE9
:107A9000DBF8BC504FCE8CE84F00C9F89052DBF8B1
:107AA000A400002808BF0120062FC9F898023FF45F
:107AB00059AF9BF8C02009F52970514600F010FB22
:107AC00000287FF437AF0BF1C80609F53B7CDBF8E3
:107AD000DC504FCE8CE84F00C9F80053DBF8C400EF
:107AE000002808BF0120072FC9F808033FF43AAF68
:107AF0009BF8E02009F54570514600F0F1FA0028A6
:107B00007FF418AF0BF1E80709F5577CDBF8FC6050
:107B10008FCF8CE88F00C9F87063DBF8E400002891
:107B200008BF0120C9F878031CE70000000000002E
:107B300010B530B390F884231AB3C2F1000C00F5ED
:107B400092734FF0030E13F8E02C8A421CD00CEB1A
:107B50000E02022A15D013F8704C8C4218D0012A5C
:107B60000FD01C788C4217D05AB193F870208A42FB
:107B700014D00EF1040E03F5E0730CEB0E02032A91
:107B8000E1D1012010BD00BFAEF1030E06E000BF41
:107B9000AEF1020E02E000BFAEF1010ECEEBCE015F
:107BA00040F2FF1200EB0111012081F8700000206B
:107BB000C86681F84900A1F8452010BD000000000A
:107BC000F0B581B00546104617460E4602F038F96A
:107BD00001460120002D18BF002901D101B0F0BDE0
:107BE00095F88403F0B1414205F59272032012F832
:107BF000E03CB3421AD00B18022B13D012F8704C91
:107C0000B44215D0012B0DD01478B44212D04BB130
:107C100092F87030B3420ED0043002F5E0720B18C7
:107C2000032BE4D1012001B0F0BD00BF033802E016
:107C3000023800E00138C0EBC00005EB001101F193
:107C40004C0C97E84D00D7E904578CE84D00002014
:107C5000C866C1E9175701B0F0BD00000000000080
:107C6000B0B530B390F884331BB3C3F1000C00F50A
:107C700092734FF0030E13F8E04C8C421CD00CEBC7
:107C80000E04022C15D013F8705C8D4218D0012C14
:107C90000FD01D788D4217D05CB193F870408C42A4
:107CA00014D00EF1040E03F5E0730CEB0E04032C5C
:107CB000E1D10120B0BD00BFAEF1030E06E000BF70
:107CC000AEF1020E02E000BFAEF1010ECEEBCE012E
:107CD00000EB0111002081F87020C866B0BD0000E3
:107CE0002DE9F04381B02DED028B002800F0AC802F
:107CF000044690F88503002800F0A68094F88403D9
:107D0000002800F0A180884604F1700700254FF09C
:107D100001099FED508A10E017F82A0C00284BD07B
:107D2000A7F16C0000F0ECFE07F80C0C94F884034B
:107D300001357037854280F0878038780028EBD095
:107D400057F8040CB8EB0000F0D417F82A0CA7F190
:107D50006C0668B117F82B0C17F8241C884209D15F
:107D600017F8271C0029014604D105280ED953E035
:107D700017F8241C3046424600F026FE002807F87B
:107D80000C0CD3D117F8240C052845D8DFE800F0F7
:107D9000041A2A38444800BF17ED080AA7F11C004E
:107DA00020EE080AD0EC040A304600F07DFB0028E3
:107DB00007F80C0CBAD141E017F8270C0028AFD116
:107DC000B4E700BF17ED080A57ED070A20EE080ACE
:107DD00017ED061A304600F083FC002807F80C0C5B
:107DE000A4D12BE017ED080A57ED070A304600F042
:107DF00017FD002807F80C0C7FF498AF1EE000BFB9
:107E000017ED080A304600F0EFFA002807F80C0CCE
:107E10007FF48CAF12E000BF07F80C9C86E700BF30
:107E200017ED080A57ED070A20EE080A304600F061
:107E30001BFA002807F80C0C7FF478AF57F8080CF1
:107E4000404447F8040C71E7BDEC028B01B0BDE87B
:107E5000F08300BF35FA8E3C2DE9F0418CB000284C
:107E60001CBF04465FEAC17002D10CB0BDE8F081CE
:107E700094F80F020028F8D020684021FBF70CFD91
:107E80000028F2D00DF108086E4605E02068402178
:107E9000FBF702FD0028E8D0206840214246334627
:107EA000FBF706FD0028E0D10398B0F1804FEDD13B
:107EB0000498002804BF05980828E7D194F80C021C
:107EC00094F80D22411C01F01F079742DED004EB0D
:107ED00000150298E860FCF74FFD28610098686182
:107EE0000198A861BFF35F8F84F80C72CEE70000A1
:107EF0002DE9F0418AB0054601264FF000000990B7
:107F00000890BDB30C46A9B3281D4FF40371174662
:107F1000F8F737FB4FF080400290002003900220DA
:107F20000490FF20079002A920462C604FF0010822
:107F300085F80E72CDE90587FBF742FC0646B0B91D
:107F40000221022201232046CDF80080FBF780FCAD
:107F5000064660B92046FCF70BFA064638B90121FF
:107F6000002220460127FBF767FB064630B120467A
:107F7000FCF71AFA30460AB0BDE8F081002685F811
:107F80000F7230460AB0BDE8F0810000000000002A
:107F900070B584B068B3044690F80F0248B36068C7
:107FA00038B394F80D0294F80C12884221D0684638
:107FB00000F1080694F80D0204EB0011013000F006
:107FC0001F00CA6800920A6901924A69029289698F
:107FD0000391BFF35F8F84F80D023246D4E901505C
:107FE000DDE90013A84794F80D0294F80C128842BA
:107FF000E0D104B070BD000070B58AB0054600281D
:108000004FF00000099021D014464FF00100D2B18A
:108010000E4695F80F12B1B12868FBF755FDC8B1AF
:1080200026F0604001904FF08040029000200390C5
:1080300008210890CDE90410CDE90600286801A9BF
:108040002246FBF741FB0AB070BD00BF01200AB019
:1080500070BD00BF02200AB070BD0000000000002B
:1080600060B184464FF0010031B19CF80F32002B13
:108070001CBFCCE901120020704700BF01207047EF
:1080800010B558B1044690F80F02002808BF10BD83
:108090002068FCF789F9002084F80F0210BD000069
:1080A0000122002818BF002902D11046704700BFE6
:1080B000B0B500F10C0501F10807D0E901CE3CCDC7
:1080C0003CC7C1E900CED0E90723406A0862C1E994
:1080D00006230022BDE8B0401046704700000000B3
:1080E00070B5044600284FF0010014D00E4691B13F
:1080F00050B2154600284FF001000CD496F80F122C
:10810000002908BF70BD201D4421F8F73AFA00206D
:10811000266084F8405070BD10B558B1D0F800C04A
:10812000BCF1000F06D09CF80FE2BEF1000F18BFA3
:10813000002A01D110BD00BF90F940E0BEF1000F50
:10814000F8D4CCB29CF80EC2A445F3D10C0A5FFA65
:1081500084FC5FFA8EF46445ECD1C1F3046CACF19D
:108160001104022C6FD3BCF1150F61D0BCF1020FCA
:1081700018BF10BD14889FED351A9FED362AD0F830
:108180001CC024BA240C00EE104A4CF00104C46157
:10819000B8EE400A20EE010A9FED2D1A80EE010A8A
:1081A00030EE020A9FED2C2A80ED010A548824BA91
:1081B000240C00EE104AB8EE400A20EE020A9FEDB1
:1081C000272A80EE010A30EE020AB3EE0C2A80ED77
:1081D000020A948824BA240C00EE104AB8EE400A31
:1081E00020EE020A80EE010ABAEE0C1A30EE010A05
:1081F0009FED1B1A80ED030AD288120412BA00EE1A
:10820000102AC1F305424261C1F3815180F8241064
:10821000B8EEC00A0239B1FA81F1490980F842107A
:1082200020EE010A4CF03F0180ED040A07E000BF98
:108230001168416151688161C16941F02001C161EA
:10824000016A01310162836210BD00BFDB0FC941C9
:1082500000FF7F47DB0F49C100008442000004C2D9
:10826000CDCCCC3D0000000010B52DED048B84B0CA
:10827000002800F0AD8004460068002800F0A880C7
:1082800090F80F12002900F0A38094F94020002AF2
:1082900000F19E80B0EE408A9FED500A0121B4EEBD
:1082A000408AF1EE10FA16DC9FED4D1AB4EE418AC9
:1082B000F1EE10FA0FDBF4EE400A0121F1EE10FAB4
:1082C00009DCF4EE410AF1EE10FAA4BFF5EE400A23
:1082D000F1EE10FA04DA084604B0BDEC048B10BDD0
:1082E00094F84210002973D094F8411005296FD1F9
:1082F0009FED3C2A94F8441080FEC29A890706D567
:1083000094ED0D2AB4EE492AF1EE10FA37D0B4EE0E
:10831000409AF1EE10FA5BDCB4EE419AF1EE10FAFD
:1083200056DBD2B290F80E1219EE10EA0DF1040CE1
:1083300047F21703029342EA01210CF1040201F112
:10834000905101918DF80CE04FEA1E238DF80D300D
:108350004FEA1E438DF80E304FEA1E638DF80F3042
:10836000FFF74AFE01460028B5D194F84410206872
:1083700084ED0D9A41F0020184F8441040B390F866
:108380000F1229B394F94010002921D4C9B290F8F2
:108390000E2247F21604029418EE104A01AB41EA8D
:1083A00002211A1D01F1905101918DF80C40230A10
:1083B0008DF80D30230C8DF80E30230E8DF80F3014
:1083C000FFF71AFE0146084604B0BDEC048B10BD51
:1083D0000121084604B0BDEC048B10BDFFFF7F7F78
:1083E000FFFF7FFF0000044280B584B001460028F3
:1083F0004FF001004FD09FED291AB4EE410AF1EE83
:1084000010FA48DC9FED262AB4EE420AF1EE10FA8B
:1084100041DB0868D0B190F80F22BAB191F9402041
:10842000002A13D491F8423083B191F84110032906
:108430000CD1B3EE002A80FE420ABBEE002A80FE79
:10844000020AB4EE410AF1EE10FA03DD012004B095
:1084500080BD00BFD2B290F80E1210EE10EA0DF1FE
:10846000040C47F20603029342EA01210CF10402D4
:1084700001F1905101918DF80CE04FEA1E238DF827
:108480000D304FEA1E438DF80E304FEA1E638DF813
:108490000F30FFF7B1FD04B080BD00BFFFFF7F7F4D
:1084A000FFFF7FFF0000000080B584B09FED803AA1
:1084B0000146B4EE430A0120F1EE10FA00F3F58014
:1084C0009FED7C4AB4EE440AF1EE10FAC0F2ED8062
:1084D000F4EE430A0120F1EE10FA00F3E680F4EE28
:1084E000440AF1EE10FAC0F2E080B4EE431A012023
:1084F000F1EE10FA00F3D980B4EE441AF1EE10FA5E
:10850000C0F2D380F4EE431A0120F1EE10FA00F32A
:10851000CC80F4EE441AF1EE10FAC0F2C6800029C5
:108520004FF0010000F0C180B4EE432AF1EE10FAE2
:1085300000F3BB80B4EE442AF1EE10FAC0F2B5802D
:10854000086860B190F80F224AB191F94020002AE2
:1085500005D491F8423013B191F8411011B10120C6
:1085600004B080BDD1B29FED543A80FE434A9FEDE6
:10857000530A84FE004AB4EE404AF1EE10FA1DDAC6
:108580009FED4F5A34EE054AB4EE404AF1EE10FA30
:1085900014DA34EE054AB4EE404AF1EE10FABEBFEA
:1085A00034EE054AB4EE404AF1EE10FA06DA34EE43
:1085B000054AB4EE404AF1EE10FAE3DBB2EE0C5A93
:1085C000BAEE0C6A84FE434AB1EE047A0DF1040C53
:1085D00081FE451A84FE000AB3EE0C4A82FE472A49
:1085E00081FE061A9FED396A30EE030A9FED353A97
:1085F00031EE051A20EE030A21EE031A81EE041A69
:108600009FED2F4A80EE040A9FED2F4A80FEC45A48
:10861000BCEEC11ABCEEC00A85FE065A9FED2D6A5B
:10862000C1FEC60A11EE102A35EE044A9FED2A5A01
:10863000C0FE850A82FE052A9FED255A24EE034AD4
:1086400041EA022160EE830A10EE102A22EE032A8C
:1086500001F1807184EE051A8DF8092080EE863ACA
:10866000130A8DF80830BCEEC10A019182EE071A98
:10867000BCEEC32A10EE102ABCEEC10A8DF80B2006
:10868000130A12EE102A8DF80A308DF80D20130A05
:108690008DF80C3010EE103A8DF80F301A0A8DF864
:1086A0000E200CF10402FFF7A7FC04B080BD00BF50
:1086B000FFFF7F7FFFFF7FFFDB0F4941DB0F49C1DA
:1086C000DB0FC94100FF7F4700000442000004C2E5
:1086D000000084420000FA43000000000000000097
:1086E00010B52DED068B00285CD0044600680028EC
:1086F00058D090F80F02002854D094F94000002878
:1087000050D4B0EE408A9FED420A0120B4EE408A78
:10871000F1EE10FA28DCB0EE419A9FED3E1AB4EE6D
:10872000418AF1EE10FA1FDBF4EE400A0120F1EE6F
:1087300010FA19DCF4EE410AF1EE10FA14DBB4EE93
:10874000409A0120F1EE10FA0EDCB4EE419AF1EEFF
:1087500010FA09DBF5EE400AF1EE10FAA4BFB5EE0F
:10876000409AF1EE10FA03DABDEC068B10BD00BFA3
:1087700094F84200B0B194F84100012812D19FED65
:10878000260A94F8430080FEC0AA78B194ED0B0A43
:10879000B4EE4A0AF1EE10FA22D00220BDEC068BAC
:1087A00010BD00BF0120BDEC068B10BDB0EE4A0A23
:1087B00047F22401204603F037F80028D4D1B0EE68
:1087C000490A47F22501204603F02EF80028CBD1B4
:1087D00084ED0BAA012084ED0C9A84F843000BE091
:1087E00094ED0C0AB4EE490AF1EE10FA04D002201E
:1087F000BDEC068B10BD00BF47F216012046B0EE5F
:10880000480ABDEC068BBDE8104003F00DB800BF70
:10881000FFFF7F7FFFFF7FFF00000442000000009A
:1088200010B52DED068B84B09FED629A0121B4EE58
:10883000490AF1EE10FA1BDCB0EE408A9FED5E0AA9
:10884000B4EE408AF1EE10FA12DB04464FF001015B
:1088500070B1F4EE490AF1EE10FA09DCF4EE400AC8
:10886000F1EE10FAA4BFF5EE400AF1EE10FA05DAC7
:10887000084604B0BDEC068B10BD00BF2068002880
:1088800000F0928090F80F12002900F08D8094F98A
:108890004010002900F1888094F84220002A00F05E
:1088A000838094F84120022A7ED1B3EE000A9FED26
:1088B000431A94F8442080FEC00AD20780FE01AA21
:1088C00006D094ED0E0AB4EE4A0AF1EE10FA32D058
:1088D000B4EE49AAF1EE10FA66DCC9B290F80E22A5
:1088E0001AEE10EA0DF1040C47F21803029341EA64
:1088F00002210CF1040201F1905101918DF80CE07C
:108900004FEA1E238DF80D304FEA1E438DF80E30CE
:108910004FEA1E638DF80F30FFF76EFB014600280B
:10892000A6D194F84410206884ED0EAA41F001010C
:1089300084F84410C0B39FED220A90F80F1288FE0D
:10894000400A9FED201A80FE010A69B394F9402085
:108950000121002A8CD4B4EE490AF1EE10FA3FF757
:1089600087AFD2B290F80E1247F20A04029410EECA
:10897000104A01AB42EA01211A1D01F19051019107
:108980008DF80C40230A8DF80D30230C8DF80E3035
:10899000230E8DF80F30FFF72FFB0146084604B079
:1089A000BDEC068B10BD00BF0121084604B0BDEC34
:1089B000068B10BDFFFF7F7FFFFF7FFF00000000E1
:1089C00000000442000004C22DE9F04184B058B315
:1089D0000446006840B30E4690F80F1221B394F994
:1089E0004010002920D41546042E1BD2C9B294F899
:1089F000452002B394F84630B34219D1274657F8C0
:108A00003C3FEB1ABE7277D4022A3DD0012A34D003
:108A10000120A4F842004FF00008002084F84480B0
:108A200064E000BF052EE1D0012004B0BDE8F08174
:108A3000002284F8452094F8422084F84660BAB1B8
:108A400090F80E3201AA04320026CDE9026641EA0E
:108A5000032101F180610191FFF7CEFA002847D18F
:108A600084F84260E81CE06302204FF001083DE01A
:108A70002746012247F83C5F7A7294F84120B242BF
:108A800018D1022284F8452090F80E3201AA04324F
:108A90004FF00008CDE9028841EA032101F140715D
:108AA0000191FFF7A9FA08BBE81C386002204FF0DB
:108AB00003081BE090F80E2201AB4FF00008CDF840
:108AC0000C8047F20507029741EA02211A1D01F1C5
:108AD000905101918DF80C60FFF78EFA30B984F84F
:108AE0004160E81CE0634FF00208022084F84580F2
:108AF00004B0BDE8F08100BF022004B0BDE8F08101
:108B0000B0B584B0F0B104460068D8B190F80F1247
:108B1000C1B194F94010002914D4C9B290F80E32B2
:108B200001AA0025043284F8455041EA032101F1ED
:108B300080610191CDE90255FFF75EFA30B104B0D2
:108B4000B0BD00BF012004B0B0BD00BF002084F85C
:108B5000425004B0B0BD0000000000000000000062
:108B6000074B19680868B0E8F04F80F30988BFF335
:108B70006F8F4FF0000080F31188704700BF00BF77
:108B8000300D00240000000080B500BF012001F07E
:108B90006FFBFBE70000000080B500BF012001F083
:108BA00067FBFBE70000000010B501F0B1FB0446D5
:108BB00000F00EFF013428B1204601F079FB0134AA
:108BC000FAE700BF01F048F8204601F071FB0134DC
:108BD000F8E700000000000080B54EF21000CEF271
:108BE0000000006803F0FCF9012808BF80BDBDE863
:108BF000804002F049BF0000B0B59CB044F61804B4
:108C0000022000251195CDE90F55CDE90D55CDE98F
:108C10000B550895C5F60204CDE90655CDE9045576
:108C2000CDE902550195FBF7FFFF0095206820F480
:108C300040402060206800F4404000900098206888
:108C4000800409D4206880045CBF20685FEA80400B
:108C500002D420688004F2D5012009904FF48031BD
:108C60000A9102212C22CDE9152004201491CDE98E
:108C700017010C20199009A80024CDE91211CDE9A3
:108C80001A44FDF705F918B172B600BFFEE700BF40
:108C90003F20019003204FF48061CDE902040820B9
:108CA00004904020CDE90500CDE9071001A803217B
:108CB000FCF77AFE10B172B6FEE700BF1CB0B0BD83
:108CC0004EF6885042F2000CCEF20000C5F2002CA5
:108CD000026842F470020260DCF8000000F00F004D
:108CE000062806D8DCF80000072262F30300CCF85F
:108CF000000044F200404EF67F51C5F60200CEF669
:108D0000F621026842F0010202600022026103685B
:108D100019400160DCF80010090706D5DCF80010E6
:108D2000072363F30301CCF8001040F200218261B5
:108D3000C261C0F20221026281620021C0F2FF1111
:108D4000C16240F28021C0F201110163426381637C
:108D5000C26301644264016821F4802101600266FB
:108D6000D0F8D410C90448BF7047D0F8D41043F2EB
:108D7000D20241F48051C0F8D41044F20001C5F28F
:108D800000210A60D0F8D41021F48051C0F8D4102A
:108D9000704700000000000040F64420C2F200408E
:108DA000FDF7B6BB0000000010B540F6FF32D0F86A
:108DB00000E0C4F20002904210DCB0F1804F1ED0FF
:108DC00040F20043C4F20003984218D040F600037A
:108DD000C4F20003984212D016E000BF40F60043F0
:108DE000C4F2000398420AD040F20043C4F20103E7
:108DF000984204D00023C4F20103984204D12EF01B
:108E000070024B6843EA020E4EF2FF3343F6FF7CDA
:108E1000C4F20003C4F2010C984213DD60452BDC60
:108E20004EF20043C4F20003984242D00023C4F241
:108E3000010398423DD040F20043C4F2010398423E
:108E400037D03BE040F2FF73C4F20003984227DDC5
:108E500040F60003C4F2000398422AD040F60043D3
:108E6000C4F20003984224D04EF20003C4F200037F
:108E700098421ED022E000BF44F20003C4F2010376
:108E8000984216D044F60003C4F20103984210D071
:108E900044F20043C4F2010398420AD00EE000BF3E
:108EA000B0F1804F05D040F20043C4F20003984275
:108EB00004D12EF44072CB6843EA020E4B69604540
:108EC0000A688C68C462826212DD44F20002C4F255
:108ED0000102904217D044F60002C4F2010290420F
:108EE00011D044F20042C4F2010290420BD00CE0D7
:108EF0000022C4F20102904205D040F20042C4F2C6
:108F00000102904201D109690163016841F0040145
:108F10000160012141612EF080011943016010BD03
:108F2000816A0A070CD4CA0715D18A071ED44A07DA
:108F300027D4CA0630D48A0639D44A0655D541E02A
:108F40000268D0F838C0536823F4004343EA0C03A6
:108F50005360CA07E9D00268D0F82CC0536823F4E4
:108F6000003343EA0C0353608A07E0D50268D0F867
:108F700030C0536823F4803343EA0C0353604A073C
:108F8000D7D50268D0F834C0536823F4802343EA6D
:108F90000C035360CA06CED50268D0F83CC0936873
:108FA00023F4805343EA0C0393608A06C5D5026814
:108FB000D0F840C0936823F4005343EA0C03936055
:108FC0004A0612D50268D0F844C0BCF5801F536829
:108FD00023F4801343EA0C03536006D1536823F44F
:108FE000C00C836C43EA0C035360090658BF7047FA
:108FF0000168C06C4A6822F4002210434860704740
:10900000B0B582B004460020C4F89000FBF7B4FC71
:10901000216805460A68120737D54FF4001100226F
:109020006FF07E40009020462B4600F015FB58B3B1
:10903000206850E8000F216820F0800041E800021D
:10904000F2B1206850E8000F216820F0800041E86C
:109050000002002A1FBF206850E8000F216820F09E
:1090600080001CBF41E80002002A09D0206850E8B7
:10907000000F216820F0800041E80002002AD7D1CB
:109080002020C4F8880062E021680868400765D5A0
:109090004FF4800100226FF07E40009020462B4666
:1090A00000F0DAFA002859D0206850E8000F216853
:1090B00020F4907041E80002F2B1206850E8000FFF
:1090C000216820F4907041E80002002A1FBF206848
:1090D00050E8000F216820F490701CBF41E80002A6
:1090E000002A09D0206850E8000F216820F4907011
:1090F00041E80002002AD7D1206850E8020F216819
:1091000020F0010041E80202F2B1206850E8020FAD
:10911000216820F0010041E80202002A1FBF2068F8
:1091200050E8020F216820F001001CBF41E8020254
:10913000002A09D0206850E8020F216820F00100C1
:1091400041E80202002AD7D12020C4F88C00032075
:10915000002184F8841002B0B0BD00BF2020C4F804
:109160008800C4F88C000020E0662067002184F8A5
:10917000841002B0B0BD0000806BFDF755BB00004D
:1091800070B584B00446006804F1080340F6004E50
:10919000E669C5F6000E0ECB194363690B4346F62C
:1091A000F3110568CCF6FF71334329401943016080
:1091B00041684FF2FF4321F44051704541EA0201FA
:1091C0004160A269C1F2FF131CBF216A0A43816892
:1091D00044F2544C1940C5F6020C1143816047F625
:1091E000FF32C16AC4F2000221F00F01656A9042A9
:1091F0004FF0800341EA0501C16219DD41F2FF71C0
:10920000C4F2010188422DDC47F60041C4F200019E
:10921000884257D041F20001C4F20101884239D09E
:1092200041F20041C4F20101884233D057E000BF4F
:1092300044F6FF31C4F20001884237DD44F60041B4
:10924000C4F2000188423DD045F20001C4F20001A1
:10925000884237D047F60001C4F20001884231D07D
:109260003DE000BF41F60001C4F20101884211D087
:1092700041F60041C4F2010188420BD070452ED165
:10928000DCF8041001F00702062A80F081800FF25A
:10929000BC3122E0DCF80010C1F3C202062A80F0E3
:1092A00077804CF20251C0F6000116E044F2004112
:1092B000C4F20001884205D044F60001C4F2000166
:1092C00088420CD1DCF8001001F00702062A80F079
:1092D0005F804CF2FC41C0F600018B181B78704592
:1092E00040F60010C0F23D0000F05A80B6F5004F85
:1092F00040F08480402B4FF0010100F29E81DFE8B6
:1093000013F0410019019C019C011F019C019C016B
:109310009C0127019C019C019C019C019C019C01DA
:109320009C012F019C019C019C019C019C019C01C2
:109330009C019C019C019C019C019C019C019C0145
:109340009C013F019C019C019C019C019C019C0192
:109350009C019C019C019C019C019C019C019C0125
:109360009C019C019C019C019C019C019C019C0115
:109370009C019C019C019C019C019C019C019C0105
:109380009C013D01FCF798FC002840F0D680E5E008
:109390008023704540F60010C0F23D007FF4A6AF78
:1093A0009A1E01211E2A00F27780DFE812F01F00CA
:1093B00046017B0046014601460183004601460105
:1093C000460146014601460146018D00460146011F
:1093D0004601460146014601460146014601460155
:1093E000460146014601460146019A00FBF744FC4E
:1093F000002800F06680656A73E000BF402B4FF0E4
:10940000010100F21A81DFE813F04100D9001801D0
:109410001801DF00180118011801E70018011801F0
:1094200018011801180118011801EF00180118019E
:109430001801180118011801180118011801180164
:1094400018011801180118011801FF00180118016E
:109450001801180118011801180118011801180144
:109460001801180118011801180118011801180134
:109470001801180118011801180118011801180124
:1094800018011801180118011801FD00FCF714FC5F
:10949000002840F09680A5E0402B40F0CE804FF4AD
:1094A00000401EE001A8FBF7FBFB029800287FF4B8
:1094B000A2AF06E001A8FBF78BFC029800287FF41E
:1094C0009AAF0021B9E000BF5CF8540C800649F265
:1094D0000000C0F2D03004D55CF8541CC1F3C101C7
:1094E000C8404CF218516268C0F6000131F81510FE
:1094F000B0FBF1F002EB420188424FF00101C0F0F5
:109500009C801303984200F29880010E0023000211
:1095100010EB520041F10001F6F74CFF4FF60052FC
:10952000A0F54071C0F20F029142C0F0808001218D
:1095300083E000BFFCF7F0FB80B1656A20E000BF6C
:1095400001A8FBF7ADFB02980028F6D106E000BFAA
:1095500001A8FBF73DFC02980028EED100216CE049
:109560005CF8540C800649F20000C0F2D03007D5F8
:109570005CF8541CC1F3C101C84001E04FF4004045
:109580004CF21851C0F6000131F81510B0FBF1F0A3
:1095900061684A0802EB40004FF6EF72B0FBF1F051
:1095A000A0F11001914207D84FF6F0710140C0F3CD
:1095B000420008443BE000BF01213EE0FCF7ACFB69
:1095C00080B1656A20E000BF01A8FBF769FB029843
:1095D0000028F6D106E000BF01A8FBF7F9FB0298CE
:1095E0000028EED1002128E05CF8540C800649F2F6
:1095F0000000C0F2D03007D55CF8541CC1F3C101A3
:10960000C84001E04FF400404CF218516268C0F6C7
:10961000000131F81510B0FBF1F000EB5200B0FB87
:10962000F2F0A0F110014FF6EF72914204D82168D8
:10963000C860002101E000BF01214FF00110A066C9
:109640000020C4E91D00084604B070BD02040810E3
:1096500020400000000000002DE9F0418046006835
:109660000D46C7693940491BB1FA81F14909914258
:1096700025D1069C34B31646611C29D1C169294005
:10968000491BB1FA81F14909B14218D1C169294098
:10969000491BB1FA81F14909B14201BFC1692940B1
:1096A000491BB1FA81F104BF4909B14207D1C1692F
:1096B0002940491BB1FA81F14909B142DED00020AD
:1096C000BDE8F081FBF758F90320BDE8F08100BF49
:1096D0001F4607E0C0692840401BB0FA80F04009EF
:1096E000B042ECD1FBF748F9C01BA04212D8D8F821
:1096F000000001684907EDD5402D18BF802DE9D045
:10970000C16909070AD4C1690905E3D54FF40061AD
:109710000162ADE00320BDE8F08100BF08210162D5
:1097200002E000BFD8F8000050E8000FD8F80010A1
:1097300020F4907041E800021AB3D8F8000050E815
:10974000000FD8F8001020F4907041E80002C2B178
:10975000D8F8000050E8000FD8F8001020F49070FE
:1097600041E80002002A1FBFD8F8000050E8000FAF
:10977000D8F8001020F490701CBF41E80002002AC5
:10978000D0D14FF6FE70CEF6FF70D8F8001051E839
:10979000021FD8F80020014042E802130BB3D8F8AA
:1097A000001051E8021FD8F80020014042E80213DF
:1097B000002B1FBFD8F8001051E8021FD8F8002076
:1097C00001401CBF42E80213002B0AD0D8F8001059
:1097D00051E8021FD8F80020014042E80213002B94
:1097E000D3D1D8F86C0001282FD1D8F8000050E868
:1097F000000FD8F8001020F0100041E8000222B35A
:10980000D8F8000050E8000FD8F8001020F0100041
:1098100041E80002002A1FBFD8F8000050E8000FFE
:10982000D8F8001020F010001CBF41E80002002A08
:109830000BD0D8F8000050E8000FD8F8001020F046
:10984000100041E80002002ACFD12020C8F88C0087
:109850000020C8F86C00C8F874000821C8F89010FF
:1098600088F884000120BDE8F08100BFD8F800002E
:1098700050E8000FD8F8001020F4907041E8000282
:109880001AB3D8F8000050E8000FD8F8001020F400
:10989000907041E80002C2B1D8F8000050E8000F13
:1098A000D8F8001020F4907041E80002002A1FBF91
:1098B000D8F8000050E8000FD8F8001020F490709D
:1098C0001CBF41E80002002AD0D14FF6FE70CEF650
:1098D000FF70D8F8001051E8021FD8F800200140AE
:1098E00042E802130BB3D8F8001051E8021FD8F871
:1098F0000020014042E80213002B1FBFD8F80010DF
:1099000051E8021FD8F8002001401CBF42E80213B2
:10991000002B0AD0D8F8001051E8021FD8F8002018
:10992000014042E80213002BD3D1D8F86C00012883
:109930002FD1D8F8000050E8000FD8F8001020F020
:10994000100041E8000222B3D8F8000050E8000FF0
:10995000D8F8001020F0100041E80002002A1FBFD4
:10996000D8F8000050E8000FD8F8001020F01000E0
:109970001CBF41E80002002A0BD0D8F8000050E8D4
:10998000000FD8F8001020F0100041E80002002A73
:10999000CFD12020C8F88C000021C8F86C10C8F87E
:1099A0007410C8F89000032088F88410BDE8F08196
:1099B00040F69020C2F20040FCF73ABF00000000E1
:1099C00040F62430C2F20040FCF732BF0000000035
:1099D000B0B582B040F25814C2F20044207818B1F9
:1099E000002002B0B0BD00BF4CF2D850C0F600005D
:1099F000F8F766FA10B1012002B0B0BDF8F724FA0A
:109A0000014641F294104CF23062C2F20040C0F6BE
:109A100000020223FDF730FF48BBF8F705FA0146C4
:109A200040F2FC304CF2A052C2F20040C0F60002FC
:109A300002230225F7F7D0FBC8B9F8F7F5F940F68D
:109A4000B8324CF20863014604F10800C2F2004249
:109A5000C0F600030095F6F72FFE40B901202070F4
:109A600000F00AF800284FF0000003D02070F8F74B
:109A700077FA012002B0B0BDF0B581B02DED028BB8
:109A800040F258150124C2F200452878012840F020
:109A9000BF804CF2306641F29410C0F600066F7839
:109AA00006F10802C2F200402721AC70FEF788F8E8
:109AB00017B148B10124ABE000285BD00124204657
:109AC000BDEC028B01B0F0BD41F294102721C2F22F
:109AD0000040FEF72DF800284FF0010440F0988078
:109AE00041F2941006F12802C2F200402821EC70E5
:109AF000FEF766F8002840F08B8041F29410282190
:109B0000C2F20040FEF714F800284FF0010440F0C4
:109B10007F804CF2A05640F2FC30C0F60006C2F244
:109B2000004006F1080205212C71F7F76DFD0028B1
:109B30006ED140F2FC300521C2F20040F7F7C8FCBC
:109B400000284FF0010463D140F2FC3006F12402FA
:109B5000C2F2004007216C71F7F756FD002857D17B
:109B600040F2FC300721C2F20040F7F7B1FC0028B8
:109B7000A4D153E041F294102721C2F20040012207
:109B80000124FEF76DF8002842D141F2941006F14D
:109B90002802C2F200402821EC70FEF711F8B8BB91
:109BA00041F294102821C2F2004001220124FEF764
:109BB00057F868BB4CF2A05640F2FC30C0F60006E5
:109BC000C2F2004006F1080205212C71F7F71CFDD6
:109BD000F0B940F2FC300521C2F20040012201241C
:109BE000F7F7CAFCA0B940F2FC3006F12402C2F239
:109BF000004007216C71F7F707FD48B940F2FC30CF
:109C00000721C2F2004001220124F7F7B5FC28B178
:109C10002046BDEC028B01B0F0BD00BF9FED0C8A69
:109C200005F10804B0EE480A012120460126AE7174
:109C3000F6F71EFEB0EE480A02212046F6F718FE9F
:109C400000246E702046BDEC028B01B0F0BD00BF59
:109C50000000614500000000B0B58CB040F258151E
:109C6000C2F200452878012840F0D980FAF784FE36
:109C70000446F8F75DF9A878012840F0BD8041F26C
:109C8000941001ABC2F2004027212246FDF76CFD83
:109C900028B39DF82A0018B10020E8701FE000BF2B
:109CA000E878E0B99DF8290008B10598B8B94CF2F8
:109CB00030602721C0F6000000F1080241F2941044
:109CC000C2F20040FDF77CFF48B941F29410272111
:109CD000C2F20040FDF72CFF002800F0A38041F203
:109CE000941001ABC2F2004028212246FDF73CFD52
:109CF00020B39DF82A0018B1002028711EE000BF93
:109D00002879D8B99DF8290008B10598B0B94CF266
:109D100030602821C0F6000000F1280241F29410C2
:109D2000C2F20040FDF74CFF40B941F294102821E7
:109D3000C2F20040FDF7FCFE002875D040F2FC3076
:109D400001ABC2F2004005212246F7F7BDF920B36E
:109D50009DF81E0010B1002068711EE06879E0B91E
:109D60009DF81D0010B19DF81200B0B94CF2A05042
:109D70000521C0F6000000F1080240F2FC30C2F2FA
:109D80000040F7F741FC40B940F2FC300521C2F237
:109D90000040F7F79DFB002848D040F2FC3001ABB3
:109DA000C2F2004007212246F7F78EF920B39DF852
:109DB0001E0018B10020A8711EE000BFA879D8B914
:109DC0009DF81D0010B19DF81200A8B94CF2A050EA
:109DD0000721C0F6000000F1240240F2FC30C2F27C
:109DE0000040F7F711FC38B940F2FC300721C2F20D
:109DF0000040F7F76DFBD8B141F294102146C2F252
:109E00000040FDF76DFF40F2FC302146C2F20040F9
:109E1000F7F7BAFC05F108002146F6F74DFD0CB046
:109E2000B0BD00BF012038E7012066E7012093E7BD
:109E30000120C0E700000000FEE700000000000075
:109E4000002857D002780021052A00F2ED80DFE8D3
:109E500002F0035397A9EBBF90ED012A9FED730A1F
:109E6000B4EE402A0021F1EE10FA00F3DD809FED00
:109E7000701AB4EE412AF1EE10FAC0F2D58090EDDE
:109E8000022A0021B4EE402AF1EE10FA00F3CC8051
:109E9000B4EE412AF1EE10FAC0F2C68090ED032A2A
:109EA0000021B4EE402AF1EE10FA00F3BD80B4EECA
:109EB000412AF1EE10FAC0F2B78090ED042A002199
:109EC000B4EE402AF1EE10FA00F3AE80B4EE412A6F
:109ED000F1EE10FAC0F2A88090ED052A00200021D2
:109EE000B4EE402AF1EE10FAD8BF0121B4EE412AB7
:109EF00068E000BF0020704790ED012A9FED4B0AFB
:109F0000B4EE402A0021F1EE10FA00F38D809FEDAF
:109F1000481AB4EE412AF1EE10FAC0F2858090EDB5
:109F2000022A0021B4EE402AF1EE10FA7CDCB4EEF5
:109F3000412AF1EE10FA77DB90ED033A0020002180
:109F4000B4EE403AF1EE10FAD8BF0120B4EE413A37
:109F50000023F1EE10FAA8BF0121B5EE402A00223D
:109F6000F1EE10FAA8BF0123B5EE403A0840F1EE39
:109F700010FAA8BF0122184000EA020154E000BF15
:109F800090ED012A9FED290AB4EE402A0021F1EE5E
:109F900010FA49DC9FED261AB4EE412AF1EE10FAD0
:109FA00027DA41E090ED010A9FED201AB4EE410A54
:109FB00000219FED1F1A0020F1EE10FAD8BF0121F9
:109FC000B4EE410AF1EE10FAA8BF01200840704734
:109FD00090ED012A9FED150AB4EE402A0021F1EE22
:109FE00010FA21DC9FED121AB4EE412AF1EE10FABC
:109FF0001ADB90ED022A00200022B4EE402AF1EE96
:10A0000010FAD8BF0120B4EE412A0021F1EE10FA77
:10A01000A8BF0122B5EE402AF1EE10FAA8BF012137
:10A0200010400840704700BF08467047FFFF7F7F21
:10A03000FFFF7FFF000000002DE9F04788B0F0B17E
:10A040009246E2B1044690F88502C0B194F88402C9
:10A05000A8B19846894604F150070026A7F14C059F
:10A060000823284649465246CDF80080F7F728FED7
:10A0700040B994F88402013650378642EED308B0D6
:10A08000BDE8F08702A92846F7F78AFD0028F6D038
:10A090009DF8160000281CBF0020387008B0BDE8ED
:10A0A000F0870000000000002DE9F04758B3924609
:10A0B0004AB3044690F88403002808BFBDE8F0873F
:10A0C0009846894604F17005002705E094F884035A
:10A0D00001377035874216D2A5F16C0049465246C9
:10A0E000434655F84C6CFEF717F855F84C0CB04247
:10A0F000ECD015F8500C8006E8D555F8580C00281F
:10A10000E4D000202870BDE8F087000000000000C7
:10A1100010B5002840D0A1F2092C1CF1080F3BD348
:10A12000D2B390F82FC0BCF1000F35D000EB810006
:10A130004FF60001CFF6FF714058002808BF10BD50
:10A14000B2F800C090F840109CFA8CFC4FEA1C4C0E
:10A1500091B1418CACEB010E74461EF5805FB8BF27
:10A1600004F50054BEF5805FC8BFAEF50054416AE7
:10A170002144416205E000BF00214162012180F8D5
:10A180004010A0F822C0518809BA090C01859188B5
:10A19000C36309BA090C418510BD0000000000002E
:10A1A000AEB04EF614570125CEF200070095FAF72F
:10A1B000B3FC6C4648F21F70029040F2011003900D
:10A1C000204600260196FAF777FC0420FAF7B4FC43
:10A1D0003868800311D4BFF34F8FBFF36F8FC7F878
:10A1E0003C62BFF34F8FBFF36F8F386840F400308D
:10A1F0003860BFF34F8FBFF36F8FFAF7D5FBFEF7D1
:10A20000FBFC04F128009021F6F7BBF948F20200AC
:10A2100000900220029010210196CDE90310CDE9B3
:10A220000500C0200996CDE907064FF000501B90AD
:10A2300020461D95FAF764FE10B172B6FEE700BF26
:10A24000FDF782F8FCF778FFFCF7AAFFFCF7E0FFC8
:10A25000FDF716F8FDF7A4F8FDF7E2F800F074F842
:10A26000FDF746F800F098F8FEE700000000000057
:10A2700010B5EFF3058119B16FF0050010BD00BFF7
:10A28000044601F0ADFE012806D17CB1204601F064
:10A29000FBF8002010BD00BFEFF310800028EBD1C9
:10A2A000EFF311800028E7D1EFE700BF002010BDD9
:10A2B00010B582B0EFF3058121B16FF0050002B057
:10A2C00010BD00BF044601F08BFE012810D101F043
:10A2D00097FE211A0190012914DB01A801F00CFE60
:10A2E00001460020002908BF4FF0FF3002B010BD2A
:10A2F000EFF310800028E0D1EFF311800028DCD1CB
:10A30000E5E700BF6FF0030002B010BD00000000E1
:10A31000EFF3058010B101F07BBE00BF80B501F006
:10A320005FFE0128BDE8804002D101F069BE00BF98
:10A33000EFF310800028EED1EFF311800028EAD16E
:10A34000F3E700000000000080B5EFF3058018B1CE
:10A350006FF0050080BD00BF01F042FE012811D161
:10A3600001F03EFE01284FF0FF3009D140F2BC1150
:10A37000C2F200410A68002A02BF012008600020E2
:10A3800080BD00BFEFF310800028E1D1EFF3118012
:10A390000028DDD1E4E7000010B5EFF3058018B127
:10A3A0006FF0050010BD00BF01F01AFE012819D1A1
:10A3B00001F016FE01284FF0FF3410D140F2BC101E
:10A3C000C2F200400168012909D14EF61F51002454
:10A3D000CEF200010C700221016001F025F9204647
:10A3E00010BD00BFEFF310800028D9D1EFF311802A
:10A3F0000028D5D1DCE70000F0B585B00023049338
:10A40000EFF3058717B1184605B0F0BD16460C46A8
:10A41000054601F0E5FD012802D16DB94EE000BF0F
:10A42000EFF31080002849D1002D4FF00003EFF327
:10A430001180E8D00028E6D156B3B069002808BFE3
:10A44000182038283AD83179C90737D1D6F814E01E
:10A45000D6F808C04FEA9E02BEF1000F134608BFAF
:10A460004FF48073BCF1000F3168F76822D05C2F85
:10A4700024D336690023002E18BFBEF1000FC2D0CE
:10A480008DE841102846234601F0E6FC05B0F0BDFA
:10A4900000214FF4807318209AB2009004A8019014
:10A4A0002846234601F0A8FC012807D1049B184642
:10A4B00005B0F0BD17B93269002AEDD00023184667
:10A4C00005B0F0BD000000002DE9F04140F2840627
:10A4D00040F63057C2F20046C2F2004704460D462D
:10A4E000D6F814803A68101D00F07AFD601C17D170
:10A4F000B5B1D7F800C039683A683B683F6856F88C
:10A50000605F7468CCF808407E61A068C860A0688D
:10A51000111D4160181DA060681C3060BDE8F0810D
:10A52000386814EB0804446006D3F06939680431D4
:10A53000BDE8F04100F0A4BDB0693968043100F015
:10A540009FFDF06A844238BFF462BDE8F0810000EC
:10A550002DE9F04381B0044600F0D2FD40F28406BC
:10A5600040F63058C2F20046C2F2004840F6345578
:10A57000B068C2F200450130B060D8F8000068B1A0
:10A58000F068002840F00A81D8F80000E16AC06A4B
:10A59000884298BFC8F8004000E100BFC8F80040FA
:10A5A000B068012840F0FA80284600F059FD05F116
:10A5B000140000F055FD05F1280000F051FD05F1F3
:10A5C0003C0000F04DFD05F1500000F049FD05F1A3
:10A5D000640000F045FD05F1780000F041FD05F153
:10A5E0008C0000F03DFD05F1A00000F039FD05F103
:10A5F000B40000F035FD05F1C80000F031FD05F1B3
:10A60000DC0000F02DFD05F1F00000F029FD05F55E
:10A61000827000F025FD05F58C7000F021FD05F538
:10A62000967000F01DFD05F5A07000F019FD05F510
:10A63000AA7000F015FD05F5B47000F011FD05F5E8
:10A64000BE7000F00DFD05F5C87000F009FD05F5C0
:10A65000D27000F005FD05F5DC7000F001FD05F598
:10A66000E67000F0FDFC05F5F07000F0F9FC05F572
:10A67000FA7000F0F5FC05F5027000F0F1FC05F54C
:10A68000077000F0EDFC05F50C7000F0E9FC05F535
:10A69000117000F0E5FC05F5167000F0E1FC05F521
:10A6A0001B7000F0DDFC05F5207000F0D9FC05F50D
:10A6B000257000F0D5FC05F52A7000F0D1FC05F5F9
:10A6C0002F7000F0CDFC05F5347000F0C9FC05F5E5
:10A6D000397000F0C5FC05F53E7000F0C1FC05F5D1
:10A6E000437000F0BDFC05F5487000F0B9FC05F5BD
:10A6F0004D7000F0B5FC05F5527000F0B1FC05F5A9
:10A70000577000F0ADFC05F55C7000F0A9FC05F594
:10A71000617000F0A5FC05F5667000F0A1FC05F580
:10A720006B7000F09DFC05F5707000F099FC05F56C
:10A73000757000F095FC05F57A7000F091FC05F558
:10A740007F7000F08DFC05F5826000F089FC05F259
:10A75000244000F085FC05F5876000F081FC05F2DF
:10A760004C4000F07DFC40F29019C2F2004948468E
:10A7700000F076FC09F11407384600F071FC06F190
:10A780004C0000F06DFC06F1380000F069FC06F1A9
:10A79000600000F065FCC6F81890F7613068271D6E
:10A7A000316A421CE06A32608842626488BF30626B
:10A7B00000EB800005EB800161614A68A26093684C
:10A7C000E360936897605F6055F82010013145F8A9
:10A7D000201000F0BDFCF06880B1D8F80000E16AFC
:10A7E000C06A88420AD24EF604504FF08051CEF231
:10A7F00000000160BFF34F8FBFF36F8F01B0BDE862
:10A80000F08300000000000040F2840540F634565A
:10A810004EF60458C2F20045C2F20046CEF20008DD
:10A820004FF0805703E000BF204600F0A9FC6868A5
:10A83000D0B100F065FC686CC468201D00F0D0FB4E
:10A84000A8680138A86068680138686000F080FC7A
:10A8500094F859000228EAD00128E5D070B9206B9D
:10A8600000F08EFCE0E700BF30680228DFD3C8F8B4
:10A870000070BFF34F8FBFF36F8FD8E74FF05000DA
:10A8800080F31188BFF36F8FBFF34F8FFEE7000097
:10A890002DE9F04381B00A9C16460F468146206B95
:10A8A0009100A5229846089DF5F741FE002F206BE8
:10A8B00053D0397884F83410397800294AD079781F
:10A8C00084F835107978002944D0B97884F83610A6
:10A8D000B97800293ED0F97884F83710F978C9B3EF
:10A8E000397984F838103979A1B3797984F8391035
:10A8F000797979B3B97984F83A10B97951B3F9799A
:10A9000084F83B10F97929B3397A84F83C10397A04
:10A9100001B3797A84F83D10797AD9B1B97A84F89B
:10A920003E10B97AB1B1F97A84F83F10F97A89B159
:10A93000397B84F84010397B61B1797B84F8411010
:10A94000797B39B1B97B84F84210B97B11B1F97BBD
:10A9500084F84310002184F84310382D0AD34FF0B7
:10A96000500080F31188BFF36F8FBFF34F8F00BF8C
:10A97000FEE700BF00EB8600099F0438E56220F087
:10A980000706201DE56400F077FB04F1180000F0D5
:10A9900073FBC5F13800A061304649464246246148
:10A9A000646200F005FB002F206018BF3C6001B01E
:10A9B000BDE8F0830000000008480068006880F3EC
:10A9C00008884FF0000080F3148862B661B6BFF3C8
:10A9D0004F8FBFF36F8F00DF00BF000008ED00E076
:10A9E00081B00020009040F21000C2F200400068E8
:10A9F0004FF0500181F31188BFF36F8FBFF34F8F7A
:10AA0000013003D0FEE700BF009838B9009828B99C
:10AA10000098002804BF00980028F5D001B07047C6
:10AA200084B040F2F809E846C2F20049D9F80800BB
:10AA300006681EB1C068D0F800A001E04FF0000A1F
:10AA400000F076FE01F0DCFAD9F810108346884257
:10AA50001FD3002EC9F810B060D0DA455ED801F0DF
:10AA60001BFCD9F80800C068C668371D384600F0DE
:10AA7000B7FA96F82800410738D400F0FE0086F8AF
:10AA8000280071E000F0FE0086F82800316A3046A8
:10AA90008847D9F808000168B1B3C068C66805687E
:10AAA000371D384600F09CFA96F828004107E9D592
:10AAB000B069441974604019366108D2316A304671
:10AAC0008847B0692118044474603661F6D3D9F818
:10AAD0000C00394600F0D4FAD8E700BFABEB0A010E
:10AAE00081423BD3316A30468847A246B06936611D
:10AAF00000EB0A0474605C45F0D9D34509F1080005
:10AB00002ED25445EED22BE0D9F80C10C9F810B073
:10AB1000C9E9021001F0C0FB32E000BF16B100220B
:10AB200006E000BFD9F80C000068B0FA80F04209D6
:10AB3000D9F80000AAEB0B0100F072FC01F0ACFBAD
:10AB4000F0B94EF604504FF08051CEF20000016093
:10AB5000BFF34F8FBFF36F8F12E000BF09F10C00FE
:10AB60000068394600F08CFA316A3046884707E0C1
:10AB700001F0FE008BF82800DBF8201058468847CB
:10AB8000D9F800000022414601F002F800283FF405
:10AB90004DAF0098B0F1FF3F06DCDDE901200399DD
:10ABA000904700980028EBD4DDF808B0DBF81400DB
:10ABB00018B10BF1040000F013FA01F021FAD9F8F2
:10ABC00010108246884208D330E000BF00F0FE003B
:10ABD00087F82800396A38468847D9F8080001689C
:10ABE00001B3C068C76805683C1D204600F0F8F94D
:10ABF00097F828004107E9D5B86946197E604019E1
:10AC00003F6108D2396A38468847B8693118064426
:10AC10007E603F61F6D3D9F80C00214600F030FA8F
:10AC2000D8E700BFD9F80C10C9E902100098C9F89C
:10AC300010A001380828A3D8DFE800F006061E227D
:10AC40006A06061E220000BF019ADBF818009BF876
:10AC5000281086185F46564541F001038BF82830CE
:10AC600047F8046FCBF810B026D9924509F10803D4
:10AC700028D296422CD225E09BF8280050E000BF55
:10AC80009BF8280040F00101019800288BF828105B
:10AC9000CBF8180052D0504409F10C0259465045E7
:10ACA00088BF09F1080241F8040FCBF810B0106812
:10ACB00000F0E6F964E700BFAAEB0202824207D285
:10ACC00009F10C031868394600F0DAF958E700BFBB
:10ACD0004A077FF54DAF019901440AE0AAEB010153
:10ACE000814223D3DBF8201058468847DBF8180050
:10ACF00021460C18CBF804405445CBF810B0EDD9E0
:10AD00008A4509F1080013D28C42EBD210E000BF53
:10AD10009BF82800810703D4584600F031FA2FE74A
:10AD200000F0FE008BF828002AE700BF09F10C00B4
:10AD30000068394600F0A4F91EE700BF4FF050004C
:10AD400080F31188BFF36F8FBFF34F8FFEE70000D2
:10AD5000F0B581B0044600F0D3F994F94560012EB6
:10AD600010DB04F1240503E0F0B2013E012809D90B
:10AD7000286838B1284601F017FA0028F4D000F00E
:10AD8000DBFBF1E7FF2684F8456000F0E1F900F015
:10AD9000B7F994F94470012F10DB04F1100503E0BA
:10ADA000F8B2013F012809D9286838B1284601F0D6
:10ADB000FBF90028F4D000F0BFFBF1E784F8446011
:10ADC00001B0BDE8F04000F0C3B900000000000091
:10ADD00070B5044600F0ACFC40F23410C2F2004002
:10ADE000016811BB41F22D71C2F20041CA1D11F080
:10ADF000070322F00702A1EB020618BF11464FF429
:10AE00008032002B18BF06F58032002341610A44CE
:10AE10008361083A22F007020260C2E90033521A45
:10AE20004A6003680B60C0E9012204F10802092AA4
:10AE300012D201F031FA00F00BF90024600700F0A3
:10AE4000B4804FF0500080F31188BFF36F8FBFF3D1
:10AE50004F8F00BFFEE700BF14F0070106D009398D
:10AE60008A42E6D804F1100121F00702012AE0DB52
:10AE700041688A42DDD886465EF814CFDCF804309B
:10AE8000934230D2DCF80010E1B164464B68934243
:10AE90001CD20D68D5B16B6893421BD2D5F800E087
:10AEA000BEF1000F16D0DEF80430934216D2DEF861
:10AEB00000409CB16368934214D22168A4460029E3
:10AEC000E4D110E000F1140E0DE000BF8C46A64660
:10AED00009E000BFAC468E4605E000BFF446AE4632
:10AEE00001E000BFA44601688C45A2D0991ADEF8A3
:10AEF00000601129DCF80030CEF800303DD30CEBB7
:10AF0000020463070AD04FF0500080F31188BFF3AA
:10AF10006F8FBFF34F8F00BFFEE700BF616000F18E
:10AF20001401CCF804200B68A3420BD21968A1428B
:10AF30000CD20B68A34205D219681A46A142F2D37B
:10AF400005E000BF0A46194601E000BF1A465568F1
:10AF50005319A342636802D12B4414465360E51889
:10AF60008D4206D10568A9421EBFD1E900152B44C8
:10AF70006360A242216018BF1460DCF8041006F17F
:10AF80000804D0E90123521A42609A4241F000417C
:10AF900038BF82600022CCE90021C1680131C16064
:10AFA00001F07AF960077FF44CAF204670BD0000D5
:10AFB0004AF6E11321F00101C0F6000340F80C3C11
:10AFC0004FF0807340F8202C40E902136FF002012B
:10AFD00040F8241CA0F1440108467047000000001E
:10AFE000D0E9013201699A60D0F808C04A6882420B
:10AFF0004FF00002CCF8043008BFC1F804C0026171
:10B000000868013808600868704700000000000008
:10B0100041F63433C2F20143036041F23470C2F2AC
:10B02000014008604FF4807010607047000000001D
:10B0300042F29033C2F20143036041F69030C2F213
:10B04000014008604FF4007010607047000000007D
:10B050007047000000000000704700000000000082
:10B0600002464FF0FF3142F8081F00214260C0E95C
:10B070000322016070470000002101617047000059
:10B0800010B5D1F800E01EF1010213D000F1080460
:10B0900062681368734511D853681C68744511D8E9
:10B0A0005A68146874450FD85468A44623687345D9
:10B0B000EED90BE00269D2F804C007E094462246BC
:10B0C00004E000BF9C4601E094461A46C1F804C063
:10B0D000CCF808108A605160086101680131016094
:10B0E00010BD000000000000DFF80C00016841F412
:10B0F000700101607047000088ED00E00000000072
:10B100004FF0500080F31188BFF36F8FBFF34F8F64
:10B1100040F21000C2F200400168002901F1010173
:10B12000016001D0704700BF4EF60450CEF200001F
:10B130000068000608BF70474FF0500080F3118888
:10B14000BFF36F8FBFF34F8FFEE7000000000000DA
:10B1500040F21000C2F20040016839B101390160CB
:10B1600018BF7047002080F3118870474FF05000DF
:10B1700080F31188BFF36F8FBFF34F8FFEE700009E
:10B18000B0B5002808BFB0BD044650F8040C002834
:10B190000AD44FF0500080F31188BFF36F8FBFF3D4
:10B1A0004F8F00BFFEE700BFA4F10805296849B131
:10B1B0004FF0500080F31188BFF36F8FBFF34F8FB4
:10B1C000FEE700BF20F0004044F8040C00F0B0FAA5
:10B1D00040F2341C54F8042CC2F2004CDCF8041089
:10B1E0001144CCF804100CF1140100BF0B68AB4201
:10B1F0000AD21968A94229D20B68AB4204D2196855
:10B200001C46A942F2D301E00C4619466368E018D7
:10B21000A84202D11A4425466260A818884207D184
:10B22000DCF8000081421EBFD1E9001010446860C4
:10B23000AC42296018BF2560DCF810000130CCF862
:10B240001000BDE8B04001F027B800BF1C4663689D
:10B25000E018A842E1D1DDE74EF210000021CEF265
:10B26000000044F6D352C1F262020160816040F2F4
:10B270000801C2F200410968A1FB02124FF0FF3140
:10B2800001EB92114160072101607047000000004E
:10B2900040F25010EFF305811029C2F2004011D3A3
:10B2A0004EF2F032CEF20002895C0278914209D26D
:10B2B0004FF0500080F31188BFF36F8FBFF34F8FB3
:10B2C000FEE700BF4EF60C51CEF20001096840685F
:10B2D00001F4E061814298BF70474FF0500080F365
:10B2E0001188BFF36F8FBFF34F8F00BFFEE70000E1
:10B2F00010B5002870D0002908BF10BD42F2EC3311
:10B30000C2F201435A68824270D0DA6882426FD03A
:10B310001A464FF0000C52F8084F002C18BF624636
:10B320001C68D3F814E0002C08BF1A46864567D085
:10B330009E465EF8104F002C08BFF446DEF80C4025
:10B34000002A18BF9446844256D09E465EF8182FB5
:10B35000002A4FF0000208BF7246DEF80C40BCF134
:10B36000000F18BF624684424FF0000C44D09E4646
:10B370005EF8204F002C08BFF446DEF80C40002A8F
:10B3800018BF9446844237D01C464FF0000E54F844
:10B39000282F002A08BFA646E268BCF1000F18BF9C
:10B3A000E64682424FF0000230D09C465CF8304FB7
:10B3B000002C08BF6246DCF80C40BEF1000F18BF3D
:10B3C0007246844226D0EAB953F8382F002A1A462A
:10B3D00008BFC2E9001017E04FF0500080F3118859
:10B3E000BFF36F8FBFF34F8FFEE700BF1A4609E030
:10B3F00003F1080206E000BF0EF1080202E000BF00
:10B4000003F11002C2E9001010BD00BF04F10802F0
:10B41000F8E700BF0CF10802F4E7000000000000AC
:10B4200070B515460E460446FFF76AFE94F84400D0
:10B43000FF280DD094F84500FF2810D0FFF788FEB4
:10B44000A06BA0B12046BDE87040FFF781BC00BFF3
:10B45000002084F8440094F84500FF28EED1002035
:10B4600084F84500FFF774FEA06B0028EAD104F1D0
:10B47000240031462A4600F083F82046BDE870409B
:10B48000FFF766BC00000000F0B581B0002839D09D
:10B4900040F284050446C2F20045286950B14FF0DD
:10B4A000500080F31188BFF36F8FBFF34F8F00BF41
:10B4B000FEE700BF286940F6305601302861C2F22D
:10B4C00000466F6930680430FFF78AFD3068E41980
:10B4D000446009D3E86931680431FFF7D1FD00F019
:10B4E000DBFE68B90EE000BFA86931680431FFF7E0
:10B4F000C7FDE86A844238BFEC6200F0CDFE08B1B7
:10B5000001B0F0BD4EF604504FF08051CEF2000075
:10B510000160BFF34F8FBFF36F8F01B0F0BD00002C
:10B5200040F28401C2F200414A6B02604969416005
:10B53000704700000000000040F284000121C2F2C8
:10B54000004041627047000010B578B10C4640F6EB
:10B550003051C2F2004109681831FFF791FD012115
:10B560002046BDE81040FEF7AFBF00BF4FF05000CF
:10B5700080F31188BFF36F8FBFF34F8FFEE700009A
:10B58000F0B581B010B340F630550C46C2F200451C
:10B5900041682B68D9618B682E6833622B688E688E
:10B5A00003F1180373602B6803F118038B6029689B
:10B5B0008862016801F1010101608AB14FF0FF303A
:10B5C000114601B0BDE8F040FEF77EBF4FF05000DD
:10B5D00080F31188BFF36F8FBFF34F8FFEE700BF7B
:10B5E00040F28406C2F20046776928680430FFF70B
:10B5F000F7FC2868E419446008D3F069296804312D
:10B6000001B0BDE8F040FFF73BBD00BFB06929685D
:10B610000431FFF735FDF06A844238BFF46201B0AF
:10B62000F0BD00000000000070B588B0002005A942
:10B63000CDE9050006A804AAFFF7EAFC059E002E46
:10B6400048D0069C002C4FD0049D5C2007900798A2
:10B650005C2853D107985C212046F4F770FF2663DD
:10B66000022084F8590007A800210023CDE900102A
:10B670004AF609002BA1C0F600002A460294FFF703
:10B6800007F92046FEF764FF40F284040798C2F2EF
:10B690000044A062B0B100F0A3FE411C38D00128E4
:10B6A00010D14FF0500080F31188BFF36F8FBFF3BC
:10B6B0004F8F4FF0FF30E0620120E06000206061BA
:10B6C00000F002F94CF29460C0F60000006808B087
:10B6D00070BD00BF4FF0500080F31188BFF36F8F33
:10B6E000BFF34F8FFEE700BF4FF0500080F311888B
:10B6F000BFF36F8FBFF34F8FFEE700BF4FF05000D7
:10B7000080F31188BFF36F8FBFF34F8FFEE700BF49
:10B710004FF0500080F31188BFF36F8FBFF34F8F4E
:10B72000FEE700BF49444C45000000000000000057
:10B7300040F28400C2F200400169013101617047AA
:10B7400070B540F28404C2F20044206910B10120B7
:10B75000606270BD40F630560020C2F20046606262
:10B760003068006B0168B1F1A53F0BD14168B1F1C0
:10B77000A53F07D18168B1F1A53F03D1C068B0F101
:10B78000A53F04D0306831683431FFF765FC206A8A
:10B7900040F63451C2F2004100EB800251F82230F1
:10B7A00083B100EB800201EB82031A4652F8041FBA
:10B7B000151D49681160A9421ED0C9683160206218
:10B7C00070BD00BF01EB8202283AD8B153691BBBA0
:10B7D000012817D013680BBB022813D052F8143C71
:10B7E000F3B903280ED052F8283C0438002BA2F1FC
:10B7F0005002EAD0D5E700BFD9681160C96831604E
:10B80000206270BD4FF0500080F31188BFF36F8F3E
:10B81000BFF34F8FFEE700BF0138C2E70238C0E731
:10B820000338BEE70000000080B584B0002841D096
:10B830000246006800283DD090F80F32D3B392F949
:10B840004030002B36D49FED1D1A0122B4EE410A80
:10B85000F1EE10FA2BDC9FED1A1AB4EE410AF1EE6C
:10B8600010FA24DBDBB290F80EE2002202928DF88F
:10B87000081010EE101A43EA0E220DF1040C02F12A
:10B88000905E70228DF809200CF104028DF80C10E6
:10B890000B0A8DF80D300B0C090E8DF80F10714648
:10B8A000CDF804E08DF80E30FCF7A6FB02461046FA
:10B8B00004B080BD0122104604B080BDFFFF7F7F31
:10B8C000FFFF7FFF00000000B0B584B04EF20040E3
:10B8D0004CF27021CEF20000C4F20F114B1CD0F8D4
:10B8E00000299A420AD14FF0500080F31188BFF32B
:10B8F0006F8FBFF34F8F00BFFEE700BFD0F8002966
:10B900008A4209D14FF0500080F31188BFF36F8F46
:10B91000BFF34F8FFEE700BF0021019101788DF842
:10B920000B10FF21017001788DF803109DF80310B2
:10B9300011F0500240F25011C2F200410A700BD0D7
:10B940009DF8032002F05002502A0FD19DF90320E8
:10B95000B2F1FF3F48DC1FE04FF0500080F3118848
:10B96000BFF36F8FBFF34F8FFEE700BF4FF0500064
:10B9700080F31188BFF36F8FBFF34F8FFEE700BFD7
:10B98000019A013201929DF8032052008DF80320A4
:10B990009DF90320002A27D5019A013201929DF8D2
:10B9A000032052008DF803209DF90320B2F1FF3FE0
:10B9B0001ADC019A013201929DF8032052008DF8A1
:10B9C00003209DF90320B2F1FF3FDFBF019A01324E
:10B9D00001929DF80320DFBF52008DF803209DF9EE
:10B9E0000320B2F1FF3FCBDD019A0024082A4FF07B
:10B9F000000206D0019A4FF4E063A3EB022202F4A6
:10BA0000E0624A609DF80B100170D0F8201941F4F3
:10BA10007F01C0F82019D0F8201941F07F41C0F80B
:10BA20002019FFF719FC40F21005C2F200452C6006
:10BA3000FFF75AFB4EF63470CEF20000016841F079
:10BA400040410160FEF7B8FFFFF77AFE03942868D3
:10BA50004FF0500181F31188BFF36F8FBFF34F8F09
:10BA6000013003D0FEE700BF039838B9039828B926
:10BA70000398002804BF03980028F5D0002004B0E4
:10BA8000B0BD00000000000080B54FF0500080F312
:10BA90001188BFF36F8FBFF34F8F00F0C5FA30B13D
:10BAA0004EF604504FF08051CEF2000001600020AD
:10BAB00080F3118880BD000070B582B083B120B1E1
:10BAC0001C4601B90AB9A9B1A2B94FF0500080F3E0
:10BAD0001188BFF36F8FBFF34F8F00BFFEE700BF2A
:10BAE0004FF0500080F31188BFF36F8FBFF34F8F7B
:10BAF000FEE700BF50230193019B502B08D1019B0F
:10BB00004FF0010384F8463061B122600BE000BFC2
:10BB10004FF0500080F31188BFF36F8FBFF34F8F4A
:10BB2000FEE700BF2460A0FB0123E06321644BB16A
:10BB30004FF0500080F31188BFF36F8FBFF34F8F2A
:10BB4000FEE700BF069EFFF7DBFAD4E90F0122688B
:10BB5000002501FB0023013800FB0120A563626082
:10BB6000C4E90230FF2084F8440084F8450004F161
:10BB70001000FFF775FA04F12400FFF771FAFFF7E0
:10BB8000E7FA84F84C60204602B070BD0000000067
:10BB90002DE9F04F83B0029290B1044616460D464F
:10BBA00000294BD000F01CFAA0B99EB14FF0500014
:10BBB00080F31188BFF36F8FBFF34F8FFEE700BF95
:10BBC0004FF0500080F31188BFF36F8FBFF34F8F9A
:10BBD000FEE700BFFFF794FAD4F838A0BAF1000FDF
:10BBE0003AD0226C52B1D4E902308118E160994216
:10BBF00001D32168E1602846F4F754FCAAF1010062
:10BC0000A06354F8100F002800F08C80204600F04C
:10BC1000CBFA002800F08E804EF604504FF0805191
:10BC2000CEF2000001260160BFF34F8FBFF36F8F8C
:10BC3000FFF78EFA304603B0BDE8F08F206C002885
:10BC4000B0D04FF0500080F31188BFF36F8FBFF377
:10BC50004F8F00BFFEE700BF002E4FF000066AD0F6
:10BC6000EB4604F124085846FFF75AFC0DF1080989
:10BC7000FFF76EFAFFF75CFDFFF742FA94F8440015
:10BC8000FF2808BF84F8446094F84500FF2808BFE7
:10BC900084F84560FFF75CFA5846494600F058F8CA
:10BCA00060B12046FFF754F800F0F6FAFFF728FAE3
:10BCB000A76BFFF74DFA1FBB44E000BFFFF720FA68
:10BCC000A76BFFF745FA2FB12046FFF741F800F0C8
:10BCD000E3FA15E002994046FFF736FC2046FFF7ED
:10BCE00037F800F0D9FA58B94EF604504FF08051A9
:10BCF000CEF200000160BFF34F8FBFF36F8F00BF24
:10BD0000FFF7FEF9D4F838A0BAF1000F7FF469AF5D
:10BD100002980028ACD10026FFF71AFA304603B08B
:10BD2000BDE8F08F0126FFF713FA304603B0BDE8F7
:10BD3000F08F00BF0126FFF70BFA304603B0BDE8D5
:10BD4000F08F00BF0026304603B0BDE8F08F000042
:10BD5000B0B5E8B10D4629B30446FFF7D1F940F27A
:10BD6000840CC2F2004CDCF8142029684B1C23D050
:10BD7000D4E9000EDCF83430834223D0724521D35D
:10BD8000002028600124FFF7E3F92046B0BD00BF82
:10BD90004FF0500080F31188BFF36F8FBFF34F8FC8
:10BDA000FEE700BF4FF0500080F31188BFF36F8FA4
:10BDB000BFF34F8FFEE700BF0024FFF7C9F920460D
:10BDC000B0BD00BFA2EB0E0291420DD9881A2860C7
:10BDD000DCF834002060DCF8140060600024FFF719
:10BDE000B7F92046B0BD00BF012400202860FFF74E
:10BDF000AFF92046B0BD00002DE9F04F83B00746F3
:10BE00009000984615468946FEF7E2FFF8B10646CF
:10BE10005C20FEF7DDFFB8B15C210446DDE90CBA19
:10BE2000F4F78DFB384649462A4643462663CDE95A
:10BE300000BA0294FEF72CFD2046FEF789FB012094
:10BE400003B0BDE8F08F00BF3046FFF799F94FF01F
:10BE5000FF3003B0BDE8F08F2DE9F04786B00F9DAD
:10BE600065B3DDF84080B8F1000F31D004465C20A6
:10BE7000049004985C2835D10F4604985C21404614
:10BE800099461646DDF838A0F4F759FBC8F830504B
:10BE9000022088F8590005A8CDE901082046394656
:10BEA00032464B46CDF800A0FEF7F2FC4046FEF7C6
:10BEB0004FFB059806B0BDE8F08700BF4FF050007B
:10BEC00080F31188BFF36F8FBFF34F8FFEE700BF82
:10BED0004FF0500080F31188BFF36F8FBFF34F8F87
:10BEE000FEE700BF4FF0500080F31188BFF36F8F63
:10BEF000BFF34F8FFEE70000F0B581B080B1C9B14C
:10BF000040F28405C2F200452A69EAB14FF05000C0
:10BF100080F31188BFF36F8FBFF34F8FFEE700BF31
:10BF20004FF0500080F31188BFF36F8FBFF34F8F36
:10BF3000FEE700BF4FF0500080F31188BFF36F8F12
:10BF4000BFF34F8FFEE700BF2A6901322A616A6999
:10BF500003689A42194407D299424FF000040160E5
:10BF600028D2914208D825E09942016004D3914239
:10BF700002D800241EE000BF40F630566C69C2F2C1
:10BF800000468F1A30680430FFF72AF83068E41949
:10BF9000446005D3E86931680431FFF771F808E0BF
:10BFA000A86931680431FFF76BF8E86A844238BF4A
:10BFB000EC62012400F070F910B1204601B0F0BD30
:10BFC0004EF604504FF08051CEF200000160BFF3F6
:10BFD0004F8FBFF36F8F204601B0F0BD000000000F
:10BFE00040F28400C2F20040C16829B10069B0FA91
:10BFF00080F04009400070470120704700000000B9
:10C0000040F28400C2F20040406970470000000026
:10C0100080B5FFF73DF940F28400C2F2004040696C
:10C0200080BD0000000000002DE9F04740F2840AC6
:10C03000C2F2004ADAF8100040B1DAF830000130FC
:10C04000CAF830000020BDE8F08700BFDAF814001D
:10C0500010F10109CAF8149028D3DAF81800006822
:10C0600050B14FF0500080F31188BFF36F8FBFF3D2
:10C070004F8F00BFFEE700BFDAF81800DAF81C3077
:10C08000CAF81830CAF81C00DAF834000130CAF8CF
:10C090003400DAF81800006820B1DAF81800C06837
:10C0A000006801E04FF0FF30CAF82C00DAF82C00ED
:10C0B00040F6305C40F634588145C2F2004CC2F282
:10C0C000004801D200205DE0DAF818004FF0000EC1
:10C0D000006800284ED0002022E000BFE66ADAF8AF
:10C0E00020108E4206EB860188BFCAF8206008EB5C
:10C0F000810262615368A3609F68E7609F689D60EA
:10C100007D6058F82120013248F82120DCF8001029
:10C11000C96ADAF818208E4288BF0120116869B315
:10C12000DAF81840E468E468254655F8046FB1452C
:10C1300026D3D4E9023766699F60E7687268AA422D
:10C140007B6008BF77603268013A3260A66A002ED1
:10C15000C4D0E269276A04F11803716897609942B4
:10C16000276A7A6008BF7760C4F828E0316801392F
:10C170003160B3E74FF0FF36002001E04FF0FF36AB
:10C18000CAF82C60DCF80010C96A01EB810158F88C
:10C190002110012988BF0120DAF82410002918BFD6
:10C1A0000120BDE8F087000070B5C068C06868B3C2
:10C1B000C269816A036A00F1180E93604B68D0F877
:10C1C00020C07345CCF804204FF0000208BFC1F82E
:10C1D00004C0826240F2840C0A68C2F2004C013A48
:10C1E0000A60DCF81010D9B1614651F84C2F816219
:10C1F0004B68C36101329C6804629C68C3F808E024
:10C20000C4F804E00A60C36A37E000BF4FF0500092
:10C2100080F31188BFF36F8FBFF34F8FFEE700BF2E
:10C2200082684369C16800F1040E91605C68C1686E
:10C2300074454A6040F6345208BF59601968C2F22A
:10C24000004201391960C36ADCF820108B4203EB0D
:10C25000830188BFCCF8203002EB8104446165681B
:10C260008560AE68C660AE68C5F808E0C6F804E050
:10C2700052F82100013042F8210040F63050C2F25D
:10C2800000400068C06A834204D90120CCF8240031
:10C2900070BD00BF002070BD2DE9F04381B040F2B9
:10C2A0008404C2F20044206970B1FEF729FF2069BE
:10C2B00001382061206988B10024FEF749FF20463B
:10C2C00001B0BDE8F08300BF4FF0500080F311884B
:10C2D000BFF36F8FBFF34F8FFEE700BFA06800284A
:10C2E000EAD0E06C002856D040F6345940F6305879
:10C2F0004FF0000EC2F20049C2F200484FF0010CAC
:10C30000A06DC36803F11807DE69986A1D6AB560FD
:10C3100042681D6ABA426E6008BF4560C3F828E0F3
:10C320000268013A0260181D9A685D69DE689660CD
:10C330006F68DE688742726008BF6E602A68013AE3
:10C340002A60DD6A226A954205EB850288BF256274
:10C3500009EB82065E6177689F60B968D960B96849
:10C36000B860486059F82200013049F82200D8F836
:10C370000000C06A854288BFC4F824C0E06C002871
:10C38000BED1A069006818B1A069C068006801E06A
:10C390004FF0FF30E062256B4DB10126FFF744FE00
:10C3A000002818BF6662013DF8D100202063606A52
:10C3B00000283FF481AF4EF604504FF08051CEF28A
:10C3C000000001240160BFF34F8FBFF36F8FFEF7B2
:10C3D000BFFE204601B0BDE8F08300000000000071
:10C3E00070B586B0FEF78CFE40F2F806C2F2004649
:10C3F000306808BB06F114042046FEF731FE06F152
:10C4000028052846FEF72CFE40F6404240F6E04361
:10C41000C2F20042C2F200430A201021C6E90245DE
:10C4200000250095FFF748FB306028B14CF28E6183
:10C43000C0F60001FEF75CFFFEF78AFE3068D8B157
:10C44000002004A9CDE9040005A803AAFEF7F0FD29
:10C45000DDE9032002210023CDE900104AF6212066
:10C460000AA1C0F60000059D0295FFF7F5FC70607B
:10C4700010B1012006B070BD4FF0500080F311885C
:10C48000BFF36F8FBFF34F8FFEE700BF546D722075
:10C4900053766300F1EE100A4FF6FF71C0F2C0311F
:10C4A00020EA010040F04070E1EE100A7047000001
:10C4B000000000000000000000000000000000007C
:10C4C0000000000001000000020000000300000066
:10C4D0000400000000000000050000000000000053
:10C4E0000000000000000000060000000000000046
:10C4F0000000000000000000070000000004081019
:10C500002040010408102040000000000102030444
:10C5100001020304060708090100020004000600E6
:10C5200008000A000C0010002000400080000001FC
:10C5300079C60008000000000000000000000000B4
:10C5400000000000001000002000000000000000BB
:10C550000000000070C6000800000000000000009D
:10C560000000000000000000000C00002800000097
:10C57000000000000000000000010203040506079F
:10C58000080C1014182030400101010307010000BD
:10C59000080402040801010115001700010202024B
:10C5A000050015000500000000000000CDCC4C3E49
:10C5B0000000000000008C420000A03F07001700B0
:10C5C0000700000000000000CDCC4C3E0000000041
:10C5D00000008C420000A03FFD00000098C500084C
:10C5E0000400000085C600080000000000000000F4
:10C5F000000000000000000000100000200000000B
:10C600000000000000000000010000000000614583
:10C6100000003442000000000000A04002000000C2
:10C620000000614500003442000000000000A0400E
:10C6300027000000010000000500000000000000CD
:10C640000000184100000000000000000000000091
:10C6500028000000010000000500000000000000AC
:10C660000000184100000000000000000000000071
:10C67000636F6D6D5461736B00636861737369738D
:10C680005461736B006C6966745461736B00546D14
:10C690007251000037000000B8C6000800000024F6
:10C6A0001800000008030008D0C600081800002485
:10C6B00018360100240300080100000010000000EB
:10C6C0000090D0030090D003AAAAAAAA00000000FC
:04000005080002CD20
:00000001FF
