t_ms,true_x,true_y,yaw_deg,map_x,map_y,seg,return_mode,single_axis,route_complete,return_complete,front_cm,left_cm,out_vx,out_vy,map_lim,front_lim,left_lim,clearance
0,2.6260,0.3085,0.00,0.0000,0.0000,0,0,0,0,0,20,20,0,0,0,0,0,1000.000
10,2.6260,0.3085,0.00,0.0000,0.0000,0,0,0,0,0,20,20,0,0,0,0,0,1000.000
20,2.6260,0.3085,0.00,0.0000,0.0000,0,0,0,0,0,20,20,0,0,0,0,0,1000.000
30,2.6260,0.3085,0.00,0.0000,0.0000,0,0,0,0,0,20,20,0,0,0,0,0,1000.000
40,2.6260,0.3085,0.00,0.0000,0.0000,0,0,0,0,0,20,20,0,0,0,0,0,1000.000
50,2.6260,0.3085,0.00,0.0000,0.0000,0,0,0,0,0,20,20,0,0,0,0,0,1000.000
60,2.6260,0.3085,0.00,0.0000,0.0000,0,0,0,0,0,20,20,0,0,0,0,0,1000.000
70,2.6260,0.3085,0.00,0.0000,0.0000,0,0,0,0,0,20,20,0,0,0,0,0,1000.000
80,2.6260,0.3085,0.00,0.0000,0.0000,0,0,0,0,0,20,20,0,0,0,0,0,1000.000
90,2.6260,0.3085,0.00,0.0000,0.0000,0,0,0,0,0,20,20,0,0,0,0,0,1000.000
100,2.6260,0.3085,0.00,0.0000,0.0000,0,0,0,0,0,20,20,0,0,0,0,0,1000.000
110,2.6260,0.3085,0.00,0.0000,0.0000,0,0,0,0,0,20,20,0,0,0,0,0,1000.000
120,2.6260,0.3085,0.00,0.0000,0.0000,0,0,0,0,0,20,20,0,0,0,0,0,1000.000
130,2.6260,0.3085,0.00,0.0000,0.0000,0,0,0,0,0,20,20,0,0,0,0,0,1000.000
140,2.6260,0.3085,0.00,0.0000,0.0000,0,0,0,0,0,20,20,0,0,0,0,0,1000.000
150,2.6260,0.3085,0.00,0.0000,0.0000,0,0,0,0,0,20,20,0,0,0,0,0,1000.000
160,2.6260,0.3085,0.00,0.0000,0.0000,0,0,0,0,0,20,20,0,0,0,0,0,1000.000
170,2.6260,0.3085,0.00,0.0000,0.0000,0,0,0,0,0,20,20,0,0,0,0,0,1000.000
180,2.6260,0.3085,0.00,0.0000,0.0000,0,0,0,0,0,20,20,0,0,0,0,0,1000.000
190,2.6260,0.3085,0.00,0.0000,0.0000,0,0,0,0,0,20,20,0,0,0,0,0,1000.000
200,2.6260,0.3085,0.00,0.0000,0.0000,0,0,0,0,0,20,20,0,0,0,0,0,1000.000
210,2.6260,0.3085,0.00,0.0000,0.0000,0,0,0,0,0,20,20,0,0,0,0,0,1000.000
220,2.6260,0.3085,0.00,0.0000,0.0000,0,0,0,0,0,20,20,0,0,0,0,0,1000.000
230,2.6260,0.3085,0.00,0.0000,0.0000,0,0,0,0,0,20,20,0,0,0,0,0,1000.000
240,2.6260,0.3085,0.00,0.0000,0.0000,0,0,0,0,0,20,20,0,0,0,0,0,1000.000
250,2.6260,0.3085,0.00,0.0000,0.0000,0,0,0,0,0,20,20,0,0,0,0,0,1000.000
260,2.6260,0.3085,0.00,0.0000,0.0000,0,0,0,0,0,20,20,0,0,0,0,0,1000.000
270,2.6260,0.3085,0.00,0.0000,0.0000,0,0,0,0,0,20,20,0,0,0,0,0,1000.000
280,2.6260,0.3085,0.00,0.0000,0.0000,0,0,0,0,0,20,20,0,0,0,0,0,1000.000
290,2.6260,0.3085,0.00,0.0000,0.0000,0,0,0,0,0,20,20,0,0,0,0,0,1000.000
300,2.6260,0.3085,0.00,0.0000,0.0000,0,0,0,0,0,20,20,0,0,0,0,0,1000.000
310,2.6260,0.3085,0.00,0.0000,0.0000,0,0,0,0,0,20,20,0,0,0,0,0,1000.000
320,2.6260,0.3085,0.00,0.0000,0.0000,0,0,0,0,0,20,20,0,0,0,0,0,1000.000
330,2.6260,0.3085,0.00,0.0000,0.0000,0,0,0,0,0,20,20,0,0,0,0,0,1000.000
340,2.6260,0.3085,0.00,0.0000,0.0000,0,0,0,0,0,20,20,0,0,0,0,0,1000.000
350,2.6260,0.3085,0.00,0.0000,0.0000,0,0,0,0,0,20,20,0,0,0,0,0,1000.000
360,2.6260,0.3085,0.00,0.0000,0.0000,0,0,0,0,0,20,20,0,0,0,0,0,1000.000
370,2.6260,0.3085,0.00,0.0000,0.0000,0,0,0,0,0,20,20,0,0,0,0,0,1000.000
380,2.6260,0.3085,0.00,0.0000,0.0000,0,0,0,0,0,20,20,0,0,0,0,0,1000.000
390,2.6260,0.3085,0.00,0.0000,0.0000,0,0,0,0,0,20,20,0,0,0,0,0,1000.000
400,2.6260,0.3085,0.00,0.0000,0.0000,0,0,0,0,0,20,20,0,0,0,0,0,1000.000
410,2.6260,0.3085,0.00,0.0000,0.0000,0,0,0,0,0,20,20,0,0,0,0,0,1000.000
420,2.6260,0.3085,0.00,0.0000,0.0000,0,0,0,0,0,20,20,0,0,0,0,0,1000.000
430,2.6260,0.3085,0.00,0.0000,0.0000,0,0,0,0,0,20,20,0,0,0,0,0,1000.000
440,2.6260,0.3085,0.00,0.0000,0.0000,0,0,0,0,0,20,20,0,0,0,0,0,1000.000
450,2.6260,0.3085,0.00,0.0000,0.0000,0,0,0,0,0,20,20,0,0,0,0,0,1000.000
460,2.6260,0.3085,0.00,0.0000,0.0000,0,0,0,0,0,20,20,0,0,0,0,0,1000.000
470,2.6260,0.3085,0.00,0.0000,0.0000,0,0,0,0,0,20,20,0,0,0,0,0,1000.000
480,2.6260,0.3085,0.00,0.0000,0.0000,0,0,0,0,0,20,20,0,0,0,0,0,1000.000
490,2.6260,0.3085,0.00,0.0000,0.0000,0,0,0,0,0,20,20,0,0,0,0,0,1000.000
500,2.6260,0.3085,0.00,0.0000,0.0000,0,0,0,0,0,20,20,0,0,0,0,0,1000.000
510,2.6260,0.3085,0.00,0.0000,0.0000,0,0,0,0,0,20,20,0,0,0,0,0,1000.000
520,2.6260,0.3085,0.00,0.0000,0.0000,0,0,0,0,0,20,20,0,0,0,0,0,1000.000
530,2.6260,0.3085,0.00,0.0000,0.0000,0,0,0,0,0,20,20,0,0,0,0,0,1000.000
540,2.6260,0.3085,0.00,0.0000,0.0000,0,0,0,0,0,20,20,0,0,0,0,0,1000.000
550,2.6260,0.3085,0.00,0.0000,0.0000,0,0,0,0,0,20,20,0,0,0,0,0,1000.000
560,2.6260,0.3085,0.00,0.0000,0.0000,0,0,0,0,0,20,20,0,0,0,0,0,1000.000
570,2.6260,0.3085,0.00,0.0000,0.0000,0,0,0,0,0,20,20,0,0,0,0,0,1000.000
580,2.6260,0.3085,0.00,0.0000,0.0000,0,0,0,0,0,20,20,0,0,0,0,0,1000.000
590,2.6260,0.3085,0.00,0.0000,0.0000,0,0,0,0,0,20,20,0,0,0,0,0,1000.000
600,2.6260,0.3085,0.00,0.0000,0.0000,0,0,0,0,0,20,20,0,0,0,0,0,1000.000
610,2.6260,0.3085,0.00,0.0000,0.0000,0,0,0,0,0,20,20,0,0,0,0,0,1000.000
620,2.6260,0.3085,0.00,0.0000,0.0000,0,0,0,0,0,20,20,0,0,0,0,0,1000.000
630,2.6260,0.3085,0.00,0.0000,0.0000,0,0,0,0,0,20,20,0,0,0,0,0,1000.000
640,2.6260,0.3085,0.00,0.0000,0.0000,0,0,0,0,0,20,20,0,0,0,0,0,1000.000
650,2.6260,0.3085,0.00,0.0000,0.0000,0,0,0,0,0,20,20,0,0,0,0,0,1000.000
660,2.6260,0.3085,0.00,0.0000,0.0000,0,0,0,0,0,20,20,0,0,0,0,0,1000.000
670,2.6260,0.3085,0.00,0.0000,0.0000,0,0,0,0,0,20,20,0,0,0,0,0,1000.000
680,2.6260,0.3085,0.00,0.0000,0.0000,0,0,0,0,0,20,20,0,0,0,0,0,1000.000
690,2.6260,0.3085,0.00,0.0000,0.0000,0,0,0,0,0,20,20,0,0,0,0,0,1000.000
700,2.6260,0.3085,0.00,0.0000,0.0000,0,0,0,0,0,20,20,0,0,0,0,0,1000.000
710,2.6260,0.3085,0.00,0.0000,0.0000,0,0,0,0,0,20,20,0,0,0,0,0,1000.000
720,2.6260,0.3085,0.00,0.0000,0.0000,0,0,0,0,0,20,20,0,0,0,0,0,1000.000
730,2.6260,0.3085,0.00,0.0000,0.0000,0,0,0,0,0,20,20,0,0,0,0,0,1000.000
740,2.6260,0.3085,0.00,0.0000,0.0000,0,0,0,0,0,20,20,0,0,0,0,0,1000.000
750,2.6260,0.3085,0.00,0.0000,0.0000,0,0,0,0,0,20,20,0,0,0,0,0,1000.000
760,2.6260,0.3085,0.00,0.0000,0.0000,0,0,0,0,0,20,20,0,0,0,0,0,1000.000
770,2.6260,0.3085,0.00,0.0000,0.0000,0,0,0,0,0,20,20,0,0,0,0,0,1000.000
780,2.6260,0.3085,0.00,0.0000,0.0000,0,0,0,0,0,20,20,0,0,0,0,0,1000.000
790,2.6260,0.3085,0.00,0.0000,0.0000,0,0,0,0,0,20,20,0,0,0,0,0,1000.000
800,2.6260,0.3085,0.00,0.0000,0.0000,0,0,0,0,0,20,20,0,0,0,0,0,1000.000
810,2.6260,0.3085,0.00,0.0000,0.0000,0,0,0,0,0,20,20,0,0,0,0,0,1000.000
820,2.6260,0.3085,0.00,0.0000,0.0000,0,0,0,0,0,20,20,0,0,0,0,0,1000.000
830,2.6260,0.3085,0.00,0.0000,0.0000,0,0,0,0,0,20,20,0,0,0,0,0,1000.000
840,2.6260,0.3085,0.00,0.0000,0.0000,0,0,0,0,0,20,20,0,0,0,0,0,1000.000
850,2.6260,0.3085,0.00,0.0000,0.0000,0,0,0,0,0,20,20,0,0,0,0,0,1000.000
860,2.6260,0.3085,0.00,0.0000,0.0000,0,0,0,0,0,20,20,0,0,0,0,0,1000.000
870,2.6260,0.3085,0.00,0.0000,0.0000,0,0,0,0,0,20,20,0,0,0,0,0,1000.000
880,2.6260,0.3085,0.00,0.0000,0.0000,0,0,0,0,0,20,20,0,0,0,0,0,1000.000
890,2.6260,0.3085,0.00,0.0000,0.0000,0,0,0,0,0,20,20,0,0,0,0,0,1000.000
900,2.6260,0.3085,0.00,0.0000,0.0000,0,0,0,0,0,20,20,0,0,0,0,0,1000.000
910,2.6260,0.3085,0.00,0.0000,0.0000,0,0,0,0,0,20,20,0,0,0,0,0,1000.000
920,2.6260,0.3085,0.00,0.0000,0.0000,0,0,0,0,0,20,20,0,0,0,0,0,1000.000
930,2.6260,0.3085,0.00,0.0000,0.0000,0,0,0,0,0,20,20,0,0,0,0,0,1000.000
940,2.6260,0.3085,0.00,0.0000,0.0000,0,0,0,0,0,20,20,0,0,0,0,0,1000.000
950,2.6260,0.3085,0.00,0.0000,0.0000,0,0,0,0,0,20,20,0,0,0,0,0,1000.000
960,2.6260,0.3085,0.00,0.0000,0.0000,0,0,0,0,0,20,20,0,0,0,0,0,1000.000
970,2.6260,0.3085,0.00,0.0000,0.0000,0,0,0,0,0,20,20,0,0,0,0,0,1000.000
980,2.6260,0.3085,0.00,0.0000,0.0000,0,0,0,0,0,20,20,0,0,0,0,0,1000.000
990,2.6260,0.3085,0.00,0.0000,0.0000,0,0,0,0,0,20,20,0,0,0,0,0,1000.000
1000,2.6260,0.3085,0.00,0.0000,0.0000,0,0,0,0,0,20,20,0,0,0,0,0,1000.000
1010,2.6260,0.3085,0.00,0.0000,0.0000,0,0,0,0,0,20,20,0,0,0,0,0,1000.000
1020,2.6260,0.3085,0.00,0.0000,0.0000,0,0,0,0,0,20,20,0,0,0,0,0,1000.000
1030,2.6260,0.3085,0.00,0.0000,0.0000,0,0,0,0,0,20,20,0,0,0,0,0,1000.000
1040,2.6260,0.3085,0.00,0.0000,0.0000,0,0,0,0,0,20,20,0,0,0,0,0,1000.000
1050,2.6260,0.3085,0.00,0.0000,0.0000,0,0,0,0,0,20,20,0,0,0,0,0,1000.000
1060,2.6260,0.3085,0.00,0.0000,0.0000,0,0,0,0,0,20,20,0,0,0,0,0,1000.000
1070,2.6260,0.3085,0.00,0.0000,0.0000,0,0,0,0,0,20,20,0,0,0,0,0,1000.000
1080,2.6260,0.3085,0.00,0.0000,0.0000,0,0,0,0,0,20,20,0,0,0,0,0,1000.000
1090,2.6260,0.3085,0.00,0.0000,0.0000,0,0,0,0,0,20,20,0,0,0,0,0,1000.000
1100,2.6260,0.3085,0.00,0.0000,0.0000,0,0,0,0,0,20,20,0,0,0,0,0,1000.000
1110,2.6260,0.3085,0.00,0.0000,0.0000,0,0,0,0,0,20,20,0,0,0,0,0,1000.000
1120,2.6260,0.3085,0.00,0.0000,0.0000,0,0,0,0,0,20,20,0,0,0,0,0,1000.000
1130,2.6260,0.3085,0.00,0.0000,0.0000,0,0,0,0,0,20,20,0,0,0,0,0,1000.000
1140,2.6260,0.3085,0.00,0.0000,0.0000,0,0,0,0,0,20,20,0,0,0,0,0,1000.000
1150,2.6260,0.3085,0.00,0.0000,0.0000,0,0,0,0,0,20,20,0,0,0,0,0,1000.000
1160,2.6260,0.3085,0.00,0.0000,0.0000,0,0,0,0,0,20,20,0,0,0,0,0,1000.000
1170,2.6260,0.3085,0.00,0.0000,0.0000,0,0,0,0,0,20,20,0,0,0,0,0,1000.000
1180,2.6260,0.3085,0.00,0.0000,0.0000,0,0,0,0,0,20,20,0,0,0,0,0,1000.000
1190,2.6260,0.3085,0.00,0.0000,0.0000,0,0,0,0,0,20,20,0,0,0,0,0,1000.000
1200,2.6260,0.3085,0.00,0.0000,0.0000,0,0,0,0,0,20,20,0,0,0,0,0,1000.000
1210,2.6260,0.3085,0.00,0.0000,0.0000,0,0,0,0,0,20,20,0,0,0,0,0,1000.000
1220,2.6260,0.3085,0.00,0.0000,0.0000,0,0,0,0,0,20,20,0,0,0,0,0,1000.000
1230,2.6260,0.3085,0.00,0.0000,0.0000,0,0,0,0,0,20,20,0,0,0,0,0,1000.000
1240,2.6260,0.3085,0.00,0.0000,0.0000,0,0,0,0,0,20,20,0,0,0,0,0,1000.000
1250,2.6260,0.3085,0.00,0.0000,0.0000,0,0,0,0,0,20,20,0,0,0,0,0,1000.000
1260,2.6260,0.3085,0.00,0.0000,0.0000,0,0,0,0,0,20,20,0,0,0,0,0,1000.000
1270,2.6260,0.3085,0.00,0.0000,0.0000,0,0,0,0,0,20,20,0,0,0,0,0,1000.000
1280,2.6260,0.3085,0.00,0.0000,0.0000,0,0,0,0,0,20,20,0,0,0,0,0,1000.000
1290,2.6260,0.3085,0.00,0.0000,0.0000,0,0,0,0,0,20,20,0,0,0,0,0,1000.000
1300,2.6260,0.3085,0.00,0.0000,0.0000,0,0,0,0,0,20,20,0,0,0,0,0,1000.000
1310,2.6260,0.3085,0.00,0.0000,0.0000,0,0,0,0,0,20,20,0,0,0,0,0,1000.000
1320,2.6260,0.3085,0.00,0.0000,0.0000,0,0,0,0,0,20,20,0,0,0,0,0,1000.000
1330,2.6260,0.3085,0.00,0.0000,0.0000,0,0,0,0,0,20,20,0,0,0,0,0,1000.000
1340,2.6260,0.3085,0.00,0.0000,0.0000,0,0,0,0,0,20,20,0,0,0,0,0,1000.000
1350,2.6260,0.3085,0.00,0.0000,0.0000,0,0,0,0,0,20,20,0,0,0,0,0,1000.000
1360,2.6260,0.3085,0.00,0.0000,0.0000,0,0,0,0,0,20,20,0,0,0,0,0,1000.000
1370,2.6260,0.3085,0.00,0.0000,0.0000,0,0,0,0,0,20,20,0,0,0,0,0,1000.000
1380,2.6260,0.3085,0.00,0.0000,0.0000,0,0,0,0,0,20,20,0,0,0,0,0,1000.000
1390,2.6260,0.3085,0.00,0.0000,0.0000,0,0,0,0,0,20,20,0,0,0,0,0,1000.000
1400,2.6260,0.3085,0.00,0.0000,0.0000,0,0,0,0,0,20,20,0,0,0,0,0,1000.000
1410,2.6260,0.3085,0.00,0.0000,0.0000,0,0,0,0,0,20,20,0,0,0,0,0,1000.000
1420,2.6260,0.3085,0.00,0.0000,0.0000,0,0,0,0,0,20,20,0,0,0,0,0,1000.000
1430,2.6260,0.3085,0.00,0.0000,0.0000,0,0,0,0,0,20,20,0,0,0,0,0,1000.000
1440,2.6260,0.3085,0.00,0.0000,0.0000,0,0,0,0,0,20,20,0,0,0,0,0,1000.000
1450,2.6260,0.3085,0.00,0.0000,0.0000,0,0,0,0,0,20,20,0,0,0,0,0,1000.000
1460,2.6260,0.3085,0.00,0.0000,0.0000,0,0,0,0,0,20,20,0,0,0,0,0,1000.000
1470,2.6260,0.3085,0.00,0.0000,0.0000,0,0,0,0,0,20,20,0,0,0,0,0,1000.000
1480,2.6260,0.3085,0.00,0.0000,0.0000,0,0,0,0,0,20,20,0,0,0,0,0,1000.000
1490,2.6260,0.3085,0.00,0.0000,0.0000,0,0,0,0,0,20,20,0,0,0,0,0,1000.000
1500,2.6260,0.3085,0.00,0.0000,0.0000,0,0,0,0,0,20,20,0,0,0,0,0,1000.000
1510,2.6260,0.3085,0.00,0.0000,0.0000,0,0,0,0,0,20,20,0,0,0,0,0,1000.000
1520,2.6260,0.3085,0.00,0.0000,0.0000,0,0,0,0,0,20,20,0,0,0,0,0,1000.000
1530,2.6260,0.3085,0.00,0.0000,0.0000,0,0,0,0,0,20,20,0,0,0,0,0,1000.000
1540,2.6260,0.3085,0.00,0.0000,0.0000,0,0,0,0,0,20,20,0,0,0,0,0,1000.000
1550,2.6260,0.3085,0.00,0.0000,0.0000,0,0,0,0,0,20,20,0,0,0,0,0,1000.000
1560,2.6260,0.3085,0.00,0.0000,0.0000,0,0,0,0,0,20,20,0,0,0,0,0,1000.000
1570,2.6260,0.3085,0.00,0.0000,0.0000,0,0,0,0,0,20,20,0,0,0,0,0,1000.000
1580,2.6260,0.3085,0.00,0.0000,0.0000,0,0,0,0,0,20,20,0,0,0,0,0,1000.000
1590,2.6260,0.3085,0.00,0.0000,0.0000,0,0,0,0,0,20,20,0,0,0,0,0,1000.000
1600,2.6260,0.3085,0.00,0.0000,0.0000,0,0,0,0,0,20,20,0,0,0,0,0,1000.000
1610,2.6260,0.3085,0.00,0.0000,0.0000,0,0,0,0,0,20,20,0,0,0,0,0,1000.000
1620,2.6260,0.3085,0.00,0.0000,0.0000,0,0,0,0,0,20,20,0,0,0,0,0,1000.000
1630,2.6260,0.3085,0.00,0.0000,0.0000,0,0,0,0,0,20,20,0,0,0,0,0,1000.000
1640,2.6260,0.3085,0.00,0.0000,0.0000,0,0,0,0,0,20,20,0,0,0,0,0,1000.000
1650,2.6260,0.3085,0.00,0.0000,0.0000,0,0,0,0,0,20,20,0,0,0,0,0,1000.000
1660,2.6260,0.3085,0.00,0.0000,0.0000,0,0,0,0,0,20,20,0,0,0,0,0,1000.000
1670,2.6260,0.3085,0.00,0.0000,0.0000,0,0,0,0,0,20,20,0,0,0,0,0,1000.000
1680,2.6260,0.3085,0.00,0.0000,0.0000,0,0,0,0,0,20,20,0,0,0,0,0,1000.000
1690,2.6260,0.3085,0.00,0.0000,0.0000,0,0,0,0,0,20,20,0,0,0,0,0,1000.000
1700,2.6260,0.3085,0.00,0.0000,0.0000,0,0,0,0,0,20,20,0,0,0,0,0,1000.000
1710,2.6260,0.3085,0.00,0.0000,0.0000,0,0,0,0,0,20,20,0,0,0,0,0,1000.000
1720,2.6260,0.3085,0.00,0.0000,0.0000,0,0,0,0,0,20,20,0,0,0,0,0,1000.000
1730,2.6260,0.3085,0.00,0.0000,0.0000,0,0,0,0,0,20,20,0,0,0,0,0,1000.000
1740,2.6260,0.3085,0.00,0.0000,0.0000,0,0,0,0,0,20,20,0,0,0,0,0,1000.000
1750,2.6260,0.3085,0.00,0.0000,0.0000,0,0,0,0,0,20,20,0,0,0,0,0,1000.000
1760,2.6260,0.3085,0.00,0.0000,0.0000,0,0,0,0,0,20,20,0,0,0,0,0,1000.000
1770,2.6260,0.3085,0.00,0.0000,0.0000,0,0,0,0,0,20,20,0,0,0,0,0,1000.000
1780,2.6260,0.3085,0.00,0.0000,0.0000,0,0,0,0,0,20,20,0,0,0,0,0,1000.000
1790,2.6260,0.3085,0.00,0.0000,0.0000,0,0,0,0,0,20,20,0,0,0,0,0,1000.000
1800,2.6260,0.3085,0.00,0.0000,0.0000,0,0,0,0,0,20,20,0,0,0,0,0,1000.000
1810,2.6260,0.3085,0.00,0.0000,0.0000,0,0,0,0,0,20,20,0,0,0,0,0,1000.000
1820,2.6260,0.3085,0.00,0.0000,0.0000,0,0,0,0,0,20,20,0,0,0,0,0,1000.000
1830,2.6260,0.3085,0.00,0.0000,0.0000,0,0,0,0,0,20,20,0,0,0,0,0,1000.000
1840,2.6260,0.3085,0.00,0.0000,0.0000,0,0,0,0,0,20,20,0,0,0,0,0,1000.000
1850,2.6260,0.3085,0.00,0.0000,0.0000,0,0,0,0,0,20,20,0,0,0,0,0,1000.000
1860,2.6260,0.3085,0.00,0.0000,0.0000,0,0,0,0,0,20,20,0,0,0,0,0,1000.000
1870,2.6260,0.3085,0.00,0.0000,0.0000,0,0,0,0,0,20,20,0,0,0,0,0,1000.000
1880,2.6260,0.3085,0.00,0.0000,0.0000,0,0,0,0,0,20,20,0,0,0,0,0,1000.000
1890,2.6260,0.3085,0.00,0.0000,0.0000,0,0,0,0,0,20,20,0,0,0,0,0,1000.000
1900,2.6260,0.3085,0.00,0.0000,0.0000,0,0,0,0,0,20,20,0,0,0,0,0,1000.000
1910,2.6260,0.3085,0.00,0.0000,0.0000,0,0,0,0,0,20,20,0,0,0,0,0,1000.000
1920,2.6260,0.3085,0.00,0.0000,0.0000,0,0,0,0,0,20,20,0,0,0,0,0,1000.000
1930,2.6260,0.3085,0.00,0.0000,0.0000,0,0,0,0,0,20,20,0,0,0,0,0,1000.000
1940,2.6260,0.3085,0.00,0.0000,0.0000,0,0,0,0,0,20,20,0,0,0,0,0,1000.000
1950,2.6260,0.3085,0.00,0.0000,0.0000,0,0,0,0,0,20,20,0,0,0,0,0,1000.000
1960,2.6260,0.3085,0.00,0.0000,0.0000,0,0,0,0,0,20,20,0,0,0,0,0,1000.000
1970,2.6260,0.3085,0.00,0.0000,0.0000,0,0,0,0,0,20,20,0,0,0,0,0,1000.000
1980,2.6260,0.3085,0.00,0.0000,0.0000,0,0,0,0,0,20,20,0,0,0,0,0,1000.000
1990,2.6260,0.3085,0.00,0.0000,0.0000,0,0,0,0,0,20,20,0,0,0,0,0,1000.000
2000,2.6260,0.3085,0.00,0.0000,0.0000,0,0,0,0,0,20,20,0,0,0,0,0,1000.000
2010,2.6260,0.3085,0.00,0.0000,0.0000,0,0,0,0,0,20,20,0,0,0,0,0,1000.000
2020,2.6260,0.3085,0.00,0.0000,0.0000,0,0,0,0,0,20,20,0,0,0,0,0,1000.000
2030,2.6260,0.3085,0.00,0.0000,0.0000,0,0,0,0,0,20,20,0,0,0,0,0,1000.000
2040,2.6260,0.3085,0.00,0.0000,0.0000,0,0,0,0,0,20,20,0,0,0,0,0,1000.000
2050,2.6260,0.3085,0.00,0.0000,0.0000,0,0,0,0,0,20,20,0,0,0,0,0,1000.000
2060,2.6260,0.3085,0.00,0.0000,0.0000,0,0,0,0,0,20,20,0,0,0,0,0,1000.000
2070,2.6260,0.3085,0.00,0.0000,0.0000,0,0,0,0,0,20,20,0,0,0,0,0,1000.000
2080,2.6260,0.3085,0.00,0.0000,0.0000,0,0,0,0,0,20,20,0,0,0,0,0,1000.000
2090,2.6260,0.3085,0.00,0.0000,0.0000,0,0,0,0,0,20,20,0,0,0,0,0,1000.000
2100,2.6260,0.3085,0.00,0.0000,0.0000,0,0,0,0,0,20,20,0,0,0,0,0,1000.000
2110,2.6260,0.3085,0.00,0.0000,0.0000,0,0,0,0,0,20,20,0,0,0,0,0,1000.000
2120,2.6260,0.3085,0.00,0.0000,0.0000,0,0,0,0,0,20,20,0,0,0,0,0,1000.000
2130,2.6260,0.3085,0.00,0.0000,0.0000,0,0,0,0,0,20,20,0,0,0,0,0,1000.000
2140,2.6260,0.3085,0.00,0.0000,0.0000,0,0,0,0,0,20,20,0,0,0,0,0,1000.000
2150,2.6260,0.3085,0.00,0.0000,0.0000,0,0,0,0,0,20,20,0,0,0,0,0,1000.000
2160,2.6260,0.3085,0.00,0.0000,0.0000,0,0,0,0,0,20,20,0,0,0,0,0,1000.000
2170,2.6260,0.3085,0.00,0.0000,0.0000,0,0,0,0,0,20,20,0,0,0,0,0,1000.000
2180,2.6260,0.3085,0.00,0.0000,0.0000,0,0,0,0,0,20,20,0,0,0,0,0,1000.000
2190,2.6260,0.3085,0.00,0.0000,0.0000,0,0,0,0,0,20,20,0,0,0,0,0,1000.000
2200,2.6260,0.3085,0.00,0.0000,0.0000,0,0,0,0,0,20,20,0,0,0,0,0,1000.000
2210,2.6260,0.3085,0.00,0.0000,0.0000,0,0,0,0,0,20,20,0,0,0,0,0,1000.000
2220,2.6260,0.3085,0.00,0.0000,0.0000,0,0,0,0,0,20,20,0,0,0,0,0,1000.000
2230,2.6260,0.3085,0.00,0.0000,0.0000,0,0,0,0,0,20,20,0,0,0,0,0,1000.000
2240,2.6260,0.3085,0.00,0.0000,0.0000,0,0,0,0,0,20,20,0,0,0,0,0,1000.000
2250,2.6260,0.3085,0.00,0.0000,0.0000,0,0,0,0,0,20,20,0,0,0,0,0,1000.000
2260,2.6260,0.3085,0.00,0.0000,0.0000,0,0,0,0,0,20,20,0,0,0,0,0,1000.000
2270,2.6260,0.3085,0.00,0.0000,0.0000,0,0,0,0,0,20,20,0,0,0,0,0,1000.000
2280,2.6260,0.3085,0.00,0.0000,0.0000,0,0,0,0,0,20,20,0,0,0,0,0,1000.000
2290,2.6260,0.3085,0.00,0.0000,0.0000,0,0,0,0,0,20,20,0,0,0,0,0,1000.000
2300,2.6260,0.3085,0.00,0.0000,0.0000,0,0,0,0,0,20,20,0,0,0,0,0,1000.000
2310,2.6260,0.3085,0.00,0.0000,0.0000,0,0,0,0,0,20,20,0,0,0,0,0,1000.000
2320,2.6260,0.3085,0.00,0.0000,0.0000,0,0,0,0,0,20,20,0,0,0,0,0,1000.000
2330,2.6260,0.3085,0.00,0.0000,0.0000,0,0,0,0,0,20,20,0,0,0,0,0,1000.000
2340,2.6260,0.3085,0.00,0.0000,0.0000,0,0,0,0,0,20,20,0,0,0,0,0,1000.000
2350,2.6260,0.3085,0.00,0.0000,0.0000,0,0,0,0,0,20,20,0,0,0,0,0,1000.000
2360,2.6260,0.3085,0.00,0.0000,0.0000,0,0,0,0,0,20,20,0,0,0,0,0,1000.000
2370,2.6260,0.3085,0.00,0.0000,0.0000,0,0,0,0,0,20,20,0,0,0,0,0,1000.000
2380,2.6260,0.3085,0.00,0.0000,0.0000,0,0,0,0,0,20,20,0,0,0,0,0,1000.000
2390,2.6260,0.3085,0.00,0.0000,0.0000,0,0,0,0,0,20,20,0,0,0,0,0,1000.000
2400,2.6260,0.3085,0.00,0.0000,0.0000,0,0,0,0,0,20,20,0,0,0,0,0,1000.000
2410,2.6260,0.3085,0.00,0.0000,0.0000,0,0,0,0,0,20,20,0,0,0,0,0,1000.000
2420,2.6260,0.3085,0.00,0.0000,0.0000,0,0,0,0,0,20,20,0,0,0,0,0,1000.000
2430,2.6260,0.3085,0.00,0.0000,0.0000,0,0,0,0,0,20,20,0,0,0,0,0,1000.000
2440,2.6260,0.3085,0.00,0.0000,0.0000,0,0,0,0,0,20,20,0,0,0,0,0,1000.000
2450,2.6260,0.3085,0.00,0.0000,0.0000,0,0,0,0,0,20,20,0,0,0,0,0,1000.000
2460,2.6260,0.3085,0.00,0.0000,0.0000,0,0,0,0,0,20,20,0,0,0,0,0,1000.000
2470,2.6260,0.3085,0.00,0.0000,0.0000,0,0,0,0,0,20,20,0,0,0,0,0,1000.000
2480,2.6260,0.3085,0.00,0.0000,0.0000,0,0,0,0,0,20,20,0,0,0,0,0,1000.000
2490,2.6260,0.3085,0.00,0.0000,0.0000,0,0,0,0,0,20,20,0,0,0,0,0,1000.000
2500,2.6260,0.3085,0.00,0.0000,0.0000,0,0,0,0,0,20,20,0,0,0,0,0,1000.000
2510,2.6260,0.3085,0.00,0.0000,0.0000,0,0,0,0,0,20,20,0,0,0,0,0,1000.000
2520,2.6260,0.3085,0.00,0.0000,0.0000,0,0,0,0,0,20,20,0,0,0,0,0,1000.000
2530,2.6260,0.3085,0.00,0.0000,0.0000,0,0,0,0,0,20,20,0,0,0,0,0,1000.000
2540,2.6260,0.3085,0.00,0.0000,0.0000,0,0,0,0,0,20,20,0,0,0,0,0,1000.000
2550,2.6260,0.3085,0.00,0.0000,0.0000,0,0,0,0,0,20,20,0,0,0,0,0,1000.000
2560,2.6260,0.3085,0.00,0.0000,0.0000,0,0,0,0,0,20,20,0,0,0,0,0,1000.000
2570,2.6260,0.3085,0.00,0.0000,0.0000,0,0,0,0,0,20,20,0,0,0,0,0,1000.000
2580,2.6260,0.3085,0.00,0.0000,0.0000,0,0,0,0,0,20,20,0,0,0,0,0,1000.000
2590,2.6260,0.3085,0.00,0.0000,0.0000,0,0,0,0,0,20,20,0,0,0,0,0,1000.000
2600,2.6260,0.3085,0.00,0.0000,0.0000,0,0,0,0,0,20,20,0,0,0,0,0,1000.000
2610,2.6260,0.3085,0.00,0.0000,0.0000,0,0,0,0,0,20,20,0,0,0,0,0,1000.000
2620,2.6260,0.3085,0.00,0.0000,0.0000,0,0,0,0,0,20,20,0,0,0,0,0,1000.000
2630,2.6260,0.3085,0.00,0.0000,0.0000,0,0,0,0,0,20,20,0,0,0,0,0,1000.000
2640,2.6260,0.3085,0.00,0.0000,0.0000,0,0,0,0,0,20,20,0,0,0,0,0,1000.000
2650,2.6260,0.3085,0.00,0.0000,0.0000,0,0,0,0,0,20,20,0,0,0,0,0,1000.000
2660,2.6260,0.3085,0.00,0.0000,0.0000,0,0,0,0,0,20,20,0,0,0,0,0,1000.000
2670,2.6260,0.3085,0.00,0.0000,0.0000,0,0,0,0,0,20,20,0,0,0,0,0,1000.000
2680,2.6260,0.3085,0.00,0.0000,0.0000,0,0,0,0,0,20,20,0,0,0,0,0,1000.000
2690,2.6260,0.3085,0.00,0.0000,0.0000,0,0,0,0,0,20,20,0,0,0,0,0,1000.000
2700,2.6260,0.3085,0.00,0.0000,0.0000,0,0,0,0,0,20,20,0,0,0,0,0,1000.000
2710,2.6260,0.3085,0.00,0.0000,0.0000,0,0,0,0,0,20,20,0,0,0,0,0,1000.000
2720,2.6260,0.3085,0.00,0.0000,0.0000,0,0,0,0,0,20,20,0,0,0,0,0,1000.000
2730,2.6260,0.3085,0.00,0.0000,0.0000,0,0,0,0,0,20,20,0,0,0,0,0,1000.000
2740,2.6260,0.3085,0.00,0.0000,0.0000,0,0,0,0,0,20,20,0,0,0,0,0,1000.000
2750,2.6260,0.3085,0.00,0.0000,0.0000,0,0,0,0,0,20,20,0,0,0,0,0,1000.000
2760,2.6260,0.3085,0.00,0.0000,0.0000,0,0,0,0,0,20,20,0,0,0,0,0,1000.000
2770,2.6260,0.3085,0.00,0.0000,0.0000,0,0,0,0,0,20,20,0,0,0,0,0,1000.000
2780,2.6260,0.3085,0.00,0.0000,0.0000,0,0,0,0,0,20,20,0,0,0,0,0,1000.000
2790,2.6260,0.3085,0.00,0.0000,0.0000,0,0,0,0,0,20,20,0,0,0,0,0,1000.000
2800,2.6260,0.3085,0.00,0.0000,0.0000,0,0,0,0,0,20,20,0,0,0,0,0,1000.000
2810,2.6260,0.3085,0.00,0.0000,0.0000,0,0,0,0,0,20,20,0,0,0,0,0,1000.000
2820,2.6260,0.3085,0.00,0.0000,0.0000,0,0,0,0,0,20,20,0,0,0,0,0,1000.000
2830,2.6260,0.3085,0.00,0.0000,0.0000,0,0,0,0,0,20,20,0,0,0,0,0,1000.000
2840,2.6260,0.3085,0.00,0.0000,0.0000,0,0,0,0,0,20,20,0,0,0,0,0,1000.000
2850,2.6260,0.3085,0.00,0.0000,0.0000,0,0,0,0,0,20,20,0,0,0,0,0,1000.000
2860,2.6260,0.3085,0.00,0.0000,0.0000,0,0,0,0,0,20,20,0,0,0,0,0,1000.000
2870,2.6260,0.3085,0.00,0.0000,0.0000,0,0,0,0,0,20,20,0,0,0,0,0,1000.000
2880,2.6260,0.3085,0.00,0.0000,0.0000,0,0,0,0,0,20,20,0,0,0,0,0,1000.000
2890,2.6260,0.3085,0.00,0.0000,0.0000,0,0,0,0,0,20,20,0,0,0,0,0,1000.000
2900,2.6260,0.3085,0.00,0.0000,0.0000,0,0,0,0,0,20,20,0,0,0,0,0,1000.000
2910,2.6260,0.3085,0.00,0.0000,0.0000,0,0,0,0,0,20,20,0,0,0,0,0,1000.000
2920,2.6260,0.3085,0.00,0.0000,0.0000,0,0,0,0,0,20,20,0,0,0,0,0,1000.000
2930,2.6260,0.3085,0.00,0.0000,0.0000,0,0,0,0,0,20,20,0,0,0,0,0,1000.000
2940,2.6260,0.3085,0.00,0.0000,0.0000,0,0,0,0,0,20,20,0,0,0,0,0,1000.000
2950,2.6260,0.3085,0.00,0.0000,0.0000,0,0,0,0,0,20,20,0,0,0,0,0,1000.000
2960,2.6260,0.3085,0.00,0.0000,0.0000,0,0,0,0,0,20,20,0,0,0,0,0,1000.000
2970,2.6260,0.3085,0.00,0.0000,0.0000,0,0,0,0,0,20,20,0,0,0,0,0,1000.000
2980,2.6260,0.3085,0.00,0.0000,0.0000,0,0,0,0,0,20,20,0,0,0,0,0,1000.000
2990,2.6260,0.3085,0.00,0.0000,0.0000,0,0,0,0,0,20,20,0,0,0,0,0,1000.000
3000,2.6260,0.3085,0.00,0.0000,0.0000,0,0,0,0,0,20,20,0,0,0,0,0,1000.000
3010,2.6260,0.3085,0.00,0.0000,0.0000,0,0,0,0,0,20,20,0,0,0,0,0,1000.000
3020,2.6260,0.3085,0.00,0.0000,0.0000,0,0,0,0,0,20,20,0,0,0,0,0,1000.000
3030,2.6260,0.3085,0.00,0.0000,0.0000,0,0,0,0,0,20,20,0,0,0,0,0,1000.000
3040,2.6260,0.3085,0.00,0.0000,0.0000,0,0,0,0,0,20,20,0,0,0,0,0,1000.000
3050,2.6260,0.3085,0.00,0.0000,0.0000,0,0,0,0,0,20,20,0,0,0,0,0,1000.000
3060,2.6260,0.3085,0.00,0.0000,0.0000,0,0,0,0,0,20,20,0,0,0,0,0,1000.000
3070,2.6260,0.3085,0.00,0.0000,0.0000,0,0,0,0,0,20,20,0,0,0,0,0,1000.000
3080,2.6260,0.3085,0.00,0.0000,0.0000,0,0,0,0,0,20,20,0,0,0,0,0,1000.000
3090,2.6260,0.3085,0.00,0.0000,0.0000,0,0,0,0,0,20,20,0,0,0,0,0,1000.000
3100,2.6260,0.3085,0.00,0.0000,0.0000,0,0,0,0,0,20,20,0,0,0,0,0,1000.000
3110,2.6260,0.3085,0.00,0.0000,0.0000,0,0,0,0,0,20,20,0,0,0,0,0,1000.000
3120,2.6260,0.3085,0.00,0.0000,0.0000,0,0,0,0,0,20,20,0,0,0,0,0,1000.000
3130,2.6260,0.3085,0.00,0.0000,0.0000,0,0,0,0,0,20,20,0,0,0,0,0,1000.000
3140,2.6260,0.3085,0.00,0.0000,0.0000,0,0,0,0,0,20,20,0,0,0,0,0,1000.000
3150,2.6260,0.3085,0.00,0.0000,0.0000,0,0,0,0,0,20,20,0,0,0,0,0,1000.000
3160,2.6260,0.3085,0.00,0.0000,0.0000,0,0,0,0,0,20,20,0,0,0,0,0,1000.000
3170,2.6260,0.3085,0.00,0.0000,0.0000,0,0,0,0,0,20,20,0,0,0,0,0,1000.000
3180,2.6260,0.3085,0.00,0.0000,0.0000,0,0,0,0,0,20,20,0,0,0,0,0,1000.000
3190,2.6260,0.3085,0.00,0.0000,0.0000,0,0,0,0,0,20,20,0,0,0,0,0,1000.000
3200,2.6260,0.3085,0.00,0.0000,0.0000,0,0,0,0,0,20,20,0,0,0,0,0,1000.000
3210,2.6260,0.3085,0.00,0.0000,0.0000,0,0,0,0,0,20,20,0,0,0,0,0,1000.000
3220,2.6260,0.3085,0.00,0.0000,0.0000,0,0,0,0,0,20,20,0,0,0,0,0,1000.000
3230,2.6260,0.3085,0.00,0.0000,0.0000,0,0,0,0,0,20,20,0,0,0,0,0,1000.000
3240,2.6260,0.3085,0.00,0.0000,0.0000,0,0,0,0,0,20,20,0,0,0,0,0,1000.000
3250,2.6260,0.3085,0.00,0.0000,0.0000,0,0,0,0,0,20,20,0,0,0,0,0,1000.000
3260,2.6260,0.3085,0.00,0.0000,0.0000,0,0,0,0,0,20,20,0,0,0,0,0,1000.000
3270,2.6260,0.3085,0.00,0.0000,0.0000,0,0,0,0,0,20,20,0,0,0,0,0,1000.000
3280,2.6260,0.3085,0.00,0.0000,0.0000,0,0,0,0,0,20,20,0,0,0,0,0,1000.000
3290,2.6260,0.3085,0.00,0.0000,0.0000,0,0,0,0,0,20,20,0,0,0,0,0,1000.000
3300,2.6260,0.3085,0.00,0.0000,0.0000,0,0,0,0,0,20,20,0,0,0,0,0,1000.000
3310,2.6260,0.3085,0.00,0.0000,0.0000,0,0,0,0,0,20,20,0,0,0,0,0,1000.000
3320,2.6260,0.3085,0.00,0.0000,0.0000,0,0,0,0,0,20,20,0,0,0,0,0,1000.000
3330,2.6260,0.3085,0.00,0.0000,0.0000,0,0,0,0,0,20,20,0,0,0,0,0,1000.000
3340,2.6260,0.3085,0.00,0.0000,0.0000,0,0,0,0,0,20,20,0,0,0,0,0,1000.000
3350,2.6260,0.3085,0.00,0.0000,0.0000,0,0,0,0,0,20,20,0,0,0,0,0,1000.000
3360,2.6260,0.3085,0.00,0.0000,0.0000,0,0,0,0,0,20,20,0,0,0,0,0,1000.000
3370,2.6260,0.3085,0.00,0.0000,0.0000,0,0,0,0,0,20,20,0,0,0,0,0,1000.000
3380,2.6260,0.3085,0.00,0.0000,0.0000,0,0,0,0,0,20,20,0,0,0,0,0,1000.000
3390,2.6260,0.3085,0.00,0.0000,0.0000,0,0,0,0,0,20,20,0,0,0,0,0,1000.000
3400,2.6260,0.3085,0.00,0.0000,0.0000,0,0,0,0,0,20,20,0,0,0,0,0,1000.000
3410,2.6260,0.3085,0.00,0.0000,0.0000,0,0,0,0,0,20,20,0,0,0,0,0,1000.000
3420,2.6260,0.3085,0.00,0.0000,0.0000,0,0,0,0,0,20,20,0,0,0,0,0,1000.000
3430,2.6260,0.3085,0.00,0.0000,0.0000,0,0,0,0,0,20,20,0,0,0,0,0,1000.000
3440,2.6260,0.3085,0.00,0.0000,0.0000,0,0,0,0,0,20,20,0,0,0,0,0,1000.000
3450,2.6260,0.3085,0.00,0.0000,0.0000,0,0,0,0,0,20,20,0,0,0,0,0,1000.000
3460,2.6260,0.3085,0.00,0.0000,0.0000,0,0,0,0,0,20,20,0,0,0,0,0,1000.000
3470,2.6260,0.3085,0.00,0.0000,0.0000,0,0,0,0,0,20,20,0,0,0,0,0,1000.000
3480,2.6260,0.3085,0.00,0.0000,0.0000,0,0,0,0,0,20,20,0,0,0,0,0,1000.000
3490,2.6260,0.3085,0.00,0.0000,0.0000,0,0,0,0,0,20,20,0,0,0,0,0,1000.000
3500,2.6260,0.3085,0.00,0.0000,0.0000,0,0,0,0,0,20,20,0,0,0,0,0,1000.000
3510,2.6260,0.3085,0.00,0.0000,0.0000,0,0,0,0,0,20,20,0,0,0,0,0,1000.000
3520,2.6260,0.3085,0.00,0.0000,0.0000,0,0,0,0,0,20,20,0,0,0,0,0,1000.000
3530,2.6260,0.3085,0.00,0.0000,0.0000,0,0,0,0,0,20,20,0,0,0,0,0,1000.000
3540,2.6260,0.3085,0.00,0.0000,0.0000,0,0,0,0,0,20,20,0,0,0,0,0,1000.000
3550,2.6260,0.3085,0.00,0.0000,0.0000,0,0,0,0,0,20,20,0,0,0,0,0,1000.000
3560,2.6260,0.3085,0.00,0.0000,0.0000,0,0,0,0,0,20,20,0,0,0,0,0,1000.000
3570,2.6260,0.3085,0.00,0.0000,0.0000,0,0,0,0,0,20,20,0,0,0,0,0,1000.000
3580,2.6260,0.3085,0.00,0.0000,0.0000,0,0,0,0,0,20,20,0,0,0,0,0,1000.000
3590,2.6260,0.3085,0.00,0.0000,0.0000,0,0,0,0,0,20,20,0,0,0,0,0,1000.000
3600,2.6260,0.3085,0.00,0.0000,0.0000,0,0,0,0,0,20,20,0,0,0,0,0,1000.000
3610,2.6260,0.3085,0.00,0.0000,0.0000,0,0,0,0,0,20,20,0,0,0,0,0,1000.000
3620,2.6260,0.3085,0.00,0.0000,0.0000,0,0,0,0,0,20,20,0,0,0,0,0,1000.000
3630,2.6260,0.3085,0.00,0.0000,0.0000,0,0,0,0,0,20,20,0,0,0,0,0,1000.000
3640,2.6260,0.3085,0.00,0.0000,0.0000,0,0,0,0,0,20,20,0,0,0,0,0,1000.000
3650,2.6260,0.3085,0.00,0.0000,0.0000,0,0,0,0,0,20,20,0,0,0,0,0,1000.000
3660,2.6260,0.3085,0.00,0.0000,0.0000,0,0,0,0,0,20,20,0,0,0,0,0,1000.000
3670,2.6260,0.3085,0.00,0.0000,0.0000,0,0,0,0,0,20,20,0,0,0,0,0,1000.000
3680,2.6260,0.3085,0.00,0.0000,0.0000,0,0,0,0,0,20,20,0,0,0,0,0,1000.000
3690,2.6260,0.3085,0.00,0.0000,0.0000,0,0,0,0,0,20,20,0,0,0,0,0,1000.000
3700,2.6260,0.3085,0.00,0.0000,0.0000,0,0,0,0,0,20,20,0,0,0,0,0,1000.000
3710,2.6260,0.3085,0.00,0.0000,0.0000,0,0,0,0,0,20,20,0,0,0,0,0,1000.000
3720,2.6260,0.3085,0.00,0.0000,0.0000,0,0,0,0,0,20,20,0,0,0,0,0,1000.000
3730,2.6260,0.3085,0.00,0.0000,0.0000,0,0,0,0,0,20,20,0,0,0,0,0,1000.000
3740,2.6260,0.3085,0.00,0.0000,0.0000,0,0,0,0,0,20,20,0,0,0,0,0,1000.000
3750,2.6260,0.3085,0.00,0.0000,0.0000,0,0,0,0,0,20,20,0,0,0,0,0,1000.000
3760,2.6260,0.3085,0.00,0.0000,0.0000,0,0,0,0,0,20,20,0,0,0,0,0,1000.000
3770,2.6260,0.3085,0.00,0.0000,0.0000,0,0,0,0,0,20,20,0,0,0,0,0,1000.000
3780,2.6260,0.3085,0.00,0.0000,0.0000,0,0,0,0,0,20,20,0,0,0,0,0,1000.000
3790,2.6260,0.3085,0.00,0.0000,0.0000,0,0,0,0,0,20,20,0,0,0,0,0,1000.000
3800,2.6260,0.3085,0.00,0.0000,0.0000,0,0,0,0,0,20,20,0,0,0,0,0,1000.000
3810,2.6260,0.3085,0.00,0.0000,0.0000,0,0,0,0,0,20,20,0,0,0,0,0,1000.000
3820,2.6260,0.3085,0.00,0.0000,0.0000,0,0,0,0,0,20,20,0,0,0,0,0,1000.000
3830,2.6260,0.3085,0.00,0.0000,0.0000,0,0,0,0,0,20,20,0,0,0,0,0,1000.000
3840,2.6260,0.3085,0.00,0.0000,0.0000,0,0,0,0,0,20,20,0,0,0,0,0,1000.000
3850,2.6260,0.3085,0.00,0.0000,0.0000,0,0,0,0,0,20,20,0,0,0,0,0,1000.000
3860,2.6260,0.3085,0.00,0.0000,0.0000,0,0,0,0,0,20,20,0,0,0,0,0,1000.000
3870,2.6260,0.3085,0.00,0.0000,0.0000,0,0,0,0,0,20,20,0,0,0,0,0,1000.000
3880,2.6260,0.3085,0.00,0.0000,0.0000,0,0,0,0,0,20,20,0,0,0,0,0,1000.000
3890,2.6260,0.3085,0.00,0.0000,0.0000,0,0,0,0,0,20,20,0,0,0,0,0,1000.000
3900,2.6260,0.3085,0.00,0.0000,0.0000,0,0,0,0,0,20,20,0,0,0,0,0,1000.000
3910,2.6260,0.3085,0.00,0.0000,0.0000,0,0,0,0,0,20,20,0,0,0,0,0,1000.000
3920,2.6260,0.3085,0.00,0.0000,0.0000,0,0,0,0,0,20,20,0,0,0,0,0,1000.000
3930,2.6260,0.3085,0.00,0.0000,0.0000,0,0,0,0,0,20,20,0,0,0,0,0,1000.000
3940,2.6260,0.3085,0.00,0.0000,0.0000,0,0,0,0,0,20,20,0,0,0,0,0,1000.000
3950,2.6260,0.3085,0.00,0.0000,0.0000,0,0,0,0,0,20,20,0,0,0,0,0,1000.000
3960,2.6260,0.3085,0.00,0.0000,0.0000,0,0,0,0,0,20,20,0,0,0,0,0,1000.000
3970,2.6260,0.3085,0.00,0.0000,0.0000,0,0,0,0,0,20,20,0,0,0,0,0,1000.000
3980,2.6260,0.3085,0.00,0.0000,0.0000,0,0,0,0,0,20,20,0,0,0,0,0,1000.000
3990,2.6260,0.3085,0.00,0.0000,0.0000,0,0,0,0,0,20,20,0,0,0,0,0,1000.000
4000,2.6260,0.3085,0.00,0.0000,0.0000,0,0,0,0,0,20,20,0,0,0,0,0,1000.000
4010,2.6260,0.3085,0.00,0.0000,0.0000,0,0,0,0,0,20,20,0,0,0,0,0,1000.000
4020,2.6260,0.3085,0.00,0.0000,0.0000,0,0,0,0,0,20,20,0,0,0,0,0,1000.000
4030,2.6260,0.3085,0.00,0.0000,0.0000,0,0,0,0,0,20,20,0,0,0,0,0,1000.000
4040,2.6260,0.3085,0.00,0.0000,0.0000,0,0,0,0,0,20,20,0,0,0,0,0,1000.000
4050,2.6260,0.3085,0.00,0.0000,0.0000,0,0,0,0,0,20,20,0,0,0,0,0,1000.000
4060,2.6260,0.3085,0.00,0.0000,0.0000,0,0,0,0,0,20,20,0,0,0,0,0,1000.000
4070,2.6260,0.3085,0.00,0.0000,0.0000,0,0,0,0,0,20,20,0,0,0,0,0,1000.000
4080,2.6260,0.3085,0.00,0.0000,0.0000,0,0,0,0,0,20,20,0,0,0,0,0,1000.000
4090,2.6260,0.3085,0.00,0.0000,0.0000,0,0,0,0,0,20,20,0,0,0,0,0,1000.000
4100,2.6260,0.3085,0.00,0.0000,0.0000,0,0,0,0,0,20,20,0,0,0,0,0,1000.000
4110,2.6260,0.3085,0.00,0.0000,0.0000,0,0,0,0,0,20,20,0,0,0,0,0,1000.000
4120,2.6260,0.3085,0.00,0.0000,0.0000,0,0,0,0,0,20,20,0,0,0,0,0,1000.000
4130,2.6260,0.3085,0.00,0.0000,0.0000,0,0,0,0,0,20,20,0,0,0,0,0,1000.000
4140,2.6260,0.3085,0.00,0.0000,0.0000,0,0,0,0,0,20,20,0,0,0,0,0,1000.000
4150,2.6260,0.3085,0.00,0.0000,0.0000,0,0,0,0,0,20,20,0,0,0,0,0,1000.000
4160,2.6260,0.3085,0.00,0.0000,0.0000,0,0,0,0,0,20,20,0,0,0,0,0,1000.000
4170,2.6260,0.3085,0.00,0.0000,0.0000,0,0,0,0,0,20,20,0,0,0,0,0,1000.000
4180,2.6260,0.3085,0.00,0.0000,0.0000,0,0,0,0,0,20,20,0,0,0,0,0,1000.000
4190,2.6260,0.3085,0.00,0.0000,0.0000,0,0,0,0,0,20,20,0,0,0,0,0,1000.000
4200,2.6260,0.3085,0.00,0.0000,0.0000,0,0,0,0,0,20,20,0,0,0,0,0,1000.000
4210,2.6260,0.3085,0.00,0.0000,0.0000,0,0,0,0,0,20,20,0,0,0,0,0,1000.000
4220,2.6260,0.3085,0.00,0.0000,0.0000,0,0,0,0,0,20,20,0,0,0,0,0,1000.000
4230,2.6260,0.3085,0.00,0.0000,0.0000,0,0,0,0,0,20,20,0,0,0,0,0,1000.000
4240,2.6260,0.3085,0.00,0.0000,0.0000,0,0,0,0,0,20,20,0,0,0,0,0,1000.000
4250,2.6260,0.3085,0.00,0.0000,0.0000,0,0,0,0,0,20,20,0,0,0,0,0,1000.000
4260,2.6260,0.3085,0.00,0.0000,0.0000,0,0,0,0,0,20,20,0,0,0,0,0,1000.000
4270,2.6260,0.3085,0.00,0.0000,0.0000,0,0,0,0,0,20,20,0,0,0,0,0,1000.000
4280,2.6260,0.3085,0.00,0.0000,0.0000,0,0,0,0,0,20,20,0,0,0,0,0,1000.000
4290,2.6260,0.3085,0.00,0.0000,0.0000,0,0,0,0,0,20,20,0,0,0,0,0,1000.000
4300,2.6260,0.3085,0.00,0.0000,0.0000,0,0,0,0,0,20,20,0,0,0,0,0,1000.000
4310,2.6260,0.3085,0.00,0.0000,0.0000,0,0,0,0,0,20,20,0,0,0,0,0,1000.000
4320,2.6260,0.3085,0.00,0.0000,0.0000,0,0,0,0,0,20,20,0,0,0,0,0,1000.000
4330,2.6260,0.3085,0.00,0.0000,0.0000,0,0,0,0,0,20,20,0,0,0,0,0,1000.000
4340,2.6260,0.3085,0.00,0.0000,0.0000,0,0,0,0,0,20,20,0,0,0,0,0,1000.000
4350,2.6260,0.3085,0.00,0.0000,0.0000,0,0,0,0,0,20,20,0,0,0,0,0,1000.000
4360,2.6260,0.3085,0.00,0.0000,0.0000,0,0,0,0,0,20,20,0,0,0,0,0,1000.000
4370,2.6260,0.3085,0.00,0.0000,0.0000,0,0,0,0,0,20,20,0,0,0,0,0,1000.000
4380,2.6260,0.3085,0.00,0.0000,0.0000,0,0,0,0,0,20,20,0,0,0,0,0,1000.000
4390,2.6260,0.3085,0.00,0.0000,0.0000,0,0,0,0,0,20,20,0,0,0,0,0,1000.000
4400,2.6260,0.3085,0.00,0.0000,0.0000,0,0,0,0,0,20,20,0,0,0,0,0,1000.000
4410,2.6260,0.3085,0.00,0.0000,0.0000,0,0,0,0,0,20,20,0,0,0,0,0,1000.000
4420,2.6260,0.3085,0.00,0.0000,0.0000,0,0,0,0,0,20,20,0,0,0,0,0,1000.000
4430,2.6260,0.3085,0.00,0.0000,0.0000,0,0,0,0,0,20,20,0,0,0,0,0,1000.000
4440,2.6260,0.3085,0.00,0.0000,0.0000,0,0,0,0,0,20,20,0,0,0,0,0,1000.000
4450,2.6260,0.3085,0.00,0.0000,0.0000,0,0,0,0,0,20,20,0,0,0,0,0,1000.000
4460,2.6260,0.3085,0.00,0.0000,0.0000,0,0,0,0,0,20,20,0,0,0,0,0,1000.000
4470,2.6260,0.3085,0.00,0.0000,0.0000,0,0,0,0,0,20,20,0,0,0,0,0,1000.000
4480,2.6260,0.3085,0.00,0.0000,0.0000,0,0,0,0,0,20,20,0,0,0,0,0,1000.000
4490,2.6260,0.3085,0.00,0.0000,0.0000,0,0,0,0,0,20,20,0,0,0,0,0,1000.000
4500,2.6260,0.3085,0.00,0.0000,0.0000,0,0,0,0,0,20,20,0,0,0,0,0,1000.000
4510,2.6260,0.3085,0.00,0.0000,0.0000,0,0,0,0,0,20,20,0,0,0,0,0,1000.000
4520,2.6260,0.3085,0.00,0.0000,0.0000,0,0,0,0,0,20,20,0,0,0,0,0,1000.000
4530,2.6260,0.3085,0.00,0.0000,0.0000,0,0,0,0,0,20,20,0,0,0,0,0,1000.000
4540,2.6260,0.3085,0.00,0.0000,0.0000,0,0,0,0,0,20,20,0,0,0,0,0,1000.000
4550,2.6260,0.3085,0.00,0.0000,0.0000,0,0,0,0,0,20,20,0,0,0,0,0,1000.000
4560,2.6260,0.3085,0.00,0.0000,0.0000,0,0,0,0,0,20,20,0,0,0,0,0,1000.000
4570,2.6260,0.3085,0.00,0.0000,0.0000,0,0,0,0,0,20,20,0,0,0,0,0,1000.000
4580,2.6260,0.3085,0.00,0.0000,0.0000,0,0,0,0,0,20,20,0,0,0,0,0,1000.000
4590,2.6260,0.3085,0.00,0.0000,0.0000,0,0,0,0,0,20,20,0,0,0,0,0,1000.000
4600,2.6260,0.3085,0.00,0.0000,0.0000,0,0,0,0,0,20,20,0,0,0,0,0,1000.000
4610,2.6260,0.3085,0.00,0.0000,0.0000,0,0,0,0,0,20,20,0,0,0,0,0,1000.000
4620,2.6260,0.3085,0.00,0.0000,0.0000,0,0,0,0,0,20,20,0,0,0,0,0,1000.000
4630,2.6260,0.3085,0.00,0.0000,0.0000,0,0,0,0,0,20,20,0,0,0,0,0,1000.000
4640,2.6260,0.3085,0.00,0.0000,0.0000,0,0,0,0,0,20,20,0,0,0,0,0,1000.000
4650,2.6260,0.3085,0.00,0.0000,0.0000,0,0,0,0,0,20,20,0,0,0,0,0,1000.000
4660,2.6260,0.3085,0.00,0.0000,0.0000,0,0,0,0,0,20,20,0,0,0,0,0,1000.000
4670,2.6260,0.3085,0.00,0.0000,0.0000,0,0,0,0,0,20,20,0,0,0,0,0,1000.000
4680,2.6260,0.3085,0.00,0.0000,0.0000,0,0,0,0,0,20,20,0,0,0,0,0,1000.000
4690,2.6260,0.3085,0.00,0.0000,0.0000,0,0,0,0,0,20,20,0,0,0,0,0,1000.000
4700,2.6260,0.3085,0.00,0.0000,0.0000,0,0,0,0,0,20,20,0,0,0,0,0,1000.000
4710,2.6260,0.3085,0.00,0.0000,0.0000,0,0,0,0,0,20,20,0,0,0,0,0,1000.000
4720,2.6260,0.3085,0.00,0.0000,0.0000,0,0,0,0,0,20,20,0,0,0,0,0,1000.000
4730,2.6260,0.3085,0.00,0.0000,0.0000,0,0,0,0,0,20,20,0,0,0,0,0,1000.000
4740,2.6260,0.3085,0.00,0.0000,0.0000,0,0,0,0,0,20,20,0,0,0,0,0,1000.000
4750,2.6260,0.3085,0.00,0.0000,0.0000,0,0,0,0,0,20,20,0,0,0,0,0,1000.000
4760,2.6260,0.3085,0.00,0.0000,0.0000,0,0,0,0,0,20,20,0,0,0,0,0,1000.000
4770,2.6260,0.3085,0.00,0.0000,0.0000,0,0,0,0,0,20,20,0,0,0,0,0,1000.000
4780,2.6260,0.3085,0.00,0.0000,0.0000,0,0,0,0,0,20,20,0,0,0,0,0,1000.000
4790,2.6260,0.3085,0.00,0.0000,0.0000,0,0,0,0,0,20,20,0,0,0,0,0,1000.000
4800,2.6260,0.3085,0.00,0.0000,0.0000,0,0,0,0,0,20,20,0,0,0,0,0,1000.000
4810,2.6260,0.3085,0.00,0.0000,0.0000,0,0,0,0,0,20,20,0,0,0,0,0,1000.000
4820,2.6260,0.3085,0.00,0.0000,0.0000,0,0,0,0,0,20,20,0,0,0,0,0,1000.000
4830,2.6260,0.3085,0.00,0.0000,0.0000,0,0,0,0,0,20,20,0,0,0,0,0,1000.000
4840,2.6260,0.3085,0.00,0.0000,0.0000,0,0,0,0,0,20,20,0,0,0,0,0,1000.000
4850,2.6260,0.3085,0.00,0.0000,0.0000,0,0,0,0,0,20,20,0,0,0,0,0,1000.000
4860,2.6260,0.3085,0.00,0.0000,0.0000,0,0,0,0,0,20,20,0,0,0,0,0,1000.000
4870,2.6260,0.3085,0.00,0.0000,0.0000,0,0,0,0,0,20,20,0,0,0,0,0,1000.000
4880,2.6260,0.3085,0.00,0.0000,0.0000,0,0,0,0,0,20,20,0,0,0,0,0,1000.000
4890,2.6260,0.3085,0.00,0.0000,0.0000,0,0,0,0,0,20,20,0,0,0,0,0,1000.000
4900,2.6260,0.3085,0.00,0.0000,0.0000,0,0,0,0,0,20,20,0,0,0,0,0,1000.000
4910,2.6260,0.3085,0.00,0.0000,0.0000,0,0,0,0,0,20,20,0,0,0,0,0,1000.000
4920,2.6260,0.3085,0.00,0.0000,0.0000,0,0,0,0,0,20,20,0,0,0,0,0,1000.000
4930,2.6260,0.3085,0.00,0.0000,0.0000,0,0,0,0,0,20,20,0,0,0,0,0,1000.000
4940,2.6260,0.3085,0.00,0.0000,0.0000,0,0,0,0,0,20,20,0,0,0,0,0,1000.000
4950,2.6260,0.3085,0.00,0.0000,0.0000,0,0,0,0,0,20,20,0,0,0,0,0,1000.000
4960,2.6260,0.3085,0.00,0.0000,0.0000,0,0,0,0,0,20,20,0,0,0,0,0,1000.000
4970,2.6260,0.3085,0.00,0.0000,0.0000,0,0,0,0,0,20,20,0,0,0,0,0,1000.000
4980,2.6260,0.3085,0.00,0.0000,0.0000,0,0,0,0,0,20,20,0,0,0,0,0,1000.000
4990,2.6260,0.3085,0.00,0.0000,0.0000,0,0,0,0,0,20,20,0,0,0,0,0,1000.000
5000,2.6260,0.3085,0.00,0.0000,0.0000,0,0,0,0,0,20,20,0,0,0,0,0,1000.000
5010,2.6260,0.3085,0.00,0.0000,0.0000,0,0,0,0,0,20,20,0,0,0,0,0,1000.000
5020,2.6260,0.3085,0.00,0.0000,0.0000,0,0,0,0,0,20,20,0,0,0,0,0,1000.000
5030,2.6260,0.3085,0.00,0.0000,0.0000,0,0,0,0,0,20,20,0,0,0,0,0,1000.000
5040,2.6260,0.3085,0.00,0.0000,0.0000,0,0,0,0,0,20,20,0,0,0,0,0,1000.000
5050,2.6260,0.3085,0.00,0.0000,0.0000,0,0,0,0,0,20,20,0,0,0,0,0,1000.000
5060,2.6260,0.3085,0.00,0.0000,0.0000,0,0,0,0,0,20,20,0,0,0,0,0,1000.000
5070,2.6260,0.3085,0.00,0.0000,0.0000,0,0,0,0,0,20,20,0,0,0,0,0,1000.000
5080,2.6260,0.3085,0.00,0.0000,0.0000,0,0,0,0,0,20,20,0,0,0,0,0,1000.000
5090,2.6260,0.3085,0.00,0.0000,0.0000,0,0,0,0,0,20,20,0,0,0,0,0,1000.000
5100,2.6260,0.3085,0.00,0.0000,0.0000,0,0,0,0,0,20,20,0,0,0,0,0,1000.000
5110,2.6260,0.3085,0.00,0.0000,0.0000,0,0,0,0,0,20,20,0,0,0,0,0,1000.000
5120,2.6260,0.3085,0.00,0.0000,0.0000,0,0,0,0,0,20,20,0,0,0,0,0,1000.000
5130,2.6260,0.3085,0.00,0.0000,0.0000,0,0,0,0,0,20,20,0,0,0,0,0,1000.000
5140,2.6260,0.3085,0.00,0.0000,0.0000,0,0,0,0,0,20,20,0,0,0,0,0,1000.000
5150,2.6260,0.3085,0.00,0.0000,0.0000,0,0,0,0,0,20,20,0,0,0,0,0,1000.000
5160,2.6260,0.3085,0.00,0.0000,0.0000,0,0,0,0,0,20,20,0,0,0,0,0,1000.000
5170,2.6260,0.3085,0.00,0.0000,0.0000,0,0,0,0,0,20,20,0,0,0,0,0,1000.000
5180,2.6260,0.3085,0.00,0.0000,0.0000,0,0,0,0,0,20,20,0,0,0,0,0,1000.000
5190,2.6260,0.3085,0.00,0.0000,0.0000,0,0,0,0,0,20,20,0,0,0,0,0,1000.000
5200,2.6260,0.3085,0.00,0.0000,0.0000,0,0,0,0,0,20,20,0,0,0,0,0,1000.000
5210,2.6260,0.3085,0.00,0.0000,0.0000,0,0,0,0,0,20,20,0,0,0,0,0,1000.000
5220,2.6260,0.3085,0.00,0.0000,0.0000,0,0,0,0,0,20,20,0,0,0,0,0,1000.000
5230,2.6260,0.3085,0.00,0.0000,0.0000,0,0,0,0,0,20,20,0,0,0,0,0,1000.000
5240,2.6260,0.3085,0.00,0.0000,0.0000,0,0,0,0,0,20,20,0,0,0,0,0,1000.000
5250,2.6260,0.3085,0.00,0.0000,0.0000,0,0,0,0,0,20,20,0,0,0,0,0,1000.000
5260,2.6260,0.3085,0.00,0.0000,0.0000,0,0,0,0,0,20,20,0,0,0,0,0,1000.000
5270,2.6260,0.3085,0.00,0.0000,0.0000,0,0,0,0,0,20,20,0,0,0,0,0,1000.000
5280,2.6260,0.3085,0.00,0.0000,0.0000,0,0,0,0,0,20,20,0,0,0,0,0,1000.000
5290,2.6260,0.3085,0.00,0.0000,0.0000,0,0,0,0,0,20,20,0,0,0,0,0,1000.000
5300,2.6260,0.3085,0.00,0.0000,0.0000,0,0,0,0,0,20,20,0,0,0,0,0,1000.000
5310,2.6260,0.3085,0.00,0.0000,0.0000,0,0,0,0,0,20,20,0,0,0,0,0,1000.000
5320,2.6260,0.3085,0.00,0.0000,0.0000,0,0,0,0,0,20,20,0,0,0,0,0,1000.000
5330,2.6260,0.3085,0.00,0.0000,0.0000,0,0,0,0,0,20,20,0,0,0,0,0,1000.000
5340,2.6260,0.3085,0.00,0.0000,0.0000,0,0,0,0,0,20,20,0,0,0,0,0,1000.000
5350,2.6260,0.3085,0.00,0.0000,0.0000,0,0,0,0,0,20,20,0,0,0,0,0,1000.000
5360,2.6260,0.3085,0.00,0.0000,0.0000,0,0,0,0,0,20,20,0,0,0,0,0,1000.000
5370,2.6260,0.3085,0.00,0.0000,0.0000,0,0,0,0,0,20,20,0,0,0,0,0,1000.000
5380,2.6260,0.3085,0.00,0.0000,0.0000,0,0,0,0,0,20,20,0,0,0,0,0,1000.000
5390,2.6260,0.3085,0.00,0.0000,0.0000,0,0,0,0,0,20,20,0,0,0,0,0,1000.000
5400,2.6260,0.3085,0.00,0.0000,0.0000,0,0,0,0,0,20,20,0,0,0,0,0,1000.000
5410,2.6260,0.3085,0.00,0.0000,0.0000,0,0,0,0,0,20,20,0,0,0,0,0,1000.000
5420,2.6260,0.3085,0.00,0.0000,0.0000,0,0,0,0,0,20,20,0,0,0,0,0,1000.000
5430,2.6260,0.3085,0.00,0.0000,0.0000,0,0,0,0,0,20,20,0,0,0,0,0,1000.000
5440,2.6260,0.3085,0.00,0.0000,0.0000,0,0,0,0,0,20,20,0,0,0,0,0,1000.000
5450,2.6260,0.3085,0.00,0.0000,0.0000,0,0,0,0,0,20,20,0,0,0,0,0,1000.000
5460,2.6260,0.3085,0.00,0.0000,0.0000,0,0,0,0,0,20,20,0,0,0,0,0,1000.000
5470,2.6260,0.3085,0.00,0.0000,0.0000,0,0,0,0,0,20,20,0,0,0,0,0,1000.000
5480,2.6260,0.3085,0.00,0.0000,0.0000,0,0,0,0,0,20,20,0,0,0,0,0,1000.000
5490,2.6260,0.3085,0.00,0.0000,0.0000,0,0,0,0,0,20,20,0,0,0,0,0,1000.000
5500,2.6260,0.3085,0.00,0.0000,0.0000,0,0,0,0,0,20,20,0,0,0,0,0,1000.000
5510,2.6260,0.3085,0.00,0.0000,0.0000,0,0,0,0,0,20,20,0,0,0,0,0,1000.000
5520,2.6260,0.3085,0.00,0.0000,0.0000,0,0,0,0,0,20,20,0,0,0,0,0,1000.000
5530,2.6260,0.3085,0.00,0.0000,0.0000,0,0,0,0,0,20,20,0,0,0,0,0,1000.000
5540,2.6260,0.3085,0.00,0.0000,0.0000,0,0,0,0,0,20,20,0,0,0,0,0,1000.000
5550,2.6260,0.3085,0.00,0.0000,0.0000,0,0,0,0,0,20,20,0,0,0,0,0,1000.000
5560,2.6260,0.3085,0.00,0.0000,0.0000,0,0,0,0,0,20,20,0,0,0,0,0,1000.000
5570,2.6260,0.3085,0.00,0.0000,0.0000,0,0,0,0,0,20,20,0,0,0,0,0,1000.000
5580,2.6260,0.3085,0.00,0.0000,0.0000,0,0,0,0,0,20,20,0,0,0,0,0,1000.000
5590,2.6260,0.3085,0.00,0.0000,0.0000,0,0,0,0,0,20,20,0,0,0,0,0,1000.000
5600,2.6260,0.3085,0.00,0.0000,0.0000,0,0,0,0,0,20,20,0,0,0,0,0,1000.000
5610,2.6260,0.3085,0.00,0.0000,0.0000,0,0,0,0,0,20,20,0,0,0,0,0,1000.000
5620,2.6260,0.3085,0.00,0.0000,0.0000,0,0,0,0,0,20,20,0,0,0,0,0,1000.000
5630,2.6260,0.3085,0.00,0.0000,0.0000,0,0,0,0,0,20,20,0,0,0,0,0,1000.000
5640,2.6260,0.3085,0.00,0.0000,0.0000,0,0,0,0,0,20,20,0,0,0,0,0,1000.000
5650,2.6260,0.3085,0.00,0.0000,0.0000,0,0,0,0,0,20,20,0,0,0,0,0,1000.000
5660,2.6260,0.3085,0.00,0.0000,0.0000,0,0,0,0,0,20,20,0,0,0,0,0,1000.000
5670,2.6260,0.3085,0.00,0.0000,0.0000,0,0,0,0,0,20,20,0,0,0,0,0,1000.000
5680,2.6260,0.3085,0.00,0.0000,0.0000,0,0,0,0,0,20,20,0,0,0,0,0,1000.000
5690,2.6260,0.3085,0.00,0.0000,0.0000,0,0,0,0,0,20,20,0,0,0,0,0,1000.000
5700,2.6260,0.3085,0.00,0.0000,0.0000,0,0,0,0,0,20,20,0,0,0,0,0,1000.000
5710,2.6260,0.3085,0.00,0.0000,0.0000,0,0,0,0,0,20,20,0,0,0,0,0,1000.000
5720,2.6260,0.3085,0.00,0.0000,0.0000,0,0,0,0,0,20,20,0,0,0,0,0,1000.000
5730,2.6260,0.3085,0.00,0.0000,0.0000,0,0,0,0,0,20,20,0,0,0,0,0,1000.000
5740,2.6260,0.3085,0.00,0.0000,0.0000,0,0,0,0,0,20,20,0,0,0,0,0,1000.000
5750,2.6260,0.3085,0.00,0.0000,0.0000,0,0,0,0,0,20,20,0,0,0,0,0,1000.000
5760,2.6260,0.3085,0.00,0.0000,0.0000,0,0,0,0,0,20,20,0,0,0,0,0,1000.000
5770,2.6260,0.3085,0.00,0.0000,0.0000,0,0,0,0,0,20,20,0,0,0,0,0,1000.000
5780,2.6260,0.3085,0.00,0.0000,0.0000,0,0,0,0,0,20,20,0,0,0,0,0,1000.000
5790,2.6260,0.3085,0.00,0.0000,0.0000,0,0,0,0,0,20,20,0,0,0,0,0,1000.000
5800,2.6260,0.3085,0.00,0.0000,0.0000,0,0,0,0,0,20,20,0,0,0,0,0,1000.000
5810,2.6260,0.3085,0.00,0.0000,0.0000,0,0,0,0,0,20,20,0,0,0,0,0,1000.000
5820,2.6260,0.3085,0.00,0.0000,0.0000,0,0,0,0,0,20,20,0,0,0,0,0,1000.000
5830,2.6260,0.3085,0.00,0.0000,0.0000,0,0,0,0,0,20,20,0,0,0,0,0,1000.000
5840,2.6260,0.3085,0.00,0.0000,0.0000,0,0,0,0,0,20,20,0,0,0,0,0,1000.000
5850,2.6260,0.3085,0.00,0.0000,0.0000,0,0,0,0,0,20,20,0,0,0,0,0,1000.000
5860,2.6260,0.3085,0.00,0.0000,0.0000,0,0,0,0,0,20,20,0,0,0,0,0,1000.000
5870,2.6260,0.3085,0.00,0.0000,0.0000,0,0,0,0,0,20,20,0,0,0,0,0,1000.000
5880,2.6260,0.3085,0.00,0.0000,0.0000,0,0,0,0,0,20,20,0,0,0,0,0,1000.000
5890,2.6260,0.3085,0.00,0.0000,0.0000,0,0,0,0,0,20,20,0,0,0,0,0,1000.000
5900,2.6260,0.3085,0.00,0.0000,0.0000,0,0,0,0,0,20,20,0,0,0,0,0,1000.000
5910,2.6260,0.3085,0.00,0.0000,0.0000,0,0,0,0,0,20,20,0,0,0,0,0,1000.000
5920,2.6260,0.3085,0.00,0.0000,0.0000,0,0,0,0,0,20,20,0,0,0,0,0,1000.000
5930,2.6260,0.3085,0.00,0.0000,0.0000,0,0,0,0,0,20,20,0,0,0,0,0,1000.000
5940,2.6260,0.3085,0.00,0.0000,0.0000,0,0,0,0,0,20,20,0,0,0,0,0,1000.000
5950,2.6260,0.3085,0.00,0.0000,0.0000,0,0,0,0,0,20,20,0,0,0,0,0,1000.000
5960,2.6260,0.3085,0.00,0.0000,0.0000,0,0,0,0,0,20,20,0,0,0,0,0,1000.000
5970,2.6260,0.3085,0.00,0.0000,0.0000,0,0,0,0,0,20,20,0,0,0,0,0,1000.000
5980,2.6260,0.3085,0.00,0.0000,0.0000,0,0,0,0,0,20,20,0,0,0,0,0,1000.000
5990,2.6260,0.3085,0.00,0.0000,0.0000,0,0,0,0,0,20,20,0,0,0,0,0,1000.000
6000,2.6260,0.3085,0.00,0.0000,0.0000,0,0,0,0,0,20,20,0,0,0,0,0,1000.000
6010,2.6260,0.3085,0.00,0.0000,0.0000,0,0,0,0,0,20,20,0,0,0,0,0,1000.000
6020,2.6260,0.3085,0.00,0.0000,0.0000,0,0,0,0,0,20,20,0,0,0,0,0,1000.000
6030,2.6260,0.3085,0.00,0.0000,0.0000,0,0,0,0,0,20,20,0,0,0,0,0,1000.000
6040,2.6260,0.3085,0.00,0.0000,0.0000,0,0,0,0,0,20,20,0,0,0,0,0,1000.000
6050,2.6260,0.3085,0.00,0.0000,0.0000,0,0,0,0,0,20,20,0,0,0,0,0,1000.000
6060,2.6260,0.3085,0.00,0.0000,0.0000,0,0,0,0,0,20,20,0,0,0,0,0,1000.000
6070,2.6260,0.3085,0.00,0.0000,0.0000,0,0,0,0,0,20,20,0,0,0,0,0,1000.000
6080,2.6260,0.3085,0.00,0.0000,0.0000,0,0,0,0,0,20,20,0,0,0,0,0,1000.000
6090,2.6260,0.3085,0.00,0.0000,0.0000,0,0,0,0,0,20,20,0,0,0,0,0,1000.000
6100,2.6260,0.3085,0.00,0.0000,0.0000,0,0,0,0,0,20,20,0,0,0,0,0,1000.000
6110,2.6260,0.3085,0.00,0.0000,0.0000,0,0,0,0,0,20,20,0,0,0,0,0,1000.000
6120,2.6260,0.3085,0.00,0.0000,0.0000,0,0,0,0,0,20,20,0,0,0,0,0,1000.000
6130,2.6260,0.3085,0.00,0.0000,0.0000,0,0,0,0,0,20,20,0,0,0,0,0,1000.000
6140,2.6260,0.3085,0.00,0.0000,0.0000,0,0,0,0,0,20,20,0,0,0,0,0,1000.000
6150,2.6260,0.3085,0.00,0.0000,0.0000,0,0,0,0,0,20,20,0,0,0,0,0,1000.000
6160,2.6260,0.3085,0.00,0.0000,0.0000,0,0,0,0,0,20,20,0,0,0,0,0,1000.000
6170,2.6260,0.3085,0.00,0.0000,0.0000,0,0,0,0,0,20,20,0,0,0,0,0,1000.000
6180,2.6260,0.3085,0.00,0.0000,0.0000,0,0,0,0,0,20,20,0,0,0,0,0,1000.000
6190,2.6260,0.3085,0.00,0.0000,0.0000,0,0,0,0,0,20,20,0,0,0,0,0,1000.000
6200,2.6260,0.3085,0.00,0.0000,0.0000,0,0,0,0,0,20,20,0,0,0,0,0,1000.000
6210,2.6260,0.3085,0.00,0.0000,0.0000,0,0,0,0,0,20,20,0,0,0,0,0,1000.000
6220,2.6260,0.3085,0.00,0.0000,0.0000,0,0,0,0,0,20,20,0,0,0,0,0,1000.000
6230,2.6260,0.3085,0.00,0.0000,0.0000,0,0,0,0,0,20,20,0,0,0,0,0,1000.000
6240,2.6260,0.3085,0.00,0.0000,0.0000,0,0,0,0,0,20,20,0,0,0,0,0,1000.000
6250,2.6260,0.3085,0.00,0.0000,0.0000,0,0,0,0,0,20,20,0,0,0,0,0,1000.000
6260,2.6260,0.3085,0.00,0.0000,0.0000,0,0,0,0,0,20,20,0,0,0,0,0,1000.000
6270,2.6260,0.3085,0.00,0.0000,0.0000,0,0,0,0,0,20,20,0,0,0,0,0,1000.000
6280,2.6260,0.3085,0.00,0.0000,0.0000,0,0,0,0,0,20,20,0,0,0,0,0,1000.000
6290,2.6260,0.3085,0.00,0.0000,0.0000,0,0,0,0,0,20,20,0,0,0,0,0,1000.000
6300,2.6260,0.3085,0.00,0.0000,0.0000,0,0,0,0,0,20,20,0,0,0,0,0,1000.000
6310,2.6260,0.3085,0.00,0.0000,0.0000,0,0,0,0,0,20,20,0,0,0,0,0,1000.000
6320,2.6260,0.3085,0.00,0.0000,0.0000,0,0,0,0,0,20,20,0,0,0,0,0,1000.000
6330,2.6260,0.3085,0.00,0.0000,0.0000,0,0,0,0,0,20,20,0,0,0,0,0,1000.000
6340,2.6260,0.3085,0.00,0.0000,0.0000,0,0,0,0,0,20,20,0,0,0,0,0,1000.000
6350,2.6260,0.3085,0.00,0.0000,0.0000,0,0,0,0,0,20,20,0,0,0,0,0,1000.000
6360,2.6260,0.3085,0.00,0.0000,0.0000,0,0,0,0,0,20,20,0,0,0,0,0,1000.000
6370,2.6260,0.3085,0.00,0.0000,0.0000,0,0,0,0,0,20,20,0,0,0,0,0,1000.000
6380,2.6260,0.3085,0.00,0.0000,0.0000,0,0,0,0,0,20,20,0,0,0,0,0,1000.000
6390,2.6260,0.3085,0.00,0.0000,0.0000,0,0,0,0,0,20,20,0,0,0,0,0,1000.000
6400,2.6260,0.3085,0.00,0.0000,0.0000,0,0,0,0,0,20,20,0,0,0,0,0,1000.000
6410,2.6260,0.3085,0.00,0.0000,0.0000,0,0,0,0,0,20,20,0,0,0,0,0,1000.000
6420,2.6260,0.3085,0.00,0.0000,0.0000,0,0,0,0,0,20,20,0,0,0,0,0,1000.000
6430,2.6260,0.3085,0.00,0.0000,0.0000,0,0,0,0,0,20,20,0,0,0,0,0,1000.000
6440,2.6260,0.3085,0.00,0.0000,0.0000,0,0,0,0,0,20,20,0,0,0,0,0,1000.000
6450,2.6260,0.3085,0.00,0.0000,0.0000,0,0,0,0,0,20,20,0,0,0,0,0,1000.000
6460,2.6260,0.3085,0.00,0.0000,0.0000,0,0,0,0,0,20,20,0,0,0,0,0,1000.000
6470,2.6260,0.3085,0.00,0.0000,0.0000,0,0,0,0,0,20,20,0,0,0,0,0,1000.000
6480,2.6260,0.3085,0.00,0.0000,0.0000,0,0,0,0,0,20,20,0,0,0,0,0,1000.000
6490,2.6260,0.3085,0.00,0.0000,0.0000,0,0,0,0,0,20,20,0,0,0,0,0,1000.000
6500,2.6260,0.3085,0.00,0.0000,0.0000,0,0,0,0,0,20,20,0,0,0,0,0,1000.000
6510,2.6260,0.3085,0.00,0.0000,0.0000,0,0,0,0,0,20,20,0,0,0,0,0,1000.000
6520,2.6260,0.3085,0.00,0.0000,0.0000,0,0,0,0,0,20,20,0,0,0,0,0,1000.000
6530,2.6260,0.3085,0.00,0.0000,0.0000,0,0,0,0,0,20,20,0,0,0,0,0,1000.000
6540,2.6260,0.3085,0.00,0.0000,0.0000,0,0,0,0,0,20,20,0,0,0,0,0,1000.000
6550,2.6260,0.3085,0.00,0.0000,0.0000,0,0,0,0,0,20,20,0,53,0,1,0,1000.000
6560,2.6260,0.3086,0.00,0.0000,0.0000,0,0,0,0,0,20,20,0,53,0,1,0,1000.000
6570,2.6260,0.3088,0.00,0.0000,0.0000,0,0,0,0,0,20,20,0,53,0,1,0,1000.000
6580,2.6260,0.3091,0.00,0.0000,0.0000,0,0,0,0,0,20,20,0,53,0,1,0,1000.000
6590,2.6260,0.3096,0.00,0.0000,0.0000,0,0,0,0,0,20,20,0,53,0,1,0,1000.000
6600,2.6260,0.3102,0.00,0.0000,0.0000,0,0,0,0,0,20,20,0,53,0,1,0,1000.000
6610,2.6260,0.3110,0.00,0.0000,0.0000,0,0,0,0,0,20,20,0,53,0,1,0,1000.000
6620,2.6260,0.3119,0.00,0.0000,0.0000,0,0,0,0,0,20,20,0,53,0,1,0,1000.000
6630,2.6260,0.3129,0.00,0.0000,0.0000,0,0,0,0,0,20,20,0,53,0,1,0,1000.000
6640,2.6260,0.3141,0.00,0.0000,0.0000,0,0,0,0,0,20,20,0,53,0,1,0,1000.000
6650,2.6260,0.3155,0.00,0.0000,0.0000,0,0,0,0,0,20,20,0,53,0,1,0,1000.000
6660,2.6260,0.3169,0.00,0.0000,0.0000,0,0,0,0,0,20,20,0,53,0,1,0,1000.000
6670,2.6260,0.3185,0.00,0.0000,0.0000,0,0,0,0,0,20,20,0,53,0,1,0,1000.000
6680,2.6260,0.3203,0.00,0.0000,0.0000,0,0,0,0,0,20,20,0,53,0,1,0,1000.000
6690,2.6260,0.3222,0.00,0.0000,0.0000,0,0,0,0,0,20,20,0,53,0,1,0,1000.000
6700,2.6260,0.3242,0.00,0.0000,0.0000,0,0,0,0,0,20,20,0,53,0,1,0,1000.000
6710,2.6260,0.3264,0.00,0.0000,0.0000,0,0,0,0,0,20,20,0,53,0,1,0,1000.000
6720,2.6260,0.3287,0.00,0.0000,0.0000,0,0,0,0,0,20,20,0,53,0,1,0,1000.000
6730,2.6260,0.3312,0.00,0.0000,0.0000,0,0,0,0,0,20,20,0,53,0,1,0,1000.000
6740,2.6260,0.3337,0.00,0.0000,0.0000,0,0,0,0,0,20,20,0,53,0,1,0,1000.000
6750,2.6260,0.3365,0.00,0.0000,0.0000,0,0,0,0,0,20,20,0,53,0,1,0,1000.000
6760,2.6260,0.3394,0.00,0.0000,0.0000,0,0,0,0,0,20,20,0,53,0,1,0,1000.000
6770,2.6260,0.3424,0.00,0.0000,0.0000,0,0,0,0,0,20,20,0,53,0,1,0,1000.000
6780,2.6260,0.3455,0.00,0.0000,0.0000,0,0,0,0,0,20,20,0,53,0,1,0,1000.000
6790,2.6260,0.3488,0.00,0.0000,0.0000,0,0,0,0,0,20,20,0,53,0,1,0,1000.000
6800,2.6260,0.3523,0.00,0.0000,0.0000,0,0,0,0,0,20,20,0,53,0,1,0,1000.000
6810,2.6260,0.3558,0.00,0.0000,0.0000,0,0,0,0,0,20,20,0,53,0,1,0,1000.000
6820,2.6260,0.3596,0.00,0.0000,0.0000,0,0,0,0,0,20,20,0,53,0,1,0,1000.000
6830,2.6260,0.3634,0.00,0.0000,0.0000,0,0,0,0,0,20,20,0,53,0,1,0,1000.000
6840,2.6260,0.3674,0.00,0.0000,0.0000,0,0,0,0,0,20,20,0,53,0,1,0,1000.000
6850,2.6260,0.3716,0.00,0.0000,0.0000,0,0,0,0,0,20,20,0,53,0,1,0,1000.000
6860,2.6260,0.3758,0.00,0.0000,0.0000,0,0,0,0,0,20,20,0,53,0,1,0,1000.000
6870,2.6260,0.3800,0.00,0.0000,0.0000,0,0,0,0,0,20,20,0,53,0,1,0,1000.000
6880,2.6260,0.3842,0.00,0.0000,0.0000,0,0,0,0,0,20,20,0,53,0,1,0,1000.000
6890,2.6260,0.3884,0.00,0.0000,0.0000,0,0,0,0,0,20,20,0,53,0,1,0,1000.000
6900,2.6260,0.3927,0.00,0.0000,0.0000,0,0,0,0,0,20,20,0,53,0,1,0,1000.000
6910,2.6260,0.3969,0.00,0.0000,0.0000,0,0,0,0,0,20,20,0,53,0,1,0,1000.000
6920,2.6260,0.4011,0.00,0.0000,0.0000,0,0,0,0,0,20,20,0,53,0,1,0,1000.000
6930,2.6260,0.4053,0.00,0.0000,0.0000,0,0,0,0,0,20,20,0,53,0,1,0,1000.000
6940,2.6260,0.4095,0.00,0.0000,0.0000,0,0,0,0,0,20,20,0,53,0,1,0,1000.000
6950,2.6260,0.4137,0.00,0.0000,0.0000,0,0,0,0,0,20,20,0,53,0,1,0,1000.000
6960,2.6260,0.4180,0.00,0.0000,0.0000,0,0,0,0,0,20,20,0,53,0,1,0,1000.000
6970,2.6260,0.4222,0.00,0.0000,0.0000,0,0,0,0,0,20,20,0,53,0,1,0,1000.000
6980,2.6260,0.4264,0.00,0.0000,0.0000,0,0,0,0,0,20,20,0,53,0,1,0,1000.000
6990,2.6260,0.4306,0.00,0.0000,0.0000,0,0,0,0,0,20,20,0,53,0,1,0,1000.000
7000,2.6260,0.4348,0.00,0.0000,0.0000,0,0,0,0,0,20,20,0,53,0,1,0,1000.000
7010,2.6260,0.4391,0.00,0.0000,0.0000,0,0,0,0,0,20,20,0,53,0,1,0,1000.000
7020,2.6260,0.4433,0.00,0.0000,0.0000,0,0,0,0,0,20,20,0,53,0,1,0,1000.000
7030,2.6260,0.4475,0.00,0.0000,0.0000,0,0,0,0,0,20,20,0,53,0,1,0,1000.000
7040,2.6260,0.4517,0.00,0.0000,0.0000,0,0,0,0,0,20,20,0,53,0,1,0,1000.000
7050,2.6260,0.4559,0.00,0.0000,0.0000,0,0,0,0,0,20,20,0,53,0,1,0,1000.000
7060,2.6260,0.4601,0.00,0.0000,0.0000,0,0,0,0,0,20,20,0,53,0,1,0,1000.000
7070,2.6260,0.4644,0.00,0.0000,0.0000,0,0,0,0,0,20,20,0,53,0,1,0,1000.000
7080,2.6260,0.4686,0.00,0.0000,0.0000,0,0,0,0,0,20,20,0,53,0,1,0,1000.000
7090,2.6260,0.4728,0.00,0.0000,0.0000,0,0,0,0,0,20,20,0,53,0,1,0,1000.000
7100,2.6260,0.4770,0.00,0.0000,0.0000,0,0,0,0,0,20,20,0,53,0,1,0,1000.000
7110,2.6260,0.4812,0.00,0.0000,0.0000,0,0,0,0,0,20,20,0,53,0,1,0,1000.000
7120,2.6260,0.4854,0.00,0.0000,0.0000,0,0,0,0,0,20,20,0,53,0,1,0,1000.000
7130,2.6260,0.4897,0.00,0.0000,0.0000,0,0,0,0,0,20,20,0,53,0,1,0,1000.000
7140,2.6260,0.4939,0.00,0.0000,0.0000,0,0,0,0,0,20,20,0,53,0,1,0,1000.000
7150,2.6260,0.4981,0.00,0.0000,0.0000,0,0,0,0,0,20,20,0,53,0,1,0,1000.000
7160,2.6260,0.5023,0.00,0.0000,0.0000,0,0,0,0,0,20,20,0,53,0,1,0,1000.000
7170,2.6260,0.5065,0.00,0.0000,0.0000,0,0,0,0,0,20,20,0,53,0,1,0,1000.000
7180,2.6260,0.5108,0.00,0.0000,0.0000,0,0,0,0,0,20,20,0,53,0,1,0,1000.000
7190,2.6260,0.5150,0.00,0.0000,0.0000,0,0,0,0,0,20,20,0,53,0,1,0,1000.000
7200,2.6260,0.5192,0.00,0.0000,0.0000,0,0,0,0,0,20,20,0,53,0,1,0,1000.000
7210,2.6260,0.5234,0.00,0.0000,0.0000,0,0,0,0,0,20,20,0,53,0,1,0,1000.000
7220,2.6260,0.5276,0.00,0.0000,0.0000,0,0,0,0,0,20,20,0,53,0,1,0,1000.000
7230,2.6260,0.5318,0.00,0.0000,0.0000,0,0,0,0,0,20,20,0,53,0,1,0,1000.000
7240,2.6260,0.5361,0.00,0.0000,0.0000,0,0,0,0,0,20,20,0,53,0,1,0,1000.000
7250,2.6260,0.5403,0.00,0.0000,0.0000,0,0,0,0,0,20,20,0,53,0,1,0,1000.000
7260,2.6260,0.5445,0.00,0.0000,0.0000,0,0,0,0,0,20,20,0,53,0,1,0,1000.000
7270,2.6260,0.5487,0.00,0.0000,0.0000,0,0,0,0,0,20,20,0,53,0,1,0,1000.000
7280,2.6260,0.5529,0.00,0.0000,0.0000,0,0,0,0,0,20,20,0,53,0,1,0,1000.000
7290,2.6260,0.5572,0.00,0.0000,0.0000,0,0,0,0,0,20,20,0,53,0,1,0,1000.000
7300,2.6260,0.5614,0.00,0.0000,0.0000,0,0,0,0,0,20,20,0,53,0,1,0,1000.000
7310,2.6260,0.5656,0.00,0.0000,0.0000,0,0,0,0,0,20,20,0,53,0,1,0,1000.000
7320,2.6260,0.5698,0.00,0.0000,0.0000,0,0,0,0,0,20,20,0,53,0,1,0,1000.000
7330,2.6260,0.5740,0.00,0.0000,0.0000,0,0,0,0,0,20,20,0,53,0,1,0,1000.000
7340,2.6260,0.5782,0.00,0.0000,0.0000,0,0,0,0,0,20,20,0,53,0,1,0,1000.000
7350,2.6260,0.5825,0.00,0.0000,0.0000,0,0,0,0,0,20,20,0,53,0,1,0,1000.000
7360,2.6260,0.5867,0.00,0.0000,0.0000,0,0,0,0,0,20,20,0,53,0,1,0,1000.000
7370,2.6260,0.5909,0.00,0.0000,0.0000,0,0,0,0,0,20,20,0,53,0,1,0,1000.000
7380,2.6260,0.5951,0.00,0.0000,0.0000,0,0,0,0,0,20,20,0,53,0,1,0,1000.000
7390,2.6260,0.5993,0.00,0.0000,0.0000,0,0,0,0,0,20,20,0,53,0,1,0,1000.000
7400,2.6260,0.6036,0.00,0.0000,0.0000,0,0,0,0,0,20,20,0,53,0,1,0,1000.000
7410,2.6260,0.6078,0.00,0.0000,0.0000,0,0,0,0,0,20,20,0,53,0,1,0,1000.000
7420,2.6260,0.6120,0.00,0.0000,0.0000,0,0,0,0,0,20,20,0,53,0,1,0,1000.000
7430,2.6260,0.6162,0.00,0.0000,0.0000,0,0,0,0,0,20,20,0,53,0,1,0,1000.000
7440,2.6260,0.6204,0.00,0.0000,0.0000,0,0,0,0,0,20,20,0,53,0,1,0,1000.000
7450,2.6260,0.6246,0.00,0.0000,0.0000,0,0,0,0,0,20,20,0,53,0,1,0,1000.000
7460,2.6260,0.6289,0.00,0.0000,0.0000,0,0,0,0,0,20,20,0,53,0,1,0,1000.000
7470,2.6260,0.6331,0.00,0.0000,0.0000,0,0,0,0,0,20,20,0,53,0,1,0,1000.000
7480,2.6260,0.6373,0.00,0.0000,0.0000,0,0,0,0,0,20,20,0,53,0,1,0,1000.000
7490,2.6260,0.6415,0.00,0.0000,0.0000,0,0,0,0,0,20,20,0,53,0,1,0,1000.000
7500,2.6260,0.6457,0.00,0.0000,0.0000,0,0,0,0,0,20,20,0,53,0,1,0,1000.000
7510,2.6260,0.6500,0.00,0.0000,0.0000,0,0,0,0,0,20,20,0,53,0,1,0,1000.000
7520,2.6260,0.6542,0.00,0.0000,0.0000,0,0,0,0,0,20,20,0,53,0,1,0,1000.000
7530,2.6260,0.6584,0.00,0.0000,0.0000,0,0,0,0,0,20,20,0,53,0,1,0,1000.000
7540,2.6260,0.6626,0.00,0.0000,0.0000,0,0,0,0,0,20,20,0,53,0,1,0,1000.000
7550,2.6260,0.6668,0.00,0.0000,0.0000,0,0,0,0,0,20,20,0,53,0,1,0,1000.000
7560,2.6260,0.6710,0.00,0.0000,0.0000,0,0,0,0,0,20,20,0,53,0,1,0,1000.000
7570,2.6260,0.6753,0.00,0.0000,0.0000,0,0,0,0,0,20,20,0,53,0,1,0,1000.000
7580,2.6260,0.6795,0.00,0.0000,0.0000,0,0,0,0,0,20,20,0,53,0,1,0,1000.000
7590,2.6260,0.6837,0.00,0.0000,0.0000,0,0,0,0,0,20,20,0,53,0,1,0,1000.000
7600,2.6260,0.6879,0.00,0.0000,0.0000,0,0,0,0,0,20,20,0,53,0,1,0,1000.000
7610,2.6260,0.6921,0.00,0.0000,0.0000,0,0,0,0,0,20,20,0,53,0,1,0,1000.000
7620,2.6260,0.6964,0.00,0.0000,0.0000,0,0,0,0,0,20,20,0,53,0,1,0,1000.000
7630,2.6260,0.7006,0.00,0.0000,0.0000,0,0,0,0,0,20,20,0,53,0,1,0,1000.000
7640,2.6260,0.7048,0.00,0.0000,0.0000,0,0,0,0,0,20,20,0,53,0,1,0,1000.000
7650,2.6260,0.7090,0.00,0.0000,0.0000,0,0,0,0,0,20,20,0,53,0,1,0,1000.000
7660,2.6260,0.7132,0.00,0.0000,0.0000,0,0,0,0,0,20,20,0,53,0,1,0,1000.000
7670,2.6260,0.7174,0.00,0.0000,0.0000,0,0,0,0,0,20,20,0,53,0,1,0,1000.000
7680,2.6260,0.7217,0.00,0.0000,0.0000,0,0,0,0,0,20,20,0,53,0,1,0,1000.000
7690,2.6260,0.7259,0.00,0.0000,0.0000,0,0,0,0,0,20,20,0,53,0,1,0,1000.000
7700,2.6260,0.7301,0.00,0.0000,0.0000,0,0,0,0,0,20,20,0,53,0,1,0,1000.000
7710,2.6260,0.7343,0.00,0.0000,0.0000,0,0,0,0,0,20,20,0,53,0,1,0,1000.000
7720,2.6260,0.7385,0.00,0.0000,0.0000,0,0,0,0,0,20,20,0,53,0,1,0,1000.000
7730,2.6260,0.7428,0.00,0.0000,0.0000,0,0,0,0,0,20,20,0,53,0,1,0,1000.000
7740,2.6260,0.7470,0.00,0.0000,0.0000,0,0,0,0,0,20,20,0,53,0,1,0,1000.000
7750,2.6260,0.7512,0.00,0.0000,0.0000,0,0,0,0,0,20,20,0,53,0,1,0,1000.000
7760,2.6260,0.7554,0.00,0.0000,0.0000,0,0,0,0,0,20,20,0,53,0,1,0,1000.000
7770,2.6260,0.7596,0.00,0.0000,0.0000,0,0,0,0,0,20,20,0,53,0,1,0,1000.000
7780,2.6260,0.7638,0.00,0.0000,0.0000,0,0,0,0,0,20,20,0,53,0,1,0,1000.000
7790,2.6260,0.7681,0.00,0.0000,0.0000,0,0,0,0,0,20,20,0,53,0,1,0,1000.000
7800,2.6260,0.7723,0.00,0.0000,0.0000,0,0,0,0,0,20,20,0,53,0,1,0,1000.000
7810,2.6260,0.7765,0.00,0.0000,0.0000,0,0,0,0,0,20,20,0,53,0,1,0,1000.000
7820,2.6260,0.7807,0.00,0.0000,0.0000,0,0,0,0,0,20,20,0,53,0,1,0,1000.000
7830,2.6260,0.7849,0.00,0.0000,0.0000,0,0,0,0,0,20,20,0,53,0,1,0,1000.000
7840,2.6260,0.7892,0.00,0.0000,0.0000,0,0,0,0,0,20,20,0,53,0,1,0,1000.000
7850,2.6260,0.7934,0.00,0.0000,0.0000,0,0,0,0,0,20,20,0,53,0,1,0,1000.000
7860,2.6260,0.7976,0.00,0.0000,0.0000,0,0,0,0,0,20,20,0,53,0,1,0,1000.000
7870,2.6260,0.8018,0.00,0.0000,0.0000,0,0,0,0,0,20,20,0,53,0,1,0,1000.000
7880,2.6260,0.8060,0.00,0.0000,0.0000,0,0,0,0,0,20,20,0,53,0,1,0,1000.000
7890,2.6260,0.8102,0.00,0.0000,0.0000,0,0,0,0,0,20,20,0,53,0,1,0,1000.000
7900,2.6260,0.8145,0.00,0.0000,0.0000,0,0,0,0,0,20,20,0,53,0,1,0,1000.000
7910,2.6260,0.8187,0.00,0.0000,0.0000,0,0,0,0,0,20,20,0,53,0,1,0,1000.000
7920,2.6260,0.8229,0.00,0.0000,0.0000,0,0,0,0,0,20,20,0,53,0,1,0,1000.000
7930,2.6260,0.8271,0.00,0.0000,0.0000,0,0,0,0,0,20,20,0,53,0,1,0,1000.000
7940,2.6260,0.8313,0.00,0.0000,0.0000,0,0,0,0,0,20,20,0,53,0,1,0,1000.000
7950,2.6260,0.8356,0.00,0.0000,0.0000,0,0,0,0,0,20,20,0,53,0,1,0,1000.000
7960,2.6260,0.8398,0.00,0.0000,0.0000,0,0,0,0,0,20,20,0,53,0,1,0,1000.000
7970,2.6260,0.8440,0.00,0.0000,0.0000,0,0,0,0,0,20,20,0,53,0,1,0,1000.000
7980,2.6260,0.8482,0.00,0.0000,0.0000,0,0,0,0,0,20,20,0,53,0,1,0,1000.000
7990,2.6260,0.8524,0.00,0.0000,0.0000,0,0,0,0,0,20,20,0,53,0,1,0,1000.000
8000,2.6260,0.8566,0.00,0.0000,0.0000,0,0,0,0,0,20,20,0,53,0,1,0,1000.000
8010,2.6260,0.8609,0.00,0.0000,0.0000,0,0,0,0,0,20,20,0,53,0,1,0,1000.000
8020,2.6260,0.8651,0.00,0.0000,0.0000,0,0,0,0,0,20,20,0,53,0,1,0,1000.000
8030,2.6260,0.8693,0.00,0.0000,0.0000,0,0,0,0,0,20,20,0,53,0,1,0,1000.000
8040,2.6260,0.8735,0.00,0.0000,0.0000,0,0,0,0,0,20,20,0,53,0,1,0,1000.000
8050,2.6260,0.8777,0.00,0.0000,0.0000,0,0,0,0,0,20,20,0,53,0,1,0,1000.000
8060,2.6260,0.8820,0.00,0.0000,0.0000,0,0,0,0,0,20,20,0,53,0,1,0,1000.000
8070,2.6260,0.8862,0.00,0.0000,0.0000,0,0,0,0,0,20,20,0,53,0,1,0,1000.000
8080,2.6260,0.8904,0.00,0.0000,0.0000,0,0,0,0,0,20,20,0,53,0,1,0,1000.000
8090,2.6260,0.8946,0.00,0.0000,0.0000,0,0,0,0,0,20,20,0,53,0,1,0,1000.000
8100,2.6260,0.8988,0.00,0.0000,0.0000,0,0,0,0,0,20,20,0,53,0,1,0,1000.000
8110,2.6260,0.9030,0.00,0.0000,0.0000,0,0,0,0,0,20,20,0,53,0,1,0,1000.000
8120,2.6260,0.9073,0.00,0.0000,0.0000,0,0,0,0,0,20,20,0,53,0,1,0,1000.000
8130,2.6260,0.9115,0.00,0.0000,0.0000,0,0,0,0,0,20,20,0,53,0,1,0,1000.000
8140,2.6260,0.9157,0.00,0.0000,0.0000,0,0,0,0,0,20,20,0,53,0,1,0,1000.000
8150,2.6260,0.9199,0.00,0.0000,0.0000,0,0,0,0,0,20,20,0,53,0,1,0,1000.000
8160,2.6260,0.9241,0.00,0.0000,0.0000,0,0,0,0,0,20,20,0,53,0,1,0,1000.000
8170,2.6260,0.9284,0.00,0.0000,0.0000,0,0,0,0,0,20,20,0,53,0,1,0,1000.000
8180,2.6260,0.9326,0.00,0.0000,0.0000,0,0,0,0,0,20,20,0,53,0,1,0,1000.000
8190,2.6260,0.9368,0.00,0.0000,0.0000,0,0,0,0,0,20,20,0,53,0,1,0,1000.000
8200,2.6260,0.9410,0.00,0.0000,0.0000,0,0,0,0,0,20,20,0,53,0,1,0,1000.000
8210,2.6260,0.9452,0.00,0.0000,0.0000,0,0,0,0,0,20,20,0,53,0,1,0,1000.000
8220,2.6260,0.9494,0.00,0.0000,0.0000,0,0,0,0,0,20,20,0,53,0,1,0,1000.000
8230,2.6260,0.9537,0.00,0.0000,0.0000,0,0,0,0,0,20,20,0,53,0,1,0,1000.000
8240,2.6260,0.9579,0.00,0.0000,0.0000,0,0,0,0,0,20,20,0,53,0,1,0,1000.000
8250,2.6260,0.9621,0.00,0.0000,0.0000,0,0,0,0,0,20,20,0,53,0,1,0,1000.000
8260,2.6260,0.9663,0.00,0.0000,0.0000,0,0,0,0,0,20,20,0,53,0,1,0,1000.000
8270,2.6260,0.9705,0.00,0.0000,0.0000,0,0,0,0,0,20,20,0,53,0,1,0,1000.000
8280,2.6260,0.9748,0.00,0.0000,0.0000,0,0,0,0,0,20,20,0,53,0,1,0,1000.000
8290,2.6260,0.9790,0.00,0.0000,0.0000,0,0,0,0,0,20,20,0,53,0,1,0,1000.000
8300,2.6260,0.9832,0.00,0.0000,0.0000,0,0,0,0,0,20,20,0,53,0,1,0,1000.000
8310,2.6260,0.9874,0.00,0.0000,0.0000,0,0,0,0,0,20,20,0,53,0,1,0,1000.000
8320,2.6260,0.9916,0.00,0.0000,0.0000,0,0,0,0,0,20,20,0,53,0,1,0,1000.000
8330,2.6260,0.9958,0.00,0.0000,0.0000,0,0,0,0,0,20,20,0,53,0,1,0,1000.000
8340,2.6260,1.0001,0.00,0.0000,0.0000,0,0,0,0,0,20,20,0,53,0,1,0,1000.000
8350,2.6260,1.0043,0.00,0.0000,0.0000,0,0,0,0,0,20,20,0,53,0,1,0,1000.000
8360,2.6260,1.0085,0.00,0.0000,0.0000,0,0,0,0,0,20,20,0,53,0,1,0,1000.000
8370,2.6260,1.0127,0.00,0.0000,0.0000,0,0,0,0,0,20,20,0,53,0,1,0,1000.000
8380,2.6260,1.0169,0.00,0.0000,0.0000,0,0,0,0,0,20,20,0,53,0,1,0,1000.000
8390,2.6260,1.0211,0.00,0.0000,0.0000,0,0,0,0,0,20,20,0,53,0,1,0,1000.000
8400,2.6260,1.0254,0.00,0.0000,0.0000,0,0,0,0,0,20,20,0,53,0,1,0,1000.000
8410,2.6260,1.0296,0.00,0.0000,0.0000,0,0,0,0,0,20,20,0,53,0,1,0,1000.000
8420,2.6260,1.0338,0.00,0.0000,0.0000,0,0,0,0,0,20,20,0,53,0,1,0,1000.000
8430,2.6260,1.0380,0.00,0.0000,0.0000,0,0,0,0,0,20,20,0,53,0,1,0,1000.000
8440,2.6260,1.0422,0.00,0.0000,0.0000,0,0,0,0,0,20,20,0,53,0,1,0,1000.000
8450,2.6260,1.0465,0.00,0.0000,0.0000,0,0,0,0,0,20,20,0,53,0,1,0,1000.000
8460,2.6260,1.0507,0.00,0.0000,0.0000,0,0,0,0,0,20,20,0,53,0,1,0,1000.000
8470,2.6260,1.0549,0.00,0.0000,0.0000,0,0,0,0,0,20,20,0,53,0,1,0,1000.000
8480,2.6260,1.0591,0.00,0.0000,0.0000,0,0,0,0,0,20,20,0,53,0,1,0,1000.000
8490,2.6260,1.0633,0.00,0.0000,0.0000,0,0,0,0,0,20,20,0,53,0,1,0,1000.000
8500,2.6260,1.0675,0.00,0.0000,0.0000,0,0,0,0,0,20,20,0,53,0,1,0,1000.000
8510,2.6260,1.0718,0.00,0.0000,0.0000,0,0,0,0,0,20,20,0,53,0,1,0,1000.000
8520,2.6260,1.0760,0.00,0.0000,0.0000,0,0,0,0,0,20,20,0,53,0,1,0,1000.000
8530,2.6260,1.0802,0.00,0.0000,0.0000,0,0,0,0,0,20,20,0,53,0,1,0,1000.000
8540,2.6260,1.0844,0.00,0.0000,0.0000,0,0,0,0,0,20,20,0,53,0,1,0,1000.000
8550,2.6260,1.0886,0.00,0.0000,0.0000,0,0,0,0,0,20,20,0,53,0,1,0,1000.000
8560,2.6260,1.0929,0.00,0.0000,0.0000,0,0,0,0,0,20,20,0,53,0,1,0,1000.000
8570,2.6260,1.0971,0.00,0.0000,0.0000,0,0,0,0,0,20,20,0,53,0,1,0,1000.000
8580,2.6260,1.1013,0.00,0.0000,0.0000,0,0,0,0,0,20,20,0,53,0,1,0,1000.000
8590,2.6260,1.1055,0.00,0.0000,0.0000,0,0,0,0,0,20,20,0,53,0,1,0,1000.000
8600,2.6260,1.1097,0.00,0.0000,0.0000,0,0,0,0,0,20,20,0,53,0,1,0,1000.000
8610,2.6260,1.1139,0.00,0.0000,0.0000,0,0,0,0,0,20,20,0,53,0,1,0,1000.000
8620,2.6260,1.1182,0.00,0.0000,0.0000,0,0,0,0,0,20,20,0,53,0,1,0,1000.000
8630,2.6260,1.1224,0.00,0.0000,0.0000,0,0,0,0,0,20,20,0,53,0,1,0,1000.000
8640,2.6260,1.1266,0.00,0.0000,0.0000,0,0,0,0,0,20,20,0,53,0,1,0,1000.000
8650,2.6260,1.1308,0.00,0.0000,0.0000,0,0,0,0,0,20,20,0,53,0,1,0,1000.000
8660,2.6260,1.1350,0.00,0.0000,0.0000,0,0,0,0,0,20,20,0,53,0,1,0,1000.000
8670,2.6260,1.1393,0.00,0.0000,0.0000,0,0,0,0,0,20,20,0,53,0,1,0,1000.000
8680,2.6260,1.1435,0.00,0.0000,0.0000,0,0,0,0,0,20,20,0,53,0,1,0,1000.000
8690,2.6260,1.1477,0.00,0.0000,0.0000,0,0,0,0,0,20,20,0,53,0,1,0,1000.000
8700,2.6260,1.1519,0.00,0.0000,0.0000,0,0,0,0,0,20,20,0,53,0,1,0,1000.000
8710,2.6260,1.1561,0.00,0.0000,0.0000,0,0,0,0,0,20,20,0,53,0,1,0,1000.000
8720,2.6260,1.1603,0.00,0.0000,0.0000,0,0,0,0,0,20,20,0,53,0,1,0,1000.000
8730,2.6260,1.1646,0.00,0.0000,0.0000,0,0,0,0,0,20,20,0,53,0,1,0,1000.000
8740,2.6260,1.1688,0.00,0.0000,0.0000,0,0,0,0,0,20,20,0,53,0,1,0,1000.000
8750,2.6260,1.1730,0.00,0.0000,0.0000,0,0,0,0,0,20,20,0,53,0,1,0,1000.000
8760,2.6260,1.1772,0.00,0.0000,0.0000,0,0,0,0,0,20,20,0,53,0,1,0,1000.000
8770,2.6260,1.1814,0.00,0.0000,0.0000,0,0,0,0,0,20,20,0,53,0,1,0,1000.000
8780,2.6260,1.1857,0.00,0.0000,0.0000,0,0,0,0,0,20,20,0,53,0,1,0,1000.000
8790,2.6260,1.1899,0.00,0.0000,0.0000,0,0,0,0,0,20,20,0,53,0,1,0,1000.000
8800,2.6260,1.1941,0.00,0.0000,0.0000,0,0,0,0,0,20,20,0,53,0,1,0,1000.000
8810,2.6260,1.1983,0.00,0.0000,0.0000,0,0,0,0,0,20,20,0,53,0,1,0,1000.000
8820,2.6260,1.2025,0.00,0.0000,0.0000,0,0,0,0,0,20,20,0,53,0,1,0,1000.000
8830,2.6260,1.2067,0.00,0.0000,0.0000,0,0,0,0,0,20,20,0,53,0,1,0,1000.000
8840,2.6260,1.2110,0.00,0.0000,0.0000,0,0,0,0,0,20,20,0,53,0,1,0,1000.000
8850,2.6260,1.2152,0.00,0.0000,0.0000,0,0,0,0,0,20,20,0,53,0,1,0,1000.000
8860,2.6260,1.2194,0.00,0.0000,0.0000,0,0,0,0,0,20,20,0,53,0,1,0,1000.000
8870,2.6260,1.2236,0.00,0.0000,0.0000,0,0,0,0,0,20,20,0,53,0,1,0,1000.000
8880,2.6260,1.2278,0.00,0.0000,0.0000,0,0,0,0,0,20,20,0,53,0,1,0,1000.000
8890,2.6260,1.2321,0.00,0.0000,0.0000,0,0,0,0,0,20,20,0,53,0,1,0,1000.000
8900,2.6260,1.2363,0.00,0.0000,0.0000,0,0,0,0,0,20,20,0,53,0,1,0,1000.000
8910,2.6260,1.2405,0.00,0.0000,0.0000,0,0,0,0,0,20,20,0,53,0,1,0,1000.000
8920,2.6260,1.2447,0.00,0.0000,0.0000,0,0,0,0,0,20,20,0,53,0,1,0,1000.000
8930,2.6260,1.2489,0.00,0.0000,0.0000,0,0,0,0,0,20,20,0,53,0,1,0,1000.000
8940,2.6260,1.2531,0.00,0.0000,0.0000,0,0,0,0,0,20,20,0,53,0,1,0,1000.000
8950,2.6260,1.2574,0.00,0.0000,0.0000,0,0,0,0,0,20,20,0,53,0,1,0,1000.000
8960,2.6260,1.2616,0.00,0.0000,0.0000,0,0,0,0,0,20,20,0,53,0,1,0,1000.000
8970,2.6260,1.2658,0.00,0.0000,0.0000,0,0,0,0,0,20,20,0,53,0,1,0,1000.000
8980,2.6260,1.2700,0.00,0.0000,0.0000,0,0,0,0,0,20,20,0,53,0,1,0,1000.000
8990,2.6260,1.2742,0.00,0.0000,0.0000,0,0,0,0,0,20,20,0,53,0,1,0,1000.000
9000,2.6260,1.2785,0.00,0.0000,0.0000,0,0,0,0,0,20,20,0,53,0,1,0,1000.000
9010,2.6260,1.2827,0.00,0.0000,0.0000,0,0,0,0,0,20,20,0,53,0,1,0,1000.000
9020,2.6260,1.2869,0.00,0.0000,0.0000,0,0,0,0,0,20,20,0,53,0,1,0,1000.000
9030,2.6260,1.2911,0.00,0.0000,0.0000,0,0,0,0,0,20,20,0,53,0,1,0,1000.000
9040,2.6260,1.2953,0.00,0.0000,0.0000,0,0,0,0,0,20,20,0,53,0,1,0,1000.000
9050,2.6260,1.2995,0.00,0.0000,0.0000,0,0,0,0,0,20,20,0,53,0,1,0,1000.000
9060,2.6260,1.3038,0.00,0.0000,0.0000,0,0,0,0,0,20,20,0,53,0,1,0,1000.000
9070,2.6260,1.3080,0.00,0.0000,0.0000,0,0,0,0,0,20,20,0,53,0,1,0,1000.000
9080,2.6260,1.3122,0.00,0.0000,0.0000,0,0,0,0,0,20,20,0,53,0,1,0,1000.000
9090,2.6260,1.3164,0.00,0.0000,0.0000,0,0,0,0,0,20,20,0,53,0,1,0,1000.000
9100,2.6260,1.3206,0.00,0.0000,0.0000,0,0,0,0,0,20,20,0,53,0,1,0,1000.000
9110,2.6260,1.3249,0.00,0.0000,0.0000,0,0,0,0,0,20,20,0,53,0,1,0,1000.000
9120,2.6260,1.3291,0.00,0.0000,0.0000,0,0,0,0,0,20,20,0,53,0,1,0,1000.000
9130,2.6260,1.3333,0.00,0.0000,0.0000,0,0,0,0,0,20,20,0,53,0,1,0,1000.000
9140,2.6260,1.3375,0.00,0.0000,0.0000,0,0,0,0,0,20,20,0,53,0,1,0,1000.000
9150,2.6260,1.3417,0.00,0.0000,0.0000,0,0,0,0,0,20,20,0,53,0,1,0,1000.000
9160,2.6260,1.3459,0.00,0.0000,0.0000,0,0,0,0,0,20,20,0,53,0,1,0,1000.000
9170,2.6260,1.3502,0.00,0.0000,0.0000,0,0,0,0,0,20,20,0,53,0,1,0,1000.000
9180,2.6260,1.3544,0.00,0.0000,0.0000,0,0,0,0,0,20,20,0,53,0,1,0,1000.000
9190,2.6260,1.3586,0.00,0.0000,0.0000,0,0,0,0,0,20,20,0,53,0,1,0,1000.000
9200,2.6260,1.3628,0.00,0.0000,0.0000,0,0,0,0,0,20,20,0,53,0,1,0,1000.000
9210,2.6260,1.3670,0.00,0.0000,0.0000,0,0,0,0,0,20,20,0,53,0,1,0,1000.000
9220,2.6260,1.3713,0.00,0.0000,0.0000,0,0,0,0,0,20,20,0,53,0,1,0,1000.000
9230,2.6260,1.3755,0.00,0.0000,0.0000,0,0,0,0,0,20,20,0,53,0,1,0,1000.000
9240,2.6260,1.3797,0.00,0.0000,0.0000,0,0,0,0,0,20,20,0,53,0,1,0,1000.000
9250,2.6260,1.3839,0.00,0.0000,0.0000,0,0,0,0,0,20,20,0,53,0,1,0,1000.000
9260,2.6260,1.3881,0.00,0.0000,0.0000,0,0,0,0,0,20,20,0,53,0,1,0,1000.000
9270,2.6260,1.3923,0.00,0.0000,0.0000,0,0,0,0,0,20,20,0,53,0,1,0,1000.000
9280,2.6260,1.3966,0.00,0.0000,0.0000,0,0,0,0,0,20,20,0,53,0,1,0,1000.000
9290,2.6260,1.4008,0.00,0.0000,0.0000,0,0,0,0,0,20,20,0,53,0,1,0,1000.000
9300,2.6260,1.4050,0.00,0.0000,0.0000,0,0,0,0,0,20,20,0,53,0,1,0,1000.000
9310,2.6260,1.4092,0.00,0.0000,0.0000,0,0,0,0,0,20,20,0,53,0,1,0,1000.000
9320,2.6260,1.4134,0.00,0.0000,0.0000,0,0,0,0,0,20,20,0,53,0,1,0,1000.000
9330,2.6260,1.4177,0.00,0.0000,0.0000,0,0,0,0,0,20,20,0,53,0,1,0,1000.000
9340,2.6260,1.4219,0.00,0.0000,0.0000,0,0,0,0,0,20,20,0,53,0,1,0,1000.000
9350,2.6260,1.4261,0.00,0.0000,0.0000,0,0,0,0,0,20,20,0,53,0,1,0,1000.000
9360,2.6260,1.4303,0.00,0.0000,0.0000,0,0,0,0,0,20,20,0,53,0,1,0,1000.000
9370,2.6260,1.4345,0.00,0.0000,0.0000,0,0,0,0,0,20,20,0,53,0,1,0,1000.000
9380,2.6260,1.4387,0.00,0.0000,0.0000,0,0,0,0,0,20,20,0,53,0,1,0,1000.000
9390,2.6260,1.4430,0.00,0.0000,0.0000,0,0,0,0,0,20,20,0,53,0,1,0,1000.000
9400,2.6260,1.4472,0.00,0.0000,0.0000,0,0,0,0,0,20,20,0,53,0,1,0,1000.000
9410,2.6260,1.4514,0.00,0.0000,0.0000,0,0,0,0,0,20,20,0,53,0,1,0,1000.000
9420,2.6260,1.4556,0.00,0.0000,0.0000,0,0,0,0,0,20,20,0,53,0,1,0,1000.000
9430,2.6260,1.4598,0.00,0.0000,0.0000,0,0,0,0,0,20,20,0,53,0,1,0,1000.000
9440,2.6260,1.4641,0.00,0.0000,0.0000,0,0,0,0,0,20,20,0,53,0,1,0,1000.000
9450,2.6260,1.4683,0.00,0.0000,0.0000,0,0,0,0,0,20,20,0,53,0,1,0,1000.000
9460,2.6260,1.4725,0.00,0.0000,0.0000,0,0,0,0,0,20,20,0,53,0,1,0,1000.000
9470,2.6260,1.4767,0.00,0.0000,0.0000,0,0,0,0,0,20,20,0,53,0,1,0,1000.000
9480,2.6260,1.4809,0.00,0.0000,0.0000,0,0,0,0,0,20,20,0,53,0,1,0,1000.000
9490,2.6260,1.4851,0.00,0.0000,0.0000,0,0,0,0,0,20,20,0,53,0,1,0,1000.000
9500,2.6260,1.4894,0.00,0.0000,0.0000,0,0,0,0,0,20,20,0,53,0,1,0,1000.000
9510,2.6260,1.4936,0.00,0.0000,0.0000,0,0,0,0,0,20,20,0,53,0,1,0,1000.000
9520,2.6260,1.4978,0.00,0.0000,0.0000,0,0,0,0,0,20,20,0,53,0,1,0,1000.000
9530,2.6260,1.5020,0.00,0.0000,0.0000,0,0,0,0,0,20,20,0,53,0,1,0,1000.000
9540,2.6260,1.5062,0.00,0.0000,0.0000,0,0,0,0,0,20,20,0,53,0,1,0,1000.000
9550,2.6260,1.5105,0.00,0.0000,0.0000,0,0,0,0,0,20,20,0,53,0,1,0,1000.000
9560,2.6260,1.5147,0.00,0.0000,0.0000,0,0,0,0,0,20,20,0,53,0,1,0,1000.000
9570,2.6260,1.5189,0.00,0.0000,0.0000,0,0,0,0,0,20,20,0,53,0,1,0,1000.000
9580,2.6260,1.5231,0.00,0.0000,0.0000,0,0,0,0,0,20,20,0,53,0,1,0,1000.000
9590,2.6260,1.5273,0.00,0.0000,0.0000,0,0,0,0,0,20,20,0,53,0,1,0,1000.000
9600,2.6260,1.5315,0.00,0.0000,0.0000,0,0,0,0,0,20,20,0,53,0,1,0,1000.000
9610,2.6260,1.5358,0.00,0.0000,0.0000,0,0,0,0,0,20,20,0,53,0,1,0,1000.000
9620,2.6260,1.5400,0.00,0.0000,0.0000,0,0,0,0,0,20,20,0,53,0,1,0,1000.000
9630,2.6260,1.5442,0.00,0.0000,0.0000,0,0,0,0,0,20,20,0,53,0,1,0,1000.000
9640,2.6260,1.5484,0.00,0.0000,0.0000,0,0,0,0,0,20,20,0,53,0,1,0,1000.000
9650,2.6260,1.5526,0.00,0.0000,0.0000,0,0,0,0,0,20,20,0,53,0,1,0,1000.000
9660,2.6260,1.5569,0.00,0.0000,0.0000,0,0,0,0,0,20,20,0,53,0,1,0,1000.000
9670,2.6260,1.5611,0.00,0.0000,0.0000,0,0,0,0,0,20,20,0,53,0,1,0,1000.000
9680,2.6260,1.5653,0.00,0.0000,0.0000,0,0,0,0,0,20,20,0,53,0,1,0,1000.000
9690,2.6260,1.5695,0.00,0.0000,0.0000,0,0,0,0,0,20,20,0,53,0,1,0,1000.000
9700,2.6260,1.5737,0.00,0.0000,0.0000,0,0,0,0,0,20,20,0,53,0,1,0,1000.000
9710,2.6260,1.5779,0.00,0.0000,0.0000,0,0,0,0,0,20,20,0,53,0,1,0,1000.000
9720,2.6260,1.5822,0.00,0.0000,0.0000,0,0,0,0,0,20,20,0,53,0,1,0,1000.000
9730,2.6260,1.5864,0.00,0.0000,0.0000,0,0,0,0,0,20,20,0,53,0,1,0,1000.000
9740,2.6260,1.5906,0.00,0.0000,0.0000,0,0,0,0,0,20,20,0,53,0,1,0,1000.000
9750,2.6260,1.5948,0.00,0.0000,0.0000,0,0,0,0,0,20,20,0,53,0,1,0,1000.000
9760,2.6260,1.5990,0.00,0.0000,0.0000,0,0,0,0,0,20,20,0,53,0,1,0,1000.000
9770,2.6260,1.6032,0.00,0.0000,0.0000,0,0,0,0,0,20,20,0,53,0,1,0,1000.000
9780,2.6260,1.6075,0.00,0.0000,0.0000,0,0,0,0,0,20,20,0,53,0,1,0,1000.000
9790,2.6260,1.6117,0.00,0.0000,0.0000,0,0,0,0,0,20,20,0,53,0,1,0,1000.000
9800,2.6260,1.6159,0.00,0.0000,0.0000,0,0,0,0,0,20,20,0,53,0,1,0,1000.000
9810,2.6260,1.6201,0.00,0.0000,0.0000,0,0,0,0,0,20,20,0,53,0,1,0,1000.000
9820,2.6260,1.6243,0.00,0.0000,0.0000,0,0,0,0,0,20,20,0,53,0,1,0,1000.000
9830,2.6260,1.6286,0.00,0.0000,0.0000,0,0,0,0,0,20,20,0,53,0,1,0,1000.000
9840,2.6260,1.6328,0.00,0.0000,0.0000,0,0,0,0,0,20,20,0,53,0,1,0,1000.000
9850,2.6260,1.6370,0.00,0.0000,0.0000,0,0,0,0,0,20,20,0,53,0,1,0,1000.000
9860,2.6260,1.6412,0.00,0.0000,0.0000,0,0,0,0,0,20,20,0,53,0,1,0,1000.000
9870,2.6260,1.6454,0.00,0.0000,0.0000,0,0,0,0,0,20,20,0,53,0,1,0,1000.000
9880,2.6260,1.6496,0.00,0.0000,0.0000,0,0,0,0,0,20,20,0,53,0,1,0,1000.000
9890,2.6260,1.6539,0.00,0.0000,0.0000,0,0,0,0,0,20,20,0,53,0,1,0,1000.000
9900,2.6260,1.6581,0.00,2.6260,1.6600,1,0,0,0,0,19,20,0,49,1,1,0,0.086
9910,2.6260,1.6622,0.00,2.6260,1.6641,1,0,0,0,0,19,20,0,49,1,1,0,0.082
9920,2.6260,1.6661,0.00,2.6260,1.6680,1,0,0,0,0,19,20,0,48,1,0,0,0.078
9930,2.6260,1.6699,0.00,2.6260,1.6718,1,0,0,0,0,19,20,0,47,1,0,0,0.075
9940,2.6260,1.6736,0.00,2.6260,1.6755,1,0,0,0,0,19,20,0,45,1,0,0,0.071
9950,2.6260,1.6772,0.00,2.6260,1.6791,1,0,0,0,0,17,20,0,0,0,0,0,1000.000
9960,2.6260,1.6806,0.00,2.6260,1.6825,1,0,0,0,0,17,20,0,0,0,0,0,1000.000
9970,2.6260,1.6838,0.00,2.6260,1.6858,1,0,0,0,0,17,20,0,0,0,0,0,1000.000
9980,2.6260,1.6868,0.00,2.6260,1.6888,1,0,0,0,0,17,20,0,0,0,0,0,1000.000
9990,2.6260,1.6897,0.00,2.6260,1.6916,1,0,0,0,0,17,20,0,0,0,0,0,1000.000
10000,2.6260,1.6923,0.00,2.6260,1.6942,1,0,1,0,0,15,20,0,0,0,0,0,1000.000
10010,2.6260,1.6947,0.00,2.6260,1.6966,1,0,1,0,0,15,20,0,0,0,0,0,1000.000
10020,2.6260,1.6969,0.00,2.6260,1.6988,1,0,1,0,0,15,20,0,0,0,0,0,1000.000
10030,2.6260,1.6989,0.00,2.6260,1.7008,1,0,1,0,0,15,20,0,0,0,0,0,1000.000
10040,2.6260,1.7007,0.00,2.6260,1.7026,1,0,1,0,0,15,20,0,0,0,0,0,1000.000
10050,2.6260,1.7023,0.00,2.6260,1.7042,1,0,1,0,0,14,20,-150,0,0,0,0,2.356
10060,2.6260,1.7037,0.00,2.6260,1.7057,1,0,1,0,0,14,20,-150,0,0,0,0,2.356
10070,2.6260,1.7049,0.00,2.6260,1.7069,1,0,1,0,0,14,20,-150,0,0,0,0,2.356
10080,2.6260,1.7060,0.00,2.6260,1.7079,1,0,1,0,0,14,20,-150,0,0,0,0,2.356
10090,2.6258,1.7070,0.00,2.6258,1.7089,1,0,1,0,0,14,20,-150,0,0,0,0,2.356
10100,2.6254,1.7080,0.00,2.6254,1.7099,1,0,1,0,0,14,20,-150,0,0,0,0,2.355
10110,2.6248,1.7090,0.00,2.6248,1.7109,1,0,1,0,0,14,20,-150,0,0,0,0,2.355
10120,2.6240,1.7100,0.00,2.6240,1.7119,1,0,1,0,0,14,20,-150,0,0,0,0,2.354
10130,2.6230,1.7110,0.00,2.6230,1.7129,1,0,1,0,0,14,20,-150,0,0,0,0,2.353
10140,2.6218,1.7120,0.00,2.6218,1.7139,1,0,1,0,0,14,20,-150,0,0,0,0,2.352
10150,2.6205,1.7130,0.00,2.6205,1.7149,1,0,1,0,0,13,20,-150,0,0,0,0,2.350
10160,2.6189,1.7140,0.00,2.6189,1.7159,1,0,1,0,0,13,20,-150,0,0,0,0,2.349
10170,2.6171,1.7150,0.00,2.6171,1.7169,1,0,1,0,0,13,20,-150,0,0,0,0,2.347
10180,2.6151,1.7160,0.00,2.6151,1.7179,1,0,1,0,0,13,20,-150,0,0,0,0,2.345
10190,2.6129,1.7170,0.00,2.6129,1.7189,1,0,1,0,0,13,20,-150,0,0,0,0,2.343
10200,2.6105,1.7180,0.00,2.6105,1.7199,1,0,1,0,0,13,20,-150,0,0,0,0,2.340
10210,2.6079,1.7190,0.00,2.6079,1.7209,1,0,1,0,0,13,20,-150,0,0,0,0,2.338
10220,2.6051,1.7200,0.00,2.6051,1.7219,1,0,1,0,0,13,20,-150,0,0,0,0,2.335
10230,2.6021,1.7210,0.00,2.6021,1.7229,1,0,1,0,0,13,20,-150,0,0,0,0,2.332
10240,2.5989,1.7220,0.00,2.5989,1.7239,1,0,1,0,0,13,20,-150,0,0,0,0,2.329
10250,2.5956,1.7230,0.00,2.5955,1.7249,1,0,1,0,0,12,20,0,0,0,0,0,2.326
10260,2.5922,1.7240,0.00,2.5922,1.7259,1,0,1,0,0,12,20,0,0,0,0,0,2.322
10270,2.5890,1.7250,0.00,2.5890,1.7269,1,0,1,0,0,12,20,0,0,0,0,0,2.319
10280,2.5860,1.7260,0.00,2.5860,1.7279,1,0,1,0,0,12,20,0,0,0,0,0,2.316
10290,2.5833,1.7270,0.00,2.5833,1.7289,1,0,1,0,0,12,20,0,0,0,0,0,2.313
10300,2.5807,1.7280,0.00,2.5807,1.7299,1,0,1,0,0,12,20,0,0,0,0,0,2.311
10310,2.5783,1.7290,0.00,2.5783,1.7309,1,0,1,0,0,12,20,0,0,0,0,0,2.308
10320,2.5762,1.7300,0.00,2.5762,1.7319,1,0,1,0,0,12,20,0,0,0,0,0,2.306
10330,2.5742,1.7310,0.00,2.5742,1.7329,1,0,1,0,0,12,20,0,0,0,0,0,2.304
10340,2.5724,1.7320,0.00,2.5724,1.7339,1,0,1,0,0,12,20,0,0,0,0,0,2.302
10350,2.5709,1.7330,0.00,2.5708,1.7349,1,0,1,0,0,11,20,0,0,0,0,0,2.301
10360,2.5695,1.7340,0.00,2.5695,1.7359,1,0,1,0,0,11,20,0,0,0,0,0,2.299
10370,2.5683,1.7350,0.00,2.5683,1.7369,1,0,1,0,0,11,20,0,0,0,0,0,2.298
10380,2.5673,1.7360,0.00,2.5673,1.7379,1,0,1,0,0,11,20,0,0,0,0,0,2.297
10390,2.5664,1.7369,0.00,2.5664,1.7388,1,0,1,0,0,11,20,0,0,0,0,0,2.296
10400,2.5656,1.7377,0.00,2.5656,1.7396,1,0,1,0,0,11,20,0,0,0,0,0,2.296
10410,2.5650,1.7384,0.00,2.5650,1.7403,1,0,1,0,0,11,20,0,0,0,0,0,2.295
10420,2.5644,1.7389,0.00,2.5644,1.7409,1,0,1,0,0,11,20,0,0,0,0,0,2.294
10430,2.5639,1.7394,0.00,2.5639,1.7413,1,0,1,0,0,11,20,0,0,0,0,0,2.294
10440,2.5635,1.7398,0.00,2.5635,1.7417,1,0,1,0,0,11,20,0,0,0,0,0,2.294
10450,2.5632,1.7401,0.00,2.5632,1.7420,1,0,1,0,0,10,20,-150,0,0,0,0,2.293
10460,2.5629,1.7402,0.00,2.5629,1.7421,1,0,1,0,0,10,20,-150,0,0,0,0,2.293
10470,2.5624,1.7403,0.00,2.5624,1.7422,1,0,1,0,0,10,20,-150,0,0,0,0,2.292
10480,2.5617,1.7404,0.00,2.5617,1.7423,1,0,1,0,0,10,20,-150,0,0,0,0,2.292
10490,2.5608,1.7405,0.00,2.5608,1.7424,1,0,1,0,0,10,20,-150,0,0,0,0,2.291
10500,2.5597,1.7406,0.00,2.5597,1.7425,1,0,1,0,0,10,20,-150,0,0,0,0,2.290
10510,2.5585,1.7407,0.00,2.5585,1.7426,1,0,1,0,0,10,20,-150,0,0,0,0,2.288
10520,2.5570,1.7408,0.00,2.5570,1.7427,1,0,1,0,0,10,20,-150,0,0,0,0,2.287
10530,2.5553,1.7409,0.00,2.5553,1.7428,1,0,1,0,0,10,20,-150,0,0,0,0,2.285
10540,2.5534,1.7410,0.00,2.5534,1.7429,1,0,1,0,0,10,20,-150,0,0,0,0,2.283
10550,2.5513,1.7411,0.00,2.5513,1.7430,1,0,1,0,0,10,20,-150,0,0,0,0,2.281
10560,2.5490,1.7412,0.00,2.5490,1.7431,1,0,1,0,0,10,20,-150,0,0,0,0,2.279
10570,2.5465,1.7413,0.00,2.5465,1.7432,1,0,1,0,0,10,20,-150,0,0,0,0,2.277
10580,2.5438,1.7414,0.00,2.5438,1.7433,1,0,1,0,0,10,20,-150,0,0,0,0,2.274
10590,2.5409,1.7415,0.00,2.5409,1.7434,1,0,1,0,0,10,20,-150,0,0,0,0,2.271
10600,2.5379,1.7416,0.00,2.5379,1.7435,1,0,1,0,0,10,20,-150,0,0,0,0,2.268
10610,2.5346,1.7417,0.00,2.5346,1.7436,1,0,1,0,0,10,20,-150,0,0,0,0,2.265
10620,2.5311,1.7418,0.00,2.5311,1.7437,1,0,1,0,0,10,20,-150,0,0,0,0,2.261
10630,2.5274,1.7419,0.00,2.5274,1.7438,1,0,1,0,0,10,20,-150,0,0,0,0,2.257
10640,2.5235,1.7420,0.00,2.5235,1.7439,1,0,1,0,0,10,20,-150,0,0,0,0,2.253
10650,2.5194,1.7421,0.00,2.5194,1.7440,1,0,1,0,0,10,20,-150,0,0,0,0,2.249
10660,2.5151,1.7422,0.00,2.5151,1.7441,1,0,1,0,0,10,20,-150,0,0,0,0,2.245
10670,2.5106,1.7423,0.00,2.5106,1.7442,1,0,1,0,0,10,20,-150,0,0,0,0,2.241
10680,2.5059,1.7424,0.00,2.5059,1.7443,1,0,1,0,0,10,20,-150,0,0,0,0,2.236
10690,2.5011,1.7425,0.00,2.5011,1.7444,1,0,1,0,0,10,20,-150,0,0,0,0,2.231
10700,2.4960,1.7426,0.00,2.4960,1.7445,1,0,1,0,0,10,20,-150,0,0,0,0,2.226
10710,2.4907,1.7427,0.00,2.4907,1.7446,1,0,1,0,0,10,20,-150,0,0,0,0,2.221
10720,2.4852,1.7428,0.00,2.4852,1.7447,1,0,1,0,0,10,20,-150,0,0,0,0,2.215
10730,2.4795,1.7429,0.00,2.4795,1.7448,1,0,1,0,0,10,20,-150,0,0,0,0,2.209
10740,2.4736,1.7430,0.00,2.4736,1.7449,1,0,1,0,0,10,20,-150,0,0,0,0,2.204
10750,2.4675,1.7431,0.00,2.4675,1.7450,1,0,1,0,0,10,20,-150,0,0,0,0,2.198
10760,2.4612,1.7432,0.00,2.4612,1.7451,1,0,1,0,0,10,20,-150,0,0,0,0,2.191
10770,2.4547,1.7433,0.00,2.4547,1.7452,1,0,1,0,0,10,20,-150,0,0,0,0,2.185
10780,2.4481,1.7434,0.00,2.4481,1.7453,1,0,1,0,0,10,20,-150,0,0,0,0,2.178
10790,2.4412,1.7435,0.00,2.4412,1.7454,1,0,1,0,0,10,20,-150,0,0,0,0,2.171
10800,2.4341,1.7436,0.00,2.4341,1.7455,1,0,1,0,0,10,20,-150,0,0,0,0,2.164
10810,2.4268,1.7437,0.00,2.4268,1.7456,1,0,1,0,0,10,20,-150,0,0,0,0,2.157
10820,2.4193,1.7438,0.00,2.4193,1.7457,1,0,1,0,0,10,20,-150,0,0,0,0,2.149
10830,2.4116,1.7439,0.00,2.4116,1.7458,1,0,1,0,0,10,20,-150,0,0,0,0,2.142
10840,2.4037,1.7440,0.00,2.4037,1.7459,1,0,1,0,0,10,20,-150,0,0,0,0,2.134
10850,2.3956,1.7441,0.00,2.3956,1.7460,1,0,1,0,0,10,20,-150,0,0,0,0,2.126
10860,2.3873,1.7442,0.00,2.3873,1.7461,1,0,1,0,0,10,20,-150,0,0,0,0,2.117
10870,2.3789,1.7443,0.00,2.3789,1.7462,1,0,1,0,0,10,20,-150,0,0,0,0,2.109
10880,2.3702,1.7444,0.00,2.3702,1.7463,1,0,1,0,0,10,20,-150,0,0,0,0,2.100
10890,2.3613,1.7445,0.00,2.3613,1.7464,1,0,1,0,0,10,20,-150,0,0,0,0,2.091
10900,2.3522,1.7446,0.00,2.3522,1.7465,1,0,1,0,0,10,20,-150,0,0,0,0,2.082
10910,2.3429,1.7447,0.00,2.3429,1.7466,1,0,1,0,0,10,20,-150,0,0,0,0,2.073
10920,2.3334,1.7448,0.00,2.3334,1.7467,1,0,1,0,0,10,20,-150,0,0,0,0,2.063
10930,2.3237,1.7449,0.00,2.3237,1.7468,1,0,1,0,0,10,20,-150,0,0,0,0,2.054
10940,2.3138,1.7450,0.00,2.3138,1.7469,1,0,1,0,0,10,20,-150,0,0,0,0,2.044
10950,2.3037,1.7451,0.00,2.3037,1.7470,1,0,1,0,0,10,20,-150,0,0,0,0,2.034
10960,2.2935,1.7452,0.00,2.2935,1.7471,1,0,1,0,0,10,20,-150,0,0,0,0,2.023
10970,2.2830,1.7453,0.00,2.2830,1.7472,1,0,1,0,0,10,20,-150,0,0,0,0,2.013
10980,2.2723,1.7454,0.00,2.2723,1.7473,1,0,1,0,0,10,20,-150,0,0,0,0,2.002
10990,2.2614,1.7455,0.00,2.2614,1.7474,1,0,1,0,0,10,20,-150,0,0,0,0,1.991
11000,2.2503,1.7456,0.00,2.2503,1.7475,1,0,1,0,0,10,20,-150,0,0,0,0,1.980
11010,2.2390,1.7457,0.00,2.2390,1.7476,1,0,1,0,0,10,20,-150,0,0,0,0,1.969
11020,2.2275,1.7458,0.00,2.2275,1.7477,1,0,1,0,0,10,20,-150,0,0,0,0,1.958
11030,2.2158,1.7459,0.00,2.2158,1.7478,1,0,1,0,0,10,20,-150,0,0,0,0,1.946
11040,2.2040,1.7459,0.00,2.2040,1.7478,1,0,1,0,0,10,20,-150,0,0,0,0,1.934
11050,2.1920,1.7459,0.00,2.1920,1.7478,1,0,1,0,0,10,20,-150,0,0,0,0,1.922
11060,2.1801,1.7459,0.00,2.1801,1.7478,1,0,1,0,0,10,20,-150,0,0,0,0,1.910
11070,2.1682,1.7459,0.00,2.1682,1.7478,1,0,1,0,0,10,20,-150,0,0,0,0,1.898
11080,2.1562,1.7459,0.00,2.1562,1.7478,1,0,1,0,0,10,20,-150,0,0,0,0,1.886
11090,2.1443,1.7459,0.00,2.1443,1.7478,1,0,1,0,0,10,20,-150,0,0,0,0,1.874
11100,2.1323,1.7459,0.00,2.1323,1.7478,1,0,1,0,0,10,20,-150,0,0,0,0,1.862
11110,2.1204,1.7459,0.00,2.1204,1.7478,1,0,1,0,0,10,20,-150,0,0,0,0,1.850
11120,2.1085,1.7459,0.00,2.1085,1.7478,1,0,1,0,0,10,20,-150,0,0,0,0,1.838
11130,2.0965,1.7459,0.00,2.0965,1.7478,1,0,1,0,0,10,20,-150,0,0,0,0,1.827
11140,2.0846,1.7459,0.00,2.0846,1.7478,1,0,1,0,0,10,20,-150,0,0,0,0,1.815
11150,2.0727,1.7459,0.00,2.0727,1.7478,1,0,1,0,0,10,20,-150,0,0,0,0,1.803
11160,2.0607,1.7459,0.00,2.0607,1.7478,1,0,1,0,0,10,20,-150,0,0,0,0,1.791
11170,2.0488,1.7459,0.00,2.0488,1.7478,1,0,1,0,0,10,20,-150,0,0,0,0,1.779
11180,2.0368,1.7459,0.00,2.0368,1.7478,1,0,1,0,0,10,20,-150,0,0,0,0,1.767
11190,2.0249,1.7459,0.00,2.0249,1.7478,1,0,1,0,0,10,20,-150,0,0,0,0,1.755
11200,2.0130,1.7459,0.00,2.0130,1.7478,1,0,1,0,0,10,20,-150,0,0,0,0,1.743
11210,2.0010,1.7459,0.00,2.0010,1.7478,1,0,1,0,0,10,20,-150,0,0,0,0,1.731
11220,1.9891,1.7459,0.00,1.9891,1.7478,1,0,1,0,0,10,20,-150,0,0,0,0,1.719
11230,1.9771,1.7459,0.00,1.9771,1.7478,1,0,1,0,0,10,20,-150,0,0,0,0,1.707
11240,1.9652,1.7459,0.00,1.9652,1.7478,1,0,1,0,0,10,20,-150,0,0,0,0,1.695
11250,1.9533,1.7459,0.00,1.9533,1.7478,1,0,1,0,0,10,20,-150,0,0,0,0,1.683
11260,1.9413,1.7459,0.00,1.9413,1.7478,1,0,1,0,0,10,20,-150,0,0,0,0,1.671
11270,1.9294,1.7459,0.00,1.9294,1.7478,1,0,1,0,0,10,20,-150,0,0,0,0,1.659
11280,1.9175,1.7459,0.00,1.9175,1.7478,1,0,1,0,0,10,20,-150,0,0,0,0,1.647
11290,1.9055,1.7459,0.00,1.9055,1.7478,1,0,1,0,0,10,20,-150,0,0,0,0,1.636
11300,1.8936,1.7459,0.00,1.8936,1.7478,1,0,1,0,0,10,20,-150,0,0,0,0,1.624
11310,1.8816,1.7459,0.00,1.8816,1.7478,1,0,1,0,0,10,20,-150,0,0,0,0,1.612
11320,1.8697,1.7459,0.00,1.8697,1.7478,1,0,1,0,0,10,20,-150,0,0,0,0,1.600
11330,1.8578,1.7459,0.00,1.8578,1.7478,1,0,1,0,0,10,20,-150,0,0,0,0,1.588
11340,1.8458,1.7459,0.00,1.8458,1.7478,1,0,1,0,0,10,20,-150,0,0,0,0,1.576
11350,1.8339,1.7459,0.00,1.8339,1.7478,1,0,1,0,0,10,20,-150,0,0,0,0,1.564
11360,1.8220,1.7459,0.00,1.8220,1.7478,1,0,1,0,0,10,20,-150,0,0,0,0,1.552
11370,1.8100,1.7459,0.00,1.8100,1.7478,1,0,1,0,0,10,20,-150,0,0,0,0,1.540
11380,1.7981,1.7459,0.00,1.7981,1.7478,1,0,1,0,0,10,20,-150,0,0,0,0,1.528
11390,1.7861,1.7459,0.00,1.7861,1.7478,1,0,1,0,0,10,20,-150,0,0,0,0,1.516
11400,1.7742,1.7459,0.00,1.7742,1.7478,1,0,1,0,0,10,20,-150,0,0,0,0,1.504
11410,1.7623,1.7459,0.00,1.7623,1.7478,1,0,1,0,0,10,20,-150,0,0,0,0,1.492
11420,1.7503,1.7459,0.00,1.7503,1.7478,1,0,1,0,0,10,20,-150,0,0,0,0,1.480
11430,1.7384,1.7459,0.00,1.7384,1.7478,1,0,1,0,0,10,20,-150,0,0,0,0,1.468
11440,1.7264,1.7459,0.00,1.7264,1.7478,1,0,1,0,0,10,20,-150,0,0,0,0,1.456
11450,1.7145,1.7459,0.00,1.7145,1.7478,1,0,1,0,0,10,20,-150,0,0,0,0,1.445
11460,1.7026,1.7459,0.00,1.7026,1.7478,1,0,1,0,0,10,20,-150,0,0,0,0,1.433
11470,1.6906,1.7459,0.00,1.6906,1.7478,1,0,1,0,0,10,20,-150,0,0,0,0,1.421
11480,1.6787,1.7459,0.00,1.6787,1.7478,1,0,1,0,0,10,20,-150,0,0,0,0,1.409
11490,1.6668,1.7459,0.00,1.6668,1.7478,1,0,1,0,0,10,20,-150,0,0,0,0,1.397
11500,1.6548,1.7459,0.00,1.6548,1.7478,1,0,1,0,0,10,20,-150,0,0,0,0,1.385
11510,1.6429,1.7459,0.00,1.6429,1.7478,1,0,1,0,0,10,20,-150,0,0,0,0,1.373
11520,1.6309,1.7459,0.00,1.6309,1.7478,1,0,1,0,0,10,20,-150,0,0,0,0,1.361
11530,1.6190,1.7459,0.00,1.6190,1.7478,1,0,1,0,0,10,20,-150,0,0,0,0,1.349
11540,1.6071,1.7459,0.00,1.6071,1.7478,1,0,1,0,0,10,20,-150,0,0,0,0,1.337
11550,1.5951,1.7459,0.00,1.5951,1.7478,1,0,1,0,0,10,20,-150,0,0,0,0,1.325
11560,1.5832,1.7459,0.00,1.5832,1.7478,1,0,1,0,0,10,20,-150,0,0,0,0,1.313
11570,1.5713,1.7459,0.00,1.5713,1.7478,1,0,1,0,0,10,20,-150,0,0,0,0,1.301
11580,1.5593,1.7459,0.00,1.5593,1.7478,1,0,1,0,0,10,20,-150,0,0,0,0,1.289
11590,1.5474,1.7459,0.00,1.5474,1.7478,1,0,1,0,0,10,20,-150,0,0,0,0,1.277
11600,1.5354,1.7459,0.00,1.5354,1.7478,1,0,1,0,0,10,20,-150,0,0,0,0,1.265
11610,1.5235,1.7459,0.00,1.5235,1.7478,1,0,1,0,0,10,20,-150,0,0,0,0,1.254
11620,1.5116,1.7459,0.00,1.5116,1.7478,1,0,1,0,0,10,20,-150,0,0,0,0,1.242
11630,1.4996,1.7459,0.00,1.4996,1.7478,1,0,1,0,0,10,20,-150,0,0,0,0,1.230
11640,1.4877,1.7459,0.00,1.4877,1.7478,1,0,1,0,0,10,20,-150,0,0,0,0,1.218
11650,1.4757,1.7459,0.00,1.4757,1.7478,1,0,1,0,0,10,20,-150,0,0,0,0,1.206
11660,1.4638,1.7459,0.00,1.4638,1.7478,1,0,1,0,0,10,20,-150,0,0,0,0,1.194
11670,1.4519,1.7459,0.00,1.4519,1.7478,1,0,1,0,0,10,20,-150,0,0,0,0,1.182
11680,1.4399,1.7459,0.00,1.4399,1.7478,1,0,1,0,0,10,20,-150,0,0,0,0,1.170
11690,1.4280,1.7459,0.00,1.4280,1.7478,1,0,1,0,0,10,20,-150,0,0,0,0,1.158
11700,1.4161,1.7459,0.00,1.4161,1.7478,1,0,1,0,0,10,20,-150,0,0,0,0,1.146
11710,1.4041,1.7459,0.00,1.4041,1.7478,1,0,1,0,0,10,20,-150,0,0,0,0,1.134
11720,1.3922,1.7459,0.00,1.3922,1.7478,1,0,1,0,0,10,20,-150,0,0,0,0,1.122
11730,1.3802,1.7459,0.00,1.3802,1.7478,1,0,1,0,0,10,20,-150,0,0,0,0,1.110
11740,1.3683,1.7459,0.00,1.3683,1.7478,1,0,1,0,0,10,20,-150,0,0,0,0,1.098
11750,1.3564,1.7459,0.00,1.3564,1.7478,1,0,1,0,0,10,20,-150,0,0,0,0,1.086
11760,1.3444,1.7459,0.00,1.3444,1.7478,1,0,1,0,0,10,20,-150,0,0,0,0,1.074
11770,1.3325,1.7459,0.00,1.3325,1.7478,1,0,1,0,0,10,20,-150,0,0,0,0,1.062
11780,1.3206,1.7459,0.00,1.3206,1.7478,1,0,1,0,0,10,20,-150,0,0,0,0,1.051
11790,1.3086,1.7459,0.00,1.3086,1.7478,1,0,1,0,0,10,20,-150,0,0,0,0,1.039
11800,1.2967,1.7459,0.00,1.2967,1.7478,1,0,1,0,0,10,20,-150,0,0,0,0,1.027
11810,1.2847,1.7459,0.00,1.2847,1.7478,1,0,1,0,0,10,20,-150,0,0,0,0,1.015
11820,1.2728,1.7459,0.00,1.2728,1.7478,1,0,1,0,0,10,20,-150,0,0,0,0,1.003
11830,1.2609,1.7459,0.00,1.2609,1.7478,1,0,1,0,0,10,20,-150,0,0,0,0,0.991
11840,1.2489,1.7459,0.00,1.2489,1.7478,1,0,1,0,0,10,20,-150,0,0,0,0,0.979
11850,1.2370,1.7459,0.00,1.2370,1.7478,1,0,1,0,0,10,20,-150,0,0,0,0,0.967
11860,1.2250,1.7459,0.00,1.2250,1.7478,1,0,1,0,0,10,20,-150,0,0,0,0,0.955
11870,1.2131,1.7459,0.00,1.2131,1.7478,1,0,1,0,0,10,20,-150,0,0,0,0,0.943
11880,1.2012,1.7459,0.00,1.2012,1.7478,1,0,1,0,0,10,20,-150,0,0,0,0,0.931
11890,1.1892,1.7459,0.00,1.1892,1.7478,1,0,1,0,0,10,20,-150,0,0,0,0,0.919
11900,1.1773,1.7459,0.00,1.1773,1.7478,1,0,1,0,0,10,20,-150,0,0,0,0,0.907
11910,1.1654,1.7459,0.00,1.1654,1.7478,1,0,1,0,0,10,20,-150,0,0,0,0,0.895
11920,1.1534,1.7459,0.00,1.1534,1.7478,1,0,1,0,0,10,20,-150,0,0,0,0,0.883
11930,1.1415,1.7459,0.00,1.1415,1.7478,1,0,1,0,0,10,20,-150,0,0,0,0,0.871
11940,1.1295,1.7459,0.00,1.1295,1.7478,1,0,1,0,0,10,20,-150,0,0,0,0,0.860
11950,1.1176,1.7459,0.00,1.1176,1.7478,1,0,1,0,0,10,20,-150,0,0,0,0,0.848
11960,1.1057,1.7459,0.00,1.1057,1.7478,1,0,1,0,0,10,20,-150,0,0,0,0,0.836
11970,1.0937,1.7459,0.00,1.0937,1.7478,1,0,1,0,0,10,20,-150,0,0,0,0,0.824
11980,1.0818,1.7459,0.00,1.0818,1.7478,1,0,1,0,0,10,20,-150,0,0,0,0,0.812
11990,1.0699,1.7459,0.00,1.0699,1.7478,1,0,1,0,0,10,20,-150,0,0,0,0,0.800
12000,1.0579,1.7459,0.00,1.0579,1.7478,1,0,1,0,0,10,20,-150,0,0,0,0,0.788
12010,1.0460,1.7459,0.00,1.0460,1.7478,1,0,1,0,0,10,20,-150,0,0,0,0,0.776
12020,1.0340,1.7459,0.00,1.0340,1.7478,1,0,1,0,0,10,20,-150,0,0,0,0,0.764
12030,1.0221,1.7459,0.00,1.0221,1.7478,1,0,1,0,0,10,20,-150,0,0,0,0,0.752
12040,1.0102,1.7459,0.00,1.0102,1.7478,1,0,1,0,0,10,20,-150,0,0,0,0,0.740
12050,0.9982,1.7459,0.00,0.9982,1.7478,1,0,1,0,0,10,20,-75,0,0,0,0,0.728
12060,0.9864,1.7459,0.00,0.9864,1.7478,1,0,1,0,0,10,20,-75,0,0,0,0,0.716
12070,0.9748,1.7459,0.00,0.9748,1.7478,1,0,1,0,0,10,20,-75,0,0,0,0,0.705
12080,0.9633,1.7459,0.00,0.9633,1.7478,1,0,1,0,0,10,20,-75,0,0,0,0,0.693
12090,0.9521,1.7459,0.00,0.9521,1.7478,1,0,1,0,0,10,20,-75,0,0,0,0,0.682
12100,0.9411,1.7459,0.00,0.9411,1.7478,1,0,1,0,0,10,20,-75,0,0,0,0,0.671
12110,0.9303,1.7459,0.00,0.9303,1.7478,1,0,1,0,0,10,20,-75,0,0,0,0,0.660
12120,0.9196,1.7459,0.00,0.9196,1.7478,1,0,1,0,0,10,20,-75,0,0,0,0,0.650
12130,0.9092,1.7459,0.00,0.9092,1.7478,1,0,1,0,0,10,20,-75,0,0,0,0,0.639
12140,0.8990,1.7459,0.00,0.8990,1.7478,1,0,1,0,0,10,20,-75,0,0,0,0,0.629
12150,0.8889,1.7459,0.00,0.8889,1.7478,1,0,1,0,0,20,20,-75,0,0,0,0,0.619
12160,0.8791,1.7459,0.00,0.8791,1.7478,1,0,1,0,0,20,20,-75,0,0,0,0,0.609
12170,0.8695,1.7459,0.00,0.8695,1.7478,1,0,1,0,0,20,20,-75,0,0,0,0,0.599
12180,0.8601,1.7459,0.00,0.8601,1.7478,1,0,1,0,0,20,20,-75,0,0,0,0,0.590
12190,0.8508,1.7459,0.00,0.8508,1.7478,1,0,1,0,0,20,20,-75,0,0,0,0,0.581
12200,0.8418,1.7459,0.00,0.8418,1.7478,1,0,1,0,0,20,20,-75,0,0,0,0,0.572
12210,0.8330,1.7459,0.00,0.8330,1.7478,1,0,1,0,0,20,20,-75,0,0,0,0,0.563
12220,0.8243,1.7459,0.00,0.8243,1.7478,1,0,1,0,0,20,20,-75,0,0,0,0,0.554
12230,0.8159,1.7459,0.00,0.8159,1.7478,1,0,1,0,0,20,20,-75,0,0,0,0,0.546
12240,0.8077,1.7459,0.00,0.8077,1.7478,1,0,1,0,0,20,20,-75,0,0,0,0,0.538
12250,0.7997,1.7459,0.00,0.7997,1.7478,1,0,1,0,0,20,20,-75,0,0,0,0,0.530
12260,0.7918,1.7459,0.00,0.7918,1.7478,1,0,1,0,0,20,20,-75,0,0,0,0,0.522
12270,0.7842,1.7459,0.00,0.7842,1.7478,1,0,1,0,0,20,20,-75,0,0,0,0,0.514
12280,0.7768,1.7459,0.00,0.7768,1.7478,1,0,1,0,0,20,20,-75,0,0,0,0,0.507
12290,0.7696,1.7459,0.00,0.7696,1.7478,1,0,1,0,0,20,20,-75,0,0,0,0,0.500
12300,0.7625,1.7459,0.00,0.7625,1.7478,1,0,1,0,0,20,20,-75,0,0,0,0,0.493
12310,0.7557,1.7459,0.00,0.7557,1.7478,1,0,1,0,0,20,20,-75,0,0,0,0,0.486
12320,0.7491,1.7459,0.00,0.7491,1.7478,1,0,1,0,0,20,20,-75,0,0,0,0,0.479
12330,0.7426,1.7459,0.00,0.7426,1.7478,1,0,1,0,0,20,20,-75,0,0,0,0,0.473
12340,0.7364,1.7459,0.00,0.7364,1.7478,1,0,1,0,0,20,20,-75,0,0,0,0,0.466
12350,0.7304,1.7459,0.00,0.7304,1.7478,1,0,1,0,0,20,20,-75,0,0,0,0,0.460
12360,0.7244,1.7459,0.00,0.7244,1.7478,1,0,1,0,0,20,20,-75,0,0,0,0,0.454
12370,0.7184,1.7459,0.00,0.7184,1.7478,1,0,1,0,0,20,20,-75,0,0,0,0,0.448
12380,0.7125,1.7459,0.00,0.7125,1.7478,1,0,1,0,0,20,20,-75,0,0,0,0,0.442
12390,0.7065,1.7459,0.00,0.7065,1.7478,1,0,1,0,0,20,20,-75,0,0,0,0,0.437
12400,0.7005,1.7459,0.00,0.7005,1.7478,1,0,1,0,0,20,20,-75,0,0,0,0,0.431
12410,0.6946,1.7459,0.00,0.6946,1.7478,1,0,1,0,0,20,20,-75,0,0,0,0,0.425
12420,0.6886,1.7459,0.00,0.6886,1.7478,1,0,1,0,0,20,20,-75,0,0,0,0,0.419
12430,0.6826,1.7459,0.00,0.6826,1.7478,1,0,1,0,0,20,20,-75,0,0,0,0,0.413
12440,0.6767,1.7459,0.00,0.6767,1.7478,1,0,1,0,0,20,20,-75,0,0,0,0,0.407
12450,0.6707,1.7459,0.00,0.6707,1.7478,1,0,1,0,0,20,20,-75,0,0,0,0,0.401
12460,0.6647,1.7459,0.00,0.6647,1.7478,1,0,1,0,0,20,20,-75,0,0,0,0,0.395
12470,0.6588,1.7459,0.00,0.6588,1.7478,1,0,1,0,0,20,20,-75,0,0,0,0,0.389
12480,0.6528,1.7459,0.00,0.6528,1.7478,1,0,1,0,0,20,20,-75,0,0,0,0,0.383
12490,0.6468,1.7459,0.00,0.6468,1.7478,1,0,1,0,0,20,20,-75,0,0,0,0,0.377
12500,0.6408,1.7459,0.00,0.6408,1.7478,1,0,1,0,0,20,20,-75,0,0,0,0,0.371
12510,0.6349,1.7459,0.00,0.6349,1.7478,1,0,1,0,0,20,20,-75,0,0,0,0,0.365
12520,0.6289,1.7459,0.00,0.6289,1.7478,1,0,1,0,0,20,20,-75,0,0,0,0,0.359
12530,0.6229,1.7459,0.00,0.6229,1.7478,1,0,1,0,0,20,20,-75,0,0,0,0,0.353
12540,0.6170,1.7459,0.00,0.6170,1.7478,1,0,1,0,0,20,20,-75,0,0,0,0,0.347
12550,0.6110,1.7459,0.00,0.6110,1.7478,1,0,1,0,0,20,20,-75,0,0,0,0,0.341
12560,0.6050,1.7459,0.00,0.6050,1.7478,1,0,1,0,0,20,20,-75,0,0,0,0,0.335
12570,0.5991,1.7459,0.00,0.5991,1.7478,1,0,1,0,0,20,20,-75,0,0,0,0,0.329
12580,0.5931,1.7459,0.00,0.5931,1.7478,1,0,1,0,0,20,20,-75,0,0,0,0,0.323
12590,0.5871,1.7459,0.00,0.5871,1.7478,1,0,1,0,0,20,20,-75,0,0,0,0,0.317
12600,0.5812,1.7459,0.00,0.5812,1.7478,1,0,1,0,0,20,20,-75,0,0,0,0,0.311
12610,0.5752,1.7459,0.00,0.5752,1.7478,1,0,1,0,0,20,20,-75,0,0,0,0,0.305
12620,0.5692,1.7459,0.00,0.5692,1.7478,1,0,1,0,0,20,20,-75,0,0,0,0,0.299
12630,0.5632,1.7459,0.00,0.5632,1.7478,1,0,1,0,0,20,20,-75,0,0,0,0,0.293
12640,0.5573,1.7459,0.00,0.5573,1.7478,1,0,1,0,0,20,20,-75,0,0,0,0,0.287
12650,0.5513,1.7459,0.00,0.5513,1.7478,1,0,1,0,0,20,20,-75,0,0,0,0,0.281
12660,0.5453,1.7459,0.00,0.5453,1.7478,1,0,1,0,0,20,20,-75,0,0,0,0,0.275
12670,0.5394,1.7459,0.00,0.5394,1.7478,1,0,1,0,0,20,20,-75,0,0,0,0,0.269
12680,0.5334,1.7459,0.00,0.5334,1.7478,1,0,1,0,0,20,20,-75,0,0,0,0,0.263
12690,0.5274,1.7459,0.00,0.5274,1.7478,1,0,1,0,0,20,20,-75,0,0,0,0,0.257
12700,0.5215,1.7459,0.00,0.5215,1.7478,1,0,1,0,0,20,20,-75,0,0,0,0,0.251
12710,0.5156,1.7459,0.00,0.5156,1.7478,2,0,0,0,0,20,20,0,0,0,0,0,1000.000
12720,0.5098,1.7459,0.00,0.5098,1.7478,2,0,0,0,0,20,20,0,0,0,0,0,1000.000
12730,0.5043,1.7459,0.00,0.5043,1.7478,2,0,0,0,0,20,20,0,0,0,0,0,1000.000
12740,0.4990,1.7459,0.00,0.4990,1.7478,2,0,0,0,0,20,20,0,0,0,0,0,1000.000
12750,0.4939,1.7459,0.00,0.4939,1.7478,2,0,0,0,0,20,20,0,0,0,0,0,1000.000
12760,0.4890,1.7459,0.00,0.4890,1.7478,2,0,0,0,0,20,20,0,0,0,0,0,1000.000
12770,0.4842,1.7459,0.00,0.4842,1.7478,2,0,0,0,0,20,20,0,0,0,0,0,1000.000
12780,0.4797,1.7459,0.00,0.4797,1.7478,2,0,0,0,0,20,20,0,0,0,0,0,1000.000
12790,0.4754,1.7459,0.00,0.4754,1.7478,2,0,0,0,0,20,20,0,0,0,0,0,1000.000
12800,0.4713,1.7459,0.00,0.4713,1.7478,2,0,1,0,0,20,20,0,0,0,0,0,1000.000
12810,0.4674,1.7459,0.00,0.4674,1.7478,2,0,1,0,0,20,20,0,0,0,0,0,1000.000
12820,0.4636,1.7459,0.00,0.4636,1.7478,2,0,1,0,0,20,20,0,0,0,0,0,1000.000
12830,0.4601,1.7459,0.00,0.4601,1.7478,2,0,1,0,0,20,20,0,0,0,0,0,1000.000
12840,0.4568,1.7459,0.00,0.4568,1.7478,2,0,1,0,0,20,20,0,0,0,0,0,1000.000
12850,0.4537,1.7459,0.00,0.4537,1.7478,2,0,1,0,0,20,20,0,53,0,1,0,0.999
12860,0.4508,1.7459,0.00,0.4508,1.7478,2,0,1,0,0,20,20,0,53,0,1,0,0.999
12870,0.4480,1.7459,0.00,0.4480,1.7478,2,0,1,0,0,20,20,0,53,0,1,0,0.999
12880,0.4455,1.7459,0.00,0.4455,1.7478,2,0,1,0,0,20,20,0,53,0,1,0,0.999
12890,0.4432,1.7459,0.00,0.4432,1.7478,2,0,1,0,0,20,20,0,53,0,1,0,0.999
12900,0.4411,1.7459,0.00,0.4411,1.7478,2,0,1,0,0,20,20,0,53,0,1,0,0.999
12910,0.4392,1.7459,0.00,0.4392,1.7478,2,0,1,0,0,20,20,0,53,0,1,0,0.999
12920,0.4375,1.7459,0.00,0.4375,1.7478,2,0,1,0,0,20,20,0,53,0,1,0,0.999
12930,0.4359,1.7459,0.00,0.4359,1.7478,2,0,1,0,0,20,20,0,53,0,1,0,0.999
12940,0.4346,1.7459,0.00,0.4346,1.7478,2,0,1,0,0,20,20,0,53,0,1,0,0.999
12950,0.4334,1.7460,0.00,0.4334,1.7479,2,0,1,0,0,20,20,0,53,0,1,0,0.999
12960,0.4322,1.7463,0.00,0.4322,1.7482,2,0,1,0,0,20,20,0,53,0,1,0,0.998
12970,0.4310,1.7468,0.00,0.4310,1.7487,2,0,1,0,0,20,20,0,53,0,1,0,0.998
12980,0.4299,1.7474,0.00,0.4299,1.7493,2,0,1,0,0,20,20,0,53,0,1,0,0.997
12990,0.4288,1.7482,0.00,0.4288,1.7501,2,0,1,0,0,20,20,0,53,0,1,0,0.996
13000,0.4277,1.7491,0.00,0.4277,1.7510,2,0,1,0,0,20,20,0,53,0,1,0,0.995
13010,0.4267,1.7502,0.00,0.4267,1.7522,2,0,1,0,0,20,20,0,53,0,1,0,0.994
13020,0.4257,1.7515,0.00,0.4257,1.7534,2,0,1,0,0,20,20,0,53,0,1,0,0.993
13030,0.4247,1.7530,0.00,0.4247,1.7549,2,0,1,0,0,20,20,0,53,0,1,0,0.992
13040,0.4237,1.7546,0.00,0.4237,1.7566,2,0,1,0,0,20,20,0,53,0,1,0,0.990
13050,0.4228,1.7564,0.00,0.4228,1.7584,2,0,1,0,0,20,19,0,53,0,1,0,0.988
13060,0.4219,1.7584,0.00,0.4219,1.7603,2,0,1,0,0,20,19,0,53,0,1,0,0.986
13070,0.4210,1.7606,0.00,0.4210,1.7625,2,0,1,0,0,20,19,0,53,0,1,0,0.984
13080,0.4202,1.7629,0.00,0.4202,1.7648,2,0,1,0,0,20,19,0,53,0,1,0,0.982
13090,0.4194,1.7654,0.00,0.4194,1.7673,2,0,1,0,0,20,19,0,53,0,1,0,0.979
13100,0.4186,1.7680,0.00,0.4186,1.7700,2,0,1,0,0,20,19,0,53,0,1,0,0.977
13110,0.4178,1.7709,0.00,0.4178,1.7728,2,0,1,0,0,20,19,0,53,0,1,0,0.974
13120,0.4171,1.7739,0.00,0.4171,1.7758,2,0,1,0,0,20,19,0,53,0,1,0,0.971
13130,0.4164,1.7770,0.00,0.4164,1.7790,2,0,1,0,0,20,19,0,53,0,1,0,0.968
13140,0.4158,1.7804,0.00,0.4158,1.7823,2,0,1,0,0,20,19,0,53,0,1,0,0.964
13150,0.4151,1.7839,0.00,0.4151,1.7858,2,0,1,0,0,20,19,0,53,0,1,0,0.961
13160,0.4146,1.7875,0.00,0.4146,1.7895,2,0,1,0,0,20,19,0,53,0,1,0,0.957
13170,0.4141,1.7913,0.00,0.4141,1.7932,2,0,1,0,0,20,19,0,53,0,1,0,0.953
13180,0.4137,1.7951,0.00,0.4137,1.7971,2,0,1,0,0,20,19,0,53,0,1,0,0.949
13190,0.4135,1.7991,0.00,0.4135,1.8010,2,0,1,0,0,20,19,0,53,0,1,0,0.945
13200,0.4133,1.8031,0.00,0.4133,1.8051,2,0,1,0,0,20,18,0,53,0,1,0,0.941
13210,0.4132,1.8073,0.00,0.4132,1.8092,2,0,1,0,0,20,18,0,53,0,1,0,0.937
13220,0.4132,1.8115,0.00,0.4132,1.8134,2,0,1,0,0,20,18,0,53,0,1,0,0.933
13230,0.4132,1.8157,0.00,0.4132,1.8176,2,0,1,0,0,20,18,0,53,0,1,0,0.929
13240,0.4132,1.8199,0.00,0.4132,1.8219,2,0,1,0,0,20,18,0,53,0,1,0,0.925
13250,0.4132,1.8242,0.00,0.4132,1.8261,2,0,1,0,0,20,18,0,53,0,1,0,0.920
13260,0.4132,1.8284,0.00,0.4132,1.8303,2,0,1,0,0,20,18,0,53,0,1,0,0.916
13270,0.4132,1.8326,0.00,0.4132,1.8345,2,0,1,0,0,20,18,0,53,0,1,0,0.912
13280,0.4132,1.8368,0.00,0.4132,1.8387,2,0,1,0,0,20,18,0,53,0,1,0,0.908
13290,0.4132,1.8410,0.00,0.4132,1.8429,2,0,1,0,0,20,18,0,53,0,1,0,0.904
13300,0.4132,1.8453,0.00,0.4132,1.8472,2,0,1,0,0,20,18,0,53,0,1,0,0.899
13310,0.4132,1.8495,0.00,0.4132,1.8514,2,0,1,0,0,20,18,0,53,0,1,0,0.895
13320,0.4132,1.8537,0.00,0.4132,1.8556,2,0,1,0,0,20,18,0,53,0,1,0,0.891
13330,0.4132,1.8579,0.00,0.4132,1.8598,2,0,1,0,0,20,18,0,53,0,1,0,0.887
13340,0.4132,1.8621,0.00,0.4132,1.8640,2,0,1,0,0,20,18,0,53,0,1,0,0.882
13350,0.4132,1.8663,0.00,0.4132,1.8683,2,0,1,0,0,20,18,0,53,0,1,0,0.878
13360,0.4132,1.8706,0.00,0.4132,1.8725,2,0,1,0,0,20,18,0,53,0,1,0,0.874
13370,0.4132,1.8748,0.00,0.4132,1.8767,2,0,1,0,0,20,18,0,53,0,1,0,0.870
13380,0.4132,1.8790,0.00,0.4132,1.8809,2,0,1,0,0,20,18,0,53,0,1,0,0.866
13390,0.4132,1.8832,0.00,0.4132,1.8851,2,0,1,0,0,20,18,0,53,0,1,0,0.861
13400,0.4132,1.8874,0.00,0.4132,1.8893,2,0,1,0,0,20,18,0,53,0,1,0,0.857
13410,0.4132,1.8917,0.00,0.4132,1.8936,2,0,1,0,0,20,18,0,53,0,1,0,0.853
13420,0.4132,1.8959,0.00,0.4132,1.8978,2,0,1,0,0,20,18,0,53,0,1,0,0.849
13430,0.4132,1.9001,0.00,0.4132,1.9020,2,0,1,0,0,20,18,0,53,0,1,0,0.844
13440,0.4132,1.9043,0.00,0.4132,1.9062,2,0,1,0,0,20,18,0,53,0,1,0,0.840
13450,0.4132,1.9085,0.00,0.4132,1.9104,2,0,1,0,0,20,18,0,53,0,1,0,0.836
13460,0.4132,1.9127,0.00,0.4132,1.9147,2,0,1,0,0,20,18,0,53,0,1,0,0.832
13470,0.4132,1.9170,0.00,0.4132,1.9189,2,0,1,0,0,20,18,0,53,0,1,0,0.828
13480,0.4132,1.9212,0.00,0.4132,1.9231,2,0,1,0,0,20,18,0,53,0,1,0,0.823
13490,0.4132,1.9254,0.00,0.4132,1.9273,2,0,1,0,0,20,18,0,53,0,1,0,0.819
13500,0.4132,1.9296,0.00,0.4132,1.9315,2,0,1,0,0,20,18,0,53,0,1,0,0.815
13510,0.4132,1.9338,0.00,0.4132,1.9357,2,0,1,0,0,20,18,0,53,0,1,0,0.811
13520,0.4132,1.9380,0.00,0.4132,1.9400,2,0,1,0,0,20,18,0,53,0,1,0,0.807
13530,0.4132,1.9423,0.00,0.4132,1.9442,2,0,1,0,0,20,18,0,53,0,1,0,0.802
13540,0.4132,1.9465,0.00,0.4132,1.9484,2,0,1,0,0,20,18,0,53,0,1,0,0.798
13550,0.4132,1.9507,0.00,0.4132,1.9526,2,0,1,0,0,20,18,0,53,0,1,0,0.794
13560,0.4132,1.9549,0.00,0.4132,1.9568,2,0,1,0,0,20,18,0,53,0,1,0,0.790
13570,0.4132,1.9591,0.00,0.4132,1.9611,2,0,1,0,0,20,18,0,53,0,1,0,0.785
13580,0.4132,1.9634,0.00,0.4132,1.9653,2,0,1,0,0,20,18,0,53,0,1,0,0.781
13590,0.4132,1.9676,0.00,0.4132,1.9695,2,0,1,0,0,20,18,0,53,0,1,0,0.777
13600,0.4132,1.9718,0.00,0.4132,1.9737,2,0,1,0,0,20,18,0,53,0,1,0,0.773
13610,0.4132,1.9760,0.00,0.4132,1.9779,2,0,1,0,0,20,18,0,53,0,1,0,0.769
13620,0.4132,1.9802,0.00,0.4132,1.9821,2,0,1,0,0,20,18,0,53,0,1,0,0.764
13630,0.4132,1.9844,0.00,0.4132,1.9864,2,0,1,0,0,20,18,0,53,0,1,0,0.760
13640,0.4132,1.9887,0.00,0.4132,1.9906,2,0,1,0,0,20,18,0,53,0,1,0,0.756
13650,0.4132,1.9929,0.00,0.4132,1.9948,2,0,1,0,0,20,18,0,53,0,1,0,0.752
13660,0.4132,1.9971,0.00,0.4132,1.9990,2,0,1,0,0,20,18,0,53,0,1,0,0.747
13670,0.4132,2.0013,0.00,0.4132,2.0032,2,0,1,0,0,20,18,0,53,0,1,0,0.743
13680,0.4132,2.0055,0.00,0.4132,2.0075,2,0,1,0,0,20,18,0,53,0,1,0,0.739
13690,0.4132,2.0098,0.00,0.4132,2.0117,2,0,1,0,0,20,18,0,53,0,1,0,0.735
13700,0.4132,2.0140,0.00,0.4132,2.0159,2,0,1,0,0,20,18,0,53,0,1,0,0.731
13710,0.4132,2.0182,0.00,0.4132,2.0201,2,0,1,0,0,20,18,0,53,0,1,0,0.726
13720,0.4132,2.0224,0.00,0.4132,2.0243,2,0,1,0,0,20,18,0,53,0,1,0,0.722
13730,0.4132,2.0266,0.00,0.4132,2.0285,2,0,1,0,0,20,18,0,53,0,1,0,0.718
13740,0.4132,2.0308,0.00,0.4132,2.0328,2,0,1,0,0,20,18,0,53,0,1,0,0.714
13750,0.4132,2.0351,0.00,0.4132,2.0370,2,0,1,0,0,20,18,0,53,0,1,0,0.710
13760,0.4132,2.0393,0.00,0.4132,2.0412,2,0,1,0,0,20,18,0,53,0,1,0,0.705
13770,0.4132,2.0435,0.00,0.4132,2.0454,2,0,1,0,0,20,18,0,53,0,1,0,0.701
13780,0.4132,2.0477,0.00,0.4132,2.0496,2,0,1,0,0,20,18,0,53,0,1,0,0.697
13790,0.4132,2.0519,0.00,0.4132,2.0539,2,0,1,0,0,20,18,0,53,0,1,0,0.693
13800,0.4132,2.0562,0.00,0.4132,2.0581,2,0,1,0,0,20,18,0,53,0,1,0,0.688
13810,0.4132,2.0604,0.00,0.4132,2.0623,2,0,1,0,0,20,18,0,53,0,1,0,0.684
13820,0.4132,2.0646,0.00,0.4132,2.0665,2,0,1,0,0,20,18,0,53,0,1,0,0.680
13830,0.4132,2.0688,0.00,0.4132,2.0707,2,0,1,0,0,20,18,0,53,0,1,0,0.676
13840,0.4132,2.0730,0.00,0.4132,2.0749,2,0,1,0,0,20,18,0,53,0,1,0,0.672
13850,0.4132,2.0772,0.00,0.4132,2.0792,2,0,1,0,0,20,18,0,53,0,1,0,0.667
13860,0.4132,2.0815,0.00,0.4132,2.0834,2,0,1,0,0,20,18,0,53,0,1,0,0.663
13870,0.4132,2.0857,0.00,0.4132,2.0876,2,0,1,0,0,20,18,0,53,0,1,0,0.659
13880,0.4132,2.0899,0.00,0.4132,2.0918,2,0,1,0,0,20,18,0,53,0,1,0,0.655
13890,0.4132,2.0941,0.00,0.4132,2.0960,2,0,1,0,0,20,18,0,53,0,1,0,0.650
13900,0.4132,2.0983,0.00,0.4132,2.1003,2,0,1,0,0,20,18,0,53,0,1,0,0.646
13910,0.4132,2.1026,0.00,0.4132,2.1045,2,0,1,0,0,20,18,0,53,0,1,0,0.642
13920,0.4132,2.1068,0.00,0.4132,2.1087,2,0,1,0,0,20,18,0,53,0,1,0,0.638
13930,0.4132,2.1110,0.00,0.4132,2.1129,2,0,1,0,0,20,18,0,53,0,1,0,0.634
13940,0.4132,2.1152,0.00,0.4132,2.1171,2,0,1,0,0,20,18,0,53,0,1,0,0.629
13950,0.4132,2.1194,0.00,0.4132,2.1213,2,0,1,0,0,20,18,0,53,0,1,0,0.625
13960,0.4132,2.1236,0.00,0.4132,2.1256,2,0,1,0,0,20,18,0,53,0,1,0,0.621
13970,0.4132,2.1279,0.00,0.4132,2.1298,2,0,1,0,0,20,18,0,53,0,1,0,0.617
13980,0.4132,2.1321,0.00,0.4132,2.1340,2,0,1,0,0,20,18,0,53,0,1,0,0.613
13990,0.4132,2.1363,0.00,0.4132,2.1382,2,0,1,0,0,20,18,0,53,0,1,0,0.608
14000,0.4132,2.1405,0.00,0.4132,2.1424,2,0,1,0,0,20,18,0,53,0,1,0,0.604
14010,0.4132,2.1447,0.00,0.4132,2.1467,2,0,1,0,0,20,18,0,53,0,1,0,0.600
14020,0.4132,2.1490,0.00,0.4132,2.1509,2,0,1,0,0,20,18,0,53,0,1,0,0.596
14030,0.4132,2.1532,0.00,0.4132,2.1551,2,0,1,0,0,20,18,0,53,0,1,0,0.591
14040,0.4132,2.1574,0.00,0.4132,2.1593,2,0,1,0,0,20,18,0,53,0,1,0,0.587
14050,0.4132,2.1616,0.00,0.4132,2.1635,2,0,1,0,0,20,18,0,53,0,1,0,0.583
14060,0.4132,2.1658,0.00,0.4132,2.1677,2,0,1,0,0,20,18,0,53,0,1,0,0.579
14070,0.4132,2.1700,0.00,0.4132,2.1720,2,0,1,0,0,20,18,0,53,0,1,0,0.575
14080,0.4132,2.1743,0.00,0.4132,2.1762,2,0,1,0,0,20,18,0,53,0,1,0,0.570
14090,0.4132,2.1785,0.00,0.4132,2.1804,2,0,1,0,0,20,18,0,53,0,1,0,0.566
14100,0.4132,2.1827,0.00,0.4132,2.1846,2,0,1,0,0,20,18,0,53,0,1,0,0.562
14110,0.4132,2.1869,0.00,0.4132,2.1888,2,0,1,0,0,20,18,0,53,0,1,0,0.558
14120,0.4132,2.1911,0.00,0.4132,2.1931,2,0,1,0,0,20,18,0,53,0,1,0,0.553
14130,0.4132,2.1954,0.00,0.4132,2.1973,2,0,1,0,0,20,18,0,53,0,1,0,0.549
14140,0.4132,2.1996,0.00,0.4132,2.2015,2,0,1,0,0,20,18,0,53,0,1,0,0.545
14150,0.4132,2.2038,0.00,0.4132,2.2057,2,0,1,0,0,20,18,0,53,0,1,0,0.541
14160,0.4132,2.2080,0.00,0.4132,2.2099,2,0,1,0,0,20,18,0,53,0,1,0,0.537
14170,0.4132,2.2122,0.00,0.4132,2.2141,2,0,1,0,0,20,18,0,53,0,1,0,0.532
14180,0.4132,2.2164,0.00,0.4132,2.2184,2,0,1,0,0,20,18,0,53,0,1,0,0.528
14190,0.4132,2.2207,0.00,0.4132,2.2226,2,0,1,0,0,20,18,0,53,0,1,0,0.524
14200,0.4132,2.2249,0.00,0.4132,2.2268,2,0,1,0,0,20,18,0,53,0,1,0,0.520
14210,0.4132,2.2291,0.00,0.4132,2.2310,2,0,1,0,0,20,18,0,53,0,1,0,0.515
14220,0.4132,2.2333,0.00,0.4132,2.2352,2,0,1,0,0,20,18,0,53,0,1,0,0.511
14230,0.4132,2.2375,0.00,0.4132,2.2395,2,0,1,0,0,20,18,0,53,0,1,0,0.507
14240,0.4132,2.2418,0.00,0.4132,2.2437,2,0,1,0,0,20,18,0,53,0,1,0,0.503
14250,0.4132,2.2460,0.00,0.4132,2.2479,2,0,1,0,0,20,18,0,53,0,1,0,0.499
14260,0.4132,2.2502,0.00,0.4132,2.2521,2,0,1,0,0,20,18,0,53,0,1,0,0.494
14270,0.4132,2.2544,0.00,0.4132,2.2563,2,0,1,0,0,20,18,0,53,0,1,0,0.490
14280,0.4132,2.2586,0.00,0.4132,2.2605,2,0,1,0,0,20,18,0,53,0,1,0,0.486
14290,0.4132,2.2628,0.00,0.4132,2.2648,2,0,1,0,0,20,18,0,53,0,1,0,0.482
14300,0.4132,2.2671,0.00,0.4132,2.2690,2,0,1,0,0,20,18,0,53,0,1,0,0.478
14310,0.4132,2.2713,0.00,0.4132,2.2732,2,0,1,0,0,20,18,0,53,0,1,0,0.473
14320,0.4132,2.2755,0.00,0.4132,2.2774,2,0,1,0,0,20,18,0,53,0,1,0,0.469
14330,0.4132,2.2797,0.00,0.4132,2.2816,2,0,1,0,0,20,18,0,53,0,1,0,0.465
14340,0.4132,2.2839,0.00,0.4132,2.2858,2,0,1,0,0,20,18,0,53,0,1,0,0.461
14350,0.4132,2.2882,0.00,0.4132,2.2901,2,0,1,0,0,20,18,0,53,0,1,0,0.456
14360,0.4132,2.2924,0.00,0.4132,2.2943,2,0,1,0,0,20,18,0,53,0,1,0,0.452
14370,0.4132,2.2966,0.00,0.4132,2.2985,2,0,1,0,0,20,18,0,53,0,1,0,0.448
14380,0.4132,2.3008,0.00,0.4132,2.3027,2,0,1,0,0,20,18,0,53,0,1,0,0.444
14390,0.4132,2.3050,0.00,0.4132,2.3069,2,0,1,0,0,20,18,0,53,0,1,0,0.440
14400,0.4132,2.3092,0.00,0.4132,2.3112,2,0,1,0,0,20,18,0,53,0,1,0,0.435
14410,0.4132,2.3135,0.00,0.4132,2.3154,2,0,1,0,0,20,18,0,53,0,1,0,0.431
14420,0.4132,2.3177,0.00,0.4132,2.3196,2,0,1,0,0,20,18,0,53,0,1,0,0.427
14430,0.4132,2.3219,0.00,0.4132,2.3238,2,0,1,0,0,20,18,0,53,0,1,0,0.423
14440,0.4132,2.3261,0.00,0.4132,2.3280,2,0,1,0,0,20,18,0,53,0,1,0,0.418
14450,0.4132,2.3303,0.00,0.4132,2.3322,2,0,1,0,0,20,18,0,53,0,1,0,0.414
14460,0.4132,2.3346,0.00,0.4132,2.3365,2,0,1,0,0,20,18,0,53,0,1,0,0.410
14470,0.4132,2.3388,0.00,0.4132,2.3407,2,0,1,0,0,20,18,0,53,0,1,0,0.406
14480,0.4132,2.3430,0.00,0.4132,2.3449,2,0,1,0,0,20,18,0,53,0,1,0,0.402
14490,0.4132,2.3472,0.00,0.4132,2.3491,2,0,1,0,0,20,18,0,53,0,1,0,0.397
14500,0.4132,2.3514,0.00,0.4132,2.3533,2,0,1,0,0,20,18,0,53,0,1,0,0.393
14510,0.4132,2.3556,0.00,0.4132,2.3576,2,0,1,0,0,20,18,0,53,0,1,0,0.389
14520,0.4132,2.3599,0.00,0.4132,2.3618,2,0,1,0,0,20,18,0,53,0,1,0,0.385
14530,0.4132,2.3641,0.00,0.4132,2.3660,2,0,1,0,0,20,18,0,53,0,1,0,0.381
14540,0.4132,2.3683,0.00,0.4132,2.3702,2,0,1,0,0,20,18,0,53,0,1,0,0.376
14550,0.4132,2.3725,0.00,0.4132,2.3744,2,0,1,0,0,20,18,0,53,0,1,0,0.372
14560,0.4132,2.3767,0.00,0.4132,2.3786,2,0,1,0,0,20,18,0,53,0,1,0,0.368
14570,0.4132,2.3810,0.00,0.4132,2.3829,2,0,1,0,0,20,18,0,53,0,1,0,0.364
14580,0.4132,2.3852,0.00,0.4132,2.3871,2,0,1,0,0,20,18,0,53,0,1,0,0.359
14590,0.4132,2.3894,0.00,0.4132,2.3913,2,0,1,0,0,20,18,0,53,0,1,0,0.355
14600,0.4132,2.3936,0.00,0.4132,2.3955,2,0,1,0,0,20,18,0,53,0,1,0,0.351
14610,0.4132,2.3978,0.00,0.4132,2.3997,2,0,1,0,0,20,18,0,53,0,1,0,0.347
14620,0.4132,2.4020,0.00,0.4132,2.4040,2,0,1,0,0,20,18,0,53,0,1,0,0.343
14630,0.4132,2.4063,0.00,0.4132,2.4082,2,0,1,0,0,20,18,0,53,0,1,0,0.338
14640,0.4132,2.4105,0.00,0.4132,2.4124,2,0,1,0,0,20,18,0,53,0,1,0,0.334
14650,0.4132,2.4147,0.00,0.4132,2.4166,2,0,1,0,0,20,18,0,53,0,1,0,0.330
14660,0.4132,2.4189,0.00,0.4132,2.4208,2,0,1,0,0,20,18,0,53,0,1,0,0.326
14670,0.4132,2.4231,0.00,0.4132,2.4250,2,0,1,0,0,20,18,0,53,0,1,0,0.321
14680,0.4132,2.4274,0.00,0.4132,2.4293,2,0,1,0,0,20,18,0,53,0,1,0,0.317
14690,0.4132,2.4316,0.00,0.4132,2.4335,2,0,1,0,0,20,18,0,53,0,1,0,0.313
14700,0.4132,2.4358,0.00,0.4132,2.4377,2,0,1,0,0,20,18,0,53,0,1,0,0.309
14710,0.4132,2.4400,0.00,0.4132,2.4419,2,0,1,0,0,20,18,0,53,0,1,0,0.305
14720,0.4132,2.4442,0.00,0.4132,2.4461,2,0,1,0,0,20,18,0,53,0,1,0,0.300
14730,0.4132,2.4484,0.00,0.4132,2.4504,2,0,1,0,0,20,18,0,53,0,1,0,0.296
14740,0.4132,2.4527,0.00,0.4132,2.4546,2,0,1,0,0,20,18,0,53,0,1,0,0.292
14750,0.4132,2.4569,0.00,0.4132,2.4588,2,0,1,0,0,20,18,0,53,0,1,0,0.288
14760,0.4132,2.4611,0.00,0.4132,2.4630,2,0,1,0,0,20,18,0,53,0,1,0,0.283
14770,0.4132,2.4653,0.00,0.4132,2.4672,2,0,1,0,0,20,18,0,53,0,1,0,0.279
14780,0.4132,2.4695,0.00,0.4132,2.4714,2,0,1,0,0,20,18,0,53,0,1,0,0.275
14790,0.4132,2.4737,0.00,0.4132,2.4757,2,0,1,0,0,20,18,0,53,0,1,0,0.271
14800,0.4132,2.4780,0.00,0.4132,2.4799,2,0,1,0,0,20,18,0,53,0,1,0,0.267
14810,0.4132,2.4822,0.00,0.4132,2.4841,2,0,1,0,0,20,18,0,53,0,1,0,0.262
14820,0.4132,2.4864,0.00,0.4132,2.4883,2,0,1,0,0,20,18,0,53,0,1,0,0.258
14830,0.4132,2.4906,0.00,0.4132,2.4925,2,0,1,0,0,20,18,0,53,0,1,0,0.254
14840,0.4132,2.4948,0.00,0.4132,2.4968,2,0,1,0,0,20,18,0,53,0,1,0,0.250
14850,0.4132,2.4991,0.00,0.4132,2.5010,2,0,1,0,0,20,18,0,53,0,1,0,0.246
14860,0.4132,2.5033,0.00,0.4132,2.5052,2,0,1,0,0,20,18,0,53,0,1,0,0.241
14870,0.4132,2.5075,0.00,0.4132,2.5094,2,0,1,0,0,20,18,0,53,0,1,0,0.237
14880,0.4132,2.5117,0.00,0.4132,2.5136,2,0,1,0,0,20,18,0,53,0,1,0,0.233
14890,0.4132,2.5159,0.00,0.4132,2.5178,2,0,1,0,0,20,18,0,53,0,1,0,0.229
14900,0.4132,2.5201,0.00,0.4132,2.5221,2,0,1,0,0,20,18,0,53,0,1,0,0.224
14910,0.4132,2.5244,0.00,0.4132,2.5263,2,0,1,0,0,20,18,0,53,0,1,0,0.220
14920,0.4132,2.5286,0.00,0.4132,2.5305,2,0,1,0,0,20,18,0,53,0,1,0,0.216
14930,0.4132,2.5328,0.00,0.4132,2.5347,2,0,1,0,0,20,18,0,53,0,1,0,0.212
14940,0.4132,2.5370,0.00,0.4132,2.5389,2,0,1,0,0,20,18,0,53,0,1,0,0.208
14950,0.4132,2.5412,0.00,0.4132,2.5432,2,0,1,0,0,20,18,0,53,0,1,0,0.203
14960,0.4132,2.5455,0.00,0.4132,2.5474,2,0,1,0,0,20,18,0,53,0,1,0,0.199
14970,0.4132,2.5497,0.00,0.4132,2.5516,2,0,1,0,0,20,18,0,53,0,1,0,0.195
14980,0.4132,2.5539,0.00,0.4132,2.5558,2,0,1,0,0,20,18,0,53,0,1,0,0.191
14990,0.4132,2.5581,0.00,0.4132,2.5600,2,0,1,0,0,20,18,0,53,0,1,0,0.186
15000,0.4132,2.5623,0.00,0.4132,2.5642,2,0,1,0,0,20,18,0,53,0,1,0,0.182
15010,0.4132,2.5665,0.00,0.4132,2.5685,2,0,1,0,0,20,18,0,53,0,1,0,0.178
15020,0.4132,2.5708,0.00,0.4132,2.5727,2,0,1,0,0,20,18,0,53,0,1,0,0.174
15030,0.4132,2.5750,0.00,0.4132,2.5769,2,0,1,0,0,20,18,0,53,0,1,0,0.170
15040,0.4132,2.5792,0.00,0.4132,2.5811,2,0,1,0,0,20,18,0,53,0,1,0,0.165
15050,0.4132,2.5834,0.00,0.4132,2.5853,2,0,1,0,0,20,18,0,53,0,1,0,0.161
15060,0.4132,2.5876,0.00,0.4132,2.5896,2,0,1,0,0,20,18,0,53,1,1,0,0.157
15070,0.4132,2.5919,0.00,0.4132,2.5938,2,0,1,0,0,20,18,0,53,1,1,0,0.153
15080,0.4132,2.5961,0.00,0.4132,2.5980,2,0,1,0,0,20,18,0,53,1,1,0,0.149
15090,0.4132,2.6003,0.00,0.4132,2.6022,3,0,0,0,0,20,18,0,0,0,0,0,1000.000
15100,0.4132,2.6043,0.00,0.4132,2.6062,3,0,0,0,0,20,18,0,0,0,0,0,1000.000
15110,0.4132,2.6081,0.00,0.4132,2.6100,3,0,0,0,0,20,18,0,0,0,0,0,1000.000
15120,0.4132,2.6117,0.00,0.4132,2.6136,3,0,0,0,0,20,18,0,0,0,0,0,1000.000
15130,0.4132,2.6151,0.00,0.4132,2.6170,3,0,0,0,0,20,18,0,0,0,0,0,1000.000
15140,0.4132,2.6183,0.00,0.4132,2.6202,3,0,0,0,0,20,18,0,0,0,0,0,1000.000
15150,0.4132,2.6213,0.00,0.4132,2.6232,3,0,1,0,0,20,18,0,0,0,0,0,1000.000
15160,0.4132,2.6241,0.00,0.4132,2.6260,3,0,1,0,0,20,18,0,0,0,0,0,1000.000
15170,0.4132,2.6267,0.00,0.4132,2.6286,3,0,1,0,0,20,18,0,0,0,0,0,1000.000
15180,0.4132,2.6291,0.00,0.4132,2.6311,3,0,1,0,0,20,18,0,0,0,0,0,1000.000
15190,0.4132,2.6313,0.00,0.4132,2.6333,3,0,1,0,0,20,18,0,0,0,0,0,1000.000
15200,0.4132,2.6334,0.00,0.4132,2.6353,3,0,1,0,0,20,18,150,0,0,0,0,2.317
15210,0.4132,2.6352,0.00,0.4132,2.6371,3,0,1,0,0,20,18,150,0,0,0,0,2.317
15220,0.4132,2.6368,0.00,0.4132,2.6387,3,0,1,0,0,20,18,150,0,0,0,0,2.317
15230,0.4132,2.6382,0.00,0.4132,2.6401,3,0,1,0,0,20,18,150,0,0,0,0,2.317
15240,0.4133,2.6394,0.00,0.4133,2.6414,3,0,1,0,0,20,18,150,0,0,0,0,2.317
15250,0.4136,2.6407,0.00,0.4136,2.6426,3,0,1,0,0,20,18,150,0,0,0,0,2.316
15260,0.4140,2.6420,0.00,0.4140,2.6439,3,0,1,0,0,20,18,150,0,0,0,0,2.316
15270,0.4147,2.6432,0.00,0.4147,2.6452,3,0,1,0,0,20,18,150,0,0,0,0,2.315
15280,0.4155,2.6445,0.00,0.4155,2.6464,3,0,1,0,0,20,18,150,0,0,0,0,2.314
15290,0.4166,2.6458,0.00,0.4166,2.6477,3,0,1,0,0,20,18,150,0,0,0,0,2.313
15300,0.4178,2.6470,0.00,0.4178,2.6490,3,0,1,0,0,20,18,150,0,0,0,0,2.312
15310,0.4193,2.6483,0.00,0.4193,2.6502,3,0,1,0,0,20,18,150,0,0,0,0,2.311
15320,0.4210,2.6496,0.00,0.4210,2.6515,3,0,1,0,0,20,18,150,0,0,0,0,2.309
15330,0.4228,2.6508,0.00,0.4228,2.6528,3,0,1,0,0,20,18,150,0,0,0,0,2.307
15340,0.4249,2.6521,0.00,0.4249,2.6540,3,0,1,0,0,20,18,150,0,0,0,0,2.305
15350,0.4271,2.6534,0.00,0.4271,2.6553,3,0,1,0,0,19,18,150,0,0,0,0,2.303
15360,0.4296,2.6546,0.00,0.4296,2.6566,3,0,1,0,0,19,18,150,0,0,0,0,2.300
15370,0.4322,2.6559,0.00,0.4322,2.6578,3,0,1,0,0,19,18,150,0,0,0,0,2.298
15380,0.4351,2.6572,0.00,0.4351,2.6591,3,0,1,0,0,19,18,150,0,0,0,0,2.295
15390,0.4382,2.6584,0.00,0.4382,2.6603,3,0,1,0,0,19,18,150,0,0,0,0,2.292
15400,0.4414,2.6597,0.00,0.4414,2.6616,3,0,1,0,0,19,19,150,0,0,0,0,2.289
15410,0.4449,2.6610,0.00,0.4449,2.6629,3,0,1,0,0,19,19,150,0,0,0,0,2.285
15420,0.4485,2.6622,0.00,0.4485,2.6641,3,0,1,0,0,19,19,150,0,0,0,0,2.281
15430,0.4524,2.6635,0.00,0.4524,2.6654,3,0,1,0,0,19,19,150,0,0,0,0,2.278
15440,0.4564,2.6648,0.00,0.4564,2.6667,3,0,1,0,0,19,19,150,0,0,0,0,2.274
15450,0.4607,2.6660,0.00,0.4607,2.6679,3,0,1,0,0,18,20,150,0,0,0,0,2.269
15460,0.4652,2.6673,0.00,0.4652,2.6692,3,0,1,0,0,18,20,150,0,0,0,0,2.265
15470,0.4698,2.6686,0.00,0.4698,2.6705,3,0,1,0,0,18,20,150,0,0,0,0,2.260
15480,0.4747,2.6698,0.00,0.4747,2.6717,3,0,1,0,0,18,20,150,0,0,0,0,2.255
15490,0.4797,2.6711,0.00,0.4797,2.6730,3,0,1,0,0,18,20,150,0,0,0,0,2.250
15500,0.4850,2.6724,0.00,0.4850,2.6743,3,0,1,0,0,17,20,150,0,0,0,0,2.245
15510,0.4905,2.6736,0.00,0.4905,2.6755,3,0,1,0,0,17,20,150,0,0,0,0,2.240
15520,0.4961,2.6749,0.00,0.4961,2.6768,3,0,1,0,0,17,20,150,0,0,0,0,2.234
15530,0.5020,2.6762,0.00,0.5020,2.6781,3,0,1,0,0,17,20,150,0,0,0,0,2.228
15540,0.5080,2.6774,0.00,0.5080,2.6793,3,0,1,0,0,17,20,150,0,0,0,0,2.222
15550,0.5143,2.6787,0.00,0.5143,2.6806,3,0,1,0,0,17,20,150,0,0,0,0,2.216
15560,0.5207,2.6800,0.00,0.5207,2.6819,3,0,1,0,0,17,20,150,0,0,0,0,2.209
15570,0.5274,2.6812,0.00,0.5274,2.6831,3,0,1,0,0,17,20,150,0,0,0,0,2.203
15580,0.5343,2.6825,0.00,0.5343,2.6844,3,0,1,0,0,17,20,150,0,0,0,0,2.196
15590,0.5413,2.6837,0.00,0.5413,2.6857,3,0,1,0,0,17,20,150,0,0,0,0,2.189
15600,0.5486,2.6850,0.00,0.5486,2.6869,3,0,1,0,0,16,20,150,0,0,0,0,2.181
15610,0.5560,2.6863,0.00,0.5560,2.6882,3,0,1,0,0,16,20,150,0,0,0,0,2.174
15620,0.5637,2.6875,0.00,0.5637,2.6895,3,0,1,0,0,16,20,150,0,0,0,0,2.166
15630,0.5715,2.6888,0.00,0.5715,2.6907,3,0,1,0,0,16,20,150,0,0,0,0,2.158
15640,0.5796,2.6901,0.00,0.5796,2.6920,3,0,1,0,0,16,20,150,0,0,0,0,2.150
15650,0.5879,2.6913,0.00,0.5879,2.6933,3,0,1,0,0,15,20,150,0,0,0,0,2.142
15660,0.5963,2.6926,0.00,0.5963,2.6945,3,0,1,0,0,15,20,150,0,0,0,0,2.134
15670,0.6050,2.6939,0.00,0.6050,2.6958,3,0,1,0,0,15,20,150,0,0,0,0,2.125
15680,0.6138,2.6951,0.00,0.6138,2.6971,3,0,1,0,0,15,20,150,0,0,0,0,2.116
15690,0.6229,2.6964,0.00,0.6229,2.6983,3,0,1,0,0,15,20,150,0,0,0,0,2.107
15700,0.6321,2.6977,0.00,0.6321,2.6996,3,0,1,0,0,15,20,150,0,0,0,0,2.098
15710,0.6416,2.6989,0.00,0.6416,2.7009,3,0,1,0,0,15,20,150,0,0,0,0,2.088
15720,0.6513,2.7002,0.00,0.6513,2.7021,3,0,1,0,0,15,20,150,0,0,0,0,2.079
15730,0.6611,2.7015,0.00,0.6611,2.7034,3,0,1,0,0,15,20,150,0,0,0,0,2.069
15740,0.6712,2.7027,0.00,0.6712,2.7046,3,0,1,0,0,15,20,150,0,0,0,0,2.059
15750,0.6814,2.7040,0.00,0.6814,2.7059,3,0,1,0,0,14,20,150,0,0,0,0,2.049
15760,0.6919,2.7053,0.00,0.6919,2.7072,3,0,1,0,0,14,20,150,0,0,0,0,2.038
15770,0.7025,2.7065,0.00,0.7025,2.7084,3,0,1,0,0,14,20,150,0,0,0,0,2.027
15780,0.7133,2.7077,0.00,0.7133,2.7096,3,0,1,0,0,14,20,150,0,0,0,0,2.017
15790,0.7242,2.7088,0.00,0.7242,2.7107,3,0,1,0,0,14,20,150,0,0,0,0,2.006
15800,0.7351,2.7097,0.00,0.7351,2.7117,3,0,1,0,0,14,20,150,0,0,0,0,1.995
15810,0.7462,2.7106,0.00,0.7462,2.7125,3,0,1,0,0,14,20,150,0,0,0,0,1.984
15820,0.7574,2.7114,0.00,0.7574,2.7133,3,0,1,0,0,14,20,150,0,0,0,0,1.973
15830,0.7686,2.7121,0.00,0.7686,2.7140,3,0,1,0,0,14,20,150,0,0,0,0,1.961
15840,0.7800,2.7126,0.00,0.7800,2.7145,3,0,1,0,0,14,20,150,0,0,0,0,1.950
15850,0.7915,2.7131,0.00,0.7915,2.7150,3,0,1,0,0,13,20,150,0,0,0,0,1.939
15860,0.8030,2.7135,0.00,0.8030,2.7154,3,0,1,0,0,13,20,150,0,0,0,0,1.927
15870,0.8147,2.7138,0.00,0.8147,2.7157,3,0,1,0,0,13,20,150,0,0,0,0,1.915
15880,0.8265,2.7139,0.00,0.8265,2.7158,3,0,1,0,0,13,20,150,0,0,0,0,1.904
15890,0.8383,2.7140,0.00,0.8383,2.7159,3,0,1,0,0,13,20,150,0,0,0,0,1.892
15900,0.8503,2.7140,0.00,0.8503,2.7159,3,0,1,0,0,13,20,150,0,0,0,0,1.880
15910,0.8622,2.7140,0.00,0.8622,2.7159,3,0,1,0,0,13,20,150,0,0,0,0,1.868
15920,0.8741,2.7140,0.00,0.8741,2.7159,3,0,1,0,0,13,20,150,0,0,0,0,1.856
15930,0.8861,2.7140,0.00,0.8861,2.7159,3,0,1,0,0,13,20,150,0,0,0,0,1.844
15940,0.8980,2.7140,0.00,0.8980,2.7159,3,0,1,0,0,13,20,150,0,0,0,0,1.832
15950,0.9099,2.7140,0.00,0.9099,2.7159,3,0,1,0,0,13,20,150,0,0,0,0,1.820
15960,0.9219,2.7140,0.00,0.9219,2.7159,3,0,1,0,0,13,20,150,0,0,0,0,1.808
15970,0.9338,2.7140,0.00,0.9338,2.7159,3,0,1,0,0,13,20,150,0,0,0,0,1.796
15980,0.9458,2.7140,0.00,0.9458,2.7159,3,0,1,0,0,13,20,150,0,0,0,0,1.784
15990,0.9577,2.7140,0.00,0.9577,2.7159,3,0,1,0,0,13,20,150,0,0,0,0,1.772
16000,0.9696,2.7140,0.00,0.9696,2.7159,3,0,1,0,0,13,20,150,0,0,0,0,1.760
16010,0.9816,2.7140,0.00,0.9816,2.7159,3,0,1,0,0,13,20,150,0,0,0,0,1.748
16020,0.9935,2.7140,0.00,0.9935,2.7159,3,0,1,0,0,13,20,150,0,0,0,0,1.736
16030,1.0055,2.7140,0.00,1.0055,2.7159,3,0,1,0,0,13,20,150,0,0,0,0,1.725
16040,1.0174,2.7140,0.00,1.0174,2.7159,3,0,1,0,0,13,20,150,0,0,0,0,1.713
16050,1.0293,2.7140,0.00,1.0293,2.7159,3,0,1,0,0,13,20,150,0,0,0,0,1.701
16060,1.0413,2.7140,0.00,1.0413,2.7159,3,0,1,0,0,13,20,150,0,0,0,0,1.689
16070,1.0532,2.7140,0.00,1.0532,2.7159,3,0,1,0,0,13,20,150,0,0,0,0,1.677
16080,1.0651,2.7140,0.00,1.0651,2.7159,3,0,1,0,0,13,20,150,0,0,0,0,1.665
16090,1.0771,2.7140,0.00,1.0771,2.7159,3,0,1,0,0,13,20,150,0,0,0,0,1.653
16100,1.0890,2.7140,0.00,1.0890,2.7159,3,0,1,0,0,13,20,150,0,0,0,0,1.641
16110,1.1010,2.7140,0.00,1.1010,2.7159,3,0,1,0,0,13,20,150,0,0,0,0,1.629
16120,1.1129,2.7140,0.00,1.1129,2.7159,3,0,1,0,0,13,20,150,0,0,0,0,1.617
16130,1.1248,2.7140,0.00,1.1248,2.7159,3,0,1,0,0,13,20,150,0,0,0,0,1.605
16140,1.1368,2.7140,0.00,1.1368,2.7159,3,0,1,0,0,13,20,150,0,0,0,0,1.593
16150,1.1487,2.7140,0.00,1.1487,2.7159,3,0,1,0,0,13,20,150,0,0,0,0,1.581
16160,1.1606,2.7140,0.00,1.1606,2.7159,3,0,1,0,0,13,20,150,0,0,0,0,1.569
16170,1.1726,2.7140,0.00,1.1726,2.7159,3,0,1,0,0,13,20,150,0,0,0,0,1.557
16180,1.1845,2.7140,0.00,1.1845,2.7159,3,0,1,0,0,13,20,150,0,0,0,0,1.545
16190,1.1965,2.7140,0.00,1.1965,2.7159,3,0,1,0,0,13,20,150,0,0,0,0,1.534
16200,1.2084,2.7140,0.00,1.2084,2.7159,3,0,1,0,0,13,20,150,0,0,0,0,1.522
16210,1.2203,2.7140,0.00,1.2203,2.7159,3,0,1,0,0,13,20,150,0,0,0,0,1.510
16220,1.2323,2.7140,0.00,1.2323,2.7159,3,0,1,0,0,13,20,150,0,0,0,0,1.498
16230,1.2442,2.7140,0.00,1.2442,2.7159,3,0,1,0,0,13,20,150,0,0,0,0,1.486
16240,1.2562,2.7140,0.00,1.2562,2.7159,3,0,1,0,0,13,20,150,0,0,0,0,1.474
16250,1.2681,2.7140,0.00,1.2681,2.7159,3,0,1,0,0,13,20,150,0,0,0,0,1.462
16260,1.2800,2.7140,0.00,1.2800,2.7159,3,0,1,0,0,13,20,150,0,0,0,0,1.450
16270,1.2920,2.7140,0.00,1.2920,2.7159,3,0,1,0,0,13,20,150,0,0,0,0,1.438
16280,1.3039,2.7140,0.00,1.3039,2.7159,3,0,1,0,0,13,20,150,0,0,0,0,1.426
16290,1.3158,2.7140,0.00,1.3158,2.7159,3,0,1,0,0,13,20,150,0,0,0,0,1.414
16300,1.3278,2.7140,0.00,1.3278,2.7159,3,0,1,0,0,13,20,150,0,0,0,0,1.402
16310,1.3397,2.7140,0.00,1.3397,2.7159,3,0,1,0,0,13,20,150,0,0,0,0,1.390
16320,1.3517,2.7140,0.00,1.3517,2.7159,3,0,1,0,0,13,20,150,0,0,0,0,1.378
16330,1.3636,2.7140,0.00,1.3636,2.7159,3,0,1,0,0,13,20,150,0,0,0,0,1.366
16340,1.3755,2.7140,0.00,1.3755,2.7159,3,0,1,0,0,13,20,150,0,0,0,0,1.354
16350,1.3875,2.7140,0.00,1.3875,2.7159,3,0,1,0,0,13,20,150,0,0,0,0,1.343
16360,1.3994,2.7140,0.00,1.3994,2.7159,3,0,1,0,0,13,20,150,0,0,0,0,1.331
16370,1.4113,2.7140,0.00,1.4113,2.7159,3,0,1,0,0,13,20,150,0,0,0,0,1.319
16380,1.4233,2.7140,0.00,1.4233,2.7159,3,0,1,0,0,13,20,150,0,0,0,0,1.307
16390,1.4352,2.7140,0.00,1.4352,2.7159,3,0,1,0,0,13,20,150,0,0,0,0,1.295
16400,1.4472,2.7140,0.00,1.4472,2.7159,3,0,1,0,0,13,20,150,0,0,0,0,1.283
16410,1.4591,2.7140,0.00,1.4591,2.7159,3,0,1,0,0,13,20,150,0,0,0,0,1.271
16420,1.4710,2.7140,0.00,1.4710,2.7159,3,0,1,0,0,13,20,150,0,0,0,0,1.259
16430,1.4830,2.7140,0.00,1.4830,2.7159,3,0,1,0,0,13,20,150,0,0,0,0,1.247
16440,1.4949,2.7140,0.00,1.4949,2.7159,3,0,1,0,0,13,20,150,0,0,0,0,1.235
16450,1.5069,2.7140,0.00,1.5069,2.7159,3,0,1,0,0,13,20,150,0,0,0,0,1.223
16460,1.5188,2.7140,0.00,1.5188,2.7159,3,0,1,0,0,13,20,150,0,0,0,0,1.211
16470,1.5307,2.7140,0.00,1.5307,2.7159,3,0,1,0,0,13,20,150,0,0,0,0,1.199
16480,1.5427,2.7140,0.00,1.5427,2.7159,3,0,1,0,0,13,20,150,0,0,0,0,1.187
16490,1.5546,2.7140,0.00,1.5546,2.7159,3,0,1,0,0,13,20,150,0,0,0,0,1.175
16500,1.5665,2.7140,0.00,1.5665,2.7159,3,0,1,0,0,13,20,150,0,0,0,0,1.163
16510,1.5785,2.7140,0.00,1.5785,2.7159,3,0,1,0,0,13,20,150,0,0,0,0,1.152
16520,1.5904,2.7140,0.00,1.5904,2.7159,3,0,1,0,0,13,20,150,0,0,0,0,1.140
16530,1.6024,2.7140,0.00,1.6024,2.7159,3,0,1,0,0,13,20,150,0,0,0,0,1.128
16540,1.6143,2.7140,0.00,1.6143,2.7159,3,0,1,0,0,13,20,150,0,0,0,0,1.116
16550,1.6262,2.7140,0.00,1.6262,2.7159,3,0,1,0,0,13,20,150,0,0,0,0,1.104
16560,1.6382,2.7140,0.00,1.6382,2.7159,3,0,1,0,0,13,20,150,0,0,0,0,1.092
16570,1.6501,2.7140,0.00,1.6501,2.7159,3,0,1,0,0,13,20,150,0,0,0,0,1.080
16580,1.6620,2.7140,0.00,1.6620,2.7159,3,0,1,0,0,13,20,150,0,0,0,0,1.068
16590,1.6740,2.7140,0.00,1.6740,2.7159,3,0,1,0,0,13,20,150,0,0,0,0,1.056
16600,1.6859,2.7140,0.00,1.6859,2.7159,3,0,1,0,0,13,20,150,0,0,0,0,1.044
16610,1.6979,2.7140,0.00,1.6979,2.7159,3,0,1,0,0,13,20,150,0,0,0,0,1.032
16620,1.7098,2.7140,0.00,1.7098,2.7159,3,0,1,0,0,13,20,150,0,0,0,0,1.020
16630,1.7217,2.7140,0.00,1.7217,2.7159,3,0,1,0,0,13,20,150,0,0,0,0,1.008
16640,1.7337,2.7140,0.00,1.7337,2.7159,3,0,1,0,0,13,20,150,0,0,0,0,0.996
16650,1.7456,2.7140,0.00,1.7456,2.7159,3,0,1,0,0,13,20,150,0,0,0,0,0.984
16660,1.7576,2.7140,0.00,1.7576,2.7159,3,0,1,0,0,13,20,150,0,0,0,0,0.972
16670,1.7695,2.7140,0.00,1.7695,2.7159,3,0,1,0,0,13,20,150,0,0,0,0,0.961
16680,1.7814,2.7140,0.00,1.7814,2.7159,3,0,1,0,0,13,20,150,0,0,0,0,0.949
16690,1.7934,2.7140,0.00,1.7934,2.7159,3,0,1,0,0,13,20,150,0,0,0,0,0.937
16700,1.8053,2.7140,0.00,1.8053,2.7159,3,0,1,0,0,13,20,150,0,0,0,0,0.925
16710,1.8172,2.7140,0.00,1.8172,2.7159,3,0,1,0,0,13,20,150,0,0,0,0,0.913
16720,1.8292,2.7140,0.00,1.8292,2.7159,3,0,1,0,0,13,20,150,0,0,0,0,0.901
16730,1.8411,2.7140,0.00,1.8411,2.7159,3,0,1,0,0,13,20,150,0,0,0,0,0.889
16740,1.8531,2.7140,0.00,1.8531,2.7159,3,0,1,0,0,13,20,150,0,0,0,0,0.877
16750,1.8650,2.7140,0.00,1.8650,2.7159,3,0,1,0,0,13,20,150,0,0,0,0,0.865
16760,1.8769,2.7140,0.00,1.8769,2.7159,3,0,1,0,0,13,20,150,0,0,0,0,0.853
16770,1.8889,2.7140,0.00,1.8889,2.7159,3,0,1,0,0,13,20,150,0,0,0,0,0.841
16780,1.9008,2.7140,0.00,1.9008,2.7159,3,0,1,0,0,13,20,150,0,0,0,0,0.829
16790,1.9127,2.7140,0.00,1.9127,2.7159,3,0,1,0,0,13,20,150,0,0,0,0,0.817
16800,1.9247,2.7140,0.00,1.9247,2.7159,3,0,1,0,0,13,20,150,0,0,0,0,0.805
16810,1.9366,2.7140,0.00,1.9366,2.7159,3,0,1,0,0,13,20,150,0,0,0,0,0.793
16820,1.9486,2.7140,0.00,1.9486,2.7159,3,0,1,0,0,13,20,150,0,0,0,0,0.781
16830,1.9605,2.7140,0.00,1.9605,2.7159,3,0,1,0,0,13,20,150,0,0,0,0,0.770
16840,1.9724,2.7140,0.00,1.9724,2.7159,3,0,1,0,0,13,20,150,0,0,0,0,0.758
16850,1.9844,2.7140,0.00,1.9844,2.7159,3,0,1,0,0,13,20,150,0,0,0,0,0.746
16860,1.9963,2.7140,0.00,1.9963,2.7159,3,0,1,0,0,13,20,150,0,0,0,0,0.734
16870,2.0082,2.7140,0.00,2.0082,2.7159,3,0,1,0,0,13,20,150,0,0,0,0,0.722
16880,2.0202,2.7140,0.00,2.0202,2.7159,3,0,1,0,0,13,20,150,0,0,0,0,0.710
16890,2.0321,2.7140,0.00,2.0321,2.7159,3,0,1,0,0,13,20,150,0,0,0,0,0.698
16900,2.0441,2.7140,0.00,2.0441,2.7159,3,0,1,0,0,13,20,150,0,0,0,0,0.686
16910,2.0560,2.7140,0.00,2.0560,2.7159,3,0,1,0,0,13,20,150,0,0,0,0,0.674
16920,2.0679,2.7140,0.00,2.0679,2.7159,3,0,1,0,0,13,20,150,0,0,0,0,0.662
16930,2.0799,2.7140,0.00,2.0799,2.7159,3,0,1,0,0,13,20,150,0,0,0,0,0.650
16940,2.0918,2.7140,0.00,2.0918,2.7159,3,0,1,0,0,13,20,150,0,0,0,0,0.638
16950,2.1038,2.7140,0.00,2.1038,2.7159,3,0,1,0,0,20,20,150,0,0,0,0,0.626
16960,2.1157,2.7140,0.00,2.1157,2.7159,3,0,1,0,0,20,20,150,0,0,0,0,0.614
16970,2.1276,2.7140,0.00,2.1276,2.7159,3,0,1,0,0,20,20,150,0,0,0,0,0.602
16980,2.1396,2.7140,0.00,2.1396,2.7159,3,0,1,0,0,20,20,150,0,0,0,0,0.590
16990,2.1515,2.7140,0.00,2.1515,2.7159,3,0,1,0,0,20,20,150,0,0,0,0,0.578
17000,2.1634,2.7140,0.00,2.1634,2.7159,3,0,1,0,0,20,20,75,0,0,0,0,0.567
17010,2.1753,2.7140,0.00,2.1753,2.7159,3,0,1,0,0,20,20,75,0,0,0,0,0.555
17020,2.1869,2.7140,0.00,2.1869,2.7159,3,0,1,0,0,20,20,75,0,0,0,0,0.543
17030,2.1983,2.7140,0.00,2.1983,2.7159,3,0,1,0,0,20,20,75,0,0,0,0,0.532
17040,2.2096,2.7140,0.00,2.2096,2.7159,3,0,1,0,0,20,20,75,0,0,0,0,0.520
17050,2.2206,2.7140,0.00,2.2206,2.7159,3,0,1,0,0,20,20,75,0,0,0,0,0.509
17060,2.2314,2.7140,0.00,2.2314,2.7159,3,0,1,0,0,20,20,75,0,0,0,0,0.499
17070,2.2420,2.7140,0.00,2.2420,2.7159,3,0,1,0,0,20,20,75,0,0,0,0,0.488
17080,2.2525,2.7140,0.00,2.2525,2.7159,3,0,1,0,0,20,20,75,0,0,0,0,0.478
17090,2.2627,2.7140,0.00,2.2627,2.7159,3,0,1,0,0,20,20,75,0,0,0,0,0.467
17100,2.2727,2.7140,0.00,2.2727,2.7159,3,0,1,0,0,20,20,75,0,0,0,0,0.457
17110,2.2826,2.7140,0.00,2.2826,2.7159,3,0,1,0,0,20,20,75,0,0,0,0,0.447
17120,2.2922,2.7140,0.00,2.2922,2.7159,3,0,1,0,0,20,20,75,0,0,0,0,0.438
17130,2.3016,2.7140,0.00,2.3016,2.7159,3,0,1,0,0,20,20,75,0,0,0,0,0.428
17140,2.3108,2.7140,0.00,2.3108,2.7159,3,0,1,0,0,20,20,75,0,0,0,0,0.419
17150,2.3199,2.7140,0.00,2.3199,2.7159,3,0,1,0,0,20,20,75,0,0,0,0,0.410
17160,2.3287,2.7140,0.00,2.3287,2.7159,3,0,1,0,0,20,20,75,0,0,0,0,0.401
17170,2.3373,2.7140,0.00,2.3373,2.7159,3,0,1,0,0,20,20,75,0,0,0,0,0.393
17180,2.3457,2.7140,0.00,2.3457,2.7159,3,0,1,0,0,20,20,75,0,0,0,0,0.384
17190,2.3540,2.7140,0.00,2.3540,2.7159,3,0,1,0,0,20,20,75,0,0,0,0,0.376
17200,2.3620,2.7140,0.00,2.3620,2.7159,3,0,1,0,0,20,20,75,0,0,0,0,0.368
17210,2.3698,2.7140,0.00,2.3698,2.7159,3,0,1,0,0,20,20,75,0,0,0,0,0.360
17220,2.3775,2.7140,0.00,2.3775,2.7159,3,0,1,0,0,20,20,75,0,0,0,0,0.353
17230,2.3849,2.7140,0.00,2.3849,2.7159,3,0,1,0,0,20,20,75,0,0,0,0,0.345
17240,2.3921,2.7140,0.00,2.3921,2.7159,3,0,1,0,0,20,20,75,0,0,0,0,0.338
17250,2.3991,2.7140,0.00,2.3991,2.7159,3,0,1,0,0,20,20,75,0,0,0,0,0.331
17260,2.4060,2.7140,0.00,2.4060,2.7159,3,0,1,0,0,20,20,75,0,0,0,0,0.324
17270,2.4126,2.7140,0.00,2.4126,2.7159,3,0,1,0,0,20,20,75,0,0,0,0,0.317
17280,2.4190,2.7140,0.00,2.4190,2.7159,3,0,1,0,0,20,20,75,0,0,0,0,0.311
17290,2.4253,2.7140,0.00,2.4253,2.7159,3,0,1,0,0,20,20,75,0,0,0,0,0.305
17300,2.4313,2.7140,0.00,2.4313,2.7159,3,0,1,0,0,20,20,75,0,0,0,0,0.299
17310,2.4373,2.7140,0.00,2.4373,2.7159,3,0,1,0,0,20,20,75,0,0,0,0,0.293
17320,2.4432,2.7140,0.00,2.4432,2.7159,3,0,1,0,0,20,20,75,0,0,0,0,0.287
17330,2.4492,2.7140,0.00,2.4492,2.7159,3,0,1,0,0,20,20,75,0,0,0,0,0.281
17340,2.4552,2.7140,0.00,2.4552,2.7159,3,0,1,0,0,20,20,75,0,0,0,0,0.275
17350,2.4611,2.7140,0.00,2.4611,2.7159,3,0,1,0,0,20,20,75,0,0,0,0,0.269
17360,2.4671,2.7140,0.00,2.4671,2.7159,3,0,1,0,0,20,20,75,0,0,0,0,0.263
17370,2.4731,2.7140,0.00,2.4731,2.7159,3,0,1,0,0,20,20,75,0,0,0,0,0.257
17380,2.4790,2.7140,0.00,2.4790,2.7159,3,0,1,0,0,20,20,75,0,0,0,0,0.251
17390,2.4850,2.7140,0.00,2.4850,2.7159,3,0,1,0,0,20,20,75,0,0,0,0,0.245
17400,2.4910,2.7140,0.00,2.4910,2.7159,3,0,1,0,0,20,20,75,0,0,0,0,0.239
17410,2.4969,2.7140,0.00,2.4969,2.7159,3,0,1,0,0,20,20,75,0,0,0,0,0.233
17420,2.5029,2.7140,0.00,2.5029,2.7159,3,0,1,0,0,20,20,75,0,0,0,0,0.227
17430,2.5089,2.7140,0.00,2.5089,2.7159,3,0,1,0,0,20,20,75,0,0,0,0,0.221
17440,2.5149,2.7140,0.00,2.5149,2.7159,3,0,1,0,0,20,20,75,0,0,0,0,0.215
17450,2.5208,2.7140,0.00,2.5208,2.7159,3,0,1,0,0,20,20,75,0,0,0,0,0.209
17460,2.5268,2.7140,0.00,2.5268,2.7159,3,0,1,0,0,20,20,75,0,0,0,0,0.203
17470,2.5328,2.7140,0.00,2.5328,2.7159,3,0,1,0,0,20,20,75,0,0,0,0,0.197
17480,2.5387,2.7140,0.00,2.5387,2.7159,3,0,1,0,0,20,20,75,0,0,0,0,0.191
17490,2.5447,2.7140,0.00,2.5447,2.7159,3,0,1,0,0,20,20,75,0,0,0,0,0.185
17500,2.5507,2.7140,0.00,2.5507,2.7159,3,0,1,0,0,20,20,75,0,0,0,0,0.179
17510,2.5566,2.7140,0.00,2.5566,2.7159,3,0,1,0,0,20,20,75,0,0,0,0,0.173
17520,2.5626,2.7140,0.00,2.5626,2.7159,3,0,1,0,0,20,20,75,0,0,0,0,0.167
17530,2.5686,2.7140,0.00,2.5686,2.7159,3,0,1,0,0,20,20,75,0,0,0,0,0.161
17540,2.5745,2.7140,0.00,2.5745,2.7159,3,0,1,0,0,20,20,73,0,1,0,0,0.155
17550,2.5803,2.7140,0.00,2.5803,2.7159,3,0,1,0,0,20,20,72,0,1,0,0,0.150
17560,2.5860,2.7140,0.00,2.5860,2.7159,3,0,1,0,0,20,20,70,0,1,0,0,0.144
17570,2.5916,2.7140,0.00,2.5916,2.7159,3,0,1,0,0,20,20,69,0,1,0,0,0.138
17580,2.5970,2.7140,0.00,2.5970,2.7159,3,0,1,0,0,20,20,67,0,1,0,0,0.133
17590,2.6023,2.7140,0.00,2.6023,2.7159,3,0,1,0,0,20,20,65,0,1,0,0,0.128
17600,2.6074,2.7140,0.00,2.6074,2.7159,3,0,1,0,0,20,20,64,0,1,0,0,0.123
17610,2.6125,2.7140,0.00,2.6125,2.7159,3,0,1,0,0,20,20,62,0,1,0,0,0.118
17620,2.6174,2.7140,0.00,2.6174,2.7159,3,0,1,0,0,20,20,61,0,1,0,0,0.113
17630,2.6221,2.7140,0.00,2.6221,2.7159,3,0,1,0,0,20,20,59,0,1,0,0,0.108
17640,2.6268,2.7140,0.00,2.6268,2.7159,3,0,1,0,0,20,20,57,0,1,0,0,0.103
17650,2.6313,2.7140,0.00,2.6313,2.7159,3,0,1,0,0,20,20,56,0,1,0,0,0.099
17660,2.6357,2.7140,0.00,2.6357,2.7159,3,0,1,0,0,20,20,54,0,1,0,0,0.094
17670,2.6400,2.7140,0.00,2.6400,2.7159,4,0,0,0,0,20,20,0,0,0,0,0,1000.000
17680,2.6441,2.7140,0.00,2.6441,2.7159,4,0,0,0,0,20,20,0,0,0,0,0,1000.000
17690,2.6480,2.7140,0.00,2.6480,2.7159,4,0,0,0,0,20,20,0,0,0,0,0,1000.000
17700,2.6517,2.7140,0.00,2.6517,2.7159,4,0,0,0,0,20,20,0,0,0,0,0,1000.000
17710,2.6553,2.7140,0.00,2.6553,2.7159,4,0,0,0,0,20,20,0,0,0,0,0,1000.000
17720,2.6586,2.7140,0.00,2.6586,2.7159,4,0,0,0,0,20,20,0,0,0,0,0,1000.000
17730,2.6617,2.7140,0.00,2.6617,2.7159,4,0,0,0,0,20,20,0,0,0,0,0,1000.000
17740,2.6646,2.7140,0.00,2.6646,2.7159,4,0,0,0,0,20,20,0,0,0,0,0,1000.000
17750,2.6673,2.7140,0.00,2.6673,2.7159,4,0,1,0,0,20,20,0,0,0,0,0,1000.000
17760,2.6698,2.7140,0.00,2.6698,2.7159,4,0,1,0,0,20,20,0,0,0,0,0,1000.000
17770,2.6721,2.7140,0.00,2.6721,2.7159,4,0,1,0,0,20,20,0,0,0,0,0,1000.000
17780,2.6742,2.7140,0.00,2.6742,2.7159,4,0,1,0,0,20,20,0,0,0,0,0,1000.000
17790,2.6761,2.7140,0.00,2.6761,2.7159,4,0,1,0,0,20,20,0,0,0,0,0,1000.000
17800,2.6778,2.7140,0.00,2.6778,2.7159,4,0,1,0,0,20,20,0,53,0,1,0,2.956
17810,2.6793,2.7140,0.00,2.6793,2.7159,4,0,1,0,0,20,20,0,53,0,1,0,2.956
17820,2.6806,2.7140,0.00,2.6806,2.7159,4,0,1,0,0,20,20,0,53,0,1,0,2.956
17830,2.6818,2.7140,0.00,2.6818,2.7159,4,0,1,0,0,20,20,0,53,0,1,0,2.956
17840,2.6827,2.7140,0.00,2.6827,2.7159,4,0,1,0,0,20,20,0,53,0,1,0,2.956
17850,2.6834,2.7140,0.00,2.6834,2.7159,4,0,1,0,0,20,20,0,53,0,1,0,2.956
17860,2.6840,2.7141,0.00,2.6840,2.7161,4,0,1,0,0,20,20,0,53,0,1,0,2.955
17870,2.6846,2.7144,0.00,2.6846,2.7164,4,0,1,0,0,20,20,0,53,0,1,0,2.955
17880,2.6852,2.7149,0.00,2.6852,2.7168,4,0,1,0,0,20,20,0,53,0,1,0,2.955
17890,2.6857,2.7155,0.00,2.6857,2.7175,4,0,1,0,0,20,20,0,53,0,1,0,2.954
17900,2.6863,2.7164,0.00,2.6863,2.7183,4,0,1,0,0,20,20,0,53,0,1,0,2.953
17910,2.6868,2.7173,0.00,2.6868,2.7193,4,0,1,0,0,20,20,0,53,0,1,0,2.952
17920,2.6872,2.7185,0.00,2.6872,2.7204,4,0,1,0,0,20,20,0,53,0,1,0,2.951
17930,2.6876,2.7198,0.00,2.6876,2.7217,4,0,1,0,0,20,20,0,53,0,1,0,2.950
17940,2.6880,2.7213,0.00,2.6880,2.7232,4,0,1,0,0,20,20,0,53,0,1,0,2.948
17950,2.6884,2.7230,0.00,2.6884,2.7249,4,0,1,0,0,20,20,0,53,0,1,0,2.947
17960,2.6887,2.7248,0.00,2.6887,2.7267,4,0,1,0,0,20,20,0,53,0,1,0,2.945
17970,2.6891,2.7268,0.00,2.6891,2.7287,4,0,1,0,0,20,20,0,53,0,1,0,2.943
17980,2.6893,2.7290,0.00,2.6893,2.7309,4,0,1,0,0,20,20,0,53,0,1,0,2.941
17990,2.6896,2.7313,0.00,2.6896,2.7332,4,0,1,0,0,20,20,0,53,0,1,0,2.938
18000,2.6898,2.7338,0.00,2.6898,2.7357,4,0,1,0,0,20,20,0,53,0,1,0,2.936
18010,2.6900,2.7365,0.00,2.6900,2.7384,4,0,1,0,0,20,20,0,53,0,1,0,2.933
18020,2.6902,2.7394,0.00,2.6902,2.7413,4,0,1,0,0,20,20,0,53,0,1,0,2.930
18030,2.6903,2.7424,0.00,2.6903,2.7443,4,0,1,0,0,20,20,0,53,0,1,0,2.927
18040,2.6904,2.7456,0.00,2.6904,2.7475,4,0,1,0,0,20,20,0,53,0,1,0,2.924
18050,2.6905,2.7489,0.00,2.6905,2.7509,4,0,1,0,0,20,20,0,53,0,1,0,2.921
18060,2.6905,2.7525,0.00,2.6905,2.7544,4,0,1,0,0,20,20,0,53,0,1,0,2.917
18070,2.6905,2.7562,0.00,2.6905,2.7581,4,0,1,0,0,20,20,0,53,0,1,0,2.913
18080,2.6905,2.7600,0.00,2.6905,2.7620,4,0,1,0,0,20,20,0,53,0,1,0,2.910
18090,2.6905,2.7640,0.00,2.6905,2.7660,4,0,1,0,0,20,20,0,53,0,1,0,2.906
18100,2.6905,2.7682,0.00,2.6905,2.7701,4,0,1,0,0,20,20,0,53,0,1,0,2.901
18110,2.6905,2.7724,0.00,2.6905,2.7743,4,0,1,0,0,20,20,0,53,0,1,0,2.897
18120,2.6905,2.7766,0.00,2.6905,2.7785,4,0,1,0,0,20,20,0,53,0,1,0,2.893
18130,2.6905,2.7808,0.00,2.6905,2.7828,4,0,1,0,0,20,20,0,53,0,1,0,2.889
18140,2.6905,2.7851,0.00,2.6905,2.7870,4,0,1,0,0,20,20,0,53,0,1,0,2.885
18150,2.6905,2.7893,0.00,2.6905,2.7912,4,0,1,0,0,20,20,0,53,0,1,0,2.880
18160,2.6905,2.7935,0.00,2.6905,2.7954,4,0,1,0,0,20,20,0,53,0,1,0,2.876
18170,2.6905,2.7977,0.00,2.6905,2.7996,4,0,1,0,0,20,20,0,53,0,1,0,2.872
18180,2.6905,2.8019,0.00,2.6905,2.8038,4,0,1,0,0,20,20,0,53,0,1,0,2.868
18190,2.6905,2.8062,0.00,2.6905,2.8081,4,0,1,0,0,20,20,0,53,0,1,0,2.863
18200,2.6905,2.8104,0.00,2.6905,2.8123,4,0,1,0,0,20,20,0,53,0,1,0,2.859
18210,2.6905,2.8146,0.00,2.6905,2.8165,4,0,1,0,0,20,20,0,53,0,1,0,2.855
18220,2.6905,2.8188,0.00,2.6905,2.8207,4,0,1,0,0,20,20,0,53,0,1,0,2.851
18230,2.6905,2.8230,0.00,2.6905,2.8249,4,0,1,0,0,20,20,0,53,0,1,0,2.847
18240,2.6905,2.8272,0.00,2.6905,2.8292,4,0,1,0,0,20,20,0,53,0,1,0,2.842
18250,2.6905,2.8315,0.00,2.6905,2.8334,4,0,1,0,0,20,20,0,53,0,1,0,2.838
18260,2.6905,2.8357,0.00,2.6905,2.8376,4,0,1,0,0,20,20,0,53,0,1,0,2.834
18270,2.6905,2.8399,0.00,2.6905,2.8418,4,0,1,0,0,20,20,0,53,0,1,0,2.830
18280,2.6905,2.8441,0.00,2.6905,2.8460,4,0,1,0,0,20,20,0,53,0,1,0,2.825
18290,2.6905,2.8483,0.00,2.6905,2.8502,4,0,1,0,0,20,20,0,53,0,1,0,2.821
18300,2.6905,2.8526,0.00,2.6905,2.8545,4,0,1,0,0,20,20,0,53,0,1,0,2.817
18310,2.6905,2.8568,0.00,2.6905,2.8587,4,0,1,0,0,20,20,0,53,0,1,0,2.813
18320,2.6905,2.8610,0.00,2.6905,2.8629,4,0,1,0,0,20,20,0,53,0,1,0,2.809
18330,2.6905,2.8652,0.00,2.6905,2.8671,4,0,1,0,0,20,20,0,53,0,1,0,2.804
18340,2.6905,2.8694,0.00,2.6905,2.8713,4,0,1,0,0,20,20,0,53,0,1,0,2.800
18350,2.6905,2.8736,0.00,2.6905,2.8756,4,0,1,0,0,20,20,0,53,0,1,0,2.796
18360,2.6905,2.8779,0.00,2.6905,2.8798,4,0,1,0,0,20,20,0,53,0,1,0,2.792
18370,2.6905,2.8821,0.00,2.6905,2.8840,4,0,1,0,0,20,20,0,53,0,1,0,2.788
18380,2.6905,2.8863,0.00,2.6905,2.8882,4,0,1,0,0,20,20,0,53,0,1,0,2.783
18390,2.6905,2.8905,0.00,2.6905,2.8924,4,0,1,0,0,20,20,0,53,0,1,0,2.779
18400,2.6905,2.8947,0.00,2.6905,2.8966,4,0,1,0,0,20,20,0,53,0,1,0,2.775
18410,2.6905,2.8989,0.00,2.6905,2.9009,4,0,1,0,0,20,20,0,53,0,1,0,2.771
18420,2.6905,2.9032,0.00,2.6905,2.9051,4,0,1,0,0,20,20,0,53,0,1,0,2.766
18430,2.6905,2.9074,0.00,2.6905,2.9093,4,0,1,0,0,20,20,0,53,0,1,0,2.762
18440,2.6905,2.9116,0.00,2.6905,2.9135,4,0,1,0,0,20,20,0,53,0,1,0,2.758
18450,2.6905,2.9158,0.00,2.6905,2.9177,4,0,1,0,0,20,20,0,53,0,1,0,2.754
18460,2.6905,2.9200,0.00,2.6905,2.9220,4,0,1,0,0,20,20,0,53,0,1,0,2.750
18470,2.6905,2.9243,0.00,2.6905,2.9262,4,0,1,0,0,20,20,0,53,0,1,0,2.745
18480,2.6905,2.9285,0.00,2.6905,2.9304,4,0,1,0,0,20,20,0,53,0,1,0,2.741
18490,2.6905,2.9327,0.00,2.6905,2.9346,4,0,1,0,0,20,20,0,53,0,1,0,2.737
18500,2.6905,2.9369,0.00,2.6905,2.9388,4,0,1,0,0,20,20,0,53,0,1,0,2.733
18510,2.6905,2.9411,0.00,2.6905,2.9430,4,0,1,0,0,20,20,0,53,0,1,0,2.728
18520,2.6905,2.9453,0.00,2.6905,2.9473,4,0,1,0,0,20,20,0,53,0,1,0,2.724
18530,2.6905,2.9496,0.00,2.6905,2.9515,4,0,1,0,0,20,20,0,53,0,1,0,2.720
18540,2.6905,2.9538,0.00,2.6905,2.9557,4,0,1,0,0,20,20,0,53,0,1,0,2.716
18550,2.6905,2.9580,0.00,2.6905,2.9599,4,0,1,0,0,20,20,0,53,0,1,0,2.712
18560,2.6905,2.9622,0.00,2.6905,2.9641,4,0,1,0,0,20,20,0,53,0,1,0,2.707
18570,2.6905,2.9664,0.00,2.6905,2.9684,4,0,1,0,0,20,20,0,53,0,1,0,2.703
18580,2.6905,2.9707,0.00,2.6905,2.9726,4,0,1,0,0,20,20,0,53,0,1,0,2.699
18590,2.6905,2.9749,0.00,2.6905,2.9768,4,0,1,0,0,20,20,0,53,0,1,0,2.695
18600,2.6905,2.9791,0.00,2.6905,2.9810,4,0,1,0,0,20,20,0,53,0,1,0,2.690
18610,2.6905,2.9833,0.00,2.6905,2.9852,4,0,1,0,0,20,20,0,53,0,1,0,2.686
18620,2.6905,2.9875,0.00,2.6905,2.9894,4,0,1,0,0,20,20,0,53,0,1,0,2.682
18630,2.6905,2.9917,0.00,2.6905,2.9937,4,0,1,0,0,20,20,0,53,0,1,0,2.678
18640,2.6905,2.9960,0.00,2.6905,2.9979,4,0,1,0,0,20,20,0,53,0,1,0,2.674
18650,2.6905,3.0002,0.00,2.6905,3.0021,4,0,1,0,0,20,20,0,53,0,1,0,2.669
18660,2.6905,3.0044,0.00,2.6905,3.0063,4,0,1,0,0,20,20,0,53,0,1,0,2.665
18670,2.6905,3.0086,0.00,2.6905,3.0105,4,0,1,0,0,20,20,0,53,0,1,0,2.661
18680,2.6905,3.0128,0.00,2.6905,3.0148,4,0,1,0,0,20,20,0,53,0,1,0,2.657
18690,2.6905,3.0171,0.00,2.6905,3.0190,4,0,1,0,0,20,20,0,53,0,1,0,2.653
18700,2.6905,3.0213,0.00,2.6905,3.0232,4,0,1,0,0,20,20,0,53,0,1,0,2.648
18710,2.6905,3.0255,0.00,2.6905,3.0274,4,0,1,0,0,20,20,0,53,0,1,0,2.644
18720,2.6905,3.0297,0.00,2.6905,3.0316,4,0,1,0,0,20,20,0,53,0,1,0,2.640
18730,2.6905,3.0339,0.00,2.6905,3.0358,4,0,1,0,0,20,20,0,53,0,1,0,2.636
18740,2.6905,3.0381,0.00,2.6905,3.0401,4,0,1,0,0,20,20,0,53,0,1,0,2.631
18750,2.6905,3.0424,0.00,2.6905,3.0443,4,0,1,0,0,20,20,0,53,0,1,0,2.627
18760,2.6905,3.0466,0.00,2.6905,3.0485,4,0,1,0,0,20,20,0,53,0,1,0,2.623
18770,2.6905,3.0508,0.00,2.6905,3.0527,4,0,1,0,0,20,20,0,53,0,1,0,2.619
18780,2.6905,3.0550,0.00,2.6905,3.0569,4,0,1,0,0,20,20,0,53,0,1,0,2.615
18790,2.6905,3.0592,0.00,2.6905,3.0612,4,0,1,0,0,20,20,0,53,0,1,0,2.610
18800,2.6905,3.0635,0.00,2.6905,3.0654,4,0,1,0,0,20,20,0,53,0,1,0,2.606
18810,2.6905,3.0677,0.00,2.6905,3.0696,4,0,1,0,0,20,20,0,53,0,1,0,2.602
18820,2.6905,3.0719,0.00,2.6905,3.0738,4,0,1,0,0,20,20,0,53,0,1,0,2.598
18830,2.6905,3.0761,0.00,2.6905,3.0780,4,0,1,0,0,20,20,0,53,0,1,0,2.593
18840,2.6905,3.0803,0.00,2.6905,3.0822,4,0,1,0,0,20,20,0,53,0,1,0,2.589
18850,2.6905,3.0845,0.00,2.6905,3.0865,4,0,1,0,0,20,20,0,53,0,1,0,2.585
18860,2.6905,3.0888,0.00,2.6905,3.0907,4,0,1,0,0,20,20,0,53,0,1,0,2.581
18870,2.6905,3.0930,0.00,2.6905,3.0949,4,0,1,0,0,20,20,0,53,0,1,0,2.577
18880,2.6905,3.0972,0.00,2.6905,3.0991,4,0,1,0,0,20,20,0,53,0,1,0,2.572
18890,2.6905,3.1014,0.00,2.6905,3.1033,4,0,1,0,0,20,20,0,53,0,1,0,2.568
18900,2.6905,3.1056,0.00,2.6905,3.1076,4,0,1,0,0,20,20,0,53,0,1,0,2.564
18910,2.6905,3.1099,0.00,2.6905,3.1118,4,0,1,0,0,20,20,0,53,0,1,0,2.560
18920,2.6905,3.1141,0.00,2.6905,3.1160,4,0,1,0,0,20,20,0,53,0,1,0,2.556
18930,2.6905,3.1183,0.00,2.6905,3.1202,4,0,1,0,0,20,20,0,53,0,1,0,2.551
18940,2.6905,3.1225,0.00,2.6905,3.1244,4,0,1,0,0,20,20,0,53,0,1,0,2.547
18950,2.6905,3.1267,0.00,2.6905,3.1286,4,0,1,0,0,20,20,0,53,0,1,0,2.543
18960,2.6905,3.1309,0.00,2.6905,3.1329,4,0,1,0,0,20,20,0,53,0,1,0,2.539
18970,2.6905,3.1352,0.00,2.6905,3.1371,4,0,1,0,0,20,20,0,53,0,1,0,2.534
18980,2.6905,3.1394,0.00,2.6905,3.1413,4,0,1,0,0,20,20,0,53,0,1,0,2.530
18990,2.6905,3.1436,0.00,2.6905,3.1455,4,0,1,0,0,20,20,0,53,0,1,0,2.526
19000,2.6905,3.1478,0.00,2.6905,3.1497,4,0,1,0,0,20,20,0,53,0,1,0,2.522
19010,2.6905,3.1520,0.00,2.6905,3.1540,4,0,1,0,0,20,20,0,53,0,1,0,2.518
19020,2.6905,3.1563,0.00,2.6905,3.1582,4,0,1,0,0,20,20,0,53,0,1,0,2.513
19030,2.6905,3.1605,0.00,2.6905,3.1624,4,0,1,0,0,20,20,0,53,0,1,0,2.509
19040,2.6905,3.1647,0.00,2.6905,3.1666,4,0,1,0,0,20,20,0,53,0,1,0,2.505
19050,2.6905,3.1689,0.00,2.6905,3.1708,4,0,1,0,0,20,20,0,53,0,1,0,2.501
19060,2.6905,3.1731,0.00,2.6905,3.1750,4,0,1,0,0,20,20,0,53,0,1,0,2.496
19070,2.6905,3.1773,0.00,2.6905,3.1793,4,0,1,0,0,20,20,0,53,0,1,0,2.492
19080,2.6905,3.1816,0.00,2.6905,3.1835,4,0,1,0,0,20,20,0,53,0,1,0,2.488
19090,2.6905,3.1858,0.00,2.6905,3.1877,4,0,1,0,0,20,20,0,53,0,1,0,2.484
19100,2.6905,3.1900,0.00,2.6905,3.1919,4,0,1,0,0,20,20,0,53,0,1,0,2.480
19110,2.6905,3.1942,0.00,2.6905,3.1961,4,0,1,0,0,20,20,0,53,0,1,0,2.475
19120,2.6905,3.1984,0.00,2.6905,3.2004,4,0,1,0,0,20,20,0,53,0,1,0,2.471
19130,2.6905,3.2027,0.00,2.6905,3.2046,4,0,1,0,0,20,20,0,53,0,1,0,2.467
19140,2.6905,3.2069,0.00,2.6905,3.2088,4,0,1,0,0,20,20,0,53,0,1,0,2.463
19150,2.6905,3.2111,0.00,2.6905,3.2130,4,0,1,0,0,20,20,0,53,0,1,0,2.458
19160,2.6905,3.2153,0.00,2.6905,3.2172,4,0,1,0,0,20,20,0,53,0,1,0,2.454
19170,2.6905,3.2195,0.00,2.6905,3.2214,4,0,1,0,0,20,20,0,53,0,1,0,2.450
19180,2.6905,3.2237,0.00,2.6905,3.2257,4,0,1,0,0,20,20,0,53,0,1,0,2.446
19190,2.6905,3.2280,0.00,2.6905,3.2299,4,0,1,0,0,20,20,0,53,0,1,0,2.442
19200,2.6905,3.2322,0.00,2.6905,3.2341,4,0,1,0,0,20,20,0,53,0,1,0,2.437
19210,2.6905,3.2364,0.00,2.6905,3.2383,4,0,1,0,0,20,20,0,53,0,1,0,2.433
19220,2.6905,3.2406,0.00,2.6905,3.2425,4,0,1,0,0,20,20,0,53,0,1,0,2.429
19230,2.6905,3.2448,0.00,2.6905,3.2467,4,0,1,0,0,20,20,0,53,0,1,0,2.425
19240,2.6905,3.2491,0.00,2.6905,3.2510,4,0,1,0,0,20,20,0,53,0,1,0,2.421
19250,2.6905,3.2533,0.00,2.6905,3.2552,4,0,1,0,0,20,20,0,53,0,1,0,2.416
19260,2.6905,3.2575,0.00,2.6905,3.2594,4,0,1,0,0,20,20,0,53,0,1,0,2.412
19270,2.6905,3.2617,0.00,2.6905,3.2636,4,0,1,0,0,20,20,0,53,0,1,0,2.408
19280,2.6905,3.2659,0.00,2.6905,3.2678,4,0,1,0,0,20,20,0,53,0,1,0,2.404
19290,2.6905,3.2701,0.00,2.6905,3.2721,4,0,1,0,0,20,20,0,53,0,1,0,2.399
19300,2.6905,3.2744,0.00,2.6905,3.2763,4,0,1,0,0,20,20,0,53,0,1,0,2.395
19310,2.6905,3.2786,0.00,2.6905,3.2805,4,0,1,0,0,20,20,0,53,0,1,0,2.391
19320,2.6905,3.2828,0.00,2.6905,3.2847,4,0,1,0,0,20,20,0,53,0,1,0,2.387
19330,2.6905,3.2870,0.00,2.6905,3.2889,4,0,1,0,0,20,20,0,53,0,1,0,2.383
19340,2.6905,3.2912,0.00,2.6905,3.2931,4,0,1,0,0,20,20,0,53,0,1,0,2.378
19350,2.6905,3.2955,0.00,2.6905,3.2974,4,0,1,0,0,20,20,0,53,0,1,0,2.374
19360,2.6905,3.2997,0.00,2.6905,3.3016,4,0,1,0,0,20,20,0,53,0,1,0,2.370
19370,2.6905,3.3039,0.00,2.6905,3.3058,4,0,1,0,0,20,20,0,53,0,1,0,2.366
19380,2.6905,3.3081,0.00,2.6905,3.3100,4,0,1,0,0,20,20,0,53,0,1,0,2.361
19390,2.6905,3.3123,0.00,2.6905,3.3142,4,0,1,0,0,20,20,0,53,0,1,0,2.357
19400,2.6905,3.3165,0.00,2.6905,3.3185,4,0,1,0,0,20,20,0,53,0,1,0,2.353
19410,2.6905,3.3208,0.00,2.6905,3.3227,4,0,1,0,0,20,20,0,53,0,1,0,2.349
19420,2.6905,3.3250,0.00,2.6905,3.3269,4,0,1,0,0,20,20,0,53,0,1,0,2.345
19430,2.6905,3.3292,0.00,2.6905,3.3311,4,0,1,0,0,20,20,0,53,0,1,0,2.340
19440,2.6905,3.3334,0.00,2.6905,3.3353,4,0,1,0,0,20,20,0,53,0,1,0,2.336
19450,2.6905,3.3376,0.00,2.6905,3.3395,4,0,1,0,0,20,20,0,53,0,1,0,2.332
19460,2.6905,3.3419,0.00,2.6905,3.3438,4,0,1,0,0,20,20,0,53,0,1,0,2.328
19470,2.6905,3.3461,0.00,2.6905,3.3480,4,0,1,0,0,20,20,0,53,0,1,0,2.324
19480,2.6905,3.3503,0.00,2.6905,3.3522,4,0,1,0,0,20,20,0,53,0,1,0,2.319
19490,2.6905,3.3545,0.00,2.6905,3.3564,4,0,1,0,0,20,20,0,53,0,1,0,2.315
19500,2.6905,3.3587,0.00,2.6905,3.3606,4,0,1,0,0,20,20,0,53,0,1,0,2.311
19510,2.6905,3.3629,0.00,2.6905,3.3649,4,0,1,0,0,20,20,0,53,0,1,0,2.307
19520,2.6905,3.3672,0.00,2.6905,3.3691,4,0,1,0,0,20,20,0,53,0,1,0,2.302
19530,2.6905,3.3714,0.00,2.6905,3.3733,4,0,1,0,0,20,20,0,53,0,1,0,2.298
19540,2.6905,3.3756,0.00,2.6905,3.3775,4,0,1,0,0,20,20,0,53,0,1,0,2.294
19550,2.6905,3.3798,0.00,2.6905,3.3817,4,0,1,0,0,20,20,0,53,0,1,0,2.290
19560,2.6905,3.3840,0.00,2.6905,3.3859,4,0,1,0,0,20,20,0,53,0,1,0,2.286
19570,2.6905,3.3883,0.00,2.6905,3.3902,4,0,1,0,0,20,20,0,53,0,1,0,2.281
19580,2.6905,3.3925,0.00,2.6905,3.3944,4,0,1,0,0,20,20,0,53,0,1,0,2.277
19590,2.6905,3.3967,0.00,2.6905,3.3986,4,0,1,0,0,20,20,0,53,0,1,0,2.273
19600,2.6905,3.4009,0.00,2.6905,3.4028,4,0,1,0,0,20,20,0,53,0,1,0,2.269
19610,2.6905,3.4051,0.00,2.6905,3.4070,4,0,1,0,0,20,20,0,53,0,1,0,2.264
19620,2.6905,3.4093,0.00,2.6905,3.4113,4,0,1,0,0,20,20,0,53,0,1,0,2.260
19630,2.6905,3.4136,0.00,2.6905,3.4155,4,0,1,0,0,20,20,0,53,0,1,0,2.256
19640,2.6905,3.4178,0.00,2.6905,3.4197,4,0,1,0,0,20,20,0,53,0,1,0,2.252
19650,2.6905,3.4220,0.00,2.6905,3.4239,4,0,1,0,0,20,20,0,53,0,1,0,2.248
19660,2.6905,3.4262,0.00,2.6905,3.4281,4,0,1,0,0,20,20,0,53,0,1,0,2.243
19670,2.6905,3.4304,0.00,2.6905,3.4323,4,0,1,0,0,20,20,0,53,0,1,0,2.239
19680,2.6905,3.4346,0.00,2.6905,3.4366,4,0,1,0,0,20,20,0,53,0,1,0,2.235
19690,2.6905,3.4389,0.00,2.6905,3.4408,4,0,1,0,0,20,20,0,53,0,1,0,2.231
19700,2.6905,3.4431,0.00,2.6905,3.4450,4,0,1,0,0,20,20,0,53,0,1,0,2.226
19710,2.6905,3.4473,0.00,2.6905,3.4492,4,0,1,0,0,20,20,0,53,0,1,0,2.222
19720,2.6905,3.4515,0.00,2.6905,3.4534,4,0,1,0,0,20,20,0,53,0,1,0,2.218
19730,2.6905,3.4557,0.00,2.6905,3.4577,4,0,1,0,0,20,20,0,53,0,1,0,2.214
19740,2.6905,3.4600,0.00,2.6905,3.4619,4,0,1,0,0,20,20,0,53,0,1,0,2.210
19750,2.6905,3.4642,0.00,2.6905,3.4661,4,0,1,0,0,20,20,0,53,0,1,0,2.205
19760,2.6905,3.4684,0.00,2.6905,3.4703,4,0,1,0,0,20,20,0,53,0,1,0,2.201
19770,2.6905,3.4726,0.00,2.6905,3.4745,4,0,1,0,0,20,20,0,53,0,1,0,2.197
19780,2.6905,3.4768,0.00,2.6905,3.4787,4,0,1,0,0,20,20,0,53,0,1,0,2.193
19790,2.6905,3.4810,0.00,2.6905,3.4830,4,0,1,0,0,20,20,0,53,0,1,0,2.189
19800,2.6905,3.4853,0.00,2.6905,3.4872,4,0,1,0,0,20,20,0,53,0,1,0,2.184
19810,2.6905,3.4895,0.00,2.6905,3.4914,4,0,1,0,0,20,20,0,53,0,1,0,2.180
19820,2.6905,3.4937,0.00,2.6905,3.4956,4,0,1,0,0,20,20,0,53,0,1,0,2.176
19830,2.6905,3.4979,0.00,2.6905,3.4998,4,0,1,0,0,20,20,0,53,0,1,0,2.172
19840,2.6905,3.5021,0.00,2.6905,3.5041,4,0,1,0,0,20,20,0,53,0,1,0,2.167
19850,2.6905,3.5064,0.00,2.6905,3.5083,4,0,1,0,0,20,20,0,53,0,1,0,2.163
19860,2.6905,3.5106,0.00,2.6905,3.5125,4,0,1,0,0,20,20,0,53,0,1,0,2.159
19870,2.6905,3.5148,0.00,2.6905,3.5167,4,0,1,0,0,20,20,0,53,0,1,0,2.155
19880,2.6905,3.5190,0.00,2.6905,3.5209,4,0,1,0,0,20,20,0,53,0,1,0,2.151
19890,2.6905,3.5232,0.00,2.6905,3.5251,4,0,1,0,0,20,20,0,53,0,1,0,2.146
19900,2.6905,3.5274,0.00,2.6905,3.5294,4,0,1,0,0,20,20,0,53,0,1,0,2.142
19910,2.6905,3.5317,0.00,2.6905,3.5336,4,0,1,0,0,20,20,0,53,0,1,0,2.138
19920,2.6905,3.5359,0.00,2.6905,3.5378,4,0,1,0,0,20,20,0,53,0,1,0,2.134
19930,2.6905,3.5401,0.00,2.6905,3.5420,4,0,1,0,0,20,20,0,53,0,1,0,2.129
19940,2.6905,3.5443,0.00,2.6905,3.5462,4,0,1,0,0,20,20,0,53,0,1,0,2.125
19950,2.6905,3.5485,0.00,2.6905,3.5505,4,0,1,0,0,20,20,0,53,0,1,0,2.121
19960,2.6905,3.5528,0.00,2.6905,3.5547,4,0,1,0,0,20,20,0,53,0,1,0,2.117
19970,2.6905,3.5570,0.00,2.6905,3.5589,4,0,1,0,0,20,20,0,53,0,1,0,2.113
19980,2.6905,3.5612,0.00,2.6905,3.5631,4,0,1,0,0,20,20,0,53,0,1,0,2.108
19990,2.6905,3.5654,0.00,2.6905,3.5673,4,0,1,0,0,20,20,0,53,0,1,0,2.104
20000,2.6905,3.5696,0.00,2.6905,3.5715,4,0,1,0,0,20,20,0,53,0,1,0,2.100
20010,2.6905,3.5738,0.00,2.6905,3.5758,4,0,1,0,0,20,20,0,53,0,1,0,2.096
20020,2.6905,3.5781,0.00,2.6905,3.5800,4,0,1,0,0,20,20,0,53,0,1,0,2.092
20030,2.6905,3.5823,0.00,2.6905,3.5842,4,0,1,0,0,20,20,0,53,0,1,0,2.087
20040,2.6905,3.5865,0.00,2.6905,3.5884,4,0,1,0,0,20,20,0,53,0,1,0,2.083
20050,2.6905,3.5907,0.00,2.6905,3.5926,4,0,1,0,0,20,20,0,53,0,1,0,2.079
20060,2.6905,3.5949,0.00,2.6905,3.5969,4,0,1,0,0,20,20,0,53,0,1,0,2.075
20070,2.6905,3.5992,0.00,2.6905,3.6011,4,0,1,0,0,20,20,0,53,0,1,0,2.070
20080,2.6905,3.6034,0.00,2.6905,3.6053,4,0,1,0,0,20,20,0,53,0,1,0,2.066
20090,2.6905,3.6076,0.00,2.6905,3.6095,4,0,1,0,0,20,20,0,53,0,1,0,2.062
20100,2.6905,3.6118,0.00,2.6905,3.6137,4,0,1,0,0,20,20,0,53,0,1,0,2.058
20110,2.6905,3.6160,0.00,2.6905,3.6179,4,0,1,0,0,20,20,0,53,0,1,0,2.054
20120,2.6905,3.6202,0.00,2.6905,3.6222,4,0,1,0,0,20,20,0,53,0,1,0,2.049
20130,2.6905,3.6245,0.00,2.6905,3.6264,4,0,1,0,0,20,20,0,53,0,1,0,2.045
20140,2.6905,3.6287,0.00,2.6905,3.6306,4,0,1,0,0,20,20,0,53,0,1,0,2.041
20150,2.6905,3.6329,0.00,2.6905,3.6348,4,0,1,0,0,20,20,0,53,0,1,0,2.037
20160,2.6905,3.6371,0.00,2.6905,3.6390,4,0,1,0,0,20,20,0,53,0,1,0,2.032
20170,2.6905,3.6413,0.00,2.6905,3.6433,4,0,1,0,0,20,20,0,53,0,1,0,2.028
20180,2.6905,3.6456,0.00,2.6905,3.6475,4,0,1,0,0,20,20,0,53,0,1,0,2.024
20190,2.6905,3.6498,0.00,2.6905,3.6517,4,0,1,0,0,20,20,0,53,0,1,0,2.020
20200,2.6905,3.6540,0.00,2.6905,3.6559,4,0,1,0,0,20,20,0,53,0,1,0,2.016
20210,2.6905,3.6582,0.00,2.6905,3.6601,4,0,1,0,0,20,20,0,53,0,1,0,2.011
20220,2.6905,3.6624,0.00,2.6905,3.6643,4,0,1,0,0,20,20,0,53,0,1,0,2.007
20230,2.6905,3.6666,0.00,2.6905,3.6686,4,0,1,0,0,20,20,0,53,0,1,0,2.003
20240,2.6905,3.6709,0.00,2.6905,3.6728,4,0,1,0,0,20,20,0,53,0,1,0,1.999
20250,2.6905,3.6751,0.00,2.6905,3.6770,4,0,1,0,0,20,20,0,53,0,1,0,1.995
20260,2.6905,3.6793,0.00,2.6905,3.6812,4,0,1,0,0,20,20,0,53,0,1,0,1.990
20270,2.6905,3.6835,0.00,2.6905,3.6854,4,0,1,0,0,20,20,0,53,0,1,0,1.986
20280,2.6905,3.6877,0.00,2.6905,3.6897,4,0,1,0,0,20,20,0,53,0,1,0,1.982
20290,2.6905,3.6920,0.00,2.6905,3.6939,4,0,1,0,0,20,20,0,53,0,1,0,1.978
20300,2.6905,3.6962,0.00,2.6905,3.6981,4,0,1,0,0,20,20,0,53,0,1,0,1.973
20310,2.6905,3.7004,0.00,2.6905,3.7023,5,0,0,0,0,20,20,0,0,0,0,0,1000.000
20320,2.6905,3.7044,0.00,2.6905,3.7063,5,0,0,0,0,20,20,0,0,0,0,0,1000.000
20330,2.6905,3.7082,0.00,2.6905,3.7101,5,0,0,0,0,20,20,0,0,0,0,0,1000.000
20340,2.6905,3.7118,0.00,2.6905,3.7137,5,0,0,0,0,20,20,0,0,0,0,0,1000.000
20350,2.6905,3.7152,0.00,2.6905,3.7171,5,0,0,0,0,20,20,0,0,0,0,0,1000.000
20360,2.6905,3.7184,0.00,2.6905,3.7203,5,0,0,0,0,20,20,0,0,0,0,0,1000.000
20370,2.6905,3.7214,0.00,2.6905,3.7233,5,0,0,0,0,20,20,0,0,0,0,0,1000.000
20380,2.6905,3.7242,0.00,2.6905,3.7261,5,0,0,0,0,20,20,0,0,0,0,0,1000.000
20390,2.6905,3.7268,0.00,2.6905,3.7287,5,0,0,0,0,20,20,0,0,0,0,0,1000.000
20400,2.6905,3.7292,0.00,2.6905,3.7311,5,0,1,0,0,20,20,0,0,0,0,0,1000.000
20410,2.6905,3.7314,0.00,2.6905,3.7334,5,0,1,0,0,20,20,0,0,0,0,0,1000.000
20420,2.6905,3.7334,0.00,2.6905,3.7354,5,0,1,0,0,20,20,0,0,0,0,0,1000.000
20430,2.6905,3.7353,0.00,2.6905,3.7372,5,0,1,0,0,20,20,0,0,0,0,0,1000.000
20440,2.6905,3.7369,0.00,2.6905,3.7388,5,0,1,0,0,20,20,0,0,0,0,0,1000.000
20450,2.6905,3.7383,0.00,2.6905,3.7402,5,0,1,0,0,20,20,-75,0,0,0,0,2.421
20460,2.6905,3.7395,0.00,2.6905,3.7414,5,0,1,0,0,20,20,-75,0,0,0,0,2.421
20470,2.6905,3.7405,0.00,2.6905,3.7424,5,0,1,0,0,20,20,-75,0,0,0,0,2.421
20480,2.6905,3.7413,0.00,2.6905,3.7432,5,0,1,0,0,20,20,-75,0,0,0,0,2.421
20490,2.6905,3.7420,0.00,2.6905,3.7439,5,0,1,0,0,20,20,-75,0,0,0,0,2.420
20500,2.6902,3.7426,0.00,2.6902,3.7445,5,0,1,0,0,20,20,-75,0,0,0,0,2.420
20510,2.6898,3.7432,0.00,2.6898,3.7452,5,0,1,0,0,20,20,-75,0,0,0,0,2.420
20520,2.6892,3.7439,0.00,2.6892,3.7458,5,0,1,0,0,20,20,-75,0,0,0,0,2.419
20530,2.6883,3.7445,0.00,2.6883,3.7465,5,0,1,0,0,20,20,-75,0,0,0,0,2.418
20540,2.6873,3.7452,0.00,2.6873,3.7471,5,0,1,0,0,20,20,-75,0,0,0,0,2.417
20550,2.6861,3.7458,0.00,2.6861,3.7477,5,0,1,0,0,20,20,-75,0,0,0,0,2.416
20560,2.6846,3.7465,0.00,2.6846,3.7484,5,0,1,0,0,20,20,-75,0,0,0,0,2.415
20570,2.6830,3.7471,0.00,2.6830,3.7490,5,0,1,0,0,20,20,-75,0,0,0,0,2.413
20580,2.6812,3.7478,0.00,2.6812,3.7497,5,0,1,0,0,20,20,-75,0,0,0,0,2.411
20590,2.6791,3.7484,0.00,2.6791,3.7503,5,0,1,0,0,20,20,-75,0,0,0,0,2.409
20600,2.6769,3.7490,0.00,2.6769,3.7510,5,0,1,0,0,20,20,-75,0,0,0,0,2.407
20610,2.6745,3.7497,0.00,2.6745,3.7516,5,0,1,0,0,20,20,-75,0,0,0,0,2.404
20620,2.6718,3.7503,0.00,2.6718,3.7522,5,0,1,0,0,20,20,-75,0,0,0,0,2.402
20630,2.6690,3.7510,0.00,2.6690,3.7529,5,0,1,0,0,20,20,-75,0,0,0,0,2.399
20640,2.6660,3.7516,0.00,2.6660,3.7535,5,0,1,0,0,20,20,-75,0,0,0,0,2.396
20650,2.6627,3.7522,0.00,2.6627,3.7542,5,0,1,0,0,20,20,-75,0,0,0,0,2.393
20660,2.6593,3.7529,0.00,2.6593,3.7548,5,0,1,0,0,20,20,-75,0,0,0,0,2.389
20670,2.6557,3.7535,0.00,2.6557,3.7554,5,0,1,0,0,20,20,-75,0,0,0,0,2.386
20680,2.6518,3.7542,0.00,2.6518,3.7561,5,0,1,0,0,20,20,-75,0,0,0,0,2.382
20690,2.6478,3.7548,0.00,2.6478,3.7567,5,0,1,0,0,20,20,-75,0,0,0,0,2.378
20700,2.6436,3.7554,0.00,2.6436,3.7573,5,0,1,0,0,20,20,-75,0,0,0,0,2.374
20710,2.6392,3.7561,0.00,2.6392,3.7580,5,0,1,0,0,20,20,-75,0,0,0,0,2.369
20720,2.6345,3.7567,0.00,2.6345,3.7586,5,0,1,0,0,20,20,-75,0,0,0,0,2.365
20730,2.6297,3.7573,0.00,2.6297,3.7592,5,0,1,0,0,20,20,-75,0,0,0,0,2.360
20740,2.6247,3.7580,0.00,2.6247,3.7599,5,0,1,0,0,20,20,-75,0,0,0,0,2.355
20750,2.6194,3.7586,0.00,2.6194,3.7605,5,0,1,0,0,20,20,-75,0,0,0,0,2.349
20760,2.6141,3.7592,0.00,2.6141,3.7611,5,0,1,0,0,20,20,-75,0,0,0,0,2.344
20770,2.6086,3.7597,0.00,2.6086,3.7616,5,0,1,0,0,20,20,-75,0,0,0,0,2.339
20780,2.6030,3.7601,0.00,2.6030,3.7620,5,0,1,0,0,20,20,-75,0,0,0,0,2.333
20790,2.5973,3.7604,0.00,2.5973,3.7623,5,0,1,0,0,20,20,-75,0,0,0,0,2.327
20800,2.5915,3.7605,0.00,2.5915,3.7625,5,0,1,0,0,20,20,-75,0,0,0,0,2.322
20810,2.5857,3.7606,0.00,2.5857,3.7625,5,0,1,0,0,20,20,-75,0,0,0,0,2.316
20820,2.5797,3.7606,0.00,2.5797,3.7626,5,0,1,0,0,20,20,-75,0,0,0,0,2.310
20830,2.5737,3.7606,0.00,2.5737,3.7626,5,0,1,0,0,20,20,-75,0,0,0,0,2.304
20840,2.5678,3.7606,0.00,2.5678,3.7626,5,0,1,0,0,20,20,-75,0,0,0,0,2.298
20850,2.5618,3.7606,0.00,2.5618,3.7626,5,0,1,0,0,20,20,-75,0,0,0,0,2.292
20860,2.5558,3.7606,0.00,2.5558,3.7626,5,0,1,0,0,20,20,-75,0,0,0,0,2.286
20870,2.5499,3.7606,0.00,2.5499,3.7626,5,0,1,0,0,20,20,-75,0,0,0,0,2.280
20880,2.5439,3.7606,0.00,2.5439,3.7626,5,0,1,0,0,20,20,-75,0,0,0,0,2.274
20890,2.5379,3.7606,0.00,2.5379,3.7626,5,0,1,0,0,20,20,-75,0,0,0,0,2.268
20900,2.5319,3.7606,0.00,2.5319,3.7626,5,0,1,0,0,20,20,-75,0,0,0,0,2.262
20910,2.5260,3.7606,0.00,2.5260,3.7626,5,0,1,0,0,20,20,-75,0,0,0,0,2.256
20920,2.5200,3.7606,0.00,2.5200,3.7626,5,0,1,0,0,20,20,-75,0,0,0,0,2.250
20930,2.5140,3.7606,0.00,2.5140,3.7626,5,0,1,0,0,20,20,-75,0,0,0,0,2.244
20940,2.5081,3.7606,0.00,2.5081,3.7626,5,0,1,0,0,20,20,-75,0,0,0,0,2.238
20950,2.5021,3.7606,0.00,2.5021,3.7626,5,0,1,0,0,20,20,-75,0,0,0,0,2.232
20960,2.4962,3.7606,0.00,2.4962,3.7626,6,0,0,1,0,20,20,0,0,0,0,0,1000.000
20970,2.4904,3.7606,0.00,2.4904,3.7626,6,0,0,1,0,20,20,0,0,0,0,0,1000.000
20980,2.4849,3.7606,0.00,2.4849,3.7626,6,0,0,1,0,20,20,0,0,0,0,0,1000.000
20990,2.4796,3.7606,0.00,2.4796,3.7626,6,0,0,1,0,20,20,0,0,0,0,0,1000.000
21000,2.4744,3.7606,0.00,2.4744,3.7626,6,0,0,1,0,20,20,0,0,0,0,0,1000.000
21010,2.4695,3.7606,0.00,2.4695,3.7626,6,0,0,1,0,20,20,0,0,0,0,0,1000.000
21020,2.4647,3.7606,0.00,2.4647,3.7626,6,0,0,1,0,20,20,0,0,0,0,0,1000.000
21030,2.4602,3.7606,0.00,2.4602,3.7626,6,0,0,1,0,20,20,0,0,0,0,0,1000.000
21040,2.4559,3.7606,0.00,2.4559,3.7626,6,0,0,1,0,20,20,0,0,0,0,0,1000.000
21050,2.4517,3.7606,0.00,2.4517,3.7626,6,0,0,1,0,20,20,0,0,0,0,0,1000.000
21060,2.4478,3.7606,0.00,2.4478,3.7626,6,0,0,1,0,20,20,0,0,0,0,0,1000.000
21070,2.4440,3.7606,0.00,2.4440,3.7626,6,0,0,1,0,20,20,0,0,0,0,0,1000.000
21080,2.4405,3.7606,0.00,2.4405,3.7626,6,0,0,1,0,20,20,0,0,0,0,0,1000.000
21090,2.4372,3.7606,0.00,2.4372,3.7626,6,0,0,1,0,20,20,0,0,0,0,0,1000.000
21100,2.4340,3.7606,0.00,2.4340,3.7626,6,0,0,1,0,20,20,0,0,0,0,0,1000.000
21110,2.4311,3.7606,0.00,2.4311,3.7626,6,0,0,1,0,20,20,0,0,0,0,0,1000.000
21120,2.4284,3.7606,0.00,2.4284,3.7626,6,0,0,1,0,20,20,0,0,0,0,0,1000.000
21130,2.4258,3.7606,0.00,2.4258,3.7626,6,0,0,1,0,20,20,0,0,0,0,0,1000.000
21140,2.4235,3.7606,0.00,2.4235,3.7626,6,0,0,1,0,20,20,0,0,0,0,0,1000.000
21150,2.4213,3.7606,0.00,2.4213,3.7626,6,0,0,1,0,20,20,0,0,0,0,0,1000.000
21160,2.4194,3.7606,0.00,2.4194,3.7626,6,0,0,1,0,20,20,0,0,0,0,0,1000.000
21170,2.4177,3.7606,0.00,2.4177,3.7626,6,0,0,1,0,20,20,0,0,0,0,0,1000.000
21180,2.4161,3.7606,0.00,2.4161,3.7626,6,0,0,1,0,20,20,0,0,0,0,0,1000.000
21190,2.4148,3.7606,0.00,2.4148,3.7626,6,0,0,1,0,20,20,0,0,0,0,0,1000.000
21200,2.4136,3.7606,0.00,2.4136,3.7626,6,0,0,1,0,20,20,0,0,0,0,0,1000.000
21210,2.4127,3.7606,0.00,2.4127,3.7626,6,0,0,1,0,20,20,0,0,0,0,0,1000.000
21220,2.4120,3.7606,0.00,2.4120,3.7626,6,0,0,1,0,20,20,0,0,0,0,0,1000.000
21230,2.4114,3.7606,0.00,2.4114,3.7626,6,0,0,1,0,20,20,0,0,0,0,0,1000.000
21240,2.4111,3.7606,0.00,2.4111,3.7626,6,0,0,1,0,20,20,0,0,0,0,0,1000.000
21250,2.4109,3.7606,0.00,2.4109,3.7626,6,0,0,1,0,20,20,0,0,0,0,0,1000.000
21260,2.4109,3.7606,0.00,2.4109,3.7626,6,0,0,1,0,20,20,0,0,0,0,0,1000.000
21270,2.4109,3.7606,0.00,2.4109,3.7626,6,0,0,1,0,20,20,0,0,0,0,0,1000.000
21280,2.4109,3.7606,0.00,2.4109,3.7626,6,0,0,1,0,20,20,0,0,0,0,0,1000.000
21290,2.4109,3.7606,0.00,2.4109,3.7626,6,0,0,1,0,20,20,0,0,0,0,0,1000.000
21300,2.4109,3.7606,0.00,2.4109,3.7626,6,0,0,1,0,20,20,0,0,0,0,0,1000.000
21310,2.4109,3.7606,0.00,2.4109,3.7626,6,0,0,1,0,20,20,0,0,0,0,0,1000.000
21320,2.4109,3.7606,0.00,2.4109,3.7626,6,0,0,1,0,20,20,0,0,0,0,0,1000.000
21330,2.4109,3.7606,0.00,2.4109,3.7626,6,0,0,1,0,20,20,0,0,0,0,0,1000.000
21340,2.4109,3.7606,0.00,2.4109,3.7626,6,0,0,1,0,20,20,0,0,0,0,0,1000.000
21350,2.4109,3.7606,0.00,2.4109,3.7626,6,0,0,1,0,20,20,0,0,0,0,0,1000.000
21360,2.4109,3.7606,0.00,2.4109,3.7626,6,0,0,1,0,20,20,0,0,0,0,0,1000.000
21370,2.4109,3.7606,0.00,2.4109,3.7626,6,0,0,1,0,20,20,0,0,0,0,0,1000.000
21380,2.4109,3.7606,0.00,2.4109,3.7626,6,0,0,1,0,20,20,0,0,0,0,0,1000.000
21390,2.4109,3.7606,0.00,2.4109,3.7626,6,0,0,1,0,20,20,0,0,0,0,0,1000.000
21400,2.4109,3.7606,0.00,2.4109,3.7626,6,0,0,1,0,20,20,0,0,0,0,0,1000.000
21410,2.4109,3.7606,0.00,2.4109,3.7626,6,0,0,1,0,20,20,0,0,0,0,0,1000.000
21420,2.4109,3.7606,0.00,2.4109,3.7626,6,0,0,1,0,20,20,0,0,0,0,0,1000.000
21430,2.4109,3.7606,0.00,2.4109,3.7626,6,0,0,1,0,20,20,0,0,0,0,0,1000.000
21440,2.4109,3.7606,0.00,2.4109,3.7626,6,0,0,1,0,20,20,0,0,0,0,0,1000.000
21450,2.4109,3.7606,0.00,2.4109,3.7626,6,0,0,1,0,20,20,0,0,0,0,0,1000.000
21460,2.4109,3.7606,0.00,2.4109,3.7626,6,0,0,1,0,20,20,0,0,0,0,0,1000.000
21470,2.4109,3.7606,0.00,2.4109,3.7626,6,0,0,1,0,20,20,0,0,0,0,0,1000.000
21480,2.4109,3.7606,0.00,2.4109,3.7626,6,0,0,1,0,20,20,0,0,0,0,0,1000.000
21490,2.4109,3.7606,0.00,2.4109,3.7626,6,0,0,1,0,20,20,0,0,0,0,0,1000.000
21500,2.4109,3.7606,0.00,2.4109,3.7626,6,0,0,1,0,20,20,0,0,0,0,0,1000.000
21510,2.4109,3.7606,0.00,2.4109,3.7626,6,0,0,1,0,20,20,0,0,0,0,0,1000.000
21520,2.4109,3.7606,0.00,2.4109,3.7626,6,0,0,1,0,20,20,0,0,0,0,0,1000.000
21530,2.4109,3.7606,0.00,2.4109,3.7626,6,0,0,1,0,20,20,0,0,0,0,0,1000.000
21540,2.4109,3.7606,0.00,2.4109,3.7626,6,0,0,1,0,20,20,0,0,0,0,0,1000.000
21550,2.4109,3.7606,0.00,2.4109,3.7626,0,1,0,0,0,20,20,0,0,0,0,0,1000.000
21560,2.4109,3.7606,0.01,2.4109,3.7626,0,1,0,0,0,20,20,0,0,0,0,0,1000.000
21570,2.4109,3.7606,0.04,2.4109,3.7626,0,1,0,0,0,20,20,0,0,0,0,0,1000.000
21580,2.4109,3.7606,0.09,2.4109,3.7626,0,1,0,0,0,20,20,0,0,0,0,0,1000.000
21590,2.4109,3.7606,0.16,2.4109,3.7626,0,1,0,0,0,20,20,0,0,0,0,0,1000.000
21600,2.4109,3.7606,0.25,2.4109,3.7626,0,1,0,0,0,20,20,0,0,0,0,0,1000.000
21610,2.4109,3.7606,0.37,2.4109,3.7626,0,1,0,0,0,20,20,0,0,0,0,0,1000.000
21620,2.4109,3.7606,0.51,2.4109,3.7626,0,1,0,0,0,20,20,0,0,0,0,0,1000.000
21630,2.4109,3.7606,0.67,2.4109,3.7626,0,1,0,0,0,20,20,0,0,0,0,0,1000.000
21640,2.4109,3.7606,0.85,2.4109,3.7626,0,1,0,0,0,20,20,0,0,0,0,0,1000.000
21650,2.4109,3.7606,1.05,2.4109,3.7626,0,1,0,0,0,20,20,0,0,0,0,0,1000.000
21660,2.4109,3.7606,1.28,2.4109,3.7626,0,1,0,0,0,20,20,0,0,0,0,0,1000.000
21670,2.4109,3.7606,1.52,2.4109,3.7626,0,1,0,0,0,20,20,0,0,0,0,0,1000.000
21680,2.4109,3.7606,1.79,2.4109,3.7626,0,1,0,0,0,20,20,0,0,0,0,0,1000.000
21690,2.4109,3.7606,2.08,2.4109,3.7626,0,1,0,0,0,20,20,0,0,0,0,0,1000.000
21700,2.4109,3.7606,2.39,2.4109,3.7626,0,1,0,0,0,20,20,0,0,0,0,0,1000.000
21710,2.4109,3.7606,2.71,2.4109,3.7626,0,1,0,0,0,20,20,0,0,0,0,0,1000.000
21720,2.4109,3.7606,3.00,2.4109,3.7626,0,1,0,0,0,20,20,0,0,0,0,0,1000.000
21730,2.4109,3.7606,3.28,2.4109,3.7626,0,1,0,0,0,20,20,0,0,0,0,0,1000.000
21740,2.4109,3.7606,3.53,2.4109,3.7626,0,1,0,0,0,20,20,0,0,0,0,0,1000.000
21750,2.4109,3.7606,3.78,2.4109,3.7626,0,1,0,0,0,20,20,0,0,0,0,0,1000.000
21760,2.4109,3.7606,4.05,2.4109,3.7626,0,1,0,0,0,20,20,0,0,0,0,0,1000.000
21770,2.4109,3.7606,4.33,2.4109,3.7626,0,1,0,0,0,20,20,0,0,0,0,0,1000.000
21780,2.4109,3.7606,4.61,2.4109,3.7626,0,1,0,0,0,20,20,0,0,0,0,0,1000.000
21790,2.4109,3.7606,4.86,2.4109,3.7626,0,1,0,0,0,20,20,0,0,0,0,0,1000.000
21800,2.4109,3.7606,5.13,2.4109,3.7626,0,1,0,0,0,20,20,0,0,0,0,0,1000.000
21810,2.4109,3.7606,5.40,2.4109,3.7626,0,1,0,0,0,20,20,0,0,0,0,0,1000.000
21820,2.4109,3.7606,5.67,2.4109,3.7626,0,1,0,0,0,20,20,0,0,0,0,0,1000.000
21830,2.4109,3.7606,5.95,2.4109,3.7626,0,1,0,0,0,20,20,0,0,0,0,0,1000.000
21840,2.4109,3.7606,6.20,2.4109,3.7626,0,1,0,0,0,20,20,0,0,0,0,0,1000.000
21850,2.4109,3.7606,6.47,2.4109,3.7626,0,1,0,0,0,20,20,0,0,0,0,0,1000.000
21860,2.4109,3.7606,6.74,2.4109,3.7626,0,1,0,0,0,20,20,0,0,0,0,0,1000.000
21870,2.4109,3.7606,7.01,2.4109,3.7626,0,1,0,0,0,20,20,0,0,0,0,0,1000.000
21880,2.4109,3.7606,7.26,2.4109,3.7626,0,1,0,0,0,20,20,0,0,0,0,0,1000.000
21890,2.4109,3.7606,7.53,2.4109,3.7626,0,1,0,0,0,20,20,0,0,0,0,0,1000.000
21900,2.4109,3.7606,7.80,2.4109,3.7626,0,1,0,0,0,20,20,0,0,0,0,0,1000.000
21910,2.4109,3.7606,8.06,2.4109,3.7626,0,1,0,0,0,20,20,0,0,0,0,0,1000.000
21920,2.4109,3.7606,8.33,2.4109,3.7626,0,1,0,0,0,20,20,0,0,0,0,0,1000.000
21930,2.4109,3.7606,8.60,2.4109,3.7626,0,1,0,0,0,20,20,0,0,0,0,0,1000.000
21940,2.4109,3.7606,8.86,2.4109,3.7626,0,1,0,0,0,20,20,0,0,0,0,0,1000.000
21950,2.4109,3.7606,9.12,2.4109,3.7626,0,1,0,0,0,20,20,0,0,0,0,0,1000.000
21960,2.4109,3.7606,9.38,2.4109,3.7626,0,1,0,0,0,20,20,0,0,0,0,0,1000.000
21970,2.4109,3.7606,9.64,2.4109,3.7626,0,1,0,0,0,20,20,0,0,0,0,0,1000.000
21980,2.4109,3.7606,9.91,2.4109,3.7626,0,1,0,0,0,20,20,0,0,0,0,0,1000.000
21990,2.4109,3.7606,10.16,2.4109,3.7626,0,1,0,0,0,20,20,0,0,0,0,0,1000.000
22000,2.4109,3.7606,10.43,2.4109,3.7626,0,1,0,0,0,20,20,0,0,0,0,0,1000.000
22010,2.4109,3.7606,10.68,2.4109,3.7626,0,1,0,0,0,20,20,0,0,0,0,0,1000.000
22020,2.4109,3.7606,10.95,2.4109,3.7626,0,1,0,0,0,20,20,0,0,0,0,0,1000.000
22030,2.4109,3.7606,11.20,2.4109,3.7626,0,1,0,0,0,20,20,0,0,0,0,0,1000.000
22040,2.4109,3.7606,11.47,2.4109,3.7626,0,1,0,0,0,20,20,0,0,0,0,0,1000.000
22050,2.4109,3.7606,11.72,2.4109,3.7626,0,1,0,0,0,20,20,0,0,0,0,0,1000.000
22060,2.4109,3.7606,11.99,2.4109,3.7626,0,1,0,0,0,20,20,0,0,0,0,0,1000.000
22070,2.4109,3.7606,12.24,2.4109,3.7626,0,1,0,0,0,20,20,0,0,0,0,0,1000.000
22080,2.4109,3.7606,12.49,2.4109,3.7626,0,1,0,0,0,20,20,0,0,0,0,0,1000.000
22090,2.4109,3.7606,12.75,2.4109,3.7626,0,1,0,0,0,20,20,0,0,0,0,0,1000.000
22100,2.4109,3.7606,13.01,2.4109,3.7626,0,1,0,0,0,20,20,0,0,0,0,0,1000.000
22110,2.4109,3.7606,13.27,2.4109,3.7626,0,1,0,0,0,20,20,0,0,0,0,0,1000.000
22120,2.4109,3.7606,13.53,2.4109,3.7626,0,1,0,0,0,20,20,0,0,0,0,0,1000.000
22130,2.4109,3.7606,13.77,2.4109,3.7626,0,1,0,0,0,20,20,0,0,0,0,0,1000.000
22140,2.4109,3.7606,14.04,2.4109,3.7626,0,1,0,0,0,20,20,0,0,0,0,0,1000.000
22150,2.4109,3.7606,14.29,2.4109,3.7626,0,1,0,0,0,20,20,0,0,0,0,0,1000.000
22160,2.4109,3.7606,14.54,2.4109,3.7626,0,1,0,0,0,20,20,0,0,0,0,0,1000.000
22170,2.4109,3.7606,14.80,2.4109,3.7626,0,1,0,0,0,20,20,0,0,0,0,0,1000.000
22180,2.4109,3.7606,15.05,2.4109,3.7626,0,1,0,0,0,20,20,0,0,0,0,0,1000.000
22190,2.4109,3.7606,15.30,2.4109,3.7626,0,1,0,0,0,20,20,0,0,0,0,0,1000.000
22200,2.4109,3.7606,15.56,2.4109,3.7626,0,1,0,0,0,20,20,0,0,0,0,0,1000.000
22210,2.4109,3.7606,15.81,2.4109,3.7626,0,1,0,0,0,20,20,0,0,0,0,0,1000.000
22220,2.4109,3.7606,16.05,2.4109,3.7626,0,1,0,0,0,20,20,0,0,0,0,0,1000.000
22230,2.4109,3.7606,16.32,2.4109,3.7626,0,1,0,0,0,20,20,0,0,0,0,0,1000.000
22240,2.4109,3.7606,16.57,2.4109,3.7626,0,1,0,0,0,20,20,0,0,0,0,0,1000.000
22250,2.4109,3.7606,16.81,2.4109,3.7626,0,1,0,0,0,20,20,0,0,0,0,0,1000.000
22260,2.4109,3.7606,17.06,2.4109,3.7626,0,1,0,0,0,20,20,0,0,0,0,0,1000.000
22270,2.4109,3.7606,17.32,2.4109,3.7626,0,1,0,0,0,20,20,0,0,0,0,0,1000.000
22280,2.4109,3.7606,17.56,2.4109,3.7626,0,1,0,0,0,20,20,0,0,0,0,0,1000.000
22290,2.4109,3.7606,17.81,2.4109,3.7626,0,1,0,0,0,20,20,0,0,0,0,0,1000.000
22300,2.4109,3.7606,18.06,2.4109,3.7626,0,1,0,0,0,20,20,0,0,0,0,0,1000.000
22310,2.4109,3.7606,18.32,2.4109,3.7626,0,1,0,0,0,20,20,0,0,0,0,0,1000.000
22320,2.4109,3.7606,18.56,2.4109,3.7626,0,1,0,0,0,20,20,0,0,0,0,0,1000.000
22330,2.4109,3.7606,18.81,2.4109,3.7626,0,1,0,0,0,20,20,0,0,0,0,0,1000.000
22340,2.4109,3.7606,19.07,2.4109,3.7626,0,1,0,0,0,20,20,0,0,0,0,0,1000.000
22350,2.4109,3.7606,19.31,2.4109,3.7626,0,1,0,0,0,20,20,0,0,0,0,0,1000.000
22360,2.4109,3.7606,19.55,2.4109,3.7626,0,1,0,0,0,20,20,0,0,0,0,0,1000.000
22370,2.4109,3.7606,19.80,2.4109,3.7626,0,1,0,0,0,20,20,0,0,0,0,0,1000.000
22380,2.4109,3.7606,20.04,2.4109,3.7626,0,1,0,0,0,20,20,0,0,0,0,0,1000.000
22390,2.4109,3.7606,20.29,2.4109,3.7626,0,1,0,0,0,20,20,0,0,0,0,0,1000.000
22400,2.4109,3.7606,20.53,2.4109,3.7626,0,1,0,0,0,20,20,0,0,0,0,0,1000.000
22410,2.4109,3.7606,20.78,2.4109,3.7626,0,1,0,0,0,20,20,0,0,0,0,0,1000.000
22420,2.4109,3.7606,21.02,2.4109,3.7626,0,1,0,0,0,20,20,0,0,0,0,0,1000.000
22430,2.4109,3.7606,21.26,2.4109,3.7626,0,1,0,0,0,20,20,0,0,0,0,0,1000.000
22440,2.4109,3.7606,21.51,2.4109,3.7626,0,1,0,0,0,20,20,0,0,0,0,0,1000.000
22450,2.4109,3.7606,21.75,2.4109,3.7626,0,1,0,0,0,20,20,0,0,0,0,0,1000.000
22460,2.4109,3.7606,22.00,2.4109,3.7626,0,1,0,0,0,20,20,0,0,0,0,0,1000.000
22470,2.4109,3.7606,22.24,2.4109,3.7626,0,1,0,0,0,20,20,0,0,0,0,0,1000.000
22480,2.4109,3.7606,22.48,2.4109,3.7626,0,1,0,0,0,20,20,0,0,0,0,0,1000.000
22490,2.4109,3.7606,22.73,2.4109,3.7626,0,1,0,0,0,20,20,0,0,0,0,0,1000.000
22500,2.4109,3.7606,22.96,2.4109,3.7626,0,1,0,0,0,20,20,0,0,0,0,0,1000.000
22510,2.4109,3.7606,23.20,2.4109,3.7626,0,1,0,0,0,20,20,0,0,0,0,0,1000.000
22520,2.4109,3.7606,23.44,2.4109,3.7626,0,1,0,0,0,20,20,0,0,0,0,0,1000.000
22530,2.4109,3.7606,23.68,2.4109,3.7626,0,1,0,0,0,20,20,0,0,0,0,0,1000.000
22540,2.4109,3.7606,23.92,2.4109,3.7626,0,1,0,0,0,20,20,0,0,0,0,0,1000.000
22550,2.4109,3.7606,24.16,2.4109,3.7626,0,1,0,0,0,20,20,0,0,0,0,0,1000.000
22560,2.4109,3.7606,24.40,2.4109,3.7626,0,1,0,0,0,20,20,0,0,0,0,0,1000.000
22570,2.4109,3.7606,24.64,2.4109,3.7626,0,1,0,0,0,20,20,0,0,0,0,0,1000.000
22580,2.4109,3.7606,24.88,2.4109,3.7626,0,1,0,0,0,20,20,0,0,0,0,0,1000.000
22590,2.4109,3.7606,25.11,2.4109,3.7626,0,1,0,0,0,20,20,0,0,0,0,0,1000.000
22600,2.4109,3.7606,25.35,2.4109,3.7626,0,1,0,0,0,20,20,0,0,0,0,0,1000.000
22610,2.4109,3.7606,25.59,2.4109,3.7626,0,1,0,0,0,20,20,0,0,0,0,0,1000.000
22620,2.4109,3.7606,25.83,2.4109,3.7626,0,1,0,0,0,20,20,0,0,0,0,0,1000.000
22630,2.4109,3.7606,26.06,2.4109,3.7626,0,1,0,0,0,20,20,0,0,0,0,0,1000.000
22640,2.4109,3.7606,26.30,2.4109,3.7626,0,1,0,0,0,20,20,0,0,0,0,0,1000.000
22650,2.4109,3.7606,26.53,2.4109,3.7626,0,1,0,0,0,20,20,0,0,0,0,0,1000.000
22660,2.4109,3.7606,26.77,2.4109,3.7626,0,1,0,0,0,20,20,0,0,0,0,0,1000.000
22670,2.4109,3.7606,27.01,2.4109,3.7626,0,1,0,0,0,20,20,0,0,0,0,0,1000.000
22680,2.4109,3.7606,27.24,2.4109,3.7626,0,1,0,0,0,20,20,0,0,0,0,0,1000.000
22690,2.4109,3.7606,27.48,2.4109,3.7626,0,1,0,0,0,20,20,0,0,0,0,0,1000.000
22700,2.4109,3.7606,27.71,2.4109,3.7626,0,1,0,0,0,20,20,0,0,0,0,0,1000.000
22710,2.4109,3.7606,27.95,2.4109,3.7626,0,1,0,0,0,20,20,0,0,0,0,0,1000.000
22720,2.4109,3.7606,28.18,2.4109,3.7626,0,1,0,0,0,20,20,0,0,0,0,0,1000.000
22730,2.4109,3.7606,28.41,2.4109,3.7626,0,1,0,0,0,20,20,0,0,0,0,0,1000.000
22740,2.4109,3.7606,28.64,2.4109,3.7626,0,1,0,0,0,20,20,0,0,0,0,0,1000.000
22750,2.4109,3.7606,28.88,2.4109,3.7626,0,1,0,0,0,20,20,0,0,0,0,0,1000.000
22760,2.4109,3.7606,29.11,2.4109,3.7626,0,1,0,0,0,20,20,0,0,0,0,0,1000.000
22770,2.4109,3.7606,29.34,2.4109,3.7626,0,1,0,0,0,20,20,0,0,0,0,0,1000.000
22780,2.4109,3.7606,29.57,2.4109,3.7626,0,1,0,0,0,20,20,0,0,0,0,0,1000.000
22790,2.4109,3.7606,29.81,2.4109,3.7626,0,1,0,0,0,20,20,0,0,0,0,0,1000.000
22800,2.4109,3.7606,30.04,2.4109,3.7626,0,1,0,0,0,20,20,0,0,0,0,0,1000.000
22810,2.4109,3.7606,30.27,2.4109,3.7626,0,1,0,0,0,20,20,0,0,0,0,0,1000.000
22820,2.4109,3.7606,30.50,2.4109,3.7626,0,1,0,0,0,20,20,0,0,0,0,0,1000.000
22830,2.4109,3.7606,30.73,2.4109,3.7626,0,1,0,0,0,20,20,0,0,0,0,0,1000.000
22840,2.4109,3.7606,30.96,2.4109,3.7626,0,1,0,0,0,20,20,0,0,0,0,0,1000.000
22850,2.4109,3.7606,31.19,2.4109,3.7626,0,1,0,0,0,20,20,0,0,0,0,0,1000.000
22860,2.4109,3.7606,31.41,2.4109,3.7626,0,1,0,0,0,20,20,0,0,0,0,0,1000.000
22870,2.4109,3.7606,31.64,2.4109,3.7626,0,1,0,0,0,20,20,0,0,0,0,0,1000.000
22880,2.4109,3.7606,31.87,2.4109,3.7626,0,1,0,0,0,20,20,0,0,0,0,0,1000.000
22890,2.4109,3.7606,32.10,2.4109,3.7626,0,1,0,0,0,20,20,0,0,0,0,0,1000.000
22900,2.4109,3.7606,32.32,2.4109,3.7626,0,1,0,0,0,20,20,0,0,0,0,0,1000.000
22910,2.4109,3.7606,32.55,2.4109,3.7626,0,1,0,0,0,20,20,0,0,0,0,0,1000.000
22920,2.4109,3.7606,32.77,2.4109,3.7626,0,1,0,0,0,20,20,0,0,0,0,0,1000.000
22930,2.4109,3.7606,33.00,2.4109,3.7626,0,1,0,0,0,20,20,0,0,0,0,0,1000.000
22940,2.4109,3.7606,33.23,2.4109,3.7626,0,1,0,0,0,20,20,0,0,0,0,0,1000.000
22950,2.4109,3.7606,33.45,2.4109,3.7626,0,1,0,0,0,20,20,0,0,0,0,0,1000.000
22960,2.4109,3.7606,33.68,2.4109,3.7626,0,1,0,0,0,20,20,0,0,0,0,0,1000.000
22970,2.4109,3.7606,33.90,2.4109,3.7626,0,1,0,0,0,20,20,0,0,0,0,0,1000.000
22980,2.4109,3.7606,34.13,2.4109,3.7626,0,1,0,0,0,20,20,0,0,0,0,0,1000.000
22990,2.4109,3.7606,34.35,2.4109,3.7626,0,1,0,0,0,20,20,0,0,0,0,0,1000.000
23000,2.4109,3.7606,34.58,2.4109,3.7626,0,1,0,0,0,20,20,0,0,0,0,0,1000.000
23010,2.4109,3.7606,34.80,2.4109,3.7626,0,1,0,0,0,20,20,0,0,0,0,0,1000.000
23020,2.4109,3.7606,35.02,2.4109,3.7626,0,1,0,0,0,20,20,0,0,0,0,0,1000.000
23030,2.4109,3.7606,35.24,2.4109,3.7626,0,1,0,0,0,20,20,0,0,0,0,0,1000.000
23040,2.4109,3.7606,35.47,2.4109,3.7626,0,1,0,0,0,20,20,0,0,0,0,0,1000.000
23050,2.4109,3.7606,35.69,2.4109,3.7626,0,1,0,0,0,20,20,0,0,0,0,0,1000.000
23060,2.4109,3.7606,35.90,2.4109,3.7626,0,1,0,0,0,20,20,0,0,0,0,0,1000.000
23070,2.4109,3.7606,36.13,2.4109,3.7626,0,1,0,0,0,20,20,0,0,0,0,0,1000.000
23080,2.4109,3.7606,36.36,2.4109,3.7626,0,1,0,0,0,20,20,0,0,0,0,0,1000.000
23090,2.4109,3.7606,36.56,2.4109,3.7626,0,1,0,0,0,20,20,0,0,0,0,0,1000.000
23100,2.4109,3.7606,36.78,2.4109,3.7626,0,1,0,0,0,20,20,0,0,0,0,0,1000.000
23110,2.4109,3.7606,37.01,2.4109,3.7626,0,1,0,0,0,20,20,0,0,0,0,0,1000.000
23120,2.4109,3.7606,37.23,2.4109,3.7626,0,1,0,0,0,20,20,0,0,0,0,0,1000.000
23130,2.4109,3.7606,37.45,2.4109,3.7626,0,1,0,0,0,20,20,0,0,0,0,0,1000.000
23140,2.4109,3.7606,37.68,2.4109,3.7626,0,1,0,0,0,20,20,0,0,0,0,0,1000.000
23150,2.4109,3.7606,37.89,2.4109,3.7626,0,1,0,0,0,20,20,0,0,0,0,0,1000.000
23160,2.4109,3.7606,38.11,2.4109,3.7626,0,1,0,0,0,20,20,0,0,0,0,0,1000.000
23170,2.4109,3.7606,38.33,2.4109,3.7626,0,1,0,0,0,20,20,0,0,0,0,0,1000.000
23180,2.4109,3.7606,38.54,2.4109,3.7626,0,1,0,0,0,20,20,0,0,0,0,0,1000.000
23190,2.4109,3.7606,38.76,2.4109,3.7626,0,1,0,0,0,20,20,0,0,0,0,0,1000.000
23200,2.4109,3.7606,38.99,2.4109,3.7626,0,1,0,0,0,20,20,0,0,0,0,0,1000.000
23210,2.4109,3.7606,39.20,2.4109,3.7626,0,1,0,0,0,20,20,0,0,0,0,0,1000.000
23220,2.4109,3.7606,39.42,2.4109,3.7626,0,1,0,0,0,20,20,0,0,0,0,0,1000.000
23230,2.4109,3.7606,39.64,2.4109,3.7626,0,1,0,0,0,20,20,0,0,0,0,0,1000.000
23240,2.4109,3.7606,39.85,2.4109,3.7626,0,1,0,0,0,20,20,0,0,0,0,0,1000.000
23250,2.4109,3.7606,40.07,2.4109,3.7626,0,1,0,0,0,20,20,0,0,0,0,0,1000.000
23260,2.4109,3.7606,40.28,2.4109,3.7626,0,1,0,0,0,20,20,0,0,0,0,0,1000.000
23270,2.4109,3.7606,40.49,2.4109,3.7626,0,1,0,0,0,20,20,0,0,0,0,0,1000.000
23280,2.4109,3.7606,40.71,2.4109,3.7626,0,1,0,0,0,20,20,0,0,0,0,0,1000.000
23290,2.4109,3.7606,40.92,2.4109,3.7626,0,1,0,0,0,20,20,0,0,0,0,0,1000.000
23300,2.4109,3.7606,41.14,2.4109,3.7626,0,1,0,0,0,20,20,0,0,0,0,0,1000.000
23310,2.4109,3.7606,41.35,2.4109,3.7626,0,1,0,0,0,20,20,0,0,0,0,0,1000.000
23320,2.4109,3.7606,41.57,2.4109,3.7626,0,1,0,0,0,20,20,0,0,0,0,0,1000.000
23330,2.4109,3.7606,41.77,2.4109,3.7626,0,1,0,0,0,20,20,0,0,0,0,0,1000.000
23340,2.4109,3.7606,41.99,2.4109,3.7626,0,1,0,0,0,20,20,0,0,0,0,0,1000.000
23350,2.4109,3.7606,42.20,2.4109,3.7626,0,1,0,0,0,20,20,0,0,0,0,0,1000.000
23360,2.4109,3.7606,42.42,2.4109,3.7626,0,1,0,0,0,20,20,0,0,0,0,0,1000.000
23370,2.4109,3.7606,42.62,2.4109,3.7626,0,1,0,0,0,20,20,0,0,0,0,0,1000.000
23380,2.4109,3.7606,42.82,2.4109,3.7626,0,1,0,0,0,20,20,0,0,0,0,0,1000.000
23390,2.4109,3.7606,43.04,2.4109,3.7626,0,1,0,0,0,20,20,0,0,0,0,0,1000.000
23400,2.4109,3.7606,43.27,2.4109,3.7626,0,1,0,0,0,20,20,0,0,0,0,0,1000.000
23410,2.4109,3.7606,43.47,2.4109,3.7626,0,1,0,0,0,20,20,0,0,0,0,0,1000.000
23420,2.4109,3.7606,43.67,2.4109,3.7626,0,1,0,0,0,20,20,0,0,0,0,0,1000.000
23430,2.4109,3.7606,43.89,2.4109,3.7626,0,1,0,0,0,20,20,0,0,0,0,0,1000.000
23440,2.4109,3.7606,44.10,2.4109,3.7626,0,1,0,0,0,20,20,0,0,0,0,0,1000.000
23450,2.4109,3.7606,44.30,2.4109,3.7626,0,1,0,0,0,20,20,0,0,0,0,0,1000.000
23460,2.4109,3.7606,44.51,2.4109,3.7626,0,1,0,0,0,20,20,0,0,0,0,0,1000.000
23470,2.4109,3.7606,44.72,2.4109,3.7626,0,1,0,0,0,20,20,0,0,0,0,0,1000.000
23480,2.4109,3.7606,44.92,2.4109,3.7626,0,1,0,0,0,20,20,0,0,0,0,0,1000.000
23490,2.4109,3.7606,45.14,2.4109,3.7626,0,1,0,0,0,20,20,0,0,0,0,0,1000.000
23500,2.4109,3.7606,45.34,2.4109,3.7626,0,1,0,0,0,20,20,0,0,0,0,0,1000.000
23510,2.4109,3.7606,45.54,2.4109,3.7626,0,1,0,0,0,20,20,0,0,0,0,0,1000.000
23520,2.4109,3.7606,45.76,2.4109,3.7626,0,1,0,0,0,20,20,0,0,0,0,0,1000.000
23530,2.4109,3.7606,45.97,2.4109,3.7626,0,1,0,0,0,20,20,0,0,0,0,0,1000.000
23540,2.4109,3.7606,46.17,2.4109,3.7626,0,1,0,0,0,20,20,0,0,0,0,0,1000.000
23550,2.4109,3.7606,46.38,2.4109,3.7626,0,1,0,0,0,20,20,0,0,0,0,0,1000.000
23560,2.4109,3.7606,46.59,2.4109,3.7626,0,1,0,0,0,20,20,0,0,0,0,0,1000.000
23570,2.4109,3.7606,46.79,2.4109,3.7626,0,1,0,0,0,20,20,0,0,0,0,0,1000.000
23580,2.4109,3.7606,46.99,2.4109,3.7626,0,1,0,0,0,20,20,0,0,0,0,0,1000.000
23590,2.4109,3.7606,47.19,2.4109,3.7626,0,1,0,0,0,20,20,0,0,0,0,0,1000.000
23600,2.4109,3.7606,47.40,2.4109,3.7626,0,1,0,0,0,20,20,0,0,0,0,0,1000.000
23610,2.4109,3.7606,47.60,2.4109,3.7626,0,1,0,0,0,20,20,0,0,0,0,0,1000.000
23620,2.4109,3.7606,47.80,2.4109,3.7626,0,1,0,0,0,20,20,0,0,0,0,0,1000.000
23630,2.4109,3.7606,48.01,2.4109,3.7626,0,1,0,0,0,20,20,0,0,0,0,0,1000.000
23640,2.4109,3.7606,48.21,2.4109,3.7626,0,1,0,0,0,20,20,0,0,0,0,0,1000.000
23650,2.4109,3.7606,48.41,2.4109,3.7626,0,1,0,0,0,20,20,0,0,0,0,0,1000.000
23660,2.4109,3.7606,48.61,2.4109,3.7626,0,1,0,0,0,20,20,0,0,0,0,0,1000.000
23670,2.4109,3.7606,48.82,2.4109,3.7626,0,1,0,0,0,20,20,0,0,0,0,0,1000.000
23680,2.4109,3.7606,49.02,2.4109,3.7626,0,1,0,0,0,20,20,0,0,0,0,0,1000.000
23690,2.4109,3.7606,49.22,2.4109,3.7626,0,1,0,0,0,20,20,0,0,0,0,0,1000.000
23700,2.4109,3.7606,49.42,2.4109,3.7626,0,1,0,0,0,20,20,0,0,0,0,0,1000.000
23710,2.4109,3.7606,49.63,2.4109,3.7626,0,1,0,0,0,20,20,0,0,0,0,0,1000.000
23720,2.4109,3.7606,49.81,2.4109,3.7626,0,1,0,0,0,20,20,0,0,0,0,0,1000.000
23730,2.4109,3.7606,50.01,2.4109,3.7626,0,1,0,0,0,20,20,0,0,0,0,0,1000.000
23740,2.4109,3.7606,50.22,2.4109,3.7626,0,1,0,0,0,20,20,0,0,0,0,0,1000.000
23750,2.4109,3.7606,50.42,2.4109,3.7626,0,1,0,0,0,20,20,0,0,0,0,0,1000.000
23760,2.4109,3.7606,50.62,2.4109,3.7626,0,1,0,0,0,20,20,0,0,0,0,0,1000.000
23770,2.4109,3.7606,50.81,2.4109,3.7626,0,1,0,0,0,20,20,0,0,0,0,0,1000.000
23780,2.4109,3.7606,51.01,2.4109,3.7626,0,1,0,0,0,20,20,0,0,0,0,0,1000.000
23790,2.4109,3.7606,51.21,2.4109,3.7626,0,1,0,0,0,20,20,0,0,0,0,0,1000.000
23800,2.4109,3.7606,51.40,2.4109,3.7626,0,1,0,0,0,20,20,0,0,0,0,0,1000.000
23810,2.4109,3.7606,51.60,2.4109,3.7626,0,1,0,0,0,20,20,0,0,0,0,0,1000.000
23820,2.4109,3.7606,51.80,2.4109,3.7626,0,1,0,0,0,20,20,0,0,0,0,0,1000.000
23830,2.4109,3.7606,51.99,2.4109,3.7626,0,1,0,0,0,20,20,0,0,0,0,0,1000.000
23840,2.4109,3.7606,52.19,2.4109,3.7626,0,1,0,0,0,20,20,0,0,0,0,0,1000.000
23850,2.4109,3.7606,52.39,2.4109,3.7626,0,1,0,0,0,20,20,0,0,0,0,0,1000.000
23860,2.4109,3.7606,52.58,2.4109,3.7626,0,1,0,0,0,20,20,0,0,0,0,0,1000.000
23870,2.4109,3.7606,52.77,2.4109,3.7626,0,1,0,0,0,20,20,0,0,0,0,0,1000.000
23880,2.4109,3.7606,52.97,2.4109,3.7626,0,1,0,0,0,20,20,0,0,0,0,0,1000.000
23890,2.4109,3.7606,53.17,2.4109,3.7626,0,1,0,0,0,20,20,0,0,0,0,0,1000.000
23900,2.4109,3.7606,53.35,2.4109,3.7626,0,1,0,0,0,20,20,0,0,0,0,0,1000.000
23910,2.4109,3.7606,53.55,2.4109,3.7626,0,1,0,0,0,20,20,0,0,0,0,0,1000.000
23920,2.4109,3.7606,53.76,2.4109,3.7626,0,1,0,0,0,20,20,0,0,0,0,0,1000.000
23930,2.4109,3.7606,53.94,2.4109,3.7626,0,1,0,0,0,20,20,0,0,0,0,0,1000.000
23940,2.4109,3.7606,54.13,2.4109,3.7626,0,1,0,0,0,20,20,0,0,0,0,0,1000.000
23950,2.4109,3.7606,54.33,2.4109,3.7626,0,1,0,0,0,20,20,0,0,0,0,0,1000.000
23960,2.4109,3.7606,54.52,2.4109,3.7626,0,1,0,0,0,20,20,0,0,0,0,0,1000.000
23970,2.4109,3.7606,54.70,2.4109,3.7626,0,1,0,0,0,20,20,0,0,0,0,0,1000.000
23980,2.4109,3.7606,54.91,2.4109,3.7626,0,1,0,0,0,20,20,0,0,0,0,0,1000.000
23990,2.4109,3.7606,55.10,2.4109,3.7626,0,1,0,0,0,20,20,0,0,0,0,0,1000.000
24000,2.4109,3.7606,55.28,2.4109,3.7626,0,1,0,0,0,20,20,0,0,0,0,0,1000.000
24010,2.4109,3.7606,55.48,2.4109,3.7626,0,1,0,0,0,20,20,0,0,0,0,0,1000.000
24020,2.4109,3.7606,55.67,2.4109,3.7626,0,1,0,0,0,20,20,0,0,0,0,0,1000.000
24030,2.4109,3.7606,55.86,2.4109,3.7626,0,1,0,0,0,20,20,0,0,0,0,0,1000.000
24040,2.4109,3.7606,56.05,2.4109,3.7626,0,1,0,0,0,20,20,0,0,0,0,0,1000.000
24050,2.4109,3.7606,56.24,2.4109,3.7626,0,1,0,0,0,20,20,0,0,0,0,0,1000.000
24060,2.4109,3.7606,56.42,2.4109,3.7626,0,1,0,0,0,20,20,0,0,0,0,0,1000.000
24070,2.4109,3.7606,56.61,2.4109,3.7626,0,1,0,0,0,20,20,0,0,0,0,0,1000.000
24080,2.4109,3.7606,56.80,2.4109,3.7626,0,1,0,0,0,20,20,0,0,0,0,0,1000.000
24090,2.4109,3.7606,56.99,2.4109,3.7626,0,1,0,0,0,20,20,0,0,0,0,0,1000.000
24100,2.4109,3.7606,57.18,2.4109,3.7626,0,1,0,0,0,20,20,0,0,0,0,0,1000.000
24110,2.4109,3.7606,57.36,2.4109,3.7626,0,1,0,0,0,20,20,0,0,0,0,0,1000.000
24120,2.4109,3.7606,57.55,2.4109,3.7626,0,1,0,0,0,20,20,0,0,0,0,0,1000.000
24130,2.4109,3.7606,57.74,2.4109,3.7626,0,1,0,0,0,20,20,0,0,0,0,0,1000.000
24140,2.4109,3.7606,57.93,2.4109,3.7626,0,1,0,0,0,20,20,0,0,0,0,0,1000.000
24150,2.4109,3.7606,58.12,2.4109,3.7626,0,1,0,0,0,20,20,0,0,0,0,0,1000.000
24160,2.4109,3.7606,58.30,2.4109,3.7626,0,1,0,0,0,20,20,0,0,0,0,0,1000.000
24170,2.4109,3.7606,58.49,2.4109,3.7626,0,1,0,0,0,20,20,0,0,0,0,0,1000.000
24180,2.4109,3.7606,58.68,2.4109,3.7626,0,1,0,0,0,20,20,0,0,0,0,0,1000.000
24190,2.4109,3.7606,58.87,2.4109,3.7626,0,1,0,0,0,20,20,0,0,0,0,0,1000.000
24200,2.4109,3.7606,59.04,2.4109,3.7626,0,1,0,0,0,20,20,0,0,0,0,0,1000.000
24210,2.4109,3.7606,59.23,2.4109,3.7626,0,1,0,0,0,20,20,0,0,0,0,0,1000.000
24220,2.4109,3.7606,59.42,2.4109,3.7626,0,1,0,0,0,20,20,0,0,0,0,0,1000.000
24230,2.4109,3.7606,59.60,2.4109,3.7626,0,1,0,0,0,20,20,0,0,0,0,0,1000.000
24240,2.4109,3.7606,59.79,2.4109,3.7626,0,1,0,0,0,20,20,0,0,0,0,0,1000.000
24250,2.4109,3.7606,59.97,2.4109,3.7626,0,1,0,0,0,20,20,0,0,0,0,0,1000.000
24260,2.4109,3.7606,60.15,2.4109,3.7626,0,1,0,0,0,20,20,0,0,0,0,0,1000.000
24270,2.4109,3.7606,60.34,2.4109,3.7626,0,1,0,0,0,20,20,0,0,0,0,0,1000.000
24280,2.4109,3.7606,60.53,2.4109,3.7626,0,1,0,0,0,20,20,0,0,0,0,0,1000.000
24290,2.4109,3.7606,60.70,2.4109,3.7626,0,1,0,0,0,20,20,0,0,0,0,0,1000.000
24300,2.4109,3.7606,60.89,2.4109,3.7626,0,1,0,0,0,20,20,0,0,0,0,0,1000.000
24310,2.4109,3.7606,61.07,2.4109,3.7626,0,1,0,0,0,20,20,0,0,0,0,0,1000.000
24320,2.4109,3.7606,61.25,2.4109,3.7626,0,1,0,0,0,20,20,0,0,0,0,0,1000.000
24330,2.4109,3.7606,61.43,2.4109,3.7626,0,1,0,0,0,20,20,0,0,0,0,0,1000.000
24340,2.4109,3.7606,61.61,2.4109,3.7626,0,1,0,0,0,20,20,0,0,0,0,0,1000.000
24350,2.4109,3.7606,61.80,2.4109,3.7626,0,1,0,0,0,20,20,0,0,0,0,0,1000.000
24360,2.4109,3.7606,61.98,2.4109,3.7626,0,1,0,0,0,20,20,0,0,0,0,0,1000.000
24370,2.4109,3.7606,62.15,2.4109,3.7626,0,1,0,0,0,20,20,0,0,0,0,0,1000.000
24380,2.4109,3.7606,62.34,2.4109,3.7626,0,1,0,0,0,20,20,0,0,0,0,0,1000.000
24390,2.4109,3.7606,62.52,2.4109,3.7626,0,1,0,0,0,20,20,0,0,0,0,0,1000.000
24400,2.4109,3.7606,62.70,2.4109,3.7626,0,1,0,0,0,20,20,0,0,0,0,0,1000.000
24410,2.4109,3.7606,62.87,2.4109,3.7626,0,1,0,0,0,20,20,0,0,0,0,0,1000.000
24420,2.4109,3.7606,63.05,2.4109,3.7626,0,1,0,0,0,20,20,0,0,0,0,0,1000.000
24430,2.4109,3.7606,63.24,2.4109,3.7626,0,1,0,0,0,20,20,0,0,0,0,0,1000.000
24440,2.4109,3.7606,63.41,2.4109,3.7626,0,1,0,0,0,20,20,0,0,0,0,0,1000.000
24450,2.4109,3.7606,63.59,2.4109,3.7626,0,1,0,0,0,20,20,0,0,0,0,0,1000.000
24460,2.4109,3.7606,63.77,2.4109,3.7626,0,1,0,0,0,20,20,0,0,0,0,0,1000.000
24470,2.4109,3.7606,63.95,2.4109,3.7626,0,1,0,0,0,20,20,0,0,0,0,0,1000.000
24480,2.4109,3.7606,64.13,2.4109,3.7626,0,1,0,0,0,20,20,0,0,0,0,0,1000.000
24490,2.4109,3.7606,64.30,2.4109,3.7626,0,1,0,0,0,20,20,0,0,0,0,0,1000.000
24500,2.4109,3.7606,64.48,2.4109,3.7626,0,1,0,0,0,20,20,0,0,0,0,0,1000.000
24510,2.4109,3.7606,64.65,2.4109,3.7626,0,1,0,0,0,20,20,0,0,0,0,0,1000.000
24520,2.4109,3.7606,64.83,2.4109,3.7626,0,1,0,0,0,20,20,0,0,0,0,0,1000.000
24530,2.4109,3.7606,65.01,2.4109,3.7626,0,1,0,0,0,20,20,0,0,0,0,0,1000.000
24540,2.4109,3.7606,65.18,2.4109,3.7626,0,1,0,0,0,20,20,0,0,0,0,0,1000.000
24550,2.4109,3.7606,65.36,2.4109,3.7626,0,1,0,0,0,20,20,0,0,0,0,0,1000.000
24560,2.4109,3.7606,65.54,2.4109,3.7626,0,1,0,0,0,20,20,0,0,0,0,0,1000.000
24570,2.4109,3.7606,65.71,2.4109,3.7626,0,1,0,0,0,20,20,0,0,0,0,0,1000.000
24580,2.4109,3.7606,65.89,2.4109,3.7626,0,1,0,0,0,20,20,0,0,0,0,0,1000.000
24590,2.4109,3.7606,66.06,2.4109,3.7626,0,1,0,0,0,20,20,0,0,0,0,0,1000.000
24600,2.4109,3.7606,66.24,2.4109,3.7626,0,1,0,0,0,20,20,0,0,0,0,0,1000.000
24610,2.4109,3.7606,66.41,2.4109,3.7626,0,1,0,0,0,20,20,0,0,0,0,0,1000.000
24620,2.4109,3.7606,66.59,2.4109,3.7626,0,1,0,0,0,20,20,0,0,0,0,0,1000.000
24630,2.4109,3.7606,66.76,2.4109,3.7626,0,1,0,0,0,20,20,0,0,0,0,0,1000.000
24640,2.4109,3.7606,66.94,2.4109,3.7626,0,1,0,0,0,20,20,0,0,0,0,0,1000.000
24650,2.4109,3.7606,67.11,2.4109,3.7626,0,1,0,0,0,20,20,0,0,0,0,0,1000.000
24660,2.4109,3.7606,67.28,2.4109,3.7626,0,1,0,0,0,20,20,0,0,0,0,0,1000.000
24670,2.4109,3.7606,67.45,2.4109,3.7626,0,1,0,0,0,20,20,0,0,0,0,0,1000.000
24680,2.4109,3.7606,67.63,2.4109,3.7626,0,1,0,0,0,20,20,0,0,0,0,0,1000.000
24690,2.4109,3.7606,67.80,2.4109,3.7626,0,1,0,0,0,20,20,0,0,0,0,0,1000.000
24700,2.4109,3.7606,67.97,2.4109,3.7626,0,1,0,0,0,20,20,0,0,0,0,0,1000.000
24710,2.4109,3.7606,68.15,2.4109,3.7626,0,1,0,0,0,20,20,0,0,0,0,0,1000.000
24720,2.4109,3.7606,68.32,2.4109,3.7626,0,1,0,0,0,20,20,0,0,0,0,0,1000.000
24730,2.4109,3.7606,68.49,2.4109,3.7626,0,1,0,0,0,20,20,0,0,0,0,0,1000.000
24740,2.4109,3.7606,68.66,2.4109,3.7626,0,1,0,0,0,20,20,0,0,0,0,0,1000.000
24750,2.4109,3.7606,68.83,2.4109,3.7626,0,1,0,0,0,20,20,0,0,0,0,0,1000.000
24760,2.4109,3.7606,69.01,2.4109,3.7626,0,1,0,0,0,20,20,0,0,0,0,0,1000.000
24770,2.4109,3.7606,69.18,2.4109,3.7626,0,1,0,0,0,20,20,0,0,0,0,0,1000.000
24780,2.4109,3.7606,69.35,2.4109,3.7626,0,1,0,0,0,20,20,0,0,0,0,0,1000.000
24790,2.4109,3.7606,69.52,2.4109,3.7626,0,1,0,0,0,20,20,0,0,0,0,0,1000.000
24800,2.4109,3.7606,69.69,2.4109,3.7626,0,1,0,0,0,20,20,0,0,0,0,0,1000.000
24810,2.4109,3.7606,69.86,2.4109,3.7626,0,1,0,0,0,20,20,0,0,0,0,0,1000.000
24820,2.4109,3.7606,70.03,2.4109,3.7626,0,1,0,0,0,20,20,0,0,0,0,0,1000.000
24830,2.4109,3.7606,70.19,2.4109,3.7626,0,1,0,0,0,20,20,0,0,0,0,0,1000.000
24840,2.4109,3.7606,70.36,2.4109,3.7626,0,1,0,0,0,20,20,0,0,0,0,0,1000.000
24850,2.4109,3.7606,70.53,2.4109,3.7626,0,1,0,0,0,20,20,0,0,0,0,0,1000.000
24860,2.4109,3.7606,70.70,2.4109,3.7626,0,1,0,0,0,20,20,0,0,0,0,0,1000.000
24870,2.4109,3.7606,70.86,2.4109,3.7626,0,1,0,0,0,20,20,0,0,0,0,0,1000.000
24880,2.4109,3.7606,71.04,2.4109,3.7626,0,1,0,0,0,20,20,0,0,0,0,0,1000.000
24890,2.4109,3.7606,71.20,2.4109,3.7626,0,1,0,0,0,20,20,0,0,0,0,0,1000.000
24900,2.4109,3.7606,71.37,2.4109,3.7626,0,1,0,0,0,20,20,0,0,0,0,0,1000.000
24910,2.4109,3.7606,71.54,2.4109,3.7626,0,1,0,0,0,20,20,0,0,0,0,0,1000.000
24920,2.4109,3.7606,71.70,2.4109,3.7626,0,1,0,0,0,20,20,0,0,0,0,0,1000.000
24930,2.4109,3.7606,71.87,2.4109,3.7626,0,1,0,0,0,20,20,0,0,0,0,0,1000.000
24940,2.4109,3.7606,72.03,2.4109,3.7626,0,1,0,0,0,20,20,0,0,0,0,0,1000.000
24950,2.4109,3.7606,72.20,2.4109,3.7626,0,1,0,0,0,20,20,0,0,0,0,0,1000.000
24960,2.4109,3.7606,72.36,2.4109,3.7626,0,1,0,0,0,20,20,0,0,0,0,0,1000.000
24970,2.4109,3.7606,72.53,2.4109,3.7626,0,1,0,0,0,20,20,0,0,0,0,0,1000.000
24980,2.4109,3.7606,72.69,2.4109,3.7626,0,1,0,0,0,20,20,0,0,0,0,0,1000.000
24990,2.4109,3.7606,72.86,2.4109,3.7626,0,1,0,0,0,20,20,0,0,0,0,0,1000.000
25000,2.4109,3.7606,73.02,2.4109,3.7626,0,1,0,0,0,20,20,0,0,0,0,0,1000.000
25010,2.4109,3.7606,73.19,2.4109,3.7626,0,1,0,0,0,20,20,0,0,0,0,0,1000.000
25020,2.4109,3.7606,73.35,2.4109,3.7626,0,1,0,0,0,20,20,0,0,0,0,0,1000.000
25030,2.4109,3.7606,73.52,2.4109,3.7626,0,1,0,0,0,20,20,0,0,0,0,0,1000.000
25040,2.4109,3.7606,73.68,2.4109,3.7626,0,1,0,0,0,20,20,0,0,0,0,0,1000.000
25050,2.4109,3.7606,73.85,2.4109,3.7626,0,1,0,0,0,20,20,0,0,0,0,0,1000.000
25060,2.4109,3.7606,74.01,2.4109,3.7626,0,1,0,0,0,20,20,0,0,0,0,0,1000.000
25070,2.4109,3.7606,74.16,2.4109,3.7626,0,1,0,0,0,20,20,0,0,0,0,0,1000.000
25080,2.4109,3.7606,74.33,2.4109,3.7626,0,1,0,0,0,20,20,0,0,0,0,0,1000.000
25090,2.4109,3.7606,74.50,2.4109,3.7626,0,1,0,0,0,20,20,0,0,0,0,0,1000.000
25100,2.4109,3.7606,74.65,2.4109,3.7626,0,1,0,0,0,20,20,0,0,0,0,0,1000.000
25110,2.4109,3.7606,74.81,2.4109,3.7626,0,1,0,0,0,20,20,0,0,0,0,0,1000.000
25120,2.4109,3.7606,74.98,2.4109,3.7626,0,1,0,0,0,20,20,0,0,0,0,0,1000.000
25130,2.4109,3.7606,75.13,2.4109,3.7626,0,1,0,0,0,20,20,0,0,0,0,0,1000.000
25140,2.4109,3.7606,75.29,2.4109,3.7626,0,1,0,0,0,20,20,0,0,0,0,0,1000.000
25150,2.4109,3.7606,75.46,2.4109,3.7626,0,1,0,0,0,20,20,0,0,0,0,0,1000.000
25160,2.4109,3.7606,75.62,2.4109,3.7626,0,1,0,0,0,20,20,0,0,0,0,0,1000.000
25170,2.4109,3.7606,75.78,2.4109,3.7626,0,1,0,0,0,20,20,0,0,0,0,0,1000.000
25180,2.4109,3.7606,75.94,2.4109,3.7626,0,1,0,0,0,20,20,0,0,0,0,0,1000.000
25190,2.4109,3.7606,76.10,2.4109,3.7626,0,1,0,0,0,20,20,0,0,0,0,0,1000.000
25200,2.4109,3.7606,76.26,2.4109,3.7626,0,1,0,0,0,20,20,0,0,0,0,0,1000.000
25210,2.4109,3.7606,76.42,2.4109,3.7626,0,1,0,0,0,20,20,0,0,0,0,0,1000.000
25220,2.4109,3.7606,76.58,2.4109,3.7626,0,1,0,0,0,20,20,0,0,0,0,0,1000.000
25230,2.4109,3.7606,76.73,2.4109,3.7626,0,1,0,0,0,20,20,0,0,0,0,0,1000.000
25240,2.4109,3.7606,76.89,2.4109,3.7626,0,1,0,0,0,20,20,0,0,0,0,0,1000.000
25250,2.4109,3.7606,77.04,2.4109,3.7626,0,1,0,0,0,20,20,0,0,0,0,0,1000.000
25260,2.4109,3.7606,77.21,2.4109,3.7626,0,1,0,0,0,20,20,0,0,0,0,0,1000.000
25270,2.4109,3.7606,77.37,2.4109,3.7626,0,1,0,0,0,20,20,0,0,0,0,0,1000.000
25280,2.4109,3.7606,77.52,2.4109,3.7626,0,1,0,0,0,20,20,0,0,0,0,0,1000.000
25290,2.4109,3.7606,77.68,2.4109,3.7626,0,1,0,0,0,20,20,0,0,0,0,0,1000.000
25300,2.4109,3.7606,77.84,2.4109,3.7626,0,1,0,0,0,20,20,0,0,0,0,0,1000.000
25310,2.4109,3.7606,77.99,2.4109,3.7626,0,1,0,0,0,20,20,0,0,0,0,0,1000.000
25320,2.4109,3.7606,78.15,2.4109,3.7626,0,1,0,0,0,20,20,0,0,0,0,0,1000.000
25330,2.4109,3.7606,78.32,2.4109,3.7626,0,1,0,0,0,20,20,0,0,0,0,0,1000.000
25340,2.4109,3.7606,78.47,2.4109,3.7626,0,1,0,0,0,20,20,0,0,0,0,0,1000.000
25350,2.4109,3.7606,78.61,2.4109,3.7626,0,1,0,0,0,20,20,0,0,0,0,0,1000.000
25360,2.4109,3.7606,78.77,2.4109,3.7626,0,1,0,0,0,20,20,0,0,0,0,0,1000.000
25370,2.4109,3.7606,78.94,2.4109,3.7626,0,1,0,0,0,20,20,0,0,0,0,0,1000.000
25380,2.4109,3.7606,79.09,2.4109,3.7626,0,1,0,0,0,20,20,0,0,0,0,0,1000.000
25390,2.4109,3.7606,79.23,2.4109,3.7626,0,1,0,0,0,20,20,0,0,0,0,0,1000.000
25400,2.4109,3.7606,79.39,2.4109,3.7626,0,1,0,0,0,20,20,0,0,0,0,0,1000.000
25410,2.4109,3.7606,79.56,2.4109,3.7626,0,1,0,0,0,20,20,0,0,0,0,0,1000.000
25420,2.4109,3.7606,79.70,2.4109,3.7626,0,1,0,0,0,20,20,0,0,0,0,0,1000.000
25430,2.4109,3.7606,79.84,2.4109,3.7626,0,1,0,0,0,20,20,0,0,0,0,0,1000.000
25440,2.4109,3.7606,80.01,2.4109,3.7626,0,1,0,0,0,20,20,0,0,0,0,0,1000.000
25450,2.4109,3.7606,80.17,2.4109,3.7626,0,1,0,0,0,20,20,0,0,0,0,0,1000.000
25460,2.4109,3.7606,80.32,2.4109,3.7626,0,1,0,0,0,20,20,0,0,0,0,0,1000.000
25470,2.4109,3.7606,80.46,2.4109,3.7626,0,1,0,0,0,20,20,0,0,0,0,0,1000.000
25480,2.4109,3.7606,80.62,2.4109,3.7626,0,1,0,0,0,20,20,0,0,0,0,0,1000.000
25490,2.4109,3.7606,80.79,2.4109,3.7626,0,1,0,0,0,20,20,0,0,0,0,0,1000.000
25500,2.4109,3.7606,80.94,2.4109,3.7626,0,1,0,0,0,20,20,0,0,0,0,0,1000.000
25510,2.4109,3.7606,81.08,2.4109,3.7626,0,1,0,0,0,20,20,0,0,0,0,0,1000.000
25520,2.4109,3.7606,81.24,2.4109,3.7626,0,1,0,0,0,20,20,0,0,0,0,0,1000.000
25530,2.4109,3.7606,81.38,2.4109,3.7626,0,1,0,0,0,20,20,0,0,0,0,0,1000.000
25540,2.4109,3.7606,81.52,2.4109,3.7626,0,1,0,0,0,20,20,0,0,0,0,0,1000.000
25550,2.4109,3.7606,81.68,2.4109,3.7626,0,1,0,0,0,20,20,0,0,0,0,0,1000.000
25560,2.4109,3.7606,81.83,2.4109,3.7626,0,1,0,0,0,20,20,0,0,0,0,0,1000.000
25570,2.4109,3.7606,81.99,2.4109,3.7626,0,1,0,0,0,20,20,0,0,0,0,0,1000.000
25580,2.4109,3.7606,82.14,2.4109,3.7626,0,1,0,0,0,20,20,0,0,0,0,0,1000.000
25590,2.4109,3.7606,82.28,2.4109,3.7626,0,1,0,0,0,20,20,0,0,0,0,0,1000.000
25600,2.4109,3.7606,82.44,2.4109,3.7626,0,1,0,0,0,20,20,0,0,0,0,0,1000.000
25610,2.4109,3.7606,82.59,2.4109,3.7626,0,1,0,0,0,20,20,0,0,0,0,0,1000.000
25620,2.4109,3.7606,82.73,2.4109,3.7626,0,1,0,0,0,20,20,0,0,0,0,0,1000.000
25630,2.4109,3.7606,82.89,2.4109,3.7626,0,1,0,0,0,20,20,0,0,0,0,0,1000.000
25640,2.4109,3.7606,83.03,2.4109,3.7626,0,1,0,0,0,20,20,0,0,0,0,0,1000.000
25650,2.4109,3.7606,83.17,2.4109,3.7626,0,1,0,0,0,20,20,0,0,0,0,0,1000.000
25660,2.4109,3.7606,83.33,2.4109,3.7626,0,1,0,0,0,20,20,0,0,0,0,0,1000.000
25670,2.4109,3.7606,83.48,2.4109,3.7626,0,1,0,0,0,20,20,0,0,0,0,0,1000.000
25680,2.4109,3.7606,83.62,2.4109,3.7626,0,1,0,0,0,20,20,0,0,0,0,0,1000.000
25690,2.4109,3.7606,83.78,2.4109,3.7626,0,1,0,0,0,20,20,0,0,0,0,0,1000.000
25700,2.4109,3.7606,83.93,2.4109,3.7626,0,1,0,0,0,20,20,0,0,0,0,0,1000.000
25710,2.4109,3.7606,84.07,2.4109,3.7626,0,1,0,0,0,20,20,0,0,0,0,0,1000.000
25720,2.4109,3.7606,84.22,2.4109,3.7626,0,1,0,0,0,20,20,0,0,0,0,0,1000.000
25730,2.4109,3.7606,84.37,2.4109,3.7626,0,1,0,0,0,20,20,0,0,0,0,0,1000.000
25740,2.4109,3.7606,84.51,2.4109,3.7626,0,1,0,0,0,20,20,0,0,0,0,0,1000.000
25750,2.4109,3.7606,84.65,2.4109,3.7626,0,1,0,0,0,20,20,0,0,0,0,0,1000.000
25760,2.4109,3.7606,84.81,2.4109,3.7626,0,1,0,0,0,20,20,0,0,0,0,0,1000.000
25770,2.4109,3.7606,84.96,2.4109,3.7626,0,1,0,0,0,20,20,0,0,0,0,0,1000.000
25780,2.4109,3.7606,85.10,2.4109,3.7626,0,1,0,0,0,20,20,0,0,0,0,0,1000.000
25790,2.4109,3.7606,85.24,2.4109,3.7626,0,1,0,0,0,20,20,0,0,0,0,0,1000.000
25800,2.4109,3.7606,85.40,2.4109,3.7626,0,1,0,0,0,20,20,0,0,0,0,0,1000.000
25810,2.4109,3.7606,85.54,2.4109,3.7626,0,1,0,0,0,20,20,0,0,0,0,0,1000.000
25820,2.4109,3.7606,85.67,2.4109,3.7626,0,1,0,0,0,20,20,0,0,0,0,0,1000.000
25830,2.4109,3.7606,85.81,2.4109,3.7626,0,1,0,0,0,20,20,0,0,0,0,0,1000.000
25840,2.4109,3.7606,85.97,2.4109,3.7626,0,1,0,0,0,20,20,0,0,0,0,0,1000.000
25850,2.4109,3.7606,86.12,2.4109,3.7626,0,1,0,0,0,20,20,0,0,0,0,0,1000.000
25860,2.4109,3.7606,86.24,2.4109,3.7626,0,1,0,0,0,20,20,0,0,0,0,0,1000.000
25870,2.4109,3.7606,86.38,2.4109,3.7626,0,1,0,0,0,20,20,0,0,0,0,0,1000.000
25880,2.4109,3.7606,86.54,2.4109,3.7626,0,1,0,0,0,20,20,0,0,0,0,0,1000.000
25890,2.4109,3.7606,86.69,2.4109,3.7626,0,1,0,0,0,20,20,0,0,0,0,0,1000.000
25900,2.4109,3.7606,86.82,2.4109,3.7626,0,1,0,0,0,20,20,0,0,0,0,0,1000.000
25910,2.4109,3.7606,86.96,2.4109,3.7626,0,1,0,0,0,20,20,0,0,0,0,0,1000.000
25920,2.4109,3.7606,87.12,2.4109,3.7626,0,1,0,0,0,20,20,0,0,0,0,0,1000.000
25930,2.4109,3.7606,87.26,2.4109,3.7626,0,1,0,0,0,20,20,0,0,0,0,0,1000.000
25940,2.4109,3.7606,87.39,2.4109,3.7626,0,1,0,0,0,20,20,0,0,0,0,0,1000.000
25950,2.4109,3.7606,87.53,2.4109,3.7626,0,1,0,0,0,20,20,0,0,0,0,0,1000.000
25960,2.4109,3.7606,87.68,2.4109,3.7626,0,1,0,0,0,20,20,0,0,0,0,0,1000.000
25970,2.4109,3.7606,87.82,2.4109,3.7626,0,1,0,0,0,20,20,0,0,0,0,0,1000.000
25980,2.4109,3.7606,87.97,2.4109,3.7626,0,1,0,0,0,20,20,0,0,0,0,0,1000.000
25990,2.4109,3.7606,88.09,2.4109,3.7626,0,1,0,0,0,20,20,0,0,0,0,0,1000.000
26000,2.4109,3.7606,88.23,2.4109,3.7626,0,1,0,0,0,20,20,0,0,0,0,0,1000.000
26010,2.4109,3.7606,88.38,2.4109,3.7626,0,1,0,0,0,20,20,0,0,0,0,0,1000.000
26020,2.4109,3.7606,88.52,2.4109,3.7626,0,1,0,0,0,20,20,0,0,0,0,0,1000.000
26030,2.4109,3.7606,88.66,2.4109,3.7626,0,1,0,0,0,20,20,0,0,0,0,0,1000.000
26040,2.4109,3.7606,88.81,2.4109,3.7626,0,1,0,0,0,20,20,0,0,0,0,0,1000.000
26050,2.4109,3.7606,88.93,2.4109,3.7626,0,1,0,0,0,20,20,0,0,0,0,0,1000.000
26060,2.4109,3.7606,89.07,2.4109,3.7626,0,1,0,0,0,20,20,0,0,0,0,0,1000.000
26070,2.4109,3.7606,89.22,2.4109,3.7626,0,1,0,0,0,20,20,0,0,0,0,0,1000.000
26080,2.4109,3.7606,89.35,2.4109,3.7626,0,1,0,0,0,20,20,0,0,0,0,0,1000.000
26090,2.4109,3.7606,89.49,2.4109,3.7626,0,1,0,0,0,20,20,0,0,0,0,0,1000.000
26100,2.4109,3.7606,89.63,2.4109,3.7626,0,1,0,0,0,20,20,0,0,0,0,0,1000.000
26110,2.4109,3.7606,89.76,2.4109,3.7626,0,1,0,0,0,20,20,0,0,0,0,0,1000.000
26120,2.4109,3.7606,89.90,2.4109,3.7626,0,1,0,0,0,20,20,0,0,0,0,0,1000.000
26130,2.4109,3.7606,90.05,2.4109,3.7626,0,1,0,0,0,20,20,0,0,0,0,0,1000.000
26140,2.4109,3.7606,90.18,2.4109,3.7626,0,1,0,0,0,20,20,0,0,0,0,0,1000.000
26150,2.4109,3.7606,90.32,2.4109,3.7626,0,1,0,0,0,20,20,0,0,0,0,0,1000.000
26160,2.4109,3.7606,90.46,2.4109,3.7626,0,1,0,0,0,20,20,0,0,0,0,0,1000.000
26170,2.4109,3.7606,90.59,2.4109,3.7626,0,1,0,0,0,20,20,0,0,0,0,0,1000.000
26180,2.4109,3.7606,90.73,2.4109,3.7626,0,1,0,0,0,20,20,0,0,0,0,0,1000.000
26190,2.4109,3.7606,90.87,2.4109,3.7626,0,1,0,0,0,20,20,0,0,0,0,0,1000.000
26200,2.4109,3.7606,90.99,2.4109,3.7626,0,1,0,0,0,20,20,0,0,0,0,0,1000.000
26210,2.4109,3.7606,91.13,2.4109,3.7626,0,1,0,0,0,20,20,0,0,0,0,0,1000.000
26220,2.4109,3.7606,91.28,2.4109,3.7626,0,1,0,0,0,20,20,0,0,0,0,0,1000.000
26230,2.4109,3.7606,91.41,2.4109,3.7626,0,1,0,0,0,20,20,0,0,0,0,0,1000.000
26240,2.4109,3.7606,91.55,2.4109,3.7626,0,1,0,0,0,20,20,0,0,0,0,0,1000.000
26250,2.4109,3.7606,91.67,2.4109,3.7626,0,1,0,0,0,20,20,0,0,0,0,0,1000.000
26260,2.4109,3.7606,91.81,2.4109,3.7626,0,1,0,0,0,20,20,0,0,0,0,0,1000.000
26270,2.4109,3.7606,91.96,2.4109,3.7626,0,1,0,0,0,20,20,0,0,0,0,0,1000.000
26280,2.4109,3.7606,92.08,2.4109,3.7626,0,1,0,0,0,20,20,0,0,0,0,0,1000.000
26290,2.4109,3.7606,92.21,2.4109,3.7626,0,1,0,0,0,20,20,0,0,0,0,0,1000.000
26300,2.4109,3.7606,92.35,2.4109,3.7626,0,1,0,0,0,20,20,0,0,0,0,0,1000.000
26310,2.4109,3.7606,92.49,2.4109,3.7626,0,1,0,0,0,20,20,0,0,0,0,0,1000.000
26320,2.4109,3.7606,92.61,2.4109,3.7626,0,1,0,0,0,20,20,0,0,0,0,0,1000.000
26330,2.4109,3.7606,92.75,2.4109,3.7626,0,1,0,0,0,20,20,0,0,0,0,0,1000.000
26340,2.4109,3.7606,92.89,2.4109,3.7626,0,1,0,0,0,20,20,0,0,0,0,0,1000.000
26350,2.4109,3.7606,93.01,2.4109,3.7626,0,1,0,0,0,20,20,0,0,0,0,0,1000.000
26360,2.4109,3.7606,93.16,2.4109,3.7626,0,1,0,0,0,20,20,0,0,0,0,0,1000.000
26370,2.4109,3.7606,93.29,2.4109,3.7626,0,1,0,0,0,20,20,0,0,0,0,0,1000.000
26380,2.4109,3.7606,93.41,2.4109,3.7626,0,1,0,0,0,20,20,0,0,0,0,0,1000.000
26390,2.4109,3.7606,93.56,2.4109,3.7626,0,1,0,0,0,20,20,0,0,0,0,0,1000.000
26400,2.4109,3.7606,93.69,2.4109,3.7626,0,1,0,0,0,20,20,0,0,0,0,0,1000.000
26410,2.4109,3.7606,93.81,2.4109,3.7626,0,1,0,0,0,20,20,0,0,0,0,0,1000.000
26420,2.4109,3.7606,93.94,2.4109,3.7626,0,1,0,0,0,20,20,0,0,0,0,0,1000.000
26430,2.4109,3.7606,94.07,2.4109,3.7626,0,1,0,0,0,20,20,0,0,0,0,0,1000.000
26440,2.4109,3.7606,94.21,2.4109,3.7626,0,1,0,0,0,20,20,0,0,0,0,0,1000.000
26450,2.4109,3.7606,94.34,2.4109,3.7626,0,1,0,0,0,20,20,0,0,0,0,0,1000.000
26460,2.4109,3.7606,94.47,2.4109,3.7626,0,1,0,0,0,20,20,0,0,0,0,0,1000.000
26470,2.4109,3.7606,94.60,2.4109,3.7626,0,1,0,0,0,20,20,0,0,0,0,0,1000.000
26480,2.4109,3.7606,94.73,2.4109,3.7626,0,1,0,0,0,20,20,0,0,0,0,0,1000.000
26490,2.4109,3.7606,94.87,2.4109,3.7626,0,1,0,0,0,20,20,0,0,0,0,0,1000.000
26500,2.4109,3.7606,95.00,2.4109,3.7626,0,1,0,0,0,20,20,0,0,0,0,0,1000.000
26510,2.4109,3.7606,95.12,2.4109,3.7626,0,1,0,0,0,20,20,0,0,0,0,0,1000.000
26520,2.4109,3.7606,95.25,2.4109,3.7626,0,1,0,0,0,20,20,0,0,0,0,0,1000.000
26530,2.4109,3.7606,95.38,2.4109,3.7626,0,1,0,0,0,20,20,0,0,0,0,0,1000.000
26540,2.4109,3.7606,95.51,2.4109,3.7626,0,1,0,0,0,20,20,0,0,0,0,0,1000.000
26550,2.4109,3.7606,95.64,2.4109,3.7626,0,1,0,0,0,20,20,0,0,0,0,0,1000.000
26560,2.4109,3.7606,95.77,2.4109,3.7626,0,1,0,0,0,20,20,0,0,0,0,0,1000.000
26570,2.4109,3.7606,95.90,2.4109,3.7626,0,1,0,0,0,20,20,0,0,0,0,0,1000.000
26580,2.4109,3.7606,96.02,2.4109,3.7626,0,1,0,0,0,20,20,0,0,0,0,0,1000.000
26590,2.4109,3.7606,96.16,2.4109,3.7626,0,1,0,0,0,20,20,0,0,0,0,0,1000.000
26600,2.4109,3.7606,96.28,2.4109,3.7626,0,1,0,0,0,20,20,0,0,0,0,0,1000.000
26610,2.4109,3.7606,96.41,2.4109,3.7626,0,1,0,0,0,20,20,0,0,0,0,0,1000.000
26620,2.4109,3.7606,96.54,2.4109,3.7626,0,1,0,0,0,20,20,0,0,0,0,0,1000.000
26630,2.4109,3.7606,96.67,2.4109,3.7626,0,1,0,0,0,20,20,0,0,0,0,0,1000.000
26640,2.4109,3.7606,96.79,2.4109,3.7626,0,1,0,0,0,20,20,0,0,0,0,0,1000.000
26650,2.4109,3.7606,96.93,2.4109,3.7626,0,1,0,0,0,20,20,0,0,0,0,0,1000.000
26660,2.4109,3.7606,97.05,2.4109,3.7626,0,1,0,0,0,20,20,0,0,0,0,0,1000.000
26670,2.4109,3.7606,97.17,2.4109,3.7626,0,1,0,0,0,20,20,0,0,0,0,0,1000.000
26680,2.4109,3.7606,97.30,2.4109,3.7626,0,1,0,0,0,20,20,0,0,0,0,0,1000.000
26690,2.4109,3.7606,97.43,2.4109,3.7626,0,1,0,0,0,20,20,0,0,0,0,0,1000.000
26700,2.4109,3.7606,97.55,2.4109,3.7626,0,1,0,0,0,20,20,0,0,0,0,0,1000.000
26710,2.4109,3.7606,97.68,2.4109,3.7626,0,1,0,0,0,20,20,0,0,0,0,0,1000.000
26720,2.4109,3.7606,97.80,2.4109,3.7626,0,1,0,0,0,20,20,0,0,0,0,0,1000.000
26730,2.4109,3.7606,97.94,2.4109,3.7626,0,1,0,0,0,20,20,0,0,0,0,0,1000.000
26740,2.4109,3.7606,98.06,2.4109,3.7626,0,1,0,0,0,20,20,0,0,0,0,0,1000.000
26750,2.4109,3.7606,98.18,2.4109,3.7626,0,1,0,0,0,20,20,0,0,0,0,0,1000.000
26760,2.4109,3.7606,98.30,2.4109,3.7626,0,1,0,0,0,20,20,0,0,0,0,0,1000.000
26770,2.4109,3.7606,98.44,2.4109,3.7626,0,1,0,0,0,20,20,0,0,0,0,0,1000.000
26780,2.4109,3.7606,98.55,2.4109,3.7626,0,1,0,0,0,20,20,0,0,0,0,0,1000.000
26790,2.4109,3.7606,98.68,2.4109,3.7626,0,1,0,0,0,20,20,0,0,0,0,0,1000.000
26800,2.4109,3.7606,98.81,2.4109,3.7626,0,1,0,0,0,20,20,0,0,0,0,0,1000.000
26810,2.4109,3.7606,98.93,2.4109,3.7626,0,1,0,0,0,20,20,0,0,0,0,0,1000.000
26820,2.4109,3.7606,99.05,2.4109,3.7626,0,1,0,0,0,20,20,0,0,0,0,0,1000.000
26830,2.4109,3.7606,99.17,2.4109,3.7626,0,1,0,0,0,20,20,0,0,0,0,0,1000.000
26840,2.4109,3.7606,99.30,2.4109,3.7626,0,1,0,0,0,20,20,0,0,0,0,0,1000.000
26850,2.4109,3.7606,99.43,2.4109,3.7626,0,1,0,0,0,20,20,0,0,0,0,0,1000.000
26860,2.4109,3.7606,99.55,2.4109,3.7626,0,1,0,0,0,20,20,0,0,0,0,0,1000.000
26870,2.4109,3.7606,99.67,2.4109,3.7626,0,1,0,0,0,20,20,0,0,0,0,0,1000.000
26880,2.4109,3.7606,99.80,2.4109,3.7626,0,1,0,0,0,20,20,0,0,0,0,0,1000.000
26890,2.4109,3.7606,99.92,2.4109,3.7626,0,1,0,0,0,20,20,0,0,0,0,0,1000.000
26900,2.4109,3.7606,100.04,2.4109,3.7626,0,1,0,0,0,20,20,0,0,0,0,0,1000.000
26910,2.4109,3.7606,100.16,2.4109,3.7626,0,1,0,0,0,20,20,0,0,0,0,0,1000.000
26920,2.4109,3.7606,100.28,2.4109,3.7626,0,1,0,0,0,20,20,0,0,0,0,0,1000.000
26930,2.4109,3.7606,100.40,2.4109,3.7626,0,1,0,0,0,20,20,0,0,0,0,0,1000.000
26940,2.4109,3.7606,100.52,2.4109,3.7626,0,1,0,0,0,20,20,0,0,0,0,0,1000.000
26950,2.4109,3.7606,100.65,2.4109,3.7626,0,1,0,0,0,20,20,0,0,0,0,0,1000.000
26960,2.4109,3.7606,100.76,2.4109,3.7626,0,1,0,0,0,20,20,0,0,0,0,0,1000.000
26970,2.4109,3.7606,100.89,2.4109,3.7626,0,1,0,0,0,20,20,0,0,0,0,0,1000.000
26980,2.4109,3.7606,101.01,2.4109,3.7626,0,1,0,0,0,20,20,0,0,0,0,0,1000.000
26990,2.4109,3.7606,101.13,2.4109,3.7626,0,1,0,0,0,20,20,0,0,0,0,0,1000.000
27000,2.4109,3.7606,101.25,2.4109,3.7626,0,1,0,0,0,20,20,0,0,0,0,0,1000.000
27010,2.4109,3.7606,101.37,2.4109,3.7626,0,1,0,0,0,20,20,0,0,0,0,0,1000.000
27020,2.4109,3.7606,101.49,2.4109,3.7626,0,1,0,0,0,20,20,0,0,0,0,0,1000.000
27030,2.4109,3.7606,101.61,2.4109,3.7626,0,1,0,0,0,20,20,0,0,0,0,0,1000.000
27040,2.4109,3.7606,101.73,2.4109,3.7626,0,1,0,0,0,20,20,0,0,0,0,0,1000.000
27050,2.4109,3.7606,101.85,2.4109,3.7626,0,1,0,0,0,20,20,0,0,0,0,0,1000.000
27060,2.4109,3.7606,101.97,2.4109,3.7626,0,1,0,0,0,20,20,0,0,0,0,0,1000.000
27070,2.4109,3.7606,102.09,2.4109,3.7626,0,1,0,0,0,20,20,0,0,0,0,0,1000.000
27080,2.4109,3.7606,102.20,2.4109,3.7626,0,1,0,0,0,20,20,0,0,0,0,0,1000.000
27090,2.4109,3.7606,102.32,2.4109,3.7626,0,1,0,0,0,20,20,0,0,0,0,0,1000.000
27100,2.4109,3.7606,102.44,2.4109,3.7626,0,1,0,0,0,20,20,0,0,0,0,0,1000.000
27110,2.4109,3.7606,102.56,2.4109,3.7626,0,1,0,0,0,20,20,0,0,0,0,0,1000.000
27120,2.4109,3.7606,102.68,2.4109,3.7626,0,1,0,0,0,20,20,0,0,0,0,0,1000.000
27130,2.4109,3.7606,102.80,2.4109,3.7626,0,1,0,0,0,20,20,0,0,0,0,0,1000.000
27140,2.4109,3.7606,102.91,2.4109,3.7626,0,1,0,0,0,20,20,0,0,0,0,0,1000.000
27150,2.4109,3.7606,103.03,2.4109,3.7626,0,1,0,0,0,20,20,0,0,0,0,0,1000.000
27160,2.4109,3.7606,103.15,2.4109,3.7626,0,1,0,0,0,20,20,0,0,0,0,0,1000.000
27170,2.4109,3.7606,103.27,2.4109,3.7626,0,1,0,0,0,20,20,0,0,0,0,0,1000.000
27180,2.4109,3.7606,103.38,2.4109,3.7626,0,1,0,0,0,20,20,0,0,0,0,0,1000.000
27190,2.4109,3.7606,103.50,2.4109,3.7626,0,1,0,0,0,20,20,0,0,0,0,0,1000.000
27200,2.4109,3.7606,103.62,2.4109,3.7626,0,1,0,0,0,20,20,0,0,0,0,0,1000.000
27210,2.4109,3.7606,103.73,2.4109,3.7626,0,1,0,0,0,20,20,0,0,0,0,0,1000.000
27220,2.4109,3.7606,103.85,2.4109,3.7626,0,1,0,0,0,20,20,0,0,0,0,0,1000.000
27230,2.4109,3.7606,103.97,2.4109,3.7626,0,1,0,0,0,20,20,0,0,0,0,0,1000.000
27240,2.4109,3.7606,104.09,2.4109,3.7626,0,1,0,0,0,20,20,0,0,0,0,0,1000.000
27250,2.4109,3.7606,104.20,2.4109,3.7626,0,1,0,0,0,20,20,0,0,0,0,0,1000.000
27260,2.4109,3.7606,104.32,2.4109,3.7626,0,1,0,0,0,20,20,0,0,0,0,0,1000.000
27270,2.4109,3.7606,104.44,2.4109,3.7626,0,1,0,0,0,20,20,0,0,0,0,0,1000.000
27280,2.4109,3.7606,104.55,2.4109,3.7626,0,1,0,0,0,20,20,0,0,0,0,0,1000.000
27290,2.4109,3.7606,104.67,2.4109,3.7626,0,1,0,0,0,20,20,0,0,0,0,0,1000.000
27300,2.4109,3.7606,104.78,2.4109,3.7626,0,1,0,0,0,20,20,0,0,0,0,0,1000.000
27310,2.4109,3.7606,104.90,2.4109,3.7626,0,1,0,0,0,20,20,0,0,0,0,0,1000.000
27320,2.4109,3.7606,105.01,2.4109,3.7626,0,1,0,0,0,20,20,0,0,0,0,0,1000.000
27330,2.4109,3.7606,105.13,2.4109,3.7626,0,1,0,0,0,20,20,0,0,0,0,0,1000.000
27340,2.4109,3.7606,105.24,2.4109,3.7626,0,1,0,0,0,20,20,0,0,0,0,0,1000.000
27350,2.4109,3.7606,105.36,2.4109,3.7626,0,1,0,0,0,20,20,0,0,0,0,0,1000.000
27360,2.4109,3.7606,105.47,2.4109,3.7626,0,1,0,0,0,20,20,0,0,0,0,0,1000.000
27370,2.4109,3.7606,105.59,2.4109,3.7626,0,1,0,0,0,20,20,0,0,0,0,0,1000.000
27380,2.4109,3.7606,105.70,2.4109,3.7626,0,1,0,0,0,20,20,0,0,0,0,0,1000.000
27390,2.4109,3.7606,105.81,2.4109,3.7626,0,1,0,0,0,20,20,0,0,0,0,0,1000.000
27400,2.4109,3.7606,105.93,2.4109,3.7626,0,1,0,0,0,20,20,0,0,0,0,0,1000.000
27410,2.4109,3.7606,106.04,2.4109,3.7626,0,1,0,0,0,20,20,0,0,0,0,0,1000.000
27420,2.4109,3.7606,106.16,2.4109,3.7626,0,1,0,0,0,20,20,0,0,0,0,0,1000.000
27430,2.4109,3.7606,106.27,2.4109,3.7626,0,1,0,0,0,20,20,0,0,0,0,0,1000.000
27440,2.4109,3.7606,106.38,2.4109,3.7626,0,1,0,0,0,20,20,0,0,0,0,0,1000.000
27450,2.4109,3.7606,106.50,2.4109,3.7626,0,1,0,0,0,20,20,0,0,0,0,0,1000.000
27460,2.4109,3.7606,106.61,2.4109,3.7626,0,1,0,0,0,20,20,0,0,0,0,0,1000.000
27470,2.4109,3.7606,106.72,2.4109,3.7626,0,1,0,0,0,20,20,0,0,0,0,0,1000.000
27480,2.4109,3.7606,106.83,2.4109,3.7626,0,1,0,0,0,20,20,0,0,0,0,0,1000.000
27490,2.4109,3.7606,106.95,2.4109,3.7626,0,1,0,0,0,20,20,0,0,0,0,0,1000.000
27500,2.4109,3.7606,107.05,2.4109,3.7626,0,1,0,0,0,20,20,0,0,0,0,0,1000.000
27510,2.4109,3.7606,107.16,2.4109,3.7626,0,1,0,0,0,20,20,0,0,0,0,0,1000.000
27520,2.4109,3.7606,107.28,2.4109,3.7626,0,1,0,0,0,20,20,0,0,0,0,0,1000.000
27530,2.4109,3.7606,107.39,2.4109,3.7626,0,1,0,0,0,20,20,0,0,0,0,0,1000.000
27540,2.4109,3.7606,107.50,2.4109,3.7626,0,1,0,0,0,20,20,0,0,0,0,0,1000.000
27550,2.4109,3.7606,107.61,2.4109,3.7626,0,1,0,0,0,20,20,0,0,0,0,0,1000.000
27560,2.4109,3.7606,107.72,2.4109,3.7626,0,1,0,0,0,20,20,0,0,0,0,0,1000.000
27570,2.4109,3.7606,107.83,2.4109,3.7626,0,1,0,0,0,20,20,0,0,0,0,0,1000.000
27580,2.4109,3.7606,107.95,2.4109,3.7626,0,1,0,0,0,20,20,0,0,0,0,0,1000.000
27590,2.4109,3.7606,108.06,2.4109,3.7626,0,1,0,0,0,20,20,0,0,0,0,0,1000.000
27600,2.4109,3.7606,108.17,2.4109,3.7626,0,1,0,0,0,20,20,0,0,0,0,0,1000.000
27610,2.4109,3.7606,108.27,2.4109,3.7626,0,1,0,0,0,20,20,0,0,0,0,0,1000.000
27620,2.4109,3.7606,108.39,2.4109,3.7626,0,1,0,0,0,20,20,0,0,0,0,0,1000.000
27630,2.4109,3.7606,108.50,2.4109,3.7626,0,1,0,0,0,20,20,0,0,0,0,0,1000.000
27640,2.4109,3.7606,108.60,2.4109,3.7626,0,1,0,0,0,20,20,0,0,0,0,0,1000.000
27650,2.4109,3.7606,108.71,2.4109,3.7626,0,1,0,0,0,20,20,0,0,0,0,0,1000.000
27660,2.4109,3.7606,108.82,2.4109,3.7626,0,1,0,0,0,20,20,0,0,0,0,0,1000.000
27670,2.4109,3.7606,108.93,2.4109,3.7626,0,1,0,0,0,20,20,0,0,0,0,0,1000.000
27680,2.4109,3.7606,109.04,2.4109,3.7626,0,1,0,0,0,20,20,0,0,0,0,0,1000.000
27690,2.4109,3.7606,109.14,2.4109,3.7626,0,1,0,0,0,20,20,0,0,0,0,0,1000.000
27700,2.4109,3.7606,109.26,2.4109,3.7626,0,1,0,0,0,20,20,0,0,0,0,0,1000.000
27710,2.4109,3.7606,109.37,2.4109,3.7626,0,1,0,0,0,20,20,0,0,0,0,0,1000.000
27720,2.4109,3.7606,109.47,2.4109,3.7626,0,1,0,0,0,20,20,0,0,0,0,0,1000.000
27730,2.4109,3.7606,109.58,2.4109,3.7626,0,1,0,0,0,20,20,0,0,0,0,0,1000.000
27740,2.4109,3.7606,109.69,2.4109,3.7626,0,1,0,0,0,20,20,0,0,0,0,0,1000.000
27750,2.4109,3.7606,109.80,2.4109,3.7626,0,1,0,0,0,20,20,0,0,0,0,0,1000.000
27760,2.4109,3.7606,109.91,2.4109,3.7626,0,1,0,0,0,20,20,0,0,0,0,0,1000.000
27770,2.4109,3.7606,110.02,2.4109,3.7626,0,1,0,0,0,20,20,0,0,0,0,0,1000.000
27780,2.4109,3.7606,110.12,2.4109,3.7626,0,1,0,0,0,20,20,0,0,0,0,0,1000.000
27790,2.4109,3.7606,110.23,2.4109,3.7626,0,1,0,0,0,20,20,0,0,0,0,0,1000.000
27800,2.4109,3.7606,110.33,2.4109,3.7626,0,1,0,0,0,20,20,0,0,0,0,0,1000.000
27810,2.4109,3.7606,110.44,2.4109,3.7626,0,1,0,0,0,20,20,0,0,0,0,0,1000.000
27820,2.4109,3.7606,110.55,2.4109,3.7626,0,1,0,0,0,20,20,0,0,0,0,0,1000.000
27830,2.4109,3.7606,110.66,2.4109,3.7626,0,1,0,0,0,20,20,0,0,0,0,0,1000.000
27840,2.4109,3.7606,110.76,2.4109,3.7626,0,1,0,0,0,20,20,0,0,0,0,0,1000.000
27850,2.4109,3.7606,110.87,2.4109,3.7626,0,1,0,0,0,20,20,0,0,0,0,0,1000.000
27860,2.4109,3.7606,110.97,2.4109,3.7626,0,1,0,0,0,20,20,0,0,0,0,0,1000.000
27870,2.4109,3.7606,111.08,2.4109,3.7626,0,1,0,0,0,20,20,0,0,0,0,0,1000.000
27880,2.4109,3.7606,111.18,2.4109,3.7626,0,1,0,0,0,20,20,0,0,0,0,0,1000.000
27890,2.4109,3.7606,111.29,2.4109,3.7626,0,1,0,0,0,20,20,0,0,0,0,0,1000.000
27900,2.4109,3.7606,111.40,2.4109,3.7626,0,1,0,0,0,20,20,0,0,0,0,0,1000.000
27910,2.4109,3.7606,111.51,2.4109,3.7626,0,1,0,0,0,20,20,0,0,0,0,0,1000.000
27920,2.4109,3.7606,111.61,2.4109,3.7626,0,1,0,0,0,20,20,0,0,0,0,0,1000.000
27930,2.4109,3.7606,111.72,2.4109,3.7626,0,1,0,0,0,20,20,0,0,0,0,0,1000.000
27940,2.4109,3.7606,111.82,2.4109,3.7626,0,1,0,0,0,20,20,0,0,0,0,0,1000.000
27950,2.4109,3.7606,111.93,2.4109,3.7626,0,1,0,0,0,20,20,0,0,0,0,0,1000.000
27960,2.4109,3.7606,112.02,2.4109,3.7626,0,1,0,0,0,20,20,0,0,0,0,0,1000.000
27970,2.4109,3.7606,112.13,2.4109,3.7626,0,1,0,0,0,20,20,0,0,0,0,0,1000.000
27980,2.4109,3.7606,112.24,2.4109,3.7626,0,1,0,0,0,20,20,0,0,0,0,0,1000.000
27990,2.4109,3.7606,112.34,2.4109,3.7626,0,1,0,0,0,20,20,0,0,0,0,0,1000.000
28000,2.4109,3.7606,112.45,2.4109,3.7626,0,1,0,0,0,20,20,0,0,0,0,0,1000.000
28010,2.4109,3.7606,112.55,2.4109,3.7626,0,1,0,0,0,20,20,0,0,0,0,0,1000.000
28020,2.4109,3.7606,112.65,2.4109,3.7626,0,1,0,0,0,20,20,0,0,0,0,0,1000.000
28030,2.4109,3.7606,112.76,2.4109,3.7626,0,1,0,0,0,20,20,0,0,0,0,0,1000.000
28040,2.4109,3.7606,112.86,2.4109,3.7626,0,1,0,0,0,20,20,0,0,0,0,0,1000.000
28050,2.4109,3.7606,112.96,2.4109,3.7626,0,1,0,0,0,20,20,0,0,0,0,0,1000.000
28060,2.4109,3.7606,113.06,2.4109,3.7626,0,1,0,0,0,20,20,0,0,0,0,0,1000.000
28070,2.4109,3.7606,113.17,2.4109,3.7626,0,1,0,0,0,20,20,0,0,0,0,0,1000.000
28080,2.4109,3.7606,113.26,2.4109,3.7626,0,1,0,0,0,20,20,0,0,0,0,0,1000.000
28090,2.4109,3.7606,113.36,2.4109,3.7626,0,1,0,0,0,20,20,0,0,0,0,0,1000.000
28100,2.4109,3.7606,113.47,2.4109,3.7626,0,1,0,0,0,20,20,0,0,0,0,0,1000.000
28110,2.4109,3.7606,113.57,2.4109,3.7626,0,1,0,0,0,20,20,0,0,0,0,0,1000.000
28120,2.4109,3.7606,113.67,2.4109,3.7626,0,1,0,0,0,20,20,0,0,0,0,0,1000.000
28130,2.4109,3.7606,113.78,2.4109,3.7626,0,1,0,0,0,20,20,0,0,0,0,0,1000.000
28140,2.4109,3.7606,113.89,2.4109,3.7626,0,1,0,0,0,20,20,0,0,0,0,0,1000.000
28150,2.4109,3.7606,113.98,2.4109,3.7626,0,1,0,0,0,20,20,0,0,0,0,0,1000.000
28160,2.4109,3.7606,114.08,2.4109,3.7626,0,1,0,0,0,20,20,0,0,0,0,0,1000.000
28170,2.4109,3.7606,114.19,2.4109,3.7626,0,1,0,0,0,20,20,0,0,0,0,0,1000.000
28180,2.4109,3.7606,114.28,2.4109,3.7626,0,1,0,0,0,20,20,0,0,0,0,0,1000.000
28190,2.4109,3.7606,114.38,2.4109,3.7626,0,1,0,0,0,20,20,0,0,0,0,0,1000.000
28200,2.4109,3.7606,114.49,2.4109,3.7626,0,1,0,0,0,20,20,0,0,0,0,0,1000.000
28210,2.4109,3.7606,114.58,2.4109,3.7626,0,1,0,0,0,20,20,0,0,0,0,0,1000.000
28220,2.4109,3.7606,114.69,2.4109,3.7626,0,1,0,0,0,20,20,0,0,0,0,0,1000.000
28230,2.4109,3.7606,114.80,2.4109,3.7626,0,1,0,0,0,20,20,0,0,0,0,0,1000.000
28240,2.4109,3.7606,114.89,2.4109,3.7626,0,1,0,0,0,20,20,0,0,0,0,0,1000.000
28250,2.4109,3.7606,114.99,2.4109,3.7626,0,1,0,0,0,20,20,0,0,0,0,0,1000.000
28260,2.4109,3.7606,115.10,2.4109,3.7626,0,1,0,0,0,20,20,0,0,0,0,0,1000.000
28270,2.4109,3.7606,115.19,2.4109,3.7626,0,1,0,0,0,20,20,0,0,0,0,0,1000.000
28280,2.4109,3.7606,115.29,2.4109,3.7626,0,1,0,0,0,20,20,0,0,0,0,0,1000.000
28290,2.4109,3.7606,115.39,2.4109,3.7626,0,1,0,0,0,20,20,0,0,0,0,0,1000.000
28300,2.4109,3.7606,115.48,2.4109,3.7626,0,1,0,0,0,20,20,0,0,0,0,0,1000.000
28310,2.4109,3.7606,115.59,2.4109,3.7626,0,1,0,0,0,20,20,0,0,0,0,0,1000.000
28320,2.4109,3.7606,115.70,2.4109,3.7626,0,1,0,0,0,20,20,0,0,0,0,0,1000.000
28330,2.4109,3.7606,115.79,2.4109,3.7626,0,1,0,0,0,20,20,0,0,0,0,0,1000.000
28340,2.4109,3.7606,115.89,2.4109,3.7626,0,1,0,0,0,20,20,0,0,0,0,0,1000.000
28350,2.4109,3.7606,115.98,2.4109,3.7626,0,1,0,0,0,20,20,0,0,0,0,0,1000.000
28360,2.4109,3.7606,116.08,2.4109,3.7626,0,1,0,0,0,20,20,0,0,0,0,0,1000.000
28370,2.4109,3.7606,116.19,2.4109,3.7626,0,1,0,0,0,20,20,0,0,0,0,0,1000.000
28380,2.4109,3.7606,116.28,2.4109,3.7626,0,1,0,0,0,20,20,0,0,0,0,0,1000.000
28390,2.4109,3.7606,116.36,2.4109,3.7626,0,1,0,0,0,20,20,0,0,0,0,0,1000.000
28400,2.4109,3.7606,116.46,2.4109,3.7626,0,1,0,0,0,20,20,0,0,0,0,0,1000.000
28410,2.4109,3.7606,116.57,2.4109,3.7626,0,1,0,0,0,20,20,0,0,0,0,0,1000.000
28420,2.4109,3.7606,116.66,2.4109,3.7626,0,1,0,0,0,20,20,0,0,0,0,0,1000.000
28430,2.4109,3.7606,116.76,2.4109,3.7626,0,1,0,0,0,20,20,0,0,0,0,0,1000.000
28440,2.4109,3.7606,116.85,2.4109,3.7626,0,1,0,0,0,20,20,0,0,0,0,0,1000.000
28450,2.4109,3.7606,116.95,2.4109,3.7626,0,1,0,0,0,20,20,0,0,0,0,0,1000.000
28460,2.4109,3.7606,117.05,2.4109,3.7626,0,1,0,0,0,20,20,0,0,0,0,0,1000.000
28470,2.4109,3.7606,117.15,2.4109,3.7626,0,1,0,0,0,20,20,0,0,0,0,0,1000.000
28480,2.4109,3.7606,117.24,2.4109,3.7626,0,1,0,0,0,20,20,0,0,0,0,0,1000.000
28490,2.4109,3.7606,117.34,2.4109,3.7626,0,1,0,0,0,20,20,0,0,0,0,0,1000.000
28500,2.4109,3.7606,117.43,2.4109,3.7626,0,1,0,0,0,20,20,0,0,0,0,0,1000.000
28510,2.4109,3.7606,117.53,2.4109,3.7626,0,1,0,0,0,20,20,0,0,0,0,0,1000.000
28520,2.4109,3.7606,117.62,2.4109,3.7626,0,1,0,0,0,20,20,0,0,0,0,0,1000.000
28530,2.4109,3.7606,117.72,2.4109,3.7626,0,1,0,0,0,20,20,0,0,0,0,0,1000.000
28540,2.4109,3.7606,117.81,2.4109,3.7626,0,1,0,0,0,20,20,0,0,0,0,0,1000.000
28550,2.4109,3.7606,117.91,2.4109,3.7626,0,1,0,0,0,20,20,0,0,0,0,0,1000.000
28560,2.4109,3.7606,118.00,2.4109,3.7626,0,1,0,0,0,20,20,0,0,0,0,0,1000.000
28570,2.4109,3.7606,118.10,2.4109,3.7626,0,1,0,0,0,20,20,0,0,0,0,0,1000.000
28580,2.4109,3.7606,118.19,2.4109,3.7626,0,1,0,0,0,20,20,0,0,0,0,0,1000.000
28590,2.4109,3.7606,118.28,2.4109,3.7626,0,1,0,0,0,20,20,0,0,0,0,0,1000.000
28600,2.4109,3.7606,118.38,2.4109,3.7626,0,1,0,0,0,20,20,0,0,0,0,0,1000.000
28610,2.4109,3.7606,118.48,2.4109,3.7626,0,1,0,0,0,20,20,0,0,0,0,0,1000.000
28620,2.4109,3.7606,118.58,2.4109,3.7626,0,1,0,0,0,20,20,0,0,0,0,0,1000.000
28630,2.4109,3.7606,118.67,2.4109,3.7626,0,1,0,0,0,20,20,0,0,0,0,0,1000.000
28640,2.4109,3.7606,118.77,2.4109,3.7626,0,1,0,0,0,20,20,0,0,0,0,0,1000.000
28650,2.4109,3.7606,118.86,2.4109,3.7626,0,1,0,0,0,20,20,0,0,0,0,0,1000.000
28660,2.4109,3.7606,118.94,2.4109,3.7626,0,1,0,0,0,20,20,0,0,0,0,0,1000.000
28670,2.4109,3.7606,119.04,2.4109,3.7626,0,1,0,0,0,20,20,0,0,0,0,0,1000.000
28680,2.4109,3.7606,119.13,2.4109,3.7626,0,1,0,0,0,20,20,0,0,0,0,0,1000.000
28690,2.4109,3.7606,119.23,2.4109,3.7626,0,1,0,0,0,20,20,0,0,0,0,0,1000.000
28700,2.4109,3.7606,119.32,2.4109,3.7626,0,1,0,0,0,20,20,0,0,0,0,0,1000.000
28710,2.4109,3.7606,119.41,2.4109,3.7626,0,1,0,0,0,20,20,0,0,0,0,0,1000.000
28720,2.4109,3.7606,119.50,2.4109,3.7626,0,1,0,0,0,20,20,0,0,0,0,0,1000.000
28730,2.4109,3.7606,119.60,2.4109,3.7626,0,1,0,0,0,20,20,0,0,0,0,0,1000.000
28740,2.4109,3.7606,119.69,2.4109,3.7626,0,1,0,0,0,20,20,0,0,0,0,0,1000.000
28750,2.4109,3.7606,119.77,2.4109,3.7626,0,1,0,0,0,20,20,0,0,0,0,0,1000.000
28760,2.4109,3.7606,119.87,2.4109,3.7626,0,1,0,0,0,20,20,0,0,0,0,0,1000.000
28770,2.4109,3.7606,119.96,2.4109,3.7626,0,1,0,0,0,20,20,0,0,0,0,0,1000.000
28780,2.4109,3.7606,120.05,2.4109,3.7626,0,1,0,0,0,20,20,0,0,0,0,0,1000.000
28790,2.4109,3.7606,120.14,2.4109,3.7626,0,1,0,0,0,20,20,0,0,0,0,0,1000.000
28800,2.4109,3.7606,120.23,2.4109,3.7626,0,1,0,0,0,20,20,0,0,0,0,0,1000.000
28810,2.4109,3.7606,120.33,2.4109,3.7626,0,1,0,0,0,20,20,0,0,0,0,0,1000.000
28820,2.4109,3.7606,120.42,2.4109,3.7626,0,1,0,0,0,20,20,0,0,0,0,0,1000.000
28830,2.4109,3.7606,120.50,2.4109,3.7626,0,1,0,0,0,20,20,0,0,0,0,0,1000.000
28840,2.4109,3.7606,120.60,2.4109,3.7626,0,1,0,0,0,20,20,0,0,0,0,0,1000.000
28850,2.4109,3.7606,120.69,2.4109,3.7626,0,1,0,0,0,20,20,0,0,0,0,0,1000.000
28860,2.4109,3.7606,120.77,2.4109,3.7626,0,1,0,0,0,20,20,0,0,0,0,0,1000.000
28870,2.4109,3.7606,120.88,2.4109,3.7626,0,1,0,0,0,20,20,0,0,0,0,0,1000.000
28880,2.4109,3.7606,120.96,2.4109,3.7626,0,1,0,0,0,20,20,0,0,0,0,0,1000.000
28890,2.4109,3.7606,121.05,2.4109,3.7626,0,1,0,0,0,20,20,0,0,0,0,0,1000.000
28900,2.4109,3.7606,121.15,2.4109,3.7626,0,1,0,0,0,20,20,0,0,0,0,0,1000.000
28910,2.4109,3.7606,121.23,2.4109,3.7626,0,1,0,0,0,20,20,0,0,0,0,0,1000.000
28920,2.4109,3.7606,121.32,2.4109,3.7626,0,1,0,0,0,20,20,0,0,0,0,0,1000.000
28930,2.4109,3.7606,121.42,2.4109,3.7626,0,1,0,0,0,20,20,0,0,0,0,0,1000.000
28940,2.4109,3.7606,121.50,2.4109,3.7626,0,1,0,0,0,20,20,0,0,0,0,0,1000.000
28950,2.4109,3.7606,121.59,2.4109,3.7626,0,1,0,0,0,20,20,0,0,0,0,0,1000.000
28960,2.4109,3.7606,121.69,2.4109,3.7626,0,1,0,0,0,20,20,0,0,0,0,0,1000.000
28970,2.4109,3.7606,121.78,2.4109,3.7626,0,1,0,0,0,20,20,0,0,0,0,0,1000.000
28980,2.4109,3.7606,121.86,2.4109,3.7626,0,1,0,0,0,20,20,0,0,0,0,0,1000.000
28990,2.4109,3.7606,121.95,2.4109,3.7626,0,1,0,0,0,20,20,0,0,0,0,0,1000.000
29000,2.4109,3.7606,122.04,2.4109,3.7626,0,1,0,0,0,20,20,0,0,0,0,0,1000.000
29010,2.4109,3.7606,122.12,2.4109,3.7626,0,1,0,0,0,20,20,0,0,0,0,0,1000.000
29020,2.4109,3.7606,122.22,2.4109,3.7626,0,1,0,0,0,20,20,0,0,0,0,0,1000.000
29030,2.4109,3.7606,122.31,2.4109,3.7626,0,1,0,0,0,20,20,0,0,0,0,0,1000.000
29040,2.4109,3.7606,122.39,2.4109,3.7626,0,1,0,0,0,20,20,0,0,0,0,0,1000.000
29050,2.4109,3.7606,122.48,2.4109,3.7626,0,1,0,0,0,20,20,0,0,0,0,0,1000.000
29060,2.4109,3.7606,122.57,2.4109,3.7626,0,1,0,0,0,20,20,0,0,0,0,0,1000.000
29070,2.4109,3.7606,122.65,2.4109,3.7626,0,1,0,0,0,20,20,0,0,0,0,0,1000.000
29080,2.4109,3.7606,122.75,2.4109,3.7626,0,1,0,0,0,20,20,0,0,0,0,0,1000.000
29090,2.4109,3.7606,122.84,2.4109,3.7626,0,1,0,0,0,20,20,0,0,0,0,0,1000.000
29100,2.4109,3.7606,122.92,2.4109,3.7626,0,1,0,0,0,20,20,0,0,0,0,0,1000.000
29110,2.4109,3.7606,123.01,2.4109,3.7626,0,1,0,0,0,20,20,0,0,0,0,0,1000.000
29120,2.4109,3.7606,123.09,2.4109,3.7626,0,1,0,0,0,20,20,0,0,0,0,0,1000.000
29130,2.4109,3.7606,123.19,2.4109,3.7626,0,1,0,0,0,20,20,0,0,0,0,0,1000.000
29140,2.4109,3.7606,123.28,2.4109,3.7626,0,1,0,0,0,20,20,0,0,0,0,0,1000.000
29150,2.4109,3.7606,123.35,2.4109,3.7626,0,1,0,0,0,20,20,0,0,0,0,0,1000.000
29160,2.4109,3.7606,123.43,2.4109,3.7626,0,1,0,0,0,20,20,0,0,0,0,0,1000.000
29170,2.4109,3.7606,123.53,2.4109,3.7626,0,1,0,0,0,20,20,0,0,0,0,0,1000.000
29180,2.4109,3.7606,123.62,2.4109,3.7626,0,1,0,0,0,20,20,0,0,0,0,0,1000.000
29190,2.4109,3.7606,123.70,2.4109,3.7626,0,1,0,0,0,20,20,0,0,0,0,0,1000.000
29200,2.4109,3.7606,123.79,2.4109,3.7626,0,1,0,0,0,20,20,0,0,0,0,0,1000.000
29210,2.4109,3.7606,123.87,2.4109,3.7626,0,1,0,0,0,20,20,0,0,0,0,0,1000.000
29220,2.4109,3.7606,123.96,2.4109,3.7626,0,1,0,0,0,20,20,0,0,0,0,0,1000.000
29230,2.4109,3.7606,124.04,2.4109,3.7626,0,1,0,0,0,20,20,0,0,0,0,0,1000.000
29240,2.4109,3.7606,124.13,2.4109,3.7626,0,1,0,0,0,20,20,0,0,0,0,0,1000.000
29250,2.4109,3.7606,124.21,2.4109,3.7626,0,1,0,0,0,20,20,0,0,0,0,0,1000.000
29260,2.4109,3.7606,124.29,2.4109,3.7626,0,1,0,0,0,20,20,0,0,0,0,0,1000.000
29270,2.4109,3.7606,124.38,2.4109,3.7626,0,1,0,0,0,20,20,0,0,0,0,0,1000.000
29280,2.4109,3.7606,124.46,2.4109,3.7626,0,1,0,0,0,20,20,0,0,0,0,0,1000.000
29290,2.4109,3.7606,124.55,2.4109,3.7626,0,1,0,0,0,20,20,0,0,0,0,0,1000.000
29300,2.4109,3.7606,124.63,2.4109,3.7626,0,1,0,0,0,20,20,0,0,0,0,0,1000.000
29310,2.4109,3.7606,124.72,2.4109,3.7626,0,1,0,0,0,20,20,0,0,0,0,0,1000.000
29320,2.4109,3.7606,124.80,2.4109,3.7626,0,1,0,0,0,20,20,0,0,0,0,0,1000.000
29330,2.4109,3.7606,124.89,2.4109,3.7626,0,1,0,0,0,20,20,0,0,0,0,0,1000.000
29340,2.4109,3.7606,124.97,2.4109,3.7626,0,1,0,0,0,20,20,0,0,0,0,0,1000.000
29350,2.4109,3.7606,125.05,2.4109,3.7626,0,1,0,0,0,20,20,0,0,0,0,0,1000.000
29360,2.4109,3.7606,125.13,2.4109,3.7626,0,1,0,0,0,20,20,0,0,0,0,0,1000.000
29370,2.4109,3.7606,125.22,2.4109,3.7626,0,1,0,0,0,20,20,0,0,0,0,0,1000.000
29380,2.4109,3.7606,125.30,2.4109,3.7626,0,1,0,0,0,20,20,0,0,0,0,0,1000.000
29390,2.4109,3.7606,125.39,2.4109,3.7626,0,1,0,0,0,20,20,0,0,0,0,0,1000.000
29400,2.4109,3.7606,125.47,2.4109,3.7626,0,1,0,0,0,20,20,0,0,0,0,0,1000.000
29410,2.4109,3.7606,125.55,2.4109,3.7626,0,1,0,0,0,20,20,0,0,0,0,0,1000.000
29420,2.4109,3.7606,125.64,2.4109,3.7626,0,1,0,0,0,20,20,0,0,0,0,0,1000.000
29430,2.4109,3.7606,125.71,2.4109,3.7626,0,1,0,0,0,20,20,0,0,0,0,0,1000.000
29440,2.4109,3.7606,125.79,2.4109,3.7626,0,1,0,0,0,20,20,0,0,0,0,0,1000.000
29450,2.4109,3.7606,125.88,2.4109,3.7626,0,1,0,0,0,20,20,0,0,0,0,0,1000.000
29460,2.4109,3.7606,125.96,2.4109,3.7626,0,1,0,0,0,20,20,0,0,0,0,0,1000.000
29470,2.4109,3.7606,126.05,2.4109,3.7626,0,1,0,0,0,20,20,0,0,0,0,0,1000.000
29480,2.4109,3.7606,126.12,2.4109,3.7626,0,1,0,0,0,20,20,0,0,0,0,0,1000.000
29490,2.4109,3.7606,126.20,2.4109,3.7626,0,1,0,0,0,20,20,0,0,0,0,0,1000.000
29500,2.4109,3.7606,126.30,2.4109,3.7626,0,1,0,0,0,20,20,0,0,0,0,0,1000.000
29510,2.4109,3.7606,126.39,2.4109,3.7626,0,1,0,0,0,20,20,0,0,0,0,0,1000.000
29520,2.4109,3.7606,126.46,2.4109,3.7626,0,1,0,0,0,20,20,0,0,0,0,0,1000.000
29530,2.4109,3.7606,126.54,2.4109,3.7626,0,1,0,0,0,20,20,0,0,0,0,0,1000.000
29540,2.4109,3.7606,126.63,2.4109,3.7626,0,1,0,0,0,20,20,0,0,0,0,0,1000.000
29550,2.4109,3.7606,126.70,2.4109,3.7626,0,1,0,0,0,20,20,0,0,0,0,0,1000.000
29560,2.4109,3.7606,126.78,2.4109,3.7626,0,1,0,0,0,20,20,0,0,0,0,0,1000.000
29570,2.4109,3.7606,126.86,2.4109,3.7626,0,1,0,0,0,20,20,0,0,0,0,0,1000.000
29580,2.4109,3.7606,126.93,2.4109,3.7626,0,1,0,0,0,20,20,0,0,0,0,0,1000.000
29590,2.4109,3.7606,127.02,2.4109,3.7626,0,1,0,0,0,20,20,0,0,0,0,0,1000.000
29600,2.4109,3.7606,127.10,2.4109,3.7626,0,1,0,0,0,20,20,0,0,0,0,0,1000.000
29610,2.4109,3.7606,127.17,2.4109,3.7626,0,1,0,0,0,20,20,0,0,0,0,0,1000.000
29620,2.4109,3.7606,127.25,2.4109,3.7626,0,1,0,0,0,20,20,0,0,0,0,0,1000.000
29630,2.4109,3.7606,127.34,2.4109,3.7626,0,1,0,0,0,20,20,0,0,0,0,0,1000.000
29640,2.4109,3.7606,127.41,2.4109,3.7626,0,1,0,0,0,20,20,0,0,0,0,0,1000.000
29650,2.4109,3.7606,127.49,2.4109,3.7626,0,1,0,0,0,20,20,0,0,0,0,0,1000.000
29660,2.4109,3.7606,127.58,2.4109,3.7626,0,1,0,0,0,20,20,0,0,0,0,0,1000.000
29670,2.4109,3.7606,127.65,2.4109,3.7626,0,1,0,0,0,20,20,0,0,0,0,0,1000.000
29680,2.4109,3.7606,127.73,2.4109,3.7626,0,1,0,0,0,20,20,0,0,0,0,0,1000.000
29690,2.4109,3.7606,127.82,2.4109,3.7626,0,1,0,0,0,20,20,0,0,0,0,0,1000.000
29700,2.4109,3.7606,127.89,2.4109,3.7626,0,1,0,0,0,20,20,0,0,0,0,0,1000.000
29710,2.4109,3.7606,127.97,2.4109,3.7626,0,1,0,0,0,20,20,0,0,0,0,0,1000.000
29720,2.4109,3.7606,128.06,2.4109,3.7626,0,1,0,0,0,20,20,0,0,0,0,0,1000.000
29730,2.4109,3.7606,128.12,2.4109,3.7626,0,1,0,0,0,20,20,0,0,0,0,0,1000.000
29740,2.4109,3.7606,128.21,2.4109,3.7626,0,1,0,0,0,20,20,0,0,0,0,0,1000.000
29750,2.4109,3.7606,128.29,2.4109,3.7626,0,1,0,0,0,20,20,0,0,0,0,0,1000.000
29760,2.4109,3.7606,128.36,2.4109,3.7626,0,1,0,0,0,20,20,0,0,0,0,0,1000.000
29770,2.4109,3.7606,128.44,2.4109,3.7626,0,1,0,0,0,20,20,0,0,0,0,0,1000.000
29780,2.4109,3.7606,128.53,2.4109,3.7626,0,1,0,0,0,20,20,0,0,0,0,0,1000.000
29790,2.4109,3.7606,128.60,2.4109,3.7626,0,1,0,0,0,20,20,0,0,0,0,0,1000.000
29800,2.4109,3.7606,128.68,2.4109,3.7626,0,1,0,0,0,20,20,0,0,0,0,0,1000.000
29810,2.4109,3.7606,128.77,2.4109,3.7626,0,1,0,0,0,20,20,0,0,0,0,0,1000.000
29820,2.4109,3.7606,128.84,2.4109,3.7626,0,1,0,0,0,20,20,0,0,0,0,0,1000.000
29830,2.4109,3.7606,128.92,2.4109,3.7626,0,1,0,0,0,20,20,0,0,0,0,0,1000.000
29840,2.4109,3.7606,129.00,2.4109,3.7626,0,1,0,0,0,20,20,0,0,0,0,0,1000.000
29850,2.4109,3.7606,129.07,2.4109,3.7626,0,1,0,0,0,20,20,0,0,0,0,0,1000.000
29860,2.4109,3.7606,129.15,2.4109,3.7626,0,1,0,0,0,20,20,0,0,0,0,0,1000.000
29870,2.4109,3.7606,129.24,2.4109,3.7626,0,1,0,0,0,20,20,0,0,0,0,0,1000.000
29880,2.4109,3.7606,129.30,2.4109,3.7626,0,1,0,0,0,20,20,0,0,0,0,0,1000.000
29890,2.4109,3.7606,129.38,2.4109,3.7626,0,1,0,0,0,20,20,0,0,0,0,0,1000.000
29900,2.4109,3.7606,129.45,2.4109,3.7626,0,1,0,0,0,20,20,0,0,0,0,0,1000.000
29910,2.4109,3.7606,129.53,2.4109,3.7626,0,1,0,0,0,20,20,0,0,0,0,0,1000.000
29920,2.4109,3.7606,129.62,2.4109,3.7626,0,1,0,0,0,20,20,0,0,0,0,0,1000.000
29930,2.4109,3.7606,129.69,2.4109,3.7626,0,1,0,0,0,20,20,0,0,0,0,0,1000.000
29940,2.4109,3.7606,129.77,2.4109,3.7626,0,1,0,0,0,20,20,0,0,0,0,0,1000.000
29950,2.4109,3.7606,129.84,2.4109,3.7626,0,1,0,0,0,20,20,0,0,0,0,0,1000.000
29960,2.4109,3.7606,129.92,2.4109,3.7626,0,1,0,0,0,20,20,0,0,0,0,0,1000.000
29970,2.4109,3.7606,130.01,2.4109,3.7626,0,1,0,0,0,20,20,0,0,0,0,0,1000.000
29980,2.4109,3.7606,130.07,2.4109,3.7626,0,1,0,0,0,20,20,0,0,0,0,0,1000.000
29990,2.4109,3.7606,130.14,2.4109,3.7626,0,1,0,0,0,20,20,0,0,0,0,0,1000.000
30000,2.4109,3.7606,130.23,2.4109,3.7626,0,1,0,0,0,20,20,0,0,0,0,0,1000.000
30010,2.4109,3.7606,130.30,2.4109,3.7626,0,1,0,0,0,20,20,0,0,0,0,0,1000.000
30020,2.4109,3.7606,130.37,2.4109,3.7626,0,1,0,0,0,20,20,0,0,0,0,0,1000.000
30030,2.4109,3.7606,130.45,2.4109,3.7626,0,1,0,0,0,20,20,0,0,0,0,0,1000.000
30040,2.4109,3.7606,130.52,2.4109,3.7626,0,1,0,0,0,20,20,0,0,0,0,0,1000.000
30050,2.4109,3.7606,130.59,2.4109,3.7626,0,1,0,0,0,20,20,0,0,0,0,0,1000.000
30060,2.4109,3.7606,130.68,2.4109,3.7626,0,1,0,0,0,20,20,0,0,0,0,0,1000.000
30070,2.4109,3.7606,130.75,2.4109,3.7626,0,1,0,0,0,20,20,0,0,0,0,0,1000.000
30080,2.4109,3.7606,130.82,2.4109,3.7626,0,1,0,0,0,20,20,0,0,0,0,0,1000.000
30090,2.4109,3.7606,130.90,2.4109,3.7626,0,1,0,0,0,20,20,0,0,0,0,0,1000.000
30100,2.4109,3.7606,130.97,2.4109,3.7626,0,1,0,0,0,20,20,0,0,0,0,0,1000.000
30110,2.4109,3.7606,131.04,2.4109,3.7626,0,1,0,0,0,20,20,0,0,0,0,0,1000.000
30120,2.4109,3.7606,131.13,2.4109,3.7626,0,1,0,0,0,20,20,0,0,0,0,0,1000.000
30130,2.4109,3.7606,131.20,2.4109,3.7626,0,1,0,0,0,20,20,0,0,0,0,0,1000.000
30140,2.4109,3.7606,131.26,2.4109,3.7626,0,1,0,0,0,20,20,0,0,0,0,0,1000.000
30150,2.4109,3.7606,131.34,2.4109,3.7626,0,1,0,0,0,20,20,0,0,0,0,0,1000.000
30160,2.4109,3.7606,131.41,2.4109,3.7626,0,1,0,0,0,20,20,0,0,0,0,0,1000.000
30170,2.4109,3.7606,131.49,2.4109,3.7626,0,1,0,0,0,20,20,0,0,0,0,0,1000.000
30180,2.4109,3.7606,131.55,2.4109,3.7626,0,1,0,0,0,20,20,0,0,0,0,0,1000.000
30190,2.4109,3.7606,131.64,2.4109,3.7626,0,1,0,0,0,20,20,0,0,0,0,0,1000.000
30200,2.4109,3.7606,131.71,2.4109,3.7626,0,1,0,0,0,20,20,0,0,0,0,0,1000.000
30210,2.4109,3.7606,131.78,2.4109,3.7626,0,1,0,0,0,20,20,0,0,0,0,0,1000.000
30220,2.4109,3.7606,131.86,2.4109,3.7626,0,1,0,0,0,20,20,0,0,0,0,0,1000.000
30230,2.4109,3.7606,131.94,2.4109,3.7626,0,1,0,0,0,20,20,0,0,0,0,0,1000.000
30240,2.4109,3.7606,132.00,2.4109,3.7626,0,1,0,0,0,20,20,0,0,0,0,0,1000.000
30250,2.4109,3.7606,132.07,2.4109,3.7626,0,1,0,0,0,20,20,0,0,0,0,0,1000.000
30260,2.4109,3.7606,132.16,2.4109,3.7626,0,1,0,0,0,20,20,0,0,0,0,0,1000.000
30270,2.4109,3.7606,132.22,2.4109,3.7626,0,1,0,0,0,20,20,0,0,0,0,0,1000.000
30280,2.4109,3.7606,132.30,2.4109,3.7626,0,1,0,0,0,20,20,0,0,0,0,0,1000.000
30290,2.4109,3.7606,132.37,2.4109,3.7626,0,1,0,0,0,20,20,0,0,0,0,0,1000.000
30300,2.4109,3.7606,132.44,2.4109,3.7626,0,1,0,0,0,20,20,0,0,0,0,0,1000.000
30310,2.4109,3.7606,132.51,2.4109,3.7626,0,1,0,0,0,20,20,0,0,0,0,0,1000.000
30320,2.4109,3.7606,132.60,2.4109,3.7626,0,1,0,0,0,20,20,0,0,0,0,0,1000.000
30330,2.4109,3.7606,132.66,2.4109,3.7626,0,1,0,0,0,20,20,0,0,0,0,0,1000.000
30340,2.4109,3.7606,132.73,2.4109,3.7626,0,1,0,0,0,20,20,0,0,0,0,0,1000.000
30350,2.4109,3.7606,132.80,2.4109,3.7626,0,1,0,0,0,20,20,0,0,0,0,0,1000.000
30360,2.4109,3.7606,132.87,2.4109,3.7626,0,1,0,0,0,20,20,0,0,0,0,0,1000.000
30370,2.4109,3.7606,132.94,2.4109,3.7626,0,1,0,0,0,20,20,0,0,0,0,0,1000.000
30380,2.4109,3.7606,133.01,2.4109,3.7626,0,1,0,0,0,20,20,0,0,0,0,0,1000.000
30390,2.4109,3.7606,133.09,2.4109,3.7626,0,1,0,0,0,20,20,0,0,0,0,0,1000.000
30400,2.4109,3.7606,133.15,2.4109,3.7626,0,1,0,0,0,20,20,0,0,0,0,0,1000.000
30410,2.4109,3.7606,133.23,2.4109,3.7626,0,1,0,0,0,20,20,0,0,0,0,0,1000.000
30420,2.4109,3.7606,133.29,2.4109,3.7626,0,1,0,0,0,20,20,0,0,0,0,0,1000.000
30430,2.4109,3.7606,133.36,2.4109,3.7626,0,1,0,0,0,20,20,0,0,0,0,0,1000.000
30440,2.4109,3.7606,133.43,2.4109,3.7626,0,1,0,0,0,20,20,0,0,0,0,0,1000.000
30450,2.4109,3.7606,133.50,2.4109,3.7626,0,1,0,0,0,20,20,0,0,0,0,0,1000.000
30460,2.4109,3.7606,133.57,2.4109,3.7626,0,1,0,0,0,20,20,0,0,0,0,0,1000.000
30470,2.4109,3.7606,133.64,2.4109,3.7626,0,1,0,0,0,20,20,0,0,0,0,0,1000.000
30480,2.4109,3.7606,133.71,2.4109,3.7626,0,1,0,0,0,20,20,0,0,0,0,0,1000.000
30490,2.4109,3.7606,133.78,2.4109,3.7626,0,1,0,0,0,20,20,0,0,0,0,0,1000.000
30500,2.4109,3.7606,133.85,2.4109,3.7626,0,1,0,0,0,20,20,0,0,0,0,0,1000.000
30510,2.4109,3.7606,133.92,2.4109,3.7626,0,1,0,0,0,20,20,0,0,0,0,0,1000.000
30520,2.4109,3.7606,133.99,2.4109,3.7626,0,1,0,0,0,20,20,0,0,0,0,0,1000.000
30530,2.4109,3.7606,134.06,2.4109,3.7626,0,1,0,0,0,20,20,0,0,0,0,0,1000.000
30540,2.4109,3.7606,134.13,2.4109,3.7626,0,1,0,0,0,20,20,0,0,0,0,0,1000.000
30550,2.4109,3.7606,134.20,2.4109,3.7626,0,1,0,0,0,20,20,0,0,0,0,0,1000.000
30560,2.4109,3.7606,134.27,2.4109,3.7626,0,1,0,0,0,20,20,0,0,0,0,0,1000.000
30570,2.4109,3.7606,134.34,2.4109,3.7626,0,1,0,0,0,20,20,0,0,0,0,0,1000.000
30580,2.4109,3.7606,134.40,2.4109,3.7626,0,1,0,0,0,20,20,0,0,0,0,0,1000.000
30590,2.4109,3.7606,134.48,2.4109,3.7626,0,1,0,0,0,20,20,0,0,0,0,0,1000.000
30600,2.4109,3.7606,134.54,2.4109,3.7626,0,1,0,0,0,20,20,0,0,0,0,0,1000.000
30610,2.4109,3.7606,134.62,2.4109,3.7626,0,1,0,0,0,20,20,0,0,0,0,0,1000.000
30620,2.4109,3.7606,134.68,2.4109,3.7626,0,1,0,0,0,20,20,0,0,0,0,0,1000.000
30630,2.4109,3.7606,134.76,2.4109,3.7626,0,1,0,0,0,20,20,0,0,0,0,0,1000.000
30640,2.4109,3.7606,134.82,2.4109,3.7626,0,1,0,0,0,20,20,0,0,0,0,0,1000.000
30650,2.4109,3.7606,134.89,2.4109,3.7626,0,1,0,0,0,20,20,0,0,0,0,0,1000.000
30660,2.4109,3.7606,134.96,2.4109,3.7626,0,1,0,0,0,20,20,0,0,0,0,0,1000.000
30670,2.4109,3.7606,135.03,2.4109,3.7626,0,1,0,0,0,20,20,0,0,0,0,0,1000.000
30680,2.4109,3.7606,135.09,2.4109,3.7626,0,1,0,0,0,20,20,0,0,0,0,0,1000.000
30690,2.4109,3.7606,135.17,2.4109,3.7626,0,1,0,0,0,20,20,0,0,0,0,0,1000.000
30700,2.4109,3.7606,135.23,2.4109,3.7626,0,1,0,0,0,20,20,0,0,0,0,0,1000.000
30710,2.4109,3.7606,135.30,2.4109,3.7626,0,1,0,0,0,20,20,0,0,0,0,0,1000.000
30720,2.4109,3.7606,135.37,2.4109,3.7626,0,1,0,0,0,20,20,0,0,0,0,0,1000.000
30730,2.4109,3.7606,135.44,2.4109,3.7626,0,1,0,0,0,20,20,0,0,0,0,0,1000.000
30740,2.4109,3.7606,135.50,2.4109,3.7626,0,1,0,0,0,20,20,0,0,0,0,0,1000.000
30750,2.4109,3.7606,135.57,2.4109,3.7626,0,1,0,0,0,20,20,0,0,0,0,0,1000.000
30760,2.4109,3.7606,135.64,2.4109,3.7626,0,1,0,0,0,20,20,0,0,0,0,0,1000.000
30770,2.4109,3.7606,135.70,2.4109,3.7626,0,1,0,0,0,20,20,0,0,0,0,0,1000.000
30780,2.4109,3.7606,135.77,2.4109,3.7626,0,1,0,0,0,20,20,0,0,0,0,0,1000.000
30790,2.4109,3.7606,135.84,2.4109,3.7626,0,1,0,0,0,20,20,0,0,0,0,0,1000.000
30800,2.4109,3.7606,135.90,2.4109,3.7626,0,1,0,0,0,20,20,0,0,0,0,0,1000.000
30810,2.4109,3.7606,135.97,2.4109,3.7626,0,1,0,0,0,20,20,0,0,0,0,0,1000.000
30820,2.4109,3.7606,136.04,2.4109,3.7626,0,1,0,0,0,20,20,0,0,0,0,0,1000.000
30830,2.4109,3.7606,136.10,2.4109,3.7626,0,1,0,0,0,20,20,0,0,0,0,0,1000.000
30840,2.4109,3.7606,136.18,2.4109,3.7626,0,1,0,0,0,20,20,0,0,0,0,0,1000.000
30850,2.4109,3.7606,136.24,2.4109,3.7626,0,1,0,0,0,20,20,0,0,0,0,0,1000.000
30860,2.4109,3.7606,136.31,2.4109,3.7626,0,1,0,0,0,20,20,0,0,0,0,0,1000.000
30870,2.4109,3.7606,136.37,2.4109,3.7626,0,1,0,0,0,20,20,0,0,0,0,0,1000.000
30880,2.4109,3.7606,136.44,2.4109,3.7626,0,1,0,0,0,20,20,0,0,0,0,0,1000.000
30890,2.4109,3.7606,136.51,2.4109,3.7626,0,1,0,0,0,20,20,0,0,0,0,0,1000.000
30900,2.4109,3.7606,136.57,2.4109,3.7626,0,1,0,0,0,20,20,0,0,0,0,0,1000.000
30910,2.4109,3.7606,136.63,2.4109,3.7626,0,1,0,0,0,20,20,0,0,0,0,0,1000.000
30920,2.4109,3.7606,136.71,2.4109,3.7626,0,1,0,0,0,20,20,0,0,0,0,0,1000.000
30930,2.4109,3.7606,136.77,2.4109,3.7626,0,1,0,0,0,20,20,0,0,0,0,0,1000.000
30940,2.4109,3.7606,136.83,2.4109,3.7626,0,1,0,0,0,20,20,0,0,0,0,0,1000.000
30950,2.4109,3.7606,136.90,2.4109,3.7626,0,1,0,0,0,20,20,0,0,0,0,0,1000.000
30960,2.4109,3.7606,136.96,2.4109,3.7626,0,1,0,0,0,20,20,0,0,0,0,0,1000.000
30970,2.4109,3.7606,137.03,2.4109,3.7626,0,1,0,0,0,20,20,0,0,0,0,0,1000.000
30980,2.4109,3.7606,137.09,2.4109,3.7626,0,1,0,0,0,20,20,0,0,0,0,0,1000.000
30990,2.4109,3.7606,137.15,2.4109,3.7626,0,1,0,0,0,20,20,0,0,0,0,0,1000.000
31000,2.4109,3.7606,137.22,2.4109,3.7626,0,1,0,0,0,20,20,0,0,0,0,0,1000.000
31010,2.4109,3.7606,137.28,2.4109,3.7626,0,1,0,0,0,20,20,0,0,0,0,0,1000.000
31020,2.4109,3.7606,137.35,2.4109,3.7626,0,1,0,0,0,20,20,0,0,0,0,0,1000.000
31030,2.4109,3.7606,137.41,2.4109,3.7626,0,1,0,0,0,20,20,0,0,0,0,0,1000.000
31040,2.4109,3.7606,137.48,2.4109,3.7626,0,1,0,0,0,20,20,0,0,0,0,0,1000.000
31050,2.4109,3.7606,137.54,2.4109,3.7626,0,1,0,0,0,20,20,0,0,0,0,0,1000.000
31060,2.4109,3.7606,137.60,2.4109,3.7626,0,1,0,0,0,20,20,0,0,0,0,0,1000.000
31070,2.4109,3.7606,137.67,2.4109,3.7626,0,1,0,0,0,20,20,0,0,0,0,0,1000.000
31080,2.4109,3.7606,137.73,2.4109,3.7626,0,1,0,0,0,20,20,0,0,0,0,0,1000.000
31090,2.4109,3.7606,137.80,2.4109,3.7626,0,1,0,0,0,20,20,0,0,0,0,0,1000.000
31100,2.4109,3.7606,137.86,2.4109,3.7626,0,1,0,0,0,20,20,0,0,0,0,0,1000.000
31110,2.4109,3.7606,137.92,2.4109,3.7626,0,1,0,0,0,20,20,0,0,0,0,0,1000.000
31120,2.4109,3.7606,137.99,2.4109,3.7626,0,1,0,0,0,20,20,0,0,0,0,0,1000.000
31130,2.4109,3.7606,138.05,2.4109,3.7626,0,1,0,0,0,20,20,0,0,0,0,0,1000.000
31140,2.4109,3.7606,138.12,2.4109,3.7626,0,1,0,0,0,20,20,0,0,0,0,0,1000.000
31150,2.4109,3.7606,138.18,2.4109,3.7626,0,1,0,0,0,20,20,0,0,0,0,0,1000.000
31160,2.4109,3.7606,138.24,2.4109,3.7626,0,1,0,0,0,20,20,0,0,0,0,0,1000.000
31170,2.4109,3.7606,138.30,2.4109,3.7626,0,1,0,0,0,20,20,0,0,0,0,0,1000.000
31180,2.4109,3.7606,138.36,2.4109,3.7626,0,1,0,0,0,20,20,0,0,0,0,0,1000.000
31190,2.4109,3.7606,138.43,2.4109,3.7626,0,1,0,0,0,20,20,0,0,0,0,0,1000.000
31200,2.4109,3.7606,138.49,2.4109,3.7626,0,1,0,0,0,20,20,0,0,0,0,0,1000.000
31210,2.4109,3.7606,138.55,2.4109,3.7626,0,1,0,0,0,20,20,0,0,0,0,0,1000.000
31220,2.4109,3.7606,138.61,2.4109,3.7626,0,1,0,0,0,20,20,0,0,0,0,0,1000.000
31230,2.4109,3.7606,138.68,2.4109,3.7626,0,1,0,0,0,20,20,0,0,0,0,0,1000.000
31240,2.4109,3.7606,138.74,2.4109,3.7626,0,1,0,0,0,20,20,0,0,0,0,0,1000.000
31250,2.4109,3.7606,138.80,2.4109,3.7626,0,1,0,0,0,20,20,0,0,0,0,0,1000.000
31260,2.4109,3.7606,138.86,2.4109,3.7626,0,1,0,0,0,20,20,0,0,0,0,0,1000.000
31270,2.4109,3.7606,138.92,2.4109,3.7626,0,1,0,0,0,20,20,0,0,0,0,0,1000.000
31280,2.4109,3.7606,138.99,2.4109,3.7626,0,1,0,0,0,20,20,0,0,0,0,0,1000.000
31290,2.4109,3.7606,139.05,2.4109,3.7626,0,1,0,0,0,20,20,0,0,0,0,0,1000.000
31300,2.4109,3.7606,139.11,2.4109,3.7626,0,1,0,0,0,20,20,0,0,0,0,0,1000.000
31310,2.4109,3.7606,139.17,2.4109,3.7626,0,1,0,0,0,20,20,0,0,0,0,0,1000.000
31320,2.4109,3.7606,139.24,2.4109,3.7626,0,1,0,0,0,20,20,0,0,0,0,0,1000.000
31330,2.4109,3.7606,139.30,2.4109,3.7626,0,1,0,0,0,20,20,0,0,0,0,0,1000.000
31340,2.4109,3.7606,139.36,2.4109,3.7626,0,1,0,0,0,20,20,0,0,0,0,0,1000.000
31350,2.4109,3.7606,139.42,2.4109,3.7626,0,1,0,0,0,20,20,0,0,0,0,0,1000.000
31360,2.4109,3.7606,139.48,2.4109,3.7626,0,1,0,0,0,20,20,0,0,0,0,0,1000.000
31370,2.4109,3.7606,139.54,2.4109,3.7626,0,1,0,0,0,20,20,0,0,0,0,0,1000.000
31380,2.4109,3.7606,139.60,2.4109,3.7626,0,1,0,0,0,20,20,0,0,0,0,0,1000.000
31390,2.4109,3.7606,139.66,2.4109,3.7626,0,1,0,0,0,20,20,0,0,0,0,0,1000.000
31400,2.4109,3.7606,139.72,2.4109,3.7626,0,1,0,0,0,20,20,0,0,0,0,0,1000.000
31410,2.4109,3.7606,139.79,2.4109,3.7626,0,1,0,0,0,20,20,0,0,0,0,0,1000.000
31420,2.4109,3.7606,139.85,2.4109,3.7626,0,1,0,0,0,20,20,0,0,0,0,0,1000.000
31430,2.4109,3.7606,139.91,2.4109,3.7626,0,1,0,0,0,20,20,0,0,0,0,0,1000.000
31440,2.4109,3.7606,139.97,2.4109,3.7626,0,1,0,0,0,20,20,0,0,0,0,0,1000.000
31450,2.4109,3.7606,140.03,2.4109,3.7626,0,1,0,0,0,20,20,0,0,0,0,0,1000.000
31460,2.4109,3.7606,140.09,2.4109,3.7626,0,1,0,0,0,20,20,0,0,0,0,0,1000.000
31470,2.4109,3.7606,140.15,2.4109,3.7626,0,1,0,0,0,20,20,0,0,0,0,0,1000.000
31480,2.4109,3.7606,140.21,2.4109,3.7626,0,1,0,0,0,20,20,0,0,0,0,0,1000.000
31490,2.4109,3.7606,140.27,2.4109,3.7626,0,1,0,0,0,20,20,0,0,0,0,0,1000.000
31500,2.4109,3.7606,140.33,2.4109,3.7626,0,1,0,0,0,20,20,0,0,0,0,0,1000.000
31510,2.4109,3.7606,140.39,2.4109,3.7626,0,1,0,0,0,20,20,0,0,0,0,0,1000.000
31520,2.4109,3.7606,140.45,2.4109,3.7626,0,1,0,0,0,20,20,0,0,0,0,0,1000.000
31530,2.4109,3.7606,140.51,2.4109,3.7626,0,1,0,0,0,20,20,0,0,0,0,0,1000.000
31540,2.4109,3.7606,140.57,2.4109,3.7626,0,1,0,0,0,20,20,0,0,0,0,0,1000.000
31550,2.4109,3.7606,140.63,2.4109,3.7626,0,1,0,0,0,20,20,0,0,0,0,0,1000.000
31560,2.4109,3.7606,140.69,2.4109,3.7626,0,1,0,0,0,20,20,0,0,0,0,0,1000.000
31570,2.4109,3.7606,140.75,2.4109,3.7626,0,1,0,0,0,20,20,0,0,0,0,0,1000.000
31580,2.4109,3.7606,140.81,2.4109,3.7626,0,1,0,0,0,20,20,0,0,0,0,0,1000.000
31590,2.4109,3.7606,140.86,2.4109,3.7626,0,1,0,0,0,20,20,0,0,0,0,0,1000.000
31600,2.4109,3.7606,140.92,2.4109,3.7626,0,1,0,0,0,20,20,0,0,0,0,0,1000.000
31610,2.4109,3.7606,140.98,2.4109,3.7626,0,1,0,0,0,20,20,0,0,0,0,0,1000.000
31620,2.4109,3.7606,141.04,2.4109,3.7626,0,1,0,0,0,20,20,0,0,0,0,0,1000.000
31630,2.4109,3.7606,141.10,2.4109,3.7626,0,1,0,0,0,20,20,0,0,0,0,0,1000.000
31640,2.4109,3.7606,141.16,2.4109,3.7626,0,1,0,0,0,20,20,0,0,0,0,0,1000.000
31650,2.4109,3.7606,141.22,2.4109,3.7626,0,1,0,0,0,20,20,0,0,0,0,0,1000.000
31660,2.4109,3.7606,141.28,2.4109,3.7626,0,1,0,0,0,20,20,0,0,0,0,0,1000.000
31670,2.4109,3.7606,141.33,2.4109,3.7626,0,1,0,0,0,20,20,0,0,0,0,0,1000.000
31680,2.4109,3.7606,141.39,2.4109,3.7626,0,1,0,0,0,20,20,0,0,0,0,0,1000.000
31690,2.4109,3.7606,141.45,2.4109,3.7626,0,1,0,0,0,20,20,0,0,0,0,0,1000.000
31700,2.4109,3.7606,141.51,2.4109,3.7626,0,1,0,0,0,20,20,0,0,0,0,0,1000.000
31710,2.4109,3.7606,141.57,2.4109,3.7626,0,1,0,0,0,20,20,0,0,0,0,0,1000.000
31720,2.4109,3.7606,141.63,2.4109,3.7626,0,1,0,0,0,20,20,0,0,0,0,0,1000.000
31730,2.4109,3.7606,141.69,2.4109,3.7626,0,1,0,0,0,20,20,0,0,0,0,0,1000.000
31740,2.4109,3.7606,141.75,2.4109,3.7626,0,1,0,0,0,20,20,0,0,0,0,0,1000.000
31750,2.4109,3.7606,141.80,2.4109,3.7626,0,1,0,0,0,20,20,0,0,0,0,0,1000.000
31760,2.4109,3.7606,141.86,2.4109,3.7626,0,1,0,0,0,20,20,0,0,0,0,0,1000.000
31770,2.4109,3.7606,141.92,2.4109,3.7626,0,1,0,0,0,20,20,0,0,0,0,0,1000.000
31780,2.4109,3.7606,141.97,2.4109,3.7626,0,1,0,0,0,20,20,0,0,0,0,0,1000.000
31790,2.4109,3.7606,142.03,2.4109,3.7626,0,1,0,0,0,20,20,0,0,0,0,0,1000.000
31800,2.4109,3.7606,142.09,2.4109,3.7626,0,1,0,0,0,20,20,0,0,0,0,0,1000.000
31810,2.4109,3.7606,142.15,2.4109,3.7626,0,1,0,0,0,20,20,0,0,0,0,0,1000.000
31820,2.4109,3.7606,142.21,2.4109,3.7626,0,1,0,0,0,20,20,0,0,0,0,0,1000.000
31830,2.4109,3.7606,142.27,2.4109,3.7626,0,1,0,0,0,20,20,0,0,0,0,0,1000.000
31840,2.4109,3.7606,142.32,2.4109,3.7626,0,1,0,0,0,20,20,0,0,0,0,0,1000.000
31850,2.4109,3.7606,142.38,2.4109,3.7626,0,1,0,0,0,20,20,0,0,0,0,0,1000.000
31860,2.4109,3.7606,142.44,2.4109,3.7626,0,1,0,0,0,20,20,0,0,0,0,0,1000.000
31870,2.4109,3.7606,142.50,2.4109,3.7626,0,1,0,0,0,20,20,0,0,0,0,0,1000.000
31880,2.4109,3.7606,142.55,2.4109,3.7626,0,1,0,0,0,20,20,0,0,0,0,0,1000.000
31890,2.4109,3.7606,142.61,2.4109,3.7626,0,1,0,0,0,20,20,0,0,0,0,0,1000.000
31900,2.4109,3.7606,142.67,2.4109,3.7626,0,1,0,0,0,20,20,0,0,0,0,0,1000.000
31910,2.4109,3.7606,142.72,2.4109,3.7626,0,1,0,0,0,20,20,0,0,0,0,0,1000.000
31920,2.4109,3.7606,142.78,2.4109,3.7626,0,1,0,0,0,20,20,0,0,0,0,0,1000.000
31930,2.4109,3.7606,142.84,2.4109,3.7626,0,1,0,0,0,20,20,0,0,0,0,0,1000.000
31940,2.4109,3.7606,142.89,2.4109,3.7626,0,1,0,0,0,20,20,0,0,0,0,0,1000.000
31950,2.4109,3.7606,142.95,2.4109,3.7626,0,1,0,0,0,20,20,0,0,0,0,0,1000.000
31960,2.4109,3.7606,143.01,2.4109,3.7626,0,1,0,0,0,20,20,0,0,0,0,0,1000.000
31970,2.4109,3.7606,143.06,2.4109,3.7626,0,1,0,0,0,20,20,0,0,0,0,0,1000.000
31980,2.4109,3.7606,143.12,2.4109,3.7626,0,1,0,0,0,20,20,0,0,0,0,0,1000.000
31990,2.4109,3.7606,143.17,2.4109,3.7626,0,1,0,0,0,20,20,0,0,0,0,0,1000.000
32000,2.4109,3.7606,143.23,2.4109,3.7626,0,1,0,0,0,20,20,0,0,0,0,0,1000.000
32010,2.4109,3.7606,143.29,2.4109,3.7626,0,1,0,0,0,20,20,0,0,0,0,0,1000.000
32020,2.4109,3.7606,143.34,2.4109,3.7626,0,1,0,0,0,20,20,0,0,0,0,0,1000.000
32030,2.4109,3.7606,143.40,2.4109,3.7626,0,1,0,0,0,20,20,0,0,0,0,0,1000.000
32040,2.4109,3.7606,143.46,2.4109,3.7626,0,1,0,0,0,20,20,0,0,0,0,0,1000.000
32050,2.4109,3.7606,143.51,2.4109,3.7626,0,1,0,0,0,20,20,0,0,0,0,0,1000.000
32060,2.4109,3.7606,143.57,2.4109,3.7626,0,1,0,0,0,20,20,0,0,0,0,0,1000.000
32070,2.4109,3.7606,143.62,2.4109,3.7626,0,1,0,0,0,20,20,0,0,0,0,0,1000.000
32080,2.4109,3.7606,143.68,2.4109,3.7626,0,1,0,0,0,20,20,0,0,0,0,0,1000.000
32090,2.4109,3.7606,143.73,2.4109,3.7626,0,1,0,0,0,20,20,0,0,0,0,0,1000.000
32100,2.4109,3.7606,143.79,2.4109,3.7626,0,1,0,0,0,20,20,0,0,0,0,0,1000.000
32110,2.4109,3.7606,143.84,2.4109,3.7626,0,1,0,0,0,20,20,0,0,0,0,0,1000.000
32120,2.4109,3.7606,143.90,2.4109,3.7626,0,1,0,0,0,20,20,0,0,0,0,0,1000.000
32130,2.4109,3.7606,143.95,2.4109,3.7626,0,1,0,0,0,20,20,0,0,0,0,0,1000.000
32140,2.4109,3.7606,144.01,2.4109,3.7626,0,1,0,0,0,20,20,0,0,0,0,0,1000.000
32150,2.4109,3.7606,144.06,2.4109,3.7626,0,1,0,0,0,20,20,0,0,0,0,0,1000.000
32160,2.4109,3.7606,144.12,2.4109,3.7626,0,1,0,0,0,20,20,0,0,0,0,0,1000.000
32170,2.4109,3.7606,144.17,2.4109,3.7626,0,1,0,0,0,20,20,0,0,0,0,0,1000.000
32180,2.4109,3.7606,144.23,2.4109,3.7626,0,1,0,0,0,20,20,0,0,0,0,0,1000.000
32190,2.4109,3.7606,144.28,2.4109,3.7626,0,1,0,0,0,20,20,0,0,0,0,0,1000.000
32200,2.4109,3.7606,144.34,2.4109,3.7626,0,1,0,0,0,20,20,0,0,0,0,0,1000.000
32210,2.4109,3.7606,144.39,2.4109,3.7626,0,1,0,0,0,20,20,0,0,0,0,0,1000.000
32220,2.4109,3.7606,144.45,2.4109,3.7626,0,1,0,0,0,20,20,0,0,0,0,0,1000.000
32230,2.4109,3.7606,144.50,2.4109,3.7626,0,1,0,0,0,20,20,0,0,0,0,0,1000.000
32240,2.4109,3.7606,144.55,2.4109,3.7626,0,1,0,0,0,20,20,0,0,0,0,0,1000.000
32250,2.4109,3.7606,144.61,2.4109,3.7626,0,1,0,0,0,20,20,0,0,0,0,0,1000.000
32260,2.4109,3.7606,144.66,2.4109,3.7626,0,1,0,0,0,20,20,0,0,0,0,0,1000.000
32270,2.4109,3.7606,144.72,2.4109,3.7626,0,1,0,0,0,20,20,0,0,0,0,0,1000.000
32280,2.4109,3.7606,144.77,2.4109,3.7626,0,1,0,0,0,20,20,0,0,0,0,0,1000.000
32290,2.4109,3.7606,144.83,2.4109,3.7626,0,1,0,0,0,20,20,0,0,0,0,0,1000.000
32300,2.4109,3.7606,144.88,2.4109,3.7626,0,1,0,0,0,20,20,0,0,0,0,0,1000.000
32310,2.4109,3.7606,144.94,2.4109,3.7626,0,1,0,0,0,20,20,0,0,0,0,0,1000.000
32320,2.4109,3.7606,144.99,2.4109,3.7626,0,1,0,0,0,20,20,0,0,0,0,0,1000.000
32330,2.4109,3.7606,145.04,2.4109,3.7626,0,1,0,0,0,20,20,0,0,0,0,0,1000.000
32340,2.4109,3.7606,145.10,2.4109,3.7626,0,1,0,0,0,20,20,0,0,0,0,0,1000.000
32350,2.4109,3.7606,145.15,2.4109,3.7626,0,1,0,0,0,20,20,0,0,0,0,0,1000.000
32360,2.4109,3.7606,145.20,2.4109,3.7626,0,1,0,0,0,20,20,0,0,0,0,0,1000.000
32370,2.4109,3.7606,145.26,2.4109,3.7626,0,1,0,0,0,20,20,0,0,0,0,0,1000.000
32380,2.4109,3.7606,145.31,2.4109,3.7626,0,1,0,0,0,20,20,0,0,0,0,0,1000.000
32390,2.4109,3.7606,145.36,2.4109,3.7626,0,1,0,0,0,20,20,0,0,0,0,0,1000.000
32400,2.4109,3.7606,145.42,2.4109,3.7626,0,1,0,0,0,20,20,0,0,0,0,0,1000.000
32410,2.4109,3.7606,145.47,2.4109,3.7626,0,1,0,0,0,20,20,0,0,0,0,0,1000.000
32420,2.4109,3.7606,145.52,2.4109,3.7626,0,1,0,0,0,20,20,0,0,0,0,0,1000.000
32430,2.4109,3.7606,145.58,2.4109,3.7626,0,1,0,0,0,20,20,0,0,0,0,0,1000.000
32440,2.4109,3.7606,145.63,2.4109,3.7626,0,1,0,0,0,20,20,0,0,0,0,0,1000.000
32450,2.4109,3.7606,145.67,2.4109,3.7626,0,1,0,0,0,20,20,0,0,0,0,0,1000.000
32460,2.4109,3.7606,145.73,2.4109,3.7626,0,1,0,0,0,20,20,0,0,0,0,0,1000.000
32470,2.4109,3.7606,145.78,2.4109,3.7626,0,1,0,0,0,20,20,0,0,0,0,0,1000.000
32480,2.4109,3.7606,145.83,2.4109,3.7626,0,1,0,0,0,20,20,0,0,0,0,0,1000.000
32490,2.4109,3.7606,145.89,2.4109,3.7626,0,1,0,0,0,20,20,0,0,0,0,0,1000.000
32500,2.4109,3.7606,145.94,2.4109,3.7626,0,1,0,0,0,20,20,0,0,0,0,0,1000.000
32510,2.4109,3.7606,145.99,2.4109,3.7626,0,1,0,0,0,20,20,0,0,0,0,0,1000.000
32520,2.4109,3.7606,146.04,2.4109,3.7626,0,1,0,0,0,20,20,0,0,0,0,0,1000.000
32530,2.4109,3.7606,146.09,2.4109,3.7626,0,1,0,0,0,20,20,0,0,0,0,0,1000.000
32540,2.4109,3.7606,146.14,2.4109,3.7626,0,1,0,0,0,20,20,0,0,0,0,0,1000.000
32550,2.4109,3.7606,146.20,2.4109,3.7626,0,1,0,0,0,20,20,0,0,0,0,0,1000.000
32560,2.4109,3.7606,146.25,2.4109,3.7626,0,1,0,0,0,20,20,0,0,0,0,0,1000.000
32570,2.4109,3.7606,146.29,2.4109,3.7626,0,1,0,0,0,20,20,0,0,0,0,0,1000.000
32580,2.4109,3.7606,146.35,2.4109,3.7626,0,1,0,0,0,20,20,0,0,0,0,0,1000.000
32590,2.4109,3.7606,146.40,2.4109,3.7626,0,1,0,0,0,20,20,0,0,0,0,0,1000.000
32600,2.4109,3.7606,146.44,2.4109,3.7626,0,1,0,0,0,20,20,0,0,0,0,0,1000.000
32610,2.4109,3.7606,146.50,2.4109,3.7626,0,1,0,0,0,20,20,0,0,0,0,0,1000.000
32620,2.4109,3.7606,146.55,2.4109,3.7626,0,1,0,0,0,20,20,0,0,0,0,0,1000.000
32630,2.4109,3.7606,146.60,2.4109,3.7626,0,1,0,0,0,20,20,0,0,0,0,0,1000.000
32640,2.4109,3.7606,146.65,2.4109,3.7626,0,1,0,0,0,20,20,0,0,0,0,0,1000.000
32650,2.4109,3.7606,146.70,2.4109,3.7626,0,1,0,0,0,20,20,0,0,0,0,0,1000.000
32660,2.4109,3.7606,146.76,2.4109,3.7626,0,1,0,0,0,20,20,0,0,0,0,0,1000.000
32670,2.4109,3.7606,146.80,2.4109,3.7626,0,1,0,0,0,20,20,0,0,0,0,0,1000.000
32680,2.4109,3.7606,146.86,2.4109,3.7626,0,1,0,0,0,20,20,0,0,0,0,0,1000.000
32690,2.4109,3.7606,146.91,2.4109,3.7626,0,1,0,0,0,20,20,0,0,0,0,0,1000.000
32700,2.4109,3.7606,146.95,2.4109,3.7626,0,1,0,0,0,20,20,0,0,0,0,0,1000.000
32710,2.4109,3.7606,147.01,2.4109,3.7626,0,1,0,0,0,20,20,0,0,0,0,0,1000.000
32720,2.4109,3.7606,147.06,2.4109,3.7626,0,1,0,0,0,20,20,0,0,0,0,0,1000.000
32730,2.4109,3.7606,147.10,2.4109,3.7626,0,1,0,0,0,20,20,0,0,0,0,0,1000.000
32740,2.4109,3.7606,147.16,2.4109,3.7626,0,1,0,0,0,20,20,0,0,0,0,0,1000.000
32750,2.4109,3.7606,147.21,2.4109,3.7626,0,1,0,0,0,20,20,0,0,0,0,0,1000.000
32760,2.4109,3.7606,147.25,2.4109,3.7626,0,1,0,0,0,20,20,0,0,0,0,0,1000.000
32770,2.4109,3.7606,147.31,2.4109,3.7626,0,1,0,0,0,20,20,0,0,0,0,0,1000.000
32780,2.4109,3.7606,147.35,2.4109,3.7626,0,1,0,0,0,20,20,0,0,0,0,0,1000.000
32790,2.4109,3.7606,147.41,2.4109,3.7626,0,1,0,0,0,20,20,0,0,0,0,0,1000.000
32800,2.4109,3.7606,147.46,2.4109,3.7626,0,1,0,0,0,20,20,0,0,0,0,0,1000.000
32810,2.4109,3.7606,147.50,2.4109,3.7626,0,1,0,0,0,20,20,0,0,0,0,0,1000.000
32820,2.4109,3.7606,147.55,2.4109,3.7626,0,1,0,0,0,20,20,0,0,0,0,0,1000.000
32830,2.4109,3.7606,147.60,2.4109,3.7626,0,1,0,0,0,20,20,0,0,0,0,0,1000.000
32840,2.4109,3.7606,147.65,2.4109,3.7626,0,1,0,0,0,20,20,0,0,0,0,0,1000.000
32850,2.4109,3.7606,147.70,2.4109,3.7626,0,1,0,0,0,20,20,0,0,0,0,0,1000.000
32860,2.4109,3.7606,147.75,2.4109,3.7626,0,1,0,0,0,20,20,0,0,0,0,0,1000.000
32870,2.4109,3.7606,147.80,2.4109,3.7626,0,1,0,0,0,20,20,0,0,0,0,0,1000.000
32880,2.4109,3.7606,147.84,2.4109,3.7626,0,1,0,0,0,20,20,0,0,0,0,0,1000.000
32890,2.4109,3.7606,147.90,2.4109,3.7626,0,1,0,0,0,20,20,0,0,0,0,0,1000.000
32900,2.4109,3.7606,147.94,2.4109,3.7626,0,1,0,0,0,20,20,0,0,0,0,0,1000.000
32910,2.4109,3.7606,148.00,2.4109,3.7626,0,1,0,0,0,20,20,0,0,0,0,0,1000.000
32920,2.4109,3.7606,148.04,2.4109,3.7626,0,1,0,0,0,20,20,0,0,0,0,0,1000.000
32930,2.4109,3.7606,148.09,2.4109,3.7626,0,1,0,0,0,20,20,0,0,0,0,0,1000.000
32940,2.4109,3.7606,148.14,2.4109,3.7626,0,1,0,0,0,20,20,0,0,0,0,0,1000.000
32950,2.4109,3.7606,148.19,2.4109,3.7626,0,1,0,0,0,20,20,0,0,0,0,0,1000.000
32960,2.4109,3.7606,148.24,2.4109,3.7626,0,1,0,0,0,20,20,0,0,0,0,0,1000.000
32970,2.4109,3.7606,148.28,2.4109,3.7626,0,1,0,0,0,20,20,0,0,0,0,0,1000.000
32980,2.4109,3.7606,148.34,2.4109,3.7626,0,1,0,0,0,20,20,0,0,0,0,0,1000.000
32990,2.4109,3.7606,148.38,2.4109,3.7626,0,1,0,0,0,20,20,0,0,0,0,0,1000.000
33000,2.4109,3.7606,148.43,2.4109,3.7626,0,1,0,0,0,20,20,0,0,0,0,0,1000.000
33010,2.4109,3.7606,148.47,2.4109,3.7626,0,1,0,0,0,20,20,0,0,0,0,0,1000.000
33020,2.4109,3.7606,148.53,2.4109,3.7626,0,1,0,0,0,20,20,0,0,0,0,0,1000.000
33030,2.4109,3.7606,148.57,2.4109,3.7626,0,1,0,0,0,20,20,0,0,0,0,0,1000.000
33040,2.4109,3.7606,148.62,2.4109,3.7626,0,1,0,0,0,20,20,0,0,0,0,0,1000.000
33050,2.4109,3.7606,148.67,2.4109,3.7626,0,1,0,0,0,20,20,0,0,0,0,0,1000.000
33060,2.4109,3.7606,148.72,2.4109,3.7626,0,1,0,0,0,20,20,0,0,0,0,0,1000.000
33070,2.4109,3.7606,148.76,2.4109,3.7626,0,1,0,0,0,20,20,0,0,0,0,0,1000.000
33080,2.4109,3.7606,148.81,2.4109,3.7626,0,1,0,0,0,20,20,0,0,0,0,0,1000.000
33090,2.4109,3.7606,148.86,2.4109,3.7626,0,1,0,0,0,20,20,0,0,0,0,0,1000.000
33100,2.4109,3.7606,148.91,2.4109,3.7626,0,1,0,0,0,20,20,0,0,0,0,0,1000.000
33110,2.4109,3.7606,148.95,2.4109,3.7626,0,1,0,0,0,20,20,0,0,0,0,0,1000.000
33120,2.4109,3.7606,149.01,2.4109,3.7626,0,1,0,0,0,20,20,0,0,0,0,0,1000.000
33130,2.4109,3.7606,149.05,2.4109,3.7626,0,1,0,0,0,20,20,0,0,0,0,0,1000.000
33140,2.4109,3.7606,149.10,2.4109,3.7626,0,1,0,0,0,20,20,0,0,0,0,0,1000.000
33150,2.4109,3.7606,149.14,2.4109,3.7626,0,1,0,0,0,20,20,0,0,0,0,0,1000.000
33160,2.4109,3.7606,149.20,2.4109,3.7626,0,1,0,0,0,20,20,0,0,0,0,0,1000.000
33170,2.4109,3.7606,149.24,2.4109,3.7626,0,1,0,0,0,20,20,0,0,0,0,0,1000.000
33180,2.4109,3.7606,149.29,2.4109,3.7626,0,1,0,0,0,20,20,0,0,0,0,0,1000.000
33190,2.4109,3.7606,149.34,2.4109,3.7626,0,1,0,0,0,20,20,0,0,0,0,0,1000.000
33200,2.4109,3.7606,149.39,2.4109,3.7626,0,1,0,0,0,20,20,0,0,0,0,0,1000.000
33210,2.4109,3.7606,149.43,2.4109,3.7626,0,1,0,0,0,20,20,0,0,0,0,0,1000.000
33220,2.4109,3.7606,149.46,2.4109,3.7626,0,1,0,0,0,20,20,0,0,0,0,0,1000.000
33230,2.4109,3.7606,149.52,2.4109,3.7626,0,1,0,0,0,20,20,0,0,0,0,0,1000.000
33240,2.4109,3.7606,149.57,2.4109,3.7626,0,1,0,0,0,20,20,0,0,0,0,0,1000.000
33250,2.4109,3.7606,149.61,2.4109,3.7626,0,1,0,0,0,20,20,0,0,0,0,0,1000.000
33260,2.4109,3.7606,149.66,2.4109,3.7626,0,1,0,0,0,20,20,0,0,0,0,0,1000.000
33270,2.4109,3.7606,149.71,2.4109,3.7626,0,1,0,0,0,20,20,0,0,0,0,0,1000.000
33280,2.4109,3.7606,149.75,2.4109,3.7626,0,1,0,0,0,20,20,0,0,0,0,0,1000.000
33290,2.4109,3.7606,149.80,2.4109,3.7626,0,1,0,0,0,20,20,0,0,0,0,0,1000.000
33300,2.4109,3.7606,149.85,2.4109,3.7626,0,1,0,0,0,20,20,0,0,0,0,0,1000.000
33310,2.4109,3.7606,149.90,2.4109,3.7626,0,1,0,0,0,20,20,0,0,0,0,0,1000.000
33320,2.4109,3.7606,149.94,2.4109,3.7626,0,1,0,0,0,20,20,0,0,0,0,0,1000.000
33330,2.4109,3.7606,149.98,2.4109,3.7626,0,1,0,0,0,20,20,0,0,0,0,0,1000.000
33340,2.4109,3.7606,150.04,2.4109,3.7626,0,1,0,0,0,20,20,0,0,0,0,0,1000.000
33350,2.4109,3.7606,150.07,2.4109,3.7626,0,1,0,0,0,20,20,0,0,0,0,0,1000.000
33360,2.4109,3.7606,150.11,2.4109,3.7626,0,1,0,0,0,20,20,0,0,0,0,0,1000.000
33370,2.4109,3.7606,150.16,2.4109,3.7626,0,1,0,0,0,20,20,0,0,0,0,0,1000.000
33380,2.4109,3.7606,150.21,2.4109,3.7626,0,1,0,0,0,20,20,0,0,0,0,0,1000.000
33390,2.4109,3.7606,150.26,2.4109,3.7626,0,1,0,0,0,20,20,0,0,0,0,0,1000.000
33400,2.4109,3.7606,150.29,2.4109,3.7626,0,1,0,0,0,20,20,0,0,0,0,0,1000.000
33410,2.4109,3.7606,150.33,2.4109,3.7626,0,1,0,0,0,20,20,0,0,0,0,0,1000.000
33420,2.4109,3.7606,150.39,2.4109,3.7626,0,1,0,0,0,20,20,0,0,0,0,0,1000.000
33430,2.4109,3.7606,150.43,2.4109,3.7626,0,1,0,0,0,20,20,0,0,0,0,0,1000.000
33440,2.4109,3.7606,150.47,2.4109,3.7626,0,1,0,0,0,20,20,0,0,0,0,0,1000.000
33450,2.4109,3.7606,150.52,2.4109,3.7626,0,1,0,0,0,20,20,0,0,0,0,0,1000.000
33460,2.4109,3.7606,150.56,2.4109,3.7626,0,1,0,0,0,20,20,0,0,0,0,0,1000.000
33470,2.4109,3.7606,150.61,2.4109,3.7626,0,1,0,0,0,20,20,0,0,0,0,0,1000.000
33480,2.4109,3.7606,150.65,2.4109,3.7626,0,1,0,0,0,20,20,0,0,0,0,0,1000.000
33490,2.4109,3.7606,150.69,2.4109,3.7626,0,1,0,0,0,20,20,0,0,0,0,0,1000.000
33500,2.4109,3.7606,150.74,2.4109,3.7626,0,1,0,0,0,20,20,0,0,0,0,0,1000.000
33510,2.4109,3.7606,150.78,2.4109,3.7626,0,1,0,0,0,20,20,0,0,0,0,0,1000.000
33520,2.4109,3.7606,150.83,2.4109,3.7626,0,1,0,0,0,20,20,0,0,0,0,0,1000.000
33530,2.4109,3.7606,150.88,2.4109,3.7626,0,1,0,0,0,20,20,0,0,0,0,0,1000.000
33540,2.4109,3.7606,150.92,2.4109,3.7626,0,1,0,0,0,20,20,0,0,0,0,0,1000.000
33550,2.4109,3.7606,150.95,2.4109,3.7626,0,1,0,0,0,20,20,0,0,0,0,0,1000.000
33560,2.4109,3.7606,151.01,2.4109,3.7626,0,1,0,0,0,20,20,0,0,0,0,0,1000.000
33570,2.4109,3.7606,151.05,2.4109,3.7626,0,1,0,0,0,20,20,0,0,0,0,0,1000.000
33580,2.4109,3.7606,151.09,2.4109,3.7626,0,1,0,0,0,20,20,0,0,0,0,0,1000.000
33590,2.4109,3.7606,151.15,2.4109,3.7626,0,1,0,0,0,20,20,0,0,0,0,0,1000.000
33600,2.4109,3.7606,151.19,2.4109,3.7626,0,1,0,0,0,20,20,0,0,0,0,0,1000.000
33610,2.4109,3.7606,151.22,2.4109,3.7626,0,1,0,0,0,20,20,0,0,0,0,0,1000.000
33620,2.4109,3.7606,151.27,2.4109,3.7626,0,1,0,0,0,20,20,0,0,0,0,0,1000.000
33630,2.4109,3.7606,151.31,2.4109,3.7626,0,1,0,0,0,20,20,0,0,0,0,0,1000.000
33640,2.4109,3.7606,151.35,2.4109,3.7626,0,1,0,0,0,20,20,0,0,0,0,0,1000.000
33650,2.4109,3.7606,151.40,2.4109,3.7626,0,1,0,0,0,20,20,0,0,0,0,0,1000.000
33660,2.4109,3.7606,151.44,2.4109,3.7626,0,1,0,0,0,20,20,0,0,0,0,0,1000.000
33670,2.4109,3.7606,151.47,2.4109,3.7626,0,1,0,0,0,20,20,0,0,0,0,0,1000.000
33680,2.4109,3.7606,151.53,2.4109,3.7626,0,1,0,0,0,20,20,0,0,0,0,0,1000.000
33690,2.4109,3.7606,151.57,2.4109,3.7626,0,1,0,0,0,20,20,0,0,0,0,0,1000.000
33700,2.4109,3.7606,151.60,2.4109,3.7626,0,1,0,0,0,20,20,0,0,0,0,0,1000.000
33710,2.4109,3.7606,151.65,2.4109,3.7626,0,1,0,0,0,20,20,0,0,0,0,0,1000.000
33720,2.4109,3.7606,151.69,2.4109,3.7626,0,1,0,0,0,20,20,0,0,0,0,0,1000.000
33730,2.4109,3.7606,151.73,2.4109,3.7626,0,1,0,0,0,20,20,0,0,0,0,0,1000.000
33740,2.4109,3.7606,151.78,2.4109,3.7626,0,1,0,0,0,20,20,0,0,0,0,0,1000.000
33750,2.4109,3.7606,151.82,2.4109,3.7626,0,1,0,0,0,20,20,0,0,0,0,0,1000.000
33760,2.4109,3.7606,151.86,2.4109,3.7626,0,1,0,0,0,20,20,0,0,0,0,0,1000.000
33770,2.4109,3.7606,151.91,2.4109,3.7626,0,1,0,0,0,20,20,0,0,0,0,0,1000.000
33780,2.4109,3.7606,151.95,2.4109,3.7626,0,1,0,0,0,20,20,0,0,0,0,0,1000.000
33790,2.4109,3.7606,151.98,2.4109,3.7626,0,1,0,0,0,20,20,0,0,0,0,0,1000.000
33800,2.4109,3.7606,152.04,2.4109,3.7626,0,1,0,0,0,20,20,0,0,0,0,0,1000.000
33810,2.4109,3.7606,152.08,2.4109,3.7626,0,1,0,0,0,20,20,0,0,0,0,0,1000.000
33820,2.4109,3.7606,152.11,2.4109,3.7626,0,1,0,0,0,20,20,0,0,0,0,0,1000.000
33830,2.4109,3.7606,152.16,2.4109,3.7626,0,1,0,0,0,20,20,0,0,0,0,0,1000.000
33840,2.4109,3.7606,152.20,2.4109,3.7626,0,1,0,0,0,20,20,0,0,0,0,0,1000.000
33850,2.4109,3.7606,152.24,2.4109,3.7626,0,1,0,0,0,20,20,0,0,0,0,0,1000.000
33860,2.4109,3.7606,152.29,2.4109,3.7626,0,1,0,0,0,20,20,0,0,0,0,0,1000.000
33870,2.4109,3.7606,152.33,2.4109,3.7626,0,1,0,0,0,20,20,0,0,0,0,0,1000.000
33880,2.4109,3.7606,152.36,2.4109,3.7626,0,1,0,0,0,20,20,0,0,0,0,0,1000.000
33890,2.4109,3.7606,152.42,2.4109,3.7626,0,1,0,0,0,20,20,0,0,0,0,0,1000.000
33900,2.4109,3.7606,152.46,2.4109,3.7626,0,1,0,0,0,20,20,0,0,0,0,0,1000.000
33910,2.4109,3.7606,152.49,2.4109,3.7626,0,1,0,0,0,20,20,0,0,0,0,0,1000.000
33920,2.4109,3.7606,152.54,2.4109,3.7626,0,1,0,0,0,20,20,0,0,0,0,0,1000.000
33930,2.4109,3.7606,152.59,2.4109,3.7626,0,1,0,0,0,20,20,0,0,0,0,0,1000.000
33940,2.4109,3.7606,152.62,2.4109,3.7626,0,1,0,0,0,20,20,0,0,0,0,0,1000.000
33950,2.4109,3.7606,152.67,2.4109,3.7626,0,1,0,0,0,20,20,0,0,0,0,0,1000.000
33960,2.4109,3.7606,152.71,2.4109,3.7626,0,1,0,0,0,20,20,0,0,0,0,0,1000.000
33970,2.4109,3.7606,152.75,2.4109,3.7626,0,1,0,0,0,20,20,0,0,0,0,0,1000.000
33980,2.4109,3.7606,152.80,2.4109,3.7626,0,1,0,0,0,20,20,0,0,0,0,0,1000.000
33990,2.4109,3.7606,152.84,2.4109,3.7626,0,1,0,0,0,20,20,0,0,0,0,0,1000.000
34000,2.4109,3.7606,152.87,2.4109,3.7626,0,1,0,0,0,20,20,0,0,0,0,0,1000.000
34010,2.4109,3.7606,152.93,2.4109,3.7626,0,1,0,0,0,20,20,0,0,0,0,0,1000.000
34020,2.4109,3.7606,152.97,2.4109,3.7626,0,1,0,0,0,20,20,0,0,0,0,0,1000.000
34030,2.4109,3.7606,153.00,2.4109,3.7626,0,1,0,0,0,20,20,0,0,0,0,0,1000.000
34040,2.4109,3.7606,153.05,2.4109,3.7626,0,1,0,0,0,20,20,0,0,0,0,0,1000.000
34050,2.4109,3.7606,153.09,2.4109,3.7626,0,1,0,0,0,20,20,0,0,0,0,0,1000.000
34060,2.4109,3.7606,153.13,2.4109,3.7626,0,1,0,0,0,20,20,0,0,0,0,0,1000.000
34070,2.4109,3.7606,153.17,2.4109,3.7626,0,1,0,0,0,20,20,0,0,0,0,0,1000.000
34080,2.4109,3.7606,153.21,2.4109,3.7626,0,1,0,0,0,20,20,0,0,0,0,0,1000.000
34090,2.4109,3.7606,153.24,2.4109,3.7626,0,1,0,0,0,20,20,0,0,0,0,0,1000.000
34100,2.4109,3.7606,153.30,2.4109,3.7626,0,1,0,0,0,20,20,0,0,0,0,0,1000.000
34110,2.4109,3.7606,153.34,2.4109,3.7626,0,1,0,0,0,20,20,0,0,0,0,0,1000.000
34120,2.4109,3.7606,153.37,2.4109,3.7626,0,1,0,0,0,20,20,0,0,0,0,0,1000.000
34130,2.4109,3.7606,153.41,2.4109,3.7626,0,1,0,0,0,20,20,0,0,0,0,0,1000.000
34140,2.4109,3.7606,153.45,2.4109,3.7626,0,1,0,0,0,20,20,0,0,0,0,0,1000.000
34150,2.4109,3.7606,153.49,2.4109,3.7626,0,1,0,0,0,20,20,0,0,0,0,0,1000.000
34160,2.4109,3.7606,153.54,2.4109,3.7626,0,1,0,0,0,20,20,0,0,0,0,0,1000.000
34170,2.4109,3.7606,153.58,2.4109,3.7626,0,1,0,0,0,20,20,0,0,0,0,0,1000.000
34180,2.4109,3.7606,153.62,2.4109,3.7626,0,1,0,0,0,20,20,0,0,0,0,0,1000.000
34190,2.4109,3.7606,153.66,2.4109,3.7626,0,1,0,0,0,20,20,0,0,0,0,0,1000.000
34200,2.4109,3.7606,153.70,2.4109,3.7626,0,1,0,0,0,20,20,0,0,0,0,0,1000.000
34210,2.4109,3.7606,153.73,2.4109,3.7626,0,1,0,0,0,20,20,0,0,0,0,0,1000.000
34220,2.4109,3.7606,153.78,2.4109,3.7626,0,1,0,0,0,20,20,0,0,0,0,0,1000.000
34230,2.4109,3.7606,153.82,2.4109,3.7626,0,1,0,0,0,20,20,0,0,0,0,0,1000.000
34240,2.4109,3.7606,153.85,2.4109,3.7626,0,1,0,0,0,20,20,0,0,0,0,0,1000.000
34250,2.4109,3.7606,153.88,2.4109,3.7626,0,1,0,0,0,20,20,0,0,0,0,0,1000.000
34260,2.4109,3.7606,153.93,2.4109,3.7626,0,1,0,0,0,20,20,0,0,0,0,0,1000.000
34270,2.4109,3.7606,153.97,2.4109,3.7626,0,1,0,0,0,20,20,0,0,0,0,0,1000.000
34280,2.4109,3.7606,154.01,2.4109,3.7626,0,1,0,0,0,20,20,0,0,0,0,0,1000.000
34290,2.4109,3.7606,154.05,2.4109,3.7626,0,1,0,0,0,20,20,0,0,0,0,0,1000.000
34300,2.4109,3.7606,154.09,2.4109,3.7626,0,1,0,0,0,20,20,0,0,0,0,0,1000.000
34310,2.4109,3.7606,154.12,2.4109,3.7626,0,1,0,0,0,20,20,0,0,0,0,0,1000.000
34320,2.4109,3.7606,154.18,2.4109,3.7626,0,1,0,0,0,20,20,0,0,0,0,0,1000.000
34330,2.4109,3.7606,154.22,2.4109,3.7626,0,1,0,0,0,20,20,0,0,0,0,0,1000.000
34340,2.4109,3.7606,154.25,2.4109,3.7626,0,1,0,0,0,20,20,0,0,0,0,0,1000.000
34350,2.4109,3.7606,154.29,2.4109,3.7626,0,1,0,0,0,20,20,0,0,0,0,0,1000.000
34360,2.4109,3.7606,154.32,2.4109,3.7626,0,1,0,0,0,20,20,0,0,0,0,0,1000.000
34370,2.4109,3.7606,154.38,2.4109,3.7626,0,1,0,0,0,20,20,0,0,0,0,0,1000.000
34380,2.4109,3.7606,154.42,2.4109,3.7626,0,1,0,0,0,20,20,0,0,0,0,0,1000.000
34390,2.4109,3.7606,154.44,2.4109,3.7626,0,1,0,0,0,20,20,0,0,0,0,0,1000.000
34400,2.4109,3.7606,154.47,2.4109,3.7626,0,1,0,0,0,20,20,0,0,0,0,0,1000.000
34410,2.4109,3.7606,154.53,2.4109,3.7626,0,1,0,0,0,20,20,0,0,0,0,0,1000.000
34420,2.4109,3.7606,154.57,2.4109,3.7626,0,1,0,0,0,20,20,0,0,0,0,0,1000.000
34430,2.4109,3.7606,154.60,2.4109,3.7626,0,1,0,0,0,20,20,0,0,0,0,0,1000.000
34440,2.4109,3.7606,154.64,2.4109,3.7626,0,1,0,0,0,20,20,0,0,0,0,0,1000.000
34450,2.4109,3.7606,154.67,2.4109,3.7626,0,1,0,0,0,20,20,0,0,0,0,0,1000.000
34460,2.4109,3.7606,154.71,2.4109,3.7626,0,1,0,0,0,20,20,0,0,0,0,0,1000.000
34470,2.4109,3.7606,154.75,2.4109,3.7626,0,1,0,0,0,20,20,0,0,0,0,0,1000.000
34480,2.4109,3.7606,154.79,2.4109,3.7626,0,1,0,0,0,20,20,0,0,0,0,0,1000.000
34490,2.4109,3.7606,154.83,2.4109,3.7626,0,1,0,0,0,20,20,0,0,0,0,0,1000.000
34500,2.4109,3.7606,154.86,2.4109,3.7626,0,1,0,0,0,20,20,0,0,0,0,0,1000.000
34510,2.4109,3.7606,154.90,2.4109,3.7626,0,1,0,0,0,20,20,0,0,0,0,0,1000.000
34520,2.4109,3.7606,154.94,2.4109,3.7626,0,1,0,0,0,20,20,0,0,0,0,0,1000.000
34530,2.4109,3.7606,154.98,2.4109,3.7626,0,1,0,0,0,20,20,0,0,0,0,0,1000.000
34540,2.4109,3.7606,155.02,2.4109,3.7626,0,1,0,0,0,20,20,0,0,0,0,0,1000.000
34550,2.4109,3.7606,155.05,2.4109,3.7626,0,1,0,0,0,20,20,0,0,0,0,0,1000.000
34560,2.4109,3.7606,155.09,2.4109,3.7626,0,1,0,0,0,20,20,0,0,0,0,0,1000.000
34570,2.4109,3.7606,155.13,2.4109,3.7626,0,1,0,0,0,20,20,0,0,0,0,0,1000.000
34580,2.4109,3.7606,155.17,2.4109,3.7626,0,1,0,0,0,20,20,0,0,0,0,0,1000.000
34590,2.4109,3.7606,155.20,2.4109,3.7626,0,1,0,0,0,20,20,0,0,0,0,0,1000.000
34600,2.4109,3.7606,155.24,2.4109,3.7626,0,1,0,0,0,20,20,0,0,0,0,0,1000.000
34610,2.4109,3.7606,155.28,2.4109,3.7626,0,1,0,0,0,20,20,0,0,0,0,0,1000.000
34620,2.4109,3.7606,155.32,2.4109,3.7626,0,1,0,0,0,20,20,0,0,0,0,0,1000.000
34630,2.4109,3.7606,155.35,2.4109,3.7626,0,1,0,0,0,20,20,0,0,0,0,0,1000.000
34640,2.4109,3.7606,155.39,2.4109,3.7626,0,1,0,0,0,20,20,0,0,0,0,0,1000.000
34650,2.4109,3.7606,155.42,2.4109,3.7626,0,1,0,0,0,20,20,0,0,0,0,0,1000.000
34660,2.4109,3.7606,155.46,2.4109,3.7626,0,1,0,0,0,20,20,0,0,0,0,0,1000.000
34670,2.4109,3.7606,155.50,2.4109,3.7626,0,1,0,0,0,20,20,0,0,0,0,0,1000.000
34680,2.4109,3.7606,155.54,2.4109,3.7626,0,1,0,0,0,20,20,0,0,0,0,0,1000.000
34690,2.4109,3.7606,155.57,2.4109,3.7626,0,1,0,0,0,20,20,0,0,0,0,0,1000.000
34700,2.4109,3.7606,155.61,2.4109,3.7626,0,1,0,0,0,20,20,0,0,0,0,0,1000.000
34710,2.4109,3.7606,155.65,2.4109,3.7626,0,1,0,0,0,20,20,0,0,0,0,0,1000.000
34720,2.4109,3.7606,155.69,2.4109,3.7626,0,1,0,0,0,20,20,0,0,0,0,0,1000.000
34730,2.4109,3.7606,155.72,2.4109,3.7626,0,1,0,0,0,20,20,0,0,0,0,0,1000.000
34740,2.4109,3.7606,155.76,2.4109,3.7626,0,1,0,0,0,20,20,0,0,0,0,0,1000.000
34750,2.4109,3.7606,155.79,2.4109,3.7626,0,1,0,0,0,20,20,0,0,0,0,0,1000.000
34760,2.4109,3.7606,155.83,2.4109,3.7626,0,1,0,0,0,20,20,0,0,0,0,0,1000.000
34770,2.4109,3.7606,155.87,2.4109,3.7626,0,1,0,0,0,20,20,0,0,0,0,0,1000.000
34780,2.4109,3.7606,155.91,2.4109,3.7626,0,1,0,0,0,20,20,0,0,0,0,0,1000.000
34790,2.4109,3.7606,155.94,2.4109,3.7626,0,1,0,0,0,20,20,0,0,0,0,0,1000.000
34800,2.4109,3.7606,155.98,2.4109,3.7626,0,1,0,0,0,20,20,0,0,0,0,0,1000.000
34810,2.4109,3.7606,156.02,2.4109,3.7626,0,1,0,0,0,20,20,0,0,0,0,0,1000.000
34820,2.4109,3.7606,156.06,2.4109,3.7626,0,1,0,0,0,20,20,0,0,0,0,0,1000.000
34830,2.4109,3.7606,156.09,2.4109,3.7626,0,1,0,0,0,20,20,0,0,0,0,0,1000.000
34840,2.4109,3.7606,156.13,2.4109,3.7626,0,1,0,0,0,20,20,0,0,0,0,0,1000.000
34850,2.4109,3.7606,156.16,2.4109,3.7626,0,1,0,0,0,20,20,0,0,0,0,0,1000.000
34860,2.4109,3.7606,156.20,2.4109,3.7626,0,1,0,0,0,20,20,0,0,0,0,0,1000.000
34870,2.4109,3.7606,156.24,2.4109,3.7626,0,1,0,0,0,20,20,0,0,0,0,0,1000.000
34880,2.4109,3.7606,156.28,2.4109,3.7626,0,1,0,0,0,20,20,0,0,0,0,0,1000.000
34890,2.4109,3.7606,156.30,2.4109,3.7626,0,1,0,0,0,20,20,0,0,0,0,0,1000.000
34900,2.4109,3.7606,156.33,2.4109,3.7626,0,1,0,0,0,20,20,0,0,0,0,0,1000.000
34910,2.4109,3.7606,156.39,2.4109,3.7626,0,1,0,0,0,20,20,0,0,0,0,0,1000.000
34920,2.4109,3.7606,156.43,2.4109,3.7626,0,1,0,0,0,20,20,0,0,0,0,0,1000.000
34930,2.4109,3.7606,156.45,2.4109,3.7626,0,1,0,0,0,20,20,0,0,0,0,0,1000.000
34940,2.4109,3.7606,156.48,2.4109,3.7626,0,1,0,0,0,20,20,0,0,0,0,0,1000.000
34950,2.4109,3.7606,156.52,2.4109,3.7626,0,1,0,0,0,20,20,0,0,0,0,0,1000.000
34960,2.4109,3.7606,156.55,2.4109,3.7626,0,1,0,0,0,20,20,0,0,0,0,0,1000.000
34970,2.4109,3.7606,156.59,2.4109,3.7626,0,1,0,0,0,20,20,0,0,0,0,0,1000.000
34980,2.4109,3.7606,156.63,2.4109,3.7626,0,1,0,0,0,20,20,0,0,0,0,0,1000.000
34990,2.4109,3.7606,156.67,2.4109,3.7626,0,1,0,0,0,20,20,0,0,0,0,0,1000.000
35000,2.4109,3.7606,156.70,2.4109,3.7626,0,1,0,0,0,20,20,0,0,0,0,0,1000.000
35010,2.4109,3.7606,156.73,2.4109,3.7626,0,1,0,0,0,20,20,0,0,0,0,0,1000.000
35020,2.4109,3.7606,156.77,2.4109,3.7626,0,1,0,0,0,20,20,0,0,0,0,0,1000.000
35030,2.4109,3.7606,156.81,2.4109,3.7626,0,1,0,0,0,20,20,0,0,0,0,0,1000.000
35040,2.4109,3.7606,156.85,2.4109,3.7626,0,1,0,0,0,20,20,0,0,0,0,0,1000.000
35050,2.4109,3.7606,156.88,2.4109,3.7626,0,1,0,0,0,20,20,0,0,0,0,0,1000.000
35060,2.4109,3.7606,156.91,2.4109,3.7626,0,1,0,0,0,20,20,0,0,0,0,0,1000.000
35070,2.4109,3.7606,156.95,2.4109,3.7626,0,1,0,0,0,20,20,0,0,0,0,0,1000.000
35080,2.4109,3.7606,156.97,2.4109,3.7626,0,1,0,0,0,20,20,0,0,0,0,0,1000.000
35090,2.4109,3.7606,157.01,2.4109,3.7626,0,1,0,0,0,20,20,0,0,0,0,0,1000.000
35100,2.4109,3.7606,157.05,2.4109,3.7626,0,1,0,0,0,20,20,0,0,0,0,0,1000.000
35110,2.4109,3.7606,157.08,2.4109,3.7626,0,1,0,0,0,20,20,0,0,0,0,0,1000.000
35120,2.4109,3.7606,157.12,2.4109,3.7626,0,1,0,0,0,20,20,0,0,0,0,0,1000.000
35130,2.4109,3.7606,157.14,2.4109,3.7626,0,1,0,0,0,20,20,0,0,0,0,0,1000.000
35140,2.4109,3.7606,157.18,2.4109,3.7626,0,1,0,0,0,20,20,0,0,0,0,0,1000.000
35150,2.4109,3.7606,157.22,2.4109,3.7626,0,1,0,0,0,20,20,0,0,0,0,0,1000.000
35160,2.4109,3.7606,157.25,2.4109,3.7626,0,1,0,0,0,20,20,0,0,0,0,0,1000.000
35170,2.4109,3.7606,157.29,2.4109,3.7626,0,1,0,0,0,20,20,0,0,0,0,0,1000.000
35180,2.4109,3.7606,157.31,2.4109,3.7626,0,1,0,0,0,20,20,0,0,0,0,0,1000.000
35190,2.4109,3.7606,157.35,2.4109,3.7626,0,1,0,0,0,20,20,0,0,0,0,0,1000.000
35200,2.4109,3.7606,157.39,2.4109,3.7626,0,1,0,0,0,20,20,0,0,0,0,0,1000.000
35210,2.4109,3.7606,157.42,2.4109,3.7626,0,1,0,0,0,20,20,0,0,0,0,0,1000.000
35220,2.4109,3.7606,157.46,2.4109,3.7626,0,1,0,0,0,20,20,0,0,0,0,0,1000.000
35230,2.4109,3.7606,157.48,2.4109,3.7626,0,1,0,0,0,20,20,0,0,0,0,0,1000.000
35240,2.4109,3.7606,157.51,2.4109,3.7626,0,1,0,0,0,20,20,0,0,0,0,0,1000.000
35250,2.4109,3.7606,157.55,2.4109,3.7626,0,1,0,0,0,20,20,0,0,0,0,0,1000.000
35260,2.4109,3.7606,157.59,2.4109,3.7626,0,1,0,0,0,20,20,0,0,0,0,0,1000.000
35270,2.4109,3.7606,157.62,2.4109,3.7626,0,1,0,0,0,20,20,0,0,0,0,0,1000.000
35280,2.4109,3.7606,157.66,2.4109,3.7626,0,1,0,0,0,20,20,0,0,0,0,0,1000.000
35290,2.4109,3.7606,157.68,2.4109,3.7626,0,1,0,0,0,20,20,0,0,0,0,0,1000.000
35300,2.4109,3.7606,157.71,2.4109,3.7626,0,1,0,0,0,20,20,0,0,0,0,0,1000.000
35310,2.4109,3.7606,157.75,2.4109,3.7626,0,1,0,0,0,20,20,0,0,0,0,0,1000.000
35320,2.4109,3.7606,157.79,2.4109,3.7626,0,1,0,0,0,20,20,0,0,0,0,0,1000.000
35330,2.4109,3.7606,157.82,2.4109,3.7626,0,1,0,0,0,20,20,0,0,0,0,0,1000.000
35340,2.4109,3.7606,157.86,2.4109,3.7626,0,1,0,0,0,20,20,0,0,0,0,0,1000.000
35350,2.4109,3.7606,157.88,2.4109,3.7626,0,1,0,0,0,20,20,0,0,0,0,0,1000.000
35360,2.4109,3.7606,157.92,2.4109,3.7626,0,1,0,0,0,20,20,0,0,0,0,0,1000.000
35370,2.4109,3.7606,157.95,2.4109,3.7626,0,1,0,0,0,20,20,0,0,0,0,0,1000.000
35380,2.4109,3.7606,157.99,2.4109,3.7626,0,1,0,0,0,20,20,0,0,0,0,0,1000.000
35390,2.4109,3.7606,158.02,2.4109,3.7626,0,1,0,0,0,20,20,0,0,0,0,0,1000.000
35400,2.4109,3.7606,158.06,2.4109,3.7626,0,1,0,0,0,20,20,0,0,0,0,0,1000.000
35410,2.4109,3.7606,158.08,2.4109,3.7626,0,1,0,0,0,20,20,0,0,0,0,0,1000.000
35420,2.4109,3.7606,158.12,2.4109,3.7626,0,1,0,0,0,20,20,0,0,0,0,0,1000.000
35430,2.4109,3.7606,158.16,2.4109,3.7626,0,1,0,0,0,20,20,0,0,0,0,0,1000.000
35440,2.4109,3.7606,158.18,2.4109,3.7626,0,1,0,0,0,20,20,0,0,0,0,0,1000.000
35450,2.4109,3.7606,158.21,2.4109,3.7626,0,1,0,0,0,20,20,0,0,0,0,0,1000.000
35460,2.4109,3.7606,158.25,2.4109,3.7626,0,1,0,0,0,20,20,0,0,0,0,0,1000.000
35470,2.4109,3.7606,158.27,2.4109,3.7626,0,1,0,0,0,20,20,0,0,0,0,0,1000.000
35480,2.4109,3.7606,158.30,2.4109,3.7626,0,1,0,0,0,20,20,0,0,0,0,0,1000.000
35490,2.4109,3.7606,158.34,2.4109,3.7626,0,1,0,0,0,20,20,0,0,0,0,0,1000.000
35500,2.4109,3.7606,158.37,2.4109,3.7626,0,1,0,0,0,20,20,0,0,0,0,0,1000.000
35510,2.4109,3.7606,158.40,2.4109,3.7626,0,1,0,0,0,20,20,0,0,0,0,0,1000.000
35520,2.4109,3.7606,158.44,2.4109,3.7626,0,1,0,0,0,20,20,0,0,0,0,0,1000.000
35530,2.4109,3.7606,158.46,2.4109,3.7626,0,1,0,0,0,20,20,0,0,0,0,0,1000.000
35540,2.4109,3.7606,158.49,2.4109,3.7626,0,1,0,0,0,20,20,0,0,0,0,0,1000.000
35550,2.4109,3.7606,158.53,2.4109,3.7626,0,1,0,0,0,20,20,0,0,0,0,0,1000.000
35560,2.4109,3.7606,158.56,2.4109,3.7626,0,1,0,0,0,20,20,0,0,0,0,0,1000.000
35570,2.4109,3.7606,158.59,2.4109,3.7626,0,1,0,0,0,20,20,0,0,0,0,0,1000.000
35580,2.4109,3.7606,158.63,2.4109,3.7626,0,1,0,0,0,20,20,0,0,0,0,0,1000.000
35590,2.4109,3.7606,158.65,2.4109,3.7626,0,1,0,0,0,20,20,0,0,0,0,0,1000.000
35600,2.4109,3.7606,158.68,2.4109,3.7626,0,1,0,0,0,20,20,0,0,0,0,0,1000.000
35610,2.4109,3.7606,158.72,2.4109,3.7626,0,1,0,0,0,20,20,0,0,0,0,0,1000.000
35620,2.4109,3.7606,158.74,2.4109,3.7626,0,1,0,0,0,20,20,0,0,0,0,0,1000.000
35630,2.4109,3.7606,158.78,2.4109,3.7626,0,1,0,0,0,20,20,0,0,0,0,0,1000.000
35640,2.4109,3.7606,158.82,2.4109,3.7626,0,1,0,0,0,20,20,0,0,0,0,0,1000.000
35650,2.4109,3.7606,158.84,2.4109,3.7626,0,1,0,0,0,20,20,0,0,0,0,0,1000.000
35660,2.4109,3.7606,158.87,2.4109,3.7626,0,1,0,0,0,20,20,0,0,0,0,0,1000.000
35670,2.4109,3.7606,158.91,2.4109,3.7626,0,1,0,0,0,20,20,0,0,0,0,0,1000.000
35680,2.4109,3.7606,158.93,2.4109,3.7626,0,1,0,0,0,20,20,0,0,0,0,0,1000.000
35690,2.4109,3.7606,158.97,2.4109,3.7626,0,1,0,0,0,20,20,0,0,0,0,0,1000.000
35700,2.4109,3.7606,159.01,2.4109,3.7626,0,1,0,0,0,20,20,0,0,0,0,0,1000.000
35710,2.4109,3.7606,159.03,2.4109,3.7626,0,1,0,0,0,20,20,0,0,0,0,0,1000.000
35720,2.4109,3.7606,159.06,2.4109,3.7626,0,1,0,0,0,20,20,0,0,0,0,0,1000.000
35730,2.4109,3.7606,159.10,2.4109,3.7626,0,1,0,0,0,20,20,0,0,0,0,0,1000.000
35740,2.4109,3.7606,159.12,2.4109,3.7626,0,1,0,0,0,20,20,0,0,0,0,0,1000.000
35750,2.4109,3.7606,159.16,2.4109,3.7626,0,1,0,0,0,20,20,0,0,0,0,0,1000.000
35760,2.4109,3.7606,159.20,2.4109,3.7626,0,1,0,0,0,20,20,0,0,0,0,0,1000.000
35770,2.4109,3.7606,159.22,2.4109,3.7626,0,1,0,0,0,20,20,0,0,0,0,0,1000.000
35780,2.4109,3.7606,159.25,2.4109,3.7626,0,1,0,0,0,20,20,0,0,0,0,0,1000.000
35790,2.4109,3.7606,159.29,2.4109,3.7626,0,1,0,0,0,20,20,0,0,0,0,0,1000.000
35800,2.4109,3.7606,159.31,2.4109,3.7626,0,1,0,0,0,20,20,0,0,0,0,0,1000.000
35810,2.4109,3.7606,159.35,2.4109,3.7626,0,1,0,0,0,20,20,0,0,0,0,0,1000.000
35820,2.4109,3.7606,159.39,2.4109,3.7626,0,1,0,0,0,20,20,0,0,0,0,0,1000.000
35830,2.4109,3.7606,159.41,2.4109,3.7626,0,1,0,0,0,20,20,0,0,0,0,0,1000.000
35840,2.4109,3.7606,159.44,2.4109,3.7626,0,1,0,0,0,20,20,0,0,0,0,0,1000.000
35850,2.4109,3.7606,159.48,2.4109,3.7626,0,1,0,0,0,20,20,0,0,0,0,0,1000.000
35860,2.4109,3.7606,159.50,2.4109,3.7626,0,1,0,0,0,20,20,0,0,0,0,0,1000.000
35870,2.4109,3.7606,159.54,2.4109,3.7626,0,1,0,0,0,20,20,0,0,0,0,0,1000.000
35880,2.4109,3.7606,159.58,2.4109,3.7626,0,1,0,0,0,20,20,0,0,0,0,0,1000.000
35890,2.4109,3.7606,159.60,2.4109,3.7626,0,1,0,0,0,20,20,0,0,0,0,0,1000.000
35900,2.4109,3.7606,159.63,2.4109,3.7626,0,1,0,0,0,20,20,0,0,0,0,0,1000.000
35910,2.4109,3.7606,159.67,2.4109,3.7626,0,1,0,0,0,20,20,0,0,0,0,0,1000.000
35920,2.4109,3.7606,159.69,2.4109,3.7626,0,1,0,0,0,20,20,0,0,0,0,0,1000.000
35930,2.4109,3.7606,159.73,2.4109,3.7626,0,1,0,0,0,20,20,0,0,0,0,0,1000.000
35940,2.4109,3.7606,159.77,2.4109,3.7626,0,1,0,0,0,20,20,0,0,0,0,0,1000.000
35950,2.4109,3.7606,159.79,2.4109,3.7626,0,1,0,0,0,20,20,0,0,0,0,0,1000.000
35960,2.4109,3.7606,159.82,2.4109,3.7626,0,1,0,0,0,20,20,0,0,0,0,0,1000.000
35970,2.4109,3.7606,159.86,2.4109,3.7626,0,1,0,0,0,20,20,0,0,0,0,0,1000.000
35980,2.4109,3.7606,159.88,2.4109,3.7626,0,1,0,0,0,20,20,0,0,0,0,0,1000.000
35990,2.4109,3.7606,159.91,2.4109,3.7626,0,1,0,0,0,20,20,0,0,0,0,0,1000.000
36000,2.4109,3.7606,159.95,2.4109,3.7626,0,1,0,0,0,20,20,0,0,0,0,0,1000.000
36010,2.4109,3.7606,159.98,2.4109,3.7626,0,1,0,0,0,20,20,0,0,0,0,0,1000.000
36020,2.4109,3.7606,160.01,2.4109,3.7626,0,1,0,0,0,20,20,0,0,0,0,0,1000.000
36030,2.4109,3.7606,160.05,2.4109,3.7626,0,1,0,0,0,20,20,0,0,0,0,0,1000.000
36040,2.4109,3.7606,160.07,2.4109,3.7626,0,1,0,0,0,20,20,0,0,0,0,0,1000.000
36050,2.4109,3.7606,160.10,2.4109,3.7626,0,1,0,0,0,20,20,0,0,0,0,0,1000.000
36060,2.4109,3.7606,160.13,2.4109,3.7626,0,1,0,0,0,20,20,0,0,0,0,0,1000.000
36070,2.4109,3.7606,160.15,2.4109,3.7626,0,1,0,0,0,20,20,0,0,0,0,0,1000.000
36080,2.4109,3.7606,160.19,2.4109,3.7626,0,1,0,0,0,20,20,0,0,0,0,0,1000.000
36090,2.4109,3.7606,160.23,2.4109,3.7626,0,1,0,0,0,20,20,0,0,0,0,0,1000.000
36100,2.4109,3.7606,160.25,2.4109,3.7626,0,1,0,0,0,20,20,0,0,0,0,0,1000.000
36110,2.4109,3.7606,160.28,2.4109,3.7626,0,1,0,0,0,20,20,0,0,0,0,0,1000.000
36120,2.4109,3.7606,160.31,2.4109,3.7626,0,1,0,0,0,20,20,0,0,0,0,0,1000.000
36130,2.4109,3.7606,160.33,2.4109,3.7626,0,1,0,0,0,20,20,0,0,0,0,0,1000.000
36140,2.4109,3.7606,160.37,2.4109,3.7626,0,1,0,0,0,20,20,0,0,0,0,0,1000.000
36150,2.4109,3.7606,160.41,2.4109,3.7626,0,1,0,0,0,20,20,0,0,0,0,0,1000.000
36160,2.4109,3.7606,160.43,2.4109,3.7626,0,1,0,0,0,20,20,0,0,0,0,0,1000.000
36170,2.4109,3.7606,160.46,2.4109,3.7626,0,1,0,0,0,20,20,0,0,0,0,0,1000.000
36180,2.4109,3.7606,160.49,2.4109,3.7626,0,1,0,0,0,20,20,0,0,0,0,0,1000.000
36190,2.4109,3.7606,160.51,2.4109,3.7626,0,1,0,0,0,20,20,0,0,0,0,0,1000.000
36200,2.4109,3.7606,160.55,2.4109,3.7626,0,1,0,0,0,20,20,0,0,0,0,0,1000.000
36210,2.4109,3.7606,160.58,2.4109,3.7626,0,1,0,0,0,20,20,0,0,0,0,0,1000.000
36220,2.4109,3.7606,160.61,2.4109,3.7626,0,1,0,0,0,20,20,0,0,0,0,0,1000.000
36230,2.4109,3.7606,160.64,2.4109,3.7626,0,1,0,0,0,20,20,0,0,0,0,0,1000.000
36240,2.4109,3.7606,160.66,2.4109,3.7626,0,1,0,0,0,20,20,0,0,0,0,0,1000.000
36250,2.4109,3.7606,160.69,2.4109,3.7626,0,1,0,0,0,20,20,0,0,0,0,0,1000.000
36260,2.4109,3.7606,160.73,2.4109,3.7626,0,1,0,0,0,20,20,0,0,0,0,0,1000.000
36270,2.4109,3.7606,160.75,2.4109,3.7626,0,1,0,0,0,20,20,0,0,0,0,0,1000.000
36280,2.4109,3.7606,160.76,2.4109,3.7626,0,1,0,0,0,20,20,0,0,0,0,0,1000.000
36290,2.4109,3.7606,160.80,2.4109,3.7626,0,1,0,0,0,20,20,0,0,0,0,0,1000.000
36300,2.4109,3.7606,160.84,2.4109,3.7626,0,1,0,0,0,20,20,0,0,0,0,0,1000.000
36310,2.4109,3.7606,160.86,2.4109,3.7626,0,1,0,0,0,20,20,0,0,0,0,0,1000.000
36320,2.4109,3.7606,160.89,2.4109,3.7626,0,1,0,0,0,20,20,0,0,0,0,0,1000.000
36330,2.4109,3.7606,160.91,2.4109,3.7626,0,1,0,0,0,20,20,0,0,0,0,0,1000.000
36340,2.4109,3.7606,160.94,2.4109,3.7626,0,1,0,0,0,20,20,0,0,0,0,0,1000.000
36350,2.4109,3.7606,160.98,2.4109,3.7626,0,1,0,0,0,20,20,0,0,0,0,0,1000.000
36360,2.4109,3.7606,161.00,2.4109,3.7626,0,1,0,0,0,20,20,0,0,0,0,0,1000.000
36370,2.4109,3.7606,161.04,2.4109,3.7626,0,1,0,0,0,20,20,0,0,0,0,0,1000.000
36380,2.4109,3.7606,161.06,2.4109,3.7626,0,1,0,0,0,20,20,0,0,0,0,0,1000.000
36390,2.4109,3.7606,161.09,2.4109,3.7626,0,1,0,0,0,20,20,0,0,0,0,0,1000.000
36400,2.4109,3.7606,161.13,2.4109,3.7626,0,1,0,0,0,20,20,0,0,0,0,0,1000.000
36410,2.4109,3.7606,161.15,2.4109,3.7626,0,1,0,0,0,20,20,0,0,0,0,0,1000.000
36420,2.4109,3.7606,161.16,2.4109,3.7626,0,1,0,0,0,20,20,0,0,0,0,0,1000.000
36430,2.4109,3.7606,161.20,2.4109,3.7626,0,1,0,0,0,20,20,0,0,0,0,0,1000.000
36440,2.4109,3.7606,161.24,2.4109,3.7626,0,1,0,0,0,20,20,0,0,0,0,0,1000.000
36450,2.4109,3.7606,161.26,2.4109,3.7626,0,1,0,0,0,20,20,0,0,0,0,0,1000.000
36460,2.4109,3.7606,161.29,2.4109,3.7626,0,1,0,0,0,20,20,0,0,0,0,0,1000.000
36470,2.4109,3.7606,161.31,2.4109,3.7626,0,1,0,0,0,20,20,0,0,0,0,0,1000.000
36480,2.4109,3.7606,161.34,2.4109,3.7626,0,1,0,0,0,20,20,0,0,0,0,0,1000.000
36490,2.4109,3.7606,161.36,2.4109,3.7626,0,1,0,0,0,20,20,0,0,0,0,0,1000.000
36500,2.4109,3.7606,161.39,2.4109,3.7626,0,1,0,0,0,20,20,0,0,0,0,0,1000.000
36510,2.4109,3.7606,161.42,2.4109,3.7626,0,1,0,0,0,20,20,0,0,0,0,0,1000.000
36520,2.4109,3.7606,161.44,2.4109,3.7626,0,1,0,0,0,20,20,0,0,0,0,0,1000.000
36530,2.4109,3.7606,161.48,2.4109,3.7626,0,1,0,0,0,20,20,0,0,0,0,0,1000.000
36540,2.4109,3.7606,161.50,2.4109,3.7626,0,1,0,0,0,20,20,0,0,0,0,0,1000.000
36550,2.4109,3.7606,161.53,2.4109,3.7626,0,1,0,0,0,20,20,0,0,0,0,0,1000.000
36560,2.4109,3.7606,161.56,2.4109,3.7626,0,1,0,0,0,20,20,0,0,0,0,0,1000.000
36570,2.4109,3.7606,161.58,2.4109,3.7626,0,1,0,0,0,20,20,0,0,0,0,0,1000.000
36580,2.4109,3.7606,161.61,2.4109,3.7626,0,1,0,0,0,20,20,0,0,0,0,0,1000.000
36590,2.4109,3.7606,161.63,2.4109,3.7626,0,1,0,0,0,20,20,0,0,0,0,0,1000.000
36600,2.4109,3.7606,161.66,2.4109,3.7626,0,1,0,0,0,20,20,0,0,0,0,0,1000.000
36610,2.4109,3.7606,161.70,2.4109,3.7626,0,1,0,0,0,20,20,0,0,0,0,0,1000.000
36620,2.4109,3.7606,161.72,2.4109,3.7626,0,1,0,0,0,20,20,0,0,0,0,0,1000.000
36630,2.4109,3.7606,161.75,2.4109,3.7626,0,1,0,0,0,20,20,0,0,0,0,0,1000.000
36640,2.4109,3.7606,161.77,2.4109,3.7626,0,1,0,0,0,20,20,0,0,0,0,0,1000.000
36650,2.4109,3.7606,161.80,2.4109,3.7626,0,1,0,0,0,20,20,0,0,0,0,0,1000.000
36660,2.4109,3.7606,161.83,2.4109,3.7626,0,1,0,0,0,20,20,0,0,0,0,0,1000.000
36670,2.4109,3.7606,161.85,2.4109,3.7626,0,1,0,0,0,20,20,0,0,0,0,0,1000.000
36680,2.4109,3.7606,161.88,2.4109,3.7626,0,1,0,0,0,20,20,0,0,0,0,0,1000.000
36690,2.4109,3.7606,161.91,2.4109,3.7626,0,1,0,0,0,20,20,0,0,0,0,0,1000.000
36700,2.4109,3.7606,161.94,2.4109,3.7626,0,1,0,0,0,20,20,0,0,0,0,0,1000.000
36710,2.4109,3.7606,161.96,2.4109,3.7626,0,1,0,0,0,20,20,0,0,0,0,0,1000.000
36720,2.4109,3.7606,161.99,2.4109,3.7626,0,1,0,0,0,20,20,0,0,0,0,0,1000.000
36730,2.4109,3.7606,162.01,2.4109,3.7626,0,1,0,0,0,20,20,0,0,0,0,0,1000.000
36740,2.4109,3.7606,162.04,2.4109,3.7626,0,1,0,0,0,20,20,0,0,0,0,0,1000.000
36750,2.4109,3.7606,162.06,2.4109,3.7626,0,1,0,0,0,20,20,0,0,0,0,0,1000.000
36760,2.4109,3.7606,162.09,2.4109,3.7626,0,1,0,0,0,20,20,0,0,0,0,0,1000.000
36770,2.4109,3.7606,162.11,2.4109,3.7626,0,1,0,0,0,20,20,0,0,0,0,0,1000.000
36780,2.4109,3.7606,162.15,2.4109,3.7626,0,1,0,0,0,20,20,0,0,0,0,0,1000.000
36790,2.4109,3.7606,162.17,2.4109,3.7626,0,1,0,0,0,20,20,0,0,0,0,0,1000.000
36800,2.4109,3.7606,162.20,2.4109,3.7626,0,1,0,0,0,20,20,0,0,0,0,0,1000.000
36810,2.4109,3.7606,162.22,2.4109,3.7626,0,1,0,0,0,20,20,0,0,0,0,0,1000.000
36820,2.4109,3.7606,162.25,2.4109,3.7626,0,1,0,0,0,20,20,0,0,0,0,0,1000.000
36830,2.4109,3.7606,162.27,2.4109,3.7626,0,1,0,0,0,20,20,0,0,0,0,0,1000.000
36840,2.4109,3.7606,162.30,2.4109,3.7626,0,1,0,0,0,20,20,0,0,0,0,0,1000.000
36850,2.4109,3.7606,162.32,2.4109,3.7626,0,1,0,0,0,20,20,0,0,0,0,0,1000.000
36860,2.4109,3.7606,162.36,2.4109,3.7626,0,1,0,0,0,20,20,0,0,0,0,0,1000.000
36870,2.4109,3.7606,162.38,2.4109,3.7626,0,1,0,0,0,20,20,0,0,0,0,0,1000.000
36880,2.4109,3.7606,162.41,2.4109,3.7626,0,1,0,0,0,20,20,0,0,0,0,0,1000.000
36890,2.4109,3.7606,162.43,2.4109,3.7626,0,1,0,0,0,20,20,0,0,0,0,0,1000.000
36900,2.4109,3.7606,162.46,2.4109,3.7626,0,1,0,0,0,20,20,0,0,0,0,0,1000.000
36910,2.4109,3.7606,162.48,2.4109,3.7626,0,1,0,0,0,20,20,0,0,0,0,0,1000.000
36920,2.4109,3.7606,162.51,2.4109,3.7626,0,1,0,0,0,20,20,0,0,0,0,0,1000.000
36930,2.4109,3.7606,162.53,2.4109,3.7626,0,1,0,0,0,20,20,0,0,0,0,0,1000.000
36940,2.4109,3.7606,162.56,2.4109,3.7626,0,1,0,0,0,20,20,0,0,0,0,0,1000.000
36950,2.4109,3.7606,162.59,2.4109,3.7626,0,1,0,0,0,20,20,0,0,0,0,0,1000.000
36960,2.4109,3.7606,162.62,2.4109,3.7626,0,1,0,0,0,20,20,0,0,0,0,0,1000.000
36970,2.4109,3.7606,162.64,2.4109,3.7626,0,1,0,0,0,20,20,0,0,0,0,0,1000.000
36980,2.4109,3.7606,162.67,2.4109,3.7626,0,1,0,0,0,20,20,0,0,0,0,0,1000.000
36990,2.4109,3.7606,162.69,2.4109,3.7626,0,1,0,0,0,20,20,0,0,0,0,0,1000.000
37000,2.4109,3.7606,162.72,2.4109,3.7626,0,1,0,0,0,20,20,0,0,0,0,0,1000.000
37010,2.4109,3.7606,162.74,2.4109,3.7626,0,1,0,0,0,20,20,0,0,0,0,0,1000.000
37020,2.4109,3.7606,162.77,2.4109,3.7626,0,1,0,0,0,20,20,0,0,0,0,0,1000.000
37030,2.4109,3.7606,162.79,2.4109,3.7626,0,1,0,0,0,20,20,0,0,0,0,0,1000.000
37040,2.4109,3.7606,162.83,2.4109,3.7626,0,1,0,0,0,20,20,0,0,0,0,0,1000.000
37050,2.4109,3.7606,162.85,2.4109,3.7626,0,1,0,0,0,20,20,0,0,0,0,0,1000.000
37060,2.4109,3.7606,162.88,2.4109,3.7626,0,1,0,0,0,20,20,0,0,0,0,0,1000.000
37070,2.4109,3.7606,162.90,2.4109,3.7626,0,1,0,0,0,20,20,0,0,0,0,0,1000.000
37080,2.4109,3.7606,162.93,2.4109,3.7626,0,1,0,0,0,20,20,0,0,0,0,0,1000.000
37090,2.4109,3.7606,162.95,2.4109,3.7626,0,1,0,0,0,20,20,0,0,0,0,0,1000.000
37100,2.4109,3.7606,162.98,2.4109,3.7626,0,1,0,0,0,20,20,0,0,0,0,0,1000.000
37110,2.4109,3.7606,163.00,2.4109,3.7626,0,1,0,0,0,20,20,0,0,0,0,0,1000.000
37120,2.4109,3.7606,163.03,2.4109,3.7626,0,1,0,0,0,20,20,0,0,0,0,0,1000.000
37130,2.4109,3.7606,163.06,2.4109,3.7626,0,1,0,0,0,20,20,0,0,0,0,0,1000.000
37140,2.4109,3.7606,163.09,2.4109,3.7626,0,1,0,0,0,20,20,0,0,0,0,0,1000.000
37150,2.4109,3.7606,163.11,2.4109,3.7626,0,1,0,0,0,20,20,0,0,0,0,0,1000.000
37160,2.4109,3.7606,163.14,2.4109,3.7626,0,1,0,0,0,20,20,0,0,0,0,0,1000.000
37170,2.4109,3.7606,163.16,2.4109,3.7626,0,1,0,0,0,20,20,0,0,0,0,0,1000.000
37180,2.4109,3.7606,163.17,2.4109,3.7626,0,1,0,0,0,20,20,0,0,0,0,0,1000.000
37190,2.4109,3.7606,163.20,2.4109,3.7626,0,1,0,0,0,20,20,0,0,0,0,0,1000.000
37200,2.4109,3.7606,163.24,2.4109,3.7626,0,1,0,0,0,20,20,0,0,0,0,0,1000.000
37210,2.4109,3.7606,163.26,2.4109,3.7626,0,1,0,0,0,20,20,0,0,0,0,0,1000.000
37220,2.4109,3.7606,163.28,2.4109,3.7626,0,1,0,0,0,20,20,0,0,0,0,0,1000.000
37230,2.4109,3.7606,163.31,2.4109,3.7626,0,1,0,0,0,20,20,0,0,0,0,0,1000.000
37240,2.4109,3.7606,163.33,2.4109,3.7626,0,1,0,0,0,20,20,0,0,0,0,0,1000.000
37250,2.4109,3.7606,163.36,2.4109,3.7626,0,1,0,0,0,20,20,0,0,0,0,0,1000.000
37260,2.4109,3.7606,163.38,2.4109,3.7626,0,1,0,0,0,20,20,0,0,0,0,0,1000.000
37270,2.4109,3.7606,163.40,2.4109,3.7626,0,1,0,0,0,20,20,0,0,0,0,0,1000.000
37280,2.4109,3.7606,163.43,2.4109,3.7626,0,1,0,0,0,20,20,0,0,0,0,0,1000.000
37290,2.4109,3.7606,163.45,2.4109,3.7626,0,1,0,0,0,20,20,0,0,0,0,0,1000.000
37300,2.4109,3.7606,163.48,2.4109,3.7626,0,1,0,0,0,20,20,0,0,0,0,0,1000.000
37310,2.4109,3.7606,163.51,2.4109,3.7626,0,1,0,0,0,20,20,0,0,0,0,0,1000.000
37320,2.4109,3.7606,163.53,2.4109,3.7626,0,1,0,0,0,20,20,0,0,0,0,0,1000.000
37330,2.4109,3.7606,163.56,2.4109,3.7626,0,1,0,0,0,20,20,0,0,0,0,0,1000.000
37340,2.4109,3.7606,163.58,2.4109,3.7626,0,1,0,0,0,20,20,0,0,0,0,0,1000.000
37350,2.4109,3.7606,163.61,2.4109,3.7626,0,1,0,0,0,20,20,0,0,0,0,0,1000.000
37360,2.4109,3.7606,163.63,2.4109,3.7626,0,1,0,0,0,20,20,0,0,0,0,0,1000.000
37370,2.4109,3.7606,163.64,2.4109,3.7626,0,1,0,0,0,20,20,0,0,0,0,0,1000.000
37380,2.4109,3.7606,163.67,2.4109,3.7626,0,1,0,0,0,20,20,0,0,0,0,0,1000.000
37390,2.4109,3.7606,163.71,2.4109,3.7626,0,1,0,0,0,20,20,0,0,0,0,0,1000.000
37400,2.4109,3.7606,163.73,2.4109,3.7626,0,1,0,0,0,20,20,0,0,0,0,0,1000.000
37410,2.4109,3.7606,163.74,2.4109,3.7626,0,1,0,0,0,20,20,0,0,0,0,0,1000.000
37420,2.4109,3.7606,163.78,2.4109,3.7626,0,1,0,0,0,20,20,0,0,0,0,0,1000.000
37430,2.4109,3.7606,163.80,2.4109,3.7626,0,1,0,0,0,20,20,0,0,0,0,0,1000.000
37440,2.4109,3.7606,163.82,2.4109,3.7626,0,1,0,0,0,20,20,0,0,0,0,0,1000.000
37450,2.4109,3.7606,163.85,2.4109,3.7626,0,1,0,0,0,20,20,0,0,0,0,0,1000.000
37460,2.4109,3.7606,163.87,2.4109,3.7626,0,1,0,0,0,20,20,0,0,0,0,0,1000.000
37470,2.4109,3.7606,163.88,2.4109,3.7626,0,1,0,0,0,20,20,0,0,0,0,0,1000.000
37480,2.4109,3.7606,163.91,2.4109,3.7626,0,1,0,0,0,20,20,0,0,0,0,0,1000.000
37490,2.4109,3.7606,163.93,2.4109,3.7626,0,1,0,0,0,20,20,0,0,0,0,0,1000.000
37500,2.4109,3.7606,163.96,2.4109,3.7626,0,1,0,0,0,20,20,0,0,0,0,0,1000.000
37510,2.4109,3.7606,163.98,2.4109,3.7626,0,1,0,0,0,20,20,0,0,0,0,0,1000.000
37520,2.4109,3.7606,163.99,2.4109,3.7626,0,1,0,0,0,20,20,0,0,0,0,0,1000.000
37530,2.4109,3.7606,164.03,2.4109,3.7626,0,1,0,0,0,20,20,0,0,0,0,0,1000.000
37540,2.4109,3.7606,164.05,2.4109,3.7626,0,1,0,0,0,20,20,0,0,0,0,0,1000.000
37550,2.4109,3.7606,164.08,2.4109,3.7626,0,1,0,0,0,20,20,0,0,0,0,0,1000.000
37560,2.4109,3.7606,164.10,2.4109,3.7626,0,1,0,0,0,20,20,0,0,0,0,0,1000.000
37570,2.4109,3.7606,164.11,2.4109,3.7626,0,1,0,0,0,20,20,0,0,0,0,0,1000.000
37580,2.4109,3.7606,164.14,2.4109,3.7626,0,1,0,0,0,20,20,0,0,0,0,0,1000.000
37590,2.4109,3.7606,164.16,2.4109,3.7626,0,1,0,0,0,20,20,0,0,0,0,0,1000.000
37600,2.4109,3.7606,164.19,2.4109,3.7626,0,1,0,0,0,20,20,0,0,0,0,0,1000.000
37610,2.4109,3.7606,164.21,2.4109,3.7626,0,1,0,0,0,20,20,0,0,0,0,0,1000.000
37620,2.4109,3.7606,164.22,2.4109,3.7626,0,1,0,0,0,20,20,0,0,0,0,0,1000.000
37630,2.4109,3.7606,164.25,2.4109,3.7626,0,1,0,0,0,20,20,0,0,0,0,0,1000.000
37640,2.4109,3.7606,164.28,2.4109,3.7626,0,1,0,0,0,20,20,0,0,0,0,0,1000.000
37650,2.4109,3.7606,164.31,2.4109,3.7626,0,1,0,0,0,20,20,0,0,0,0,0,1000.000
37660,2.4109,3.7606,164.33,2.4109,3.7626,0,1,0,0,0,20,20,0,0,0,0,0,1000.000
37670,2.4109,3.7606,164.34,2.4109,3.7626,0,1,0,0,0,20,20,0,0,0,0,0,1000.000
37680,2.4109,3.7606,164.37,2.4109,3.7626,0,1,0,0,0,20,20,0,0,0,0,0,1000.000
37690,2.4109,3.7606,164.39,2.4109,3.7626,0,1,0,0,0,20,20,0,0,0,0,0,1000.000
37700,2.4109,3.7606,164.41,2.4109,3.7626,0,1,0,0,0,20,20,0,0,0,0,0,1000.000
37710,2.4109,3.7606,164.43,2.4109,3.7626,0,1,0,0,0,20,20,0,0,0,0,0,1000.000
37720,2.4109,3.7606,164.46,2.4109,3.7626,0,1,0,0,0,20,20,0,0,0,0,0,1000.000
37730,2.4109,3.7606,164.48,2.4109,3.7626,0,1,0,0,0,20,20,0,0,0,0,0,1000.000
37740,2.4109,3.7606,164.49,2.4109,3.7626,0,1,0,0,0,20,20,0,0,0,0,0,1000.000
37750,2.4109,3.7606,164.53,2.4109,3.7626,0,1,0,0,0,20,20,0,0,0,0,0,1000.000
37760,2.4109,3.7606,164.55,2.4109,3.7626,0,1,0,0,0,20,20,0,0,0,0,0,1000.000
37770,2.4109,3.7606,164.57,2.4109,3.7626,0,1,0,0,0,20,20,0,0,0,0,0,1000.000
37780,2.4109,3.7606,164.60,2.4109,3.7626,0,1,0,0,0,20,20,0,0,0,0,0,1000.000
37790,2.4109,3.7606,164.62,2.4109,3.7626,0,1,0,0,0,20,20,0,0,0,0,0,1000.000
37800,2.4109,3.7606,164.63,2.4109,3.7626,0,1,0,0,0,20,20,0,0,0,0,0,1000.000
37810,2.4109,3.7606,164.66,2.4109,3.7626,0,1,0,0,0,20,20,0,0,0,0,0,1000.000
37820,2.4109,3.7606,164.68,2.4109,3.7626,0,1,0,0,0,20,20,0,0,0,0,0,1000.000
37830,2.4109,3.7606,164.70,2.4109,3.7626,0,1,0,0,0,20,20,0,0,0,0,0,1000.000
37840,2.4109,3.7606,164.73,2.4109,3.7626,0,1,0,0,0,20,20,0,0,0,0,0,1000.000
37850,2.4109,3.7606,164.75,2.4109,3.7626,0,1,0,0,0,20,20,0,0,0,0,0,1000.000
37860,2.4109,3.7606,164.76,2.4109,3.7626,0,1,0,0,0,20,20,0,0,0,0,0,1000.000
37870,2.4109,3.7606,164.80,2.4109,3.7626,0,1,0,0,0,20,20,0,0,0,0,0,1000.000
37880,2.4109,3.7606,164.82,2.4109,3.7626,0,1,0,0,0,20,20,0,0,0,0,0,1000.000
37890,2.4109,3.7606,164.84,2.4109,3.7626,0,1,0,0,0,20,20,0,0,0,0,0,1000.000
37900,2.4109,3.7606,164.87,2.4109,3.7626,0,1,0,0,0,20,20,0,0,0,0,0,1000.000
37910,2.4109,3.7606,164.89,2.4109,3.7626,0,1,0,0,0,20,20,0,0,0,0,0,1000.000
37920,2.4109,3.7606,164.90,2.4109,3.7626,0,1,0,0,0,20,20,0,0,0,0,0,1000.000
37930,2.4109,3.7606,164.93,2.4109,3.7626,0,1,0,0,0,20,20,0,0,0,0,0,1000.000
37940,2.4109,3.7606,164.95,2.4109,3.7626,0,1,0,0,0,20,20,0,0,0,0,0,1000.000
37950,2.4109,3.7606,164.97,2.4109,3.7626,0,1,0,0,0,20,20,0,0,0,0,0,1000.000
37960,2.4109,3.7606,165.00,2.4109,3.7626,0,1,0,0,0,20,20,0,0,0,0,0,1000.000
37970,2.4109,3.7606,165.02,2.4109,3.7626,0,1,0,0,0,20,20,0,0,0,0,0,1000.000
37980,2.4109,3.7606,165.03,2.4109,3.7626,0,1,0,0,0,20,20,0,0,0,0,0,1000.000
37990,2.4109,3.7606,165.07,2.4109,3.7626,0,1,0,0,0,20,20,0,0,0,0,0,1000.000
38000,2.4109,3.7606,165.08,2.4109,3.7626,0,1,0,0,0,20,20,0,0,0,0,0,1000.000
38010,2.4109,3.7606,165.10,2.4109,3.7626,0,1,0,0,0,20,20,0,0,0,0,0,1000.000
38020,2.4109,3.7606,165.13,2.4109,3.7626,0,1,0,0,0,20,20,0,0,0,0,0,1000.000
38030,2.4109,3.7606,165.15,2.4109,3.7626,0,1,0,0,0,20,20,0,0,0,0,0,1000.000
38040,2.4109,3.7606,165.16,2.4109,3.7626,0,1,0,0,0,20,20,0,0,0,0,0,1000.000
38050,2.4109,3.7606,165.19,2.4109,3.7626,0,1,0,0,0,20,20,0,0,0,0,0,1000.000
38060,2.4109,3.7606,165.21,2.4109,3.7626,0,1,0,0,0,20,20,0,0,0,0,0,1000.000
38070,2.4109,3.7606,165.22,2.4109,3.7626,0,1,0,0,0,20,20,0,0,0,0,0,1000.000
38080,2.4109,3.7606,165.25,2.4109,3.7626,0,1,0,0,0,20,20,0,0,0,0,0,1000.000
38090,2.4109,3.7606,165.27,2.4109,3.7626,0,1,0,0,0,20,20,0,0,0,0,0,1000.000
38100,2.4109,3.7606,165.28,2.4109,3.7626,0,1,0,0,0,20,20,0,0,0,0,0,1000.000
38110,2.4109,3.7606,165.31,2.4109,3.7626,0,1,0,0,0,20,20,0,0,0,0,0,1000.000
38120,2.4109,3.7606,165.33,2.4109,3.7626,0,1,0,0,0,20,20,0,0,0,0,0,1000.000
38130,2.4109,3.7606,165.35,2.4109,3.7626,0,1,0,0,0,20,20,0,0,0,0,0,1000.000
38140,2.4109,3.7606,165.38,2.4109,3.7626,0,1,0,0,0,20,20,0,0,0,0,0,1000.000
38150,2.4109,3.7606,165.40,2.4109,3.7626,0,1,0,0,0,20,20,0,0,0,0,0,1000.000
38160,2.4109,3.7606,165.41,2.4109,3.7626,0,1,0,0,0,20,20,0,0,0,0,0,1000.000
38170,2.4109,3.7606,165.44,2.4109,3.7626,0,1,0,0,0,20,20,0,0,0,0,0,1000.000
38180,2.4109,3.7606,165.46,2.4109,3.7626,0,1,0,0,0,20,20,0,0,0,0,0,1000.000
38190,2.4109,3.7606,165.47,2.4109,3.7626,0,1,0,0,0,20,20,0,0,0,0,0,1000.000
38200,2.4109,3.7606,165.50,2.4109,3.7626,0,1,0,0,0,20,20,0,0,0,0,0,1000.000
38210,2.4109,3.7606,165.52,2.4109,3.7626,0,1,0,0,0,20,20,0,0,0,0,0,1000.000
38220,2.4109,3.7606,165.53,2.4109,3.7626,0,1,0,0,0,20,20,0,0,0,0,0,1000.000
38230,2.4109,3.7606,165.56,2.4109,3.7626,0,1,0,0,0,20,20,0,0,0,0,0,1000.000
38240,2.4109,3.7606,165.58,2.4109,3.7626,0,1,0,0,0,20,20,0,0,0,0,0,1000.000
38250,2.4109,3.7606,165.59,2.4109,3.7626,0,1,0,0,0,20,20,0,0,0,0,0,1000.000
38260,2.4109,3.7606,165.63,2.4109,3.7626,0,1,0,0,0,20,20,0,0,0,0,0,1000.000
38270,2.4109,3.7606,165.64,2.4109,3.7626,0,1,0,0,0,20,20,0,0,0,0,0,1000.000
38280,2.4109,3.7606,165.66,2.4109,3.7626,0,1,0,0,0,20,20,0,0,0,0,0,1000.000
38290,2.4109,3.7606,165.69,2.4109,3.7626,0,1,0,0,0,20,20,0,0,0,0,0,1000.000
38300,2.4109,3.7606,165.71,2.4109,3.7626,0,1,0,0,0,20,20,0,0,0,0,0,1000.000
38310,2.4109,3.7606,165.72,2.4109,3.7626,0,1,0,0,0,20,20,0,0,0,0,0,1000.000
38320,2.4109,3.7606,165.75,2.4109,3.7626,0,1,0,0,0,20,20,0,0,0,0,0,1000.000
38330,2.4109,3.7606,165.77,2.4109,3.7626,0,1,0,0,0,20,20,0,0,0,0,0,1000.000
38340,2.4109,3.7606,165.78,2.4109,3.7626,0,1,0,0,0,20,20,0,0,0,0,0,1000.000
38350,2.4109,3.7606,165.81,2.4109,3.7626,0,1,0,0,0,20,20,0,0,0,0,0,1000.000
38360,2.4109,3.7606,165.83,2.4109,3.7626,0,1,0,0,0,20,20,0,0,0,0,0,1000.000
38370,2.4109,3.7606,165.84,2.4109,3.7626,0,1,0,0,0,20,20,0,0,0,0,0,1000.000
38380,2.4109,3.7606,165.87,2.4109,3.7626,0,1,0,0,0,20,20,0,0,0,0,0,1000.000
38390,2.4109,3.7606,165.89,2.4109,3.7626,0,1,0,0,0,20,20,0,0,0,0,0,1000.000
38400,2.4109,3.7606,165.91,2.4109,3.7626,0,1,0,0,0,20,20,0,0,0,0,0,1000.000
38410,2.4109,3.7606,165.94,2.4109,3.7626,0,1,0,0,0,20,20,0,0,0,0,0,1000.000
38420,2.4109,3.7606,165.95,2.4109,3.7626,0,1,0,0,0,20,20,0,0,0,0,0,1000.000
38430,2.4109,3.7606,165.97,2.4109,3.7626,0,1,0,0,0,20,20,0,0,0,0,0,1000.000
38440,2.4109,3.7606,166.00,2.4109,3.7626,0,1,0,0,0,20,20,0,0,0,0,0,1000.000
38450,2.4109,3.7606,166.02,2.4109,3.7626,0,1,0,0,0,20,20,0,0,0,0,0,1000.000
38460,2.4109,3.7606,166.03,2.4109,3.7626,0,1,0,0,0,20,20,0,0,0,0,0,1000.000
38470,2.4109,3.7606,166.06,2.4109,3.7626,0,1,0,0,0,20,20,0,0,0,0,0,1000.000
38480,2.4109,3.7606,166.08,2.4109,3.7626,0,1,0,0,0,20,20,0,0,0,0,0,1000.000
38490,2.4109,3.7606,166.09,2.4109,3.7626,0,1,0,0,0,20,20,0,0,0,0,0,1000.000
38500,2.4109,3.7606,166.12,2.4109,3.7626,0,1,0,0,0,20,20,0,0,0,0,0,1000.000
38510,2.4109,3.7606,166.14,2.4109,3.7626,0,1,0,0,0,20,20,0,0,0,0,0,1000.000
38520,2.4109,3.7606,166.15,2.4109,3.7626,0,1,0,0,0,20,20,0,0,0,0,0,1000.000
38530,2.4109,3.7606,166.19,2.4109,3.7626,0,1,0,0,0,20,20,0,0,0,0,0,1000.000
38540,2.4109,3.7606,166.20,2.4109,3.7626,0,1,0,0,0,20,20,0,0,0,0,0,1000.000
38550,2.4109,3.7606,166.22,2.4109,3.7626,0,1,0,0,0,20,20,0,0,0,0,0,1000.000
38560,2.4109,3.7606,166.25,2.4109,3.7626,0,1,0,0,0,20,20,0,0,0,0,0,1000.000
38570,2.4109,3.7606,166.27,2.4109,3.7626,0,1,0,0,0,20,20,0,0,0,0,0,1000.000
38580,2.4109,3.7606,166.28,2.4109,3.7626,0,1,0,0,0,20,20,0,0,0,0,0,1000.000
38590,2.4109,3.7606,166.31,2.4109,3.7626,0,1,0,0,0,20,20,0,0,0,0,0,1000.000
38600,2.4109,3.7606,166.33,2.4109,3.7626,0,1,0,0,0,20,20,0,0,0,0,0,1000.000
38610,2.4109,3.7606,166.34,2.4109,3.7626,0,1,0,0,0,20,20,0,0,0,0,0,1000.000
38620,2.4109,3.7606,166.37,2.4109,3.7626,0,1,0,0,0,20,20,0,0,0,0,0,1000.000
38630,2.4109,3.7606,166.39,2.4109,3.7626,0,1,0,0,0,20,20,0,0,0,0,0,1000.000
38640,2.4109,3.7606,166.40,2.4109,3.7626,0,1,0,0,0,20,20,0,0,0,0,0,1000.000
38650,2.4109,3.7606,166.43,2.4109,3.7626,0,1,0,0,0,20,20,0,0,0,0,0,1000.000
38660,2.4109,3.7606,166.45,2.4109,3.7626,0,1,0,0,0,20,20,0,0,0,0,0,1000.000
38670,2.4109,3.7606,166.46,2.4109,3.7626,0,1,0,0,0,20,20,0,0,0,0,0,1000.000
38680,2.4109,3.7606,166.50,2.4109,3.7626,0,1,0,0,0,20,20,0,0,0,0,0,1000.000
38690,2.4109,3.7606,166.51,2.4109,3.7626,0,1,0,0,0,20,20,0,0,0,0,0,1000.000
38700,2.4109,3.7606,166.53,2.4109,3.7626,0,1,0,0,0,20,20,0,0,0,0,0,1000.000
38710,2.4109,3.7606,166.56,2.4109,3.7626,0,1,0,0,0,20,20,0,0,0,0,0,1000.000
38720,2.4109,3.7606,166.58,2.4109,3.7626,0,1,0,0,0,20,20,0,0,0,0,0,1000.000
38730,2.4109,3.7606,166.59,2.4109,3.7626,0,1,0,0,0,20,20,0,0,0,0,0,1000.000
38740,2.4109,3.7606,166.62,2.4109,3.7626,0,1,0,0,0,20,20,0,0,0,0,0,1000.000
38750,2.4109,3.7606,166.64,2.4109,3.7626,0,1,0,0,0,20,20,0,0,0,0,0,1000.000
38760,2.4109,3.7606,166.65,2.4109,3.7626,0,1,0,0,0,20,20,0,0,0,0,0,1000.000
38770,2.4109,3.7606,166.68,2.4109,3.7626,0,1,0,0,0,20,20,0,0,0,0,0,1000.000
38780,2.4109,3.7606,166.70,2.4109,3.7626,0,1,0,0,0,20,20,0,0,0,0,0,1000.000
38790,2.4109,3.7606,166.71,2.4109,3.7626,0,1,0,0,0,20,20,0,0,0,0,0,1000.000
38800,2.4109,3.7606,166.74,2.4109,3.7626,0,1,0,0,0,20,20,0,0,0,0,0,1000.000
38810,2.4109,3.7606,166.76,2.4109,3.7626,0,1,0,0,0,20,20,0,0,0,0,0,1000.000
38820,2.4109,3.7606,166.78,2.4109,3.7626,0,1,0,0,0,20,20,0,0,0,0,0,1000.000
38830,2.4109,3.7606,166.81,2.4109,3.7626,0,1,0,0,0,20,20,0,0,0,0,0,1000.000
38840,2.4109,3.7606,166.83,2.4109,3.7626,0,1,0,0,0,20,20,0,0,0,0,0,1000.000
38850,2.4109,3.7606,166.84,2.4109,3.7626,0,1,0,0,0,20,20,0,0,0,0,0,1000.000
38860,2.4109,3.7606,166.87,2.4109,3.7626,0,1,0,0,0,20,20,0,0,0,0,0,1000.000
38870,2.4109,3.7606,166.89,2.4109,3.7626,0,1,0,0,0,20,20,0,0,0,0,0,1000.000
38880,2.4109,3.7606,166.90,2.4109,3.7626,0,1,0,0,0,20,20,0,0,0,0,0,1000.000
38890,2.4109,3.7606,166.92,2.4109,3.7626,0,1,0,0,0,20,20,0,0,0,0,0,1000.000
38900,2.4109,3.7606,166.93,2.4109,3.7626,0,1,0,0,0,20,20,0,0,0,0,0,1000.000
38910,2.4109,3.7606,166.96,2.4109,3.7626,0,1,0,0,0,20,20,0,0,0,0,0,1000.000
38920,2.4109,3.7606,166.98,2.4109,3.7626,0,1,0,0,0,20,20,0,0,0,0,0,1000.000
38930,2.4109,3.7606,166.99,2.4109,3.7626,0,1,0,0,0,20,20,0,0,0,0,0,1000.000
38940,2.4109,3.7606,167.01,2.4109,3.7626,0,1,0,0,0,20,20,0,0,0,0,0,1000.000
38950,2.4109,3.7606,167.03,2.4109,3.7626,0,1,0,0,0,20,20,0,0,0,0,0,1000.000
38960,2.4109,3.7606,167.04,2.4109,3.7626,0,1,0,0,0,20,20,0,0,0,0,0,1000.000
38970,2.4109,3.7606,167.08,2.4109,3.7626,0,1,0,0,0,20,20,0,0,0,0,0,1000.000
38980,2.4109,3.7606,167.09,2.4109,3.7626,0,1,0,0,0,20,20,0,0,0,0,0,1000.000
38990,2.4109,3.7606,167.11,2.4109,3.7626,0,1,0,0,0,20,20,0,0,0,0,0,1000.000
39000,2.4109,3.7606,167.13,2.4109,3.7626,0,1,0,0,0,20,20,0,0,0,0,0,1000.000
39010,2.4109,3.7606,167.15,2.4109,3.7626,0,1,0,0,0,20,20,0,0,0,0,0,1000.000
39020,2.4109,3.7606,167.16,2.4109,3.7626,0,1,0,0,0,20,20,0,0,0,0,0,1000.000
39030,2.4109,3.7606,167.19,2.4109,3.7626,0,1,0,0,0,20,20,0,0,0,0,0,1000.000
39040,2.4109,3.7606,167.21,2.4109,3.7626,0,1,0,0,0,20,20,0,0,0,0,0,1000.000
39050,2.4109,3.7606,167.22,2.4109,3.7626,0,1,0,0,0,20,20,0,0,0,0,0,1000.000
39060,2.4109,3.7606,167.24,2.4109,3.7626,0,1,0,0,0,20,20,0,0,0,0,0,1000.000
39070,2.4109,3.7606,167.26,2.4109,3.7626,0,1,0,0,0,20,20,0,0,0,0,0,1000.000
39080,2.4109,3.7606,167.27,2.4109,3.7626,0,1,0,0,0,20,20,0,0,0,0,0,1000.000
39090,2.4109,3.7606,167.30,2.4109,3.7626,0,1,0,0,0,20,20,0,0,0,0,0,1000.000
39100,2.4109,3.7606,167.32,2.4109,3.7626,0,1,0,0,0,20,20,0,0,0,0,0,1000.000
39110,2.4109,3.7606,167.33,2.4109,3.7626,0,1,0,0,0,20,20,0,0,0,0,0,1000.000
39120,2.4109,3.7606,167.35,2.4109,3.7626,0,1,0,0,0,20,20,0,0,0,0,0,1000.000
39130,2.4109,3.7606,167.37,2.4109,3.7626,0,1,0,0,0,20,20,0,0,0,0,0,1000.000
39140,2.4109,3.7606,167.38,2.4109,3.7626,0,1,0,0,0,20,20,0,0,0,0,0,1000.000
39150,2.4109,3.7606,167.42,2.4109,3.7626,0,1,0,0,0,20,20,0,0,0,0,0,1000.000
39160,2.4109,3.7606,167.43,2.4109,3.7626,0,1,0,0,0,20,20,0,0,0,0,0,1000.000
39170,2.4109,3.7606,167.45,2.4109,3.7626,0,1,0,0,0,20,20,0,0,0,0,0,1000.000
39180,2.4109,3.7606,167.47,2.4109,3.7626,0,1,0,0,0,20,20,0,0,0,0,0,1000.000
39190,2.4109,3.7606,167.49,2.4109,3.7626,0,1,0,0,0,20,20,0,0,0,0,0,1000.000
39200,2.4109,3.7606,167.50,2.4109,3.7626,0,1,0,0,0,20,20,0,0,0,0,0,1000.000
39210,2.4109,3.7606,167.52,2.4109,3.7626,0,1,0,0,0,20,20,0,0,0,0,0,1000.000
39220,2.4109,3.7606,167.54,2.4109,3.7626,0,1,0,0,0,20,20,0,0,0,0,0,1000.000
39230,2.4109,3.7606,167.55,2.4109,3.7626,0,1,0,0,0,20,20,0,0,0,0,0,1000.000
39240,2.4109,3.7606,167.57,2.4109,3.7626,0,1,0,0,0,20,20,0,0,0,0,0,1000.000
39250,2.4109,3.7606,167.59,2.4109,3.7626,0,1,0,0,0,20,20,0,0,0,0,0,1000.000
39260,2.4109,3.7606,167.60,2.4109,3.7626,0,1,0,0,0,20,20,0,0,0,0,0,1000.000
39270,2.4109,3.7606,167.62,2.4109,3.7626,0,1,0,0,0,20,20,0,0,0,0,0,1000.000
39280,2.4109,3.7606,167.64,2.4109,3.7626,0,1,0,0,0,20,20,0,0,0,0,0,1000.000
39290,2.4109,3.7606,167.65,2.4109,3.7626,0,1,0,0,0,20,20,0,0,0,0,0,1000.000
39300,2.4109,3.7606,167.67,2.4109,3.7626,0,1,0,0,0,20,20,0,0,0,0,0,1000.000
39310,2.4109,3.7606,167.69,2.4109,3.7626,0,1,0,0,0,20,20,0,0,0,0,0,1000.000
39320,2.4109,3.7606,167.70,2.4109,3.7626,0,1,0,0,0,20,20,0,0,0,0,0,1000.000
39330,2.4109,3.7606,167.72,2.4109,3.7626,0,1,0,0,0,20,20,0,0,0,0,0,1000.000
39340,2.4109,3.7606,167.74,2.4109,3.7626,0,1,0,0,0,20,20,0,0,0,0,0,1000.000
39350,2.4109,3.7606,167.76,2.4109,3.7626,0,1,0,0,0,20,20,0,0,0,0,0,1000.000
39360,2.4109,3.7606,167.78,2.4109,3.7626,0,1,0,0,0,20,20,0,0,0,0,0,1000.000
39370,2.4109,3.7606,167.79,2.4109,3.7626,0,1,0,0,0,20,20,0,0,0,0,0,1000.000
39380,2.4109,3.7606,167.81,2.4109,3.7626,0,1,0,0,0,20,20,0,0,0,0,0,1000.000
39390,2.4109,3.7606,167.83,2.4109,3.7626,0,1,0,0,0,20,20,0,0,0,0,0,1000.000
39400,2.4109,3.7606,167.85,2.4109,3.7626,0,1,0,0,0,20,20,0,0,0,0,0,1000.000
39410,2.4109,3.7606,167.86,2.4109,3.7626,0,1,0,0,0,20,20,0,0,0,0,0,1000.000
39420,2.4109,3.7606,167.88,2.4109,3.7626,0,1,0,0,0,20,20,0,0,0,0,0,1000.000
39430,2.4109,3.7606,167.90,2.4109,3.7626,0,1,0,0,0,20,20,0,0,0,0,0,1000.000
39440,2.4109,3.7606,167.91,2.4109,3.7626,0,1,0,0,0,20,20,0,0,0,0,0,1000.000
39450,2.4109,3.7606,167.93,2.4109,3.7626,0,1,0,0,0,20,20,0,0,0,0,0,1000.000
39460,2.4109,3.7606,167.95,2.4109,3.7626,0,1,0,0,0,20,20,0,0,0,0,0,1000.000
39470,2.4109,3.7606,167.96,2.4109,3.7626,0,1,0,0,0,20,20,0,0,0,0,0,1000.000
39480,2.4109,3.7606,167.98,2.4109,3.7626,0,1,0,0,0,20,20,0,0,0,0,0,1000.000
39490,2.4109,3.7606,168.00,2.4109,3.7626,0,1,0,0,0,20,20,0,0,0,0,0,1000.000
39500,2.4109,3.7606,168.01,2.4109,3.7626,0,1,0,0,0,20,20,0,0,0,0,0,1000.000
39510,2.4109,3.7606,168.03,2.4109,3.7626,0,1,0,0,0,20,20,0,0,0,0,0,1000.000
39520,2.4109,3.7606,168.05,2.4109,3.7626,0,1,0,0,0,20,20,0,0,0,0,0,1000.000
39530,2.4109,3.7606,168.06,2.4109,3.7626,0,1,0,0,0,20,20,0,0,0,0,0,1000.000
39540,2.4109,3.7606,168.08,2.4109,3.7626,0,1,0,0,0,20,20,0,0,0,0,0,1000.000
39550,2.4109,3.7606,168.10,2.4109,3.7626,0,1,0,0,0,20,20,0,0,0,0,0,1000.000
39560,2.4109,3.7606,168.11,2.4109,3.7626,0,1,0,0,0,20,20,0,0,0,0,0,1000.000
39570,2.4109,3.7606,168.13,2.4109,3.7626,0,1,0,0,0,20,20,0,0,0,0,0,1000.000
39580,2.4109,3.7606,168.15,2.4109,3.7626,0,1,0,0,0,20,20,0,0,0,0,0,1000.000
39590,2.4109,3.7606,168.16,2.4109,3.7626,0,1,0,0,0,20,20,0,0,0,0,0,1000.000
39600,2.4109,3.7606,168.18,2.4109,3.7626,0,1,0,0,0,20,20,0,0,0,0,0,1000.000
39610,2.4109,3.7606,168.20,2.4109,3.7626,0,1,0,0,0,20,20,0,0,0,0,0,1000.000
39620,2.4109,3.7606,168.21,2.4109,3.7626,0,1,0,0,0,20,20,0,0,0,0,0,1000.000
39630,2.4109,3.7606,168.23,2.4109,3.7626,0,1,0,0,0,20,20,0,0,0,0,0,1000.000
39640,2.4109,3.7606,168.25,2.4109,3.7626,0,1,0,0,0,20,20,0,0,0,0,0,1000.000
39650,2.4109,3.7606,168.26,2.4109,3.7626,0,1,0,0,0,20,20,0,0,0,0,0,1000.000
39660,2.4109,3.7606,168.28,2.4109,3.7626,0,1,0,0,0,20,20,0,0,0,0,0,1000.000
39670,2.4109,3.7606,168.29,2.4109,3.7626,0,1,0,0,0,20,20,0,0,0,0,0,1000.000
39680,2.4109,3.7606,168.31,2.4109,3.7626,0,1,0,0,0,20,20,0,0,0,0,0,1000.000
39690,2.4109,3.7606,168.33,2.4109,3.7626,0,1,0,0,0,20,20,0,0,0,0,0,1000.000
39700,2.4109,3.7606,168.34,2.4109,3.7626,0,1,0,0,0,20,20,0,0,0,0,0,1000.000
39710,2.4109,3.7606,168.36,2.4109,3.7626,0,1,0,0,0,20,20,0,0,0,0,0,1000.000
39720,2.4109,3.7606,168.37,2.4109,3.7626,0,1,0,0,0,20,20,0,0,0,0,0,1000.000
39730,2.4109,3.7606,168.39,2.4109,3.7626,0,1,0,0,0,20,20,0,0,0,0,0,1000.000
39740,2.4109,3.7606,168.40,2.4109,3.7626,0,1,0,0,0,20,20,0,0,0,0,0,1000.000
39750,2.4109,3.7606,168.42,2.4109,3.7626,0,1,0,0,0,20,20,0,0,0,0,0,1000.000
39760,2.4109,3.7606,168.44,2.4109,3.7626,0,1,0,0,0,20,20,0,0,0,0,0,1000.000
39770,2.4109,3.7606,168.45,2.4109,3.7626,0,1,0,0,0,20,20,0,0,0,0,0,1000.000
39780,2.4109,3.7606,168.47,2.4109,3.7626,0,1,0,0,0,20,20,0,0,0,0,0,1000.000
39790,2.4109,3.7606,168.48,2.4109,3.7626,0,1,0,0,0,20,20,0,0,0,0,0,1000.000
39800,2.4109,3.7606,168.50,2.4109,3.7626,0,1,0,0,0,20,20,0,0,0,0,0,1000.000
39810,2.4109,3.7606,168.51,2.4109,3.7626,0,1,0,0,0,20,20,0,0,0,0,0,1000.000
39820,2.4109,3.7606,168.53,2.4109,3.7626,0,1,0,0,0,20,20,0,0,0,0,0,1000.000
39830,2.4109,3.7606,168.55,2.4109,3.7626,0,1,0,0,0,20,20,0,0,0,0,0,1000.000
39840,2.4109,3.7606,168.56,2.4109,3.7626,0,1,0,0,0,20,20,0,0,0,0,0,1000.000
39850,2.4109,3.7606,168.58,2.4109,3.7626,0,1,0,0,0,20,20,0,0,0,0,0,1000.000
39860,2.4109,3.7606,168.60,2.4109,3.7626,0,1,0,0,0,20,20,0,0,0,0,0,1000.000
39870,2.4109,3.7606,168.61,2.4109,3.7626,0,1,0,0,0,20,20,0,0,0,0,0,1000.000
39880,2.4109,3.7606,168.63,2.4109,3.7626,0,1,0,0,0,20,20,0,0,0,0,0,1000.000
39890,2.4109,3.7606,168.65,2.4109,3.7626,0,1,0,0,0,20,20,0,0,0,0,0,1000.000
39900,2.4109,3.7606,168.66,2.4109,3.7626,0,1,0,0,0,20,20,0,0,0,0,0,1000.000
39910,2.4109,3.7606,168.68,2.4109,3.7626,0,1,0,0,0,20,20,0,0,0,0,0,1000.000
39920,2.4109,3.7606,168.70,2.4109,3.7626,0,1,0,0,0,20,20,0,0,0,0,0,1000.000
39930,2.4109,3.7606,168.71,2.4109,3.7626,0,1,0,0,0,20,20,0,0,0,0,0,1000.000
39940,2.4109,3.7606,168.73,2.4109,3.7626,0,1,0,0,0,20,20,0,0,0,0,0,1000.000
39950,2.4109,3.7606,168.74,2.4109,3.7626,0,1,0,0,0,20,20,0,0,0,0,0,1000.000
39960,2.4109,3.7606,168.76,2.4109,3.7626,0,1,0,0,0,20,20,0,0,0,0,0,1000.000
39970,2.4109,3.7606,168.77,2.4109,3.7626,0,1,0,0,0,20,20,0,0,0,0,0,1000.000
39980,2.4109,3.7606,168.79,2.4109,3.7626,0,1,0,0,0,20,20,0,0,0,0,0,1000.000
39990,2.4109,3.7606,168.80,2.4109,3.7626,0,1,0,0,0,20,20,0,0,0,0,0,1000.000
40000,2.4109,3.7606,168.82,2.4109,3.7626,0,1,0,0,0,20,20,0,0,0,0,0,1000.000
40010,2.4109,3.7606,168.83,2.4109,3.7626,0,1,0,0,0,20,20,0,0,0,0,0,1000.000
40020,2.4109,3.7606,168.85,2.4109,3.7626,0,1,0,0,0,20,20,0,0,0,0,0,1000.000
40030,2.4109,3.7606,168.86,2.4109,3.7626,0,1,0,0,0,20,20,0,0,0,0,0,1000.000
40040,2.4109,3.7606,168.88,2.4109,3.7626,0,1,0,0,0,20,20,0,0,0,0,0,1000.000
40050,2.4109,3.7606,168.89,2.4109,3.7626,0,1,0,0,0,20,20,0,0,0,0,0,1000.000
40060,2.4109,3.7606,168.91,2.4109,3.7626,0,1,0,0,0,20,20,0,0,0,0,0,1000.000
40070,2.4109,3.7606,168.92,2.4109,3.7626,0,1,0,0,0,20,20,0,0,0,0,0,1000.000
40080,2.4109,3.7606,168.94,2.4109,3.7626,0,1,0,0,0,20,20,0,0,0,0,0,1000.000
40090,2.4109,3.7606,168.95,2.4109,3.7626,0,1,0,0,0,20,20,0,0,0,0,0,1000.000
40100,2.4109,3.7606,168.97,2.4109,3.7626,0,1,0,0,0,20,20,0,0,0,0,0,1000.000
40110,2.4109,3.7606,168.98,2.4109,3.7626,0,1,0,0,0,20,20,0,0,0,0,0,1000.000
40120,2.4109,3.7606,169.00,2.4109,3.7626,0,1,0,0,0,20,20,0,0,0,0,0,1000.000
40130,2.4109,3.7606,169.01,2.4109,3.7626,0,1,0,0,0,20,20,0,0,0,0,0,1000.000
40140,2.4109,3.7606,169.03,2.4109,3.7626,0,1,0,0,0,20,20,0,0,0,0,0,1000.000
40150,2.4109,3.7606,169.04,2.4109,3.7626,0,1,0,0,0,20,20,0,0,0,0,0,1000.000
40160,2.4109,3.7606,169.06,2.4109,3.7626,0,1,0,0,0,20,20,0,0,0,0,0,1000.000
40170,2.4109,3.7606,169.08,2.4109,3.7626,0,1,0,0,0,20,20,0,0,0,0,0,1000.000
40180,2.4109,3.7606,169.09,2.4109,3.7626,0,1,0,0,0,20,20,0,0,0,0,0,1000.000
40190,2.4109,3.7606,169.11,2.4109,3.7626,0,1,0,0,0,20,20,0,0,0,0,0,1000.000
40200,2.4109,3.7606,169.12,2.4109,3.7626,0,1,0,0,0,20,20,0,0,0,0,0,1000.000
40210,2.4109,3.7606,169.14,2.4109,3.7626,0,1,0,0,0,20,20,0,0,0,0,0,1000.000
40220,2.4109,3.7606,169.15,2.4109,3.7626,0,1,0,0,0,20,20,0,0,0,0,0,1000.000
40230,2.4109,3.7606,169.17,2.4109,3.7626,0,1,0,0,0,20,20,0,0,0,0,0,1000.000
40240,2.4109,3.7606,169.19,2.4109,3.7626,0,1,0,0,0,20,20,0,0,0,0,0,1000.000
40250,2.4109,3.7606,169.20,2.4109,3.7626,0,1,0,0,0,20,20,0,0,0,0,0,1000.000
40260,2.4109,3.7606,169.22,2.4109,3.7626,0,1,0,0,0,20,20,0,0,0,0,0,1000.000
40270,2.4109,3.7606,169.23,2.4109,3.7626,0,1,0,0,0,20,20,0,0,0,0,0,1000.000
40280,2.4109,3.7606,169.25,2.4109,3.7626,0,1,0,0,0,20,20,0,0,0,0,0,1000.000
40290,2.4109,3.7606,169.26,2.4109,3.7626,0,1,0,0,0,20,20,0,0,0,0,0,1000.000
40300,2.4109,3.7606,169.28,2.4109,3.7626,0,1,0,0,0,20,20,0,0,0,0,0,1000.000
40310,2.4109,3.7606,169.29,2.4109,3.7626,0,1,0,0,0,20,20,0,0,0,0,0,1000.000
40320,2.4109,3.7606,169.31,2.4109,3.7626,0,1,0,0,0,20,20,0,0,0,0,0,1000.000
40330,2.4109,3.7606,169.32,2.4109,3.7626,0,1,0,0,0,20,20,0,0,0,0,0,1000.000
40340,2.4109,3.7606,169.34,2.4109,3.7626,0,1,0,0,0,20,20,0,0,0,0,0,1000.000
40350,2.4109,3.7606,169.35,2.4109,3.7626,0,1,0,0,0,20,20,0,0,0,0,0,1000.000
40360,2.4109,3.7606,169.37,2.4109,3.7626,0,1,0,0,0,20,20,0,0,0,0,0,1000.000
40370,2.4109,3.7606,169.38,2.4109,3.7626,0,1,0,0,0,20,20,0,0,0,0,0,1000.000
40380,2.4109,3.7606,169.40,2.4109,3.7626,0,1,0,0,0,20,20,0,0,0,0,0,1000.000
40390,2.4109,3.7606,169.41,2.4109,3.7626,0,1,0,0,0,20,20,0,0,0,0,0,1000.000
40400,2.4109,3.7606,169.43,2.4109,3.7626,0,1,0,0,0,20,20,0,0,0,0,0,1000.000
40410,2.4109,3.7606,169.44,2.4109,3.7626,0,1,0,0,0,20,20,0,0,0,0,0,1000.000
40420,2.4109,3.7606,169.46,2.4109,3.7626,0,1,0,0,0,20,20,0,0,0,0,0,1000.000
40430,2.4109,3.7606,169.47,2.4109,3.7626,0,1,0,0,0,20,20,0,0,0,0,0,1000.000
40440,2.4109,3.7606,169.49,2.4109,3.7626,0,1,0,0,0,20,20,0,0,0,0,0,1000.000
40450,2.4109,3.7606,169.50,2.4109,3.7626,0,1,0,0,0,20,20,0,0,0,0,0,1000.000
40460,2.4109,3.7606,169.52,2.4109,3.7626,0,1,0,0,0,20,20,0,0,0,0,0,1000.000
40470,2.4109,3.7606,169.53,2.4109,3.7626,0,1,0,0,0,20,20,0,0,0,0,0,1000.000
40480,2.4109,3.7606,169.55,2.4109,3.7626,0,1,0,0,0,20,20,0,0,0,0,0,1000.000
40490,2.4109,3.7606,169.57,2.4109,3.7626,0,1,0,0,0,20,20,0,0,0,0,0,1000.000
40500,2.4109,3.7606,169.58,2.4109,3.7626,0,1,0,0,0,20,20,0,0,0,0,0,1000.000
40510,2.4109,3.7606,169.60,2.4109,3.7626,0,1,0,0,0,20,20,0,0,0,0,0,1000.000
40520,2.4109,3.7606,169.61,2.4109,3.7626,0,1,0,0,0,20,20,0,0,0,0,0,1000.000
40530,2.4109,3.7606,169.63,2.4109,3.7626,0,1,0,0,0,20,20,0,0,0,0,0,1000.000
40540,2.4109,3.7606,169.64,2.4109,3.7626,0,1,0,0,0,20,20,0,0,0,0,0,1000.000
40550,2.4109,3.7606,169.66,2.4109,3.7626,0,1,0,0,0,20,20,0,0,0,0,0,1000.000
40560,2.4109,3.7606,169.68,2.4109,3.7626,0,1,0,0,0,20,20,0,0,0,0,0,1000.000
40570,2.4109,3.7606,169.69,2.4109,3.7626,0,1,0,0,0,20,20,0,0,0,0,0,1000.000
40580,2.4109,3.7606,169.71,2.4109,3.7626,0,1,0,0,0,20,20,0,0,0,0,0,1000.000
40590,2.4109,3.7606,169.72,2.4109,3.7626,0,1,0,0,0,20,20,0,0,0,0,0,1000.000
40600,2.4109,3.7606,169.74,2.4109,3.7626,0,1,0,0,0,20,20,0,0,0,0,0,1000.000
40610,2.4109,3.7606,169.75,2.4109,3.7626,0,1,0,0,0,20,20,0,0,0,0,0,1000.000
40620,2.4109,3.7606,169.77,2.4109,3.7626,0,1,0,0,0,20,20,0,0,0,0,0,1000.000
40630,2.4109,3.7606,169.78,2.4109,3.7626,0,1,0,0,0,20,20,0,0,0,0,0,1000.000
40640,2.4109,3.7606,169.80,2.4109,3.7626,0,1,0,0,0,20,20,0,0,0,0,0,1000.000
40650,2.4109,3.7606,169.81,2.4109,3.7626,0,1,0,0,0,20,20,0,0,0,0,0,1000.000
40660,2.4109,3.7606,169.83,2.4109,3.7626,0,1,0,0,0,20,20,0,0,0,0,0,1000.000
40670,2.4109,3.7606,169.84,2.4109,3.7626,0,1,0,0,0,20,20,0,0,0,0,0,1000.000
40680,2.4109,3.7606,169.86,2.4109,3.7626,0,1,0,0,0,20,20,0,0,0,0,0,1000.000
40690,2.4109,3.7606,169.87,2.4109,3.7626,0,1,0,0,0,20,20,0,0,0,0,0,1000.000
40700,2.4109,3.7606,169.89,2.4109,3.7626,0,1,0,0,0,20,20,0,0,0,0,0,1000.000
40710,2.4109,3.7606,169.90,2.4109,3.7626,0,1,0,0,0,20,20,0,0,0,0,0,1000.000
40720,2.4109,3.7606,169.92,2.4109,3.7626,0,1,0,0,0,20,20,0,0,0,0,0,1000.000
40730,2.4109,3.7606,169.93,2.4109,3.7626,0,1,0,0,0,20,20,0,0,0,0,0,1000.000
40740,2.4109,3.7606,169.95,2.4109,3.7626,0,1,0,0,0,20,20,0,0,0,0,0,1000.000
40750,2.4109,3.7606,169.96,2.4109,3.7626,0,1,0,0,0,20,20,0,0,0,0,0,1000.000
40760,2.4109,3.7606,169.98,2.4109,3.7626,0,1,0,0,0,20,20,0,0,0,0,0,1000.000
40770,2.4109,3.7606,169.99,2.4109,3.7626,0,1,0,0,0,20,20,0,0,0,0,0,1000.000
40780,2.4109,3.7606,170.01,2.4109,3.7626,0,1,0,0,0,20,20,0,0,0,0,0,1000.000
40790,2.4109,3.7606,170.01,2.4109,3.7626,0,1,0,0,0,20,20,0,0,0,0,0,1000.000
40800,2.4109,3.7606,170.03,2.4109,3.7626,0,1,0,0,0,20,20,0,0,0,0,0,1000.000
40810,2.4109,3.7606,170.06,2.4109,3.7626,0,1,0,0,0,20,20,0,0,0,0,0,1000.000
40820,2.4109,3.7606,170.06,2.4109,3.7626,0,1,0,0,0,20,20,0,0,0,0,0,1000.000
40830,2.4109,3.7606,170.08,2.4109,3.7626,0,1,0,0,0,20,20,0,0,0,0,0,1000.000
40840,2.4109,3.7606,170.09,2.4109,3.7626,0,1,0,0,0,20,20,0,0,0,0,0,1000.000
40850,2.4109,3.7606,170.10,2.4109,3.7626,0,1,0,0,0,20,20,0,0,0,0,0,1000.000
40860,2.4109,3.7606,170.13,2.4109,3.7626,0,1,0,0,0,20,20,0,0,0,0,0,1000.000
40870,2.4109,3.7606,170.13,2.4109,3.7626,0,1,0,0,0,20,20,0,0,0,0,0,1000.000
40880,2.4109,3.7606,170.15,2.4109,3.7626,0,1,0,0,0,20,20,0,0,0,0,0,1000.000
40890,2.4109,3.7606,170.16,2.4109,3.7626,0,1,0,0,0,20,20,0,0,0,0,0,1000.000
40900,2.4109,3.7606,170.17,2.4109,3.7626,0,1,0,0,0,20,20,0,0,0,0,0,1000.000
40910,2.4109,3.7606,170.20,2.4109,3.7626,0,1,0,0,0,20,20,0,0,0,0,0,1000.000
40920,2.4109,3.7606,170.20,2.4109,3.7626,0,1,0,0,0,20,20,0,0,0,0,0,1000.000
40930,2.4109,3.7606,170.22,2.4109,3.7626,0,1,0,0,0,20,20,0,0,0,0,0,1000.000
40940,2.4109,3.7606,170.23,2.4109,3.7626,0,1,0,0,0,20,20,0,0,0,0,0,1000.000
40950,2.4109,3.7606,170.24,2.4109,3.7626,0,1,0,0,0,20,20,0,0,0,0,0,1000.000
40960,2.4109,3.7606,170.27,2.4109,3.7626,0,1,0,0,0,20,20,0,0,0,0,0,1000.000
40970,2.4109,3.7606,170.27,2.4109,3.7626,0,1,0,0,0,20,20,0,0,0,0,0,1000.000
40980,2.4109,3.7606,170.29,2.4109,3.7626,0,1,0,0,0,20,20,0,0,0,0,0,1000.000
40990,2.4109,3.7606,170.30,2.4109,3.7626,0,1,0,0,0,20,20,0,0,0,0,0,1000.000
41000,2.4109,3.7606,170.31,2.4109,3.7626,0,1,0,0,0,20,20,0,0,0,0,0,1000.000
41010,2.4109,3.7606,170.34,2.4109,3.7626,0,1,0,0,0,20,20,0,0,0,0,0,1000.000
41020,2.4109,3.7606,170.35,2.4109,3.7626,0,1,0,0,0,20,20,0,0,0,0,0,1000.000
41030,2.4109,3.7606,170.36,2.4109,3.7626,0,1,0,0,0,20,20,0,0,0,0,0,1000.000
41040,2.4109,3.7606,170.37,2.4109,3.7626,0,1,0,0,0,20,20,0,0,0,0,0,1000.000
41050,2.4109,3.7606,170.39,2.4109,3.7626,0,1,0,0,0,20,20,0,0,0,0,0,1000.000
41060,2.4109,3.7606,170.41,2.4109,3.7626,0,1,0,0,0,20,20,0,0,0,0,0,1000.000
41070,2.4109,3.7606,170.42,2.4109,3.7626,0,1,0,0,0,20,20,0,0,0,0,0,1000.000
41080,2.4109,3.7606,170.43,2.4109,3.7626,0,1,0,0,0,20,20,0,0,0,0,0,1000.000
41090,2.4109,3.7606,170.44,2.4109,3.7626,0,1,0,0,0,20,20,0,0,0,0,0,1000.000
41100,2.4109,3.7606,170.46,2.4109,3.7626,0,1,0,0,0,20,20,0,0,0,0,0,1000.000
41110,2.4109,3.7606,170.48,2.4109,3.7626,0,1,0,0,0,20,20,0,0,0,0,0,1000.000
41120,2.4109,3.7606,170.49,2.4109,3.7626,0,1,0,0,0,20,20,0,0,0,0,0,1000.000
41130,2.4109,3.7606,170.50,2.4109,3.7626,0,1,0,0,0,20,20,0,0,0,0,0,1000.000
41140,2.4109,3.7606,170.51,2.4109,3.7626,0,1,0,0,0,20,20,0,0,0,0,0,1000.000
41150,2.4109,3.7606,170.53,2.4109,3.7626,0,1,0,0,0,20,20,0,0,0,0,0,1000.000
41160,2.4109,3.7606,170.55,2.4109,3.7626,0,1,0,0,0,20,20,0,0,0,0,0,1000.000
41170,2.4109,3.7606,170.56,2.4109,3.7626,0,1,0,0,0,20,20,0,0,0,0,0,1000.000
41180,2.4109,3.7606,170.57,2.4109,3.7626,0,1,0,0,0,20,20,0,0,0,0,0,1000.000
41190,2.4109,3.7606,170.58,2.4109,3.7626,0,1,0,0,0,20,20,0,0,0,0,0,1000.000
41200,2.4109,3.7606,170.60,2.4109,3.7626,0,1,0,0,0,20,20,0,0,0,0,0,1000.000
41210,2.4109,3.7606,170.62,2.4109,3.7626,0,1,0,0,0,20,20,0,0,0,0,0,1000.000
41220,2.4109,3.7606,170.63,2.4109,3.7626,0,1,0,0,0,20,20,0,0,0,0,0,1000.000
41230,2.4109,3.7606,170.63,2.4109,3.7626,0,1,0,0,0,20,20,0,0,0,0,0,1000.000
41240,2.4109,3.7606,170.65,2.4109,3.7626,0,1,0,0,0,20,20,0,0,0,0,0,1000.000
41250,2.4109,3.7606,170.66,2.4109,3.7626,0,1,0,0,0,20,20,0,0,0,0,0,1000.000
41260,2.4109,3.7606,170.67,2.4109,3.7626,0,1,0,0,0,20,20,0,0,0,0,0,1000.000
41270,2.4109,3.7606,170.69,2.4109,3.7626,0,1,0,0,0,20,20,0,0,0,0,0,1000.000
41280,2.4109,3.7606,170.69,2.4109,3.7626,0,1,0,0,0,20,20,0,0,0,0,0,1000.000
41290,2.4109,3.7606,170.71,2.4109,3.7626,0,1,0,0,0,20,20,0,0,0,0,0,1000.000
41300,2.4109,3.7606,170.72,2.4109,3.7626,0,1,0,0,0,20,20,0,0,0,0,0,1000.000
41310,2.4109,3.7606,170.73,2.4109,3.7626,0,1,0,0,0,20,20,0,0,0,0,0,1000.000
41320,2.4109,3.7606,170.74,2.4109,3.7626,0,1,0,0,0,20,20,0,0,0,0,0,1000.000
41330,2.4109,3.7606,170.75,2.4109,3.7626,0,1,0,0,0,20,20,0,0,0,0,0,1000.000
41340,2.4109,3.7606,170.78,2.4109,3.7626,0,1,0,0,0,20,20,0,0,0,0,0,1000.000
41350,2.4109,3.7606,170.79,2.4109,3.7626,0,1,0,0,0,20,20,0,0,0,0,0,1000.000
41360,2.4109,3.7606,170.80,2.4109,3.7626,0,1,0,0,0,20,20,0,0,0,0,0,1000.000
41370,2.4109,3.7606,170.81,2.4109,3.7626,0,1,0,0,0,20,20,0,0,0,0,0,1000.000
41380,2.4109,3.7606,170.83,2.4109,3.7626,0,1,0,0,0,20,20,0,0,0,0,0,1000.000
41390,2.4109,3.7606,170.83,2.4109,3.7626,0,1,0,0,0,20,20,0,0,0,0,0,1000.000
41400,2.4109,3.7606,170.85,2.4109,3.7626,0,1,0,0,0,20,20,0,0,0,0,0,1000.000
41410,2.4109,3.7606,170.85,2.4109,3.7626,0,1,0,0,0,20,20,0,0,0,0,0,1000.000
41420,2.4109,3.7606,170.87,2.4109,3.7626,0,1,0,0,0,20,20,0,0,0,0,0,1000.000
41430,2.4109,3.7606,170.89,2.4109,3.7626,0,1,0,0,0,20,20,0,0,0,0,0,1000.000
41440,2.4109,3.7606,170.89,2.4109,3.7626,0,1,0,0,0,20,20,0,0,0,0,0,1000.000
41450,2.4109,3.7606,170.91,2.4109,3.7626,0,1,0,0,0,20,20,0,0,0,0,0,1000.000
41460,2.4109,3.7606,170.91,2.4109,3.7626,0,1,0,0,0,20,20,0,0,0,0,0,1000.000
41470,2.4109,3.7606,170.93,2.4109,3.7626,0,1,0,0,0,20,20,0,0,0,0,0,1000.000
41480,2.4109,3.7606,170.96,2.4109,3.7626,0,1,0,0,0,20,20,0,0,0,0,0,1000.000
41490,2.4109,3.7606,170.96,2.4109,3.7626,0,1,0,0,0,20,20,0,0,0,0,0,1000.000
41500,2.4109,3.7606,170.97,2.4109,3.7626,0,1,0,0,0,20,20,0,0,0,0,0,1000.000
41510,2.4109,3.7606,170.99,2.4109,3.7626,0,1,0,0,0,20,20,0,0,0,0,0,1000.000
41520,2.4109,3.7606,171.00,2.4109,3.7626,0,1,0,0,0,20,20,0,0,0,0,0,1000.000
41530,2.4109,3.7606,171.01,2.4109,3.7626,0,1,0,0,0,20,20,0,0,0,0,0,1000.000
41540,2.4109,3.7606,171.02,2.4109,3.7626,0,1,0,0,0,20,20,0,0,0,0,0,1000.000
41550,2.4109,3.7606,171.03,2.4109,3.7626,0,1,0,0,0,20,20,0,0,0,0,0,1000.000
41560,2.4109,3.7606,171.05,2.4109,3.7626,0,1,0,0,0,20,20,0,0,0,0,0,1000.000
41570,2.4109,3.7606,171.06,2.4109,3.7626,0,1,0,0,0,20,20,0,0,0,0,0,1000.000
41580,2.4109,3.7606,171.07,2.4109,3.7626,0,1,0,0,0,20,20,0,0,0,0,0,1000.000
41590,2.4109,3.7606,171.08,2.4109,3.7626,0,1,0,0,0,20,20,0,0,0,0,0,1000.000
41600,2.4109,3.7606,171.09,2.4109,3.7626,0,1,0,0,0,20,20,0,0,0,0,0,1000.000
41610,2.4109,3.7606,171.12,2.4109,3.7626,0,1,0,0,0,20,20,0,0,0,0,0,1000.000
41620,2.4109,3.7606,171.13,2.4109,3.7626,0,1,0,0,0,20,20,0,0,0,0,0,1000.000
41630,2.4109,3.7606,171.13,2.4109,3.7626,0,1,0,0,0,20,20,0,0,0,0,0,1000.000
41640,2.4109,3.7606,171.15,2.4109,3.7626,0,1,0,0,0,20,20,0,0,0,0,0,1000.000
41650,2.4109,3.7606,171.16,2.4109,3.7626,0,1,0,0,0,20,20,0,0,0,0,0,1000.000
41660,2.4109,3.7606,171.17,2.4109,3.7626,0,1,0,0,0,20,20,0,0,0,0,0,1000.000
41670,2.4109,3.7606,171.18,2.4109,3.7626,0,1,0,0,0,20,20,0,0,0,0,0,1000.000
41680,2.4109,3.7606,171.19,2.4109,3.7626,0,1,0,0,0,20,20,0,0,0,0,0,1000.000
41690,2.4109,3.7606,171.21,2.4109,3.7626,0,1,0,0,0,20,20,0,0,0,0,0,1000.000
41700,2.4109,3.7606,171.22,2.4109,3.7626,0,1,0,0,0,20,20,0,0,0,0,0,1000.000
41710,2.4109,3.7606,171.23,2.4109,3.7626,0,1,0,0,0,20,20,0,0,0,0,0,1000.000
41720,2.4109,3.7606,171.24,2.4109,3.7626,0,1,0,0,0,20,20,0,0,0,0,0,1000.000
41730,2.4109,3.7606,171.25,2.4109,3.7626,0,1,0,0,0,20,20,0,0,0,0,0,1000.000
41740,2.4109,3.7606,171.27,2.4109,3.7626,0,1,0,0,0,20,20,0,0,0,0,0,1000.000
41750,2.4109,3.7606,171.27,2.4109,3.7626,0,1,0,0,0,20,20,0,0,0,0,0,1000.000
41760,2.4109,3.7606,171.29,2.4109,3.7626,0,1,0,0,0,20,20,0,0,0,0,0,1000.000
41770,2.4109,3.7606,171.29,2.4109,3.7626,0,1,0,0,0,20,20,0,0,0,0,0,1000.000
41780,2.4109,3.7606,171.31,2.4109,3.7626,0,1,0,0,0,20,20,0,0,0,0,0,1000.000
41790,2.4109,3.7606,171.32,2.4109,3.7626,0,1,0,0,0,20,20,0,0,0,0,0,1000.000
41800,2.4109,3.7606,171.33,2.4109,3.7626,0,1,0,0,0,20,20,0,0,0,0,0,1000.000
41810,2.4109,3.7606,171.34,2.4109,3.7626,0,1,0,0,0,20,20,0,0,0,0,0,1000.000
41820,2.4109,3.7606,171.35,2.4109,3.7626,0,1,0,0,0,20,20,0,0,0,0,0,1000.000
41830,2.4109,3.7606,171.36,2.4109,3.7626,0,1,0,0,0,20,20,0,0,0,0,0,1000.000
41840,2.4109,3.7606,171.37,2.4109,3.7626,0,1,0,0,0,20,20,0,0,0,0,0,1000.000
41850,2.4109,3.7606,171.38,2.4109,3.7626,0,1,0,0,0,20,20,0,0,0,0,0,1000.000
41860,2.4109,3.7606,171.40,2.4109,3.7626,0,1,0,0,0,20,20,0,0,0,0,0,1000.000
41870,2.4109,3.7606,171.40,2.4109,3.7626,0,1,0,0,0,20,20,0,0,0,0,0,1000.000
41880,2.4109,3.7606,171.42,2.4109,3.7626,0,1,0,0,0,20,20,0,0,0,0,0,1000.000
41890,2.4109,3.7606,171.42,2.4109,3.7626,0,1,0,0,0,20,20,0,0,0,0,0,1000.000
41900,2.4109,3.7606,171.44,2.4109,3.7626,0,1,0,0,0,20,20,0,0,0,0,0,1000.000
41910,2.4109,3.7606,171.45,2.4109,3.7626,0,1,0,0,0,20,20,0,0,0,0,0,1000.000
41920,2.4109,3.7606,171.46,2.4109,3.7626,0,1,0,0,0,20,20,0,0,0,0,0,1000.000
41930,2.4109,3.7606,171.47,2.4109,3.7626,0,1,0,0,0,20,20,0,0,0,0,0,1000.000
41940,2.4109,3.7606,171.48,2.4109,3.7626,0,1,0,0,0,20,20,0,0,0,0,0,1000.000
41950,2.4109,3.7606,171.49,2.4109,3.7626,0,1,0,0,0,20,20,0,0,0,0,0,1000.000
41960,2.4109,3.7606,171.50,2.4109,3.7626,0,1,0,0,0,20,20,0,0,0,0,0,1000.000
41970,2.4109,3.7606,171.51,2.4109,3.7626,0,1,0,0,0,20,20,0,0,0,0,0,1000.000
41980,2.4109,3.7606,171.53,2.4109,3.7626,0,1,0,0,0,20,20,0,0,0,0,0,1000.000
41990,2.4109,3.7606,171.53,2.4109,3.7626,0,1,0,0,0,20,20,0,0,0,0,0,1000.000
42000,2.4109,3.7606,171.55,2.4109,3.7626,0,1,0,0,0,20,20,0,0,0,0,0,1000.000
42010,2.4109,3.7606,171.55,2.4109,3.7626,0,1,0,0,0,20,20,0,0,0,0,0,1000.000
42020,2.4109,3.7606,171.57,2.4109,3.7626,0,1,0,0,0,20,20,0,0,0,0,0,1000.000
42030,2.4109,3.7606,171.58,2.4109,3.7626,0,1,0,0,0,20,20,0,0,0,0,0,1000.000
42040,2.4109,3.7606,171.59,2.4109,3.7626,0,1,0,0,0,20,20,0,0,0,0,0,1000.000
42050,2.4109,3.7606,171.60,2.4109,3.7626,0,1,0,0,0,20,20,0,0,0,0,0,1000.000
42060,2.4109,3.7606,171.61,2.4109,3.7626,0,1,0,0,0,20,20,0,0,0,0,0,1000.000
42070,2.4109,3.7606,171.62,2.4109,3.7626,0,1,0,0,0,20,20,0,0,0,0,0,1000.000
42080,2.4109,3.7606,171.63,2.4109,3.7626,0,1,0,0,0,20,20,0,0,0,0,0,1000.000
42090,2.4109,3.7606,171.64,2.4109,3.7626,0,1,0,0,0,20,20,0,0,0,0,0,1000.000
42100,2.4109,3.7606,171.66,2.4109,3.7626,0,1,0,0,0,20,20,0,0,0,0,0,1000.000
42110,2.4109,3.7606,171.66,2.4109,3.7626,0,1,0,0,0,20,20,0,0,0,0,0,1000.000
42120,2.4109,3.7606,171.68,2.4109,3.7626,0,1,0,0,0,20,20,0,0,0,0,0,1000.000
42130,2.4109,3.7606,171.68,2.4109,3.7626,0,1,0,0,0,20,20,0,0,0,0,0,1000.000
42140,2.4109,3.7606,171.70,2.4109,3.7626,0,1,0,0,0,20,20,0,0,0,0,0,1000.000
42150,2.4109,3.7606,171.71,2.4109,3.7626,0,1,0,0,0,20,20,0,0,0,0,0,1000.000
42160,2.4109,3.7606,171.72,2.4109,3.7626,0,1,0,0,0,20,20,0,0,0,0,0,1000.000
42170,2.4109,3.7606,171.73,2.4109,3.7626,0,1,0,0,0,20,20,0,0,0,0,0,1000.000
42180,2.4109,3.7606,171.74,2.4109,3.7626,0,1,0,0,0,20,20,0,0,0,0,0,1000.000
42190,2.4109,3.7606,171.75,2.4109,3.7626,0,1,0,0,0,20,20,0,0,0,0,0,1000.000
42200,2.4109,3.7606,171.76,2.4109,3.7626,0,1,0,0,0,20,20,0,0,0,0,0,1000.000
42210,2.4109,3.7606,171.77,2.4109,3.7626,0,1,0,0,0,20,20,0,0,0,0,0,1000.000
42220,2.4109,3.7606,171.79,2.4109,3.7626,0,1,0,0,0,20,20,0,0,0,0,0,1000.000
42230,2.4109,3.7606,171.79,2.4109,3.7626,0,1,0,0,0,20,20,0,0,0,0,0,1000.000
42240,2.4109,3.7606,171.81,2.4109,3.7626,0,1,0,0,0,20,20,0,0,0,0,0,1000.000
42250,2.4109,3.7606,171.81,2.4109,3.7626,0,1,0,0,0,20,20,0,0,0,0,0,1000.000
42260,2.4109,3.7606,171.83,2.4109,3.7626,0,1,0,0,0,20,20,0,0,0,0,0,1000.000
42270,2.4109,3.7606,171.84,2.4109,3.7626,0,1,0,0,0,20,20,0,0,0,0,0,1000.000
42280,2.4109,3.7606,171.85,2.4109,3.7626,0,1,0,0,0,20,20,0,0,0,0,0,1000.000
42290,2.4109,3.7606,171.86,2.4109,3.7626,0,1,0,0,0,20,20,0,0,0,0,0,1000.000
42300,2.4109,3.7606,171.87,2.4109,3.7626,0,1,0,0,0,20,20,0,0,0,0,0,1000.000
42310,2.4109,3.7606,171.88,2.4109,3.7626,0,1,0,0,0,20,20,0,0,0,0,0,1000.000
42320,2.4109,3.7606,171.90,2.4109,3.7626,0,1,0,0,0,20,20,0,0,0,0,0,1000.000
42330,2.4109,3.7606,171.90,2.4109,3.7626,0,1,0,0,0,20,20,0,0,0,0,0,1000.000
42340,2.4109,3.7606,171.92,2.4109,3.7626,0,1,0,0,0,20,20,0,0,0,0,0,1000.000
42350,2.4109,3.7606,171.92,2.4109,3.7626,0,1,0,0,0,20,20,0,0,0,0,0,1000.000
42360,2.4109,3.7606,171.94,2.4109,3.7626,0,1,0,0,0,20,20,0,0,0,0,0,1000.000
42370,2.4109,3.7606,171.94,2.4109,3.7626,0,1,0,0,0,20,20,0,0,0,0,0,1000.000
42380,2.4109,3.7606,171.96,2.4109,3.7626,0,1,0,0,0,20,20,0,0,0,0,0,1000.000
42390,2.4109,3.7606,171.97,2.4109,3.7626,0,1,0,0,0,20,20,0,0,0,0,0,1000.000
42400,2.4109,3.7606,171.98,2.4109,3.7626,0,1,0,0,0,20,20,0,0,0,0,0,1000.000
42410,2.4109,3.7606,171.99,2.4109,3.7626,0,1,0,0,0,20,20,0,0,0,0,0,1000.000
42420,2.4109,3.7606,172.00,2.4109,3.7626,0,1,0,0,0,20,20,0,0,0,0,0,1000.000
42430,2.4109,3.7606,172.01,2.4109,3.7626,0,1,0,0,0,20,20,0,0,0,0,0,1000.000
42440,2.4109,3.7606,172.03,2.4109,3.7626,0,1,0,0,0,20,20,0,0,0,0,0,1000.000
42450,2.4109,3.7606,172.03,2.4109,3.7626,0,1,0,0,0,20,20,0,0,0,0,0,1000.000
42460,2.4109,3.7606,172.05,2.4109,3.7626,0,1,0,0,0,20,20,0,0,0,0,0,1000.000
42470,2.4109,3.7606,172.05,2.4109,3.7626,0,1,0,0,0,20,20,0,0,0,0,0,1000.000
42480,2.4109,3.7606,172.07,2.4109,3.7626,0,1,0,0,0,20,20,0,0,0,0,0,1000.000
42490,2.4109,3.7606,172.07,2.4109,3.7626,0,1,0,0,0,20,20,0,0,0,0,0,1000.000
42500,2.4109,3.7606,172.09,2.4109,3.7626,0,1,0,0,0,20,20,0,0,0,0,0,1000.000
42510,2.4109,3.7606,172.10,2.4109,3.7626,0,1,0,0,0,20,20,0,0,0,0,0,1000.000
42520,2.4109,3.7606,172.11,2.4109,3.7626,0,1,0,0,0,20,20,0,0,0,0,0,1000.000
42530,2.4109,3.7606,172.12,2.4109,3.7626,0,1,0,0,0,20,20,0,0,0,0,0,1000.000
42540,2.4109,3.7606,172.13,2.4109,3.7626,0,1,0,0,0,20,20,0,0,0,0,0,1000.000
42550,2.4109,3.7606,172.14,2.4109,3.7626,0,1,0,0,0,20,20,0,0,0,0,0,1000.000
42560,2.4109,3.7606,172.16,2.4109,3.7626,0,1,0,0,0,20,20,0,0,0,0,0,1000.000
42570,2.4109,3.7606,172.16,2.4109,3.7626,0,1,0,0,0,20,20,0,0,0,0,0,1000.000
42580,2.4109,3.7606,172.18,2.4109,3.7626,0,1,0,0,0,20,20,0,0,0,0,0,1000.000
42590,2.4109,3.7606,172.18,2.4109,3.7626,0,1,0,0,0,20,20,0,0,0,0,0,1000.000
42600,2.4109,3.7606,172.20,2.4109,3.7626,0,1,0,0,0,20,20,0,0,0,0,0,1000.000
42610,2.4109,3.7606,172.20,2.4109,3.7626,0,1,0,0,0,20,20,0,0,0,0,0,1000.000
42620,2.4109,3.7606,172.22,2.4109,3.7626,0,1,0,0,0,20,20,0,0,0,0,0,1000.000
42630,2.4109,3.7606,172.23,2.4109,3.7626,0,1,0,0,0,20,20,0,0,0,0,0,1000.000
42640,2.4109,3.7606,172.24,2.4109,3.7626,0,1,0,0,0,20,20,0,0,0,0,0,1000.000
42650,2.4109,3.7606,172.25,2.4109,3.7626,0,1,0,0,0,20,20,0,0,0,0,0,1000.000
42660,2.4109,3.7606,172.26,2.4109,3.7626,0,1,0,0,0,20,20,0,0,0,0,0,1000.000
42670,2.4109,3.7606,172.27,2.4109,3.7626,0,1,0,0,0,20,20,0,0,0,0,0,1000.000
42680,2.4109,3.7606,172.29,2.4109,3.7626,0,1,0,0,0,20,20,0,0,0,0,0,1000.000
42690,2.4109,3.7606,172.29,2.4109,3.7626,0,1,0,0,0,20,20,0,0,0,0,0,1000.000
42700,2.4109,3.7606,172.31,2.4109,3.7626,0,1,0,0,0,20,20,0,0,0,0,0,1000.000
42710,2.4109,3.7606,172.31,2.4109,3.7626,0,1,0,0,0,20,20,0,0,0,0,0,1000.000
42720,2.4109,3.7606,172.33,2.4109,3.7626,0,1,0,0,0,20,20,0,0,0,0,0,1000.000
42730,2.4109,3.7606,172.33,2.4109,3.7626,0,1,0,0,0,20,20,0,0,0,0,0,1000.000
42740,2.4109,3.7606,172.35,2.4109,3.7626,0,1,0,0,0,20,20,0,0,0,0,0,1000.000
42750,2.4109,3.7606,172.36,2.4109,3.7626,0,1,0,0,0,20,20,0,0,0,0,0,1000.000
42760,2.4109,3.7606,172.37,2.4109,3.7626,0,1,0,0,0,20,20,0,0,0,0,0,1000.000
42770,2.4109,3.7606,172.38,2.4109,3.7626,0,1,0,0,0,20,20,0,0,0,0,0,1000.000
42780,2.4109,3.7606,172.39,2.4109,3.7626,0,1,0,0,0,20,20,0,0,0,0,0,1000.000
42790,2.4109,3.7606,172.40,2.4109,3.7626,0,1,0,0,0,20,20,0,0,0,0,0,1000.000
42800,2.4109,3.7606,172.42,2.4109,3.7626,0,1,0,0,0,20,20,0,0,0,0,0,1000.000
42810,2.4109,3.7606,172.42,2.4109,3.7626,0,1,0,0,0,20,20,0,0,0,0,0,1000.000
42820,2.4109,3.7606,172.44,2.4109,3.7626,0,1,0,0,0,20,20,0,0,0,0,0,1000.000
42830,2.4109,3.7606,172.44,2.4109,3.7626,0,1,0,0,0,20,20,0,0,0,0,0,1000.000
42840,2.4109,3.7606,172.46,2.4109,3.7626,0,1,0,0,0,20,20,0,0,0,0,0,1000.000
42850,2.4109,3.7606,172.46,2.4109,3.7626,0,1,0,0,0,20,20,0,0,0,0,0,1000.000
42860,2.4109,3.7606,172.48,2.4109,3.7626,0,1,0,0,0,20,20,0,0,0,0,0,1000.000
42870,2.4109,3.7606,172.49,2.4109,3.7626,0,1,0,0,0,20,20,0,0,0,0,0,1000.000
42880,2.4109,3.7606,172.50,2.4109,3.7626,0,1,0,0,0,20,20,0,0,0,0,0,1000.000
42890,2.4109,3.7606,172.51,2.4109,3.7626,0,1,0,0,0,20,20,0,0,0,0,0,1000.000
42900,2.4109,3.7606,172.51,2.4109,3.7626,0,1,0,0,0,20,20,0,0,0,0,0,1000.000
42910,2.4109,3.7606,172.53,2.4109,3.7626,0,1,0,0,0,20,20,0,0,0,0,0,1000.000
42920,2.4109,3.7606,172.54,2.4109,3.7626,0,1,0,0,0,20,20,0,0,0,0,0,1000.000
42930,2.4109,3.7606,172.55,2.4109,3.7626,0,1,0,0,0,20,20,0,0,0,0,0,1000.000
42940,2.4109,3.7606,172.56,2.4109,3.7626,0,1,0,0,0,20,20,0,0,0,0,0,1000.000
42950,2.4109,3.7606,172.56,2.4109,3.7626,0,1,0,0,0,20,20,0,0,0,0,0,1000.000
42960,2.4109,3.7606,172.58,2.4109,3.7626,0,1,0,0,0,20,20,0,0,0,0,0,1000.000
42970,2.4109,3.7606,172.59,2.4109,3.7626,0,1,0,0,0,20,20,0,0,0,0,0,1000.000
42980,2.4109,3.7606,172.60,2.4109,3.7626,0,1,0,0,0,20,20,0,0,0,0,0,1000.000
42990,2.4109,3.7606,172.60,2.4109,3.7626,0,1,0,0,0,20,20,0,0,0,0,0,1000.000
43000,2.4109,3.7606,172.61,2.4109,3.7626,0,1,0,0,0,20,20,0,0,0,0,0,1000.000
43010,2.4109,3.7606,172.63,2.4109,3.7626,0,1,0,0,0,20,20,0,0,0,0,0,1000.000
43020,2.4109,3.7606,172.63,2.4109,3.7626,0,1,0,0,0,20,20,0,0,0,0,0,1000.000
43030,2.4109,3.7606,172.65,2.4109,3.7626,0,1,0,0,0,20,20,0,0,0,0,0,1000.000
43040,2.4109,3.7606,172.65,2.4109,3.7626,0,1,0,0,0,20,20,0,0,0,0,0,1000.000
43050,2.4109,3.7606,172.66,2.4109,3.7626,0,1,0,0,0,20,20,0,0,0,0,0,1000.000
43060,2.4109,3.7606,172.67,2.4109,3.7626,0,1,0,0,0,20,20,0,0,0,0,0,1000.000
43070,2.4109,3.7606,172.68,2.4109,3.7626,0,1,0,0,0,20,20,0,0,0,0,0,1000.000
43080,2.4109,3.7606,172.70,2.4109,3.7626,0,1,0,0,0,20,20,0,0,0,0,0,1000.000
43090,2.4109,3.7606,172.70,2.4109,3.7626,0,1,0,0,0,20,20,0,0,0,0,0,1000.000
43100,2.4109,3.7606,172.71,2.4109,3.7626,0,1,0,0,0,20,20,0,0,0,0,0,1000.000
43110,2.4109,3.7606,172.72,2.4109,3.7626,0,1,0,0,0,20,20,0,0,0,0,0,1000.000
43120,2.4109,3.7606,172.73,2.4109,3.7626,0,1,0,0,0,20,20,0,0,0,0,0,1000.000
43130,2.4109,3.7606,172.75,2.4109,3.7626,0,1,0,0,0,20,20,0,0,0,0,0,1000.000
43140,2.4109,3.7606,172.75,2.4109,3.7626,0,1,0,0,0,20,20,0,0,0,0,0,1000.000
43150,2.4109,3.7606,172.76,2.4109,3.7626,0,1,0,0,0,20,20,0,0,0,0,0,1000.000
43160,2.4109,3.7606,172.77,2.4109,3.7626,0,1,0,0,0,20,20,0,0,0,0,0,1000.000
43170,2.4109,3.7606,172.78,2.4109,3.7626,0,1,0,0,0,20,20,0,0,0,0,0,1000.000
43180,2.4109,3.7606,172.79,2.4109,3.7626,0,1,0,0,0,20,20,0,0,0,0,0,1000.000
43190,2.4109,3.7606,172.80,2.4109,3.7626,0,1,0,0,0,20,20,0,0,0,0,0,1000.000
43200,2.4109,3.7606,172.81,2.4109,3.7626,0,1,0,0,0,20,20,0,0,0,0,0,1000.000
43210,2.4109,3.7606,172.82,2.4109,3.7626,0,1,0,0,0,20,20,0,0,0,0,0,1000.000
43220,2.4109,3.7606,172.83,2.4109,3.7626,0,1,0,0,0,20,20,0,0,0,0,0,1000.000
43230,2.4109,3.7606,172.84,2.4109,3.7626,0,1,0,0,0,20,20,0,0,0,0,0,1000.000
43240,2.4109,3.7606,172.85,2.4109,3.7626,0,1,0,0,0,20,20,0,0,0,0,0,1000.000
43250,2.4109,3.7606,172.86,2.4109,3.7626,0,1,0,0,0,20,20,0,0,0,0,0,1000.000
43260,2.4109,3.7606,172.87,2.4109,3.7626,0,1,0,0,0,20,20,0,0,0,0,0,1000.000
43270,2.4109,3.7606,172.88,2.4109,3.7626,0,1,0,0,0,20,20,0,0,0,0,0,1000.000
43280,2.4109,3.7606,172.89,2.4109,3.7626,0,1,0,0,0,20,20,0,0,0,0,0,1000.000
43290,2.4109,3.7606,172.90,2.4109,3.7626,0,1,0,0,0,20,20,0,0,0,0,0,1000.000
43300,2.4109,3.7606,172.90,2.4109,3.7626,0,1,0,0,0,20,20,0,0,0,0,0,1000.000
43310,2.4109,3.7606,172.92,2.4109,3.7626,0,1,0,0,0,20,20,0,0,0,0,0,1000.000
43320,2.4109,3.7606,172.93,2.4109,3.7626,0,1,0,0,0,20,20,0,0,0,0,0,1000.000
43330,2.4109,3.7606,172.94,2.4109,3.7626,0,1,0,0,0,20,20,0,0,0,0,0,1000.000
43340,2.4109,3.7606,172.95,2.4109,3.7626,0,1,0,0,0,20,20,0,0,0,0,0,1000.000
43350,2.4109,3.7606,172.95,2.4109,3.7626,0,1,0,0,0,20,20,0,0,0,0,0,1000.000
43360,2.4109,3.7606,172.97,2.4109,3.7626,0,1,0,0,0,20,20,0,0,0,0,0,1000.000
43370,2.4109,3.7606,172.98,2.4109,3.7626,0,1,0,0,0,20,20,0,0,0,0,0,1000.000
43380,2.4109,3.7606,172.99,2.4109,3.7626,0,1,0,0,0,20,20,0,0,0,0,0,1000.000
43390,2.4109,3.7606,172.99,2.4109,3.7626,0,1,0,0,0,20,20,0,0,0,0,0,1000.000
43400,2.4109,3.7606,173.00,2.4109,3.7626,0,1,0,0,0,20,20,0,0,0,0,0,1000.000
43410,2.4109,3.7606,173.02,2.4109,3.7626,0,1,0,0,0,20,20,0,0,0,0,0,1000.000
43420,2.4109,3.7606,173.02,2.4109,3.7626,0,1,0,0,0,20,20,0,0,0,0,0,1000.000
43430,2.4109,3.7606,173.04,2.4109,3.7626,0,1,0,0,0,20,20,0,0,0,0,0,1000.000
43440,2.4109,3.7606,173.04,2.4109,3.7626,0,1,0,0,0,20,20,0,0,0,0,0,1000.000
43450,2.4109,3.7606,173.05,2.4109,3.7626,0,1,0,0,0,20,20,0,0,0,0,0,1000.000
43460,2.4109,3.7606,173.06,2.4109,3.7626,0,1,0,0,0,20,20,0,0,0,0,0,1000.000
43470,2.4109,3.7606,173.07,2.4109,3.7626,0,1,0,0,0,20,20,0,0,0,0,0,1000.000
43480,2.4109,3.7606,173.09,2.4109,3.7626,0,1,0,0,0,20,20,0,0,0,0,0,1000.000
43490,2.4109,3.7606,173.09,2.4109,3.7626,0,1,0,0,0,20,20,0,0,0,0,0,1000.000
43500,2.4109,3.7606,173.10,2.4109,3.7626,0,1,0,0,0,20,20,0,0,0,0,0,1000.000
43510,2.4109,3.7606,173.11,2.4109,3.7626,0,1,0,0,0,20,20,0,0,0,0,0,1000.000
43520,2.4109,3.7606,173.12,2.4109,3.7626,0,1,0,0,0,20,20,0,0,0,0,0,1000.000
43530,2.4109,3.7606,173.14,2.4109,3.7626,0,1,0,0,0,20,20,0,0,0,0,0,1000.000
43540,2.4109,3.7606,173.14,2.4109,3.7626,0,1,0,0,0,20,20,0,0,0,0,0,1000.000
43550,2.4109,3.7606,173.15,2.4109,3.7626,0,1,0,0,0,20,20,0,0,0,0,0,1000.000
43560,2.4109,3.7606,173.16,2.4109,3.7626,0,1,0,0,0,20,20,0,0,0,0,0,1000.000
43570,2.4109,3.7606,173.17,2.4109,3.7626,0,1,0,0,0,20,20,0,0,0,0,0,1000.000
43580,2.4109,3.7606,173.18,2.4109,3.7626,0,1,0,0,0,20,20,0,0,0,0,0,1000.000
43590,2.4109,3.7606,173.18,2.4109,3.7626,0,1,0,0,0,20,20,0,0,0,0,0,1000.000
43600,2.4109,3.7606,173.19,2.4109,3.7626,0,1,0,0,0,20,20,0,0,0,0,0,1000.000
43610,2.4109,3.7606,173.21,2.4109,3.7626,0,1,0,0,0,20,20,0,0,0,0,0,1000.000
43620,2.4109,3.7606,173.21,2.4109,3.7626,0,1,0,0,0,20,20,0,0,0,0,0,1000.000
43630,2.4109,3.7606,173.22,2.4109,3.7626,0,1,0,0,0,20,20,0,0,0,0,0,1000.000
43640,2.4109,3.7606,173.23,2.4109,3.7626,0,1,0,0,0,20,20,0,0,0,0,0,1000.000
43650,2.4109,3.7606,173.23,2.4109,3.7626,0,1,0,0,0,20,20,0,0,0,0,0,1000.000
43660,2.4109,3.7606,173.25,2.4109,3.7626,0,1,0,0,0,20,20,0,0,0,0,0,1000.000
43670,2.4109,3.7606,173.25,2.4109,3.7626,0,1,0,0,0,20,20,0,0,0,0,0,1000.000
43680,2.4109,3.7606,173.26,2.4109,3.7626,0,1,0,0,0,20,20,0,0,0,0,0,1000.000
43690,2.4109,3.7606,173.28,2.4109,3.7626,0,1,0,0,0,20,20,0,0,0,0,0,1000.000
43700,2.4109,3.7606,173.28,2.4109,3.7626,0,1,0,0,0,20,20,0,0,0,0,0,1000.000
43710,2.4109,3.7606,173.29,2.4109,3.7626,0,1,0,0,0,20,20,0,0,0,0,0,1000.000
43720,2.4109,3.7606,173.30,2.4109,3.7626,0,1,0,0,0,20,20,0,0,0,0,0,1000.000
43730,2.4109,3.7606,173.30,2.4109,3.7626,0,1,0,0,0,20,20,0,0,0,0,0,1000.000
43740,2.4109,3.7606,173.32,2.4109,3.7626,0,1,0,0,0,20,20,0,0,0,0,0,1000.000
43750,2.4109,3.7606,173.33,2.4109,3.7626,0,1,0,0,0,20,20,0,0,0,0,0,1000.000
43760,2.4109,3.7606,173.33,2.4109,3.7626,0,1,0,0,0,20,20,0,0,0,0,0,1000.000
43770,2.4109,3.7606,173.35,2.4109,3.7626,0,1,0,0,0,20,20,0,0,0,0,0,1000.000
43780,2.4109,3.7606,173.35,2.4109,3.7626,0,1,0,0,0,20,20,0,0,0,0,0,1000.000
43790,2.4109,3.7606,173.36,2.4109,3.7626,0,1,0,0,0,20,20,0,0,0,0,0,1000.000
43800,2.4109,3.7606,173.37,2.4109,3.7626,0,1,0,0,0,20,20,0,0,0,0,0,1000.000
43810,2.4109,3.7606,173.38,2.4109,3.7626,0,1,0,0,0,20,20,0,0,0,0,0,1000.000
43820,2.4109,3.7606,173.39,2.4109,3.7626,0,1,0,0,0,20,20,0,0,0,0,0,1000.000
43830,2.4109,3.7606,173.40,2.4109,3.7626,0,1,0,0,0,20,20,0,0,0,0,0,1000.000
43840,2.4109,3.7606,173.40,2.4109,3.7626,0,1,0,0,0,20,20,0,0,0,0,0,1000.000
43850,2.4109,3.7606,173.42,2.4109,3.7626,0,1,0,0,0,20,20,0,0,0,0,0,1000.000
43860,2.4109,3.7606,173.42,2.4109,3.7626,0,1,0,0,0,20,20,0,0,0,0,0,1000.000
43870,2.4109,3.7606,173.43,2.4109,3.7626,0,1,0,0,0,20,20,0,0,0,0,0,1000.000
43880,2.4109,3.7606,173.45,2.4109,3.7626,0,1,0,0,0,20,20,0,0,0,0,0,1000.000
43890,2.4109,3.7606,173.45,2.4109,3.7626,0,1,0,0,0,20,20,0,0,0,0,0,1000.000
43900,2.4109,3.7606,173.46,2.4109,3.7626,0,1,0,0,0,20,20,0,0,0,0,0,1000.000
43910,2.4109,3.7606,173.47,2.4109,3.7626,0,1,0,0,0,20,20,0,0,0,0,0,1000.000
43920,2.4109,3.7606,173.48,2.4109,3.7626,0,1,0,0,0,20,20,0,0,0,0,0,1000.000
43930,2.4109,3.7606,173.48,2.4109,3.7626,0,1,0,0,0,20,20,0,0,0,0,0,1000.000
43940,2.4109,3.7606,173.50,2.4109,3.7626,0,1,0,0,0,20,20,0,0,0,0,0,1000.000
43950,2.4109,3.7606,173.50,2.4109,3.7626,0,1,0,0,0,20,20,0,0,0,0,0,1000.000
43960,2.4109,3.7606,173.52,2.4109,3.7626,0,1,0,0,0,20,20,0,0,0,0,0,1000.000
43970,2.4109,3.7606,173.52,2.4109,3.7626,0,1,0,0,0,20,20,0,0,0,0,0,1000.000
43980,2.4109,3.7606,173.53,2.4109,3.7626,0,1,0,0,0,20,20,0,0,0,0,0,1000.000
43990,2.4109,3.7606,173.54,2.4109,3.7626,0,1,0,0,0,20,20,0,0,0,0,0,1000.000
44000,2.4109,3.7606,173.55,2.4109,3.7626,0,1,0,0,0,20,20,0,0,0,0,0,1000.000
44010,2.4109,3.7606,173.56,2.4109,3.7626,0,1,0,0,0,20,20,0,0,0,0,0,1000.000
44020,2.4109,3.7606,173.57,2.4109,3.7626,0,1,0,0,0,20,20,0,0,0,0,0,1000.000
44030,2.4109,3.7606,173.57,2.4109,3.7626,0,1,0,0,0,20,20,0,0,0,0,0,1000.000
44040,2.4109,3.7606,173.58,2.4109,3.7626,0,1,0,0,0,20,20,0,0,0,0,0,1000.000
44050,2.4109,3.7606,173.60,2.4109,3.7626,0,1,0,0,0,20,20,0,0,0,0,0,1000.000
44060,2.4109,3.7606,173.60,2.4109,3.7626,0,1,0,0,0,20,20,0,0,0,0,0,1000.000
44070,2.4109,3.7606,173.61,2.4109,3.7626,0,1,0,0,0,20,20,0,0,0,0,0,1000.000
44080,2.4109,3.7606,173.62,2.4109,3.7626,0,1,0,0,0,20,20,0,0,0,0,0,1000.000
44090,2.4109,3.7606,173.62,2.4109,3.7626,0,1,0,0,0,20,20,0,0,0,0,0,1000.000
44100,2.4109,3.7606,173.64,2.4109,3.7626,0,1,0,0,0,20,20,0,0,0,0,0,1000.000
44110,2.4109,3.7606,173.65,2.4109,3.7626,0,1,0,0,0,20,20,0,0,0,0,0,1000.000
44120,2.4109,3.7606,173.65,2.4109,3.7626,0,1,0,0,0,20,20,0,0,0,0,0,1000.000
44130,2.4109,3.7606,173.67,2.4109,3.7626,0,1,0,0,0,20,20,0,0,0,0,0,1000.000
44140,2.4109,3.7606,173.67,2.4109,3.7626,0,1,0,0,0,20,20,0,0,0,0,0,1000.000
44150,2.4109,3.7606,173.68,2.4109,3.7626,0,1,0,0,0,20,20,0,0,0,0,0,1000.000
44160,2.4109,3.7606,173.69,2.4109,3.7626,0,1,0,0,0,20,20,0,0,0,0,0,1000.000
44170,2.4109,3.7606,173.70,2.4109,3.7626,0,1,0,0,0,20,20,0,0,0,0,0,1000.000
44180,2.4109,3.7606,173.71,2.4109,3.7626,0,1,0,0,0,20,20,0,0,0,0,0,1000.000
44190,2.4109,3.7606,173.72,2.4109,3.7626,0,1,0,0,0,20,20,0,0,0,0,0,1000.000
44200,2.4109,3.7606,173.72,2.4109,3.7626,0,1,0,0,0,20,20,0,0,0,0,0,1000.000
44210,2.4109,3.7606,173.74,2.4109,3.7626,0,1,0,0,0,20,20,0,0,0,0,0,1000.000
44220,2.4109,3.7606,173.74,2.4109,3.7626,0,1,0,0,0,20,20,0,0,0,0,0,1000.000
44230,2.4109,3.7606,173.75,2.4109,3.7626,0,1,0,0,0,20,20,0,0,0,0,0,1000.000
44240,2.4109,3.7606,173.76,2.4109,3.7626,0,1,0,0,0,20,20,0,0,0,0,0,1000.000
44250,2.4109,3.7606,173.77,2.4109,3.7626,0,1,0,0,0,20,20,0,0,0,0,0,1000.000
44260,2.4109,3.7606,173.77,2.4109,3.7626,0,1,0,0,0,20,20,0,0,0,0,0,1000.000
44270,2.4109,3.7606,173.79,2.4109,3.7626,0,1,0,0,0,20,20,0,0,0,0,0,1000.000
44280,2.4109,3.7606,173.79,2.4109,3.7626,0,1,0,0,0,20,20,0,0,0,0,0,1000.000
44290,2.4109,3.7606,173.80,2.4109,3.7626,0,1,0,0,0,20,20,0,0,0,0,0,1000.000
44300,2.4109,3.7606,173.81,2.4109,3.7626,0,1,0,0,0,20,20,0,0,0,0,0,1000.000
44310,2.4109,3.7606,173.81,2.4109,3.7626,0,1,0,0,0,20,20,0,0,0,0,0,1000.000
44320,2.4109,3.7606,173.83,2.4109,3.7626,0,1,0,0,0,20,20,0,0,0,0,0,1000.000
44330,2.4109,3.7606,173.83,2.4109,3.7626,0,1,0,0,0,20,20,0,0,0,0,0,1000.000
44340,2.4109,3.7606,173.84,2.4109,3.7626,0,1,0,0,0,20,20,0,0,0,0,0,1000.000
44350,2.4109,3.7606,173.85,2.4109,3.7626,0,1,0,0,0,20,20,0,0,0,0,0,1000.000
44360,2.4109,3.7606,173.86,2.4109,3.7626,0,1,0,0,0,20,20,0,0,0,0,0,1000.000
44370,2.4109,3.7606,173.86,2.4109,3.7626,0,1,0,0,0,20,20,0,0,0,0,0,1000.000
44380,2.4109,3.7606,173.88,2.4109,3.7626,0,1,0,0,0,20,20,0,0,0,0,0,1000.000
44390,2.4109,3.7606,173.88,2.4109,3.7626,0,1,0,0,0,20,20,0,0,0,0,0,1000.000
44400,2.4109,3.7606,173.89,2.4109,3.7626,0,1,0,0,0,20,20,0,0,0,0,0,1000.000
44410,2.4109,3.7606,173.91,2.4109,3.7626,0,1,0,0,0,20,20,0,0,0,0,0,1000.000
44420,2.4109,3.7606,173.91,2.4109,3.7626,0,1,0,0,0,20,20,0,0,0,0,0,1000.000
44430,2.4109,3.7606,173.92,2.4109,3.7626,0,1,0,0,0,20,20,0,0,0,0,0,1000.000
44440,2.4109,3.7606,173.93,2.4109,3.7626,0,1,0,0,0,20,20,0,0,0,0,0,1000.000
44450,2.4109,3.7606,173.93,2.4109,3.7626,0,1,0,0,0,20,20,0,0,0,0,0,1000.000
44460,2.4109,3.7606,173.94,2.4109,3.7626,0,1,0,0,0,20,20,0,0,0,0,0,1000.000
44470,2.4109,3.7606,173.95,2.4109,3.7626,0,1,0,0,0,20,20,0,0,0,0,0,1000.000
44480,2.4109,3.7606,173.96,2.4109,3.7626,0,1,0,0,0,20,20,0,0,0,0,0,1000.000
44490,2.4109,3.7606,173.97,2.4109,3.7626,0,1,0,0,0,20,20,0,0,0,0,0,1000.000
44500,2.4109,3.7606,173.98,2.4109,3.7626,0,1,0,0,0,20,20,0,0,0,0,0,1000.000
44510,2.4109,3.7606,173.98,2.4109,3.7626,0,1,0,0,0,20,20,0,0,0,0,0,1000.000
44520,2.4109,3.7606,174.00,2.4109,3.7626,0,1,0,0,0,20,20,0,0,0,0,0,1000.000
44530,2.4109,3.7606,174.00,2.4109,3.7626,0,1,0,0,0,20,20,0,0,0,0,0,1000.000
44540,2.4109,3.7606,174.01,2.4109,3.7626,0,1,0,0,0,20,20,0,0,0,0,0,1000.000
44550,2.4109,3.7606,174.02,2.4109,3.7626,0,1,0,0,0,20,20,0,0,0,0,0,1000.000
44560,2.4109,3.7606,174.02,2.4109,3.7626,0,1,0,0,0,20,20,0,0,0,0,0,1000.000
44570,2.4109,3.7606,174.03,2.4109,3.7626,0,1,0,0,0,20,20,0,0,0,0,0,1000.000
44580,2.4109,3.7606,174.05,2.4109,3.7626,0,1,0,0,0,20,20,0,0,0,0,0,1000.000
44590,2.4109,3.7606,174.05,2.4109,3.7626,0,1,0,0,0,20,20,0,0,0,0,0,1000.000
44600,2.4109,3.7606,174.06,2.4109,3.7626,0,1,0,0,0,20,20,0,0,0,0,0,1000.000
44610,2.4109,3.7606,174.07,2.4109,3.7626,0,1,0,0,0,20,20,0,0,0,0,0,1000.000
44620,2.4109,3.7606,174.08,2.4109,3.7626,0,1,0,0,0,20,20,0,0,0,0,0,1000.000
44630,2.4109,3.7606,174.09,2.4109,3.7626,0,1,0,0,0,20,20,0,0,0,0,0,1000.000
44640,2.4109,3.7606,174.09,2.4109,3.7626,0,1,0,0,0,20,20,0,0,0,0,0,1000.000
44650,2.4109,3.7606,174.11,2.4109,3.7626,0,1,0,0,0,20,20,0,0,0,0,0,1000.000
44660,2.4109,3.7606,174.11,2.4109,3.7626,0,1,0,0,0,20,20,0,0,0,0,0,1000.000
44670,2.4109,3.7606,174.12,2.4109,3.7626,0,1,0,0,0,20,20,0,0,0,0,0,1000.000
44680,2.4109,3.7606,174.12,2.4109,3.7626,0,1,0,0,0,20,20,0,0,0,0,0,1000.000
44690,2.4109,3.7606,174.14,2.4109,3.7626,0,1,0,0,0,20,20,0,0,0,0,0,1000.000
44700,2.4109,3.7606,174.14,2.4109,3.7626,0,1,0,0,0,20,20,0,0,0,0,0,1000.000
44710,2.4109,3.7606,174.16,2.4109,3.7626,0,1,0,0,0,20,20,0,0,0,0,0,1000.000
44720,2.4109,3.7606,174.16,2.4109,3.7626,0,1,0,0,0,20,20,0,0,0,0,0,1000.000
44730,2.4109,3.7606,174.17,2.4109,3.7626,0,1,0,0,0,20,20,0,0,0,0,0,1000.000
44740,2.4109,3.7606,174.18,2.4109,3.7626,0,1,0,0,0,20,20,0,0,0,0,0,1000.000
44750,2.4109,3.7606,174.18,2.4109,3.7626,0,1,0,0,0,20,20,0,0,0,0,0,1000.000
44760,2.4109,3.7606,174.20,2.4109,3.7626,0,1,0,0,0,20,20,0,0,0,0,0,1000.000
44770,2.4109,3.7606,174.20,2.4109,3.7626,0,1,0,0,0,20,20,0,0,0,0,0,1000.000
44780,2.4109,3.7606,174.21,2.4109,3.7626,0,1,0,0,0,20,20,0,0,0,0,0,1000.000
44790,2.4109,3.7606,174.22,2.4109,3.7626,0,1,0,0,0,20,20,0,0,0,0,0,1000.000
44800,2.4109,3.7606,174.23,2.4109,3.7626,0,1,0,0,0,20,20,0,0,0,0,0,1000.000
44810,2.4109,3.7606,174.23,2.4109,3.7626,0,1,0,0,0,20,20,0,0,0,0,0,1000.000
44820,2.4109,3.7606,174.25,2.4109,3.7626,0,1,0,0,0,20,20,0,0,0,0,0,1000.000
44830,2.4109,3.7606,174.25,2.4109,3.7626,0,1,0,0,0,20,20,0,0,0,0,0,1000.000
44840,2.4109,3.7606,174.26,2.4109,3.7626,0,1,0,0,0,20,20,0,0,0,0,0,1000.000
44850,2.4109,3.7606,174.27,2.4109,3.7626,0,1,0,0,0,20,20,0,0,0,0,0,1000.000
44860,2.4109,3.7606,174.28,2.4109,3.7626,0,1,0,0,0,20,20,0,0,0,0,0,1000.000
44870,2.4109,3.7606,174.29,2.4109,3.7626,0,1,0,0,0,20,20,0,0,0,0,0,1000.000
44880,2.4109,3.7606,174.30,2.4109,3.7626,0,1,0,0,0,20,20,0,0,0,0,0,1000.000
44890,2.4109,3.7606,174.30,2.4109,3.7626,0,1,0,0,0,20,20,0,0,0,0,0,1000.000
44900,2.4109,3.7606,174.31,2.4109,3.7626,0,1,0,0,0,20,20,0,0,0,0,0,1000.000
44910,2.4109,3.7606,174.32,2.4109,3.7626,0,1,0,0,0,20,20,0,0,0,0,0,1000.000
44920,2.4109,3.7606,174.32,2.4109,3.7626,0,1,0,0,0,20,20,0,0,0,0,0,1000.000
44930,2.4109,3.7606,174.34,2.4109,3.7626,0,1,0,0,0,20,20,0,0,0,0,0,1000.000
44940,2.4109,3.7606,174.34,2.4109,3.7626,0,1,0,0,0,20,20,0,0,0,0,0,1000.000
44950,2.4109,3.7606,174.35,2.4109,3.7626,0,1,0,0,0,20,20,0,0,0,0,0,1000.000
44960,2.4109,3.7606,174.37,2.4109,3.7626,0,1,0,0,0,20,20,0,0,0,0,0,1000.000
44970,2.4109,3.7606,174.37,2.4109,3.7626,0,1,0,0,0,20,20,0,0,0,0,0,1000.000
44980,2.4109,3.7606,174.38,2.4109,3.7626,0,1,0,0,0,20,20,0,0,0,0,0,1000.000
44990,2.4109,3.7606,174.39,2.4109,3.7626,0,1,0,0,0,20,20,0,0,0,0,0,1000.000
45000,2.4109,3.7606,174.39,2.4109,3.7626,0,1,0,0,0,20,20,0,0,0,0,0,1000.000
45010,2.4109,3.7606,174.40,2.4109,3.7626,0,1,0,0,0,20,20,0,0,0,0,0,1000.000
45020,2.4109,3.7606,174.41,2.4109,3.7626,0,1,0,0,0,20,20,0,0,0,0,0,1000.000
45030,2.4109,3.7606,174.41,2.4109,3.7626,0,1,0,0,0,20,20,0,0,0,0,0,1000.000
45040,2.4109,3.7606,174.42,2.4109,3.7626,0,1,0,0,0,20,20,0,0,0,0,0,1000.000
45050,2.4109,3.7606,174.43,2.4109,3.7626,0,1,0,0,0,20,20,0,0,0,0,0,1000.000
45060,2.4109,3.7606,174.44,2.4109,3.7626,0,1,0,0,0,20,20,0,0,0,0,0,1000.000
45070,2.4109,3.7606,174.44,2.4109,3.7626,0,1,0,0,0,20,20,0,0,0,0,0,1000.000
45080,2.4109,3.7606,174.45,2.4109,3.7626,0,1,0,0,0,20,20,0,0,0,0,0,1000.000
45090,2.4109,3.7606,174.45,2.4109,3.7626,0,1,0,0,0,20,20,0,0,0,0,0,1000.000
45100,2.4109,3.7606,174.47,2.4109,3.7626,0,1,0,0,0,20,20,0,0,0,0,0,1000.000
45110,2.4109,3.7606,174.47,2.4109,3.7626,0,1,0,0,0,20,20,0,0,0,0,0,1000.000
45120,2.4109,3.7606,174.48,2.4109,3.7626,0,1,0,0,0,20,20,0,0,0,0,0,1000.000
45130,2.4109,3.7606,174.49,2.4109,3.7626,0,1,0,0,0,20,20,0,0,0,0,0,1000.000
45140,2.4109,3.7606,174.49,2.4109,3.7626,0,1,0,0,0,20,20,0,0,0,0,0,1000.000
45150,2.4109,3.7606,174.51,2.4109,3.7626,0,1,0,0,0,20,20,0,0,0,0,0,1000.000
45160,2.4109,3.7606,174.51,2.4109,3.7626,0,1,0,0,0,20,20,0,0,0,0,0,1000.000
45170,2.4109,3.7606,174.51,2.4109,3.7626,0,1,0,0,0,20,20,0,0,0,0,0,1000.000
45180,2.4109,3.7606,174.52,2.4109,3.7626,0,1,0,0,0,20,20,0,0,0,0,0,1000.000
45190,2.4109,3.7606,174.53,2.4109,3.7626,0,1,0,0,0,20,20,0,0,0,0,0,1000.000
45200,2.4109,3.7606,174.54,2.4109,3.7626,0,1,0,0,0,20,20,0,0,0,0,0,1000.000
45210,2.4109,3.7606,174.54,2.4109,3.7626,0,1,0,0,0,20,20,0,0,0,0,0,1000.000
45220,2.4109,3.7606,174.55,2.4109,3.7626,0,1,0,0,0,20,20,0,0,0,0,0,1000.000
45230,2.4109,3.7606,174.56,2.4109,3.7626,0,1,0,0,0,20,20,0,0,0,0,0,1000.000
45240,2.4109,3.7606,174.57,2.4109,3.7626,0,1,0,0,0,20,20,0,0,0,0,0,1000.000
45250,2.4109,3.7606,174.57,2.4109,3.7626,0,1,0,0,0,20,20,0,0,0,0,0,1000.000
45260,2.4109,3.7606,174.58,2.4109,3.7626,0,1,0,0,0,20,20,0,0,0,0,0,1000.000
45270,2.4109,3.7606,174.58,2.4109,3.7626,0,1,0,0,0,20,20,0,0,0,0,0,1000.000
45280,2.4109,3.7606,174.60,2.4109,3.7626,0,1,0,0,0,20,20,0,0,0,0,0,1000.000
45290,2.4109,3.7606,174.60,2.4109,3.7626,0,1,0,0,0,20,20,0,0,0,0,0,1000.000
45300,2.4109,3.7606,174.61,2.4109,3.7626,0,1,0,0,0,20,20,0,0,0,0,0,1000.000
45310,2.4109,3.7606,174.62,2.4109,3.7626,0,1,0,0,0,20,20,0,0,0,0,0,1000.000
45320,2.4109,3.7606,174.62,2.4109,3.7626,0,1,0,0,0,20,20,0,0,0,0,0,1000.000
45330,2.4109,3.7606,174.64,2.4109,3.7626,0,1,0,0,0,20,20,0,0,0,0,0,1000.000
45340,2.4109,3.7606,174.64,2.4109,3.7626,0,1,0,0,0,20,20,0,0,0,0,0,1000.000
45350,2.4109,3.7606,174.64,2.4109,3.7626,0,1,0,0,0,20,20,0,0,0,0,0,1000.000
45360,2.4109,3.7606,174.65,2.4109,3.7626,0,1,0,0,0,20,20,0,0,0,0,0,1000.000
45370,2.4109,3.7606,174.66,2.4109,3.7626,0,1,0,0,0,20,20,0,0,0,0,0,1000.000
45380,2.4109,3.7606,174.67,2.4109,3.7626,0,1,0,0,0,20,20,0,0,0,0,0,1000.000
45390,2.4109,3.7606,174.67,2.4109,3.7626,0,1,0,0,0,20,20,0,0,0,0,0,1000.000
45400,2.4109,3.7606,174.68,2.4109,3.7626,0,1,0,0,0,20,20,0,0,0,0,0,1000.000
45410,2.4109,3.7606,174.69,2.4109,3.7626,0,1,0,0,0,20,20,0,0,0,0,0,1000.000
45420,2.4109,3.7606,174.70,2.4109,3.7626,0,1,0,0,0,20,20,0,0,0,0,0,1000.000
45430,2.4109,3.7606,174.70,2.4109,3.7626,0,1,0,0,0,20,20,0,0,0,0,0,1000.000
45440,2.4109,3.7606,174.71,2.4109,3.7626,0,1,0,0,0,20,20,0,0,0,0,0,1000.000
45450,2.4109,3.7606,174.71,2.4109,3.7626,0,1,0,0,0,20,20,0,0,0,0,0,1000.000
45460,2.4109,3.7606,174.73,2.4109,3.7626,0,1,0,0,0,20,20,0,0,0,0,0,1000.000
45470,2.4109,3.7606,174.73,2.4109,3.7626,0,1,0,0,0,20,20,0,0,0,0,0,1000.000
45480,2.4109,3.7606,174.74,2.4109,3.7626,0,1,0,0,0,20,20,0,0,0,0,0,1000.000
45490,2.4109,3.7606,174.75,2.4109,3.7626,0,1,0,0,0,20,20,0,0,0,0,0,1000.000
45500,2.4109,3.7606,174.75,2.4109,3.7626,0,1,0,0,0,20,20,0,0,0,0,0,1000.000
45510,2.4109,3.7606,174.77,2.4109,3.7626,0,1,0,0,0,20,20,0,0,0,0,0,1000.000
45520,2.4109,3.7606,174.77,2.4109,3.7626,0,1,0,0,0,20,20,0,0,0,0,0,1000.000
45530,2.4109,3.7606,174.77,2.4109,3.7626,0,1,0,0,0,20,20,0,0,0,0,0,1000.000
45540,2.4109,3.7606,174.78,2.4109,3.7626,0,1,0,0,0,20,20,0,0,0,0,0,1000.000
45550,2.4109,3.7606,174.80,2.4109,3.7626,0,1,0,0,0,20,20,0,0,0,0,0,1000.000
45560,2.4109,3.7606,174.80,2.4109,3.7626,0,1,0,0,0,20,20,0,0,0,0,0,1000.000
45570,2.4109,3.7606,174.80,2.4109,3.7626,0,1,0,0,0,20,20,0,0,0,0,0,1000.000
45580,2.4109,3.7606,174.81,2.4109,3.7626,0,1,0,0,0,20,20,0,0,0,0,0,1000.000
45590,2.4109,3.7606,174.82,2.4109,3.7626,0,1,0,0,0,20,20,0,0,0,0,0,1000.000
45600,2.4109,3.7606,174.83,2.4109,3.7626,0,1,0,0,0,20,20,0,0,0,0,0,1000.000
45610,2.4109,3.7606,174.83,2.4109,3.7626,0,1,0,0,0,20,20,0,0,0,0,0,1000.000
45620,2.4109,3.7606,174.84,2.4109,3.7626,0,1,0,0,0,20,20,0,0,0,0,0,1000.000
45630,2.4109,3.7606,174.84,2.4109,3.7626,0,1,0,0,0,20,20,0,0,0,0,0,1000.000
45640,2.4109,3.7606,174.86,2.4109,3.7626,0,1,0,0,0,20,20,0,0,0,0,0,1000.000
45650,2.4109,3.7606,174.86,2.4109,3.7626,0,1,0,0,0,20,20,0,0,0,0,0,1000.000
45660,2.4109,3.7606,174.87,2.4109,3.7626,0,1,0,0,0,20,20,0,0,0,0,0,1000.000
45670,2.4109,3.7606,174.88,2.4109,3.7626,0,1,0,0,0,20,20,0,0,0,0,0,1000.000
45680,2.4109,3.7606,174.88,2.4109,3.7626,0,1,0,0,0,20,20,0,0,0,0,0,1000.000
45690,2.4109,3.7606,174.90,2.4109,3.7626,0,1,0,0,0,20,20,0,0,0,0,0,1000.000
45700,2.4109,3.7606,174.90,2.4109,3.7626,0,1,0,0,0,20,20,0,0,0,0,0,1000.000
45710,2.4109,3.7606,174.90,2.4109,3.7626,0,1,0,0,0,20,20,0,0,0,0,0,1000.000
45720,2.4109,3.7606,174.91,2.4109,3.7626,0,1,0,0,0,20,20,0,0,0,0,0,1000.000
45730,2.4109,3.7606,174.93,2.4109,3.7626,0,1,0,0,0,20,20,0,0,0,0,0,1000.000
45740,2.4109,3.7606,174.93,2.4109,3.7626,0,1,0,0,0,20,20,0,0,0,0,0,1000.000
45750,2.4109,3.7606,174.93,2.4109,3.7626,0,1,0,0,0,20,20,0,0,0,0,0,1000.000
45760,2.4109,3.7606,174.94,2.4109,3.7626,0,1,0,0,0,20,20,0,0,0,0,0,1000.000
45770,2.4109,3.7606,174.95,2.4109,3.7626,0,1,0,0,0,20,20,0,0,0,0,0,1000.000
45780,2.4109,3.7606,174.96,2.4109,3.7626,0,1,0,0,0,20,20,0,0,0,0,0,1000.000
45790,2.4109,3.7606,174.96,2.4109,3.7626,0,1,0,0,0,20,20,0,0,0,0,0,1000.000
45800,2.4109,3.7606,174.97,2.4109,3.7626,0,1,0,0,0,20,20,0,0,0,0,0,1000.000
45810,2.4109,3.7606,174.97,2.4109,3.7626,0,1,0,0,0,20,20,0,0,0,0,0,1000.000
45820,2.4109,3.7606,174.99,2.4109,3.7626,0,1,0,0,0,20,20,0,0,0,0,0,1000.000
45830,2.4109,3.7606,174.99,2.4109,3.7626,0,1,0,0,0,20,20,0,0,0,0,0,1000.000
45840,2.4109,3.7606,175.00,2.4109,3.7626,0,1,0,0,0,20,20,0,0,0,0,0,1000.000
45850,2.4109,3.7606,175.00,2.4109,3.7626,0,1,1,0,0,20,20,0,0,0,0,0,1000.000
45860,2.4109,3.7606,175.01,2.4109,3.7626,0,1,1,0,0,20,20,0,0,0,0,0,1000.000
45870,2.4109,3.7606,175.01,2.4109,3.7626,0,1,1,0,0,20,20,0,0,0,0,0,1000.000
45880,2.4109,3.7606,175.02,2.4109,3.7626,0,1,1,0,0,20,20,0,0,0,0,0,1000.000
45890,2.4109,3.7606,175.02,2.4109,3.7626,0,1,1,0,0,20,20,0,0,0,0,0,1000.000
45900,2.4109,3.7606,175.03,2.4109,3.7626,0,1,1,0,0,20,20,-75,-7,0,0,0,0.319
45910,2.4110,3.7606,175.03,2.4110,3.7626,0,1,1,0,0,20,20,-75,-7,0,0,0,0.319
45920,2.4112,3.7606,175.04,2.4112,3.7625,0,1,1,0,0,20,20,-75,-7,0,0,0,0.319
45930,2.4117,3.7606,175.04,2.4117,3.7625,0,1,1,0,0,20,20,-75,-7,0,0,0,0.318
45940,2.4123,3.7606,175.04,2.4123,3.7625,0,1,1,0,0,20,20,-75,-7,0,0,0,0.318
45950,2.4131,3.7605,175.05,2.4131,3.7624,0,1,1,0,0,20,20,-75,-6,0,0,0,0.317
45960,2.4142,3.7605,175.05,2.4142,3.7624,0,1,1,0,0,20,20,-75,-6,0,0,0,0.316
45970,2.4154,3.7604,175.05,2.4154,3.7623,0,1,1,0,0,20,20,-75,-6,0,0,0,0.315
45980,2.4168,3.7603,175.05,2.4168,3.7622,0,1,1,0,0,20,20,-75,-6,0,0,0,0.313
45990,2.4184,3.7602,175.06,2.4184,3.7621,0,1,1,0,0,20,20,-75,-6,0,0,0,0.312
46000,2.4202,3.7601,175.06,2.4202,3.7620,0,1,1,0,0,20,20,-75,-6,0,0,0,0.310
46010,2.4222,3.7600,175.06,2.4222,3.7619,0,1,1,0,0,20,20,-75,-6,0,0,0,0.308
46020,2.4243,3.7599,175.06,2.4243,3.7618,0,1,1,0,0,20,20,-75,-6,0,0,0,0.306
46030,2.4267,3.7598,175.07,2.4267,3.7617,0,1,1,0,0,20,20,-75,-6,0,0,0,0.303
46040,2.4293,3.7597,175.07,2.4293,3.7616,0,1,1,0,0,20,20,-75,-6,0,0,0,0.301
46050,2.4320,3.7596,175.07,2.4320,3.7615,0,1,1,0,0,20,20,-75,-6,0,0,0,0.298
46060,2.4349,3.7594,175.07,2.4349,3.7613,0,1,1,0,0,20,20,-75,-6,0,0,0,0.295
46070,2.4381,3.7593,175.07,2.4381,3.7612,0,1,1,0,0,20,20,-75,-6,0,0,0,0.292
46080,2.4414,3.7591,175.08,2.4414,3.7610,0,1,1,0,0,20,20,-75,-6,0,0,0,0.289
46090,2.4449,3.7589,175.08,2.4449,3.7609,0,1,1,0,0,20,20,-75,-6,0,0,0,0.285
46100,2.4486,3.7588,175.08,2.4486,3.7607,0,1,1,0,0,20,20,-75,-6,0,0,0,0.281
46110,2.4525,3.7586,175.08,2.4525,3.7605,0,1,1,0,0,20,20,-75,-6,0,0,0,0.277
46120,2.4566,3.7584,175.09,2.4566,3.7603,0,1,1,0,0,20,20,-75,-6,0,0,0,0.273
46130,2.4609,3.7582,175.09,2.4609,3.7601,0,1,1,0,0,20,20,-75,-6,0,0,0,0.269
46140,2.4654,3.7580,175.09,2.4654,3.7599,0,1,1,0,0,20,20,-75,-6,0,0,0,0.265
46150,2.4700,3.7578,175.09,2.4700,3.7597,0,1,1,0,0,20,20,-75,-6,0,0,0,0.260
46160,2.4749,3.7576,175.10,2.4749,3.7595,0,1,1,0,0,20,20,-75,-6,0,0,0,0.255
46170,2.4799,3.7573,175.10,2.4799,3.7593,0,1,1,0,0,20,20,-75,-6,0,0,0,0.250
46180,2.4852,3.7571,175.10,2.4852,3.7590,0,1,1,0,0,20,20,-75,-6,0,0,0,0.245
46190,2.4906,3.7569,175.10,2.4906,3.7588,0,1,1,0,0,20,20,-75,-6,0,0,0,0.239
46200,2.4962,3.7566,175.11,2.4962,3.7585,0,1,1,0,0,20,20,-75,-6,0,0,0,0.234
46210,2.5020,3.7564,175.11,2.5020,3.7583,0,1,1,0,0,20,20,-75,-6,0,0,0,0.228
46220,2.5079,3.7563,175.11,2.5079,3.7582,0,1,1,0,0,20,20,-75,-6,0,0,0,0.222
46230,2.5138,3.7562,175.11,2.5138,3.7582,0,1,1,0,0,20,20,-75,-6,0,0,0,0.216
46240,2.5198,3.7562,175.11,2.5198,3.7581,0,1,1,0,0,20,20,-75,-6,0,0,0,0.210
46250,2.5258,3.7562,175.12,2.5258,3.7581,0,1,1,0,0,20,20,-75,-6,0,0,0,0.204
46260,2.5318,3.7561,175.12,2.5318,3.7581,0,1,1,0,0,20,20,-75,-6,0,0,0,0.198
46270,2.5378,3.7561,175.12,2.5378,3.7580,0,1,1,0,0,20,20,-75,-6,0,0,0,0.192
46280,2.5438,3.7561,175.12,2.5438,3.7580,0,1,1,0,0,20,20,-75,-6,0,0,0,0.186
46290,2.5498,3.7561,175.12,2.5498,3.7580,0,1,1,0,0,20,20,-75,-6,0,0,0,0.180
46300,2.5558,3.7560,175.13,2.5558,3.7579,0,1,1,0,0,20,20,-75,-6,0,0,0,0.174
46310,2.5618,3.7560,175.13,2.5618,3.7579,0,1,1,0,0,20,20,-75,-6,0,0,0,0.168
46320,2.5677,3.7560,175.13,2.5677,3.7579,0,1,1,0,0,20,20,-75,-6,0,0,0,0.162
46330,2.5737,3.7559,175.13,2.5737,3.7578,0,1,1,0,0,20,20,-73,-5,1,0,0,0.156
46340,2.5795,3.7558,175.13,2.5795,3.7577,0,1,1,0,0,20,20,-72,-5,1,0,0,0.150
46350,2.5853,3.7557,175.14,2.5853,3.7576,0,1,1,0,0,20,19,0,0,1,0,1,0.145
46360,2.5909,3.7557,175.15,2.5909,3.7576,0,1,1,0,0,20,19,0,0,1,0,1,0.139
46370,2.5963,3.7556,175.15,2.5963,3.7575,0,1,1,0,0,20,19,0,0,1,0,1,0.134
46380,2.6015,3.7556,175.16,2.6015,3.7575,0,1,1,0,0,20,19,0,0,1,0,1,0.129
46390,2.6065,3.7555,175.16,2.6065,3.7574,0,1,1,0,0,20,19,-57,-5,1,0,1,0.124
46400,2.6112,3.7555,175.17,2.6112,3.7574,0,1,1,0,0,20,16,0,0,1,0,1,0.119
46410,2.6158,3.7555,175.17,2.6158,3.7575,0,1,1,0,0,20,16,0,0,1,0,1,0.114
46420,2.6202,3.7556,175.18,2.6202,3.7575,0,1,1,0,0,20,16,0,0,1,0,1,0.110
46430,2.6244,3.7556,175.19,2.6244,3.7575,0,1,1,0,0,20,16,0,0,1,0,1,0.106
46440,2.6284,3.7557,175.19,2.6284,3.7576,0,1,1,0,0,20,16,0,0,1,0,1,0.102
46450,2.6322,3.7558,175.20,2.6322,3.7577,0,1,1,0,0,20,14,0,0,1,0,1,0.098
46460,2.6358,3.7559,175.20,2.6358,3.7578,0,1,1,0,0,20,14,0,0,1,0,1,0.094
46470,2.6392,3.7560,175.21,2.6392,3.7579,0,1,1,0,0,20,14,0,0,1,0,1,0.091
46480,2.6424,3.7561,175.21,2.6424,3.7580,1,1,0,0,0,20,14,0,0,0,0,0,1000.000
46490,2.6454,3.7563,175.22,2.6454,3.7582,1,1,0,0,0,20,14,0,0,0,0,0,1000.000
46500,2.6481,3.7564,175.22,2.6481,3.7583,1,1,0,0,0,20,12,0,0,0,0,0,1000.000
46510,2.6507,3.7566,175.23,2.6507,3.7585,1,1,0,0,0,20,12,0,0,0,0,0,1000.000
46520,2.6531,3.7568,175.23,2.6531,3.7587,1,1,0,0,0,20,12,0,0,0,0,0,1000.000
46530,2.6553,3.7570,175.24,2.6553,3.7589,1,1,0,0,0,20,12,0,0,0,0,0,1000.000
46540,2.6573,3.7573,175.24,2.6573,3.7592,1,1,0,0,0,20,12,0,0,0,0,0,1000.000
46550,2.6591,3.7575,175.25,2.6591,3.7594,1,1,1,0,0,20,11,0,0,0,0,0,1000.000
46560,2.6607,3.7578,175.26,2.6607,3.7597,1,1,1,0,0,20,11,0,0,0,0,0,1000.000
46570,2.6621,3.7581,175.26,2.6621,3.7600,1,1,1,0,0,20,11,0,0,0,0,0,1000.000
46580,2.6633,3.7584,175.27,2.6633,3.7603,1,1,1,0,0,20,11,0,0,0,0,0,1000.000
46590,2.6643,3.7587,175.27,2.6643,3.7606,1,1,1,0,0,20,11,0,0,0,0,0,1000.000
46600,2.6651,3.7590,175.28,2.6651,3.7609,1,1,1,0,0,20,11,-12,53,0,1,0,1.307
46610,2.6658,3.7593,175.29,2.6658,3.7612,1,1,1,0,0,20,11,-12,53,0,1,0,1.308
46620,2.6663,3.7595,175.29,2.6663,3.7614,1,1,1,0,0,20,11,-12,53,0,1,0,1.308
46630,2.6668,3.7595,175.29,2.6668,3.7614,1,1,1,0,0,20,11,-12,53,0,1,0,1.308
46640,2.6673,3.7594,175.30,2.6673,3.7613,1,1,1,0,0,20,11,-12,53,0,1,0,1.308
46650,2.6677,3.7590,175.30,2.6677,3.7609,1,1,1,0,0,20,10,0,0,0,1,1,1.307
46660,2.6681,3.7586,175.30,2.6681,3.7606,1,1,1,0,0,20,10,0,0,0,1,1,1.307
46670,2.6683,3.7583,175.30,2.6683,3.7603,1,1,1,0,0,20,10,0,53,0,1,1,1.307
46680,2.6684,3.7581,175.30,2.6684,3.7600,1,1,1,0,0,20,10,0,53,0,1,1,1.307
46690,2.6683,3.7578,175.30,2.6683,3.7597,1,1,1,0,0,20,10,0,53,0,1,1,1.306
46700,2.6683,3.7574,175.31,2.6683,3.7593,1,1,1,0,0,20,10,0,53,0,1,1,1.306
46710,2.6683,3.7568,175.31,2.6683,3.7587,1,1,1,0,0,20,10,0,53,0,1,1,1.305
46720,2.6682,3.7561,175.31,2.6682,3.7580,1,1,1,0,0,20,10,0,53,0,1,1,1.305
46730,2.6681,3.7553,175.31,2.6681,3.7572,1,1,1,0,0,20,10,0,53,0,1,1,1.304
46740,2.6681,3.7543,175.31,2.6681,3.7562,1,1,1,0,0,20,10,0,53,0,1,1,1.303
46750,2.6680,3.7531,175.32,2.6680,3.7551,1,1,1,0,0,20,10,0,53,0,1,1,1.302
46760,2.6679,3.7519,175.32,2.6679,3.7538,1,1,1,0,0,20,10,0,53,0,1,1,1.300
46770,2.6678,3.7505,175.33,2.6678,3.7524,1,1,1,0,0,20,10,0,53,0,1,1,1.299
46780,2.6676,3.7490,175.33,2.6676,3.7509,1,1,1,0,0,20,10,0,53,0,1,1,1.297
46790,2.6675,3.7473,175.33,2.6675,3.7492,1,1,1,0,0,20,10,0,53,0,1,1,1.296
46800,2.6673,3.7455,175.34,2.6673,3.7474,1,1,1,0,0,20,10,0,53,0,1,1,1.294
46810,2.6672,3.7436,175.34,2.6672,3.7455,1,1,1,0,0,20,10,0,53,0,1,1,1.292
46820,2.6670,3.7415,175.34,2.6670,3.7434,1,1,1,0,0,20,10,0,53,0,1,1,1.290
46830,2.6668,3.7392,175.34,2.6668,3.7411,1,1,1,0,0,20,10,0,53,0,1,1,1.288
46840,2.6666,3.7368,175.34,2.6666,3.7387,1,1,1,0,0,20,10,0,53,0,1,1,1.285
46850,2.6664,3.7343,175.35,2.6664,3.7362,1,1,1,0,0,20,10,0,53,0,1,1,1.283
46860,2.6662,3.7317,175.36,2.6662,3.7336,1,1,1,0,0,20,10,0,53,0,1,1,1.280
46870,2.6660,3.7289,175.36,2.6660,3.7308,1,1,1,0,0,20,10,0,53,0,1,1,1.277
46880,2.6657,3.7259,175.36,2.6657,3.7278,1,1,1,0,0,20,10,0,53,0,1,1,1.274
46890,2.6655,3.7228,175.36,2.6655,3.7247,1,1,1,0,0,20,10,0,53,0,1,1,1.271
46900,2.6652,3.7196,175.37,2.6652,3.7215,1,1,1,0,0,20,10,0,53,0,1,1,1.268
46910,2.6650,3.7163,175.37,2.6650,3.7182,1,1,1,0,0,20,10,0,53,0,1,1,1.265
46920,2.6647,3.7128,175.38,2.6647,3.7147,1,1,1,0,0,20,10,0,53,0,1,1,1.261
46930,2.6644,3.7091,175.38,2.6644,3.7110,1,1,1,0,0,20,10,0,53,0,1,1,1.258
46940,2.6641,3.7053,175.38,2.6641,3.7072,1,1,1,0,0,20,10,0,53,0,1,1,1.254
46950,2.6638,3.7014,175.38,2.6638,3.7034,1,1,1,0,0,20,11,0,53,0,1,1,1.250
46960,2.6634,3.6974,175.39,2.6634,3.6993,1,1,1,0,0,20,11,0,53,0,1,1,1.246
46970,2.6631,3.6932,175.39,2.6631,3.6951,1,1,1,0,0,20,11,0,53,0,1,1,1.242
46980,2.6628,3.6890,175.39,2.6628,3.6909,1,1,1,0,0,20,11,0,53,0,1,1,1.237
46990,2.6624,3.6848,175.39,2.6624,3.6867,1,1,1,0,0,20,11,0,53,0,1,1,1.233
47000,2.6621,3.6806,175.40,2.6621,3.6825,1,1,1,0,0,20,11,0,53,0,1,1,1.229
47010,2.6617,3.6764,175.40,2.6617,3.6783,1,1,1,0,0,20,11,0,53,0,1,1,1.225
47020,2.6614,3.6722,175.40,2.6614,3.6741,1,1,1,0,0,20,11,0,53,0,1,1,1.221
47030,2.6611,3.6680,175.40,2.6611,3.6699,1,1,1,0,0,20,11,0,53,0,1,1,1.216
47040,2.6607,3.6638,175.40,2.6607,3.6657,1,1,1,0,0,20,11,0,53,0,1,1,1.212
47050,2.6604,3.6596,175.41,2.6604,3.6615,1,1,1,0,0,20,11,0,53,0,1,1,1.208
47060,2.6601,3.6554,175.41,2.6601,3.6573,1,1,1,0,0,20,11,0,53,0,1,1,1.204
47070,2.6597,3.6512,175.41,2.6597,3.6531,1,1,1,0,0,20,11,0,53,0,1,1,1.200
47080,2.6594,3.6470,175.41,2.6594,3.6489,1,1,1,0,0,20,11,0,53,0,1,1,1.195
47090,2.6590,3.6428,175.41,2.6590,3.6447,1,1,1,0,0,20,11,0,53,0,1,1,1.191
47100,2.6587,3.6386,175.42,2.6587,3.6405,1,1,1,0,0,20,11,0,53,0,1,1,1.187
47110,2.6584,3.6344,175.42,2.6584,3.6363,1,1,1,0,0,20,11,0,53,0,1,1,1.183
47120,2.6580,3.6302,175.42,2.6580,3.6321,1,1,1,0,0,20,11,0,53,0,1,1,1.179
47130,2.6577,3.6260,175.42,2.6577,3.6279,1,1,1,0,0,20,11,0,53,0,1,1,1.174
47140,2.6574,3.6217,175.42,2.6574,3.6237,1,1,1,0,0,20,11,0,53,0,1,1,1.170
47150,2.6570,3.6175,175.43,2.6570,3.6195,1,1,1,0,0,20,11,0,53,0,1,1,1.166
47160,2.6567,3.6133,175.43,2.6567,3.6153,1,1,1,0,0,20,11,0,53,0,1,1,1.162
47170,2.6564,3.6091,175.43,2.6564,3.6110,1,1,1,0,0,20,11,0,53,0,1,1,1.158
47180,2.6560,3.6049,175.43,2.6560,3.6068,1,1,1,0,0,20,11,0,53,0,1,1,1.153
47190,2.6557,3.6007,175.43,2.6557,3.6026,1,1,1,0,0,20,11,0,53,0,1,1,1.149
47200,2.6553,3.5965,175.44,2.6553,3.5984,1,1,1,0,0,20,11,0,53,0,1,1,1.145
47210,2.6550,3.5923,175.44,2.6550,3.5942,1,1,1,0,0,20,11,0,53,0,1,1,1.141
47220,2.6547,3.5881,175.44,2.6547,3.5900,1,1,1,0,0,20,11,0,53,0,1,1,1.137
47230,2.6543,3.5839,175.44,2.6543,3.5858,1,1,1,0,0,20,11,0,53,0,1,1,1.132
47240,2.6540,3.5797,175.45,2.6540,3.5816,1,1,1,0,0,20,11,0,53,0,1,1,1.128
47250,2.6537,3.5755,175.45,2.6537,3.5774,1,1,1,0,0,20,11,0,53,0,1,1,1.124
47260,2.6533,3.5713,175.45,2.6533,3.5732,1,1,1,0,0,20,11,0,53,0,1,1,1.120
47270,2.6530,3.5671,175.45,2.6530,3.5690,1,1,1,0,0,20,11,0,53,0,1,1,1.116
47280,2.6527,3.5629,175.46,2.6527,3.5648,1,1,1,0,0,20,11,0,53,0,1,1,1.111
47290,2.6523,3.5587,175.46,2.6523,3.5606,1,1,1,0,0,20,11,0,53,0,1,1,1.107
47300,2.6520,3.5545,175.46,2.6520,3.5564,1,1,1,0,0,20,12,0,53,0,1,1,1.103
47310,2.6517,3.5503,175.46,2.6517,3.5522,1,1,1,0,0,20,12,0,53,0,1,1,1.099
47320,2.6513,3.5461,175.47,2.6513,3.5480,1,1,1,0,0,20,12,0,53,0,1,1,1.094
47330,2.6510,3.5419,175.47,2.6510,3.5438,1,1,1,0,0,20,12,0,53,0,1,1,1.090
47340,2.6507,3.5377,175.47,2.6507,3.5396,1,1,1,0,0,20,12,0,53,0,1,1,1.086
47350,2.6503,3.5334,175.47,2.6503,3.5354,1,1,1,0,0,20,12,0,53,0,1,1,1.082
47360,2.6500,3.5292,175.47,2.6500,3.5312,1,1,1,0,0,20,12,0,53,0,1,1,1.078
47370,2.6497,3.5250,175.48,2.6497,3.5270,1,1,1,0,0,20,12,0,53,0,1,1,1.073
47380,2.6493,3.5208,175.48,2.6493,3.5227,1,1,1,0,0,20,12,0,53,0,1,1,1.069
47390,2.6490,3.5166,175.48,2.6490,3.5185,1,1,1,0,0,20,12,0,53,0,1,1,1.065
47400,2.6487,3.5124,175.48,2.6487,3.5143,1,1,1,0,0,20,12,0,53,0,1,1,1.061
47410,2.6483,3.5082,175.48,2.6483,3.5101,1,1,1,0,0,20,12,0,53,0,1,1,1.057
47420,2.6480,3.5040,175.49,2.6480,3.5059,1,1,1,0,0,20,12,0,53,0,1,1,1.052
47430,2.6477,3.4998,175.49,2.6477,3.5017,1,1,1,0,0,20,12,0,53,0,1,1,1.048
47440,2.6473,3.4956,175.49,2.6473,3.4975,1,1,1,0,0,20,12,0,53,0,1,1,1.044
47450,2.6470,3.4914,175.49,2.6470,3.4933,1,1,1,0,0,20,12,0,53,0,1,1,1.040
47460,2.6467,3.4872,175.49,2.6467,3.4891,1,1,1,0,0,20,12,0,53,0,1,1,1.036
47470,2.6463,3.4830,175.50,2.6463,3.4849,1,1,1,0,0,20,12,0,53,0,1,1,1.031
47480,2.6460,3.4788,175.50,2.6460,3.4807,1,1,1,0,0,20,12,0,53,0,1,1,1.027
47490,2.6457,3.4746,175.50,2.6457,3.4765,1,1,1,0,0,20,12,0,53,0,1,1,1.023
47500,2.6454,3.4704,175.50,2.6454,3.4723,1,1,1,0,0,20,12,0,53,0,1,1,1.019
47510,2.6450,3.4662,175.50,2.6450,3.4681,1,1,1,0,0,20,12,0,53,0,1,1,1.015
47520,2.6447,3.4620,175.51,2.6447,3.4639,1,1,1,0,0,20,12,0,53,0,1,1,1.010
47530,2.6444,3.4578,175.51,2.6444,3.4597,1,1,1,0,0,20,12,0,53,0,1,1,1.006
47540,2.6440,3.4536,175.51,2.6440,3.4555,1,1,1,0,0,20,12,0,53,0,1,1,1.002
47550,2.6437,3.4493,175.52,2.6437,3.4513,1,1,1,0,0,20,12,0,53,0,1,1,0.998
47560,2.6434,3.4451,175.52,2.6434,3.4471,1,1,1,0,0,20,12,0,53,0,1,1,0.994
47570,2.6430,3.4409,175.52,2.6430,3.4429,1,1,1,0,0,20,12,0,53,0,1,1,0.989
47580,2.6427,3.4367,175.52,2.6427,3.4386,1,1,1,0,0,20,12,0,53,0,1,1,0.985
47590,2.6424,3.4325,175.52,2.6424,3.4344,1,1,1,0,0,20,12,0,53,0,1,1,0.981
47600,2.6421,3.4283,175.53,2.6421,3.4302,1,1,1,0,0,20,13,-12,53,0,1,0,0.977
47610,2.6418,3.4241,175.53,2.6418,3.4260,1,1,1,0,0,20,13,-12,53,0,1,0,0.973
47620,2.6418,3.4199,175.53,2.6418,3.4218,1,1,1,0,0,20,13,-12,53,0,1,0,0.968
47630,2.6420,3.4156,175.53,2.6420,3.4175,1,1,1,0,0,20,13,-12,53,0,1,0,0.964
47640,2.6423,3.4114,175.53,2.6423,3.4133,1,1,1,0,0,20,13,-12,53,0,1,0,0.960
47650,2.6429,3.4071,175.54,2.6429,3.4090,1,1,1,0,0,20,13,-12,53,0,1,0,0.956
47660,2.6435,3.4028,175.54,2.6435,3.4047,1,1,1,0,0,20,13,-12,53,0,1,0,0.951
47670,2.6441,3.3985,175.54,2.6441,3.4005,1,1,1,0,0,20,13,-12,53,0,1,0,0.947
47680,2.6447,3.3943,175.54,2.6447,3.3962,1,1,1,0,0,20,13,-12,53,0,1,0,0.943
47690,2.6454,3.3900,175.54,2.6453,3.3919,1,1,1,0,0,20,13,-12,53,0,1,0,0.938
47700,2.6460,3.3857,175.55,2.6460,3.3876,1,1,1,0,0,20,13,-12,53,0,1,0,0.934
47710,2.6466,3.3814,175.55,2.6466,3.3833,1,1,1,0,0,20,13,-12,53,0,1,0,0.930
47720,2.6472,3.3771,175.55,2.6472,3.3791,1,1,1,0,0,20,13,-12,53,0,1,0,0.926
47730,2.6478,3.3729,175.55,2.6478,3.3748,1,1,1,0,0,20,13,-12,53,0,1,0,0.921
47740,2.6485,3.3686,175.55,2.6485,3.3705,1,1,1,0,0,20,13,-12,53,0,1,0,0.917
47750,2.6491,3.3643,175.56,2.6491,3.3662,1,1,1,0,0,20,12,-12,53,0,1,0,0.913
47760,2.6497,3.3600,175.56,2.6497,3.3619,1,1,1,0,0,20,12,-12,53,0,1,0,0.908
47770,2.6504,3.3557,175.56,2.6504,3.3577,1,1,1,0,0,20,12,-12,53,0,1,0,0.904
47780,2.6510,3.3515,175.56,2.6510,3.3534,1,1,1,0,0,20,12,-12,53,0,1,0,0.900
47790,2.6516,3.3472,175.56,2.6516,3.3491,1,1,1,0,0,20,12,-12,53,0,1,0,0.896
47800,2.6522,3.3429,175.57,2.6522,3.3448,1,1,1,0,0,20,12,-12,53,0,1,0,0.891
47810,2.6529,3.3386,175.57,2.6529,3.3405,1,1,1,0,0,20,12,-12,53,0,1,0,0.887
47820,2.6535,3.3344,175.57,2.6535,3.3363,1,1,1,0,0,20,12,-12,53,0,1,0,0.883
47830,2.6541,3.3301,175.57,2.6541,3.3320,1,1,1,0,0,20,12,-12,53,0,1,0,0.878
47840,2.6547,3.3258,175.57,2.6547,3.3277,1,1,1,0,0,20,12,-12,53,0,1,0,0.874
47850,2.6554,3.3215,175.58,2.6554,3.3234,1,1,1,0,0,20,12,-12,53,0,1,0,0.870
47860,2.6560,3.3172,175.58,2.6560,3.3191,1,1,1,0,0,20,12,-12,53,0,1,0,0.866
47870,2.6566,3.3130,175.58,2.6566,3.3149,1,1,1,0,0,20,12,-12,53,0,1,0,0.861
47880,2.6572,3.3087,175.58,2.6572,3.3106,1,1,1,0,0,20,12,-12,53,0,1,0,0.857
47890,2.6579,3.3044,175.58,2.6579,3.3063,1,1,1,0,0,20,12,-12,53,0,1,0,0.853
47900,2.6585,3.3001,175.59,2.6585,3.3020,1,1,1,0,0,20,11,-12,53,0,1,0,0.849
47910,2.6591,3.2958,175.59,2.6591,3.2978,1,1,1,0,0,20,11,-12,53,0,1,0,0.844
47920,2.6598,3.2916,175.59,2.6598,3.2935,1,1,1,0,0,20,11,-12,53,0,1,0,0.840
47930,2.6604,3.2873,175.60,2.6604,3.2892,1,1,1,0,0,20,11,-12,53,0,1,0,0.836
47940,2.6610,3.2830,175.60,2.6610,3.2849,1,1,1,0,0,20,11,-12,53,0,1,0,0.831
47950,2.6616,3.2787,175.60,2.6616,3.2806,1,1,1,0,0,20,11,-12,53,0,1,0,0.827
47960,2.6623,3.2744,175.60,2.6623,3.2764,1,1,1,0,0,20,11,-12,53,0,1,0,0.823
47970,2.6629,3.2702,175.61,2.6629,3.2721,1,1,1,0,0,20,11,-12,53,0,1,0,0.819
47980,2.6635,3.2659,175.61,2.6635,3.2678,1,1,1,0,0,20,11,-12,53,0,1,0,0.814
47990,2.6642,3.2616,175.61,2.6642,3.2635,1,1,1,0,0,20,11,-12,53,0,1,0,0.810
48000,2.6648,3.2573,175.61,2.6648,3.2592,1,1,1,0,0,20,11,-12,53,0,1,0,0.806
48010,2.6654,3.2530,175.61,2.6654,3.2550,1,1,1,0,0,20,11,-12,53,0,1,0,0.801
48020,2.6660,3.2488,175.62,2.6660,3.2507,1,1,1,0,0,20,11,-11,53,0,1,0,0.797
48030,2.6666,3.2445,175.62,2.6666,3.2464,1,1,1,0,0,20,11,-11,53,0,1,0,0.793
48040,2.6672,3.2402,175.62,2.6672,3.2421,1,1,1,0,0,20,11,-11,53,0,1,0,0.789
48050,2.6677,3.2360,175.62,2.6677,3.2379,1,1,1,0,0,20,10,0,0,0,1,1,0.784
48060,2.6683,3.2318,175.63,2.6683,3.2337,1,1,1,0,0,20,10,0,0,0,1,1,0.780
48070,2.6689,3.2278,175.64,2.6689,3.2297,1,1,1,0,0,20,10,0,0,0,1,1,0.776
48080,2.6694,3.2241,175.65,2.6694,3.2260,1,1,1,0,0,20,10,0,0,0,1,1,0.772
48090,2.6701,3.2205,175.66,2.6701,3.2224,1,1,1,0,0,20,10,0,0,0,1,1,0.769
48100,2.6707,3.2171,175.67,2.6707,3.2190,1,1,1,0,0,20,10,0,0,0,1,1,0.766
48110,2.6713,3.2140,175.68,2.6713,3.2159,1,1,1,0,0,20,10,0,0,0,1,1,0.762
48120,2.6720,3.2110,175.68,2.6720,3.2129,1,1,1,0,0,20,10,0,0,0,1,1,0.759
48130,2.6726,3.2082,175.69,2.6726,3.2101,1,1,1,0,0,20,10,0,0,0,1,1,0.757
48140,2.6733,3.2057,175.70,2.6733,3.2076,1,1,1,0,0,20,10,0,0,0,1,1,0.754
48150,2.6740,3.2033,175.71,2.6740,3.2052,1,1,1,0,0,20,10,0,0,0,1,1,0.752
48160,2.6747,3.2011,175.72,2.6747,3.2030,1,1,1,0,0,20,10,0,0,0,1,1,0.750
48170,2.6755,3.1992,175.73,2.6755,3.2011,1,1,1,0,0,20,10,0,0,0,1,1,0.748
48180,2.6762,3.1974,175.74,2.6762,3.1993,1,1,1,0,0,20,10,0,0,0,1,1,0.746
48190,2.6770,3.1958,175.74,2.6770,3.1977,1,1,1,0,0,20,10,0,0,0,1,1,0.744
48200,2.6778,3.1945,175.75,2.6778,3.1964,1,1,1,0,0,20,9,0,0,0,1,1,0.743
48210,2.6785,3.1933,175.76,2.6785,3.1952,1,1,1,0,0,20,9,0,0,0,1,1,0.742
48220,2.6793,3.1923,175.77,2.6793,3.1942,1,1,1,0,0,20,9,0,0,0,1,1,0.741
48230,2.6801,3.1915,175.77,2.6801,3.1934,1,1,1,0,0,20,9,0,0,0,1,1,0.740
48240,2.6807,3.1907,175.78,2.6807,3.1926,1,1,1,0,0,20,9,0,0,0,1,1,0.739
48250,2.6813,3.1901,175.78,2.6813,3.1920,1,1,1,0,0,20,9,0,0,0,1,1,0.738
48260,2.6817,3.1896,175.79,2.6817,3.1915,1,1,1,0,0,20,9,0,0,0,1,1,0.738
48270,2.6821,3.1891,175.79,2.6821,3.1911,1,1,1,0,0,20,9,0,0,0,1,1,0.738
48280,2.6823,3.1888,175.79,2.6823,3.1907,1,1,1,0,0,20,9,0,53,0,1,1,0.737
48290,2.6824,3.1885,175.80,2.6824,3.1905,1,1,1,0,0,20,9,0,53,0,1,1,0.737
48300,2.6824,3.1883,175.80,2.6824,3.1902,1,1,1,0,0,20,9,0,53,0,1,1,0.737
48310,2.6824,3.1879,175.80,2.6824,3.1898,1,1,1,0,0,20,9,0,53,0,1,1,0.736
48320,2.6824,3.1873,175.80,2.6824,3.1892,1,1,1,0,0,20,9,0,53,0,1,1,0.736
48330,2.6823,3.1866,175.81,2.6823,3.1886,1,1,1,0,0,20,9,0,53,0,1,1,0.735
48340,2.6822,3.1858,175.81,2.6822,3.1877,1,1,1,0,0,20,9,0,53,0,1,1,0.734
48350,2.6822,3.1849,175.81,2.6822,3.1868,1,1,1,0,0,20,9,0,53,0,1,1,0.733
48360,2.6821,3.1838,175.81,2.6821,3.1857,1,1,1,0,0,20,9,0,53,0,1,1,0.732
48370,2.6820,3.1825,175.82,2.6820,3.1845,1,1,1,0,0,20,9,0,53,0,1,1,0.731
48380,2.6819,3.1812,175.82,2.6819,3.1831,1,1,1,0,0,20,9,0,53,0,1,1,0.730
48390,2.6818,3.1797,175.82,2.6818,3.1816,1,1,1,0,0,20,9,0,53,0,1,1,0.728
48400,2.6817,3.1780,175.83,2.6817,3.1800,1,1,1,0,0,20,9,0,53,0,1,1,0.726
48410,2.6815,3.1763,175.83,2.6815,3.1782,1,1,1,0,0,20,9,0,53,0,1,1,0.725
48420,2.6814,3.1743,175.83,2.6814,3.1762,1,1,1,0,0,20,9,0,53,0,1,1,0.723
48430,2.6813,3.1722,175.83,2.6813,3.1741,1,1,1,0,0,20,9,0,53,0,1,1,0.721
48440,2.6811,3.1700,175.84,2.6811,3.1719,1,1,1,0,0,20,9,0,53,0,1,1,0.718
48450,2.6809,3.1677,175.84,2.6809,3.1696,1,1,1,0,0,20,9,0,53,0,1,1,0.716
48460,2.6807,3.1652,175.85,2.6807,3.1671,1,1,1,0,0,20,9,0,53,0,1,1,0.714
48470,2.6806,3.1626,175.85,2.6806,3.1645,1,1,1,0,0,20,9,0,53,0,1,1,0.711
48480,2.6803,3.1598,175.85,2.6803,3.1617,1,1,1,0,0,20,9,0,53,0,1,1,0.708
48490,2.6801,3.1569,175.85,2.6801,3.1588,1,1,1,0,0,20,9,0,53,0,1,1,0.705
48500,2.6799,3.1539,175.86,2.6799,3.1558,1,1,1,0,0,20,9,0,53,0,1,1,0.702
48510,2.6797,3.1507,175.86,2.6797,3.1526,1,1,1,0,0,20,9,0,53,0,1,1,0.699
48520,2.6794,3.1473,175.86,2.6794,3.1492,1,1,1,0,0,20,9,0,53,0,1,1,0.696
48530,2.6792,3.1438,175.86,2.6792,3.1457,1,1,1,0,0,20,9,0,53,0,1,1,0.692
48540,2.6789,3.1402,175.87,2.6789,3.1421,1,1,1,0,0,20,9,0,53,0,1,1,0.689
48550,2.6787,3.1365,175.88,2.6787,3.1384,1,1,1,0,0,20,9,0,53,0,1,1,0.685
48560,2.6784,3.1326,175.88,2.6784,3.1345,1,1,1,0,0,20,9,0,53,0,1,1,0.681
48570,2.6781,3.1285,175.88,2.6781,3.1305,1,1,1,0,0,20,9,0,53,0,1,1,0.677
48580,2.6778,3.1244,175.88,2.6778,3.1263,1,1,1,0,0,20,9,0,53,0,1,1,0.673
48590,2.6775,3.1202,175.88,2.6775,3.1221,1,1,1,0,0,20,9,0,53,0,1,1,0.669
48600,2.6772,3.1159,175.88,2.6772,3.1179,1,1,1,0,0,20,9,0,53,0,1,1,0.664
48610,2.6769,3.1117,175.89,2.6769,3.1137,1,1,1,0,0,20,9,0,53,0,1,1,0.660
48620,2.6766,3.1075,175.89,2.6766,3.1094,1,1,1,0,0,20,9,0,53,0,1,1,0.656
48630,2.6763,3.1033,175.89,2.6763,3.1052,1,1,1,0,0,20,9,0,53,0,1,1,0.652
48640,2.6760,3.0991,175.90,2.6760,3.1010,1,1,1,0,0,20,9,0,53,0,1,1,0.648
48650,2.6757,3.0949,175.90,2.6757,3.0968,1,1,1,0,0,20,9,0,53,0,1,1,0.643
48660,2.6754,3.0907,175.90,2.6754,3.0926,1,1,1,0,0,20,9,0,53,0,1,1,0.639
48670,2.6751,3.0865,175.90,2.6751,3.0884,1,1,1,0,0,20,9,0,53,0,1,1,0.635
48680,2.6748,3.0823,175.90,2.6748,3.0842,1,1,1,0,0,20,9,0,53,0,1,1,0.631
48690,2.6745,3.0781,175.91,2.6745,3.0800,1,1,1,0,0,20,9,0,53,0,1,1,0.627
48700,2.6742,3.0739,175.91,2.6742,3.0758,1,1,1,0,0,20,9,0,53,0,1,1,0.622
48710,2.6739,3.0697,175.91,2.6739,3.0716,1,1,1,0,0,20,9,0,53,0,1,1,0.618
48720,2.6736,3.0655,175.91,2.6736,3.0674,1,1,1,0,0,20,9,0,53,0,1,1,0.614
48730,2.6733,3.0613,175.91,2.6733,3.0632,1,1,1,0,0,20,9,0,53,0,1,1,0.610
48740,2.6730,3.0570,175.92,2.6730,3.0590,1,1,1,0,0,20,9,0,53,0,1,1,0.605
48750,2.6727,3.0528,175.92,2.6727,3.0548,1,1,1,0,0,20,10,0,53,0,1,1,0.601
48760,2.6724,3.0486,175.92,2.6724,3.0505,1,1,1,0,0,20,10,0,53,0,1,1,0.597
48770,2.6721,3.0444,175.92,2.6721,3.0463,1,1,1,0,0,20,10,0,53,0,1,1,0.593
48780,2.6718,3.0402,175.92,2.6718,3.0421,1,1,1,0,0,20,10,0,53,0,1,1,0.589
48790,2.6715,3.0360,175.93,2.6715,3.0379,1,1,1,0,0,20,10,0,53,0,1,1,0.584
48800,2.6712,3.0318,175.93,2.6712,3.0337,1,1,1,0,0,20,10,0,53,0,1,1,0.580
48810,2.6709,3.0276,175.93,2.6709,3.0295,1,1,1,0,0,20,10,0,53,0,1,1,0.576
48820,2.6706,3.0234,175.93,2.6706,3.0253,1,1,1,0,0,20,10,0,53,0,1,1,0.572
48830,2.6703,3.0192,175.93,2.6703,3.0211,1,1,1,0,0,20,10,0,53,0,1,1,0.568
48840,2.6700,3.0150,175.94,2.6700,3.0169,1,1,1,0,0,20,10,0,53,0,1,1,0.563
48850,2.6697,3.0108,175.94,2.6697,3.0127,1,1,1,0,0,20,10,0,53,0,1,1,0.559
48860,2.6694,3.0066,175.94,2.6694,3.0085,1,1,1,0,0,20,10,0,53,0,1,1,0.555
48870,2.6691,3.0023,175.94,2.6691,3.0043,1,1,1,0,0,20,10,0,53,0,1,1,0.551
48880,2.6688,2.9981,175.94,2.6688,3.0001,1,1,1,0,0,20,10,0,53,0,1,1,0.547
48890,2.6685,2.9939,175.95,2.6685,2.9958,1,1,1,0,0,20,10,0,53,0,1,1,0.542
48900,2.6682,2.9897,175.95,2.6682,2.9916,1,1,1,0,0,20,10,0,53,0,1,1,0.538
48910,2.6679,2.9855,175.95,2.6679,2.9874,1,1,1,0,0,20,10,0,53,0,1,1,0.534
48920,2.6676,2.9813,175.96,2.6676,2.9832,1,1,1,0,0,20,10,0,53,0,1,1,0.530
48930,2.6673,2.9771,175.96,2.6673,2.9790,1,1,1,0,0,20,10,0,53,0,1,1,0.526
48940,2.6670,2.9729,175.96,2.6670,2.9748,1,1,1,0,0,20,10,0,53,0,1,1,0.521
48950,2.6667,2.9687,175.96,2.6667,2.9706,1,1,1,0,0,20,10,0,53,0,1,1,0.517
48960,2.6664,2.9645,175.96,2.6664,2.9664,1,1,1,0,0,20,10,0,53,0,1,1,0.513
48970,2.6661,2.9603,175.97,2.6661,2.9622,1,1,1,0,0,20,10,0,53,0,1,1,0.509
48980,2.6658,2.9561,175.97,2.6658,2.9580,1,1,1,0,0,20,10,0,53,0,1,1,0.504
48990,2.6655,2.9519,175.97,2.6655,2.9538,1,1,1,0,0,20,10,0,53,0,1,1,0.500
49000,2.6652,2.9476,175.97,2.6652,2.9496,1,1,1,0,0,20,10,0,53,0,1,1,0.496
49010,2.6649,2.9434,175.97,2.6649,2.9454,1,1,1,0,0,20,10,0,53,0,1,1,0.492
49020,2.6646,2.9392,175.98,2.6646,2.9411,1,1,1,0,0,20,10,0,53,0,1,1,0.488
49030,2.6643,2.9350,175.98,2.6643,2.9369,1,1,1,0,0,20,10,0,53,0,1,1,0.483
49040,2.6640,2.9308,175.98,2.6640,2.9327,1,1,1,0,0,20,10,0,53,0,1,1,0.479
49050,2.6637,2.9266,175.98,2.6637,2.9285,1,1,1,0,0,20,10,0,53,0,1,1,0.475
49060,2.6634,2.9224,175.98,2.6634,2.9243,1,1,1,0,0,20,10,0,53,0,1,1,0.471
49070,2.6631,2.9182,175.99,2.6631,2.9201,1,1,1,0,0,20,10,0,53,0,1,1,0.467
49080,2.6628,2.9140,175.99,2.6628,2.9159,1,1,1,0,0,20,10,0,53,0,1,1,0.462
49090,2.6625,2.9098,175.99,2.6625,2.9117,1,1,1,0,0,20,10,0,53,0,1,1,0.458
49100,2.6623,2.9056,175.99,2.6623,2.9075,1,1,1,0,0,20,11,0,53,0,1,1,0.454
49110,2.6620,2.9014,176.00,2.6620,2.9033,1,1,1,0,0,20,11,0,53,0,1,1,0.450
49120,2.6617,2.8972,176.00,2.6617,2.8991,1,1,1,0,0,20,11,0,53,0,1,1,0.446
49130,2.6614,2.8929,176.00,2.6614,2.8949,1,1,1,0,0,20,11,0,53,0,1,1,0.441
49140,2.6611,2.8887,176.00,2.6611,2.8907,1,1,1,0,0,20,11,0,53,0,1,1,0.437
49150,2.6608,2.8845,176.00,2.6608,2.8864,1,1,1,0,0,20,11,0,53,0,1,1,0.433
49160,2.6605,2.8803,176.01,2.6605,2.8822,1,1,1,0,0,20,11,0,53,0,1,1,0.429
49170,2.6602,2.8761,176.01,2.6602,2.8780,1,1,1,0,0,20,11,0,53,0,1,1,0.425
49180,2.6599,2.8719,176.01,2.6599,2.8738,1,1,1,0,0,20,11,0,53,0,1,1,0.420
49190,2.6596,2.8677,176.01,2.6596,2.8696,1,1,1,0,0,20,11,0,53,0,1,1,0.416
49200,2.6593,2.8635,176.01,2.6593,2.8654,1,1,1,0,0,20,11,0,53,0,1,1,0.412
49210,2.6590,2.8593,176.02,2.6590,2.8612,1,1,1,0,0,20,11,0,53,0,1,1,0.408
49220,2.6587,2.8551,176.02,2.6587,2.8570,1,1,1,0,0,20,11,0,53,0,1,1,0.403
49230,2.6584,2.8509,176.02,2.6584,2.8528,1,1,1,0,0,20,11,0,53,0,1,1,0.399
49240,2.6581,2.8467,176.03,2.6581,2.8486,1,1,1,0,0,20,11,0,53,0,1,1,0.395
49250,2.6579,2.8425,176.03,2.6579,2.8444,1,1,1,0,0,20,11,0,53,0,1,1,0.391
49260,2.6576,2.8382,176.03,2.6576,2.8402,1,1,1,0,0,20,11,0,53,0,1,1,0.387
49270,2.6573,2.8340,176.03,2.6573,2.8360,1,1,1,0,0,20,11,0,53,0,1,1,0.382
49280,2.6570,2.8298,176.03,2.6570,2.8317,1,1,1,0,0,20,11,0,53,0,1,1,0.378
49290,2.6567,2.8256,176.04,2.6567,2.8275,1,1,1,0,0,20,11,0,53,0,1,1,0.374
49300,2.6564,2.8214,176.04,2.6564,2.8233,1,1,1,0,0,20,11,0,53,0,1,1,0.370
49310,2.6561,2.8172,176.04,2.6561,2.8191,1,1,1,0,0,20,11,0,53,0,1,1,0.366
49320,2.6558,2.8130,176.04,2.6558,2.8149,1,1,1,0,0,20,11,0,53,0,1,1,0.361
49330,2.6555,2.8088,176.04,2.6555,2.8107,1,1,1,0,0,20,11,0,53,0,1,1,0.357
49340,2.6552,2.8046,176.05,2.6552,2.8065,1,1,1,0,0,20,11,0,53,0,1,1,0.353
49350,2.6549,2.8004,176.05,2.6549,2.8023,1,1,1,0,0,20,11,0,53,0,1,1,0.349
49360,2.6546,2.7962,176.05,2.6546,2.7981,1,1,1,0,0,20,11,0,53,0,1,1,0.345
49370,2.6544,2.7920,176.05,2.6544,2.7939,1,1,1,0,0,20,11,0,53,0,1,1,0.340
49380,2.6541,2.7877,176.05,2.6541,2.7897,1,1,1,0,0,20,11,0,53,0,1,1,0.336
49390,2.6538,2.7835,176.06,2.6538,2.7855,1,1,1,0,0,20,11,0,53,0,1,1,0.332
49400,2.6535,2.7793,176.06,2.6535,2.7812,1,1,1,0,0,20,12,0,53,0,1,1,0.328
49410,2.6532,2.7751,176.06,2.6532,2.7770,1,1,1,0,0,20,12,0,53,0,1,1,0.324
49420,2.6529,2.7709,176.06,2.6529,2.7728,1,1,1,0,0,20,12,0,53,0,1,1,0.319
49430,2.6526,2.7667,176.06,2.6526,2.7686,1,1,1,0,0,20,12,0,53,0,1,1,0.315
49440,2.6523,2.7625,176.07,2.6523,2.7644,1,1,1,0,0,20,12,0,53,0,1,1,0.311
49450,2.6520,2.7583,176.07,2.6520,2.7602,1,1,1,0,0,20,12,0,53,0,1,1,0.307
49460,2.6517,2.7541,176.07,2.6517,2.7560,1,1,1,0,0,20,12,0,53,0,1,1,0.302
49470,2.6515,2.7499,176.07,2.6515,2.7518,1,1,1,0,0,20,12,0,53,0,1,1,0.298
49480,2.6512,2.7457,176.07,2.6512,2.7476,1,1,1,0,0,20,12,0,53,0,1,1,0.294
49490,2.6509,2.7415,176.08,2.6509,2.7434,1,1,1,0,0,20,12,0,53,0,1,1,0.290
49500,2.6506,2.7373,176.08,2.6506,2.7392,1,1,1,0,0,20,12,0,53,0,1,1,0.286
49510,2.6503,2.7330,176.08,2.6503,2.7350,1,1,1,0,0,20,12,0,53,0,1,1,0.281
49520,2.6500,2.7288,176.09,2.6500,2.7307,1,1,1,0,0,20,12,0,53,0,1,1,0.277
49530,2.6497,2.7246,176.09,2.6497,2.7265,1,1,1,0,0,20,12,0,53,0,1,1,0.273
49540,2.6494,2.7204,176.09,2.6494,2.7223,1,1,1,0,0,20,12,0,53,0,1,1,0.269
49550,2.6492,2.7162,176.09,2.6492,2.7181,1,1,1,0,0,20,12,0,53,0,1,1,0.265
49560,2.6489,2.7120,176.09,2.6489,2.7139,1,1,1,0,0,20,12,0,53,0,1,1,0.260
49570,2.6486,2.7078,176.10,2.6486,2.7097,1,1,1,0,0,20,12,0,53,0,1,1,0.256
49580,2.6483,2.7036,176.10,2.6483,2.7055,1,1,1,0,0,20,12,0,53,0,1,1,0.252
49590,2.6480,2.6994,176.10,2.6480,2.7013,1,1,1,0,0,20,12,0,53,0,1,1,0.248
49600,2.6477,2.6952,176.10,2.6477,2.6971,1,1,1,0,0,20,12,0,53,0,1,1,0.244
49610,2.6474,2.6910,176.10,2.6474,2.6929,1,1,1,0,0,20,12,0,53,0,1,1,0.239
49620,2.6471,2.6868,176.11,2.6471,2.6887,1,1,1,0,0,20,12,0,53,0,1,1,0.235
49630,2.6469,2.6825,176.11,2.6469,2.6845,1,1,1,0,0,20,12,0,53,0,1,1,0.231
49640,2.6466,2.6783,176.11,2.6466,2.6802,1,1,1,0,0,20,12,0,53,0,1,1,0.227
49650,2.6463,2.6741,176.11,2.6463,2.6760,1,1,1,0,0,20,12,0,53,0,1,1,0.223
49660,2.6460,2.6699,176.11,2.6460,2.6718,1,1,1,0,0,20,12,0,53,0,1,1,0.218
49670,2.6457,2.6657,176.12,2.6457,2.6676,1,1,1,0,0,20,12,0,53,0,1,1,0.214
49680,2.6454,2.6615,176.12,2.6454,2.6634,1,1,1,0,0,20,12,0,53,0,1,1,0.210
49690,2.6451,2.6573,176.12,2.6451,2.6592,1,1,1,0,0,20,12,0,53,0,1,1,0.206
49700,2.6449,2.6531,176.12,2.6449,2.6550,1,1,1,0,0,20,12,0,53,0,1,1,0.201
49710,2.6446,2.6489,176.13,2.6446,2.6508,1,1,1,0,0,20,12,0,53,0,1,1,0.197
49720,2.6443,2.6447,176.13,2.6443,2.6466,1,1,1,0,0,20,12,0,53,0,1,1,0.193
49730,2.6440,2.6405,176.13,2.6440,2.6424,1,1,1,0,0,20,12,0,53,0,1,1,0.189
49740,2.6437,2.6362,176.13,2.6437,2.6382,1,1,1,0,0,20,12,0,53,0,1,1,0.185
49750,2.6434,2.6320,176.13,2.6434,2.6340,1,1,1,0,0,20,13,-5,53,0,1,0,0.180
49760,2.6432,2.6278,176.14,2.6432,2.6297,1,1,1,0,0,20,13,-5,53,0,1,0,0.176
49770,2.6432,2.6236,176.15,2.6432,2.6255,1,1,1,0,0,20,13,-5,53,0,1,0,0.172
49780,2.6432,2.6194,176.15,2.6432,2.6213,1,1,1,0,0,20,13,-5,53,0,1,0,0.168
49790,2.6433,2.6151,176.15,2.6433,2.6171,1,1,1,0,0,20,13,-5,53,0,1,0,0.164
49800,2.6434,2.6109,176.15,2.6434,2.6128,1,1,1,0,0,20,13,-4,53,1,1,0,0.159
49810,2.6435,2.6067,176.16,2.6435,2.6086,1,1,1,0,0,20,13,-4,53,1,1,0,0.155
49820,2.6436,2.6024,176.16,2.6436,2.6044,1,1,1,0,0,20,13,-4,53,1,1,0,0.151
49830,2.6436,2.5982,176.16,2.6436,2.6001,1,1,1,0,0,20,13,-4,53,1,1,0,0.147
49840,2.6436,2.5941,176.16,2.6436,2.5960,2,1,0,0,0,20,13,0,0,0,0,0,1000.000
49850,2.6437,2.5901,176.16,2.6437,2.5920,2,1,0,0,0,20,13,0,0,0,0,0,1000.000
49860,2.6438,2.5864,176.16,2.6438,2.5883,2,1,0,0,0,20,13,0,0,0,0,0,1000.000
49870,2.6438,2.5828,176.16,2.6438,2.5848,2,1,0,0,0,20,13,0,0,0,0,0,1000.000
49880,2.6439,2.5795,176.16,2.6439,2.5814,2,1,0,0,0,20,13,0,0,0,0,0,1000.000
49890,2.6441,2.5764,176.16,2.6441,2.5783,2,1,0,0,0,20,13,0,0,0,0,0,1000.000
49900,2.6442,2.5734,176.16,2.6442,2.5753,2,1,1,0,0,20,13,0,0,0,0,0,1000.000
49910,2.6443,2.5707,176.16,2.6443,2.5726,2,1,1,0,0,20,13,0,0,0,0,0,1000.000
49920,2.6445,2.5681,176.16,2.6445,2.5700,2,1,1,0,0,20,13,0,0,0,0,0,1000.000
49930,2.6446,2.5658,176.16,2.6446,2.5677,2,1,1,0,0,20,13,0,0,0,0,0,1000.000
49940,2.6448,2.5636,176.16,2.6448,2.5656,2,1,1,0,0,20,13,0,0,0,0,0,1000.000
49950,2.6450,2.5617,176.16,2.6450,2.5636,2,1,1,0,0,20,13,150,10,0,0,0,2.375
49960,2.6451,2.5599,176.16,2.6451,2.5618,2,1,1,0,0,20,13,150,10,0,0,0,2.375
49970,2.6453,2.5583,176.16,2.6453,2.5603,2,1,1,0,0,20,13,150,10,0,0,0,2.375
49980,2.6455,2.5569,176.17,2.6455,2.5589,2,1,1,0,0,20,13,150,10,0,0,0,2.375
49990,2.6455,2.5556,176.17,2.6455,2.5575,2,1,1,0,0,20,13,150,10,0,0,0,2.376
50000,2.6453,2.5543,176.17,2.6453,2.5562,2,1,1,0,0,20,13,150,10,0,0,0,2.375
50010,2.6449,2.5529,176.17,2.6449,2.5548,2,1,1,0,0,20,13,150,10,0,0,0,2.375
50020,2.6443,2.5516,176.17,2.6443,2.5535,2,1,1,0,0,20,13,150,10,0,0,0,2.374
50030,2.6435,2.5503,176.17,2.6435,2.5522,2,1,1,0,0,20,13,150,10,0,0,0,2.374
50040,2.6425,2.5490,176.17,2.6425,2.5509,2,1,1,0,0,20,13,150,10,0,0,0,2.373
50050,2.6414,2.5478,176.17,2.6414,2.5497,2,1,1,0,0,19,13,150,10,0,0,0,2.371
50060,2.6400,2.5465,176.18,2.6400,2.5484,2,1,1,0,0,19,13,150,10,0,0,0,2.370
50070,2.6384,2.5453,176.18,2.6384,2.5472,2,1,1,0,0,19,13,150,10,0,0,0,2.368
50080,2.6366,2.5440,176.18,2.6366,2.5459,2,1,1,0,0,19,13,150,10,0,0,0,2.367
50090,2.6346,2.5428,176.18,2.6346,2.5447,2,1,1,0,0,19,13,150,10,0,0,0,2.365
50100,2.6324,2.5416,176.18,2.6324,2.5435,2,1,1,0,0,19,13,150,10,0,0,0,2.362
50110,2.6300,2.5404,176.18,2.6300,2.5423,2,1,1,0,0,19,13,150,10,0,0,0,2.360
50120,2.6274,2.5392,176.18,2.6274,2.5411,2,1,1,0,0,19,13,150,10,0,0,0,2.357
50130,2.6246,2.5381,176.18,2.6246,2.5400,2,1,1,0,0,19,13,150,10,0,0,0,2.355
50140,2.6217,2.5369,176.18,2.6217,2.5388,2,1,1,0,0,19,13,150,10,0,0,0,2.352
50150,2.6185,2.5358,176.19,2.6185,2.5377,2,1,1,0,0,18,13,150,10,0,0,0,2.348
50160,2.6151,2.5346,176.19,2.6151,2.5366,2,1,1,0,0,18,13,150,10,0,0,0,2.345
50170,2.6115,2.5335,176.19,2.6115,2.5354,2,1,1,0,0,18,13,150,10,0,0,0,2.342
50180,2.6077,2.5324,176.19,2.6077,2.5343,2,1,1,0,0,18,13,150,10,0,0,0,2.338
50190,2.6037,2.5313,176.19,2.6037,2.5333,2,1,1,0,0,18,13,150,10,0,0,0,2.334
50200,2.5996,2.5303,176.19,2.5996,2.5322,2,1,1,0,0,18,14,150,10,0,0,0,2.330
50210,2.5952,2.5292,176.19,2.5952,2.5311,2,1,1,0,0,18,14,150,10,0,0,0,2.325
50220,2.5906,2.5282,176.19,2.5906,2.5301,2,1,1,0,0,18,14,150,10,0,0,0,2.321
50230,2.5858,2.5271,176.20,2.5858,2.5290,2,1,1,0,0,18,14,150,10,0,0,0,2.316
50240,2.5808,2.5261,176.20,2.5808,2.5280,2,1,1,0,0,18,14,150,10,0,0,0,2.311
50250,2.5756,2.5251,176.20,2.5756,2.5270,2,1,1,0,0,17,15,150,10,0,0,0,2.306
50260,2.5703,2.5241,176.20,2.5703,2.5260,2,1,1,0,0,17,15,150,10,0,0,0,2.300
50270,2.5647,2.5231,176.20,2.5647,2.5250,2,1,1,0,0,17,15,150,10,0,0,0,2.295
50280,2.5589,2.5221,176.20,2.5589,2.5241,2,1,1,0,0,17,15,150,10,0,0,0,2.289
50290,2.5529,2.5212,176.20,2.5529,2.5231,2,1,1,0,0,17,15,150,10,0,0,0,2.283
50300,2.5468,2.5203,176.20,2.5468,2.5222,2,1,1,0,0,17,17,150,10,0,0,0,2.277
50310,2.5404,2.5193,176.20,2.5404,2.5212,2,1,1,0,0,17,17,150,10,0,0,0,2.270
50320,2.5338,2.5184,176.21,2.5338,2.5203,2,1,1,0,0,17,17,150,10,0,0,0,2.264
50330,2.5270,2.5175,176.21,2.5270,2.5194,2,1,1,0,0,17,17,150,10,0,0,0,2.257
50340,2.5200,2.5166,176.21,2.5200,2.5185,2,1,1,0,0,17,17,150,10,0,0,0,2.250
50350,2.5129,2.5157,176.21,2.5129,2.5177,2,1,1,0,0,16,20,150,10,0,0,0,2.243
50360,2.5055,2.5149,176.21,2.5055,2.5168,2,1,1,0,0,16,20,150,10,0,0,0,2.235
50370,2.4979,2.5140,176.21,2.4979,2.5159,2,1,1,0,0,16,20,150,10,0,0,0,2.228
50380,2.4901,2.5132,176.21,2.4901,2.5151,2,1,1,0,0,16,20,150,10,0,0,0,2.220
50390,2.4822,2.5124,176.21,2.4822,2.5143,2,1,1,0,0,16,20,150,10,0,0,0,2.212
50400,2.4740,2.5116,176.22,2.4740,2.5135,2,1,1,0,0,16,20,150,10,0,0,0,2.204
50410,2.4656,2.5108,176.22,2.4656,2.5127,2,1,1,0,0,16,20,150,10,0,0,0,2.196
50420,2.4570,2.5100,176.22,2.4570,2.5119,2,1,1,0,0,16,20,150,10,0,0,0,2.187
50430,2.4483,2.5092,176.22,2.4483,2.5111,2,1,1,0,0,16,20,150,10,0,0,0,2.178
50440,2.4393,2.5084,176.22,2.4393,2.5104,2,1,1,0,0,16,20,150,10,0,0,0,2.169
50450,2.4301,2.5077,176.22,2.4301,2.5096,2,1,1,0,0,15,20,150,10,0,0,0,2.160
50460,2.4208,2.5070,176.22,2.4208,2.5089,2,1,1,0,0,15,20,150,10,0,0,0,2.151
50470,2.4112,2.5062,176.22,2.4112,2.5082,2,1,1,0,0,15,20,150,10,0,0,0,2.141
50480,2.4014,2.5055,176.23,2.4014,2.5074,2,1,1,0,0,15,20,150,10,0,0,0,2.131
50490,2.3914,2.5048,176.23,2.3914,2.5068,2,1,1,0,0,15,20,150,10,0,0,0,2.121
50500,2.3813,2.5042,176.23,2.3813,2.5061,2,1,1,0,0,15,20,150,10,0,0,0,2.111
50510,2.3709,2.5035,176.23,2.3709,2.5054,2,1,1,0,0,15,20,150,10,0,0,0,2.101
50520,2.3603,2.5028,176.23,2.3603,2.5047,2,1,1,0,0,15,20,150,10,0,0,0,2.090
50530,2.3496,2.5022,176.23,2.3496,2.5041,2,1,1,0,0,15,20,150,10,0,0,0,2.080
50540,2.3386,2.5016,176.23,2.3386,2.5035,2,1,1,0,0,15,20,150,10,0,0,0,2.069
50550,2.3275,2.5010,176.24,2.3275,2.5029,2,1,1,0,0,15,20,150,10,0,0,0,2.057
50560,2.3162,2.5004,176.24,2.3162,2.5023,2,1,1,0,0,15,20,150,10,0,0,0,2.046
50570,2.3047,2.4999,176.25,2.3047,2.5018,2,1,1,0,0,15,20,150,10,0,0,0,2.035
50580,2.2931,2.4995,176.25,2.2931,2.5014,2,1,1,0,0,15,20,150,10,0,0,0,2.023
50590,2.2814,2.4991,176.25,2.2814,2.5010,2,1,1,0,0,15,20,150,10,0,0,0,2.011
50600,2.2696,2.4989,176.25,2.2696,2.5008,2,1,1,0,0,14,20,150,10,0,0,0,2.000
50610,2.2578,2.4988,176.25,2.2578,2.5007,2,1,1,0,0,14,20,150,10,0,0,0,1.988
50620,2.2458,2.4987,176.25,2.2458,2.5006,2,1,1,0,0,14,20,150,10,0,0,0,1.976
50630,2.2338,2.4987,176.25,2.2338,2.5006,2,1,1,0,0,14,20,150,10,0,0,0,1.964
50640,2.2219,2.4987,176.25,2.2219,2.5006,2,1,1,0,0,14,20,150,10,0,0,0,1.952
50650,2.2099,2.4987,176.25,2.2099,2.5006,2,1,1,0,0,14,20,150,10,0,0,0,1.940
50660,2.1980,2.4987,176.26,2.1980,2.5006,2,1,1,0,0,14,20,150,10,0,0,0,1.928
50670,2.1860,2.4987,176.26,2.1860,2.5006,2,1,1,0,0,14,20,150,10,0,0,0,1.916
50680,2.1740,2.4986,176.26,2.1740,2.5006,2,1,1,0,0,14,20,150,10,0,0,0,1.904
50690,2.1621,2.4986,176.26,2.1621,2.5005,2,1,1,0,0,14,20,150,10,0,0,0,1.892
50700,2.1501,2.4986,176.26,2.1501,2.5005,2,1,1,0,0,14,20,150,10,0,0,0,1.880
50710,2.1381,2.4986,176.26,2.1381,2.5005,2,1,1,0,0,14,20,150,10,0,0,0,1.868
50720,2.1262,2.4986,176.26,2.1262,2.5005,2,1,1,0,0,14,20,150,10,0,0,0,1.856
50730,2.1142,2.4986,176.26,2.1142,2.5005,2,1,1,0,0,14,20,150,10,0,0,0,1.844
50740,2.1022,2.4985,176.27,2.1022,2.5005,2,1,1,0,0,14,20,150,10,0,0,0,1.832
50750,2.0903,2.4985,176.27,2.0903,2.5004,2,1,1,0,0,14,20,150,10,0,0,0,1.820
50760,2.0783,2.4985,176.27,2.0783,2.5004,2,1,1,0,0,14,20,150,10,0,0,0,1.808
50770,2.0663,2.4985,176.27,2.0663,2.5004,2,1,1,0,0,14,20,150,10,0,0,0,1.796
50780,2.0544,2.4985,176.27,2.0544,2.5004,2,1,1,0,0,14,20,150,10,0,0,0,1.784
50790,2.0424,2.4985,176.27,2.0424,2.5004,2,1,1,0,0,14,20,150,10,0,0,0,1.772
50800,2.0304,2.4984,176.27,2.0304,2.5004,2,1,1,0,0,14,20,150,10,0,0,0,1.760
50810,2.0185,2.4984,176.27,2.0185,2.5003,2,1,1,0,0,14,20,150,10,0,0,0,1.748
50820,2.0065,2.4984,176.27,2.0065,2.5003,2,1,1,0,0,14,20,150,10,0,0,0,1.737
50830,1.9946,2.4984,176.28,1.9946,2.5003,2,1,1,0,0,14,20,150,10,0,0,0,1.725
50840,1.9826,2.4984,176.28,1.9826,2.5003,2,1,1,0,0,14,20,150,10,0,0,0,1.713
50850,1.9706,2.4983,176.28,1.9706,2.5003,2,1,1,0,0,14,20,150,10,0,0,0,1.701
50860,1.9587,2.4983,176.28,1.9587,2.5002,2,1,1,0,0,14,20,150,10,0,0,0,1.689
50870,1.9467,2.4983,176.28,1.9467,2.5002,2,1,1,0,0,14,20,150,10,0,0,0,1.677
50880,1.9347,2.4983,176.29,1.9347,2.5002,2,1,1,0,0,14,20,150,10,0,0,0,1.665
50890,1.9228,2.4983,176.29,1.9228,2.5002,2,1,1,0,0,14,20,150,10,0,0,0,1.653
50900,1.9108,2.4982,176.29,1.9108,2.5002,2,1,1,0,0,14,20,150,10,0,0,0,1.641
50910,1.8988,2.4982,176.29,1.8988,2.5001,2,1,1,0,0,14,20,150,10,0,0,0,1.629
50920,1.8869,2.4982,176.29,1.8869,2.5001,2,1,1,0,0,14,20,150,10,0,0,0,1.617
50930,1.8749,2.4982,176.29,1.8749,2.5001,2,1,1,0,0,14,20,150,10,0,0,0,1.605
50940,1.8629,2.4982,176.29,1.8629,2.5001,2,1,1,0,0,14,20,150,10,0,0,0,1.593
50950,1.8510,2.4981,176.29,1.8510,2.5001,2,1,1,0,0,14,20,150,10,0,0,0,1.581
50960,1.8390,2.4981,176.29,1.8390,2.5000,2,1,1,0,0,14,20,150,10,0,0,0,1.569
50970,1.8270,2.4981,176.30,1.8270,2.5000,2,1,1,0,0,14,20,150,10,0,0,0,1.557
50980,1.8151,2.4981,176.30,1.8151,2.5000,2,1,1,0,0,14,20,150,10,0,0,0,1.545
50990,1.8031,2.4981,176.30,1.8031,2.5000,2,1,1,0,0,14,20,150,10,0,0,0,1.533
51000,1.7912,2.4980,176.30,1.7912,2.4999,2,1,1,0,0,14,20,150,10,0,0,0,1.521
51010,1.7792,2.4980,176.30,1.7792,2.4999,2,1,1,0,0,14,20,150,10,0,0,0,1.509
51020,1.7672,2.4980,176.30,1.7672,2.4999,2,1,1,0,0,14,20,150,10,0,0,0,1.497
51030,1.7553,2.4980,176.30,1.7553,2.4999,2,1,1,0,0,14,20,150,10,0,0,0,1.485
51040,1.7433,2.4979,176.30,1.7433,2.4998,2,1,1,0,0,14,20,150,10,0,0,0,1.473
51050,1.7313,2.4979,176.30,1.7313,2.4998,2,1,1,0,0,14,20,150,10,0,0,0,1.461
51060,1.7194,2.4979,176.31,1.7194,2.4998,2,1,1,0,0,14,20,150,10,0,0,0,1.449
51070,1.7074,2.4979,176.31,1.7074,2.4998,2,1,1,0,0,14,20,150,10,0,0,0,1.437
51080,1.6954,2.4978,176.31,1.6954,2.4997,2,1,1,0,0,14,20,150,10,0,0,0,1.425
51090,1.6835,2.4978,176.31,1.6835,2.4997,2,1,1,0,0,14,20,150,10,0,0,0,1.413
51100,1.6715,2.4978,176.31,1.6715,2.4997,2,1,1,0,0,14,20,150,10,0,0,0,1.402
51110,1.6595,2.4978,176.31,1.6595,2.4997,2,1,1,0,0,14,20,150,10,0,0,0,1.390
51120,1.6476,2.4977,176.31,1.6476,2.4996,2,1,1,0,0,14,20,150,10,0,0,0,1.378
51130,1.6356,2.4977,176.31,1.6356,2.4996,2,1,1,0,0,14,20,150,10,0,0,0,1.366
51140,1.6237,2.4977,176.31,1.6237,2.4996,2,1,1,0,0,14,20,150,10,0,0,0,1.354
51150,1.6117,2.4977,176.32,1.6117,2.4996,2,1,1,0,0,14,20,150,10,0,0,0,1.342
51160,1.5997,2.4976,176.32,1.5997,2.4995,2,1,1,0,0,14,20,150,10,0,0,0,1.330
51170,1.5878,2.4976,176.32,1.5878,2.4995,2,1,1,0,0,14,20,150,10,0,0,0,1.318
51180,1.5758,2.4976,176.32,1.5758,2.4995,2,1,1,0,0,14,20,150,10,0,0,0,1.306
51190,1.5638,2.4975,176.32,1.5638,2.4995,2,1,1,0,0,14,20,150,10,0,0,0,1.294
51200,1.5519,2.4975,176.32,1.5519,2.4994,2,1,1,0,0,14,20,150,10,0,0,0,1.282
51210,1.5399,2.4975,176.32,1.5399,2.4994,2,1,1,0,0,14,20,150,10,0,0,0,1.270
51220,1.5279,2.4975,176.32,1.5279,2.4994,2,1,1,0,0,14,20,150,10,0,0,0,1.258
51230,1.5160,2.4974,176.32,1.5160,2.4993,2,1,1,0,0,14,20,150,10,0,0,0,1.246
51240,1.5040,2.4974,176.33,1.5040,2.4993,2,1,1,0,0,14,20,150,10,0,0,0,1.234
51250,1.4920,2.4974,176.33,1.4920,2.4993,2,1,1,0,0,14,20,150,10,0,0,0,1.222
51260,1.4801,2.4973,176.33,1.4801,2.4993,2,1,1,0,0,14,20,150,10,0,0,0,1.210
51270,1.4681,2.4973,176.33,1.4681,2.4992,2,1,1,0,0,14,20,150,10,0,0,0,1.198
51280,1.4561,2.4973,176.33,1.4561,2.4992,2,1,1,0,0,14,20,150,10,0,0,0,1.186
51290,1.4442,2.4972,176.33,1.4442,2.4992,2,1,1,0,0,14,20,150,10,0,0,0,1.174
51300,1.4322,2.4972,176.33,1.4322,2.4991,2,1,1,0,0,14,20,150,10,0,0,0,1.162
51310,1.4203,2.4972,176.33,1.4203,2.4991,2,1,1,0,0,14,20,150,10,0,0,0,1.150
51320,1.4083,2.4972,176.33,1.4083,2.4991,2,1,1,0,0,14,20,150,10,0,0,0,1.138
51330,1.3963,2.4971,176.34,1.3963,2.4990,2,1,1,0,0,14,20,150,10,0,0,0,1.126
51340,1.3844,2.4971,176.34,1.3844,2.4990,2,1,1,0,0,14,20,150,10,0,0,0,1.114
51350,1.3724,2.4971,176.34,1.3724,2.4990,2,1,1,0,0,14,20,150,10,0,0,0,1.102
51360,1.3604,2.4970,176.34,1.3604,2.4989,2,1,1,0,0,14,20,150,10,0,0,0,1.090
51370,1.3485,2.4970,176.34,1.3485,2.4989,2,1,1,0,0,14,20,150,10,0,0,0,1.078
51380,1.3365,2.4970,176.34,1.3365,2.4989,2,1,1,0,0,14,20,150,10,0,0,0,1.067
51390,1.3245,2.4969,176.34,1.3245,2.4988,2,1,1,0,0,14,20,150,10,0,0,0,1.055
51400,1.3126,2.4969,176.34,1.3126,2.4988,2,1,1,0,0,14,20,150,10,0,0,0,1.043
51410,1.3006,2.4969,176.34,1.3006,2.4988,2,1,1,0,0,14,20,150,10,0,0,0,1.031
51420,1.2886,2.4968,176.35,1.2886,2.4987,2,1,1,0,0,14,20,150,10,0,0,0,1.019
51430,1.2767,2.4968,176.35,1.2767,2.4987,2,1,1,0,0,14,20,150,10,0,0,0,1.007
51440,1.2647,2.4968,176.35,1.2647,2.4987,2,1,1,0,0,14,20,150,10,0,0,0,0.995
51450,1.2528,2.4967,176.35,1.2528,2.4986,2,1,1,0,0,14,20,150,10,0,0,0,0.983
51460,1.2408,2.4967,176.35,1.2408,2.4986,2,1,1,0,0,14,20,150,10,0,0,0,0.971
51470,1.2288,2.4967,176.36,1.2288,2.4986,2,1,1,0,0,14,20,150,10,0,0,0,0.959
51480,1.2169,2.4966,176.36,1.2169,2.4985,2,1,1,0,0,14,20,150,10,0,0,0,0.947
51490,1.2049,2.4966,176.36,1.2049,2.4985,2,1,1,0,0,14,20,150,10,0,0,0,0.935
51500,1.1929,2.4966,176.36,1.1929,2.4985,2,1,1,0,0,14,20,150,10,0,0,0,0.923
51510,1.1810,2.4965,176.36,1.1810,2.4984,2,1,1,0,0,14,20,150,10,0,0,0,0.911
51520,1.1690,2.4965,176.36,1.1690,2.4984,2,1,1,0,0,14,20,150,10,0,0,0,0.899
51530,1.1570,2.4964,176.36,1.1570,2.4984,2,1,1,0,0,14,20,150,10,0,0,0,0.887
51540,1.1451,2.4964,176.36,1.1451,2.4983,2,1,1,0,0,14,20,150,10,0,0,0,0.875
51550,1.1331,2.4964,176.36,1.1331,2.4983,2,1,1,0,0,14,20,150,10,0,0,0,0.863
51560,1.1211,2.4963,176.37,1.1211,2.4982,2,1,1,0,0,14,20,150,10,0,0,0,0.851
51570,1.1092,2.4963,176.37,1.1092,2.4982,2,1,1,0,0,14,20,150,10,0,0,0,0.839
51580,1.0972,2.4963,176.37,1.0972,2.4982,2,1,1,0,0,14,20,150,10,0,0,0,0.827
51590,1.0853,2.4962,176.37,1.0853,2.4981,2,1,1,0,0,14,20,150,10,0,0,0,0.815
51600,1.0733,2.4962,176.37,1.0733,2.4981,2,1,1,0,0,14,20,150,10,0,0,0,0.803
51610,1.0613,2.4961,176.37,1.0613,2.4981,2,1,1,0,0,14,20,150,10,0,0,0,0.791
51620,1.0494,2.4961,176.37,1.0494,2.4980,2,1,1,0,0,14,20,150,10,0,0,0,0.779
51630,1.0374,2.4961,176.37,1.0374,2.4980,2,1,1,0,0,14,20,150,10,0,0,0,0.767
51640,1.0254,2.4960,176.37,1.0254,2.4979,2,1,1,0,0,14,20,150,10,0,0,0,0.755
51650,1.0135,2.4960,176.38,1.0135,2.4979,2,1,1,0,0,14,20,75,5,0,0,0,0.743
51660,1.0016,2.4961,176.38,1.0016,2.4980,2,1,1,0,0,14,20,75,5,0,0,0,0.732
51670,0.9900,2.4961,176.38,0.9900,2.4980,2,1,1,0,0,14,20,75,5,0,0,0,0.720
51680,0.9785,2.4961,176.38,0.9785,2.4980,2,1,1,0,0,14,20,75,5,0,0,0,0.709
51690,0.9673,2.4961,176.38,0.9673,2.4980,2,1,1,0,0,14,20,75,5,0,0,0,0.697
51700,0.9562,2.4961,176.38,0.9562,2.4980,2,1,1,0,0,14,20,75,5,0,0,0,0.686
51710,0.9454,2.4960,176.38,0.9454,2.4979,2,1,1,0,0,14,20,75,5,0,0,0,0.675
51720,0.9347,2.4960,176.38,0.9347,2.4979,2,1,1,0,0,14,20,75,5,0,0,0,0.665
51730,0.9243,2.4959,176.38,0.9243,2.4978,2,1,1,0,0,14,20,75,5,0,0,0,0.654
51740,0.9140,2.4959,176.38,0.9140,2.4978,2,1,1,0,0,14,20,75,5,0,0,0,0.644
51750,0.9040,2.4958,176.38,0.9040,2.4977,2,1,1,0,0,20,20,75,5,0,0,0,0.634
51760,0.8941,2.4957,176.38,0.8941,2.4976,2,1,1,0,0,20,20,75,5,0,0,0,0.624
51770,0.8844,2.4956,176.38,0.8844,2.4975,2,1,1,0,0,20,20,75,5,0,0,0,0.614
51780,0.8750,2.4955,176.38,0.8750,2.4974,2,1,1,0,0,20,20,75,5,0,0,0,0.605
51790,0.8657,2.4953,176.38,0.8657,2.4972,2,1,1,0,0,20,20,75,5,0,0,0,0.596
51800,0.8567,2.4952,176.38,0.8567,2.4971,2,1,1,0,0,20,20,75,5,0,0,0,0.587
51810,0.8478,2.4950,176.38,0.8478,2.4969,2,1,1,0,0,20,20,75,5,0,0,0,0.578
51820,0.8392,2.4948,176.38,0.8392,2.4968,2,1,1,0,0,20,20,75,5,0,0,0,0.569
51830,0.8307,2.4947,176.38,0.8307,2.4966,2,1,1,0,0,20,20,75,5,0,0,0,0.561
51840,0.8225,2.4945,176.38,0.8225,2.4964,2,1,1,0,0,20,20,75,5,0,0,0,0.552
51850,0.8144,2.4943,176.38,0.8144,2.4962,2,1,1,0,0,20,20,75,5,0,0,0,0.544
51860,0.8065,2.4940,176.38,0.8065,2.4960,2,1,1,0,0,20,20,75,5,0,0,0,0.537
51870,0.7989,2.4938,176.38,0.7989,2.4957,2,1,1,0,0,20,20,75,5,0,0,0,0.529
51880,0.7914,2.4936,176.38,0.7914,2.4955,2,1,1,0,0,20,20,75,5,0,0,0,0.521
51890,0.7842,2.4933,176.38,0.7842,2.4952,2,1,1,0,0,20,20,75,5,0,0,0,0.514
51900,0.7771,2.4930,176.38,0.7771,2.4950,2,1,1,0,0,20,20,75,5,0,0,0,0.507
51910,0.7702,2.4928,176.38,0.7702,2.4947,2,1,1,0,0,20,20,75,5,0,0,0,0.500
51920,0.7636,2.4925,176.38,0.7636,2.4944,2,1,1,0,0,20,20,75,5,0,0,0,0.494
51930,0.7571,2.4922,176.39,0.7571,2.4941,2,1,1,0,0,20,20,75,5,0,0,0,0.487
51940,0.7508,2.4919,176.39,0.7508,2.4939,2,1,1,0,0,20,20,75,5,0,0,0,0.481
51950,0.7446,2.4917,176.39,0.7446,2.4937,2,1,1,0,0,20,20,75,5,0,0,0,0.475
51960,0.7385,2.4916,176.39,0.7385,2.4936,2,1,1,0,0,20,20,75,5,0,0,0,0.469
51970,0.7325,2.4916,176.39,0.7325,2.4935,2,1,1,0,0,20,20,75,5,0,0,0,0.463
51980,0.7265,2.4916,176.39,0.7265,2.4935,2,1,1,0,0,20,20,75,5,0,0,0,0.457
51990,0.7205,2.4916,176.39,0.7205,2.4935,2,1,1,0,0,20,20,75,5,0,0,0,0.451
52000,0.7146,2.4915,176.39,0.7146,2.4935,2,1,1,0,0,20,20,75,5,0,0,0,0.445
52010,0.7086,2.4915,176.39,0.7086,2.4934,2,1,1,0,0,20,20,75,5,0,0,0,0.439
52020,0.7026,2.4915,176.40,0.7026,2.4934,2,1,1,0,0,20,20,75,5,0,0,0,0.433
52030,0.6966,2.4915,176.40,0.6966,2.4934,2,1,1,0,0,20,20,75,5,0,0,0,0.427
52040,0.6906,2.4915,176.40,0.6906,2.4934,2,1,1,0,0,20,20,75,5,0,0,0,0.421
52050,0.6847,2.4914,176.40,0.6847,2.4933,2,1,1,0,0,20,20,75,5,0,0,0,0.415
52060,0.6787,2.4914,176.40,0.6787,2.4933,2,1,1,0,0,20,20,75,5,0,0,0,0.409
52070,0.6727,2.4914,176.40,0.6727,2.4933,2,1,1,0,0,20,20,75,5,0,0,0,0.403
52080,0.6667,2.4914,176.40,0.6667,2.4933,2,1,1,0,0,20,20,75,5,0,0,0,0.397
52090,0.6607,2.4913,176.40,0.6607,2.4933,2,1,1,0,0,20,20,75,5,0,0,0,0.391
52100,0.6547,2.4913,176.40,0.6547,2.4932,2,1,1,0,0,20,20,75,5,0,0,0,0.385
52110,0.6488,2.4913,176.41,0.6488,2.4932,2,1,1,0,0,20,20,75,5,0,0,0,0.379
52120,0.6428,2.4913,176.41,0.6428,2.4932,2,1,1,0,0,20,20,75,5,0,0,0,0.373
52130,0.6368,2.4912,176.41,0.6368,2.4932,2,1,1,0,0,20,20,75,5,0,0,0,0.367
52140,0.6308,2.4912,176.41,0.6308,2.4931,2,1,1,0,0,20,20,75,5,0,0,0,0.361
52150,0.6248,2.4912,176.41,0.6248,2.4931,2,1,1,0,0,20,20,75,5,0,0,0,0.355
52160,0.6189,2.4912,176.41,0.6189,2.4931,2,1,1,0,0,20,20,75,5,0,0,0,0.349
52170,0.6129,2.4912,176.41,0.6129,2.4931,2,1,1,0,0,20,20,75,5,0,0,0,0.343
52180,0.6069,2.4911,176.41,0.6069,2.4930,2,1,1,0,0,20,20,75,5,0,0,0,0.337
52190,0.6009,2.4911,176.41,0.6009,2.4930,2,1,1,0,0,20,20,75,5,0,0,0,0.331
52200,0.5949,2.4911,176.42,0.5949,2.4930,2,1,1,0,0,20,20,75,5,0,0,0,0.325
52210,0.5889,2.4911,176.42,0.5889,2.4930,2,1,1,0,0,20,20,75,5,0,0,0,0.319
52220,0.5830,2.4910,176.42,0.5830,2.4930,2,1,1,0,0,20,20,75,5,0,0,0,0.313
52230,0.5770,2.4910,176.42,0.5770,2.4929,2,1,1,0,0,20,20,75,5,0,0,0,0.307
52240,0.5710,2.4910,176.42,0.5710,2.4929,2,1,1,0,0,20,20,75,5,0,0,0,0.301
52250,0.5650,2.4910,176.42,0.5650,2.4929,2,1,1,0,0,20,20,75,5,0,0,0,0.295
52260,0.5590,2.4909,176.42,0.5590,2.4929,2,1,1,0,0,20,20,75,5,0,0,0,0.289
52270,0.5530,2.4909,176.42,0.5530,2.4928,2,1,1,0,0,20,20,75,5,0,0,0,0.283
52280,0.5471,2.4909,176.42,0.5471,2.4928,2,1,1,0,0,20,20,75,5,0,0,0,0.277
52290,0.5411,2.4909,176.43,0.5411,2.4928,2,1,1,0,0,20,20,75,5,0,0,0,0.271
52300,0.5351,2.4908,176.43,0.5351,2.4928,2,1,1,0,0,20,20,75,5,0,0,0,0.265
52310,0.5291,2.4908,176.43,0.5291,2.4927,2,1,1,0,0,20,20,75,5,0,0,0,0.259
52320,0.5231,2.4908,176.43,0.5231,2.4927,2,1,1,0,0,20,20,75,5,0,0,0,0.253
52330,0.5172,2.4908,176.43,0.5172,2.4927,3,1,0,0,0,20,20,0,0,0,0,0,1000.000
52340,0.5114,2.4907,176.43,0.5114,2.4926,3,1,0,0,0,20,20,0,0,0,0,0,1000.000
52350,0.5058,2.4907,176.43,0.5058,2.4926,3,1,0,0,0,20,20,0,0,0,0,0,1000.000
52360,0.5004,2.4906,176.43,0.5004,2.4925,3,1,0,0,0,20,20,0,0,0,0,0,1000.000
52370,0.4952,2.4905,176.43,0.4952,2.4924,3,1,0,0,0,20,20,0,0,0,0,0,1000.000
52380,0.4902,2.4904,176.43,0.4902,2.4924,3,1,0,0,0,20,20,0,0,0,0,0,1000.000
52390,0.4854,2.4903,176.43,0.4854,2.4923,3,1,0,0,0,20,20,0,0,0,0,0,1000.000
52400,0.4808,2.4902,176.43,0.4808,2.4922,3,1,1,0,0,20,20,0,0,0,0,0,1000.000
52410,0.4764,2.4901,176.43,0.4764,2.4920,3,1,1,0,0,20,20,0,0,0,0,0,1000.000
52420,0.4722,2.4900,176.43,0.4722,2.4919,3,1,1,0,0,20,20,0,0,0,0,0,1000.000
52430,0.4682,2.4898,176.43,0.4682,2.4917,3,1,1,0,0,20,20,0,0,0,0,0,1000.000
52440,0.4644,2.4897,176.43,0.4644,2.4916,3,1,1,0,0,20,20,0,0,0,0,0,1000.000
52450,0.4608,2.4895,176.43,0.4608,2.4914,3,1,1,0,0,20,20,-9,53,0,1,0,1.043
52460,0.4574,2.4893,176.43,0.4574,2.4912,3,1,1,0,0,20,20,-9,53,0,1,0,1.043
52470,0.4542,2.4891,176.43,0.4542,2.4910,3,1,1,0,0,20,20,-9,53,0,1,0,1.043
52480,0.4512,2.4889,176.43,0.4512,2.4908,3,1,1,0,0,20,20,-9,53,0,1,0,1.042
52490,0.4484,2.4887,176.43,0.4484,2.4906,3,1,1,0,0,20,20,-9,53,0,1,0,1.042
52500,0.4458,2.4884,176.43,0.4458,2.4903,3,1,1,0,0,20,20,-9,53,0,1,0,1.042
52510,0.4434,2.4882,176.43,0.4434,2.4901,3,1,1,0,0,20,20,-9,53,0,1,0,1.042
52520,0.4412,2.4879,176.43,0.4412,2.4898,3,1,1,0,0,20,20,-9,53,0,1,0,1.041
52530,0.4392,2.4876,176.43,0.4392,2.4896,3,1,1,0,0,20,20,-9,53,0,1,0,1.041
52540,0.4374,2.4874,176.43,0.4374,2.4893,3,1,1,0,0,20,20,-9,53,0,1,0,1.041
52550,0.4358,2.4871,176.43,0.4358,2.4890,3,1,1,0,0,20,20,-9,53,0,1,0,1.040
52560,0.4344,2.4867,176.43,0.4344,2.4887,3,1,1,0,0,20,20,-9,53,0,1,0,1.040
52570,0.4332,2.4864,176.43,0.4332,2.4883,3,1,1,0,0,20,20,-9,53,0,1,0,1.040
52580,0.4322,2.4860,176.43,0.4322,2.4879,3,1,1,0,0,20,20,-9,53,0,1,0,1.039
52590,0.4312,2.4855,176.43,0.4312,2.4874,3,1,1,0,0,20,20,-9,53,0,1,0,1.039
52600,0.4302,2.4848,176.44,0.4302,2.4867,3,1,1,0,0,20,20,-9,53,0,1,0,1.038
52610,0.4293,2.4840,176.44,0.4293,2.4859,3,1,1,0,0,20,20,-9,53,0,1,0,1.037
52620,0.4284,2.4830,176.44,0.4284,2.4849,3,1,1,0,0,20,20,-9,53,0,1,0,1.036
52630,0.4275,2.4818,176.44,0.4275,2.4837,3,1,1,0,0,20,20,-9,53,0,1,0,1.035
52640,0.4266,2.4805,176.44,0.4266,2.4824,3,1,1,0,0,20,20,-9,53,0,1,0,1.034
52650,0.4258,2.4790,176.44,0.4258,2.4809,3,1,1,0,0,20,20,-9,53,0,1,0,1.032
52660,0.4251,2.4773,176.44,0.4251,2.4793,3,1,1,0,0,20,20,-9,53,0,1,0,1.031
52670,0.4243,2.4755,176.44,0.4243,2.4774,3,1,1,0,0,20,20,-9,53,0,1,0,1.029
52680,0.4236,2.4736,176.44,0.4236,2.4755,3,1,1,0,0,20,20,-9,53,0,1,0,1.027
52690,0.4229,2.4714,176.44,0.4229,2.4733,3,1,1,0,0,20,20,-9,53,0,1,0,1.025
52700,0.4223,2.4691,176.45,0.4223,2.4710,3,1,1,0,0,20,20,-9,53,0,1,0,1.023
52710,0.4216,2.4667,176.45,0.4216,2.4686,3,1,1,0,0,20,20,-9,53,0,1,0,1.020
52720,0.4211,2.4641,176.45,0.4211,2.4660,3,1,1,0,0,20,20,-9,53,0,1,0,1.017
52730,0.4205,2.4613,176.45,0.4205,2.4632,3,1,1,0,0,20,20,-9,53,0,1,0,1.015
52740,0.4200,2.4583,176.45,0.4200,2.4603,3,1,1,0,0,20,20,-9,53,0,1,0,1.012
52750,0.4195,2.4553,176.45,0.4195,2.4572,3,1,1,0,0,20,20,-9,53,0,1,0,1.009
52760,0.4190,2.4520,176.45,0.4190,2.4540,3,1,1,0,0,20,20,-9,53,0,1,0,1.005
52770,0.4187,2.4487,176.45,0.4187,2.4506,3,1,1,0,0,20,20,-9,53,0,1,0,1.002
52780,0.4184,2.4452,176.45,0.4184,2.4472,3,1,1,0,0,20,20,-9,53,0,1,0,0.999
52790,0.4183,2.4417,176.46,0.4183,2.4436,3,1,1,0,0,20,20,-9,53,0,1,0,0.995
52800,0.4182,2.4380,176.46,0.4182,2.4399,3,1,1,0,0,20,20,-9,53,0,1,0,0.991
52810,0.4182,2.4342,176.46,0.4182,2.4362,3,1,1,0,0,20,20,-9,53,0,1,0,0.988
52820,0.4184,2.4304,176.46,0.4184,2.4323,3,1,1,0,0,20,20,-9,53,0,1,0,0.984
52830,0.4186,2.4264,176.46,0.4186,2.4283,3,1,1,0,0,20,20,-9,53,0,1,0,0.980
52840,0.4189,2.4223,176.46,0.4189,2.4242,3,1,1,0,0,20,20,-9,53,0,1,0,0.976
52850,0.4192,2.4181,176.47,0.4192,2.4201,3,1,1,0,0,20,20,-9,53,0,1,0,0.972
52860,0.4197,2.4139,176.47,0.4197,2.4158,3,1,1,0,0,20,20,-9,53,0,1,0,0.967
52870,0.4201,2.4097,176.47,0.4201,2.4116,3,1,1,0,0,20,20,-9,53,0,1,0,0.963
52880,0.4206,2.4054,176.47,0.4206,2.4073,3,1,1,0,0,20,20,-9,53,0,1,0,0.959
52890,0.4210,2.4012,176.47,0.4210,2.4031,3,1,1,0,0,20,20,-9,53,0,1,0,0.955
52900,0.4215,2.3969,176.47,0.4215,2.3988,3,1,1,0,0,20,20,-9,53,0,1,0,0.950
52910,0.4219,2.3927,176.47,0.4219,2.3946,3,1,1,0,0,20,20,-9,53,0,1,0,0.946
52920,0.4224,2.3884,176.47,0.4224,2.3903,3,1,1,0,0,20,20,-9,53,0,1,0,0.942
52930,0.4229,2.3841,176.47,0.4229,2.3861,3,1,1,0,0,20,20,-9,53,0,1,0,0.938
52940,0.4233,2.3799,176.47,0.4233,2.3818,3,1,1,0,0,20,20,-9,53,0,1,0,0.933
52950,0.4238,2.3756,176.48,0.4238,2.3776,3,1,1,0,0,20,20,-9,53,0,1,0,0.929
52960,0.4242,2.3714,176.48,0.4242,2.3733,3,1,1,0,0,20,20,-9,53,0,1,0,0.925
52970,0.4247,2.3671,176.48,0.4247,2.3690,3,1,1,0,0,20,20,-9,53,0,1,0,0.921
52980,0.4251,2.3629,176.48,0.4251,2.3648,3,1,1,0,0,20,20,-9,53,0,1,0,0.916
52990,0.4256,2.3586,176.48,0.4256,2.3605,3,1,1,0,0,20,20,-9,53,0,1,0,0.912
53000,0.4260,2.3544,176.49,0.4260,2.3563,3,1,1,0,0,20,20,-9,53,0,1,0,0.908
53010,0.4265,2.3501,176.49,0.4265,2.3520,3,1,1,0,0,20,20,-9,53,0,1,0,0.904
53020,0.4270,2.3459,176.49,0.4270,2.3478,3,1,1,0,0,20,20,-9,53,0,1,0,0.899
53030,0.4274,2.3416,176.49,0.4274,2.3435,3,1,1,0,0,20,20,-9,53,0,1,0,0.895
53040,0.4279,2.3374,176.49,0.4279,2.3393,3,1,1,0,0,20,20,-9,53,0,1,0,0.891
53050,0.4283,2.3331,176.49,0.4283,2.3350,3,1,1,0,0,20,20,-9,53,0,1,0,0.887
53060,0.4288,2.3288,176.49,0.4288,2.3308,3,1,1,0,0,20,20,-9,53,0,1,0,0.882
53070,0.4292,2.3246,176.49,0.4292,2.3265,3,1,1,0,0,20,20,-9,53,0,1,0,0.878
53080,0.4297,2.3203,176.49,0.4297,2.3223,3,1,1,0,0,20,20,-9,53,0,1,0,0.874
53090,0.4302,2.3161,176.50,0.4302,2.3180,3,1,1,0,0,20,20,-9,53,0,1,0,0.869
53100,0.4306,2.3118,176.50,0.4306,2.3137,3,1,1,0,0,20,20,-9,53,0,1,0,0.865
53110,0.4311,2.3076,176.50,0.4311,2.3095,3,1,1,0,0,20,20,-9,53,0,1,0,0.861
53120,0.4315,2.3033,176.50,0.4315,2.3052,3,1,1,0,0,20,20,-9,53,0,1,0,0.857
53130,0.4320,2.2991,176.50,0.4320,2.3010,3,1,1,0,0,20,20,-9,53,0,1,0,0.852
53140,0.4324,2.2948,176.50,0.4324,2.2967,3,1,1,0,0,20,20,-9,53,0,1,0,0.848
53150,0.4329,2.2906,176.50,0.4329,2.2925,3,1,1,0,0,20,20,-9,53,0,1,0,0.844
53160,0.4334,2.2863,176.50,0.4334,2.2882,3,1,1,0,0,20,20,-9,53,0,1,0,0.840
53170,0.4338,2.2820,176.50,0.4338,2.2840,3,1,1,0,0,20,20,-9,53,0,1,0,0.835
53180,0.4343,2.2778,176.51,0.4343,2.2797,3,1,1,0,0,20,20,-9,53,0,1,0,0.831
53190,0.4347,2.2735,176.51,0.4347,2.2755,3,1,1,0,0,20,20,-9,53,0,1,0,0.827
53200,0.4352,2.2693,176.51,0.4352,2.2712,3,1,1,0,0,20,20,-9,53,0,1,0,0.823
53210,0.4356,2.2650,176.51,0.4356,2.2669,3,1,1,0,0,20,20,-9,53,0,1,0,0.818
53220,0.4361,2.2608,176.51,0.4361,2.2627,3,1,1,0,0,20,20,-9,53,0,1,0,0.814
53230,0.4366,2.2565,176.51,0.4366,2.2584,3,1,1,0,0,20,20,-9,53,0,1,0,0.810
53240,0.4370,2.2523,176.51,0.4370,2.2542,3,1,1,0,0,20,20,-9,53,0,1,0,0.806
53250,0.4375,2.2480,176.51,0.4375,2.2499,3,1,1,0,0,20,20,-9,53,0,1,0,0.801
53260,0.4379,2.2438,176.51,0.4379,2.2457,3,1,1,0,0,20,20,-9,53,0,1,0,0.797
53270,0.4384,2.2395,176.52,0.4384,2.2414,3,1,1,0,0,20,20,-9,53,0,1,0,0.793
53280,0.4389,2.2353,176.52,0.4389,2.2372,3,1,1,0,0,20,20,-9,53,0,1,0,0.789
53290,0.4393,2.2310,176.52,0.4393,2.2329,3,1,1,0,0,20,20,-9,53,0,1,0,0.784
53300,0.4398,2.2267,176.52,0.4398,2.2287,3,1,1,0,0,20,20,-9,53,0,1,0,0.780
53310,0.4402,2.2225,176.52,0.4402,2.2244,3,1,1,0,0,20,20,-9,53,0,1,0,0.776
53320,0.4407,2.2182,176.52,0.4407,2.2202,3,1,1,0,0,20,20,-9,53,0,1,0,0.772
53330,0.4411,2.2140,176.52,0.4411,2.2159,3,1,1,0,0,20,20,-9,53,0,1,0,0.767
53340,0.4416,2.2097,176.52,0.4416,2.2116,3,1,1,0,0,20,20,-9,53,0,1,0,0.763
53350,0.4421,2.2055,176.52,0.4421,2.2074,3,1,1,0,0,20,20,-9,53,0,1,0,0.759
53360,0.4425,2.2012,176.53,0.4425,2.2031,3,1,1,0,0,20,20,-9,53,0,1,0,0.755
53370,0.4430,2.1970,176.53,0.4430,2.1989,3,1,1,0,0,20,20,-9,53,0,1,0,0.750
53380,0.4434,2.1927,176.53,0.4434,2.1946,3,1,1,0,0,20,20,-9,53,0,1,0,0.746
53390,0.4439,2.1885,176.53,0.4439,2.1904,3,1,1,0,0,20,20,-9,53,0,1,0,0.742
53400,0.4444,2.1842,176.53,0.4444,2.1861,3,1,1,0,0,20,20,-9,53,0,1,0,0.738
53410,0.4448,2.1800,176.53,0.4448,2.1819,3,1,1,0,0,20,20,-9,53,0,1,0,0.733
53420,0.4453,2.1757,176.53,0.4453,2.1776,3,1,1,0,0,20,20,-9,53,0,1,0,0.729
53430,0.4457,2.1715,176.53,0.4457,2.1734,3,1,1,0,0,20,20,-9,53,0,1,0,0.725
53440,0.4462,2.1672,176.53,0.4462,2.1691,3,1,1,0,0,20,20,-9,53,0,1,0,0.721
53450,0.4467,2.1629,176.54,0.4467,2.1649,3,1,1,0,0,20,20,-9,53,0,1,0,0.716
53460,0.4471,2.1587,176.54,0.4471,2.1606,3,1,1,0,0,20,20,-9,53,0,1,0,0.712
53470,0.4476,2.1544,176.54,0.4476,2.1564,3,1,1,0,0,20,20,-9,53,0,1,0,0.708
53480,0.4480,2.1502,176.54,0.4480,2.1521,3,1,1,0,0,20,20,-9,53,0,1,0,0.704
53490,0.4485,2.1459,176.54,0.4485,2.1478,3,1,1,0,0,20,20,-9,53,0,1,0,0.699
53500,0.4490,2.1417,176.54,0.4490,2.1436,3,1,1,0,0,20,20,-9,53,0,1,0,0.695
53510,0.4494,2.1374,176.54,0.4494,2.1393,3,1,1,0,0,20,20,-9,53,0,1,0,0.691
53520,0.4499,2.1332,176.54,0.4499,2.1351,3,1,1,0,0,20,20,-9,53,0,1,0,0.687
53530,0.4503,2.1289,176.54,0.4503,2.1308,3,1,1,0,0,20,20,-9,53,0,1,0,0.682
53540,0.4508,2.1247,176.55,0.4508,2.1266,3,1,1,0,0,20,20,-9,53,0,1,0,0.678
53550,0.4513,2.1204,176.55,0.4513,2.1223,3,1,1,0,0,20,20,-9,53,0,1,0,0.674
53560,0.4517,2.1162,176.55,0.4517,2.1181,3,1,1,0,0,20,20,-9,53,0,1,0,0.670
53570,0.4522,2.1119,176.55,0.4522,2.1138,3,1,1,0,0,20,20,-9,53,0,1,0,0.665
53580,0.4527,2.1076,176.55,0.4527,2.1096,3,1,1,0,0,20,20,-9,53,0,1,0,0.661
53590,0.4531,2.1034,176.56,0.4531,2.1053,3,1,1,0,0,20,20,-9,53,0,1,0,0.657
53600,0.4536,2.0991,176.56,0.4536,2.1011,3,1,1,0,0,20,20,-9,53,0,1,0,0.653
53610,0.4540,2.0949,176.56,0.4540,2.0968,3,1,1,0,0,20,20,-9,53,0,1,0,0.648
53620,0.4545,2.0906,176.56,0.4545,2.0925,3,1,1,0,0,20,20,-9,53,0,1,0,0.644
53630,0.4550,2.0864,176.56,0.4550,2.0883,3,1,1,0,0,20,20,-9,53,0,1,0,0.640
53640,0.4554,2.0821,176.56,0.4554,2.0840,3,1,1,0,0,20,20,-9,53,0,1,0,0.636
53650,0.4559,2.0779,176.56,0.4559,2.0798,3,1,1,0,0,20,20,-5,53,0,1,0,0.631
53660,0.4562,2.0736,176.56,0.4562,2.0755,3,1,1,0,0,20,20,-5,53,0,1,0,0.627
53670,0.4564,2.0694,176.56,0.4564,2.0713,3,1,1,0,0,20,20,-5,53,0,1,0,0.623
53680,0.4565,2.0652,176.57,0.4565,2.0671,3,1,1,0,0,20,20,-4,53,0,1,0,0.619
53690,0.4566,2.0609,176.57,0.4566,2.0628,3,1,1,0,0,20,20,-4,53,0,1,0,0.614
53700,0.4567,2.0567,176.57,0.4567,2.0586,3,1,1,0,0,20,20,-4,53,0,1,0,0.610
53710,0.4567,2.0525,176.57,0.4567,2.0544,3,1,1,0,0,20,20,-4,53,0,1,0,0.606
53720,0.4568,2.0482,176.57,0.4568,2.0502,3,1,1,0,0,20,20,-4,53,0,1,0,0.602
53730,0.4568,2.0440,176.57,0.4568,2.0459,3,1,1,0,0,20,20,-4,53,0,1,0,0.597
53740,0.4569,2.0398,176.57,0.4569,2.0417,3,1,1,0,0,20,20,-4,53,0,1,0,0.593
53750,0.4570,2.0355,176.57,0.4570,2.0375,3,1,1,0,0,20,20,-4,53,0,1,0,0.589
53760,0.4570,2.0313,176.57,0.4570,2.0332,3,1,1,0,0,20,20,-4,53,0,1,0,0.585
53770,0.4571,2.0271,176.58,0.4571,2.0290,3,1,1,0,0,20,20,-4,53,0,1,0,0.581
53780,0.4572,2.0229,176.58,0.4572,2.0248,3,1,1,0,0,20,20,-4,53,0,1,0,0.576
53790,0.4572,2.0186,176.58,0.4572,2.0205,3,1,1,0,0,20,20,-4,53,0,1,0,0.572
53800,0.4573,2.0144,176.58,0.4573,2.0163,3,1,1,0,0,20,20,-4,53,0,1,0,0.568
53810,0.4574,2.0102,176.58,0.4574,2.0121,3,1,1,0,0,20,20,-4,53,0,1,0,0.564
53820,0.4574,2.0059,176.58,0.4574,2.0079,3,1,1,0,0,20,20,-4,53,0,1,0,0.559
53830,0.4575,2.0017,176.58,0.4575,2.0036,3,1,1,0,0,20,20,-4,53,0,1,0,0.555
53840,0.4576,1.9975,176.58,0.4576,1.9994,3,1,1,0,0,20,20,-4,53,0,1,0,0.551
53850,0.4576,1.9933,176.58,0.4576,1.9952,3,1,1,0,0,20,20,-4,53,0,1,0,0.547
53860,0.4577,1.9890,176.59,0.4577,1.9909,3,1,1,0,0,20,20,-4,53,0,1,0,0.542
53870,0.4578,1.9848,176.59,0.4578,1.9867,3,1,1,0,0,20,20,-4,53,0,1,0,0.538
53880,0.4578,1.9806,176.59,0.4578,1.9825,3,1,1,0,0,20,20,-4,53,0,1,0,0.534
53890,0.4579,1.9763,176.59,0.4579,1.9782,3,1,1,0,0,20,20,-4,53,0,1,0,0.530
53900,0.4580,1.9721,176.59,0.4580,1.9740,3,1,1,0,0,20,20,-4,53,0,1,0,0.526
53910,0.4580,1.9679,176.60,0.4580,1.9698,3,1,1,0,0,20,20,-4,53,0,1,0,0.521
53920,0.4581,1.9636,176.60,0.4581,1.9656,3,1,1,0,0,20,20,-4,53,0,1,0,0.517
53930,0.4582,1.9594,176.60,0.4582,1.9613,3,1,1,0,0,20,20,-4,53,0,1,0,0.513
53940,0.4582,1.9552,176.60,0.4582,1.9571,3,1,1,0,0,20,20,-4,53,0,1,0,0.509
53950,0.4583,1.9510,176.60,0.4583,1.9529,3,1,1,0,0,20,20,-4,53,0,1,0,0.504
53960,0.4584,1.9467,176.60,0.4584,1.9486,3,1,1,0,0,20,20,-4,53,0,1,0,0.500
53970,0.4584,1.9425,176.60,0.4584,1.9444,3,1,1,0,0,20,20,-4,53,0,1,0,0.496
53980,0.4585,1.9383,176.60,0.4585,1.9402,3,1,1,0,0,20,20,-4,53,0,1,0,0.492
53990,0.4586,1.9340,176.60,0.4586,1.9360,3,1,1,0,0,20,20,-4,53,0,1,0,0.487
54000,0.4586,1.9298,176.61,0.4586,1.9317,3,1,1,0,0,20,20,-4,53,0,1,0,0.483
54010,0.4587,1.9256,176.61,0.4587,1.9275,3,1,1,0,0,20,20,-4,53,0,1,0,0.479
54020,0.4588,1.9214,176.61,0.4588,1.9233,3,1,1,0,0,20,20,-4,53,0,1,0,0.475
54030,0.4589,1.9171,176.61,0.4589,1.9190,3,1,1,0,0,20,20,-4,53,0,1,0,0.471
54040,0.4589,1.9129,176.61,0.4589,1.9148,3,1,1,0,0,20,20,-4,53,0,1,0,0.466
54050,0.4590,1.9087,176.61,0.4590,1.9106,3,1,1,0,0,20,20,-4,53,0,1,0,0.462
54060,0.4591,1.9044,176.61,0.4591,1.9063,3,1,1,0,0,20,20,-4,53,0,1,0,0.458
54070,0.4591,1.9002,176.61,0.4591,1.9021,3,1,1,0,0,20,20,-4,53,0,1,0,0.454
54080,0.4592,1.8960,176.61,0.4592,1.8979,3,1,1,0,0,20,20,-4,53,0,1,0,0.449
54090,0.4593,1.8917,176.62,0.4593,1.8937,3,1,1,0,0,20,20,-4,53,0,1,0,0.445
54100,0.4593,1.8875,176.62,0.4593,1.8894,3,1,1,0,0,20,20,-4,53,0,1,0,0.441
54110,0.4594,1.8833,176.62,0.4594,1.8852,3,1,1,0,0,20,20,-4,53,0,1,0,0.437
54120,0.4595,1.8791,176.62,0.4595,1.8810,3,1,1,0,0,20,20,-4,53,0,1,0,0.432
54130,0.4595,1.8748,176.62,0.4595,1.8767,3,1,1,0,0,20,20,-4,53,0,1,0,0.428
54140,0.4596,1.8706,176.62,0.4596,1.8725,3,1,1,0,0,20,20,-4,53,0,1,0,0.424
54150,0.4597,1.8664,176.62,0.4597,1.8683,3,1,1,0,0,20,20,-4,53,0,1,0,0.420
54160,0.4597,1.8621,176.62,0.4597,1.8641,3,1,1,0,0,20,20,-4,53,0,1,0,0.416
54170,0.4598,1.8579,176.62,0.4598,1.8598,3,1,1,0,0,20,20,-4,53,0,1,0,0.411
54180,0.4599,1.8537,176.63,0.4599,1.8556,3,1,1,0,0,20,20,-4,53,0,1,0,0.407
54190,0.4600,1.8494,176.63,0.4600,1.8514,3,1,1,0,0,20,20,-4,53,0,1,0,0.403
54200,0.4600,1.8452,176.63,0.4600,1.8471,3,1,1,0,0,20,20,-4,53,0,1,0,0.399
54210,0.4601,1.8410,176.63,0.4601,1.8429,3,1,1,0,0,20,20,-4,53,0,1,0,0.394
54220,0.4602,1.8368,176.63,0.4602,1.8387,3,1,1,0,0,20,20,-4,53,0,1,0,0.390
54230,0.4602,1.8325,176.63,0.4602,1.8344,3,1,1,0,0,20,20,-4,53,0,1,0,0.386
54240,0.4603,1.8283,176.63,0.4603,1.8302,3,1,1,0,0,20,20,-4,53,0,1,0,0.382
54250,0.4604,1.8241,176.63,0.4604,1.8260,3,1,1,0,0,20,20,-4,53,0,1,0,0.377
54260,0.4604,1.8198,176.64,0.4604,1.8218,3,1,1,0,0,20,20,-4,53,0,1,0,0.373
54270,0.4605,1.8156,176.64,0.4605,1.8175,3,1,1,0,0,20,20,-4,53,0,1,0,0.369
54280,0.4606,1.8114,176.64,0.4606,1.8133,3,1,1,0,0,20,20,-4,53,0,1,0,0.365
54290,0.4607,1.8072,176.64,0.4607,1.8091,3,1,1,0,0,20,20,-4,53,0,1,0,0.361
54300,0.4607,1.8029,176.64,0.4607,1.8048,3,1,1,0,0,20,20,-4,53,0,1,0,0.356
54310,0.4608,1.7987,176.64,0.4608,1.8006,3,1,1,0,0,20,20,-4,53,0,1,0,0.352
54320,0.4609,1.7945,176.64,0.4609,1.7964,3,1,1,0,0,20,20,-4,53,0,1,0,0.348
54330,0.4609,1.7902,176.64,0.4609,1.7921,3,1,1,0,0,20,20,-4,53,0,1,0,0.344
54340,0.4610,1.7860,176.64,0.4610,1.7879,3,1,1,0,0,20,20,-4,53,0,1,0,0.339
54350,0.4611,1.7818,176.65,0.4611,1.7837,3,1,1,0,0,20,20,-4,53,0,1,0,0.335
54360,0.4612,1.7775,176.65,0.4612,1.7795,3,1,1,0,0,20,20,-4,53,0,1,0,0.331
54370,0.4612,1.7733,176.65,0.4612,1.7752,3,1,1,0,0,20,20,-4,53,0,1,0,0.327
54380,0.4613,1.7691,176.65,0.4613,1.7710,3,1,1,0,0,20,20,-4,53,0,1,0,0.323
54390,0.4614,1.7649,176.65,0.4614,1.7668,3,1,1,0,0,20,20,-4,53,0,1,0,0.318
54400,0.4614,1.7606,176.66,0.4614,1.7625,3,1,1,0,0,20,20,-4,53,0,1,0,0.314
54410,0.4615,1.7564,176.66,0.4615,1.7583,3,1,1,0,0,20,20,-4,53,0,1,0,0.310
54420,0.4616,1.7522,176.66,0.4616,1.7541,3,1,1,0,0,20,20,-4,53,0,1,0,0.306
54430,0.4617,1.7479,176.66,0.4617,1.7499,3,1,1,0,0,20,20,-4,53,0,1,0,0.301
54440,0.4617,1.7437,176.66,0.4617,1.7456,3,1,1,0,0,20,20,-4,53,0,1,0,0.297
54450,0.4618,1.7395,176.66,0.4618,1.7414,3,1,1,0,0,20,20,-4,53,0,1,0,0.293
54460,0.4619,1.7353,176.66,0.4619,1.7372,3,1,1,0,0,20,20,-4,53,0,1,0,0.289
54470,0.4619,1.7310,176.66,0.4619,1.7329,3,1,1,0,0,20,20,-4,53,0,1,0,0.284
54480,0.4620,1.7268,176.66,0.4620,1.7287,3,1,1,0,0,20,20,-4,53,0,1,0,0.280
54490,0.4621,1.7226,176.67,0.4621,1.7245,3,1,1,0,0,20,20,-4,53,0,1,0,0.276
54500,0.4622,1.7183,176.67,0.4622,1.7202,3,1,1,0,0,20,20,-4,53,0,1,0,0.272
54510,0.4622,1.7141,176.67,0.4622,1.7160,3,1,1,0,0,20,20,-4,53,0,1,0,0.268
54520,0.4623,1.7099,176.67,0.4623,1.7118,3,1,1,0,0,20,20,-4,53,0,1,0,0.263
54530,0.4624,1.7056,176.67,0.4624,1.7076,3,1,1,0,0,20,20,-4,53,0,1,0,0.259
54540,0.4624,1.7014,176.67,0.4624,1.7033,3,1,1,0,0,20,20,-4,53,0,1,0,0.255
54550,0.4625,1.6972,176.67,0.4625,1.6991,3,1,1,0,0,20,20,-4,53,0,1,0,0.251
54560,0.4626,1.6930,176.67,0.4626,1.6949,3,1,1,0,0,20,20,-4,53,0,1,0,0.246
54570,0.4627,1.6887,176.67,0.4627,1.6906,3,1,1,0,0,20,20,-4,53,0,1,0,0.242
54580,0.4627,1.6845,176.68,0.4627,1.6864,3,1,1,0,0,20,20,-4,53,0,1,0,0.238
54590,0.4628,1.6803,176.68,0.4628,1.6822,3,1,1,0,0,20,20,-4,53,0,1,0,0.234
54600,0.4629,1.6760,176.68,0.4629,1.6780,3,1,1,0,0,20,20,-4,53,0,1,0,0.229
54610,0.4630,1.6718,176.68,0.4630,1.6737,3,1,1,0,0,20,20,-4,53,0,1,0,0.225
54620,0.4630,1.6676,176.68,0.4630,1.6695,3,1,1,0,0,20,20,-4,53,0,1,0,0.221
54630,0.4631,1.6633,176.68,0.4631,1.6653,3,1,1,0,0,20,20,-4,53,0,1,0,0.217
54640,0.4632,1.6591,176.68,0.4632,1.6610,3,1,1,0,0,20,20,-4,53,0,1,0,0.213
54650,0.4633,1.6549,176.68,0.4633,1.6568,3,1,1,0,0,20,20,-4,53,0,1,0,0.208
54660,0.4633,1.6507,176.68,0.4633,1.6526,3,1,1,0,0,20,20,-4,53,0,1,0,0.204
54670,0.4634,1.6464,176.69,0.4634,1.6483,3,1,1,0,0,20,20,-4,53,0,1,0,0.200
54680,0.4635,1.6422,176.69,0.4635,1.6441,3,1,1,0,0,20,20,-4,53,0,1,0,0.196
54690,0.4636,1.6380,176.69,0.4636,1.6399,3,1,1,0,0,20,20,-4,53,0,1,0,0.191
54700,0.4636,1.6337,176.69,0.4636,1.6357,3,1,1,0,0,20,20,-4,53,0,1,0,0.187
54710,0.4637,1.6295,176.69,0.4637,1.6314,3,1,1,0,0,20,20,-4,53,0,1,0,0.183
54720,0.4638,1.6253,176.69,0.4638,1.6272,3,1,1,0,0,20,20,-4,53,0,1,0,0.179
54730,0.4638,1.6211,176.69,0.4638,1.6230,3,1,1,0,0,20,20,-4,53,0,1,0,0.174
54740,0.4639,1.6168,176.69,0.4639,1.6187,3,1,1,0,0,20,20,-4,53,0,1,0,0.170
54750,0.4640,1.6126,176.69,0.4640,1.6145,3,1,1,0,0,20,20,-4,53,0,1,0,0.166
54760,0.4641,1.6084,176.70,0.4641,1.6103,3,1,1,0,0,20,20,-4,53,0,1,0,0.162
54770,0.4641,1.6041,176.70,0.4641,1.6061,3,1,1,0,0,20,20,-3,53,1,1,0,0.158
54780,0.4641,1.5999,176.70,0.4641,1.6018,3,1,1,0,0,20,20,-3,53,1,1,0,0.153
54790,0.4641,1.5957,176.70,0.4641,1.5976,4,1,0,0,0,20,20,0,0,0,0,0,1000.000
54800,0.4641,1.5917,176.70,0.4641,1.5936,4,1,0,0,0,20,20,0,0,0,0,0,1000.000
54810,0.4641,1.5879,176.70,0.4641,1.5898,4,1,0,0,0,20,20,0,0,0,0,0,1000.000
54820,0.4642,1.5843,176.70,0.4642,1.5862,4,1,0,0,0,20,20,0,0,0,0,0,1000.000
54830,0.4642,1.5809,176.70,0.4642,1.5828,4,1,0,0,0,20,20,0,0,0,0,0,1000.000
54840,0.4643,1.5776,176.70,0.4643,1.5796,4,1,0,0,0,20,20,0,0,0,0,0,1000.000
54850,0.4643,1.5746,176.70,0.4643,1.5765,4,1,1,0,0,20,20,0,0,0,0,0,1000.000
54860,0.4644,1.5718,176.70,0.4644,1.5737,4,1,1,0,0,20,20,0,0,0,0,0,1000.000
54870,0.4645,1.5692,176.70,0.4645,1.5711,4,1,1,0,0,20,20,0,0,0,0,0,1000.000
54880,0.4646,1.5668,176.70,0.4646,1.5687,4,1,1,0,0,20,20,0,0,0,0,0,1000.000
54890,0.4647,1.5646,176.70,0.4647,1.5665,4,1,1,0,0,20,20,0,0,0,0,0,1000.000
54900,0.4648,1.5625,176.70,0.4648,1.5644,4,1,1,0,0,20,20,-150,-9,0,0,0,2.265
54910,0.4650,1.5607,176.70,0.4650,1.5626,4,1,1,0,0,20,20,-150,-9,0,0,0,2.265
54920,0.4651,1.5591,176.70,0.4651,1.5610,4,1,1,0,0,20,20,-150,-9,0,0,0,2.265
54930,0.4653,1.5577,176.70,0.4653,1.5596,4,1,1,0,0,20,20,-150,-9,0,0,0,2.265
54940,0.4654,1.5564,176.70,0.4654,1.5584,4,1,1,0,0,20,20,-150,-9,0,0,0,2.265
54950,0.4658,1.5553,176.70,0.4658,1.5572,4,1,1,0,0,20,20,-150,-9,0,0,0,2.264
54960,0.4663,1.5541,176.70,0.4663,1.5560,4,1,1,0,0,20,20,-150,-9,0,0,0,2.264
54970,0.4670,1.5529,176.71,0.4670,1.5548,4,1,1,0,0,20,20,-150,-9,0,0,0,2.263
54980,0.4679,1.5517,176.71,0.4679,1.5536,4,1,1,0,0,20,20,-150,-9,0,0,0,2.262
54990,0.4690,1.5505,176.71,0.4690,1.5524,4,1,1,0,0,20,20,-150,-9,0,0,0,2.261
55000,0.4704,1.5492,176.71,0.4704,1.5511,4,1,1,0,0,20,20,-150,-9,0,0,0,2.260
55010,0.4719,1.5480,176.72,0.4719,1.5499,4,1,1,0,0,20,20,-150,-9,0,0,0,2.258
55020,0.4736,1.5467,176.72,0.4736,1.5486,4,1,1,0,0,20,20,-150,-9,0,0,0,2.256
55030,0.4755,1.5454,176.72,0.4755,1.5474,4,1,1,0,0,20,20,-150,-9,0,0,0,2.254
55040,0.4776,1.5442,176.72,0.4776,1.5461,4,1,1,0,0,20,20,-150,-9,0,0,0,2.252
55050,0.4799,1.5429,176.73,0.4799,1.5448,4,1,1,0,0,19,20,-150,-9,0,0,0,2.250
55060,0.4825,1.5416,176.73,0.4825,1.5435,4,1,1,0,0,19,20,-150,-9,0,0,0,2.248
55070,0.4852,1.5403,176.73,0.4852,1.5422,4,1,1,0,0,19,20,-150,-9,0,0,0,2.245
55080,0.4881,1.5389,176.73,0.4881,1.5409,4,1,1,0,0,19,20,-150,-9,0,0,0,2.242
55090,0.4912,1.5376,176.73,0.4912,1.5395,4,1,1,0,0,19,20,-150,-9,0,0,0,2.239
55100,0.4945,1.5363,176.74,0.4945,1.5382,4,1,1,0,0,19,20,-150,-9,0,0,0,2.235
55110,0.4980,1.5349,176.74,0.4980,1.5368,4,1,1,0,0,19,20,-150,-9,0,0,0,2.232
55120,0.5018,1.5335,176.74,0.5018,1.5354,4,1,1,0,0,19,20,-150,-9,0,0,0,2.228
55130,0.5057,1.5321,176.74,0.5057,1.5341,4,1,1,0,0,19,20,-150,-9,0,0,0,2.224
55140,0.5098,1.5308,176.75,0.5098,1.5327,4,1,1,0,0,19,20,-150,-9,0,0,0,2.220
55150,0.5141,1.5294,176.75,0.5141,1.5313,4,1,1,0,0,18,20,-150,-9,0,0,0,2.216
55160,0.5186,1.5279,176.75,0.5186,1.5299,4,1,1,0,0,18,20,-150,-9,0,0,0,2.211
55170,0.5233,1.5265,176.75,0.5233,1.5284,4,1,1,0,0,18,20,-150,-9,0,0,0,2.207
55180,0.5282,1.5251,176.76,0.5282,1.5270,4,1,1,0,0,18,20,-150,-9,0,0,0,2.202
55190,0.5334,1.5236,176.76,0.5334,1.5255,4,1,1,0,0,18,20,-150,-8,0,0,0,2.197
55200,0.5387,1.5222,176.76,0.5387,1.5241,4,1,1,0,0,17,20,-150,-8,0,0,0,2.191
55210,0.5442,1.5207,176.76,0.5442,1.5226,4,1,1,0,0,17,20,-150,-8,0,0,0,2.186
55220,0.5499,1.5192,176.77,0.5499,1.5211,4,1,1,0,0,17,20,-150,-8,0,0,0,2.180
55230,0.5558,1.5177,176.77,0.5558,1.5196,4,1,1,0,0,17,20,-150,-8,0,0,0,2.174
55240,0.5619,1.5162,176.77,0.5619,1.5181,4,1,1,0,0,17,20,-150,-8,0,0,0,2.168
55250,0.5682,1.5147,176.77,0.5682,1.5166,4,1,1,0,0,17,20,-150,-8,0,0,0,2.162
55260,0.5747,1.5132,176.78,0.5747,1.5151,4,1,1,0,0,17,20,-150,-8,0,0,0,2.155
55270,0.5814,1.5117,176.78,0.5814,1.5136,4,1,1,0,0,17,20,-150,-8,0,0,0,2.149
55280,0.5884,1.5101,176.78,0.5884,1.5120,4,1,1,0,0,17,20,-150,-8,0,0,0,2.142
55290,0.5955,1.5085,176.78,0.5955,1.5105,4,1,1,0,0,17,20,-150,-8,0,0,0,2.135
55300,0.6028,1.5070,176.79,0.6028,1.5089,4,1,1,0,0,16,20,-150,-8,0,0,0,2.127
55310,0.6103,1.5054,176.79,0.6103,1.5073,4,1,1,0,0,16,20,-150,-8,0,0,0,2.120
55320,0.6180,1.5038,176.79,0.6180,1.5057,4,1,1,0,0,16,20,-150,-8,0,0,0,2.112
55330,0.6259,1.5022,176.79,0.6259,1.5041,4,1,1,0,0,16,20,-150,-8,0,0,0,2.104
55340,0.6340,1.5006,176.79,0.6340,1.5025,4,1,1,0,0,16,20,-150,-8,0,0,0,2.096
55350,0.6423,1.4990,176.80,0.6423,1.5009,4,1,1,0,0,15,20,-150,-8,0,0,0,2.088
55360,0.6508,1.4973,176.80,0.6508,1.4993,4,1,1,0,0,15,20,-150,-8,0,0,0,2.079
55370,0.6595,1.4957,176.80,0.6595,1.4976,4,1,1,0,0,15,20,-150,-8,0,0,0,2.070
55380,0.6685,1.4940,176.80,0.6685,1.4960,4,1,1,0,0,15,20,-150,-8,0,0,0,2.062
55390,0.6776,1.4924,176.81,0.6776,1.4943,4,1,1,0,0,15,20,-150,-8,0,0,0,2.052
55400,0.6869,1.4907,176.81,0.6869,1.4926,4,1,1,0,0,14,20,-150,-8,0,0,0,2.043
55410,0.6964,1.4890,176.81,0.6964,1.4909,4,1,1,0,0,14,20,-150,-8,0,0,0,2.034
55420,0.7061,1.4873,176.81,0.7061,1.4892,4,1,1,0,0,14,20,-150,-8,0,0,0,2.024
55430,0.7160,1.4856,176.82,0.7160,1.4875,4,1,1,0,0,14,20,-150,-8,0,0,0,2.014
55440,0.7261,1.4839,176.82,0.7261,1.4858,4,1,1,0,0,14,20,-150,-8,0,0,0,2.004
55450,0.7363,1.4823,176.82,0.7363,1.4842,4,1,1,0,0,13,20,-150,-8,0,0,0,1.994
55460,0.7466,1.4808,176.82,0.7466,1.4827,4,1,1,0,0,13,20,-150,-8,0,0,0,1.983
55470,0.7570,1.4794,176.82,0.7570,1.4813,4,1,1,0,0,13,20,-150,-8,0,0,0,1.973
55480,0.7675,1.4781,176.82,0.7675,1.4800,4,1,1,0,0,13,20,-150,-8,0,0,0,1.963
55490,0.7781,1.4768,176.82,0.7781,1.4788,4,1,1,0,0,13,20,-150,-8,0,0,0,1.952
55500,0.7888,1.4757,176.82,0.7888,1.4776,4,1,1,0,0,13,20,-150,-8,0,0,0,1.941
55510,0.7996,1.4747,176.82,0.7996,1.4766,4,1,1,0,0,13,20,-150,-8,0,0,0,1.930
55520,0.8106,1.4737,176.82,0.8106,1.4756,4,1,1,0,0,13,20,-150,-8,0,0,0,1.919
55530,0.8216,1.4729,176.82,0.8216,1.4748,4,1,1,0,0,13,20,-150,-8,0,0,0,1.908
55540,0.8327,1.4721,176.83,0.8327,1.4740,4,1,1,0,0,13,20,-150,-8,0,0,0,1.897
55550,0.8440,1.4715,176.83,0.8440,1.4734,4,1,1,0,0,12,20,-150,-8,0,0,0,1.886
55560,0.8553,1.4709,176.83,0.8553,1.4728,4,1,1,0,0,12,20,-150,-8,0,0,0,1.875
55570,0.8668,1.4704,176.83,0.8668,1.4723,4,1,1,0,0,12,20,-150,-8,0,0,0,1.863
55580,0.8784,1.4701,176.83,0.8784,1.4720,4,1,1,0,0,12,20,-150,-8,0,0,0,1.852
55590,0.8900,1.4698,176.83,0.8900,1.4717,4,1,1,0,0,12,20,-150,-8,0,0,0,1.840
55600,0.9018,1.4696,176.83,0.9018,1.4715,4,1,1,0,0,12,20,-150,-8,0,0,0,1.828
55610,0.9136,1.4694,176.84,0.9136,1.4713,4,1,1,0,0,12,20,-150,-8,0,0,0,1.816
55620,0.9255,1.4694,176.84,0.9255,1.4713,4,1,1,0,0,12,20,-150,-8,0,0,0,1.804
55630,0.9375,1.4693,176.84,0.9375,1.4712,4,1,1,0,0,12,20,-150,-8,0,0,0,1.793
55640,0.9494,1.4693,176.84,0.9494,1.4712,4,1,1,0,0,12,20,-150,-8,0,0,0,1.781
55650,0.9614,1.4693,176.84,0.9614,1.4712,4,1,1,0,0,12,20,-150,-8,0,0,0,1.769
55660,0.9733,1.4693,176.84,0.9733,1.4712,4,1,1,0,0,12,20,-150,-8,0,0,0,1.757
55670,0.9853,1.4692,176.85,0.9853,1.4712,4,1,1,0,0,12,20,-150,-8,0,0,0,1.745
55680,0.9972,1.4692,176.85,0.9972,1.4711,4,1,1,0,0,12,20,-150,-8,0,0,0,1.733
55690,1.0092,1.4692,176.85,1.0092,1.4711,4,1,1,0,0,12,20,-150,-8,0,0,0,1.721
55700,1.0211,1.4692,176.85,1.0211,1.4711,4,1,1,0,0,12,20,-150,-8,0,0,0,1.709
55710,1.0331,1.4692,176.85,1.0331,1.4711,4,1,1,0,0,12,20,-150,-8,0,0,0,1.697
55720,1.0451,1.4691,176.85,1.0451,1.4711,4,1,1,0,0,12,20,-150,-8,0,0,0,1.685
55730,1.0570,1.4691,176.85,1.0570,1.4710,4,1,1,0,0,12,20,-150,-8,0,0,0,1.673
55740,1.0690,1.4691,176.85,1.0690,1.4710,4,1,1,0,0,12,20,-150,-8,0,0,0,1.661
55750,1.0809,1.4691,176.85,1.0809,1.4710,4,1,1,0,0,12,20,-150,-8,0,0,0,1.649
55760,1.0929,1.4691,176.86,1.0929,1.4710,4,1,1,0,0,12,20,-150,-8,0,0,0,1.637
55770,1.1048,1.4691,176.86,1.1048,1.4710,4,1,1,0,0,12,20,-150,-8,0,0,0,1.625
55780,1.1168,1.4690,176.86,1.1168,1.4709,4,1,1,0,0,12,20,-150,-8,0,0,0,1.613
55790,1.1287,1.4690,176.86,1.1287,1.4709,4,1,1,0,0,12,20,-150,-8,0,0,0,1.601
55800,1.1407,1.4690,176.86,1.1407,1.4709,4,1,1,0,0,12,20,-150,-8,0,0,0,1.589
55810,1.1527,1.4690,176.87,1.1527,1.4709,4,1,1,0,0,12,20,-150,-8,0,0,0,1.577
55820,1.1646,1.4690,176.87,1.1646,1.4709,4,1,1,0,0,12,20,-150,-8,0,0,0,1.565
55830,1.1766,1.4689,176.87,1.1766,1.4709,4,1,1,0,0,12,20,-150,-8,0,0,0,1.553
55840,1.1885,1.4689,176.87,1.1885,1.4708,4,1,1,0,0,12,20,-150,-8,0,0,0,1.541
55850,1.2005,1.4689,176.87,1.2005,1.4708,4,1,1,0,0,12,20,-150,-8,0,0,0,1.530
55860,1.2124,1.4689,176.87,1.2124,1.4708,4,1,1,0,0,12,20,-150,-8,0,0,0,1.518
55870,1.2244,1.4689,176.87,1.2244,1.4708,4,1,1,0,0,12,20,-150,-8,0,0,0,1.506
55880,1.2363,1.4689,176.87,1.2363,1.4708,4,1,1,0,0,12,20,-150,-8,0,0,0,1.494
55890,1.2483,1.4688,176.87,1.2483,1.4708,4,1,1,0,0,12,20,-150,-8,0,0,0,1.482
55900,1.2602,1.4688,176.88,1.2602,1.4707,4,1,1,0,0,12,20,-150,-8,0,0,0,1.470
55910,1.2722,1.4688,176.88,1.2722,1.4707,4,1,1,0,0,12,20,-150,-8,0,0,0,1.458
55920,1.2842,1.4688,176.88,1.2842,1.4707,4,1,1,0,0,12,20,-150,-8,0,0,0,1.446
55930,1.2961,1.4688,176.88,1.2961,1.4707,4,1,1,0,0,12,20,-150,-8,0,0,0,1.434
55940,1.3081,1.4688,176.88,1.3081,1.4707,4,1,1,0,0,12,20,-150,-8,0,0,0,1.422
55950,1.3200,1.4688,176.88,1.3200,1.4707,4,1,1,0,0,12,20,-150,-8,0,0,0,1.410
55960,1.3320,1.4687,176.88,1.3320,1.4707,4,1,1,0,0,12,20,-150,-8,0,0,0,1.398
55970,1.3439,1.4687,176.88,1.3439,1.4706,4,1,1,0,0,12,20,-150,-8,0,0,0,1.386
55980,1.3559,1.4687,176.88,1.3559,1.4706,4,1,1,0,0,12,20,-150,-8,0,0,0,1.374
55990,1.3678,1.4687,176.89,1.3678,1.4706,4,1,1,0,0,12,20,-150,-8,0,0,0,1.362
56000,1.3798,1.4687,176.89,1.3798,1.4706,4,1,1,0,0,12,20,-150,-8,0,0,0,1.350
56010,1.3918,1.4687,176.89,1.3918,1.4706,4,1,1,0,0,12,20,-150,-8,0,0,0,1.338
56020,1.4037,1.4687,176.89,1.4037,1.4706,4,1,1,0,0,12,20,-150,-8,0,0,0,1.326
56030,1.4157,1.4687,176.89,1.4157,1.4706,4,1,1,0,0,12,20,-150,-8,0,0,0,1.314
56040,1.4276,1.4686,176.89,1.4276,1.4706,4,1,1,0,0,12,20,-150,-8,0,0,0,1.302
56050,1.4396,1.4686,176.89,1.4396,1.4705,4,1,1,0,0,12,20,-150,-8,0,0,0,1.290
56060,1.4515,1.4686,176.89,1.4515,1.4705,4,1,1,0,0,12,20,-150,-8,0,0,0,1.278
56070,1.4635,1.4686,176.89,1.4635,1.4705,4,1,1,0,0,12,20,-150,-8,0,0,0,1.267
56080,1.4754,1.4686,176.90,1.4754,1.4705,4,1,1,0,0,12,20,-150,-8,0,0,0,1.255
56090,1.4874,1.4686,176.90,1.4874,1.4705,4,1,1,0,0,12,20,-150,-8,0,0,0,1.243
56100,1.4993,1.4686,176.90,1.4993,1.4705,4,1,1,0,0,12,20,-150,-8,0,0,0,1.231
56110,1.5113,1.4686,176.90,1.5113,1.4705,4,1,1,0,0,12,20,-150,-8,0,0,0,1.219
56120,1.5233,1.4686,176.90,1.5233,1.4705,4,1,1,0,0,12,20,-150,-8,0,0,0,1.207
56130,1.5352,1.4685,176.90,1.5352,1.4705,4,1,1,0,0,12,20,-150,-8,0,0,0,1.195
56140,1.5472,1.4685,176.90,1.5472,1.4705,4,1,1,0,0,12,20,-150,-8,0,0,0,1.183
56150,1.5591,1.4685,176.90,1.5591,1.4704,4,1,1,0,0,12,20,-150,-8,0,0,0,1.171
56160,1.5711,1.4685,176.90,1.5711,1.4704,4,1,1,0,0,12,20,-150,-8,0,0,0,1.159
56170,1.5830,1.4685,176.91,1.5830,1.4704,4,1,1,0,0,12,20,-150,-8,0,0,0,1.147
56180,1.5950,1.4685,176.91,1.5950,1.4704,4,1,1,0,0,12,20,-150,-8,0,0,0,1.135
56190,1.6069,1.4685,176.91,1.6069,1.4704,4,1,1,0,0,12,20,-150,-8,0,0,0,1.123
56200,1.6189,1.4685,176.91,1.6189,1.4704,4,1,1,0,0,12,20,-150,-8,0,0,0,1.111
56210,1.6309,1.4685,176.91,1.6309,1.4704,4,1,1,0,0,12,20,-150,-8,0,0,0,1.099
56220,1.6428,1.4685,176.91,1.6428,1.4704,4,1,1,0,0,12,20,-150,-8,0,0,0,1.087
56230,1.6548,1.4685,176.91,1.6548,1.4704,4,1,1,0,0,12,20,-150,-8,0,0,0,1.075
56240,1.6667,1.4685,176.91,1.6667,1.4704,4,1,1,0,0,12,20,-150,-8,0,0,0,1.063
56250,1.6787,1.4685,176.91,1.6787,1.4704,4,1,1,0,0,12,20,-150,-8,0,0,0,1.051
56260,1.6906,1.4684,176.92,1.6906,1.4704,4,1,1,0,0,12,20,-150,-8,0,0,0,1.039
56270,1.7026,1.4684,176.92,1.7026,1.4704,4,1,1,0,0,12,20,-150,-8,0,0,0,1.027
56280,1.7145,1.4684,176.92,1.7145,1.4703,4,1,1,0,0,12,20,-150,-8,0,0,0,1.015
56290,1.7265,1.4684,176.92,1.7265,1.4703,4,1,1,0,0,12,20,-150,-8,0,0,0,1.004
56300,1.7384,1.4684,176.92,1.7384,1.4703,4,1,1,0,0,12,20,-150,-8,0,0,0,0.992
56310,1.7504,1.4684,176.93,1.7504,1.4703,4,1,1,0,0,12,20,-150,-8,0,0,0,0.980
56320,1.7624,1.4684,176.93,1.7624,1.4703,4,1,1,0,0,12,20,-150,-8,0,0,0,0.968
56330,1.7743,1.4684,176.93,1.7743,1.4703,4,1,1,0,0,12,20,-150,-8,0,0,0,0.956
56340,1.7863,1.4684,176.93,1.7863,1.4703,4,1,1,0,0,12,20,-150,-8,0,0,0,0.944
56350,1.7982,1.4684,176.93,1.7982,1.4703,4,1,1,0,0,12,20,-150,-8,0,0,0,0.932
56360,1.8102,1.4684,176.93,1.8102,1.4703,4,1,1,0,0,12,20,-150,-8,0,0,0,0.920
56370,1.8221,1.4684,176.93,1.8221,1.4703,4,1,1,0,0,12,20,-150,-8,0,0,0,0.908
56380,1.8341,1.4684,176.93,1.8341,1.4703,4,1,1,0,0,12,20,-150,-8,0,0,0,0.896
56390,1.8460,1.4684,176.93,1.8460,1.4703,4,1,1,0,0,12,20,-150,-8,0,0,0,0.884
56400,1.8580,1.4684,176.94,1.8580,1.4703,4,1,1,0,0,12,20,-150,-8,0,0,0,0.872
56410,1.8700,1.4684,176.94,1.8700,1.4703,4,1,1,0,0,12,20,-150,-8,0,0,0,0.860
56420,1.8819,1.4684,176.94,1.8819,1.4703,4,1,1,0,0,12,20,-150,-8,0,0,0,0.848
56430,1.8939,1.4684,176.94,1.8939,1.4703,4,1,1,0,0,12,20,-150,-8,0,0,0,0.836
56440,1.9058,1.4684,176.94,1.9058,1.4703,4,1,1,0,0,12,20,-150,-8,0,0,0,0.824
56450,1.9178,1.4684,176.94,1.9178,1.4703,4,1,1,0,0,12,20,-150,-8,0,0,0,0.812
56460,1.9297,1.4684,176.94,1.9297,1.4703,4,1,1,0,0,12,20,-150,-8,0,0,0,0.800
56470,1.9417,1.4684,176.94,1.9417,1.4703,4,1,1,0,0,12,20,-150,-8,0,0,0,0.788
56480,1.9536,1.4684,176.94,1.9536,1.4703,4,1,1,0,0,12,20,-150,-8,0,0,0,0.776
56490,1.9656,1.4684,176.95,1.9656,1.4703,4,1,1,0,0,12,20,-150,-8,0,0,0,0.764
56500,1.9775,1.4684,176.95,1.9775,1.4703,4,1,1,0,0,12,20,-150,-8,0,0,0,0.752
56510,1.9895,1.4684,176.95,1.9895,1.4703,4,1,1,0,0,12,20,-150,-8,0,0,0,0.740
56520,2.0015,1.4684,176.95,2.0015,1.4703,4,1,1,0,0,12,20,-150,-8,0,0,0,0.729
56530,2.0134,1.4684,176.95,2.0134,1.4703,4,1,1,0,0,12,20,-150,-8,0,0,0,0.717
56540,2.0254,1.4684,176.95,2.0254,1.4703,4,1,1,0,0,12,20,-150,-8,0,0,0,0.705
56550,2.0373,1.4684,176.95,2.0373,1.4703,4,1,1,0,0,12,20,-150,-8,0,0,0,0.693
56560,2.0493,1.4684,176.95,2.0493,1.4703,4,1,1,0,0,12,20,-150,-8,0,0,0,0.681
56570,2.0612,1.4684,176.95,2.0612,1.4703,4,1,1,0,0,12,20,-150,-8,0,0,0,0.669
56580,2.0732,1.4684,176.96,2.0732,1.4703,4,1,1,0,0,12,20,-150,-8,0,0,0,0.657
56590,2.0851,1.4684,176.96,2.0851,1.4703,4,1,1,0,0,12,20,-150,-8,0,0,0,0.645
56600,2.0971,1.4684,176.96,2.0971,1.4703,4,1,1,0,0,20,20,-150,-8,0,0,0,0.633
56610,2.1091,1.4684,176.96,2.1091,1.4703,4,1,1,0,0,20,20,-150,-8,0,0,0,0.621
56620,2.1210,1.4684,176.96,2.1210,1.4703,4,1,1,0,0,20,20,-150,-8,0,0,0,0.609
56630,2.1330,1.4684,176.96,2.1330,1.4703,4,1,1,0,0,20,20,-150,-8,0,0,0,0.597
56640,2.1449,1.4684,176.96,2.1449,1.4703,4,1,1,0,0,20,20,-150,-8,0,0,0,0.585
56650,2.1569,1.4684,176.96,2.1569,1.4703,4,1,1,0,0,20,20,-75,-4,0,0,0,0.573
56660,2.1687,1.4684,176.96,2.1687,1.4703,4,1,1,0,0,20,20,-75,-4,0,0,0,0.561
56670,2.1804,1.4684,176.96,2.1804,1.4703,4,1,1,0,0,20,20,-75,-4,0,0,0,0.550
56680,2.1918,1.4685,176.96,2.1918,1.4704,4,1,1,0,0,20,20,-75,-4,0,0,0,0.538
56690,2.2031,1.4685,176.96,2.2031,1.4704,4,1,1,0,0,20,20,-75,-4,0,0,0,0.527
56700,2.2141,1.4685,176.96,2.2141,1.4705,4,1,1,0,0,20,20,-75,-4,0,0,0,0.516
56710,2.2249,1.4686,176.96,2.2249,1.4705,4,1,1,0,0,20,20,-75,-4,0,0,0,0.505
56720,2.2356,1.4687,176.96,2.2356,1.4706,4,1,1,0,0,20,20,-75,-4,0,0,0,0.494
56730,2.2460,1.4688,176.96,2.2460,1.4707,4,1,1,0,0,20,20,-75,-4,0,0,0,0.484
56740,2.2563,1.4689,176.96,2.2563,1.4708,4,1,1,0,0,20,20,-75,-4,0,0,0,0.474
56750,2.2663,1.4690,176.96,2.2663,1.4709,4,1,1,0,0,20,20,-75,-4,0,0,0,0.464
56760,2.2762,1.4691,176.96,2.2762,1.4710,4,1,1,0,0,20,20,-75,-4,0,0,0,0.454
56770,2.2858,1.4692,176.96,2.2858,1.4711,4,1,1,0,0,20,20,-75,-4,0,0,0,0.444
56780,2.2953,1.4693,176.96,2.2953,1.4713,4,1,1,0,0,20,20,-75,-4,0,0,0,0.435
56790,2.3045,1.4695,176.96,2.3045,1.4714,4,1,1,0,0,20,20,-75,-4,0,0,0,0.425
56800,2.3136,1.4696,176.96,2.3136,1.4716,4,1,1,0,0,20,20,-75,-4,0,0,0,0.416
56810,2.3224,1.4698,176.96,2.3224,1.4717,4,1,1,0,0,20,20,-75,-4,0,0,0,0.408
56820,2.3311,1.4700,176.96,2.3311,1.4719,4,1,1,0,0,20,20,-75,-4,0,0,0,0.399
56830,2.3395,1.4702,176.96,2.3395,1.4721,4,1,1,0,0,20,20,-75,-4,0,0,0,0.390
56840,2.3478,1.4704,176.96,2.3478,1.4723,4,1,1,0,0,20,20,-75,-4,0,0,0,0.382
56850,2.3558,1.4706,176.96,2.3558,1.4725,4,1,1,0,0,20,20,-75,-4,0,0,0,0.374
56860,2.3637,1.4708,176.96,2.3637,1.4727,4,1,1,0,0,20,20,-75,-4,0,0,0,0.366
56870,2.3713,1.4710,176.96,2.3713,1.4730,4,1,1,0,0,20,20,-75,-4,0,0,0,0.359
56880,2.3788,1.4713,176.96,2.3788,1.4732,4,1,1,0,0,20,20,-75,-4,0,0,0,0.351
56890,2.3860,1.4715,176.96,2.3860,1.4735,4,1,1,0,0,20,20,-75,-4,0,0,0,0.344
56900,2.3931,1.4718,176.96,2.3931,1.4737,4,1,1,0,0,20,20,-75,-4,0,0,0,0.337
56910,2.3999,1.4721,176.96,2.3999,1.4740,4,1,1,0,0,20,20,-75,-4,0,0,0,0.330
56920,2.4066,1.4723,176.97,2.4066,1.4742,4,1,1,0,0,20,20,-75,-4,0,0,0,0.323
56930,2.4131,1.4726,176.97,2.4131,1.4745,4,1,1,0,0,20,20,-75,-4,0,0,0,0.317
56940,2.4194,1.4729,176.97,2.4194,1.4748,4,1,1,0,0,20,20,-75,-4,0,0,0,0.311
56950,2.4256,1.4730,176.97,2.4256,1.4749,4,1,1,0,0,20,20,-75,-4,0,0,0,0.304
56960,2.4316,1.4731,176.97,2.4316,1.4750,4,1,1,0,0,20,20,-75,-4,0,0,0,0.298
56970,2.4376,1.4731,176.97,2.4376,1.4750,4,1,1,0,0,20,20,-75,-4,0,0,0,0.292
56980,2.4436,1.4731,176.98,2.4436,1.4750,4,1,1,0,0,20,20,-75,-4,0,0,0,0.286
56990,2.4496,1.4731,176.98,2.4496,1.4751,4,1,1,0,0,20,20,-75,-4,0,0,0,0.280
57000,2.4556,1.4731,176.98,2.4556,1.4751,4,1,1,0,0,20,20,-75,-4,0,0,0,0.274
57010,2.4615,1.4731,176.98,2.4615,1.4751,4,1,1,0,0,20,20,-75,-4,0,0,0,0.268
57020,2.4675,1.4731,176.98,2.4675,1.4751,4,1,1,0,0,20,20,-75,-4,0,0,0,0.262
57030,2.4735,1.4731,176.98,2.4735,1.4751,4,1,1,0,0,20,20,-75,-4,0,0,0,0.257
57040,2.4795,1.4732,176.98,2.4795,1.4751,4,1,1,0,0,20,20,-75,-4,0,0,0,0.251
57050,2.4854,1.4732,176.98,2.4854,1.4751,4,1,1,0,0,20,20,-75,-4,0,0,0,0.245
57060,2.4914,1.4732,176.98,2.4914,1.4751,4,1,1,0,0,20,20,-75,-4,0,0,0,0.239
57070,2.4974,1.4732,176.99,2.4974,1.4751,4,1,1,0,0,20,20,-75,-4,0,0,0,0.233
57080,2.5034,1.4732,176.99,2.5034,1.4751,4,1,1,0,0,20,20,-75,-4,0,0,0,0.227
57090,2.5094,1.4732,176.99,2.5094,1.4751,4,1,1,0,0,20,20,-75,-4,0,0,0,0.221
57100,2.5153,1.4732,176.99,2.5153,1.4751,4,1,1,0,0,20,20,-75,-4,0,0,0,0.215
57110,2.5213,1.4732,176.99,2.5213,1.4751,4,1,1,0,0,20,20,-75,-4,0,0,0,0.209
57120,2.5273,1.4732,176.99,2.5273,1.4751,4,1,1,0,0,20,20,-75,-4,0,0,0,0.203
57130,2.5333,1.4732,176.99,2.5333,1.4751,4,1,1,0,0,20,20,-75,-4,0,0,0,0.197
57140,2.5392,1.4732,176.99,2.5392,1.4751,4,1,1,0,0,20,20,-75,-4,0,0,0,0.191
57150,2.5452,1.4732,176.99,2.5452,1.4751,4,1,1,0,0,20,20,-75,-4,0,0,0,0.185
57160,2.5512,1.4732,177.00,2.5512,1.4751,4,1,1,0,0,20,20,-75,-4,0,0,0,0.179
57170,2.5572,1.4732,177.00,2.5572,1.4751,4,1,1,0,0,20,20,-75,-4,0,0,0,0.173
57180,2.5632,1.4732,177.00,2.5632,1.4751,4,1,1,0,0,20,20,-75,-4,0,0,0,0.167
57190,2.5691,1.4732,177.00,2.5691,1.4751,4,1,1,0,0,20,20,-75,-4,0,0,0,0.161
57200,2.5751,1.4732,177.00,2.5751,1.4751,4,1,1,0,0,20,20,-73,-3,1,0,0,0.155
57210,2.5809,1.4732,177.01,2.5809,1.4751,4,1,1,0,0,20,20,-72,-3,1,0,0,0.149
57220,2.5866,1.4732,177.01,2.5866,1.4751,4,1,1,0,0,20,20,-70,-3,1,0,0,0.143
57230,2.5922,1.4731,177.01,2.5922,1.4750,4,1,1,0,0,20,20,-68,-3,1,0,0,0.138
57240,2.5976,1.4731,177.01,2.5976,1.4750,4,1,1,0,0,20,20,-67,-3,1,0,0,0.132
57250,2.6028,1.4730,177.01,2.6028,1.4750,4,1,1,0,0,20,17,0,0,1,0,1,0.127
57260,2.6080,1.4730,177.01,2.6080,1.4749,4,1,1,0,0,20,17,0,0,1,0,1,0.122
57270,2.6129,1.4730,177.01,2.6129,1.4749,4,1,1,0,0,20,17,0,0,1,0,1,0.117
57280,2.6176,1.4730,177.01,2.6176,1.4749,4,1,1,0,0,20,17,0,0,1,0,1,0.112
57290,2.6221,1.4730,177.01,2.6221,1.4749,4,1,1,0,0,20,17,0,0,1,0,1,0.108
57300,2.6264,1.4730,177.01,2.6264,1.4749,5,1,0,0,0,20,15,0,0,0,0,0,1000.000
57310,2.6305,1.4730,177.01,2.6260,1.4749,5,1,0,0,0,20,15,0,0,0,0,0,1000.000
57320,2.6344,1.4731,177.01,2.6260,1.4750,5,1,0,0,0,20,15,0,0,0,0,0,1000.000
57330,2.6381,1.4731,177.01,2.6260,1.4750,5,1,0,0,0,20,15,0,0,0,0,0,1000.000
57340,2.6416,1.4732,177.01,2.6260,1.4751,5,1,0,0,0,20,15,0,0,0,0,0,1000.000
57350,2.6449,1.4732,177.01,2.6460,1.4752,5,1,0,0,0,20,13,0,0,0,0,0,1000.000
57360,2.6480,1.4733,177.01,2.6460,1.4752,5,1,0,0,0,20,13,0,0,0,0,0,1000.000
57370,2.6510,1.4734,177.01,2.6460,1.4753,5,1,0,0,0,20,13,0,0,0,0,0,1000.000
57380,2.6537,1.4735,177.01,2.6460,1.4754,5,1,0,0,0,20,13,0,0,0,0,0,1000.000
57390,2.6562,1.4736,177.01,2.6460,1.4755,5,1,0,0,0,20,13,0,0,0,0,0,1000.000
57400,2.6585,1.4737,177.01,2.6660,1.4756,5,1,1,0,0,20,11,0,0,0,0,0,1000.000
57410,2.6606,1.4739,177.01,2.6660,1.4758,5,1,1,0,0,20,11,0,0,0,0,0,1000.000
57420,2.6625,1.4740,177.01,2.6660,1.4759,5,1,1,0,0,20,11,0,0,0,0,0,1000.000
57430,2.6642,1.4741,177.01,2.6660,1.4761,5,1,1,0,0,20,11,0,0,0,0,0,1000.000
57440,2.6657,1.4743,177.01,2.6660,1.4762,5,1,1,0,0,20,11,0,0,0,0,0,1000.000
57450,2.6671,1.4745,177.01,2.6760,1.4764,5,1,1,0,0,20,10,0,0,0,1,1,1.173
57460,2.6682,1.4746,177.02,2.6760,1.4765,5,1,1,0,0,20,10,0,0,0,1,1,1.173
57470,2.6691,1.4748,177.02,2.6760,1.4767,5,1,1,0,0,20,10,0,0,0,1,1,1.173
57480,2.6699,1.4750,177.02,2.6760,1.4769,5,1,1,0,0,20,10,0,0,0,1,1,1.173
57490,2.6704,1.4752,177.02,2.6760,1.4771,5,1,1,0,0,20,10,0,0,0,1,1,1.174
57500,2.6707,1.4754,177.02,2.6760,1.4773,5,1,1,0,0,20,10,0,67,0,1,1,1.174
57510,2.6710,1.4755,177.03,2.6760,1.4774,5,1,1,0,0,20,10,0,67,0,1,1,1.174
57520,2.6712,1.4754,177.03,2.6760,1.4773,5,1,1,0,0,20,10,0,67,0,1,1,1.174
57530,2.6714,1.4751,177.03,2.6760,1.4770,5,1,1,0,0,20,10,0,67,0,1,1,1.174
57540,2.6716,1.4746,177.03,2.6760,1.4765,5,1,1,0,0,20,10,0,67,0,1,1,1.173
57550,2.6717,1.4740,177.03,2.6760,1.4759,5,1,1,0,0,20,10,0,67,0,1,1,1.172
57560,2.6718,1.4731,177.03,2.6760,1.4751,5,1,1,0,0,20,10,0,67,0,1,1,1.172
57570,2.6719,1.4721,177.03,2.6760,1.4740,5,1,1,0,0,20,10,0,67,0,1,1,1.171
57580,2.6720,1.4709,177.03,2.6760,1.4728,5,1,1,0,0,20,10,0,67,0,1,1,1.169
57590,2.6721,1.4695,177.03,2.6760,1.4714,5,1,1,0,0,20,10,0,67,0,1,1,1.168
57600,2.6721,1.4679,177.04,2.6760,1.4698,5,1,1,0,0,20,10,0,67,0,1,1,1.166
57610,2.6721,1.4662,177.04,2.6760,1.4681,5,1,1,0,0,20,10,0,67,0,1,1,1.165
57620,2.6721,1.4642,177.04,2.6760,1.4661,5,1,1,0,0,20,10,0,67,0,1,1,1.163
57630,2.6721,1.4621,177.05,2.6760,1.4640,5,1,1,0,0,20,10,0,67,0,1,1,1.161
57640,2.6720,1.4598,177.05,2.6760,1.4617,5,1,1,0,0,20,10,0,67,0,1,1,1.158
57650,2.6720,1.4572,177.05,2.6760,1.4591,5,1,1,0,0,20,10,0,67,0,1,1,1.156
57660,2.6719,1.4545,177.05,2.6760,1.4564,5,1,1,0,0,20,10,0,67,0,1,1,1.153
57670,2.6718,1.4516,177.05,2.6760,1.4535,5,1,1,0,0,20,10,0,67,0,1,1,1.150
57680,2.6717,1.4485,177.05,2.6760,1.4504,5,1,1,0,0,20,10,0,67,0,1,1,1.147
57690,2.6716,1.4452,177.05,2.6760,1.4471,5,1,1,0,0,20,10,0,67,0,1,1,1.144
57700,2.6714,1.4418,177.06,2.6760,1.4437,5,1,1,0,0,20,10,0,67,0,1,1,1.140
57710,2.6713,1.4383,177.07,2.6760,1.4402,5,1,1,0,0,20,10,0,67,0,1,1,1.137
57720,2.6711,1.4346,177.07,2.6760,1.4365,5,1,1,0,0,20,10,0,67,0,1,1,1.133
57730,2.6709,1.4307,177.06,2.6760,1.4326,5,1,1,0,0,20,10,0,67,0,1,1,1.129
57740,2.6707,1.4266,177.06,2.6760,1.4286,5,1,1,0,0,20,10,0,67,0,1,1,1.125
57750,2.6706,1.4225,177.07,2.6760,1.4244,5,1,1,0,0,20,10,0,67,0,1,1,1.121
57760,2.6704,1.4181,177.08,2.6760,1.4200,5,1,1,0,0,20,10,0,67,0,1,1,1.117
57770,2.6702,1.4136,177.08,2.6760,1.4156,5,1,1,0,0,20,10,0,67,0,1,1,1.112
57780,2.6699,1.4090,177.08,2.6760,1.4109,5,1,1,0,0,20,10,0,67,0,1,1,1.107
57790,2.6697,1.4041,177.08,2.6760,1.4060,5,1,1,0,0,20,10,0,67,0,1,1,1.103
57800,2.6695,1.3991,177.09,2.6760,1.4010,5,1,1,0,0,20,10,0,67,0,1,1,1.098
57810,2.6693,1.3940,177.09,2.6760,1.3959,5,1,1,0,0,20,10,0,67,0,1,1,1.092
57820,2.6690,1.3887,177.09,2.6760,1.3906,5,1,1,0,0,20,10,0,67,0,1,1,1.087
57830,2.6687,1.3834,177.09,2.6760,1.3853,5,1,1,0,0,20,10,0,67,0,1,1,1.082
57840,2.6685,1.3781,177.09,2.6760,1.3800,5,1,1,0,0,20,10,0,67,0,1,1,1.076
57850,2.6682,1.3727,177.09,2.6760,1.3746,5,1,1,0,0,20,10,0,67,0,1,1,1.071
57860,2.6679,1.3674,177.09,2.6760,1.3693,5,1,1,0,0,20,10,0,67,0,1,1,1.066
57870,2.6677,1.3621,177.09,2.6760,1.3640,5,1,1,0,0,20,10,0,67,0,1,1,1.060
57880,2.6674,1.3568,177.09,2.6760,1.3587,5,1,1,0,0,20,10,0,67,0,1,1,1.055
57890,2.6671,1.3514,177.09,2.6760,1.3533,5,1,1,0,0,20,10,0,67,0,1,1,1.050
57900,2.6668,1.3461,177.10,2.6760,1.3480,5,1,1,0,0,20,10,0,67,0,1,1,1.045
57910,2.6666,1.3408,177.10,2.6760,1.3427,5,1,1,0,0,20,10,0,67,0,1,1,1.039
57920,2.6663,1.3355,177.10,2.6760,1.3374,5,1,1,0,0,20,10,0,67,0,1,1,1.034
57930,2.6660,1.3301,177.10,2.6760,1.3320,5,1,1,0,0,20,10,0,67,0,1,1,1.029
57940,2.6658,1.3248,177.10,2.6760,1.3267,5,1,1,0,0,20,10,0,67,0,1,1,1.023
57950,2.6655,1.3195,177.11,2.6760,1.3214,5,1,1,0,0,20,10,0,67,0,1,1,1.018
57960,2.6652,1.3141,177.11,2.6760,1.3161,5,1,1,0,0,20,10,0,67,0,1,1,1.013
57970,2.6650,1.3088,177.11,2.6760,1.3107,5,1,1,0,0,20,10,0,67,0,1,1,1.007
57980,2.6647,1.3035,177.11,2.6760,1.3054,5,1,1,0,0,20,10,0,67,0,1,1,1.002
57990,2.6644,1.2982,177.11,2.6760,1.3001,5,1,1,0,0,20,10,0,67,0,1,1,0.997
58000,2.6641,1.2928,177.11,2.6760,1.2948,5,1,1,0,0,20,10,0,67,0,1,1,0.991
58010,2.6639,1.2875,177.11,2.6760,1.2894,5,1,1,0,0,20,10,0,67,0,1,1,0.986
58020,2.6636,1.2822,177.11,2.6760,1.2841,5,1,1,0,0,20,10,0,67,0,1,1,0.981
58030,2.6633,1.2769,177.11,2.6760,1.2788,5,1,1,0,0,20,10,0,67,0,1,1,0.975
58040,2.6631,1.2715,177.12,2.6760,1.2735,5,1,1,0,0,20,10,0,67,0,1,1,0.970
58050,2.6628,1.2662,177.12,2.6660,1.2681,5,1,1,0,0,20,11,0,67,0,1,1,0.965
58060,2.6625,1.2609,177.12,2.6660,1.2628,5,1,1,0,0,20,11,0,67,0,1,1,0.959
58070,2.6623,1.2556,177.12,2.6660,1.2575,5,1,1,0,0,20,11,0,67,0,1,1,0.954
58080,2.6620,1.2502,177.12,2.6660,1.2522,5,1,1,0,0,20,11,0,67,0,1,1,0.949
58090,2.6617,1.2449,177.12,2.6660,1.2468,5,1,1,0,0,20,11,0,67,0,1,1,0.943
58100,2.6615,1.2396,177.12,2.6660,1.2415,5,1,1,0,0,20,11,0,67,0,1,1,0.938
58110,2.6612,1.2343,177.12,2.6660,1.2362,5,1,1,0,0,20,11,0,67,0,1,1,0.933
58120,2.6609,1.2289,177.12,2.6660,1.2309,5,1,1,0,0,20,11,0,67,0,1,1,0.927
58130,2.6607,1.2236,177.13,2.6660,1.2255,5,1,1,0,0,20,11,0,67,0,1,1,0.922
58140,2.6604,1.2183,177.13,2.6660,1.2202,5,1,1,0,0,20,11,0,67,0,1,1,0.917
58150,2.6601,1.2130,177.13,2.6660,1.2149,5,1,1,0,0,20,11,0,67,0,1,1,0.911
58160,2.6599,1.2076,177.13,2.6660,1.2096,5,1,1,0,0,20,11,0,67,0,1,1,0.906
58170,2.6596,1.2023,177.13,2.6660,1.2042,5,1,1,0,0,20,11,0,67,0,1,1,0.901
58180,2.6593,1.1970,177.13,2.6660,1.1989,5,1,1,0,0,20,11,0,67,0,1,1,0.895
58190,2.6591,1.1917,177.13,2.6660,1.1936,5,1,1,0,0,20,11,0,67,0,1,1,0.890
58200,2.6588,1.1863,177.13,2.6660,1.1883,5,1,1,0,0,20,11,0,67,0,1,1,0.885
58210,2.6585,1.1810,177.13,2.6660,1.1829,5,1,1,0,0,20,11,0,67,0,1,1,0.879
58220,2.6583,1.1757,177.14,2.6660,1.1776,5,1,1,0,0,20,11,0,67,0,1,1,0.874
58230,2.6580,1.1704,177.14,2.6660,1.1723,5,1,1,0,0,20,11,0,67,0,1,1,0.869
58240,2.6577,1.1650,177.14,2.6660,1.1669,5,1,1,0,0,20,11,0,67,0,1,1,0.863
58250,2.6575,1.1597,177.14,2.6660,1.1616,5,1,1,0,0,20,11,0,67,0,1,1,0.858
58260,2.6572,1.1544,177.14,2.6660,1.1563,5,1,1,0,0,20,11,0,67,0,1,1,0.853
58270,2.6569,1.1491,177.14,2.6660,1.1510,5,1,1,0,0,20,11,0,67,0,1,1,0.847
58280,2.6567,1.1437,177.14,2.6660,1.1456,5,1,1,0,0,20,11,0,67,0,1,1,0.842
58290,2.6564,1.1384,177.14,2.6660,1.1403,5,1,1,0,0,20,11,0,67,0,1,1,0.837
58300,2.6561,1.1331,177.14,2.6660,1.1350,5,1,1,0,0,20,11,0,67,0,1,1,0.831
58310,2.6559,1.1278,177.15,2.6660,1.1297,5,1,1,0,0,20,11,0,67,0,1,1,0.826
58320,2.6556,1.1224,177.15,2.6660,1.1243,5,1,1,0,0,20,11,0,67,0,1,1,0.821
58330,2.6553,1.1171,177.15,2.6660,1.1190,5,1,1,0,0,20,11,0,67,0,1,1,0.816
58340,2.6551,1.1118,177.15,2.6660,1.1137,5,1,1,0,0,20,11,0,67,0,1,1,0.810
58350,2.6548,1.1065,177.15,2.6660,1.1084,5,1,1,0,0,20,11,0,67,0,1,1,0.805
58360,2.6545,1.1011,177.15,2.6660,1.1030,5,1,1,0,0,20,11,0,67,0,1,1,0.800
58370,2.6543,1.0958,177.15,2.6660,1.0977,5,1,1,0,0,20,11,0,67,0,1,1,0.794
58380,2.6540,1.0905,177.15,2.6660,1.0924,5,1,1,0,0,20,11,0,67,0,1,1,0.789
58390,2.6537,1.0851,177.15,2.6660,1.0871,5,1,1,0,0,20,11,0,67,0,1,1,0.784
58400,2.6535,1.0798,177.16,2.6560,1.0817,5,1,1,0,0,20,12,0,67,0,1,1,0.778
58410,2.6532,1.0745,177.16,2.6560,1.0764,5,1,1,0,0,20,12,0,67,0,1,1,0.773
58420,2.6530,1.0692,177.16,2.6560,1.0711,5,1,1,0,0,20,12,0,67,0,1,1,0.768
58430,2.6527,1.0638,177.16,2.6560,1.0658,5,1,1,0,0,20,12,0,67,0,1,1,0.762
58440,2.6524,1.0585,177.16,2.6560,1.0604,5,1,1,0,0,20,12,0,67,0,1,1,0.757
58450,2.6522,1.0532,177.17,2.6560,1.0551,5,1,1,0,0,20,12,0,67,0,1,1,0.752
58460,2.6519,1.0479,177.17,2.6560,1.0498,5,1,1,0,0,20,12,0,67,0,1,1,0.746
58470,2.6516,1.0425,177.17,2.6560,1.0445,5,1,1,0,0,20,12,0,67,0,1,1,0.741
58480,2.6514,1.0372,177.17,2.6560,1.0391,5,1,1,0,0,20,12,0,67,0,1,1,0.736
58490,2.6511,1.0319,177.17,2.6560,1.0338,5,1,1,0,0,20,12,0,67,0,1,1,0.730
58500,2.6508,1.0266,177.17,2.6560,1.0285,5,1,1,0,0,20,12,0,67,0,1,1,0.725
58510,2.6506,1.0212,177.17,2.6560,1.0232,5,1,1,0,0,20,12,0,67,0,1,1,0.720
58520,2.6503,1.0159,177.17,2.6560,1.0178,5,1,1,0,0,20,12,0,67,0,1,1,0.714
58530,2.6501,1.0106,177.17,2.6560,1.0125,5,1,1,0,0,20,12,0,67,0,1,1,0.709
58540,2.6498,1.0053,177.18,2.6560,1.0072,5,1,1,0,0,20,12,0,67,0,1,1,0.704
58550,2.6495,0.9999,177.18,2.6560,1.0018,5,1,1,0,0,20,12,0,67,0,1,1,0.698
58560,2.6493,0.9946,177.18,2.6560,0.9965,5,1,1,0,0,20,12,0,67,0,1,1,0.693
58570,2.6490,0.9893,177.18,2.6560,0.9912,5,1,1,0,0,20,12,0,67,0,1,1,0.688
58580,2.6487,0.9840,177.18,2.6560,0.9859,5,1,1,0,0,20,12,0,67,0,1,1,0.682
58590,2.6485,0.9786,177.18,2.6560,0.9805,5,1,1,0,0,20,12,0,67,0,1,1,0.677
58600,2.6482,0.9733,177.18,2.6560,0.9752,5,1,1,0,0,20,12,0,67,0,1,1,0.672
58610,2.6480,0.9680,177.18,2.6560,0.9699,5,1,1,0,0,20,12,0,67,0,1,1,0.666
58620,2.6477,0.9627,177.18,2.6560,0.9646,5,1,1,0,0,20,12,0,67,0,1,1,0.661
58630,2.6474,0.9573,177.19,2.6560,0.9592,5,1,1,0,0,20,12,0,67,0,1,1,0.656
58640,2.6472,0.9520,177.19,2.6560,0.9539,5,1,1,0,0,20,12,0,67,0,1,1,0.650
58650,2.6469,0.9467,177.19,2.6560,0.9486,5,1,1,0,0,20,12,0,67,0,1,1,0.645
58660,2.6466,0.9413,177.19,2.6560,0.9433,5,1,1,0,0,20,12,0,67,0,1,1,0.640
58670,2.6464,0.9360,177.19,2.6560,0.9379,5,1,1,0,0,20,12,0,67,0,1,1,0.634
58680,2.6461,0.9307,177.19,2.6560,0.9326,5,1,1,0,0,20,12,0,67,0,1,1,0.629
58690,2.6459,0.9254,177.19,2.6560,0.9273,5,1,1,0,0,20,12,0,67,0,1,1,0.624
58700,2.6456,0.9200,177.19,2.6560,0.9220,5,1,1,0,0,20,12,0,67,0,1,1,0.618
58710,2.6453,0.9147,177.19,2.6560,0.9166,5,1,1,0,0,20,12,0,67,0,1,1,0.613
58720,2.6451,0.9094,177.20,2.6560,0.9113,5,1,1,0,0,20,12,0,67,0,1,1,0.608
58730,2.6448,0.9041,177.20,2.6560,0.9060,5,1,1,0,0,20,12,0,67,0,1,1,0.602
58740,2.6446,0.8987,177.20,2.6560,0.9007,5,1,1,0,0,20,12,0,67,0,1,1,0.597
58750,2.6443,0.8934,177.20,2.6560,0.8953,5,1,1,0,0,20,12,0,67,0,1,1,0.592
58760,2.6440,0.8881,177.20,2.6560,0.8900,5,1,1,0,0,20,12,0,67,0,1,1,0.587
58770,2.6438,0.8828,177.20,2.6560,0.8847,5,1,1,0,0,20,12,0,67,0,1,1,0.581
58780,2.6435,0.8774,177.20,2.6560,0.8794,5,1,1,0,0,20,12,0,67,0,1,1,0.576
58790,2.6433,0.8721,177.20,2.6560,0.8740,5,1,1,0,0,20,12,0,67,0,1,1,0.571
58800,2.6430,0.8668,177.20,2.6460,0.8687,5,1,1,0,0,20,13,-7,67,0,1,0,0.565
58810,2.6428,0.8615,177.21,2.6460,0.8634,5,1,1,0,0,20,13,-7,67,0,1,0,0.560
58820,2.6429,0.8561,177.21,2.6460,0.8580,5,1,1,0,0,20,13,-7,67,0,1,0,0.555
58830,2.6431,0.8508,177.22,2.6460,0.8527,5,1,1,0,0,20,13,-7,67,0,1,0,0.549
58840,2.6434,0.8454,177.22,2.6460,0.8473,5,1,1,0,0,20,13,-7,67,0,1,0,0.544
58850,2.6437,0.8401,177.22,2.6460,0.8420,5,1,1,0,0,20,13,-6,67,1,1,0,0.538
58860,2.6439,0.8347,177.22,2.6460,0.8366,5,1,1,0,0,20,13,-6,67,1,1,0,0.533
58870,2.6441,0.8294,177.22,2.6460,0.8313,5,1,1,0,0,20,13,-6,67,1,1,0,0.528
58880,2.6443,0.8240,177.22,2.6460,0.8259,5,1,1,0,0,20,13,-6,67,1,1,0,0.522
58890,2.6446,0.8187,177.22,2.6460,0.8206,5,1,1,0,0,20,13,-6,67,1,1,0,0.517
58900,2.6448,0.8133,177.22,2.6460,0.8152,5,1,1,0,0,20,13,-6,67,1,1,0,0.512
58910,2.6450,0.8080,177.22,2.6460,0.8099,5,1,1,0,0,20,13,-6,67,1,1,0,0.506
58920,2.6452,0.8026,177.22,2.6460,0.8045,5,1,1,0,0,20,13,-6,67,1,1,0,0.501
58930,2.6454,0.7973,177.23,2.6460,0.7992,5,1,1,0,0,20,13,-6,67,1,1,0,0.496
58940,2.6457,0.7919,177.23,2.6460,0.7938,5,1,1,0,0,20,13,-6,67,1,1,0,0.490
58950,2.6459,0.7866,177.23,2.6460,0.7885,5,1,1,0,0,20,13,-4,67,0,1,0,0.485
58960,2.6460,0.7812,177.23,2.6460,0.7831,5,1,1,0,0,20,13,-4,67,0,1,0,0.480
58970,2.6460,0.7759,177.23,2.6460,0.7778,5,1,1,0,0,20,13,-4,67,0,1,0,0.474
58980,2.6461,0.7705,177.23,2.6460,0.7725,5,1,1,0,0,20,13,-4,67,0,1,0,0.469
58990,2.6462,0.7652,177.23,2.6460,0.7671,5,1,1,0,0,20,13,-4,67,0,1,0,0.464
59000,2.6462,0.7599,177.23,2.6460,0.7618,5,1,1,0,0,20,13,-4,67,0,1,0,0.458
59010,2.6463,0.7545,177.23,2.6460,0.7564,5,1,1,0,0,20,13,-4,67,0,1,0,0.453
59020,2.6463,0.7492,177.24,2.6460,0.7511,5,1,1,0,0,20,13,-4,67,0,1,0,0.448
59030,2.6464,0.7438,177.24,2.6460,0.7457,5,1,1,0,0,20,13,-4,67,0,1,0,0.442
59040,2.6465,0.7385,177.24,2.6460,0.7404,5,1,1,0,0,20,13,-4,67,0,1,0,0.437
59050,2.6465,0.7331,177.24,2.6560,0.7351,5,1,1,0,0,20,12,-4,67,0,1,0,0.432
59060,2.6466,0.7278,177.24,2.6560,0.7297,5,1,1,0,0,20,12,-4,67,0,1,0,0.426
59070,2.6467,0.7225,177.24,2.6560,0.7244,5,1,1,0,0,20,12,-4,67,0,1,0,0.421
59080,2.6467,0.7171,177.24,2.6560,0.7190,5,1,1,0,0,20,12,-4,67,0,1,0,0.416
59090,2.6468,0.7118,177.24,2.6560,0.7137,5,1,1,0,0,20,12,-4,67,0,1,0,0.410
59100,2.6468,0.7064,177.24,2.6560,0.7084,5,1,1,0,0,20,12,-4,67,0,1,0,0.405
59110,2.6469,0.7011,177.25,2.6560,0.7030,5,1,1,0,0,20,12,-4,67,0,1,0,0.400
59120,2.6470,0.6958,177.25,2.6560,0.6977,5,1,1,0,0,20,12,-4,67,0,1,0,0.394
59130,2.6470,0.6904,177.25,2.6560,0.6923,5,1,1,0,0,20,12,-4,67,0,1,0,0.389
59140,2.6471,0.6851,177.25,2.6560,0.6870,5,1,1,0,0,20,12,-4,67,0,1,0,0.383
59150,2.6472,0.6797,177.25,2.6560,0.6817,5,1,1,0,0,20,12,-4,67,0,1,0,0.378
59160,2.6472,0.6744,177.25,2.6560,0.6763,5,1,1,0,0,20,12,-4,67,0,1,0,0.373
59170,2.6473,0.6691,177.25,2.6560,0.6710,5,1,1,0,0,20,12,-4,67,0,1,0,0.367
59180,2.6473,0.6637,177.25,2.6560,0.6656,5,1,1,0,0,20,12,-4,67,0,1,0,0.362
59190,2.6474,0.6584,177.25,2.6560,0.6603,5,1,1,0,0,20,12,-4,67,0,1,0,0.357
59200,2.6475,0.6530,177.26,2.6560,0.6549,5,1,1,0,0,20,12,-4,67,0,1,0,0.351
59210,2.6475,0.6477,177.26,2.6560,0.6496,5,1,1,0,0,20,12,-4,67,0,1,0,0.346
59220,2.6476,0.6423,177.26,2.6560,0.6443,5,1,1,0,0,20,12,-4,67,0,1,0,0.341
59230,2.6477,0.6370,177.26,2.6560,0.6389,5,1,1,0,0,20,12,-4,67,0,1,0,0.335
59240,2.6477,0.6317,177.26,2.6560,0.6336,5,1,1,0,0,20,12,-4,67,0,1,0,0.330
59250,2.6478,0.6263,177.27,2.6560,0.6282,5,1,1,0,0,20,12,-4,67,0,1,0,0.325
59260,2.6478,0.6210,177.27,2.6560,0.6229,5,1,1,0,0,20,12,-4,67,0,1,0,0.319
59270,2.6479,0.6156,177.27,2.6560,0.6176,5,1,1,0,0,20,12,-4,67,0,1,0,0.314
59280,2.6480,0.6103,177.27,2.6560,0.6122,5,1,1,0,0,20,12,-4,67,0,1,0,0.309
59290,2.6480,0.6050,177.27,2.6560,0.6069,5,1,1,0,0,20,12,-4,67,0,1,0,0.303
59300,2.6481,0.5996,177.27,2.6560,0.6015,5,1,1,0,0,20,12,-4,67,0,1,0,0.298
59310,2.6482,0.5943,177.27,2.6560,0.5962,5,1,1,0,0,20,12,-4,67,0,1,0,0.293
59320,2.6482,0.5889,177.27,2.6560,0.5908,5,1,1,0,0,20,12,-4,67,0,1,0,0.287
59330,2.6483,0.5836,177.28,2.6560,0.5855,5,1,1,0,0,20,12,-4,67,0,1,0,0.282
59340,2.6484,0.5782,177.28,2.6560,0.5802,5,1,1,0,0,20,12,-4,67,0,1,0,0.277
59350,2.6484,0.5729,177.28,2.6560,0.5748,5,1,1,0,0,20,12,-4,67,0,1,0,0.271
59360,2.6485,0.5676,177.28,2.6560,0.5695,5,1,1,0,0,20,12,-4,67,0,1,0,0.266
59370,2.6485,0.5622,177.28,2.6560,0.5641,5,1,1,0,0,20,12,-4,67,0,1,0,0.261
59380,2.6486,0.5569,177.28,2.6560,0.5588,5,1,1,0,0,20,12,-4,67,0,1,0,0.255
59390,2.6487,0.5515,177.28,2.6560,0.5535,5,1,1,0,0,20,12,-4,67,0,1,0,0.250
59400,2.6487,0.5462,177.28,2.6560,0.5481,5,1,1,0,0,20,12,-4,67,0,1,0,0.245
59410,2.6488,0.5409,177.28,2.6560,0.5428,5,1,1,0,0,20,12,-4,67,0,1,0,0.239
59420,2.6489,0.5355,177.29,2.6560,0.5374,5,1,1,0,0,20,12,-4,67,0,1,0,0.234
59430,2.6489,0.5302,177.29,2.6560,0.5321,5,1,1,0,0,20,12,-4,67,0,1,0,0.229
59440,2.6490,0.5248,177.29,2.6560,0.5267,5,1,1,0,0,20,12,-4,67,0,1,0,0.223
59450,2.6491,0.5195,177.29,2.6560,0.5214,5,1,1,0,0,20,12,-4,67,0,1,0,0.218
59460,2.6491,0.5142,177.29,2.6560,0.5161,5,1,1,0,0,20,12,-4,67,0,1,0,0.213
59470,2.6492,0.5088,177.29,2.6560,0.5107,5,1,1,0,0,20,12,-4,67,0,1,0,0.207
59480,2.6493,0.5035,177.29,2.6560,0.5054,5,1,1,0,0,20,12,-4,67,0,1,0,0.202
59490,2.6493,0.4981,177.29,2.6560,0.5000,5,1,1,0,0,20,12,-4,67,0,1,0,0.197
59500,2.6494,0.4928,177.29,2.6560,0.4947,5,1,1,0,0,20,12,-4,67,0,1,0,0.191
59510,2.6495,0.4874,177.30,2.6560,0.4894,5,1,1,0,0,20,12,-4,67,0,1,0,0.186
59520,2.6495,0.4821,177.30,2.6560,0.4840,5,1,1,0,0,20,12,-4,67,0,1,0,0.181
59530,2.6496,0.4768,177.30,2.6560,0.4787,5,1,1,0,0,20,12,-4,67,0,1,0,0.175
59540,2.6497,0.4714,177.30,2.6560,0.4733,5,1,1,0,0,20,12,-4,67,0,1,0,0.170
59550,2.6497,0.4661,177.30,2.6560,0.4680,5,1,1,0,0,20,12,-4,67,0,1,0,0.164
59560,2.6498,0.4607,177.30,2.6560,0.4627,5,1,1,0,0,20,12,-3,67,1,1,0,0.159
59570,2.6498,0.4554,177.30,2.6560,0.4573,5,1,1,0,0,20,12,-3,67,1,1,0,0.154
59580,2.6498,0.4501,177.30,2.6560,0.4520,5,1,1,0,0,20,12,-3,67,1,1,0,0.148
59590,2.6498,0.4447,177.30,2.6560,0.4466,5,1,1,0,0,20,12,-3,67,1,1,0,0.143
59600,2.6498,0.4394,177.31,2.6560,0.4413,5,1,1,0,0,20,12,-3,67,1,1,0,0.138
59610,2.6498,0.4340,177.31,2.6560,0.4360,5,1,1,0,0,20,12,-3,67,1,0,0,0.132
59620,2.6497,0.4288,177.31,2.6560,0.4307,5,1,1,0,0,20,12,-3,65,1,0,0,0.127
59630,2.6497,0.4236,177.31,2.6560,0.4255,5,1,1,0,0,20,12,-3,63,1,0,0,0.122
59640,2.6497,0.4186,177.31,2.6560,0.4205,5,1,1,0,0,20,12,-3,62,1,0,0,0.117
59650,2.6497,0.4136,177.32,2.6560,0.4050,5,1,1,0,0,18,12,-3,57,1,0,0,0.102
59660,2.6498,0.4088,177.32,2.6560,0.4050,5,1,1,0,0,18,12,-3,57,1,0,0,0.102
59670,2.6498,0.4042,177.32,2.6560,0.4050,5,1,1,0,0,18,12,-3,57,1,0,0,0.102
59680,2.6498,0.3996,177.32,2.6560,0.4050,5,1,1,0,0,18,12,-3,57,1,0,0,0.102
59690,2.6498,0.3951,177.32,2.6560,0.4050,5,1,1,0,0,18,12,-3,57,1,0,0,0.102
59700,2.6499,0.3905,177.32,2.6560,0.3850,5,1,1,0,0,16,12,0,0,1,0,0,0.082
59710,2.6499,0.3861,177.32,2.6560,0.3850,5,1,1,0,0,16,12,-2,49,1,0,0,0.082
59720,2.6499,0.3819,177.32,2.6560,0.3850,5,1,1,0,0,16,12,-2,49,1,0,0,0.082
59730,2.6500,0.3778,177.32,2.6560,0.3850,5,1,1,0,0,16,12,-2,49,1,0,0,0.082
59740,2.6500,0.3740,177.32,2.6560,0.3850,5,1,1,0,0,16,12,-2,49,1,0,0,0.082
59750,2.6501,0.3704,177.32,2.6560,0.3650,5,1,1,0,0,14,12,-2,41,1,0,0,0.062
59760,2.6502,0.3669,177.32,2.6560,0.3650,5,1,1,0,0,14,12,-2,41,1,0,0,0.062
59770,2.6503,0.3637,177.32,2.6560,0.3650,5,1,1,0,0,14,12,-2,41,1,0,0,0.062
59780,2.6504,0.3607,177.32,2.6560,0.3650,5,1,1,0,0,14,12,-2,41,1,0,0,0.062
59790,2.6505,0.3578,177.32,2.6560,0.3650,5,1,1,0,0,14,12,-2,41,1,0,0,0.062
59800,2.6506,0.3552,177.32,2.6560,0.3550,5,1,1,0,0,13,12,-1,37,1,0,0,0.052
59810,2.6507,0.3527,177.32,2.6560,0.3550,5,1,1,0,0,13,12,-1,37,1,0,0,0.052
59820,2.6509,0.3505,177.32,2.6560,0.3550,5,1,1,0,0,13,12,-1,37,1,0,0,0.052
59830,2.6510,0.3485,177.32,2.6560,0.3550,5,1,1,0,0,13,12,-1,37,1,0,0,0.052
59840,2.6512,0.3466,177.32,2.6560,0.3550,5,1,1,0,0,13,12,-1,37,1,0,0,0.052
59850,2.6513,0.3450,177.33,2.6560,0.3450,5,1,1,0,0,12,12,-1,31,1,1,0,0.042
59860,2.6514,0.3435,177.33,2.6560,0.3450,5,1,1,0,0,12,12,-1,31,1,1,0,0.042
59870,2.6514,0.3421,177.33,2.6560,0.3450,5,1,1,0,0,12,12,-1,31,1,1,0,0.042
59880,2.6514,0.3407,177.33,2.6560,0.3450,5,1,1,0,0,12,12,-1,31,1,1,0,0.042
59890,2.6514,0.3392,177.33,2.6560,0.3450,5,1,1,0,0,12,12,-1,31,1,1,0,0.042
59900,2.6513,0.3377,177.34,2.6560,0.3350,5,1,1,0,0,11,12,-1,25,1,1,0,0.032
59910,2.6513,0.3362,177.34,2.6560,0.3350,5,1,1,0,0,11,12,-1,25,1,1,0,0.032
59920,2.6513,0.3348,177.34,2.6560,0.3350,5,1,1,0,0,11,12,-1,25,1,1,0,0.032
59930,2.6513,0.3333,177.34,2.6560,0.3350,5,1,1,0,0,11,12,-1,25,1,1,0,0.032
59940,2.6513,0.3318,177.34,2.6560,0.3350,5,1,1,0,0,11,12,-1,25,1,1,0,0.032
59950,2.6513,0.3302,177.34,2.6260,1.6600,5,1,0,0,1,10,12,0,0,0,0,0,1000.000
59960,2.6513,0.3287,177.34,2.6560,0.3250,5,1,0,0,1,10,12,0,0,0,0,0,1000.000
59970,2.6513,0.3274,177.34,2.6560,0.3250,5,1,0,0,1,10,12,0,0,0,0,0,1000.000
59980,2.6513,0.3263,177.34,2.6560,0.3250,5,1,0,0,1,10,12,0,0,0,0,0,1000.000
59990,2.6513,0.3253,177.35,2.6560,0.3250,5,1,0,0,1,10,12,0,0,0,0,0,1000.000
60000,2.6513,0.3245,177.35,2.6560,0.3150,5,1,0,0,1,9,12,0,0,0,0,0,1000.000
60010,2.6513,0.3240,177.36,2.6560,0.3150,5,1,0,0,1,9,12,0,0,0,0,0,1000.000
60020,2.6513,0.3236,177.36,2.6560,0.3150,5,1,0,0,1,9,12,0,0,0,0,0,1000.000
60030,2.6513,0.3234,177.37,2.6560,0.3150,5,1,0,0,1,9,12,0,0,0,0,0,1000.000
60040,2.6513,0.3234,177.37,2.6560,0.3150,5,1,0,0,1,9,12,0,0,0,0,0,1000.000
60050,2.6513,0.3234,177.37,2.6560,0.3150,5,1,0,0,1,9,12,0,0,0,0,0,1000.000
60060,2.6513,0.3234,177.38,2.6560,0.3150,5,1,0,0,1,9,12,0,0,0,0,0,1000.000
60070,2.6513,0.3234,177.38,2.6560,0.3150,5,1,0,0,1,9,12,0,0,0,0,0,1000.000
60080,2.6513,0.3234,177.38,2.6560,0.3150,5,1,0,0,1,9,12,0,0,0,0,0,1000.000
60090,2.6513,0.3234,177.39,2.6560,0.3150,5,1,0,0,1,9,12,0,0,0,0,0,1000.000
60100,2.6513,0.3234,177.39,2.6560,0.3150,5,1,0,0,1,9,12,0,0,0,0,0,1000.000
60110,2.6513,0.3234,177.39,2.6560,0.3150,5,1,0,0,1,9,12,0,0,0,0,0,1000.000
60120,2.6513,0.3234,177.39,2.6560,0.3150,5,1,0,0,1,9,12,0,0,0,0,0,1000.000
60130,2.6513,0.3234,177.40,2.6560,0.3150,5,1,0,0,1,9,12,0,0,0,0,0,1000.000
60140,2.6513,0.3234,177.40,2.6560,0.3150,5,1,0,0,1,9,12,0,0,0,0,0,1000.000
60150,2.6513,0.3234,177.40,2.6560,0.3150,5,1,0,0,1,9,12,0,0,0,0,0,1000.000
60160,2.6513,0.3234,177.41,2.6560,0.3150,5,1,0,0,1,9,12,0,0,0,0,0,1000.000
60170,2.6513,0.3234,177.41,2.6560,0.3150,5,1,0,0,1,9,12,0,0,0,0,0,1000.000
60180,2.6513,0.3234,177.41,2.6560,0.3150,5,1,0,0,1,9,12,0,0,0,0,0,1000.000
60190,2.6513,0.3234,177.41,2.6560,0.3150,5,1,0,0,1,9,12,0,0,0,0,0,1000.000
60200,2.6513,0.3234,177.42,2.6560,0.3150,5,1,0,0,1,9,12,0,0,0,0,0,1000.000
60210,2.6513,0.3234,177.42,2.6560,0.3150,5,1,0,0,1,9,12,0,0,0,0,0,1000.000
60220,2.6513,0.3234,177.42,2.6560,0.3150,5,1,0,0,1,9,12,0,0,0,0,0,1000.000
60230,2.6513,0.3234,177.43,2.6560,0.3150,5,1,0,0,1,9,12,0,0,0,0,0,1000.000
60240,2.6513,0.3234,177.43,2.6560,0.3150,5,1,0,0,1,9,12,0,0,0,0,0,1000.000
60250,2.6513,0.3234,177.43,2.6560,0.3150,5,1,0,0,1,9,12,0,0,0,0,0,1000.000
60260,2.6513,0.3234,177.44,2.6560,0.3150,5,1,0,0,1,9,12,0,0,0,0,0,1000.000
60270,2.6513,0.3234,177.44,2.6560,0.3150,5,1,0,0,1,9,12,0,0,0,0,0,1000.000
60280,2.6513,0.3234,177.44,2.6560,0.3150,5,1,0,0,1,9,12,0,0,0,0,0,1000.000
60290,2.6513,0.3234,177.45,2.6560,0.3150,5,1,0,0,1,9,12,0,0,0,0,0,1000.000
60300,2.6513,0.3234,177.45,2.6560,0.3150,5,1,0,0,1,9,12,0,0,0,0,0,1000.000
60310,2.6513,0.3234,177.45,2.6560,0.3150,5,1,0,0,1,9,12,0,0,0,0,0,1000.000
60320,2.6513,0.3234,177.46,2.6560,0.3150,5,1,0,0,1,9,12,0,0,0,0,0,1000.000
60330,2.6513,0.3234,177.46,2.6560,0.3150,5,1,0,0,1,9,12,0,0,0,0,0,1000.000
60340,2.6513,0.3234,177.46,2.6560,0.3150,5,1,0,0,1,9,12,0,0,0,0,0,1000.000
60350,2.6513,0.3234,177.46,2.6560,0.3150,5,1,0,0,1,9,12,0,0,0,0,0,1000.000
60360,2.6513,0.3234,177.47,2.6560,0.3150,5,1,0,0,1,9,12,0,0,0,0,0,1000.000
60370,2.6513,0.3234,177.47,2.6560,0.3150,5,1,0,0,1,9,12,0,0,0,0,0,1000.000
60380,2.6513,0.3234,177.47,2.6560,0.3150,5,1,0,0,1,9,12,0,0,0,0,0,1000.000
60390,2.6513,0.3234,177.48,2.6560,0.3150,5,1,0,0,1,9,12,0,0,0,0,0,1000.000
60400,2.6513,0.3234,177.48,2.6560,0.3150,5,1,0,0,1,9,12,0,0,0,0,0,1000.000
60410,2.6513,0.3234,177.48,2.6560,0.3150,5,1,0,0,1,9,12,0,0,0,0,0,1000.000
60420,2.6513,0.3234,177.49,2.6560,0.3150,5,1,0,0,1,9,12,0,0,0,0,0,1000.000
60430,2.6513,0.3234,177.49,2.6560,0.3150,5,1,0,0,1,9,12,0,0,0,0,0,1000.000
60440,2.6513,0.3234,177.49,2.6560,0.3150,5,1,0,0,1,9,12,0,0,0,0,0,1000.000
60450,2.6513,0.3234,177.49,2.6560,0.3150,5,1,0,0,1,9,12,0,0,0,0,0,1000.000
60460,2.6513,0.3234,177.50,2.6560,0.3150,5,1,0,0,1,9,12,0,0,0,0,0,1000.000
60470,2.6513,0.3234,177.50,2.6560,0.3150,5,1,0,0,1,9,12,0,0,0,0,0,1000.000
60480,2.6513,0.3234,177.50,2.6560,0.3150,5,1,0,0,1,9,12,0,0,0,0,0,1000.000
60490,2.6513,0.3234,177.51,2.6560,0.3150,5,1,0,0,1,9,12,0,0,0,0,0,1000.000
60500,2.6513,0.3234,177.51,2.6560,0.3150,5,1,0,0,1,9,12,0,0,0,0,0,1000.000
60510,2.6513,0.3234,177.51,2.6560,0.3150,5,1,0,0,1,9,12,0,0,0,0,0,1000.000
60520,2.6513,0.3234,177.51,2.6560,0.3150,5,1,0,0,1,9,12,0,0,0,0,0,1000.000
60530,2.6513,0.3234,177.51,2.6560,0.3150,5,1,0,0,1,9,12,0,0,0,0,0,1000.000
60540,2.6513,0.3234,177.52,2.6560,0.3150,5,1,0,0,1,9,12,0,0,0,0,0,1000.000
60550,2.6513,0.3234,177.52,2.6560,0.3150,5,1,0,0,1,9,12,0,0,0,0,0,1000.000
60560,2.6513,0.3234,177.52,2.6560,0.3150,5,1,0,0,1,9,12,0,0,0,0,0,1000.000
60570,2.6513,0.3234,177.52,2.6560,0.3150,5,1,0,0,1,9,12,0,0,0,0,0,1000.000
60580,2.6513,0.3234,177.52,2.6560,0.3150,5,1,0,0,1,9,12,0,0,0,0,0,1000.000
60590,2.6513,0.3234,177.53,2.6560,0.3150,5,1,0,0,1,9,12,0,0,0,0,0,1000.000
60600,2.6513,0.3234,177.53,2.6560,0.3150,5,1,0,0,1,9,12,0,0,0,0,0,1000.000
60610,2.6513,0.3234,177.53,2.6560,0.3150,5,1,0,0,1,9,12,0,0,0,0,0,1000.000
60620,2.6513,0.3234,177.53,2.6560,0.3150,5,1,0,0,1,9,12,0,0,0,0,0,1000.000
60630,2.6513,0.3234,177.53,2.6560,0.3150,5,1,0,0,1,9,12,0,0,0,0,0,1000.000
60640,2.6513,0.3234,177.54,2.6560,0.3150,5,1,0,0,1,9,12,0,0,0,0,0,1000.000
60650,2.6513,0.3234,177.54,2.6560,0.3150,5,1,0,0,1,9,12,0,0,0,0,0,1000.000
60660,2.6513,0.3234,177.54,2.6560,0.3150,5,1,0,0,1,9,12,0,0,0,0,0,1000.000
60670,2.6513,0.3234,177.54,2.6560,0.3150,5,1,0,0,1,9,12,0,0,0,0,0,1000.000
60680,2.6513,0.3234,177.54,2.6560,0.3150,5,1,0,0,1,9,12,0,0,0,0,0,1000.000
60690,2.6513,0.3234,177.55,2.6560,0.3150,5,1,0,0,1,9,12,0,0,0,0,0,1000.000
60700,2.6513,0.3234,177.55,2.6560,0.3150,5,1,0,0,1,9,12,0,0,0,0,0,1000.000
60710,2.6513,0.3234,177.55,2.6560,0.3150,5,1,0,0,1,9,12,0,0,0,0,0,1000.000
60720,2.6513,0.3234,177.55,2.6560,0.3150,5,1,0,0,1,9,12,0,0,0,0,0,1000.000
60730,2.6513,0.3234,177.55,2.6560,0.3150,5,1,0,0,1,9,12,0,0,0,0,0,1000.000
60740,2.6513,0.3234,177.56,2.6560,0.3150,5,1,0,0,1,9,12,0,0,0,0,0,1000.000
60750,2.6513,0.3234,177.56,2.6560,0.3150,5,1,0,0,1,9,12,0,0,0,0,0,1000.000
60760,2.6513,0.3234,177.56,2.6560,0.3150,5,1,0,0,1,9,12,0,0,0,0,0,1000.000
60770,2.6513,0.3234,177.57,2.6560,0.3150,5,1,0,0,1,9,12,0,0,0,0,0,1000.000
60780,2.6513,0.3234,177.57,2.6560,0.3150,5,1,0,0,1,9,12,0,0,0,0,0,1000.000
60790,2.6513,0.3234,177.57,2.6560,0.3150,5,1,0,0,1,9,12,0,0,0,0,0,1000.000
60800,2.6513,0.3234,177.57,2.6560,0.3150,5,1,0,0,1,9,12,0,0,0,0,0,1000.000
60810,2.6513,0.3234,177.57,2.6560,0.3150,5,1,0,0,1,9,12,0,0,0,0,0,1000.000
60820,2.6513,0.3234,177.58,2.6560,0.3150,5,1,0,0,1,9,12,0,0,0,0,0,1000.000
60830,2.6513,0.3234,177.58,2.6560,0.3150,5,1,0,0,1,9,12,0,0,0,0,0,1000.000
60840,2.6513,0.3234,177.58,2.6560,0.3150,5,1,0,0,1,9,12,0,0,0,0,0,1000.000
60850,2.6513,0.3234,177.58,2.6560,0.3150,5,1,0,0,1,9,12,0,0,0,0,0,1000.000
60860,2.6513,0.3234,177.58,2.6560,0.3150,5,1,0,0,1,9,12,0,0,0,0,0,1000.000
60870,2.6513,0.3234,177.59,2.6560,0.3150,5,1,0,0,1,9,12,0,0,0,0,0,1000.000
60880,2.6513,0.3234,177.59,2.6560,0.3150,5,1,0,0,1,9,12,0,0,0,0,0,1000.000
60890,2.6513,0.3234,177.59,2.6560,0.3150,5,1,0,0,1,9,12,0,0,0,0,0,1000.000
60900,2.6513,0.3234,177.59,2.6560,0.3150,5,1,0,0,1,9,12,0,0,0,0,0,1000.000
60910,2.6513,0.3234,177.59,2.6560,0.3150,5,1,0,0,1,9,12,0,0,0,0,0,1000.000
60920,2.6513,0.3234,177.60,2.6560,0.3150,5,1,0,0,1,9,12,0,0,0,0,0,1000.000
60930,2.6513,0.3234,177.60,2.6560,0.3150,5,1,0,0,1,9,12,0,0,0,0,0,1000.000
60940,2.6513,0.3234,177.60,2.6560,0.3150,5,1,0,0,1,9,12,0,0,0,0,0,1000.000
60950,2.6513,0.3234,177.60,2.6560,0.3150,5,1,0,0,1,9,12,0,0,0,0,0,1000.000
