t_ms,true_x,true_y,yaw_deg,map_x,map_y,seg,return_mode,single_axis,route_complete,return_complete,front_cm,left_cm,out_vx,out_vy,map_lim,front_lim,left_lim,clearance
0,2.6260,0.3085,0.00,0.0000,0.0000,0,0,0,0,0,20,20,0,0,0,0,0,1000.000
10,2.6260,0.3085,0.00,0.0000,0.0000,0,0,0,0,0,20,20,0,0,0,0,0,1000.000
20,2.6260,0.3085,0.00,0.0000,0.0000,0,0,0,0,0,20,20,0,0,0,0,0,1000.000
30,2.6260,0.3085,0.00,0.0000,0.0000,0,0,0,0,0,20,20,0,0,0,0,0,1000.000
40,2.6260,0.3085,0.00,0.0000,0.0000,0,0,0,0,0,20,20,0,0,0,0,0,1000.000
50,2.6260,0.3085,0.00,0.0000,0.0000,0,0,0,0,0,20,20,0,0,0,0,0,1000.000
60,2.6260,0.3085,0.00,0.0000,0.0000,0,0,0,0,0,20,20,0,0,0,0,0,1000.000
70,2.6260,0.3085,0.00,0.0000,0.0000,0,0,0,0,0,20,20,0,0,0,0,0,1000.000
80,2.6260,0.3085,0.00,0.0000,0.0000,0,0,0,0,0,20,20,0,0,0,0,0,1000.000
90,2.6260,0.3085,0.00,0.0000,0.0000,0,0,0,0,0,20,20,0,0,0,0,0,1000.000
100,2.6260,0.3085,0.00,0.0000,0.0000,0,0,0,0,0,20,20,0,0,0,0,0,1000.000
110,2.6260,0.3085,0.00,0.0000,0.0000,0,0,0,0,0,20,20,0,0,0,0,0,1000.000
120,2.6260,0.3085,0.00,0.0000,0.0000,0,0,0,0,0,20,20,0,0,0,0,0,1000.000
130,2.6260,0.3085,0.00,0.0000,0.0000,0,0,0,0,0,20,20,0,0,0,0,0,1000.000
140,2.6260,0.3085,0.00,0.0000,0.0000,0,0,0,0,0,20,20,0,0,0,0,0,1000.000
150,2.6260,0.3085,0.00,0.0000,0.0000,0,0,0,0,0,20,20,0,0,0,0,0,1000.000
160,2.6260,0.3085,0.00,0.0000,0.0000,0,0,0,0,0,20,20,0,0,0,0,0,1000.000
170,2.6260,0.3085,0.00,0.0000,0.0000,0,0,0,0,0,20,20,0,0,0,0,0,1000.000
180,2.6260,0.3085,0.00,0.0000,0.0000,0,0,0,0,0,20,20,0,0,0,0,0,1000.000
190,2.6260,0.3085,0.00,0.0000,0.0000,0,0,0,0,0,20,20,0,0,0,0,0,1000.000
200,2.6260,0.3085,0.00,0.0000,0.0000,0,0,0,0,0,20,20,0,0,0,0,0,1000.000
210,2.6260,0.3085,0.00,0.0000,0.0000,0,0,0,0,0,20,20,0,0,0,0,0,1000.000
220,2.6260,0.3085,0.00,0.0000,0.0000,0,0,0,0,0,20,20,0,0,0,0,0,1000.000
230,2.6260,0.3085,0.00,0.0000,0.0000,0,0,0,0,0,20,20,0,0,0,0,0,1000.000
240,2.6260,0.3085,0.00,0.0000,0.0000,0,0,0,0,0,20,20,0,0,0,0,0,1000.000
250,2.6260,0.3085,0.00,0.0000,0.0000,0,0,0,0,0,20,20,0,0,0,0,0,1000.000
260,2.6260,0.3085,0.00,0.0000,0.0000,0,0,0,0,0,20,20,0,0,0,0,0,1000.000
270,2.6260,0.3085,0.00,0.0000,0.0000,0,0,0,0,0,20,20,0,0,0,0,0,1000.000
280,2.6260,0.3085,0.00,0.0000,0.0000,0,0,0,0,0,20,20,0,0,0,0,0,1000.000
290,2.6260,0.3085,0.00,0.0000,0.0000,0,0,0,0,0,20,20,0,0,0,0,0,1000.000
300,2.6260,0.3085,0.00,0.0000,0.0000,0,0,0,0,0,20,20,0,0,0,0,0,1000.000
310,2.6260,0.3085,0.00,0.0000,0.0000,0,0,0,0,0,20,20,0,0,0,0,0,1000.000
320,2.6260,0.3085,0.00,0.0000,0.0000,0,0,0,0,0,20,20,0,0,0,0,0,1000.000
330,2.6260,0.3085,0.00,0.0000,0.0000,0,0,0,0,0,20,20,0,0,0,0,0,1000.000
340,2.6260,0.3085,0.00,0.0000,0.0000,0,0,0,0,0,20,20,0,0,0,0,0,1000.000
350,2.6260,0.3085,0.00,0.0000,0.0000,0,0,0,0,0,20,20,0,0,0,0,0,1000.000
360,2.6260,0.3085,0.00,0.0000,0.0000,0,0,0,0,0,20,20,0,0,0,0,0,1000.000
370,2.6260,0.3085,0.00,0.0000,0.0000,0,0,0,0,0,20,20,0,0,0,0,0,1000.000
380,2.6260,0.3085,0.00,0.0000,0.0000,0,0,0,0,0,20,20,0,0,0,0,0,1000.000
390,2.6260,0.3085,0.00,0.0000,0.0000,0,0,0,0,0,20,20,0,0,0,0,0,1000.000
400,2.6260,0.3085,0.00,0.0000,0.0000,0,0,0,0,0,20,20,0,0,0,0,0,1000.000
410,2.6260,0.3085,0.00,0.0000,0.0000,0,0,0,0,0,20,20,0,0,0,0,0,1000.000
420,2.6260,0.3085,0.00,0.0000,0.0000,0,0,0,0,0,20,20,0,0,0,0,0,1000.000
430,2.6260,0.3085,0.00,0.0000,0.0000,0,0,0,0,0,20,20,0,0,0,0,0,1000.000
440,2.6260,0.3085,0.00,0.0000,0.0000,0,0,0,0,0,20,20,0,0,0,0,0,1000.000
450,2.6260,0.3085,0.00,0.0000,0.0000,0,0,0,0,0,20,20,0,0,0,0,0,1000.000
460,2.6260,0.3085,0.00,0.0000,0.0000,0,0,0,0,0,20,20,0,0,0,0,0,1000.000
470,2.6260,0.3085,0.00,0.0000,0.0000,0,0,0,0,0,20,20,0,0,0,0,0,1000.000
480,2.6260,0.3085,0.00,0.0000,0.0000,0,0,0,0,0,20,20,0,0,0,0,0,1000.000
490,2.6260,0.3085,0.00,0.0000,0.0000,0,0,0,0,0,20,20,0,0,0,0,0,1000.000
500,2.6260,0.3085,0.00,0.0000,0.0000,0,0,0,0,0,20,20,0,0,0,0,0,1000.000
510,2.6260,0.3085,0.00,0.0000,0.0000,0,0,0,0,0,20,20,0,0,0,0,0,1000.000
520,2.6260,0.3085,0.00,0.0000,0.0000,0,0,0,0,0,20,20,0,0,0,0,0,1000.000
530,2.6260,0.3085,0.00,0.0000,0.0000,0,0,0,0,0,20,20,0,0,0,0,0,1000.000
540,2.6260,0.3085,0.00,0.0000,0.0000,0,0,0,0,0,20,20,0,0,0,0,0,1000.000
550,2.6260,0.3085,0.00,0.0000,0.0000,0,0,0,0,0,20,20,0,0,0,0,0,1000.000
560,2.6260,0.3085,0.00,0.0000,0.0000,0,0,0,0,0,20,20,0,0,0,0,0,1000.000
570,2.6260,0.3085,0.00,0.0000,0.0000,0,0,0,0,0,20,20,0,0,0,0,0,1000.000
580,2.6260,0.3085,0.00,0.0000,0.0000,0,0,0,0,0,20,20,0,0,0,0,0,1000.000
590,2.6260,0.3085,0.00,0.0000,0.0000,0,0,0,0,0,20,20,0,0,0,0,0,1000.000
600,2.6260,0.3085,0.00,0.0000,0.0000,0,0,0,0,0,20,20,0,0,0,0,0,1000.000
610,2.6260,0.3085,0.00,0.0000,0.0000,0,0,0,0,0,20,20,0,0,0,0,0,1000.000
620,2.6260,0.3085,0.00,0.0000,0.0000,0,0,0,0,0,20,20,0,0,0,0,0,1000.000
630,2.6260,0.3085,0.00,0.0000,0.0000,0,0,0,0,0,20,20,0,0,0,0,0,1000.000
640,2.6260,0.3085,0.00,0.0000,0.0000,0,0,0,0,0,20,20,0,0,0,0,0,1000.000
650,2.6260,0.3085,0.00,0.0000,0.0000,0,0,0,0,0,20,20,0,0,0,0,0,1000.000
660,2.6260,0.3085,0.00,0.0000,0.0000,0,0,0,0,0,20,20,0,0,0,0,0,1000.000
670,2.6260,0.3085,0.00,0.0000,0.0000,0,0,0,0,0,20,20,0,0,0,0,0,1000.000
680,2.6260,0.3085,0.00,0.0000,0.0000,0,0,0,0,0,20,20,0,0,0,0,0,1000.000
690,2.6260,0.3085,0.00,0.0000,0.0000,0,0,0,0,0,20,20,0,0,0,0,0,1000.000
700,2.6260,0.3085,0.00,0.0000,0.0000,0,0,0,0,0,20,20,0,0,0,0,0,1000.000
710,2.6260,0.3085,0.00,0.0000,0.0000,0,0,0,0,0,20,20,0,0,0,0,0,1000.000
720,2.6260,0.3085,0.00,0.0000,0.0000,0,0,0,0,0,20,20,0,0,0,0,0,1000.000
730,2.6260,0.3085,0.00,0.0000,0.0000,0,0,0,0,0,20,20,0,0,0,0,0,1000.000
740,2.6260,0.3085,0.00,0.0000,0.0000,0,0,0,0,0,20,20,0,0,0,0,0,1000.000
750,2.6260,0.3085,0.00,0.0000,0.0000,0,0,0,0,0,20,20,0,0,0,0,0,1000.000
760,2.6260,0.3085,0.00,0.0000,0.0000,0,0,0,0,0,20,20,0,0,0,0,0,1000.000
770,2.6260,0.3085,0.00,0.0000,0.0000,0,0,0,0,0,20,20,0,0,0,0,0,1000.000
780,2.6260,0.3085,0.00,0.0000,0.0000,0,0,0,0,0,20,20,0,0,0,0,0,1000.000
790,2.6260,0.3085,0.00,0.0000,0.0000,0,0,0,0,0,20,20,0,0,0,0,0,1000.000
800,2.6260,0.3085,0.00,0.0000,0.0000,0,0,0,0,0,20,20,0,0,0,0,0,1000.000
810,2.6260,0.3085,0.00,0.0000,0.0000,0,0,0,0,0,20,20,0,0,0,0,0,1000.000
820,2.6260,0.3085,0.00,0.0000,0.0000,0,0,0,0,0,20,20,0,0,0,0,0,1000.000
830,2.6260,0.3085,0.00,0.0000,0.0000,0,0,0,0,0,20,20,0,0,0,0,0,1000.000
840,2.6260,0.3085,0.00,0.0000,0.0000,0,0,0,0,0,20,20,0,0,0,0,0,1000.000
850,2.6260,0.3085,0.00,0.0000,0.0000,0,0,0,0,0,20,20,0,0,0,0,0,1000.000
860,2.6260,0.3085,0.00,0.0000,0.0000,0,0,0,0,0,20,20,0,0,0,0,0,1000.000
870,2.6260,0.3085,0.00,0.0000,0.0000,0,0,0,0,0,20,20,0,0,0,0,0,1000.000
880,2.6260,0.3085,0.00,0.0000,0.0000,0,0,0,0,0,20,20,0,0,0,0,0,1000.000
890,2.6260,0.3085,0.00,0.0000,0.0000,0,0,0,0,0,20,20,0,0,0,0,0,1000.000
900,2.6260,0.3085,0.00,0.0000,0.0000,0,0,0,0,0,20,20,0,0,0,0,0,1000.000
910,2.6260,0.3085,0.00,0.0000,0.0000,0,0,0,0,0,20,20,0,0,0,0,0,1000.000
920,2.6260,0.3085,0.00,0.0000,0.0000,0,0,0,0,0,20,20,0,0,0,0,0,1000.000
930,2.6260,0.3085,0.00,0.0000,0.0000,0,0,0,0,0,20,20,0,0,0,0,0,1000.000
940,2.6260,0.3085,0.00,0.0000,0.0000,0,0,0,0,0,20,20,0,0,0,0,0,1000.000
950,2.6260,0.3085,0.00,0.0000,0.0000,0,0,0,0,0,20,20,0,0,0,0,0,1000.000
960,2.6260,0.3085,0.00,0.0000,0.0000,0,0,0,0,0,20,20,0,0,0,0,0,1000.000
970,2.6260,0.3085,0.00,0.0000,0.0000,0,0,0,0,0,20,20,0,0,0,0,0,1000.000
980,2.6260,0.3085,0.00,0.0000,0.0000,0,0,0,0,0,20,20,0,0,0,0,0,1000.000
990,2.6260,0.3085,0.00,0.0000,0.0000,0,0,0,0,0,20,20,0,0,0,0,0,1000.000
1000,2.6260,0.3085,0.00,0.0000,0.0000,0,0,0,0,0,20,20,0,0,0,0,0,1000.000
1010,2.6260,0.3085,0.00,0.0000,0.0000,0,0,0,0,0,20,20,0,0,0,0,0,1000.000
1020,2.6260,0.3085,0.00,0.0000,0.0000,0,0,0,0,0,20,20,0,0,0,0,0,1000.000
1030,2.6260,0.3085,0.00,0.0000,0.0000,0,0,0,0,0,20,20,0,0,0,0,0,1000.000
1040,2.6260,0.3085,0.00,0.0000,0.0000,0,0,0,0,0,20,20,0,0,0,0,0,1000.000
1050,2.6260,0.3085,0.00,0.0000,0.0000,0,0,0,0,0,20,20,0,0,0,0,0,1000.000
1060,2.6260,0.3085,0.00,0.0000,0.0000,0,0,0,0,0,20,20,0,0,0,0,0,1000.000
1070,2.6260,0.3085,0.00,0.0000,0.0000,0,0,0,0,0,20,20,0,0,0,0,0,1000.000
1080,2.6260,0.3085,0.00,0.0000,0.0000,0,0,0,0,0,20,20,0,0,0,0,0,1000.000
1090,2.6260,0.3085,0.00,0.0000,0.0000,0,0,0,0,0,20,20,0,0,0,0,0,1000.000
1100,2.6260,0.3085,0.00,0.0000,0.0000,0,0,0,0,0,20,20,0,0,0,0,0,1000.000
1110,2.6260,0.3085,0.00,0.0000,0.0000,0,0,0,0,0,20,20,0,0,0,0,0,1000.000
1120,2.6260,0.3085,0.00,0.0000,0.0000,0,0,0,0,0,20,20,0,0,0,0,0,1000.000
1130,2.6260,0.3085,0.00,0.0000,0.0000,0,0,0,0,0,20,20,0,0,0,0,0,1000.000
1140,2.6260,0.3085,0.00,0.0000,0.0000,0,0,0,0,0,20,20,0,0,0,0,0,1000.000
1150,2.6260,0.3085,0.00,0.0000,0.0000,0,0,0,0,0,20,20,0,0,0,0,0,1000.000
1160,2.6260,0.3085,0.00,0.0000,0.0000,0,0,0,0,0,20,20,0,0,0,0,0,1000.000
1170,2.6260,0.3085,0.00,0.0000,0.0000,0,0,0,0,0,20,20,0,0,0,0,0,1000.000
1180,2.6260,0.3085,0.00,0.0000,0.0000,0,0,0,0,0,20,20,0,0,0,0,0,1000.000
1190,2.6260,0.3085,0.00,0.0000,0.0000,0,0,0,0,0,20,20,0,0,0,0,0,1000.000
1200,2.6260,0.3085,0.00,0.0000,0.0000,0,0,0,0,0,20,20,0,0,0,0,0,1000.000
1210,2.6260,0.3085,0.00,0.0000,0.0000,0,0,0,0,0,20,20,0,0,0,0,0,1000.000
1220,2.6260,0.3085,0.00,0.0000,0.0000,0,0,0,0,0,20,20,0,0,0,0,0,1000.000
1230,2.6260,0.3085,0.00,0.0000,0.0000,0,0,0,0,0,20,20,0,0,0,0,0,1000.000
1240,2.6260,0.3085,0.00,0.0000,0.0000,0,0,0,0,0,20,20,0,0,0,0,0,1000.000
1250,2.6260,0.3085,0.00,0.0000,0.0000,0,0,0,0,0,20,20,0,0,0,0,0,1000.000
1260,2.6260,0.3085,0.00,0.0000,0.0000,0,0,0,0,0,20,20,0,0,0,0,0,1000.000
1270,2.6260,0.3085,0.00,0.0000,0.0000,0,0,0,0,0,20,20,0,0,0,0,0,1000.000
1280,2.6260,0.3085,0.00,0.0000,0.0000,0,0,0,0,0,20,20,0,0,0,0,0,1000.000
1290,2.6260,0.3085,0.00,0.0000,0.0000,0,0,0,0,0,20,20,0,0,0,0,0,1000.000
1300,2.6260,0.3085,0.00,0.0000,0.0000,0,0,0,0,0,20,20,0,0,0,0,0,1000.000
1310,2.6260,0.3085,0.00,0.0000,0.0000,0,0,0,0,0,20,20,0,0,0,0,0,1000.000
1320,2.6260,0.3085,0.00,0.0000,0.0000,0,0,0,0,0,20,20,0,0,0,0,0,1000.000
1330,2.6260,0.3085,0.00,0.0000,0.0000,0,0,0,0,0,20,20,0,0,0,0,0,1000.000
1340,2.6260,0.3085,0.00,0.0000,0.0000,0,0,0,0,0,20,20,0,0,0,0,0,1000.000
1350,2.6260,0.3085,0.00,0.0000,0.0000,0,0,0,0,0,20,20,0,0,0,0,0,1000.000
1360,2.6260,0.3085,0.00,0.0000,0.0000,0,0,0,0,0,20,20,0,0,0,0,0,1000.000
1370,2.6260,0.3085,0.00,0.0000,0.0000,0,0,0,0,0,20,20,0,0,0,0,0,1000.000
1380,2.6260,0.3085,0.00,0.0000,0.0000,0,0,0,0,0,20,20,0,0,0,0,0,1000.000
1390,2.6260,0.3085,0.00,0.0000,0.0000,0,0,0,0,0,20,20,0,0,0,0,0,1000.000
1400,2.6260,0.3085,0.00,0.0000,0.0000,0,0,0,0,0,20,20,0,0,0,0,0,1000.000
1410,2.6260,0.3085,0.00,0.0000,0.0000,0,0,0,0,0,20,20,0,0,0,0,0,1000.000
1420,2.6260,0.3085,0.00,0.0000,0.0000,0,0,0,0,0,20,20,0,0,0,0,0,1000.000
1430,2.6260,0.3085,0.00,0.0000,0.0000,0,0,0,0,0,20,20,0,0,0,0,0,1000.000
1440,2.6260,0.3085,0.00,0.0000,0.0000,0,0,0,0,0,20,20,0,0,0,0,0,1000.000
1450,2.6260,0.3085,0.00,0.0000,0.0000,0,0,0,0,0,20,20,0,0,0,0,0,1000.000
1460,2.6260,0.3085,0.00,0.0000,0.0000,0,0,0,0,0,20,20,0,0,0,0,0,1000.000
1470,2.6260,0.3085,0.00,0.0000,0.0000,0,0,0,0,0,20,20,0,0,0,0,0,1000.000
1480,2.6260,0.3085,0.00,0.0000,0.0000,0,0,0,0,0,20,20,0,0,0,0,0,1000.000
1490,2.6260,0.3085,0.00,0.0000,0.0000,0,0,0,0,0,20,20,0,0,0,0,0,1000.000
1500,2.6260,0.3085,0.00,0.0000,0.0000,0,0,0,0,0,20,20,0,0,0,0,0,1000.000
1510,2.6260,0.3085,0.00,0.0000,0.0000,0,0,0,0,0,20,20,0,0,0,0,0,1000.000
1520,2.6260,0.3085,0.00,0.0000,0.0000,0,0,0,0,0,20,20,0,0,0,0,0,1000.000
1530,2.6260,0.3085,0.00,0.0000,0.0000,0,0,0,0,0,20,20,0,0,0,0,0,1000.000
1540,2.6260,0.3085,0.00,0.0000,0.0000,0,0,0,0,0,20,20,0,0,0,0,0,1000.000
1550,2.6260,0.3085,0.00,0.0000,0.0000,0,0,0,0,0,20,20,0,0,0,0,0,1000.000
1560,2.6260,0.3085,0.00,0.0000,0.0000,0,0,0,0,0,20,20,0,0,0,0,0,1000.000
1570,2.6260,0.3085,0.00,0.0000,0.0000,0,0,0,0,0,20,20,0,0,0,0,0,1000.000
1580,2.6260,0.3085,0.00,0.0000,0.0000,0,0,0,0,0,20,20,0,0,0,0,0,1000.000
1590,2.6260,0.3085,0.00,0.0000,0.0000,0,0,0,0,0,20,20,0,0,0,0,0,1000.000
1600,2.6260,0.3085,0.00,0.0000,0.0000,0,0,0,0,0,20,20,0,0,0,0,0,1000.000
1610,2.6260,0.3085,0.00,0.0000,0.0000,0,0,0,0,0,20,20,0,0,0,0,0,1000.000
1620,2.6260,0.3085,0.00,0.0000,0.0000,0,0,0,0,0,20,20,0,0,0,0,0,1000.000
1630,2.6260,0.3085,0.00,0.0000,0.0000,0,0,0,0,0,20,20,0,0,0,0,0,1000.000
1640,2.6260,0.3085,0.00,0.0000,0.0000,0,0,0,0,0,20,20,0,0,0,0,0,1000.000
1650,2.6260,0.3085,0.00,0.0000,0.0000,0,0,0,0,0,20,20,0,0,0,0,0,1000.000
1660,2.6260,0.3085,0.00,0.0000,0.0000,0,0,0,0,0,20,20,0,0,0,0,0,1000.000
1670,2.6260,0.3085,0.00,0.0000,0.0000,0,0,0,0,0,20,20,0,0,0,0,0,1000.000
1680,2.6260,0.3085,0.00,0.0000,0.0000,0,0,0,0,0,20,20,0,0,0,0,0,1000.000
1690,2.6260,0.3085,0.00,0.0000,0.0000,0,0,0,0,0,20,20,0,0,0,0,0,1000.000
1700,2.6260,0.3085,0.00,0.0000,0.0000,0,0,0,0,0,20,20,0,0,0,0,0,1000.000
1710,2.6260,0.3085,0.00,0.0000,0.0000,0,0,0,0,0,20,20,0,0,0,0,0,1000.000
1720,2.6260,0.3085,0.00,0.0000,0.0000,0,0,0,0,0,20,20,0,0,0,0,0,1000.000
1730,2.6260,0.3085,0.00,0.0000,0.0000,0,0,0,0,0,20,20,0,0,0,0,0,1000.000
1740,2.6260,0.3085,0.00,0.0000,0.0000,0,0,0,0,0,20,20,0,0,0,0,0,1000.000
1750,2.6260,0.3085,0.00,0.0000,0.0000,0,0,0,0,0,20,20,0,0,0,0,0,1000.000
1760,2.6260,0.3085,0.00,0.0000,0.0000,0,0,0,0,0,20,20,0,0,0,0,0,1000.000
1770,2.6260,0.3085,0.00,0.0000,0.0000,0,0,0,0,0,20,20,0,0,0,0,0,1000.000
1780,2.6260,0.3085,0.00,0.0000,0.0000,0,0,0,0,0,20,20,0,0,0,0,0,1000.000
1790,2.6260,0.3085,0.00,0.0000,0.0000,0,0,0,0,0,20,20,0,0,0,0,0,1000.000
1800,2.6260,0.3085,0.00,0.0000,0.0000,0,0,0,0,0,20,20,0,0,0,0,0,1000.000
1810,2.6260,0.3085,0.00,0.0000,0.0000,0,0,0,0,0,20,20,0,0,0,0,0,1000.000
1820,2.6260,0.3085,0.00,0.0000,0.0000,0,0,0,0,0,20,20,0,0,0,0,0,1000.000
1830,2.6260,0.3085,0.00,0.0000,0.0000,0,0,0,0,0,20,20,0,0,0,0,0,1000.000
1840,2.6260,0.3085,0.00,0.0000,0.0000,0,0,0,0,0,20,20,0,0,0,0,0,1000.000
1850,2.6260,0.3085,0.00,0.0000,0.0000,0,0,0,0,0,20,20,0,0,0,0,0,1000.000
1860,2.6260,0.3085,0.00,0.0000,0.0000,0,0,0,0,0,20,20,0,0,0,0,0,1000.000
1870,2.6260,0.3085,0.00,0.0000,0.0000,0,0,0,0,0,20,20,0,0,0,0,0,1000.000
1880,2.6260,0.3085,0.00,0.0000,0.0000,0,0,0,0,0,20,20,0,0,0,0,0,1000.000
1890,2.6260,0.3085,0.00,0.0000,0.0000,0,0,0,0,0,20,20,0,0,0,0,0,1000.000
1900,2.6260,0.3085,0.00,0.0000,0.0000,0,0,0,0,0,20,20,0,0,0,0,0,1000.000
1910,2.6260,0.3085,0.00,0.0000,0.0000,0,0,0,0,0,20,20,0,0,0,0,0,1000.000
1920,2.6260,0.3085,0.00,0.0000,0.0000,0,0,0,0,0,20,20,0,0,0,0,0,1000.000
1930,2.6260,0.3085,0.00,0.0000,0.0000,0,0,0,0,0,20,20,0,0,0,0,0,1000.000
1940,2.6260,0.3085,0.00,0.0000,0.0000,0,0,0,0,0,20,20,0,0,0,0,0,1000.000
1950,2.6260,0.3085,0.00,0.0000,0.0000,0,0,0,0,0,20,20,0,0,0,0,0,1000.000
1960,2.6260,0.3085,0.00,0.0000,0.0000,0,0,0,0,0,20,20,0,0,0,0,0,1000.000
1970,2.6260,0.3085,0.00,0.0000,0.0000,0,0,0,0,0,20,20,0,0,0,0,0,1000.000
1980,2.6260,0.3085,0.00,0.0000,0.0000,0,0,0,0,0,20,20,0,0,0,0,0,1000.000
1990,2.6260,0.3085,0.00,0.0000,0.0000,0,0,0,0,0,20,20,0,0,0,0,0,1000.000
2000,2.6260,0.3085,0.00,0.0000,0.0000,0,0,0,0,0,20,20,0,0,0,0,0,1000.000
2010,2.6260,0.3085,0.00,0.0000,0.0000,0,0,0,0,0,20,20,0,0,0,0,0,1000.000
2020,2.6260,0.3085,0.00,0.0000,0.0000,0,0,0,0,0,20,20,0,0,0,0,0,1000.000
2030,2.6260,0.3085,0.00,0.0000,0.0000,0,0,0,0,0,20,20,0,0,0,0,0,1000.000
2040,2.6260,0.3085,0.00,0.0000,0.0000,0,0,0,0,0,20,20,0,0,0,0,0,1000.000
2050,2.6260,0.3085,0.00,0.0000,0.0000,0,0,0,0,0,20,20,0,0,0,0,0,1000.000
2060,2.6260,0.3085,0.00,0.0000,0.0000,0,0,0,0,0,20,20,0,0,0,0,0,1000.000
2070,2.6260,0.3085,0.00,0.0000,0.0000,0,0,0,0,0,20,20,0,0,0,0,0,1000.000
2080,2.6260,0.3085,0.00,0.0000,0.0000,0,0,0,0,0,20,20,0,0,0,0,0,1000.000
2090,2.6260,0.3085,0.00,0.0000,0.0000,0,0,0,0,0,20,20,0,0,0,0,0,1000.000
2100,2.6260,0.3085,0.00,0.0000,0.0000,0,0,0,0,0,20,20,0,0,0,0,0,1000.000
2110,2.6260,0.3085,0.00,0.0000,0.0000,0,0,0,0,0,20,20,0,0,0,0,0,1000.000
2120,2.6260,0.3085,0.00,0.0000,0.0000,0,0,0,0,0,20,20,0,0,0,0,0,1000.000
2130,2.6260,0.3085,0.00,0.0000,0.0000,0,0,0,0,0,20,20,0,0,0,0,0,1000.000
2140,2.6260,0.3085,0.00,0.0000,0.0000,0,0,0,0,0,20,20,0,0,0,0,0,1000.000
2150,2.6260,0.3085,0.00,0.0000,0.0000,0,0,0,0,0,20,20,0,0,0,0,0,1000.000
2160,2.6260,0.3085,0.00,0.0000,0.0000,0,0,0,0,0,20,20,0,0,0,0,0,1000.000
2170,2.6260,0.3085,0.00,0.0000,0.0000,0,0,0,0,0,20,20,0,0,0,0,0,1000.000
2180,2.6260,0.3085,0.00,0.0000,0.0000,0,0,0,0,0,20,20,0,0,0,0,0,1000.000
2190,2.6260,0.3085,0.00,0.0000,0.0000,0,0,0,0,0,20,20,0,0,0,0,0,1000.000
2200,2.6260,0.3085,0.00,0.0000,0.0000,0,0,0,0,0,20,20,0,0,0,0,0,1000.000
2210,2.6260,0.3085,0.00,0.0000,0.0000,0,0,0,0,0,20,20,0,0,0,0,0,1000.000
2220,2.6260,0.3085,0.00,0.0000,0.0000,0,0,0,0,0,20,20,0,0,0,0,0,1000.000
2230,2.6260,0.3085,0.00,0.0000,0.0000,0,0,0,0,0,20,20,0,0,0,0,0,1000.000
2240,2.6260,0.3085,0.00,0.0000,0.0000,0,0,0,0,0,20,20,0,0,0,0,0,1000.000
2250,2.6260,0.3085,0.00,0.0000,0.0000,0,0,0,0,0,20,20,0,0,0,0,0,1000.000
2260,2.6260,0.3085,0.00,0.0000,0.0000,0,0,0,0,0,20,20,0,0,0,0,0,1000.000
2270,2.6260,0.3085,0.00,0.0000,0.0000,0,0,0,0,0,20,20,0,0,0,0,0,1000.000
2280,2.6260,0.3085,0.00,0.0000,0.0000,0,0,0,0,0,20,20,0,0,0,0,0,1000.000
2290,2.6260,0.3085,0.00,0.0000,0.0000,0,0,0,0,0,20,20,0,0,0,0,0,1000.000
2300,2.6260,0.3085,0.00,0.0000,0.0000,0,0,0,0,0,20,20,0,0,0,0,0,1000.000
2310,2.6260,0.3085,0.00,0.0000,0.0000,0,0,0,0,0,20,20,0,0,0,0,0,1000.000
2320,2.6260,0.3085,0.00,0.0000,0.0000,0,0,0,0,0,20,20,0,0,0,0,0,1000.000
2330,2.6260,0.3085,0.00,0.0000,0.0000,0,0,0,0,0,20,20,0,0,0,0,0,1000.000
2340,2.6260,0.3085,0.00,0.0000,0.0000,0,0,0,0,0,20,20,0,0,0,0,0,1000.000
2350,2.6260,0.3085,0.00,0.0000,0.0000,0,0,0,0,0,20,20,0,0,0,0,0,1000.000
2360,2.6260,0.3085,0.00,0.0000,0.0000,0,0,0,0,0,20,20,0,0,0,0,0,1000.000
2370,2.6260,0.3085,0.00,0.0000,0.0000,0,0,0,0,0,20,20,0,0,0,0,0,1000.000
2380,2.6260,0.3085,0.00,0.0000,0.0000,0,0,0,0,0,20,20,0,0,0,0,0,1000.000
2390,2.6260,0.3085,0.00,0.0000,0.0000,0,0,0,0,0,20,20,0,0,0,0,0,1000.000
2400,2.6260,0.3085,0.00,0.0000,0.0000,0,0,0,0,0,20,20,0,0,0,0,0,1000.000
2410,2.6260,0.3085,0.00,0.0000,0.0000,0,0,0,0,0,20,20,0,0,0,0,0,1000.000
2420,2.6260,0.3085,0.00,0.0000,0.0000,0,0,0,0,0,20,20,0,0,0,0,0,1000.000
2430,2.6260,0.3085,0.00,0.0000,0.0000,0,0,0,0,0,20,20,0,0,0,0,0,1000.000
2440,2.6260,0.3085,0.00,0.0000,0.0000,0,0,0,0,0,20,20,0,0,0,0,0,1000.000
2450,2.6260,0.3085,0.00,0.0000,0.0000,0,0,0,0,0,20,20,0,0,0,0,0,1000.000
2460,2.6260,0.3085,0.00,0.0000,0.0000,0,0,0,0,0,20,20,0,0,0,0,0,1000.000
2470,2.6260,0.3085,0.00,0.0000,0.0000,0,0,0,0,0,20,20,0,0,0,0,0,1000.000
2480,2.6260,0.3085,0.00,0.0000,0.0000,0,0,0,0,0,20,20,0,0,0,0,0,1000.000
2490,2.6260,0.3085,0.00,0.0000,0.0000,0,0,0,0,0,20,20,0,0,0,0,0,1000.000
2500,2.6260,0.3085,0.00,0.0000,0.0000,0,0,0,0,0,20,20,0,0,0,0,0,1000.000
2510,2.6260,0.3085,0.00,0.0000,0.0000,0,0,0,0,0,20,20,0,0,0,0,0,1000.000
2520,2.6260,0.3085,0.00,0.0000,0.0000,0,0,0,0,0,20,20,0,0,0,0,0,1000.000
2530,2.6260,0.3085,0.00,0.0000,0.0000,0,0,0,0,0,20,20,0,0,0,0,0,1000.000
2540,2.6260,0.3085,0.00,0.0000,0.0000,0,0,0,0,0,20,20,0,0,0,0,0,1000.000
2550,2.6260,0.3085,0.00,0.0000,0.0000,0,0,0,0,0,20,20,0,0,0,0,0,1000.000
2560,2.6260,0.3085,0.00,0.0000,0.0000,0,0,0,0,0,20,20,0,0,0,0,0,1000.000
2570,2.6260,0.3085,0.00,0.0000,0.0000,0,0,0,0,0,20,20,0,0,0,0,0,1000.000
2580,2.6260,0.3085,0.00,0.0000,0.0000,0,0,0,0,0,20,20,0,0,0,0,0,1000.000
2590,2.6260,0.3085,0.00,0.0000,0.0000,0,0,0,0,0,20,20,0,0,0,0,0,1000.000
2600,2.6260,0.3085,0.00,0.0000,0.0000,0,0,0,0,0,20,20,0,0,0,0,0,1000.000
2610,2.6260,0.3085,0.00,0.0000,0.0000,0,0,0,0,0,20,20,0,0,0,0,0,1000.000
2620,2.6260,0.3085,0.00,0.0000,0.0000,0,0,0,0,0,20,20,0,0,0,0,0,1000.000
2630,2.6260,0.3085,0.00,0.0000,0.0000,0,0,0,0,0,20,20,0,0,0,0,0,1000.000
2640,2.6260,0.3085,0.00,0.0000,0.0000,0,0,0,0,0,20,20,0,0,0,0,0,1000.000
2650,2.6260,0.3085,0.00,0.0000,0.0000,0,0,0,0,0,20,20,0,0,0,0,0,1000.000
2660,2.6260,0.3085,0.00,0.0000,0.0000,0,0,0,0,0,20,20,0,0,0,0,0,1000.000
2670,2.6260,0.3085,0.00,0.0000,0.0000,0,0,0,0,0,20,20,0,0,0,0,0,1000.000
2680,2.6260,0.3085,0.00,0.0000,0.0000,0,0,0,0,0,20,20,0,0,0,0,0,1000.000
2690,2.6260,0.3085,0.00,0.0000,0.0000,0,0,0,0,0,20,20,0,0,0,0,0,1000.000
2700,2.6260,0.3085,0.00,0.0000,0.0000,0,0,0,0,0,20,20,0,0,0,0,0,1000.000
2710,2.6260,0.3085,0.00,0.0000,0.0000,0,0,0,0,0,20,20,0,0,0,0,0,1000.000
2720,2.6260,0.3085,0.00,0.0000,0.0000,0,0,0,0,0,20,20,0,0,0,0,0,1000.000
2730,2.6260,0.3085,0.00,0.0000,0.0000,0,0,0,0,0,20,20,0,0,0,0,0,1000.000
2740,2.6260,0.3085,0.00,0.0000,0.0000,0,0,0,0,0,20,20,0,0,0,0,0,1000.000
2750,2.6260,0.3085,0.00,0.0000,0.0000,0,0,0,0,0,20,20,0,0,0,0,0,1000.000
2760,2.6260,0.3085,0.00,0.0000,0.0000,0,0,0,0,0,20,20,0,0,0,0,0,1000.000
2770,2.6260,0.3085,0.00,0.0000,0.0000,0,0,0,0,0,20,20,0,0,0,0,0,1000.000
2780,2.6260,0.3085,0.00,0.0000,0.0000,0,0,0,0,0,20,20,0,0,0,0,0,1000.000
2790,2.6260,0.3085,0.00,0.0000,0.0000,0,0,0,0,0,20,20,0,0,0,0,0,1000.000
2800,2.6260,0.3085,0.00,0.0000,0.0000,0,0,0,0,0,20,20,0,0,0,0,0,1000.000
2810,2.6260,0.3085,0.00,0.0000,0.0000,0,0,0,0,0,20,20,0,0,0,0,0,1000.000
2820,2.6260,0.3085,0.00,0.0000,0.0000,0,0,0,0,0,20,20,0,0,0,0,0,1000.000
2830,2.6260,0.3085,0.00,0.0000,0.0000,0,0,0,0,0,20,20,0,0,0,0,0,1000.000
2840,2.6260,0.3085,0.00,0.0000,0.0000,0,0,0,0,0,20,20,0,0,0,0,0,1000.000
2850,2.6260,0.3085,0.00,0.0000,0.0000,0,0,0,0,0,20,20,0,0,0,0,0,1000.000
2860,2.6260,0.3085,0.00,0.0000,0.0000,0,0,0,0,0,20,20,0,0,0,0,0,1000.000
2870,2.6260,0.3085,0.00,0.0000,0.0000,0,0,0,0,0,20,20,0,0,0,0,0,1000.000
2880,2.6260,0.3085,0.00,0.0000,0.0000,0,0,0,0,0,20,20,0,0,0,0,0,1000.000
2890,2.6260,0.3085,0.00,0.0000,0.0000,0,0,0,0,0,20,20,0,0,0,0,0,1000.000
2900,2.6260,0.3085,0.00,0.0000,0.0000,0,0,0,0,0,20,20,0,0,0,0,0,1000.000
2910,2.6260,0.3085,0.00,0.0000,0.0000,0,0,0,0,0,20,20,0,0,0,0,0,1000.000
2920,2.6260,0.3085,0.00,0.0000,0.0000,0,0,0,0,0,20,20,0,0,0,0,0,1000.000
2930,2.6260,0.3085,0.00,0.0000,0.0000,0,0,0,0,0,20,20,0,0,0,0,0,1000.000
2940,2.6260,0.3085,0.00,0.0000,0.0000,0,0,0,0,0,20,20,0,0,0,0,0,1000.000
2950,2.6260,0.3085,0.00,0.0000,0.0000,0,0,0,0,0,20,20,0,0,0,0,0,1000.000
2960,2.6260,0.3085,0.00,0.0000,0.0000,0,0,0,0,0,20,20,0,0,0,0,0,1000.000
2970,2.6260,0.3085,0.00,0.0000,0.0000,0,0,0,0,0,20,20,0,0,0,0,0,1000.000
2980,2.6260,0.3085,0.00,0.0000,0.0000,0,0,0,0,0,20,20,0,0,0,0,0,1000.000
2990,2.6260,0.3085,0.00,0.0000,0.0000,0,0,0,0,0,20,20,0,0,0,0,0,1000.000
3000,2.6260,0.3085,0.00,0.0000,0.0000,0,0,0,0,0,20,20,0,0,0,0,0,1000.000
3010,2.6260,0.3085,0.00,0.0000,0.0000,0,0,0,0,0,20,20,0,0,0,0,0,1000.000
3020,2.6260,0.3085,0.00,0.0000,0.0000,0,0,0,0,0,20,20,0,0,0,0,0,1000.000
3030,2.6260,0.3085,0.00,0.0000,0.0000,0,0,0,0,0,20,20,0,0,0,0,0,1000.000
3040,2.6260,0.3085,0.00,0.0000,0.0000,0,0,0,0,0,20,20,0,0,0,0,0,1000.000
3050,2.6260,0.3085,0.00,0.0000,0.0000,0,0,0,0,0,20,20,0,0,0,0,0,1000.000
3060,2.6260,0.3085,0.00,0.0000,0.0000,0,0,0,0,0,20,20,0,0,0,0,0,1000.000
3070,2.6260,0.3085,0.00,0.0000,0.0000,0,0,0,0,0,20,20,0,0,0,0,0,1000.000
3080,2.6260,0.3085,0.00,0.0000,0.0000,0,0,0,0,0,20,20,0,0,0,0,0,1000.000
3090,2.6260,0.3085,0.00,0.0000,0.0000,0,0,0,0,0,20,20,0,0,0,0,0,1000.000
3100,2.6260,0.3085,0.00,0.0000,0.0000,0,0,0,0,0,20,20,0,0,0,0,0,1000.000
3110,2.6260,0.3085,0.00,0.0000,0.0000,0,0,0,0,0,20,20,0,0,0,0,0,1000.000
3120,2.6260,0.3085,0.00,0.0000,0.0000,0,0,0,0,0,20,20,0,0,0,0,0,1000.000
3130,2.6260,0.3085,0.00,0.0000,0.0000,0,0,0,0,0,20,20,0,0,0,0,0,1000.000
3140,2.6260,0.3085,0.00,0.0000,0.0000,0,0,0,0,0,20,20,0,0,0,0,0,1000.000
3150,2.6260,0.3085,0.00,0.0000,0.0000,0,0,0,0,0,20,20,0,0,0,0,0,1000.000
3160,2.6260,0.3085,0.00,0.0000,0.0000,0,0,0,0,0,20,20,0,0,0,0,0,1000.000
3170,2.6260,0.3085,0.00,0.0000,0.0000,0,0,0,0,0,20,20,0,0,0,0,0,1000.000
3180,2.6260,0.3085,0.00,0.0000,0.0000,0,0,0,0,0,20,20,0,0,0,0,0,1000.000
3190,2.6260,0.3085,0.00,0.0000,0.0000,0,0,0,0,0,20,20,0,0,0,0,0,1000.000
3200,2.6260,0.3085,0.00,0.0000,0.0000,0,0,0,0,0,20,20,0,0,0,0,0,1000.000
3210,2.6260,0.3085,0.00,0.0000,0.0000,0,0,0,0,0,20,20,0,0,0,0,0,1000.000
3220,2.6260,0.3085,0.00,0.0000,0.0000,0,0,0,0,0,20,20,0,0,0,0,0,1000.000
3230,2.6260,0.3085,0.00,0.0000,0.0000,0,0,0,0,0,20,20,0,0,0,0,0,1000.000
3240,2.6260,0.3085,0.00,0.0000,0.0000,0,0,0,0,0,20,20,0,0,0,0,0,1000.000
3250,2.6260,0.3085,0.00,0.0000,0.0000,0,0,0,0,0,20,20,0,0,0,0,0,1000.000
3260,2.6260,0.3085,0.00,0.0000,0.0000,0,0,0,0,0,20,20,0,0,0,0,0,1000.000
3270,2.6260,0.3085,0.00,0.0000,0.0000,0,0,0,0,0,20,20,0,0,0,0,0,1000.000
3280,2.6260,0.3085,0.00,0.0000,0.0000,0,0,0,0,0,20,20,0,0,0,0,0,1000.000
3290,2.6260,0.3085,0.00,0.0000,0.0000,0,0,0,0,0,20,20,0,0,0,0,0,1000.000
3300,2.6260,0.3085,0.00,0.0000,0.0000,0,0,0,0,0,20,20,0,0,0,0,0,1000.000
3310,2.6260,0.3085,0.00,0.0000,0.0000,0,0,0,0,0,20,20,0,0,0,0,0,1000.000
3320,2.6260,0.3085,0.00,0.0000,0.0000,0,0,0,0,0,20,20,0,0,0,0,0,1000.000
3330,2.6260,0.3085,0.00,0.0000,0.0000,0,0,0,0,0,20,20,0,0,0,0,0,1000.000
3340,2.6260,0.3085,0.00,0.0000,0.0000,0,0,0,0,0,20,20,0,0,0,0,0,1000.000
3350,2.6260,0.3085,0.00,0.0000,0.0000,0,0,0,0,0,20,20,0,0,0,0,0,1000.000
3360,2.6260,0.3085,0.00,0.0000,0.0000,0,0,0,0,0,20,20,0,0,0,0,0,1000.000
3370,2.6260,0.3085,0.00,0.0000,0.0000,0,0,0,0,0,20,20,0,0,0,0,0,1000.000
3380,2.6260,0.3085,0.00,0.0000,0.0000,0,0,0,0,0,20,20,0,0,0,0,0,1000.000
3390,2.6260,0.3085,0.00,0.0000,0.0000,0,0,0,0,0,20,20,0,0,0,0,0,1000.000
3400,2.6260,0.3085,0.00,0.0000,0.0000,0,0,0,0,0,20,20,0,0,0,0,0,1000.000
3410,2.6260,0.3085,0.00,0.0000,0.0000,0,0,0,0,0,20,20,0,0,0,0,0,1000.000
3420,2.6260,0.3085,0.00,0.0000,0.0000,0,0,0,0,0,20,20,0,0,0,0,0,1000.000
3430,2.6260,0.3085,0.00,0.0000,0.0000,0,0,0,0,0,20,20,0,0,0,0,0,1000.000
3440,2.6260,0.3085,0.00,0.0000,0.0000,0,0,0,0,0,20,20,0,0,0,0,0,1000.000
3450,2.6260,0.3085,0.00,0.0000,0.0000,0,0,0,0,0,20,20,0,0,0,0,0,1000.000
3460,2.6260,0.3085,0.00,0.0000,0.0000,0,0,0,0,0,20,20,0,0,0,0,0,1000.000
3470,2.6260,0.3085,0.00,0.0000,0.0000,0,0,0,0,0,20,20,0,0,0,0,0,1000.000
3480,2.6260,0.3085,0.00,0.0000,0.0000,0,0,0,0,0,20,20,0,0,0,0,0,1000.000
3490,2.6260,0.3085,0.00,0.0000,0.0000,0,0,0,0,0,20,20,0,0,0,0,0,1000.000
3500,2.6260,0.3085,0.00,0.0000,0.0000,0,0,0,0,0,20,20,0,0,0,0,0,1000.000
3510,2.6260,0.3085,0.00,0.0000,0.0000,0,0,0,0,0,20,20,0,0,0,0,0,1000.000
3520,2.6260,0.3085,0.00,0.0000,0.0000,0,0,0,0,0,20,20,0,0,0,0,0,1000.000
3530,2.6260,0.3085,0.00,0.0000,0.0000,0,0,0,0,0,20,20,0,0,0,0,0,1000.000
3540,2.6260,0.3085,0.00,0.0000,0.0000,0,0,0,0,0,20,20,0,0,0,0,0,1000.000
3550,2.6260,0.3085,0.00,0.0000,0.0000,0,0,0,0,0,20,20,0,0,0,0,0,1000.000
3560,2.6260,0.3085,0.00,0.0000,0.0000,0,0,0,0,0,20,20,0,0,0,0,0,1000.000
3570,2.6260,0.3085,0.00,0.0000,0.0000,0,0,0,0,0,20,20,0,0,0,0,0,1000.000
3580,2.6260,0.3085,0.00,0.0000,0.0000,0,0,0,0,0,20,20,0,0,0,0,0,1000.000
3590,2.6260,0.3085,0.00,0.0000,0.0000,0,0,0,0,0,20,20,0,0,0,0,0,1000.000
3600,2.6260,0.3085,0.00,0.0000,0.0000,0,0,0,0,0,20,20,0,0,0,0,0,1000.000
3610,2.6260,0.3085,0.00,0.0000,0.0000,0,0,0,0,0,20,20,0,0,0,0,0,1000.000
3620,2.6260,0.3085,0.00,0.0000,0.0000,0,0,0,0,0,20,20,0,0,0,0,0,1000.000
3630,2.6260,0.3085,0.00,0.0000,0.0000,0,0,0,0,0,20,20,0,0,0,0,0,1000.000
3640,2.6260,0.3085,0.00,0.0000,0.0000,0,0,0,0,0,20,20,0,0,0,0,0,1000.000
3650,2.6260,0.3085,0.00,0.0000,0.0000,0,0,0,0,0,20,20,0,0,0,0,0,1000.000
3660,2.6260,0.3085,0.00,0.0000,0.0000,0,0,0,0,0,20,20,0,0,0,0,0,1000.000
3670,2.6260,0.3085,0.00,0.0000,0.0000,0,0,0,0,0,20,20,0,0,0,0,0,1000.000
3680,2.6260,0.3085,0.00,0.0000,0.0000,0,0,0,0,0,20,20,0,0,0,0,0,1000.000
3690,2.6260,0.3085,0.00,0.0000,0.0000,0,0,0,0,0,20,20,0,0,0,0,0,1000.000
3700,2.6260,0.3085,0.00,0.0000,0.0000,0,0,0,0,0,20,20,0,0,0,0,0,1000.000
3710,2.6260,0.3085,0.00,0.0000,0.0000,0,0,0,0,0,20,20,0,0,0,0,0,1000.000
3720,2.6260,0.3085,0.00,0.0000,0.0000,0,0,0,0,0,20,20,0,0,0,0,0,1000.000
3730,2.6260,0.3085,0.00,0.0000,0.0000,0,0,0,0,0,20,20,0,0,0,0,0,1000.000
3740,2.6260,0.3085,0.00,0.0000,0.0000,0,0,0,0,0,20,20,0,0,0,0,0,1000.000
3750,2.6260,0.3085,0.00,0.0000,0.0000,0,0,0,0,0,20,20,0,0,0,0,0,1000.000
3760,2.6260,0.3085,0.00,0.0000,0.0000,0,0,0,0,0,20,20,0,0,0,0,0,1000.000
3770,2.6260,0.3085,0.00,0.0000,0.0000,0,0,0,0,0,20,20,0,0,0,0,0,1000.000
3780,2.6260,0.3085,0.00,0.0000,0.0000,0,0,0,0,0,20,20,0,0,0,0,0,1000.000
3790,2.6260,0.3085,0.00,0.0000,0.0000,0,0,0,0,0,20,20,0,0,0,0,0,1000.000
3800,2.6260,0.3085,0.00,0.0000,0.0000,0,0,0,0,0,20,20,0,0,0,0,0,1000.000
3810,2.6260,0.3085,0.00,0.0000,0.0000,0,0,0,0,0,20,20,0,0,0,0,0,1000.000
3820,2.6260,0.3085,0.00,0.0000,0.0000,0,0,0,0,0,20,20,0,0,0,0,0,1000.000
3830,2.6260,0.3085,0.00,0.0000,0.0000,0,0,0,0,0,20,20,0,0,0,0,0,1000.000
3840,2.6260,0.3085,0.00,0.0000,0.0000,0,0,0,0,0,20,20,0,0,0,0,0,1000.000
3850,2.6260,0.3085,0.00,0.0000,0.0000,0,0,0,0,0,20,20,0,0,0,0,0,1000.000
3860,2.6260,0.3085,0.00,0.0000,0.0000,0,0,0,0,0,20,20,0,0,0,0,0,1000.000
3870,2.6260,0.3085,0.00,0.0000,0.0000,0,0,0,0,0,20,20,0,0,0,0,0,1000.000
3880,2.6260,0.3085,0.00,0.0000,0.0000,0,0,0,0,0,20,20,0,0,0,0,0,1000.000
3890,2.6260,0.3085,0.00,0.0000,0.0000,0,0,0,0,0,20,20,0,0,0,0,0,1000.000
3900,2.6260,0.3085,0.00,0.0000,0.0000,0,0,0,0,0,20,20,0,0,0,0,0,1000.000
3910,2.6260,0.3085,0.00,0.0000,0.0000,0,0,0,0,0,20,20,0,0,0,0,0,1000.000
3920,2.6260,0.3085,0.00,0.0000,0.0000,0,0,0,0,0,20,20,0,0,0,0,0,1000.000
3930,2.6260,0.3085,0.00,0.0000,0.0000,0,0,0,0,0,20,20,0,0,0,0,0,1000.000
3940,2.6260,0.3085,0.00,0.0000,0.0000,0,0,0,0,0,20,20,0,0,0,0,0,1000.000
3950,2.6260,0.3085,0.00,0.0000,0.0000,0,0,0,0,0,20,20,0,0,0,0,0,1000.000
3960,2.6260,0.3085,0.00,0.0000,0.0000,0,0,0,0,0,20,20,0,0,0,0,0,1000.000
3970,2.6260,0.3085,0.00,0.0000,0.0000,0,0,0,0,0,20,20,0,0,0,0,0,1000.000
3980,2.6260,0.3085,0.00,0.0000,0.0000,0,0,0,0,0,20,20,0,0,0,0,0,1000.000
3990,2.6260,0.3085,0.00,0.0000,0.0000,0,0,0,0,0,20,20,0,0,0,0,0,1000.000
4000,2.6260,0.3085,0.00,0.0000,0.0000,0,0,0,0,0,20,20,0,0,0,0,0,1000.000
4010,2.6260,0.3085,0.00,0.0000,0.0000,0,0,0,0,0,20,20,0,0,0,0,0,1000.000
4020,2.6260,0.3085,0.00,0.0000,0.0000,0,0,0,0,0,20,20,0,0,0,0,0,1000.000
4030,2.6260,0.3085,0.00,0.0000,0.0000,0,0,0,0,0,20,20,0,0,0,0,0,1000.000
4040,2.6260,0.3085,0.00,0.0000,0.0000,0,0,0,0,0,20,20,0,0,0,0,0,1000.000
4050,2.6260,0.3085,0.00,0.0000,0.0000,0,0,0,0,0,20,20,0,0,0,0,0,1000.000
4060,2.6260,0.3085,0.00,0.0000,0.0000,0,0,0,0,0,20,20,0,0,0,0,0,1000.000
4070,2.6260,0.3085,0.00,0.0000,0.0000,0,0,0,0,0,20,20,0,0,0,0,0,1000.000
4080,2.6260,0.3085,0.00,0.0000,0.0000,0,0,0,0,0,20,20,0,0,0,0,0,1000.000
4090,2.6260,0.3085,0.00,0.0000,0.0000,0,0,0,0,0,20,20,0,0,0,0,0,1000.000
4100,2.6260,0.3085,0.00,0.0000,0.0000,0,0,0,0,0,20,20,0,0,0,0,0,1000.000
4110,2.6260,0.3085,0.00,0.0000,0.0000,0,0,0,0,0,20,20,0,0,0,0,0,1000.000
4120,2.6260,0.3085,0.00,0.0000,0.0000,0,0,0,0,0,20,20,0,0,0,0,0,1000.000
4130,2.6260,0.3085,0.00,0.0000,0.0000,0,0,0,0,0,20,20,0,0,0,0,0,1000.000
4140,2.6260,0.3085,0.00,0.0000,0.0000,0,0,0,0,0,20,20,0,0,0,0,0,1000.000
4150,2.6260,0.3085,0.00,0.0000,0.0000,0,0,0,0,0,20,20,0,0,0,0,0,1000.000
4160,2.6260,0.3085,0.00,0.0000,0.0000,0,0,0,0,0,20,20,0,0,0,0,0,1000.000
4170,2.6260,0.3085,0.00,0.0000,0.0000,0,0,0,0,0,20,20,0,0,0,0,0,1000.000
4180,2.6260,0.3085,0.00,0.0000,0.0000,0,0,0,0,0,20,20,0,0,0,0,0,1000.000
4190,2.6260,0.3085,0.00,0.0000,0.0000,0,0,0,0,0,20,20,0,0,0,0,0,1000.000
4200,2.6260,0.3085,0.00,0.0000,0.0000,0,0,0,0,0,20,20,0,0,0,0,0,1000.000
4210,2.6260,0.3085,0.00,0.0000,0.0000,0,0,0,0,0,20,20,0,0,0,0,0,1000.000
4220,2.6260,0.3085,0.00,0.0000,0.0000,0,0,0,0,0,20,20,0,0,0,0,0,1000.000
4230,2.6260,0.3085,0.00,0.0000,0.0000,0,0,0,0,0,20,20,0,0,0,0,0,1000.000
4240,2.6260,0.3085,0.00,0.0000,0.0000,0,0,0,0,0,20,20,0,0,0,0,0,1000.000
4250,2.6260,0.3085,0.00,0.0000,0.0000,0,0,0,0,0,20,20,0,0,0,0,0,1000.000
4260,2.6260,0.3085,0.00,0.0000,0.0000,0,0,0,0,0,20,20,0,0,0,0,0,1000.000
4270,2.6260,0.3085,0.00,0.0000,0.0000,0,0,0,0,0,20,20,0,0,0,0,0,1000.000
4280,2.6260,0.3085,0.00,0.0000,0.0000,0,0,0,0,0,20,20,0,0,0,0,0,1000.000
4290,2.6260,0.3085,0.00,0.0000,0.0000,0,0,0,0,0,20,20,0,0,0,0,0,1000.000
4300,2.6260,0.3085,0.00,0.0000,0.0000,0,0,0,0,0,20,20,0,0,0,0,0,1000.000
4310,2.6260,0.3085,0.00,0.0000,0.0000,0,0,0,0,0,20,20,0,0,0,0,0,1000.000
4320,2.6260,0.3085,0.00,0.0000,0.0000,0,0,0,0,0,20,20,0,0,0,0,0,1000.000
4330,2.6260,0.3085,0.00,0.0000,0.0000,0,0,0,0,0,20,20,0,0,0,0,0,1000.000
4340,2.6260,0.3085,0.00,0.0000,0.0000,0,0,0,0,0,20,20,0,0,0,0,0,1000.000
4350,2.6260,0.3085,0.00,0.0000,0.0000,0,0,0,0,0,20,20,0,0,0,0,0,1000.000
4360,2.6260,0.3085,0.00,0.0000,0.0000,0,0,0,0,0,20,20,0,0,0,0,0,1000.000
4370,2.6260,0.3085,0.00,0.0000,0.0000,0,0,0,0,0,20,20,0,0,0,0,0,1000.000
4380,2.6260,0.3085,0.00,0.0000,0.0000,0,0,0,0,0,20,20,0,0,0,0,0,1000.000
4390,2.6260,0.3085,0.00,0.0000,0.0000,0,0,0,0,0,20,20,0,0,0,0,0,1000.000
4400,2.6260,0.3085,0.00,0.0000,0.0000,0,0,0,0,0,20,20,0,0,0,0,0,1000.000
4410,2.6260,0.3085,0.00,0.0000,0.0000,0,0,0,0,0,20,20,0,0,0,0,0,1000.000
4420,2.6260,0.3085,0.00,0.0000,0.0000,0,0,0,0,0,20,20,0,0,0,0,0,1000.000
4430,2.6260,0.3085,0.00,0.0000,0.0000,0,0,0,0,0,20,20,0,0,0,0,0,1000.000
4440,2.6260,0.3085,0.00,0.0000,0.0000,0,0,0,0,0,20,20,0,0,0,0,0,1000.000
4450,2.6260,0.3085,0.00,0.0000,0.0000,0,0,0,0,0,20,20,0,0,0,0,0,1000.000
4460,2.6260,0.3085,0.00,0.0000,0.0000,0,0,0,0,0,20,20,0,0,0,0,0,1000.000
4470,2.6260,0.3085,0.00,0.0000,0.0000,0,0,0,0,0,20,20,0,0,0,0,0,1000.000
4480,2.6260,0.3085,0.00,0.0000,0.0000,0,0,0,0,0,20,20,0,0,0,0,0,1000.000
4490,2.6260,0.3085,0.00,0.0000,0.0000,0,0,0,0,0,20,20,0,0,0,0,0,1000.000
4500,2.6260,0.3085,0.00,0.0000,0.0000,0,0,0,0,0,20,20,0,0,0,0,0,1000.000
4510,2.6260,0.3085,0.00,0.0000,0.0000,0,0,0,0,0,20,20,0,0,0,0,0,1000.000
4520,2.6260,0.3085,0.00,0.0000,0.0000,0,0,0,0,0,20,20,0,0,0,0,0,1000.000
4530,2.6260,0.3085,0.00,0.0000,0.0000,0,0,0,0,0,20,20,0,0,0,0,0,1000.000
4540,2.6260,0.3085,0.00,0.0000,0.0000,0,0,0,0,0,20,20,0,0,0,0,0,1000.000
4550,2.6260,0.3085,0.00,0.0000,0.0000,0,0,0,0,0,20,20,0,0,0,0,0,1000.000
4560,2.6260,0.3085,0.00,0.0000,0.0000,0,0,0,0,0,20,20,0,0,0,0,0,1000.000
4570,2.6260,0.3085,0.00,0.0000,0.0000,0,0,0,0,0,20,20,0,0,0,0,0,1000.000
4580,2.6260,0.3085,0.00,0.0000,0.0000,0,0,0,0,0,20,20,0,0,0,0,0,1000.000
4590,2.6260,0.3085,0.00,0.0000,0.0000,0,0,0,0,0,20,20,0,0,0,0,0,1000.000
4600,2.6260,0.3085,0.00,0.0000,0.0000,0,0,0,0,0,20,20,0,0,0,0,0,1000.000
4610,2.6260,0.3085,0.00,0.0000,0.0000,0,0,0,0,0,20,20,0,0,0,0,0,1000.000
4620,2.6260,0.3085,0.00,0.0000,0.0000,0,0,0,0,0,20,20,0,0,0,0,0,1000.000
4630,2.6260,0.3085,0.00,0.0000,0.0000,0,0,0,0,0,20,20,0,0,0,0,0,1000.000
4640,2.6260,0.3085,0.00,0.0000,0.0000,0,0,0,0,0,20,20,0,0,0,0,0,1000.000
4650,2.6260,0.3085,0.00,0.0000,0.0000,0,0,0,0,0,20,20,0,0,0,0,0,1000.000
4660,2.6260,0.3085,0.00,0.0000,0.0000,0,0,0,0,0,20,20,0,0,0,0,0,1000.000
4670,2.6260,0.3085,0.00,0.0000,0.0000,0,0,0,0,0,20,20,0,0,0,0,0,1000.000
4680,2.6260,0.3085,0.00,0.0000,0.0000,0,0,0,0,0,20,20,0,0,0,0,0,1000.000
4690,2.6260,0.3085,0.00,0.0000,0.0000,0,0,0,0,0,20,20,0,0,0,0,0,1000.000
4700,2.6260,0.3085,0.00,0.0000,0.0000,0,0,0,0,0,20,20,0,0,0,0,0,1000.000
4710,2.6260,0.3085,0.00,0.0000,0.0000,0,0,0,0,0,20,20,0,0,0,0,0,1000.000
4720,2.6260,0.3085,0.00,0.0000,0.0000,0,0,0,0,0,20,20,0,0,0,0,0,1000.000
4730,2.6260,0.3085,0.00,0.0000,0.0000,0,0,0,0,0,20,20,0,0,0,0,0,1000.000
4740,2.6260,0.3085,0.00,0.0000,0.0000,0,0,0,0,0,20,20,0,0,0,0,0,1000.000
4750,2.6260,0.3085,0.00,0.0000,0.0000,0,0,0,0,0,20,20,0,0,0,0,0,1000.000
4760,2.6260,0.3085,0.00,0.0000,0.0000,0,0,0,0,0,20,20,0,0,0,0,0,1000.000
4770,2.6260,0.3085,0.00,0.0000,0.0000,0,0,0,0,0,20,20,0,0,0,0,0,1000.000
4780,2.6260,0.3085,0.00,0.0000,0.0000,0,0,0,0,0,20,20,0,0,0,0,0,1000.000
4790,2.6260,0.3085,0.00,0.0000,0.0000,0,0,0,0,0,20,20,0,0,0,0,0,1000.000
4800,2.6260,0.3085,0.00,0.0000,0.0000,0,0,0,0,0,20,20,0,0,0,0,0,1000.000
4810,2.6260,0.3085,0.00,0.0000,0.0000,0,0,0,0,0,20,20,0,0,0,0,0,1000.000
4820,2.6260,0.3085,0.00,0.0000,0.0000,0,0,0,0,0,20,20,0,0,0,0,0,1000.000
4830,2.6260,0.3085,0.00,0.0000,0.0000,0,0,0,0,0,20,20,0,0,0,0,0,1000.000
4840,2.6260,0.3085,0.00,0.0000,0.0000,0,0,0,0,0,20,20,0,0,0,0,0,1000.000
4850,2.6260,0.3085,0.00,0.0000,0.0000,0,0,0,0,0,20,20,0,0,0,0,0,1000.000
4860,2.6260,0.3085,0.00,0.0000,0.0000,0,0,0,0,0,20,20,0,0,0,0,0,1000.000
4870,2.6260,0.3085,0.00,0.0000,0.0000,0,0,0,0,0,20,20,0,0,0,0,0,1000.000
4880,2.6260,0.3085,0.00,0.0000,0.0000,0,0,0,0,0,20,20,0,0,0,0,0,1000.000
4890,2.6260,0.3085,0.00,0.0000,0.0000,0,0,0,0,0,20,20,0,0,0,0,0,1000.000
4900,2.6260,0.3085,0.00,0.0000,0.0000,0,0,0,0,0,20,20,0,0,0,0,0,1000.000
4910,2.6260,0.3085,0.00,0.0000,0.0000,0,0,0,0,0,20,20,0,0,0,0,0,1000.000
4920,2.6260,0.3085,0.00,0.0000,0.0000,0,0,0,0,0,20,20,0,0,0,0,0,1000.000
4930,2.6260,0.3085,0.00,0.0000,0.0000,0,0,0,0,0,20,20,0,0,0,0,0,1000.000
4940,2.6260,0.3085,0.00,0.0000,0.0000,0,0,0,0,0,20,20,0,0,0,0,0,1000.000
4950,2.6260,0.3085,0.00,0.0000,0.0000,0,0,0,0,0,20,20,0,0,0,0,0,1000.000
4960,2.6260,0.3085,0.00,0.0000,0.0000,0,0,0,0,0,20,20,0,0,0,0,0,1000.000
4970,2.6260,0.3085,0.00,0.0000,0.0000,0,0,0,0,0,20,20,0,0,0,0,0,1000.000
4980,2.6260,0.3085,0.00,0.0000,0.0000,0,0,0,0,0,20,20,0,0,0,0,0,1000.000
4990,2.6260,0.3085,0.00,0.0000,0.0000,0,0,0,0,0,20,20,0,0,0,0,0,1000.000
5000,2.6260,0.3085,0.00,0.0000,0.0000,0,0,0,0,0,20,20,0,0,0,0,0,1000.000
5010,2.6260,0.3085,0.00,0.0000,0.0000,0,0,0,0,0,20,20,0,0,0,0,0,1000.000
5020,2.6260,0.3085,0.00,0.0000,0.0000,0,0,0,0,0,20,20,0,0,0,0,0,1000.000
5030,2.6260,0.3085,0.00,0.0000,0.0000,0,0,0,0,0,20,20,0,0,0,0,0,1000.000
5040,2.6260,0.3085,0.00,0.0000,0.0000,0,0,0,0,0,20,20,0,0,0,0,0,1000.000
5050,2.6260,0.3085,0.00,0.0000,0.0000,0,0,0,0,0,20,20,0,0,0,0,0,1000.000
5060,2.6260,0.3085,0.00,0.0000,0.0000,0,0,0,0,0,20,20,0,0,0,0,0,1000.000
5070,2.6260,0.3085,0.00,0.0000,0.0000,0,0,0,0,0,20,20,0,0,0,0,0,1000.000
5080,2.6260,0.3085,0.00,0.0000,0.0000,0,0,0,0,0,20,20,0,0,0,0,0,1000.000
5090,2.6260,0.3085,0.00,0.0000,0.0000,0,0,0,0,0,20,20,0,0,0,0,0,1000.000
5100,2.6260,0.3085,0.00,0.0000,0.0000,0,0,0,0,0,20,20,0,0,0,0,0,1000.000
5110,2.6260,0.3085,0.00,0.0000,0.0000,0,0,0,0,0,20,20,0,0,0,0,0,1000.000
5120,2.6260,0.3085,0.00,0.0000,0.0000,0,0,0,0,0,20,20,0,0,0,0,0,1000.000
5130,2.6260,0.3085,0.00,0.0000,0.0000,0,0,0,0,0,20,20,0,0,0,0,0,1000.000
5140,2.6260,0.3085,0.00,0.0000,0.0000,0,0,0,0,0,20,20,0,0,0,0,0,1000.000
5150,2.6260,0.3085,0.00,0.0000,0.0000,0,0,0,0,0,20,20,0,0,0,0,0,1000.000
5160,2.6260,0.3085,0.00,0.0000,0.0000,0,0,0,0,0,20,20,0,0,0,0,0,1000.000
5170,2.6260,0.3085,0.00,0.0000,0.0000,0,0,0,0,0,20,20,0,0,0,0,0,1000.000
5180,2.6260,0.3085,0.00,0.0000,0.0000,0,0,0,0,0,20,20,0,0,0,0,0,1000.000
5190,2.6260,0.3085,0.00,0.0000,0.0000,0,0,0,0,0,20,20,0,0,0,0,0,1000.000
5200,2.6260,0.3085,0.00,0.0000,0.0000,0,0,0,0,0,20,20,0,0,0,0,0,1000.000
5210,2.6260,0.3085,0.00,0.0000,0.0000,0,0,0,0,0,20,20,0,0,0,0,0,1000.000
5220,2.6260,0.3085,0.00,0.0000,0.0000,0,0,0,0,0,20,20,0,0,0,0,0,1000.000
5230,2.6260,0.3085,0.00,0.0000,0.0000,0,0,0,0,0,20,20,0,0,0,0,0,1000.000
5240,2.6260,0.3085,0.00,0.0000,0.0000,0,0,0,0,0,20,20,0,0,0,0,0,1000.000
5250,2.6260,0.3085,0.00,0.0000,0.0000,0,0,0,0,0,20,20,0,0,0,0,0,1000.000
5260,2.6260,0.3085,0.00,0.0000,0.0000,0,0,0,0,0,20,20,0,0,0,0,0,1000.000
5270,2.6260,0.3085,0.00,0.0000,0.0000,0,0,0,0,0,20,20,0,0,0,0,0,1000.000
5280,2.6260,0.3085,0.00,0.0000,0.0000,0,0,0,0,0,20,20,0,0,0,0,0,1000.000
5290,2.6260,0.3085,0.00,0.0000,0.0000,0,0,0,0,0,20,20,0,0,0,0,0,1000.000
5300,2.6260,0.3085,0.00,0.0000,0.0000,0,0,0,0,0,20,20,0,0,0,0,0,1000.000
5310,2.6260,0.3085,0.00,0.0000,0.0000,0,0,0,0,0,20,20,0,0,0,0,0,1000.000
5320,2.6260,0.3085,0.00,0.0000,0.0000,0,0,0,0,0,20,20,0,0,0,0,0,1000.000
5330,2.6260,0.3085,0.00,0.0000,0.0000,0,0,0,0,0,20,20,0,0,0,0,0,1000.000
5340,2.6260,0.3085,0.00,0.0000,0.0000,0,0,0,0,0,20,20,0,0,0,0,0,1000.000
5350,2.6260,0.3085,0.00,0.0000,0.0000,0,0,0,0,0,20,20,0,0,0,0,0,1000.000
5360,2.6260,0.3085,0.00,0.0000,0.0000,0,0,0,0,0,20,20,0,0,0,0,0,1000.000
5370,2.6260,0.3085,0.00,0.0000,0.0000,0,0,0,0,0,20,20,0,0,0,0,0,1000.000
5380,2.6260,0.3085,0.00,0.0000,0.0000,0,0,0,0,0,20,20,0,0,0,0,0,1000.000
5390,2.6260,0.3085,0.00,0.0000,0.0000,0,0,0,0,0,20,20,0,0,0,0,0,1000.000
5400,2.6260,0.3085,0.00,0.0000,0.0000,0,0,0,0,0,20,20,0,0,0,0,0,1000.000
5410,2.6260,0.3085,0.00,0.0000,0.0000,0,0,0,0,0,20,20,0,0,0,0,0,1000.000
5420,2.6260,0.3085,0.00,0.0000,0.0000,0,0,0,0,0,20,20,0,0,0,0,0,1000.000
5430,2.6260,0.3085,0.00,0.0000,0.0000,0,0,0,0,0,20,20,0,0,0,0,0,1000.000
5440,2.6260,0.3085,0.00,0.0000,0.0000,0,0,0,0,0,20,20,0,0,0,0,0,1000.000
5450,2.6260,0.3085,0.00,0.0000,0.0000,0,0,0,0,0,20,20,0,0,0,0,0,1000.000
5460,2.6260,0.3085,0.00,0.0000,0.0000,0,0,0,0,0,20,20,0,0,0,0,0,1000.000
5470,2.6260,0.3085,0.00,0.0000,0.0000,0,0,0,0,0,20,20,0,0,0,0,0,1000.000
5480,2.6260,0.3085,0.00,0.0000,0.0000,0,0,0,0,0,20,20,0,0,0,0,0,1000.000
5490,2.6260,0.3085,0.00,0.0000,0.0000,0,0,0,0,0,20,20,0,0,0,0,0,1000.000
5500,2.6260,0.3085,0.00,0.0000,0.0000,0,0,0,0,0,20,20,0,0,0,0,0,1000.000
5510,2.6260,0.3085,0.00,0.0000,0.0000,0,0,0,0,0,20,20,0,0,0,0,0,1000.000
5520,2.6260,0.3085,0.00,0.0000,0.0000,0,0,0,0,0,20,20,0,0,0,0,0,1000.000
5530,2.6260,0.3085,0.00,0.0000,0.0000,0,0,0,0,0,20,20,0,0,0,0,0,1000.000
5540,2.6260,0.3085,0.00,0.0000,0.0000,0,0,0,0,0,20,20,0,0,0,0,0,1000.000
5550,2.6260,0.3085,0.00,0.0000,0.0000,0,0,0,0,0,20,20,0,0,0,0,0,1000.000
5560,2.6260,0.3085,0.00,0.0000,0.0000,0,0,0,0,0,20,20,0,0,0,0,0,1000.000
5570,2.6260,0.3085,0.00,0.0000,0.0000,0,0,0,0,0,20,20,0,0,0,0,0,1000.000
5580,2.6260,0.3085,0.00,0.0000,0.0000,0,0,0,0,0,20,20,0,0,0,0,0,1000.000
5590,2.6260,0.3085,0.00,0.0000,0.0000,0,0,0,0,0,20,20,0,0,0,0,0,1000.000
5600,2.6260,0.3085,0.00,0.0000,0.0000,0,0,0,0,0,20,20,0,0,0,0,0,1000.000
5610,2.6260,0.3085,0.00,0.0000,0.0000,0,0,0,0,0,20,20,0,0,0,0,0,1000.000
5620,2.6260,0.3085,0.00,0.0000,0.0000,0,0,0,0,0,20,20,0,0,0,0,0,1000.000
5630,2.6260,0.3085,0.00,0.0000,0.0000,0,0,0,0,0,20,20,0,0,0,0,0,1000.000
5640,2.6260,0.3085,0.00,0.0000,0.0000,0,0,0,0,0,20,20,0,0,0,0,0,1000.000
5650,2.6260,0.3085,0.00,0.0000,0.0000,0,0,0,0,0,20,20,0,0,0,0,0,1000.000
5660,2.6260,0.3085,0.00,0.0000,0.0000,0,0,0,0,0,20,20,0,0,0,0,0,1000.000
5670,2.6260,0.3085,0.00,0.0000,0.0000,0,0,0,0,0,20,20,0,0,0,0,0,1000.000
5680,2.6260,0.3085,0.00,0.0000,0.0000,0,0,0,0,0,20,20,0,0,0,0,0,1000.000
5690,2.6260,0.3085,0.00,0.0000,0.0000,0,0,0,0,0,20,20,0,0,0,0,0,1000.000
5700,2.6260,0.3085,0.00,0.0000,0.0000,0,0,0,0,0,20,20,0,0,0,0,0,1000.000
5710,2.6260,0.3085,0.00,0.0000,0.0000,0,0,0,0,0,20,20,0,0,0,0,0,1000.000
5720,2.6260,0.3085,0.00,0.0000,0.0000,0,0,0,0,0,20,20,0,0,0,0,0,1000.000
5730,2.6260,0.3085,0.00,0.0000,0.0000,0,0,0,0,0,20,20,0,0,0,0,0,1000.000
5740,2.6260,0.3085,0.00,0.0000,0.0000,0,0,0,0,0,20,20,0,0,0,0,0,1000.000
5750,2.6260,0.3085,0.00,0.0000,0.0000,0,0,0,0,0,20,20,0,0,0,0,0,1000.000
5760,2.6260,0.3085,0.00,0.0000,0.0000,0,0,0,0,0,20,20,0,0,0,0,0,1000.000
5770,2.6260,0.3085,0.00,0.0000,0.0000,0,0,0,0,0,20,20,0,0,0,0,0,1000.000
5780,2.6260,0.3085,0.00,0.0000,0.0000,0,0,0,0,0,20,20,0,0,0,0,0,1000.000
5790,2.6260,0.3085,0.00,0.0000,0.0000,0,0,0,0,0,20,20,0,0,0,0,0,1000.000
5800,2.6260,0.3085,0.00,0.0000,0.0000,0,0,0,0,0,20,20,0,0,0,0,0,1000.000
5810,2.6260,0.3085,0.00,0.0000,0.0000,0,0,0,0,0,20,20,0,0,0,0,0,1000.000
5820,2.6260,0.3085,0.00,0.0000,0.0000,0,0,0,0,0,20,20,0,0,0,0,0,1000.000
5830,2.6260,0.3085,0.00,0.0000,0.0000,0,0,0,0,0,20,20,0,0,0,0,0,1000.000
5840,2.6260,0.3085,0.00,0.0000,0.0000,0,0,0,0,0,20,20,0,0,0,0,0,1000.000
5850,2.6260,0.3085,0.00,0.0000,0.0000,0,0,0,0,0,20,20,0,0,0,0,0,1000.000
5860,2.6260,0.3085,0.00,0.0000,0.0000,0,0,0,0,0,20,20,0,0,0,0,0,1000.000
5870,2.6260,0.3085,0.00,0.0000,0.0000,0,0,0,0,0,20,20,0,0,0,0,0,1000.000
5880,2.6260,0.3085,0.00,0.0000,0.0000,0,0,0,0,0,20,20,0,0,0,0,0,1000.000
5890,2.6260,0.3085,0.00,0.0000,0.0000,0,0,0,0,0,20,20,0,0,0,0,0,1000.000
5900,2.6260,0.3085,0.00,0.0000,0.0000,0,0,0,0,0,20,20,0,0,0,0,0,1000.000
5910,2.6260,0.3085,0.00,0.0000,0.0000,0,0,0,0,0,20,20,0,0,0,0,0,1000.000
5920,2.6260,0.3085,0.00,0.0000,0.0000,0,0,0,0,0,20,20,0,0,0,0,0,1000.000
5930,2.6260,0.3085,0.00,0.0000,0.0000,0,0,0,0,0,20,20,0,0,0,0,0,1000.000
5940,2.6260,0.3085,0.00,0.0000,0.0000,0,0,0,0,0,20,20,0,0,0,0,0,1000.000
5950,2.6260,0.3085,0.00,0.0000,0.0000,0,0,0,0,0,20,20,0,0,0,0,0,1000.000
5960,2.6260,0.3085,0.00,0.0000,0.0000,0,0,0,0,0,20,20,0,0,0,0,0,1000.000
5970,2.6260,0.3085,0.00,0.0000,0.0000,0,0,0,0,0,20,20,0,0,0,0,0,1000.000
5980,2.6260,0.3085,0.00,0.0000,0.0000,0,0,0,0,0,20,20,0,0,0,0,0,1000.000
5990,2.6260,0.3085,0.00,0.0000,0.0000,0,0,0,0,0,20,20,0,0,0,0,0,1000.000
6000,2.6260,0.3085,0.00,0.0000,0.0000,0,0,0,0,0,20,20,0,0,0,0,0,1000.000
6010,2.6260,0.3085,0.00,0.0000,0.0000,0,0,0,0,0,20,20,0,0,0,0,0,1000.000
6020,2.6260,0.3085,0.00,0.0000,0.0000,0,0,0,0,0,20,20,0,0,0,0,0,1000.000
6030,2.6260,0.3085,0.00,0.0000,0.0000,0,0,0,0,0,20,20,0,0,0,0,0,1000.000
6040,2.6260,0.3085,0.00,0.0000,0.0000,0,0,0,0,0,20,20,0,0,0,0,0,1000.000
6050,2.6260,0.3085,0.00,0.0000,0.0000,0,0,0,0,0,20,20,0,0,0,0,0,1000.000
6060,2.6260,0.3085,0.00,0.0000,0.0000,0,0,0,0,0,20,20,0,0,0,0,0,1000.000
6070,2.6260,0.3085,0.00,0.0000,0.0000,0,0,0,0,0,20,20,0,0,0,0,0,1000.000
6080,2.6260,0.3085,0.00,0.0000,0.0000,0,0,0,0,0,20,20,0,0,0,0,0,1000.000
6090,2.6260,0.3085,0.00,0.0000,0.0000,0,0,0,0,0,20,20,0,0,0,0,0,1000.000
6100,2.6260,0.3085,0.00,0.0000,0.0000,0,0,0,0,0,20,20,0,0,0,0,0,1000.000
6110,2.6260,0.3085,0.00,0.0000,0.0000,0,0,0,0,0,20,20,0,0,0,0,0,1000.000
6120,2.6260,0.3085,0.00,0.0000,0.0000,0,0,0,0,0,20,20,0,0,0,0,0,1000.000
6130,2.6260,0.3085,0.00,0.0000,0.0000,0,0,0,0,0,20,20,0,0,0,0,0,1000.000
6140,2.6260,0.3085,0.00,0.0000,0.0000,0,0,0,0,0,20,20,0,0,0,0,0,1000.000
6150,2.6260,0.3085,0.00,0.0000,0.0000,0,0,0,0,0,20,20,0,0,0,0,0,1000.000
6160,2.6260,0.3085,0.00,0.0000,0.0000,0,0,0,0,0,20,20,0,0,0,0,0,1000.000
6170,2.6260,0.3085,0.00,0.0000,0.0000,0,0,0,0,0,20,20,0,0,0,0,0,1000.000
6180,2.6260,0.3085,0.00,0.0000,0.0000,0,0,0,0,0,20,20,0,0,0,0,0,1000.000
6190,2.6260,0.3085,0.00,0.0000,0.0000,0,0,0,0,0,20,20,0,0,0,0,0,1000.000
6200,2.6260,0.3085,0.00,0.0000,0.0000,0,0,0,0,0,20,20,0,0,0,0,0,1000.000
6210,2.6260,0.3085,0.00,0.0000,0.0000,0,0,0,0,0,20,20,0,0,0,0,0,1000.000
6220,2.6260,0.3085,0.00,0.0000,0.0000,0,0,0,0,0,20,20,0,0,0,0,0,1000.000
6230,2.6260,0.3085,0.00,0.0000,0.0000,0,0,0,0,0,20,20,0,0,0,0,0,1000.000
6240,2.6260,0.3085,0.00,0.0000,0.0000,0,0,0,0,0,20,20,0,0,0,0,0,1000.000
6250,2.6260,0.3085,0.00,0.0000,0.0000,0,0,0,0,0,20,20,0,0,0,0,0,1000.000
6260,2.6260,0.3085,0.00,0.0000,0.0000,0,0,0,0,0,20,20,0,0,0,0,0,1000.000
6270,2.6260,0.3085,0.00,0.0000,0.0000,0,0,0,0,0,20,20,0,0,0,0,0,1000.000
6280,2.6260,0.3085,0.00,0.0000,0.0000,0,0,0,0,0,20,20,0,0,0,0,0,1000.000
6290,2.6260,0.3085,0.00,0.0000,0.0000,0,0,0,0,0,20,20,0,0,0,0,0,1000.000
6300,2.6260,0.3085,0.00,0.0000,0.0000,0,0,0,0,0,20,20,0,0,0,0,0,1000.000
6310,2.6260,0.3085,0.00,0.0000,0.0000,0,0,0,0,0,20,20,0,0,0,0,0,1000.000
6320,2.6260,0.3085,0.00,0.0000,0.0000,0,0,0,0,0,20,20,0,0,0,0,0,1000.000
6330,2.6260,0.3085,0.00,0.0000,0.0000,0,0,0,0,0,20,20,0,0,0,0,0,1000.000
6340,2.6260,0.3085,0.00,0.0000,0.0000,0,0,0,0,0,20,20,0,0,0,0,0,1000.000
6350,2.6260,0.3085,0.00,0.0000,0.0000,0,0,0,0,0,20,20,0,0,0,0,0,1000.000
6360,2.6260,0.3085,0.00,0.0000,0.0000,0,0,0,0,0,20,20,0,0,0,0,0,1000.000
6370,2.6260,0.3085,0.00,0.0000,0.0000,0,0,0,0,0,20,20,0,0,0,0,0,1000.000
6380,2.6260,0.3085,0.00,0.0000,0.0000,0,0,0,0,0,20,20,0,0,0,0,0,1000.000
6390,2.6260,0.3085,0.00,0.0000,0.0000,0,0,0,0,0,20,20,0,0,0,0,0,1000.000
6400,2.6260,0.3085,0.00,0.0000,0.0000,0,0,0,0,0,20,20,0,0,0,0,0,1000.000
6410,2.6260,0.3085,0.00,0.0000,0.0000,0,0,0,0,0,20,20,0,0,0,0,0,1000.000
6420,2.6260,0.3085,0.00,0.0000,0.0000,0,0,0,0,0,20,20,0,0,0,0,0,1000.000
6430,2.6260,0.3085,0.00,0.0000,0.0000,0,0,0,0,0,20,20,0,0,0,0,0,1000.000
6440,2.6260,0.3085,0.00,0.0000,0.0000,0,0,0,0,0,20,20,0,0,0,0,0,1000.000
6450,2.6260,0.3085,0.00,0.0000,0.0000,0,0,0,0,0,20,20,0,0,0,0,0,1000.000
6460,2.6260,0.3085,0.00,0.0000,0.0000,0,0,0,0,0,20,20,0,0,0,0,0,1000.000
6470,2.6260,0.3085,0.00,0.0000,0.0000,0,0,0,0,0,20,20,0,0,0,0,0,1000.000
6480,2.6260,0.3085,0.00,0.0000,0.0000,0,0,0,0,0,20,20,0,0,0,0,0,1000.000
6490,2.6260,0.3085,0.00,0.0000,0.0000,0,0,0,0,0,20,20,0,0,0,0,0,1000.000
6500,2.6260,0.3085,0.00,0.0000,0.0000,0,0,0,0,0,20,20,0,0,0,0,0,1000.000
6510,2.6260,0.3085,0.00,0.0000,0.0000,0,0,0,0,0,20,20,0,0,0,0,0,1000.000
6520,2.6260,0.3085,0.00,0.0000,0.0000,0,0,0,0,0,20,20,0,0,0,0,0,1000.000
6530,2.6260,0.3085,0.00,0.0000,0.0000,0,0,0,0,0,20,20,0,0,0,0,0,1000.000
6540,2.6260,0.3085,0.00,0.0000,0.0000,0,0,0,0,0,20,20,0,0,0,0,0,1000.000
6550,2.6260,0.3085,0.00,0.0000,0.0000,0,0,0,0,0,20,20,0,53,0,1,0,1000.000
6560,2.6260,0.3086,0.00,0.0000,0.0000,0,0,0,0,0,20,20,0,53,0,1,0,1000.000
6570,2.6260,0.3088,0.00,0.0000,0.0000,0,0,0,0,0,20,20,0,53,0,1,0,1000.000
6580,2.6260,0.3091,0.00,0.0000,0.0000,0,0,0,0,0,20,20,0,53,0,1,0,1000.000
6590,2.6260,0.3096,0.00,0.0000,0.0000,0,0,0,0,0,20,20,0,53,0,1,0,1000.000
6600,2.6260,0.3102,0.00,0.0000,0.0000,0,0,0,0,0,20,20,0,53,0,1,0,1000.000
6610,2.6260,0.3110,0.00,0.0000,0.0000,0,0,0,0,0,20,20,0,53,0,1,0,1000.000
6620,2.6260,0.3119,0.00,0.0000,0.0000,0,0,0,0,0,20,20,0,53,0,1,0,1000.000
6630,2.6260,0.3129,0.00,0.0000,0.0000,0,0,0,0,0,20,20,0,53,0,1,0,1000.000
6640,2.6260,0.3141,0.00,0.0000,0.0000,0,0,0,0,0,20,20,0,53,0,1,0,1000.000
6650,2.6260,0.3155,0.00,0.0000,0.0000,0,0,0,0,0,20,20,0,53,0,1,0,1000.000
6660,2.6260,0.3169,0.00,0.0000,0.0000,0,0,0,0,0,20,20,0,53,0,1,0,1000.000
6670,2.6260,0.3185,0.00,0.0000,0.0000,0,0,0,0,0,20,20,0,53,0,1,0,1000.000
6680,2.6260,0.3203,0.00,0.0000,0.0000,0,0,0,0,0,20,20,0,53,0,1,0,1000.000
6690,2.6260,0.3222,0.00,0.0000,0.0000,0,0,0,0,0,20,20,0,53,0,1,0,1000.000
6700,2.6260,0.3242,0.00,0.0000,0.0000,0,0,0,0,0,20,20,0,53,0,1,0,1000.000
6710,2.6260,0.3264,0.00,0.0000,0.0000,0,0,0,0,0,20,20,0,53,0,1,0,1000.000
6720,2.6260,0.3287,0.00,0.0000,0.0000,0,0,0,0,0,20,20,0,53,0,1,0,1000.000
6730,2.6260,0.3312,0.00,0.0000,0.0000,0,0,0,0,0,20,20,0,53,0,1,0,1000.000
6740,2.6260,0.3337,0.00,0.0000,0.0000,0,0,0,0,0,20,20,0,53,0,1,0,1000.000
6750,2.6260,0.3365,0.00,0.0000,0.0000,0,0,0,0,0,20,20,0,53,0,1,0,1000.000
6760,2.6260,0.3394,0.00,0.0000,0.0000,0,0,0,0,0,20,20,0,53,0,1,0,1000.000
6770,2.6260,0.3424,0.00,0.0000,0.0000,0,0,0,0,0,20,20,0,53,0,1,0,1000.000
6780,2.6260,0.3455,0.00,0.0000,0.0000,0,0,0,0,0,20,20,0,53,0,1,0,1000.000
6790,2.6260,0.3488,0.00,0.0000,0.0000,0,0,0,0,0,20,20,0,53,0,1,0,1000.000
6800,2.6260,0.3523,0.00,0.0000,0.0000,0,0,0,0,0,20,20,0,53,0,1,0,1000.000
6810,2.6260,0.3558,0.00,0.0000,0.0000,0,0,0,0,0,20,20,0,53,0,1,0,1000.000
6820,2.6260,0.3596,0.00,0.0000,0.0000,0,0,0,0,0,20,20,0,53,0,1,0,1000.000
6830,2.6260,0.3634,0.00,0.0000,0.0000,0,0,0,0,0,20,20,0,53,0,1,0,1000.000
6840,2.6260,0.3674,0.00,0.0000,0.0000,0,0,0,0,0,20,20,0,53,0,1,0,1000.000
6850,2.6260,0.3716,0.00,0.0000,0.0000,0,0,0,0,0,20,20,0,53,0,1,0,1000.000
6860,2.6260,0.3758,0.00,0.0000,0.0000,0,0,0,0,0,20,20,0,53,0,1,0,1000.000
6870,2.6260,0.3800,0.00,0.0000,0.0000,0,0,0,0,0,20,20,0,53,0,1,0,1000.000
6880,2.6260,0.3842,0.00,0.0000,0.0000,0,0,0,0,0,20,20,0,53,0,1,0,1000.000
6890,2.6260,0.3884,0.00,0.0000,0.0000,0,0,0,0,0,20,20,0,53,0,1,0,1000.000
6900,2.6260,0.3927,0.00,0.0000,0.0000,0,0,0,0,0,20,20,0,53,0,1,0,1000.000
6910,2.6260,0.3969,0.00,0.0000,0.0000,0,0,0,0,0,20,20,0,53,0,1,0,1000.000
6920,2.6260,0.4011,0.00,0.0000,0.0000,0,0,0,0,0,20,20,0,53,0,1,0,1000.000
6930,2.6260,0.4053,0.00,0.0000,0.0000,0,0,0,0,0,20,20,0,53,0,1,0,1000.000
6940,2.6260,0.4095,0.00,0.0000,0.0000,0,0,0,0,0,20,20,0,53,0,1,0,1000.000
6950,2.6260,0.4137,0.00,0.0000,0.0000,0,0,0,0,0,20,20,0,53,0,1,0,1000.000
6960,2.6260,0.4180,0.00,0.0000,0.0000,0,0,0,0,0,20,20,0,53,0,1,0,1000.000
6970,2.6260,0.4222,0.00,0.0000,0.0000,0,0,0,0,0,20,20,0,53,0,1,0,1000.000
6980,2.6260,0.4264,0.00,0.0000,0.0000,0,0,0,0,0,20,20,0,53,0,1,0,1000.000
6990,2.6260,0.4306,0.00,0.0000,0.0000,0,0,0,0,0,20,20,0,53,0,1,0,1000.000
7000,2.6260,0.4348,0.00,0.0000,0.0000,0,0,0,0,0,20,20,0,53,0,1,0,1000.000
7010,2.6260,0.4391,0.00,0.0000,0.0000,0,0,0,0,0,20,20,0,53,0,1,0,1000.000
7020,2.6260,0.4433,0.00,0.0000,0.0000,0,0,0,0,0,20,20,0,53,0,1,0,1000.000
7030,2.6260,0.4475,0.00,0.0000,0.0000,0,0,0,0,0,20,20,0,53,0,1,0,1000.000
7040,2.6260,0.4517,0.00,0.0000,0.0000,0,0,0,0,0,20,20,0,53,0,1,0,1000.000
7050,2.6260,0.4559,0.00,0.0000,0.0000,0,0,0,0,0,20,20,0,53,0,1,0,1000.000
7060,2.6260,0.4601,0.00,0.0000,0.0000,0,0,0,0,0,20,20,0,53,0,1,0,1000.000
7070,2.6260,0.4644,0.00,0.0000,0.0000,0,0,0,0,0,20,20,0,53,0,1,0,1000.000
7080,2.6260,0.4686,0.00,0.0000,0.0000,0,0,0,0,0,20,20,0,53,0,1,0,1000.000
7090,2.6260,0.4728,0.00,0.0000,0.0000,0,0,0,0,0,20,20,0,53,0,1,0,1000.000
7100,2.6260,0.4770,0.00,0.0000,0.0000,0,0,0,0,0,20,20,0,53,0,1,0,1000.000
7110,2.6260,0.4812,0.00,0.0000,0.0000,0,0,0,0,0,20,20,0,53,0,1,0,1000.000
7120,2.6260,0.4854,0.00,0.0000,0.0000,0,0,0,0,0,20,20,0,53,0,1,0,1000.000
7130,2.6260,0.4897,0.00,0.0000,0.0000,0,0,0,0,0,20,20,0,53,0,1,0,1000.000
7140,2.6260,0.4939,0.00,0.0000,0.0000,0,0,0,0,0,20,20,0,53,0,1,0,1000.000
7150,2.6260,0.4981,0.00,0.0000,0.0000,0,0,0,0,0,20,20,0,53,0,1,0,1000.000
7160,2.6260,0.5023,0.00,0.0000,0.0000,0,0,0,0,0,20,20,0,53,0,1,0,1000.000
7170,2.6260,0.5065,0.00,0.0000,0.0000,0,0,0,0,0,20,20,0,53,0,1,0,1000.000
7180,2.6260,0.5108,0.00,0.0000,0.0000,0,0,0,0,0,20,20,0,53,0,1,0,1000.000
7190,2.6260,0.5150,0.00,0.0000,0.0000,0,0,0,0,0,20,20,0,53,0,1,0,1000.000
7200,2.6260,0.5192,0.00,0.0000,0.0000,0,0,0,0,0,20,20,0,53,0,1,0,1000.000
7210,2.6260,0.5234,0.00,0.0000,0.0000,0,0,0,0,0,20,20,0,53,0,1,0,1000.000
7220,2.6260,0.5276,0.00,0.0000,0.0000,0,0,0,0,0,20,20,0,53,0,1,0,1000.000
7230,2.6260,0.5318,0.00,0.0000,0.0000,0,0,0,0,0,20,20,0,53,0,1,0,1000.000
7240,2.6260,0.5361,0.00,0.0000,0.0000,0,0,0,0,0,20,20,0,53,0,1,0,1000.000
7250,2.6260,0.5403,0.00,0.0000,0.0000,0,0,0,0,0,20,20,0,53,0,1,0,1000.000
7260,2.6260,0.5445,0.00,0.0000,0.0000,0,0,0,0,0,20,20,0,53,0,1,0,1000.000
7270,2.6260,0.5487,0.00,0.0000,0.0000,0,0,0,0,0,20,20,0,53,0,1,0,1000.000
7280,2.6260,0.5529,0.00,0.0000,0.0000,0,0,0,0,0,20,20,0,53,0,1,0,1000.000
7290,2.6260,0.5572,0.00,0.0000,0.0000,0,0,0,0,0,20,20,0,53,0,1,0,1000.000
7300,2.6260,0.5614,0.00,0.0000,0.0000,0,0,0,0,0,20,20,0,53,0,1,0,1000.000
7310,2.6260,0.5656,0.00,0.0000,0.0000,0,0,0,0,0,20,20,0,53,0,1,0,1000.000
7320,2.6260,0.5698,0.00,0.0000,0.0000,0,0,0,0,0,20,20,0,53,0,1,0,1000.000
7330,2.6260,0.5740,0.00,0.0000,0.0000,0,0,0,0,0,20,20,0,53,0,1,0,1000.000
7340,2.6260,0.5782,0.00,0.0000,0.0000,0,0,0,0,0,20,20,0,53,0,1,0,1000.000
7350,2.6260,0.5825,0.00,0.0000,0.0000,0,0,0,0,0,20,20,0,53,0,1,0,1000.000
7360,2.6260,0.5867,0.00,0.0000,0.0000,0,0,0,0,0,20,20,0,53,0,1,0,1000.000
7370,2.6260,0.5909,0.00,0.0000,0.0000,0,0,0,0,0,20,20,0,53,0,1,0,1000.000
7380,2.6260,0.5951,0.00,0.0000,0.0000,0,0,0,0,0,20,20,0,53,0,1,0,1000.000
7390,2.6260,0.5993,0.00,0.0000,0.0000,0,0,0,0,0,20,20,0,53,0,1,0,1000.000
7400,2.6260,0.6036,0.00,0.0000,0.0000,0,0,0,0,0,20,20,0,53,0,1,0,1000.000
7410,2.6260,0.6078,0.00,0.0000,0.0000,0,0,0,0,0,20,20,0,53,0,1,0,1000.000
7420,2.6260,0.6120,0.00,0.0000,0.0000,0,0,0,0,0,20,20,0,53,0,1,0,1000.000
7430,2.6260,0.6162,0.00,0.0000,0.0000,0,0,0,0,0,20,20,0,53,0,1,0,1000.000
7440,2.6260,0.6204,0.00,0.0000,0.0000,0,0,0,0,0,20,20,0,53,0,1,0,1000.000
7450,2.6260,0.6246,0.00,0.0000,0.0000,0,0,0,0,0,20,20,0,53,0,1,0,1000.000
7460,2.6260,0.6289,0.00,0.0000,0.0000,0,0,0,0,0,20,20,0,53,0,1,0,1000.000
7470,2.6260,0.6331,0.00,0.0000,0.0000,0,0,0,0,0,20,20,0,53,0,1,0,1000.000
7480,2.6260,0.6373,0.00,0.0000,0.0000,0,0,0,0,0,20,20,0,53,0,1,0,1000.000
7490,2.6260,0.6415,0.00,0.0000,0.0000,0,0,0,0,0,20,20,0,53,0,1,0,1000.000
7500,2.6260,0.6457,0.00,0.0000,0.0000,0,0,0,0,0,20,20,0,53,0,1,0,1000.000
7510,2.6260,0.6500,0.00,0.0000,0.0000,0,0,0,0,0,20,20,0,53,0,1,0,1000.000
7520,2.6260,0.6542,0.00,0.0000,0.0000,0,0,0,0,0,20,20,0,53,0,1,0,1000.000
7530,2.6260,0.6584,0.00,0.0000,0.0000,0,0,0,0,0,20,20,0,53,0,1,0,1000.000
7540,2.6260,0.6626,0.00,0.0000,0.0000,0,0,0,0,0,20,20,0,53,0,1,0,1000.000
7550,2.6260,0.6668,0.00,0.0000,0.0000,0,0,0,0,0,20,20,0,53,0,1,0,1000.000
7560,2.6260,0.6710,0.00,0.0000,0.0000,0,0,0,0,0,20,20,0,53,0,1,0,1000.000
7570,2.6260,0.6753,0.00,0.0000,0.0000,0,0,0,0,0,20,20,0,53,0,1,0,1000.000
7580,2.6260,0.6795,0.00,0.0000,0.0000,0,0,0,0,0,20,20,0,53,0,1,0,1000.000
7590,2.6260,0.6837,0.00,0.0000,0.0000,0,0,0,0,0,20,20,0,53,0,1,0,1000.000
7600,2.6260,0.6879,0.00,0.0000,0.0000,0,0,0,0,0,20,20,0,53,0,1,0,1000.000
7610,2.6260,0.6921,0.00,0.0000,0.0000,0,0,0,0,0,20,20,0,53,0,1,0,1000.000
7620,2.6260,0.6964,0.00,0.0000,0.0000,0,0,0,0,0,20,20,0,53,0,1,0,1000.000
7630,2.6260,0.7006,0.00,0.0000,0.0000,0,0,0,0,0,20,20,0,53,0,1,0,1000.000
7640,2.6260,0.7048,0.00,0.0000,0.0000,0,0,0,0,0,20,20,0,53,0,1,0,1000.000
7650,2.6260,0.7090,0.00,0.0000,0.0000,0,0,0,0,0,20,20,0,53,0,1,0,1000.000
7660,2.6260,0.7132,0.00,0.0000,0.0000,0,0,0,0,0,20,20,0,53,0,1,0,1000.000
7670,2.6260,0.7174,0.00,0.0000,0.0000,0,0,0,0,0,20,20,0,53,0,1,0,1000.000
7680,2.6260,0.7217,0.00,0.0000,0.0000,0,0,0,0,0,20,20,0,53,0,1,0,1000.000
7690,2.6260,0.7259,0.00,0.0000,0.0000,0,0,0,0,0,20,20,0,53,0,1,0,1000.000
7700,2.6260,0.7301,0.00,0.0000,0.0000,0,0,0,0,0,20,20,0,53,0,1,0,1000.000
7710,2.6260,0.7343,0.00,0.0000,0.0000,0,0,0,0,0,20,20,0,53,0,1,0,1000.000
7720,2.6260,0.7385,0.00,0.0000,0.0000,0,0,0,0,0,20,20,0,53,0,1,0,1000.000
7730,2.6260,0.7428,0.00,0.0000,0.0000,0,0,0,0,0,20,20,0,53,0,1,0,1000.000
7740,2.6260,0.7470,0.00,0.0000,0.0000,0,0,0,0,0,20,20,0,53,0,1,0,1000.000
7750,2.6260,0.7512,0.00,0.0000,0.0000,0,0,0,0,0,20,20,0,53,0,1,0,1000.000
7760,2.6260,0.7554,0.00,0.0000,0.0000,0,0,0,0,0,20,20,0,53,0,1,0,1000.000
7770,2.6260,0.7596,0.00,0.0000,0.0000,0,0,0,0,0,20,20,0,53,0,1,0,1000.000
7780,2.6260,0.7638,0.00,0.0000,0.0000,0,0,0,0,0,20,20,0,53,0,1,0,1000.000
7790,2.6260,0.7681,0.00,0.0000,0.0000,0,0,0,0,0,20,20,0,53,0,1,0,1000.000
7800,2.6260,0.7723,0.00,0.0000,0.0000,0,0,0,0,0,20,20,0,53,0,1,0,1000.000
7810,2.6260,0.7765,0.00,0.0000,0.0000,0,0,0,0,0,20,20,0,53,0,1,0,1000.000
7820,2.6260,0.7807,0.00,0.0000,0.0000,0,0,0,0,0,20,20,0,53,0,1,0,1000.000
7830,2.6260,0.7849,0.00,0.0000,0.0000,0,0,0,0,0,20,20,0,53,0,1,0,1000.000
7840,2.6260,0.7892,0.00,0.0000,0.0000,0,0,0,0,0,20,20,0,53,0,1,0,1000.000
7850,2.6260,0.7934,0.00,0.0000,0.0000,0,0,0,0,0,20,20,0,53,0,1,0,1000.000
7860,2.6260,0.7976,0.00,0.0000,0.0000,0,0,0,0,0,20,20,0,53,0,1,0,1000.000
7870,2.6260,0.8018,0.00,0.0000,0.0000,0,0,0,0,0,20,20,0,53,0,1,0,1000.000
7880,2.6260,0.8060,0.00,0.0000,0.0000,0,0,0,0,0,20,20,0,53,0,1,0,1000.000
7890,2.6260,0.8102,0.00,0.0000,0.0000,0,0,0,0,0,20,20,0,53,0,1,0,1000.000
7900,2.6260,0.8145,0.00,0.0000,0.0000,0,0,0,0,0,20,20,0,53,0,1,0,1000.000
7910,2.6260,0.8187,0.00,0.0000,0.0000,0,0,0,0,0,20,20,0,53,0,1,0,1000.000
7920,2.6260,0.8229,0.00,0.0000,0.0000,0,0,0,0,0,20,20,0,53,0,1,0,1000.000
7930,2.6260,0.8271,0.00,0.0000,0.0000,0,0,0,0,0,20,20,0,53,0,1,0,1000.000
7940,2.6260,0.8313,0.00,0.0000,0.0000,0,0,0,0,0,20,20,0,53,0,1,0,1000.000
7950,2.6260,0.8356,0.00,0.0000,0.0000,0,0,0,0,0,20,20,0,53,0,1,0,1000.000
7960,2.6260,0.8398,0.00,0.0000,0.0000,0,0,0,0,0,20,20,0,53,0,1,0,1000.000
7970,2.6260,0.8440,0.00,0.0000,0.0000,0,0,0,0,0,20,20,0,53,0,1,0,1000.000
7980,2.6260,0.8482,0.00,0.0000,0.0000,0,0,0,0,0,20,20,0,53,0,1,0,1000.000
7990,2.6260,0.8524,0.00,0.0000,0.0000,0,0,0,0,0,20,20,0,53,0,1,0,1000.000
8000,2.6260,0.8566,0.00,0.0000,0.0000,0,0,0,0,0,20,20,0,53,0,1,0,1000.000
8010,2.6260,0.8609,0.00,0.0000,0.0000,0,0,0,0,0,20,20,0,53,0,1,0,1000.000
8020,2.6260,0.8651,0.00,0.0000,0.0000,0,0,0,0,0,20,20,0,53,0,1,0,1000.000
8030,2.6260,0.8693,0.00,0.0000,0.0000,0,0,0,0,0,20,20,0,53,0,1,0,1000.000
8040,2.6260,0.8735,0.00,0.0000,0.0000,0,0,0,0,0,20,20,0,53,0,1,0,1000.000
8050,2.6260,0.8777,0.00,0.0000,0.0000,0,0,0,0,0,20,20,0,53,0,1,0,1000.000
8060,2.6260,0.8820,0.00,0.0000,0.0000,0,0,0,0,0,20,20,0,53,0,1,0,1000.000
8070,2.6260,0.8862,0.00,0.0000,0.0000,0,0,0,0,0,20,20,0,53,0,1,0,1000.000
8080,2.6260,0.8904,0.00,0.0000,0.0000,0,0,0,0,0,20,20,0,53,0,1,0,1000.000
8090,2.6260,0.8946,0.00,0.0000,0.0000,0,0,0,0,0,20,20,0,53,0,1,0,1000.000
8100,2.6260,0.8988,0.00,0.0000,0.0000,0,0,0,0,0,20,20,0,53,0,1,0,1000.000
8110,2.6260,0.9030,0.00,0.0000,0.0000,0,0,0,0,0,20,20,0,53,0,1,0,1000.000
8120,2.6260,0.9073,0.00,0.0000,0.0000,0,0,0,0,0,20,20,0,53,0,1,0,1000.000
8130,2.6260,0.9115,0.00,0.0000,0.0000,0,0,0,0,0,20,20,0,53,0,1,0,1000.000
8140,2.6260,0.9157,0.00,0.0000,0.0000,0,0,0,0,0,20,20,0,53,0,1,0,1000.000
8150,2.6260,0.9199,0.00,0.0000,0.0000,0,0,0,0,0,20,20,0,53,0,1,0,1000.000
8160,2.6260,0.9241,0.00,0.0000,0.0000,0,0,0,0,0,20,20,0,53,0,1,0,1000.000
8170,2.6260,0.9284,0.00,0.0000,0.0000,0,0,0,0,0,20,20,0,53,0,1,0,1000.000
8180,2.6260,0.9326,0.00,0.0000,0.0000,0,0,0,0,0,20,20,0,53,0,1,0,1000.000
8190,2.6260,0.9368,0.00,0.0000,0.0000,0,0,0,0,0,20,20,0,53,0,1,0,1000.000
8200,2.6260,0.9410,0.00,0.0000,0.0000,0,0,0,0,0,20,20,0,53,0,1,0,1000.000
8210,2.6260,0.9452,0.00,0.0000,0.0000,0,0,0,0,0,20,20,0,53,0,1,0,1000.000
8220,2.6260,0.9494,0.00,0.0000,0.0000,0,0,0,0,0,20,20,0,53,0,1,0,1000.000
8230,2.6260,0.9537,0.00,0.0000,0.0000,0,0,0,0,0,20,20,0,53,0,1,0,1000.000
8240,2.6260,0.9579,0.00,0.0000,0.0000,0,0,0,0,0,20,20,0,53,0,1,0,1000.000
8250,2.6260,0.9621,0.00,0.0000,0.0000,0,0,0,0,0,20,20,0,53,0,1,0,1000.000
8260,2.6260,0.9663,0.00,0.0000,0.0000,0,0,0,0,0,20,20,0,53,0,1,0,1000.000
8270,2.6260,0.9705,0.00,0.0000,0.0000,0,0,0,0,0,20,20,0,53,0,1,0,1000.000
8280,2.6260,0.9748,0.00,0.0000,0.0000,0,0,0,0,0,20,20,0,53,0,1,0,1000.000
8290,2.6260,0.9790,0.00,0.0000,0.0000,0,0,0,0,0,20,20,0,53,0,1,0,1000.000
8300,2.6260,0.9832,0.00,0.0000,0.0000,0,0,0,0,0,20,20,0,53,0,1,0,1000.000
8310,2.6260,0.9874,0.00,0.0000,0.0000,0,0,0,0,0,20,20,0,53,0,1,0,1000.000
8320,2.6260,0.9916,0.00,0.0000,0.0000,0,0,0,0,0,20,20,0,53,0,1,0,1000.000
8330,2.6260,0.9958,0.00,0.0000,0.0000,0,0,0,0,0,20,20,0,53,0,1,0,1000.000
8340,2.6260,1.0001,0.00,0.0000,0.0000,0,0,0,0,0,20,20,0,53,0,1,0,1000.000
8350,2.6260,1.0043,0.00,0.0000,0.0000,0,0,0,0,0,20,20,0,53,0,1,0,1000.000
8360,2.6260,1.0085,0.00,0.0000,0.0000,0,0,0,0,0,20,20,0,53,0,1,0,1000.000
8370,2.6260,1.0127,0.00,0.0000,0.0000,0,0,0,0,0,20,20,0,53,0,1,0,1000.000
8380,2.6260,1.0169,0.00,0.0000,0.0000,0,0,0,0,0,20,20,0,53,0,1,0,1000.000
8390,2.6260,1.0211,0.00,0.0000,0.0000,0,0,0,0,0,20,20,0,53,0,1,0,1000.000
8400,2.6260,1.0254,0.00,0.0000,0.0000,0,0,0,0,0,20,20,0,53,0,1,0,1000.000
8410,2.6260,1.0296,0.00,0.0000,0.0000,0,0,0,0,0,20,20,0,53,0,1,0,1000.000
8420,2.6260,1.0338,0.00,0.0000,0.0000,0,0,0,0,0,20,20,0,53,0,1,0,1000.000
8430,2.6260,1.0380,0.00,0.0000,0.0000,0,0,0,0,0,20,20,0,53,0,1,0,1000.000
8440,2.6260,1.0422,0.00,0.0000,0.0000,0,0,0,0,0,20,20,0,53,0,1,0,1000.000
8450,2.6260,1.0465,0.00,0.0000,0.0000,0,0,0,0,0,20,20,0,53,0,1,0,1000.000
8460,2.6260,1.0507,0.00,0.0000,0.0000,0,0,0,0,0,20,20,0,53,0,1,0,1000.000
8470,2.6260,1.0549,0.00,0.0000,0.0000,0,0,0,0,0,20,20,0,53,0,1,0,1000.000
8480,2.6260,1.0591,0.00,0.0000,0.0000,0,0,0,0,0,20,20,0,53,0,1,0,1000.000
8490,2.6260,1.0633,0.00,0.0000,0.0000,0,0,0,0,0,20,20,0,53,0,1,0,1000.000
8500,2.6260,1.0675,0.00,0.0000,0.0000,0,0,0,0,0,20,20,0,53,0,1,0,1000.000
8510,2.6260,1.0718,0.00,0.0000,0.0000,0,0,0,0,0,20,20,0,53,0,1,0,1000.000
8520,2.6260,1.0760,0.00,0.0000,0.0000,0,0,0,0,0,20,20,0,53,0,1,0,1000.000
8530,2.6260,1.0802,0.00,0.0000,0.0000,0,0,0,0,0,20,20,0,53,0,1,0,1000.000
8540,2.6260,1.0844,0.00,0.0000,0.0000,0,0,0,0,0,20,20,0,53,0,1,0,1000.000
8550,2.6260,1.0886,0.00,0.0000,0.0000,0,0,0,0,0,20,20,0,53,0,1,0,1000.000
8560,2.6260,1.0929,0.00,0.0000,0.0000,0,0,0,0,0,20,20,0,53,0,1,0,1000.000
8570,2.6260,1.0971,0.00,0.0000,0.0000,0,0,0,0,0,20,20,0,53,0,1,0,1000.000
8580,2.6260,1.1013,0.00,0.0000,0.0000,0,0,0,0,0,20,20,0,53,0,1,0,1000.000
8590,2.6260,1.1055,0.00,0.0000,0.0000,0,0,0,0,0,20,20,0,53,0,1,0,1000.000
8600,2.6260,1.1097,0.00,0.0000,0.0000,0,0,0,0,0,20,20,0,53,0,1,0,1000.000
8610,2.6260,1.1139,0.00,0.0000,0.0000,0,0,0,0,0,20,20,0,53,0,1,0,1000.000
8620,2.6260,1.1182,0.00,0.0000,0.0000,0,0,0,0,0,20,20,0,53,0,1,0,1000.000
8630,2.6260,1.1224,0.00,0.0000,0.0000,0,0,0,0,0,20,20,0,53,0,1,0,1000.000
8640,2.6260,1.1266,0.00,0.0000,0.0000,0,0,0,0,0,20,20,0,53,0,1,0,1000.000
8650,2.6260,1.1308,0.00,0.0000,0.0000,0,0,0,0,0,20,20,0,53,0,1,0,1000.000
8660,2.6260,1.1350,0.00,0.0000,0.0000,0,0,0,0,0,20,20,0,53,0,1,0,1000.000
8670,2.6260,1.1393,0.00,0.0000,0.0000,0,0,0,0,0,20,20,0,53,0,1,0,1000.000
8680,2.6260,1.1435,0.00,0.0000,0.0000,0,0,0,0,0,20,20,0,53,0,1,0,1000.000
8690,2.6260,1.1477,0.00,0.0000,0.0000,0,0,0,0,0,20,20,0,53,0,1,0,1000.000
8700,2.6260,1.1519,0.00,0.0000,0.0000,0,0,0,0,0,20,20,0,53,0,1,0,1000.000
8710,2.6260,1.1561,0.00,0.0000,0.0000,0,0,0,0,0,20,20,0,53,0,1,0,1000.000
8720,2.6260,1.1603,0.00,0.0000,0.0000,0,0,0,0,0,20,20,0,53,0,1,0,1000.000
8730,2.6260,1.1646,0.00,0.0000,0.0000,0,0,0,0,0,20,20,0,53,0,1,0,1000.000
8740,2.6260,1.1688,0.00,0.0000,0.0000,0,0,0,0,0,20,20,0,53,0,1,0,1000.000
8750,2.6260,1.1730,0.00,0.0000,0.0000,0,0,0,0,0,20,20,0,53,0,1,0,1000.000
8760,2.6260,1.1772,0.00,0.0000,0.0000,0,0,0,0,0,20,20,0,53,0,1,0,1000.000
8770,2.6260,1.1814,0.00,0.0000,0.0000,0,0,0,0,0,20,20,0,53,0,1,0,1000.000
8780,2.6260,1.1857,0.00,0.0000,0.0000,0,0,0,0,0,20,20,0,53,0,1,0,1000.000
8790,2.6260,1.1899,0.00,0.0000,0.0000,0,0,0,0,0,20,20,0,53,0,1,0,1000.000
8800,2.6260,1.1941,0.00,0.0000,0.0000,0,0,0,0,0,20,20,0,53,0,1,0,1000.000
8810,2.6260,1.1983,0.00,0.0000,0.0000,0,0,0,0,0,20,20,0,53,0,1,0,1000.000
8820,2.6260,1.2025,0.00,0.0000,0.0000,0,0,0,0,0,20,20,0,53,0,1,0,1000.000
8830,2.6260,1.2067,0.00,0.0000,0.0000,0,0,0,0,0,20,20,0,53,0,1,0,1000.000
8840,2.6260,1.2110,0.00,0.0000,0.0000,0,0,0,0,0,20,20,0,53,0,1,0,1000.000
8850,2.6260,1.2152,0.00,0.0000,0.0000,0,0,0,0,0,20,20,0,53,0,1,0,1000.000
8860,2.6260,1.2194,0.00,0.0000,0.0000,0,0,0,0,0,20,20,0,53,0,1,0,1000.000
8870,2.6260,1.2236,0.00,0.0000,0.0000,0,0,0,0,0,20,20,0,53,0,1,0,1000.000
8880,2.6260,1.2278,0.00,0.0000,0.0000,0,0,0,0,0,20,20,0,53,0,1,0,1000.000
8890,2.6260,1.2321,0.00,0.0000,0.0000,0,0,0,0,0,20,20,0,53,0,1,0,1000.000
8900,2.6260,1.2363,0.00,0.0000,0.0000,0,0,0,0,0,20,20,0,53,0,1,0,1000.000
8910,2.6260,1.2405,0.00,0.0000,0.0000,0,0,0,0,0,20,20,0,53,0,1,0,1000.000
8920,2.6260,1.2447,0.00,0.0000,0.0000,0,0,0,0,0,20,20,0,53,0,1,0,1000.000
8930,2.6260,1.2489,0.00,0.0000,0.0000,0,0,0,0,0,20,20,0,53,0,1,0,1000.000
8940,2.6260,1.2531,0.00,0.0000,0.0000,0,0,0,0,0,20,20,0,53,0,1,0,1000.000
8950,2.6260,1.2574,0.00,0.0000,0.0000,0,0,0,0,0,20,20,0,53,0,1,0,1000.000
8960,2.6260,1.2616,0.00,0.0000,0.0000,0,0,0,0,0,20,20,0,53,0,1,0,1000.000
8970,2.6260,1.2658,0.00,0.0000,0.0000,0,0,0,0,0,20,20,0,53,0,1,0,1000.000
8980,2.6260,1.2700,0.00,0.0000,0.0000,0,0,0,0,0,20,20,0,53,0,1,0,1000.000
8990,2.6260,1.2742,0.00,0.0000,0.0000,0,0,0,0,0,20,20,0,53,0,1,0,1000.000
9000,2.6260,1.2785,0.00,0.0000,0.0000,0,0,0,0,0,20,20,0,53,0,1,0,1000.000
9010,2.6260,1.2827,0.00,0.0000,0.0000,0,0,0,0,0,20,20,0,53,0,1,0,1000.000
9020,2.6260,1.2869,0.00,0.0000,0.0000,0,0,0,0,0,20,20,0,53,0,1,0,1000.000
9030,2.6260,1.2911,0.00,0.0000,0.0000,0,0,0,0,0,20,20,0,53,0,1,0,1000.000
9040,2.6260,1.2953,0.00,0.0000,0.0000,0,0,0,0,0,20,20,0,53,0,1,0,1000.000
9050,2.6260,1.2995,0.00,0.0000,0.0000,0,0,0,0,0,20,20,0,53,0,1,0,1000.000
9060,2.6260,1.3038,0.00,0.0000,0.0000,0,0,0,0,0,20,20,0,53,0,1,0,1000.000
9070,2.6260,1.3080,0.00,0.0000,0.0000,0,0,0,0,0,20,20,0,53,0,1,0,1000.000
9080,2.6260,1.3122,0.00,0.0000,0.0000,0,0,0,0,0,20,20,0,53,0,1,0,1000.000
9090,2.6260,1.3164,0.00,0.0000,0.0000,0,0,0,0,0,20,20,0,53,0,1,0,1000.000
9100,2.6260,1.3206,0.00,0.0000,0.0000,0,0,0,0,0,20,20,0,53,0,1,0,1000.000
9110,2.6260,1.3249,0.00,0.0000,0.0000,0,0,0,0,0,20,20,0,53,0,1,0,1000.000
9120,2.6260,1.3291,0.00,0.0000,0.0000,0,0,0,0,0,20,20,0,53,0,1,0,1000.000
9130,2.6260,1.3333,0.00,0.0000,0.0000,0,0,0,0,0,20,20,0,53,0,1,0,1000.000
9140,2.6260,1.3375,0.00,0.0000,0.0000,0,0,0,0,0,20,20,0,53,0,1,0,1000.000
9150,2.6260,1.3417,0.00,0.0000,0.0000,0,0,0,0,0,20,20,0,53,0,1,0,1000.000
9160,2.6260,1.3459,0.00,0.0000,0.0000,0,0,0,0,0,20,20,0,53,0,1,0,1000.000
9170,2.6260,1.3502,0.00,0.0000,0.0000,0,0,0,0,0,20,20,0,53,0,1,0,1000.000
9180,2.6260,1.3544,0.00,0.0000,0.0000,0,0,0,0,0,20,20,0,53,0,1,0,1000.000
9190,2.6260,1.3586,0.00,0.0000,0.0000,0,0,0,0,0,20,20,0,53,0,1,0,1000.000
9200,2.6260,1.3628,0.00,0.0000,0.0000,0,0,0,0,0,20,20,0,53,0,1,0,1000.000
9210,2.6260,1.3670,0.00,0.0000,0.0000,0,0,0,0,0,20,20,0,53,0,1,0,1000.000
9220,2.6260,1.3713,0.00,0.0000,0.0000,0,0,0,0,0,20,20,0,53,0,1,0,1000.000
9230,2.6260,1.3755,0.00,0.0000,0.0000,0,0,0,0,0,20,20,0,53,0,1,0,1000.000
9240,2.6260,1.3797,0.00,0.0000,0.0000,0,0,0,0,0,20,20,0,53,0,1,0,1000.000
9250,2.6260,1.3839,0.00,0.0000,0.0000,0,0,0,0,0,20,20,0,53,0,1,0,1000.000
9260,2.6260,1.3881,0.00,0.0000,0.0000,0,0,0,0,0,20,20,0,53,0,1,0,1000.000
9270,2.6260,1.3923,0.00,0.0000,0.0000,0,0,0,0,0,20,20,0,53,0,1,0,1000.000
9280,2.6260,1.3966,0.00,0.0000,0.0000,0,0,0,0,0,20,20,0,53,0,1,0,1000.000
9290,2.6260,1.4008,0.00,0.0000,0.0000,0,0,0,0,0,20,20,0,53,0,1,0,1000.000
9300,2.6260,1.4050,0.00,0.0000,0.0000,0,0,0,0,0,20,20,0,53,0,1,0,1000.000
9310,2.6260,1.4092,0.00,0.0000,0.0000,0,0,0,0,0,20,20,0,53,0,1,0,1000.000
9320,2.6260,1.4134,0.00,0.0000,0.0000,0,0,0,0,0,20,20,0,53,0,1,0,1000.000
9330,2.6260,1.4177,0.00,0.0000,0.0000,0,0,0,0,0,20,20,0,53,0,1,0,1000.000
9340,2.6260,1.4219,0.00,0.0000,0.0000,0,0,0,0,0,20,20,0,53,0,1,0,1000.000
9350,2.6260,1.4261,0.00,0.0000,0.0000,0,0,0,0,0,20,20,0,53,0,1,0,1000.000
9360,2.6260,1.4303,0.00,0.0000,0.0000,0,0,0,0,0,20,20,0,53,0,1,0,1000.000
9370,2.6260,1.4345,0.00,0.0000,0.0000,0,0,0,0,0,20,20,0,53,0,1,0,1000.000
9380,2.6260,1.4387,0.00,0.0000,0.0000,0,0,0,0,0,20,20,0,53,0,1,0,1000.000
9390,2.6260,1.4430,0.00,0.0000,0.0000,0,0,0,0,0,20,20,0,53,0,1,0,1000.000
9400,2.6260,1.4472,0.00,0.0000,0.0000,0,0,0,0,0,20,20,0,53,0,1,0,1000.000
9410,2.6260,1.4514,0.00,0.0000,0.0000,0,0,0,0,0,20,20,0,53,0,1,0,1000.000
9420,2.6260,1.4556,0.00,0.0000,0.0000,0,0,0,0,0,20,20,0,53,0,1,0,1000.000
9430,2.6260,1.4598,0.00,0.0000,0.0000,0,0,0,0,0,20,20,0,53,0,1,0,1000.000
9440,2.6260,1.4641,0.00,0.0000,0.0000,0,0,0,0,0,20,20,0,53,0,1,0,1000.000
9450,2.6260,1.4683,0.00,0.0000,0.0000,0,0,0,0,0,20,20,0,53,0,1,0,1000.000
9460,2.6260,1.4725,0.00,0.0000,0.0000,0,0,0,0,0,20,20,0,53,0,1,0,1000.000
9470,2.6260,1.4767,0.00,0.0000,0.0000,0,0,0,0,0,20,20,0,53,0,1,0,1000.000
9480,2.6260,1.4809,0.00,0.0000,0.0000,0,0,0,0,0,20,20,0,53,0,1,0,1000.000
9490,2.6260,1.4851,0.00,0.0000,0.0000,0,0,0,0,0,20,20,0,53,0,1,0,1000.000
9500,2.6260,1.4894,0.00,0.0000,0.0000,0,0,0,0,0,20,20,0,53,0,1,0,1000.000
9510,2.6260,1.4936,0.00,0.0000,0.0000,0,0,0,0,0,20,20,0,53,0,1,0,1000.000
9520,2.6260,1.4978,0.00,0.0000,0.0000,0,0,0,0,0,20,20,0,53,0,1,0,1000.000
9530,2.6260,1.5020,0.00,0.0000,0.0000,0,0,0,0,0,20,20,0,53,0,1,0,1000.000
9540,2.6260,1.5062,0.00,0.0000,0.0000,0,0,0,0,0,20,20,0,53,0,1,0,1000.000
9550,2.6260,1.5105,0.00,0.0000,0.0000,0,0,0,0,0,20,20,0,53,0,1,0,1000.000
9560,2.6260,1.5147,0.00,0.0000,0.0000,0,0,0,0,0,20,20,0,53,0,1,0,1000.000
9570,2.6260,1.5189,0.00,0.0000,0.0000,0,0,0,0,0,20,20,0,53,0,1,0,1000.000
9580,2.6260,1.5231,0.00,0.0000,0.0000,0,0,0,0,0,20,20,0,53,0,1,0,1000.000
9590,2.6260,1.5273,0.00,0.0000,0.0000,0,0,0,0,0,20,20,0,53,0,1,0,1000.000
9600,2.6260,1.5315,0.00,0.0000,0.0000,0,0,0,0,0,20,20,0,53,0,1,0,1000.000
9610,2.6260,1.5358,0.00,0.0000,0.0000,0,0,0,0,0,20,20,0,53,0,1,0,1000.000
9620,2.6260,1.5400,0.00,0.0000,0.0000,0,0,0,0,0,20,20,0,53,0,1,0,1000.000
9630,2.6260,1.5442,0.00,0.0000,0.0000,0,0,0,0,0,20,20,0,53,0,1,0,1000.000
9640,2.6260,1.5484,0.00,0.0000,0.0000,0,0,0,0,0,20,20,0,53,0,1,0,1000.000
9650,2.6260,1.5526,0.00,0.0000,0.0000,0,0,0,0,0,20,20,0,53,0,1,0,1000.000
9660,2.6260,1.5569,0.00,0.0000,0.0000,0,0,0,0,0,20,20,0,53,0,1,0,1000.000
9670,2.6260,1.5611,0.00,0.0000,0.0000,0,0,0,0,0,20,20,0,53,0,1,0,1000.000
9680,2.6260,1.5653,0.00,0.0000,0.0000,0,0,0,0,0,20,20,0,53,0,1,0,1000.000
9690,2.6260,1.5695,0.00,0.0000,0.0000,0,0,0,0,0,20,20,0,53,0,1,0,1000.000
9700,2.6260,1.5737,0.00,0.0000,0.0000,0,0,0,0,0,20,20,0,53,0,1,0,1000.000
9710,2.6260,1.5779,0.00,0.0000,0.0000,0,0,0,0,0,20,20,0,53,0,1,0,1000.000
9720,2.6260,1.5822,0.00,0.0000,0.0000,0,0,0,0,0,20,20,0,53,0,1,0,1000.000
9730,2.6260,1.5864,0.00,0.0000,0.0000,0,0,0,0,0,20,20,0,53,0,1,0,1000.000
9740,2.6260,1.5906,0.00,0.0000,0.0000,0,0,0,0,0,20,20,0,53,0,1,0,1000.000
9750,2.6260,1.5948,0.00,0.0000,0.0000,0,0,0,0,0,20,20,0,53,0,1,0,1000.000
9760,2.6260,1.5990,0.00,0.0000,0.0000,0,0,0,0,0,20,20,0,53,0,1,0,1000.000
9770,2.6260,1.6032,0.00,0.0000,0.0000,0,0,0,0,0,20,20,0,53,0,1,0,1000.000
9780,2.6260,1.6075,0.00,0.0000,0.0000,0,0,0,0,0,20,20,0,53,0,1,0,1000.000
9790,2.6260,1.6117,0.00,0.0000,0.0000,0,0,0,0,0,20,20,0,53,0,1,0,1000.000
9800,2.6260,1.6159,0.00,0.0000,0.0000,0,0,0,0,0,20,20,0,53,0,1,0,1000.000
9810,2.6260,1.6201,0.00,0.0000,0.0000,0,0,0,0,0,20,20,0,53,0,1,0,1000.000
9820,2.6260,1.6243,0.00,0.0000,0.0000,0,0,0,0,0,20,20,0,53,0,1,0,1000.000
9830,2.6260,1.6286,0.00,0.0000,0.0000,0,0,0,0,0,20,20,0,53,0,1,0,1000.000
9840,2.6260,1.6328,0.00,0.0000,0.0000,0,0,0,0,0,20,20,0,53,0,1,0,1000.000
9850,2.6260,1.6370,0.00,0.0000,0.0000,0,0,0,0,0,20,20,0,53,0,1,0,1000.000
9860,2.6260,1.6412,0.00,0.0000,0.0000,0,0,0,0,0,20,20,0,53,0,1,0,1000.000
9870,2.6260,1.6454,0.00,0.0000,0.0000,0,0,0,0,0,20,20,0,53,0,1,0,1000.000
9880,2.6260,1.6496,0.00,0.0000,0.0000,0,0,0,0,0,20,20,0,53,0,1,0,1000.000
9890,2.6260,1.6539,0.00,0.0000,0.0000,0,0,0,0,0,20,20,0,53,0,1,0,1000.000
9900,2.6260,1.6581,0.00,2.6260,1.6600,1,0,0,0,0,19,20,0,49,1,1,0,0.086
9910,2.6260,1.6622,0.00,2.6260,1.6641,1,0,0,0,0,19,20,0,49,1,1,0,0.082
9920,2.6260,1.6661,0.00,2.6260,1.6680,1,0,0,0,0,19,20,0,48,1,0,0,0.078
9930,2.6260,1.6699,0.00,2.6260,1.6718,1,0,0,0,0,19,20,0,47,1,0,0,0.075
9940,2.6260,1.6736,0.00,2.6260,1.6755,1,0,0,0,0,19,20,0,45,1,0,0,0.071
9950,2.6260,1.6772,0.00,2.6260,1.6791,1,0,0,0,0,17,20,0,0,0,0,0,1000.000
9960,2.6260,1.6806,0.00,2.6260,1.6825,1,0,0,0,0,17,20,0,0,0,0,0,1000.000
9970,2.6260,1.6838,0.00,2.6260,1.6858,1,0,0,0,0,17,20,0,0,0,0,0,1000.000
9980,2.6260,1.6868,0.00,2.6260,1.6888,1,0,0,0,0,17,20,0,0,0,0,0,1000.000
9990,2.6260,1.6897,0.00,2.6260,1.6916,1,0,0,0,0,17,20,0,0,0,0,0,1000.000
10000,2.6260,1.6923,0.00,2.6260,1.6942,1,0,1,0,0,15,20,0,0,0,0,0,1000.000
10010,2.6260,1.6947,0.00,2.6260,1.6966,1,0,1,0,0,15,20,0,0,0,0,0,1000.000
10020,2.6260,1.6969,0.00,2.6260,1.6988,1,0,1,0,0,15,20,0,0,0,0,0,1000.000
10030,2.6260,1.6989,0.00,2.6260,1.7008,1,0,1,0,0,15,20,0,0,0,0,0,1000.000
10040,2.6260,1.7007,0.00,2.6260,1.7026,1,0,1,0,0,15,20,0,0,0,0,0,1000.000
10050,2.6260,1.7023,0.00,2.6260,1.7042,1,0,1,0,0,14,20,-150,0,0,0,0,2.356
10060,2.6260,1.7037,0.00,2.6260,1.7057,1,0,1,0,0,14,20,-150,0,0,0,0,2.356
10070,2.6260,1.7049,0.00,2.6260,1.7069,1,0,1,0,0,14,20,-150,0,0,0,0,2.356
10080,2.6260,1.7060,0.00,2.6260,1.7079,1,0,1,0,0,14,20,-150,0,0,0,0,2.356
10090,2.6258,1.7070,0.00,2.6258,1.7089,1,0,1,0,0,14,20,-150,0,0,0,0,2.356
10100,2.6254,1.7080,0.00,2.6254,1.7099,1,0,1,0,0,14,20,-150,0,0,0,0,2.355
10110,2.6248,1.7090,0.00,2.6248,1.7109,1,0,1,0,0,14,20,-150,0,0,0,0,2.355
10120,2.6240,1.7100,0.00,2.6240,1.7119,1,0,1,0,0,14,20,-150,0,0,0,0,2.354
10130,2.6230,1.7110,0.00,2.6230,1.7129,1,0,1,0,0,14,20,-150,0,0,0,0,2.353
10140,2.6218,1.7120,0.00,2.6218,1.7139,1,0,1,0,0,14,20,-150,0,0,0,0,2.352
10150,2.6205,1.7130,0.00,2.6205,1.7149,1,0,1,0,0,13,20,-150,0,0,0,0,2.350
10160,2.6189,1.7140,0.00,2.6189,1.7159,1,0,1,0,0,13,20,-150,0,0,0,0,2.349
10170,2.6171,1.7150,0.00,2.6171,1.7169,1,0,1,0,0,13,20,-150,0,0,0,0,2.347
10180,2.6151,1.7160,0.00,2.6151,1.7179,1,0,1,0,0,13,20,-150,0,0,0,0,2.345
10190,2.6129,1.7170,0.00,2.6129,1.7189,1,0,1,0,0,13,20,-150,0,0,0,0,2.343
10200,2.6105,1.7180,0.00,2.6105,1.7199,1,0,1,0,0,13,20,-150,0,0,0,0,2.340
10210,2.6079,1.7190,0.00,2.6079,1.7209,1,0,1,0,0,13,20,-150,0,0,0,0,2.338
10220,2.6051,1.7200,0.00,2.6051,1.7219,1,0,1,0,0,13,20,-150,0,0,0,0,2.335
10230,2.6021,1.7210,0.00,2.6021,1.7229,1,0,1,0,0,13,20,-150,0,0,0,0,2.332
10240,2.5989,1.7220,0.00,2.5989,1.7239,1,0,1,0,0,13,20,-150,0,0,0,0,2.329
10250,2.5956,1.7230,0.00,2.5955,1.7249,1,0,1,0,0,12,20,0,0,0,0,0,2.326
10260,2.5922,1.7240,0.00,2.5922,1.7259,1,0,1,0,0,12,20,0,0,0,0,0,2.322
10270,2.5890,1.7250,0.00,2.5890,1.7269,1,0,1,0,0,12,20,0,0,0,0,0,2.319
10280,2.5860,1.7260,0.00,2.5860,1.7279,1,0,1,0,0,12,20,0,0,0,0,0,2.316
10290,2.5833,1.7270,0.00,2.5833,1.7289,1,0,1,0,0,12,20,0,0,0,0,0,2.313
10300,2.5807,1.7280,0.00,2.5807,1.7299,1,0,1,0,0,12,20,0,0,0,0,0,2.311
10310,2.5783,1.7290,0.00,2.5783,1.7309,1,0,1,0,0,12,20,0,0,0,0,0,2.308
10320,2.5762,1.7300,0.00,2.5762,1.7319,1,0,1,0,0,12,20,0,0,0,0,0,2.306
10330,2.5742,1.7310,0.00,2.5742,1.7329,1,0,1,0,0,12,20,0,0,0,0,0,2.304
10340,2.5724,1.7320,0.00,2.5724,1.7339,1,0,1,0,0,12,20,0,0,0,0,0,2.302
10350,2.5709,1.7330,0.00,2.5708,1.7349,1,0,1,0,0,11,20,0,0,0,0,0,2.301
10360,2.5695,1.7340,0.00,2.5695,1.7359,1,0,1,0,0,11,20,0,0,0,0,0,2.299
10370,2.5683,1.7350,0.00,2.5683,1.7369,1,0,1,0,0,11,20,0,0,0,0,0,2.298
10380,2.5673,1.7360,0.00,2.5673,1.7379,1,0,1,0,0,11,20,0,0,0,0,0,2.297
10390,2.5664,1.7369,0.00,2.5664,1.7388,1,0,1,0,0,11,20,0,0,0,0,0,2.296
10400,2.5656,1.7377,0.00,2.5656,1.7396,1,0,1,0,0,11,20,0,0,0,0,0,2.296
10410,2.5650,1.7384,0.00,2.5650,1.7403,1,0,1,0,0,11,20,0,0,0,0,0,2.295
10420,2.5644,1.7389,0.00,2.5644,1.7409,1,0,1,0,0,11,20,0,0,0,0,0,2.294
10430,2.5639,1.7394,0.00,2.5639,1.7413,1,0,1,0,0,11,20,0,0,0,0,0,2.294
10440,2.5635,1.7398,0.00,2.5635,1.7417,1,0,1,0,0,11,20,0,0,0,0,0,2.294
10450,2.5632,1.7401,0.00,2.5632,1.7420,1,0,1,0,0,10,20,-150,0,0,0,0,2.293
10460,2.5629,1.7402,0.00,2.5629,1.7421,1,0,1,0,0,10,20,-150,0,0,0,0,2.293
10470,2.5624,1.7403,0.00,2.5624,1.7422,1,0,1,0,0,10,20,-150,0,0,0,0,2.292
10480,2.5617,1.7404,0.00,2.5617,1.7423,1,0,1,0,0,10,20,-150,0,0,0,0,2.292
10490,2.5608,1.7405,0.00,2.5608,1.7424,1,0,1,0,0,10,20,-150,0,0,0,0,2.291
10500,2.5597,1.7406,0.00,2.5597,1.7425,1,0,1,0,0,10,20,-150,0,0,0,0,2.290
10510,2.5585,1.7407,0.00,2.5585,1.7426,1,0,1,0,0,10,20,-150,0,0,0,0,2.288
10520,2.5570,1.7408,0.00,2.5570,1.7427,1,0,1,0,0,10,20,-150,0,0,0,0,2.287
10530,2.5553,1.7409,0.00,2.5553,1.7428,1,0,1,0,0,10,20,-150,0,0,0,0,2.285
10540,2.5534,1.7410,0.00,2.5534,1.7429,1,0,1,0,0,10,20,-150,0,0,0,0,2.283
10550,2.5513,1.7411,0.00,2.5513,1.7430,1,0,1,0,0,10,20,-150,0,0,0,0,2.281
10560,2.5490,1.7412,0.00,2.5490,1.7431,1,0,1,0,0,10,20,-150,0,0,0,0,2.279
10570,2.5465,1.7413,0.00,2.5465,1.7432,1,0,1,0,0,10,20,-150,0,0,0,0,2.277
10580,2.5438,1.7414,0.00,2.5438,1.7433,1,0,1,0,0,10,20,-150,0,0,0,0,2.274
10590,2.5409,1.7415,0.00,2.5409,1.7434,1,0,1,0,0,10,20,-150,0,0,0,0,2.271
10600,2.5379,1.7416,0.00,2.5379,1.7435,1,0,1,0,0,10,20,-150,0,0,0,0,2.268
10610,2.5346,1.7417,0.00,2.5346,1.7436,1,0,1,0,0,10,20,-150,0,0,0,0,2.265
10620,2.5311,1.7418,0.00,2.5311,1.7437,1,0,1,0,0,10,20,-150,0,0,0,0,2.261
10630,2.5274,1.7419,0.00,2.5274,1.7438,1,0,1,0,0,10,20,-150,0,0,0,0,2.257
10640,2.5235,1.7420,0.00,2.5235,1.7439,1,0,1,0,0,10,20,-150,0,0,0,0,2.253
10650,2.5194,1.7421,0.00,2.5194,1.7440,1,0,1,0,0,10,20,-150,0,0,0,0,2.249
10660,2.5151,1.7422,0.00,2.5151,1.7441,1,0,1,0,0,10,20,-150,0,0,0,0,2.245
10670,2.5106,1.7423,0.00,2.5106,1.7442,1,0,1,0,0,10,20,-150,0,0,0,0,2.241
10680,2.5059,1.7424,0.00,2.5059,1.7443,1,0,1,0,0,10,20,-150,0,0,0,0,2.236
10690,2.5011,1.7425,0.00,2.5011,1.7444,1,0,1,0,0,10,20,-150,0,0,0,0,2.231
10700,2.4960,1.7426,0.00,2.4960,1.7445,1,0,1,0,0,10,20,-150,0,0,0,0,2.226
10710,2.4907,1.7427,0.00,2.4907,1.7446,1,0,1,0,0,10,20,-150,0,0,0,0,2.221
10720,2.4852,1.7428,0.00,2.4852,1.7447,1,0,1,0,0,10,20,-150,0,0,0,0,2.215
10730,2.4795,1.7429,0.00,2.4795,1.7448,1,0,1,0,0,10,20,-150,0,0,0,0,2.209
10740,2.4736,1.7430,0.00,2.4736,1.7449,1,0,1,0,0,10,20,-150,0,0,0,0,2.204
10750,2.4675,1.7431,0.00,2.4675,1.7450,1,0,1,0,0,10,20,-150,0,0,0,0,2.198
10760,2.4612,1.7432,0.00,2.4612,1.7451,1,0,1,0,0,10,20,-150,0,0,0,0,2.191
10770,2.4547,1.7433,0.00,2.4547,1.7452,1,0,1,0,0,10,20,-150,0,0,0,0,2.185
10780,2.4481,1.7434,0.00,2.4481,1.7453,1,0,1,0,0,10,20,-150,0,0,0,0,2.178
10790,2.4412,1.7435,0.00,2.4412,1.7454,1,0,1,0,0,10,20,-150,0,0,0,0,2.171
10800,2.4341,1.7436,0.00,2.4341,1.7455,1,0,1,0,0,10,20,-150,0,0,0,0,2.164
10810,2.4268,1.7437,0.00,2.4268,1.7456,1,0,1,0,0,10,20,-150,0,0,0,0,2.157
10820,2.4193,1.7438,0.00,2.4193,1.7457,1,0,1,0,0,10,20,-150,0,0,0,0,2.149
10830,2.4116,1.7439,0.00,2.4116,1.7458,1,0,1,0,0,10,20,-150,0,0,0,0,2.142
10840,2.4037,1.7440,0.00,2.4037,1.7459,1,0,1,0,0,10,20,-150,0,0,0,0,2.134
10850,2.3956,1.7441,0.00,2.3956,1.7460,1,0,1,0,0,10,20,-150,0,0,0,0,2.126
10860,2.3873,1.7442,0.00,2.3873,1.7461,1,0,1,0,0,10,20,-150,0,0,0,0,2.117
10870,2.3789,1.7443,0.00,2.3789,1.7462,1,0,1,0,0,10,20,-150,0,0,0,0,2.109
10880,2.3702,1.7444,0.00,2.3702,1.7463,1,0,1,0,0,10,20,-150,0,0,0,0,2.100
10890,2.3613,1.7445,0.00,2.3613,1.7464,1,0,1,0,0,10,20,-150,0,0,0,0,2.091
10900,2.3522,1.7446,0.00,2.3522,1.7465,1,0,1,0,0,10,20,-150,0,0,0,0,2.082
10910,2.3429,1.7447,0.00,2.3429,1.7466,1,0,1,0,0,10,20,-150,0,0,0,0,2.073
10920,2.3334,1.7448,0.00,2.3334,1.7467,1,0,1,0,0,10,20,-150,0,0,0,0,2.063
10930,2.3237,1.7449,0.00,2.3237,1.7468,1,0,1,0,0,10,20,-150,0,0,0,0,2.054
10940,2.3138,1.7450,0.00,2.3138,1.7469,1,0,1,0,0,10,20,-150,0,0,0,0,2.044
10950,2.3037,1.7451,0.00,2.3037,1.7470,1,0,1,0,0,10,20,-150,0,0,0,0,2.034
10960,2.2935,1.7452,0.00,2.2935,1.7471,1,0,1,0,0,10,20,-150,0,0,0,0,2.023
10970,2.2830,1.7453,0.00,2.2830,1.7472,1,0,1,0,0,10,20,-150,0,0,0,0,2.013
10980,2.2723,1.7454,0.00,2.2723,1.7473,1,0,1,0,0,10,20,-150,0,0,0,0,2.002
10990,2.2614,1.7455,0.00,2.2614,1.7474,1,0,1,0,0,10,20,-150,0,0,0,0,1.991
11000,2.2503,1.7456,0.00,2.2503,1.7475,1,0,1,0,0,10,20,-150,0,0,0,0,1.980
11010,2.2390,1.7457,0.00,2.2390,1.7476,1,0,1,0,0,10,20,-150,0,0,0,0,1.969
11020,2.2275,1.7458,0.00,2.2275,1.7477,1,0,1,0,0,10,20,-150,0,0,0,0,1.958
11030,2.2158,1.7459,0.00,2.2158,1.7478,1,0,1,0,0,10,20,-150,0,0,0,0,1.946
11040,2.2040,1.7459,0.00,2.2040,1.7478,1,0,1,0,0,10,20,-150,0,0,0,0,1.934
11050,2.1920,1.7459,0.00,2.1920,1.7478,1,0,1,0,0,10,20,-150,0,0,0,0,1.922
11060,2.1801,1.7459,0.00,2.1801,1.7478,1,0,1,0,0,10,20,-150,0,0,0,0,1.910
11070,2.1682,1.7459,0.00,2.1682,1.7478,1,0,1,0,0,10,20,-150,0,0,0,0,1.898
11080,2.1562,1.7459,0.00,2.1562,1.7478,1,0,1,0,0,10,20,-150,0,0,0,0,1.886
11090,2.1443,1.7459,0.00,2.1443,1.7478,1,0,1,0,0,10,20,-150,0,0,0,0,1.874
11100,2.1323,1.7459,0.00,2.1323,1.7478,1,0,1,0,0,10,20,-150,0,0,0,0,1.862
11110,2.1204,1.7459,0.00,2.1204,1.7478,1,0,1,0,0,10,20,-150,0,0,0,0,1.850
11120,2.1085,1.7459,0.00,2.1085,1.7478,1,0,1,0,0,10,20,-150,0,0,0,0,1.838
11130,2.0965,1.7459,0.00,2.0965,1.7478,1,0,1,0,0,10,20,-150,0,0,0,0,1.827
11140,2.0846,1.7459,0.00,2.0846,1.7478,1,0,1,0,0,10,20,-150,0,0,0,0,1.815
11150,2.0727,1.7459,0.00,2.0727,1.7478,1,0,1,0,0,10,20,-150,0,0,0,0,1.803
11160,2.0607,1.7459,0.00,2.0607,1.7478,1,0,1,0,0,10,20,-150,0,0,0,0,1.791
11170,2.0488,1.7459,0.00,2.0488,1.7478,1,0,1,0,0,10,20,-150,0,0,0,0,1.779
11180,2.0368,1.7459,0.00,2.0368,1.7478,1,0,1,0,0,10,20,-150,0,0,0,0,1.767
11190,2.0249,1.7459,0.00,2.0249,1.7478,1,0,1,0,0,10,20,-150,0,0,0,0,1.755
11200,2.0130,1.7459,0.00,2.0130,1.7478,1,0,1,0,0,10,20,-150,0,0,0,0,1.743
11210,2.0010,1.7459,0.00,2.0010,1.7478,1,0,1,0,0,10,20,-150,0,0,0,0,1.731
11220,1.9891,1.7459,0.00,1.9891,1.7478,1,0,1,0,0,10,20,-150,0,0,0,0,1.719
11230,1.9771,1.7459,0.00,1.9771,1.7478,1,0,1,0,0,10,20,-150,0,0,0,0,1.707
11240,1.9652,1.7459,0.00,1.9652,1.7478,1,0,1,0,0,10,20,-150,0,0,0,0,1.695
11250,1.9533,1.7459,0.00,1.9533,1.7478,1,0,1,0,0,10,20,-150,0,0,0,0,1.683
11260,1.9413,1.7459,0.00,1.9413,1.7478,1,0,1,0,0,10,20,-150,0,0,0,0,1.671
11270,1.9294,1.7459,0.00,1.9294,1.7478,1,0,1,0,0,10,20,-150,0,0,0,0,1.659
11280,1.9175,1.7459,0.00,1.9175,1.7478,1,0,1,0,0,10,20,-150,0,0,0,0,1.647
11290,1.9055,1.7459,0.00,1.9055,1.7478,1,0,1,0,0,10,20,-150,0,0,0,0,1.636
11300,1.8936,1.7459,0.00,1.8936,1.7478,1,0,1,0,0,10,20,-150,0,0,0,0,1.624
11310,1.8816,1.7459,0.00,1.8816,1.7478,1,0,1,0,0,10,20,-150,0,0,0,0,1.612
11320,1.8697,1.7459,0.00,1.8697,1.7478,1,0,1,0,0,10,20,-150,0,0,0,0,1.600
11330,1.8578,1.7459,0.00,1.8578,1.7478,1,0,1,0,0,10,20,-150,0,0,0,0,1.588
11340,1.8458,1.7459,0.00,1.8458,1.7478,1,0,1,0,0,10,20,-150,0,0,0,0,1.576
11350,1.8339,1.7459,0.00,1.8339,1.7478,1,0,1,0,0,10,20,-150,0,0,0,0,1.564
11360,1.8220,1.7459,0.00,1.8220,1.7478,1,0,1,0,0,10,20,-150,0,0,0,0,1.552
11370,1.8100,1.7459,0.00,1.8100,1.7478,1,0,1,0,0,10,20,-150,0,0,0,0,1.540
11380,1.7981,1.7459,0.00,1.7981,1.7478,1,0,1,0,0,10,20,-150,0,0,0,0,1.528
11390,1.7861,1.7459,0.00,1.7861,1.7478,1,0,1,0,0,10,20,-150,0,0,0,0,1.516
11400,1.7742,1.7459,0.00,1.7742,1.7478,1,0,1,0,0,10,20,-150,0,0,0,0,1.504
11410,1.7623,1.7459,0.00,1.7623,1.7478,1,0,1,0,0,10,20,-150,0,0,0,0,1.492
11420,1.7503,1.7459,0.00,1.7503,1.7478,1,0,1,0,0,10,20,-150,0,0,0,0,1.480
11430,1.7384,1.7459,0.00,1.7384,1.7478,1,0,1,0,0,10,20,-150,0,0,0,0,1.468
11440,1.7264,1.7459,0.00,1.7264,1.7478,1,0,1,0,0,10,20,-150,0,0,0,0,1.456
11450,1.7145,1.7459,0.00,1.7145,1.7478,1,0,1,0,0,10,20,-150,0,0,0,0,1.445
11460,1.7026,1.7459,0.00,1.7026,1.7478,1,0,1,0,0,10,20,-150,0,0,0,0,1.433
11470,1.6906,1.7459,0.00,1.6906,1.7478,1,0,1,0,0,10,20,-150,0,0,0,0,1.421
11480,1.6787,1.7459,0.00,1.6787,1.7478,1,0,1,0,0,10,20,-150,0,0,0,0,1.409
11490,1.6668,1.7459,0.00,1.6668,1.7478,1,0,1,0,0,10,20,-150,0,0,0,0,1.397
11500,1.6548,1.7459,0.00,1.6548,1.7478,1,0,1,0,0,10,20,-150,0,0,0,0,1.385
11510,1.6429,1.7459,0.00,1.6429,1.7478,1,0,1,0,0,10,20,-150,0,0,0,0,1.373
11520,1.6309,1.7459,0.00,1.6309,1.7478,1,0,1,0,0,10,20,-150,0,0,0,0,1.361
11530,1.6190,1.7459,0.00,1.6190,1.7478,1,0,1,0,0,10,20,-150,0,0,0,0,1.349
11540,1.6071,1.7459,0.00,1.6071,1.7478,1,0,1,0,0,10,20,-150,0,0,0,0,1.337
11550,1.5951,1.7459,0.00,1.5951,1.7478,1,0,1,0,0,10,20,-150,0,0,0,0,1.325
11560,1.5832,1.7459,0.00,1.5832,1.7478,1,0,1,0,0,10,20,-150,0,0,0,0,1.313
11570,1.5713,1.7459,0.00,1.5713,1.7478,1,0,1,0,0,10,20,-150,0,0,0,0,1.301
11580,1.5593,1.7459,0.00,1.5593,1.7478,1,0,1,0,0,10,20,-150,0,0,0,0,1.289
11590,1.5474,1.7459,0.00,1.5474,1.7478,1,0,1,0,0,10,20,-150,0,0,0,0,1.277
11600,1.5354,1.7459,0.00,1.5354,1.7478,1,0,1,0,0,10,20,-150,0,0,0,0,1.265
11610,1.5235,1.7459,0.00,1.5235,1.7478,1,0,1,0,0,10,20,-150,0,0,0,0,1.254
11620,1.5116,1.7459,0.00,1.5116,1.7478,1,0,1,0,0,10,20,-150,0,0,0,0,1.242
11630,1.4996,1.7459,0.00,1.4996,1.7478,1,0,1,0,0,10,20,-150,0,0,0,0,1.230
11640,1.4877,1.7459,0.00,1.4877,1.7478,1,0,1,0,0,10,20,-150,0,0,0,0,1.218
11650,1.4757,1.7459,0.00,1.4757,1.7478,1,0,1,0,0,10,20,-150,0,0,0,0,1.206
11660,1.4638,1.7459,0.00,1.4638,1.7478,1,0,1,0,0,10,20,-150,0,0,0,0,1.194
11670,1.4519,1.7459,0.00,1.4519,1.7478,1,0,1,0,0,10,20,-150,0,0,0,0,1.182
11680,1.4399,1.7459,0.00,1.4399,1.7478,1,0,1,0,0,10,20,-150,0,0,0,0,1.170
11690,1.4280,1.7459,0.00,1.4280,1.7478,1,0,1,0,0,10,20,-150,0,0,0,0,1.158
11700,1.4161,1.7459,0.00,1.4161,1.7478,1,0,1,0,0,10,20,-150,0,0,0,0,1.146
11710,1.4041,1.7459,0.00,1.4041,1.7478,1,0,1,0,0,10,20,-150,0,0,0,0,1.134
11720,1.3922,1.7459,0.00,1.3922,1.7478,1,0,1,0,0,10,20,-150,0,0,0,0,1.122
11730,1.3802,1.7459,0.00,1.3802,1.7478,1,0,1,0,0,10,20,-150,0,0,0,0,1.110
11740,1.3683,1.7459,0.00,1.3683,1.7478,1,0,1,0,0,10,20,-150,0,0,0,0,1.098
11750,1.3564,1.7459,0.00,1.3564,1.7478,1,0,1,0,0,10,20,-150,0,0,0,0,1.086
11760,1.3444,1.7459,0.00,1.3444,1.7478,1,0,1,0,0,10,20,-150,0,0,0,0,1.074
11770,1.3325,1.7459,0.00,1.3325,1.7478,1,0,1,0,0,10,20,-150,0,0,0,0,1.062
11780,1.3206,1.7459,0.00,1.3206,1.7478,1,0,1,0,0,10,20,-150,0,0,0,0,1.051
11790,1.3086,1.7459,0.00,1.3086,1.7478,1,0,1,0,0,10,20,-150,0,0,0,0,1.039
11800,1.2967,1.7459,0.00,1.2967,1.7478,1,0,1,0,0,10,20,-150,0,0,0,0,1.027
11810,1.2847,1.7459,0.00,1.2847,1.7478,1,0,1,0,0,10,20,-150,0,0,0,0,1.015
11820,1.2728,1.7459,0.00,1.2728,1.7478,1,0,1,0,0,10,20,-150,0,0,0,0,1.003
11830,1.2609,1.7459,0.00,1.2609,1.7478,1,0,1,0,0,10,20,-150,0,0,0,0,0.991
11840,1.2489,1.7459,0.00,1.2489,1.7478,1,0,1,0,0,10,20,-150,0,0,0,0,0.979
11850,1.2370,1.7459,0.00,1.2370,1.7478,1,0,1,0,0,10,20,-150,0,0,0,0,0.967
11860,1.2250,1.7459,0.00,1.2250,1.7478,1,0,1,0,0,10,20,-150,0,0,0,0,0.955
11870,1.2131,1.7459,0.00,1.2131,1.7478,1,0,1,0,0,10,20,-150,0,0,0,0,0.943
11880,1.2012,1.7459,0.00,1.2012,1.7478,1,0,1,0,0,10,20,-150,0,0,0,0,0.931
11890,1.1892,1.7459,0.00,1.1892,1.7478,1,0,1,0,0,10,20,-150,0,0,0,0,0.919
11900,1.1773,1.7459,0.00,1.1773,1.7478,1,0,1,0,0,10,20,-150,0,0,0,0,0.907
11910,1.1654,1.7459,0.00,1.1654,1.7478,1,0,1,0,0,10,20,-150,0,0,0,0,0.895
11920,1.1534,1.7459,0.00,1.1534,1.7478,1,0,1,0,0,10,20,-150,0,0,0,0,0.883
11930,1.1415,1.7459,0.00,1.1415,1.7478,1,0,1,0,0,10,20,-150,0,0,0,0,0.871
11940,1.1295,1.7459,0.00,1.1295,1.7478,1,0,1,0,0,10,20,-150,0,0,0,0,0.860
11950,1.1176,1.7459,0.00,1.1176,1.7478,1,0,1,0,0,10,20,-150,0,0,0,0,0.848
11960,1.1057,1.7459,0.00,1.1057,1.7478,1,0,1,0,0,10,20,-150,0,0,0,0,0.836
11970,1.0937,1.7459,0.00,1.0937,1.7478,1,0,1,0,0,10,20,-150,0,0,0,0,0.824
11980,1.0818,1.7459,0.00,1.0818,1.7478,1,0,1,0,0,10,20,-150,0,0,0,0,0.812
11990,1.0699,1.7459,0.00,1.0699,1.7478,1,0,1,0,0,10,20,-150,0,0,0,0,0.800
12000,1.0579,1.7459,0.00,1.0579,1.7478,1,0,1,0,0,10,20,-150,0,0,0,0,0.788
12010,1.0460,1.7459,0.00,1.0460,1.7478,1,0,1,0,0,10,20,-150,0,0,0,0,0.776
12020,1.0340,1.7459,0.00,1.0340,1.7478,1,0,1,0,0,10,20,-150,0,0,0,0,0.764
12030,1.0221,1.7459,0.00,1.0221,1.7478,1,0,1,0,0,10,20,-150,0,0,0,0,0.752
12040,1.0102,1.7459,0.00,1.0102,1.7478,1,0,1,0,0,10,20,-150,0,0,0,0,0.740
12050,0.9982,1.7459,0.00,0.9982,1.7478,1,0,1,0,0,10,20,-150,0,0,0,0,0.728
12060,0.9863,1.7459,0.00,0.9863,1.7478,1,0,1,0,0,10,20,-150,0,0,0,0,0.716
12070,0.9743,1.7459,0.00,0.9743,1.7478,1,0,1,0,0,10,20,-150,0,0,0,0,0.704
12080,0.9624,1.7459,0.00,0.9624,1.7478,1,0,1,0,0,10,20,-150,0,0,0,0,0.692
12090,0.9505,1.7459,0.00,0.9505,1.7478,1,0,1,0,0,10,20,-150,0,0,0,0,0.680
12100,0.9385,1.7459,0.00,0.9385,1.7478,1,0,1,0,0,10,20,-150,0,0,0,0,0.669
12110,0.9266,1.7459,0.00,0.9266,1.7478,1,0,1,0,0,10,20,-150,0,0,0,0,0.657
12120,0.9147,1.7459,0.00,0.9147,1.7478,1,0,1,0,0,10,20,-150,0,0,0,0,0.645
12130,0.9027,1.7459,0.00,0.9027,1.7478,1,0,1,0,0,10,20,-150,0,0,0,0,0.633
12140,0.8908,1.7459,0.00,0.8908,1.7478,1,0,1,0,0,10,20,-150,0,0,0,0,0.621
12150,0.8788,1.7459,0.00,0.8788,1.7478,1,0,1,0,0,20,20,-150,0,0,0,0,0.609
12160,0.8669,1.7459,0.00,0.8669,1.7478,1,0,1,0,0,20,20,-150,0,0,0,0,0.597
12170,0.8550,1.7459,0.00,0.8550,1.7478,1,0,1,0,0,20,20,-150,0,0,0,0,0.585
12180,0.8430,1.7459,0.00,0.8430,1.7478,1,0,1,0,0,20,20,-150,0,0,0,0,0.573
12190,0.8311,1.7459,0.00,0.8311,1.7478,1,0,1,0,0,20,20,-150,0,0,0,0,0.561
12200,0.8192,1.7459,0.00,0.8192,1.7478,1,0,1,0,0,20,20,-150,0,0,0,0,0.549
12210,0.8072,1.7459,0.00,0.8072,1.7478,1,0,1,0,0,20,20,-149,0,1,0,0,0.537
12220,0.7954,1.7459,0.00,0.7954,1.7478,1,0,1,0,0,20,20,-147,0,1,0,0,0.525
12230,0.7838,1.7459,0.00,0.7838,1.7478,1,0,1,0,0,20,20,-145,0,1,0,0,0.514
12240,0.7722,1.7459,0.00,0.7722,1.7478,1,0,1,0,0,20,20,-144,0,1,0,0,0.502
12250,0.7609,1.7459,0.00,0.7609,1.7478,1,0,1,0,0,20,20,-142,0,1,0,0,0.491
12260,0.7496,1.7459,0.00,0.7496,1.7478,1,0,1,0,0,20,20,-140,0,1,0,0,0.480
12270,0.7385,1.7459,0.00,0.7385,1.7478,1,0,1,0,0,20,20,-138,0,1,0,0,0.469
12280,0.7276,1.7459,0.00,0.7276,1.7478,1,0,1,0,0,20,20,-136,0,1,0,0,0.458
12290,0.7168,1.7459,0.00,0.7168,1.7478,1,0,1,0,0,20,20,-135,0,1,0,0,0.447
12300,0.7061,1.7459,0.00,0.7061,1.7478,1,0,1,0,0,20,20,-133,0,1,0,0,0.436
12310,0.6956,1.7459,0.00,0.6956,1.7478,1,0,1,0,0,20,20,-131,0,1,0,0,0.426
12320,0.6852,1.7459,0.00,0.6852,1.7478,1,0,1,0,0,20,20,-129,0,1,0,0,0.415
12330,0.6750,1.7459,0.00,0.6750,1.7478,1,0,1,0,0,20,20,-127,0,1,0,0,0.405
12340,0.6649,1.7459,0.00,0.6649,1.7478,1,0,1,0,0,20,20,-126,0,1,0,0,0.395
12350,0.6549,1.7459,0.00,0.6549,1.7478,1,0,1,0,0,20,20,-124,0,1,0,0,0.385
12360,0.6451,1.7459,0.00,0.6451,1.7478,1,0,1,0,0,20,20,-122,0,1,0,0,0.375
12370,0.6355,1.7459,0.00,0.6355,1.7478,1,0,1,0,0,20,20,-120,0,1,0,0,0.365
12380,0.6259,1.7459,0.00,0.6259,1.7478,1,0,1,0,0,20,20,-118,0,1,0,0,0.356
12390,0.6165,1.7459,0.00,0.6165,1.7478,1,0,0,0,0,20,20,-117,0,1,0,0,0.347
12400,0.6073,1.7459,0.00,0.6073,1.7478,1,0,0,0,0,20,20,-115,0,1,0,0,0.337
12410,0.5982,1.7459,0.00,0.5982,1.7478,1,0,0,0,0,20,20,-113,0,1,0,0,0.328
12420,0.5892,1.7459,0.00,0.5892,1.7478,1,0,0,0,0,20,20,-111,0,1,0,0,0.319
12430,0.5804,1.7459,0.00,0.5804,1.7478,1,0,0,0,0,20,20,-110,0,1,0,0,0.310
12440,0.5717,1.7459,0.00,0.5717,1.7478,1,0,0,0,0,20,20,-108,0,1,0,0,0.302
12450,0.5632,1.7459,0.00,0.5632,1.7478,1,0,0,0,0,20,20,-106,0,1,0,0,0.293
12460,0.5548,1.7459,0.00,0.5548,1.7478,1,0,0,0,0,20,20,-104,0,1,0,0,0.285
12470,0.5465,1.7459,0.00,0.5465,1.7478,1,0,0,0,0,20,20,-103,0,1,0,0,0.276
12480,0.5384,1.7459,0.00,0.5384,1.7478,1,0,0,0,0,20,20,-101,0,1,0,0,0.268
12490,0.5304,1.7459,0.00,0.5304,1.7478,1,0,0,0,0,20,20,-99,0,1,0,0,0.260
12500,0.5225,1.7459,0.00,0.5225,1.7478,1,0,0,0,0,20,20,-98,0,1,0,0,0.253
12510,0.5148,1.7459,0.00,0.5148,1.7478,2,0,0,0,0,20,20,-96,0,1,0,0,0.245
12520,0.5072,1.7459,0.00,0.5072,1.7478,2,0,0,0,0,20,20,-94,0,1,0,0,0.237
12530,0.4998,1.7459,0.00,0.4998,1.7478,2,0,0,0,0,20,20,-92,0,1,0,0,0.230
12540,0.4925,1.7459,0.00,0.4925,1.7478,2,0,0,0,0,20,20,-91,0,1,0,0,0.222
12550,0.4853,1.7459,0.00,0.4853,1.7478,2,0,1,0,0,20,20,0,0,0,0,0,1000.000
12560,0.4783,1.7459,0.00,0.4783,1.7478,2,0,1,0,0,20,20,0,0,0,0,0,1000.000
12570,0.4715,1.7459,0.00,0.4715,1.7478,2,0,1,0,0,20,20,0,0,0,0,0,1000.000
12580,0.4649,1.7459,0.00,0.4649,1.7478,2,0,1,0,0,20,20,0,0,0,0,0,1000.000
12590,0.4585,1.7459,0.00,0.4585,1.7478,2,0,1,0,0,20,20,0,0,0,0,0,1000.000
12600,0.4523,1.7459,0.00,0.4523,1.7478,2,0,1,0,0,20,20,0,53,0,1,0,0.999
12610,0.4463,1.7459,0.00,0.4463,1.7478,2,0,1,0,0,20,20,0,53,0,1,0,0.999
12620,0.4405,1.7459,0.00,0.4405,1.7478,2,0,1,0,0,20,20,0,53,0,1,0,0.999
12630,0.4349,1.7459,0.00,0.4349,1.7478,2,0,1,0,0,20,20,0,53,0,1,0,0.999
12640,0.4295,1.7459,0.00,0.4295,1.7478,2,0,1,0,0,20,20,0,53,0,1,0,0.999
12650,0.4243,1.7459,0.00,0.4243,1.7478,2,0,1,0,0,20,20,0,53,0,1,0,0.999
12660,0.4194,1.7459,0.00,0.4194,1.7478,2,0,1,0,0,20,20,0,53,0,1,0,0.999
12670,0.4146,1.7459,0.00,0.4146,1.7478,2,0,1,0,0,20,20,0,53,0,1,0,0.999
12680,0.4100,1.7459,0.00,0.4100,1.7478,2,0,1,0,0,20,20,0,53,0,1,0,0.999
12690,0.4056,1.7459,0.00,0.4056,1.7478,2,0,1,0,0,20,20,0,53,0,1,0,0.999
12700,0.4014,1.7459,0.00,0.4014,1.7478,2,0,1,0,0,20,17,0,53,0,1,0,0.999
12710,0.3974,1.7459,0.00,0.3974,1.7478,2,0,1,0,0,20,17,0,53,0,1,0,0.999
12720,0.3936,1.7459,0.00,0.3936,1.7478,2,0,1,0,0,20,17,0,53,0,1,0,0.999
12730,0.3900,1.7459,0.00,0.3900,1.7478,2,0,1,0,0,20,17,0,53,0,1,0,0.999
12740,0.3866,1.7459,0.00,0.3866,1.7478,2,0,1,0,0,20,17,0,53,0,1,0,0.999
12750,0.3834,1.7459,0.00,0.3834,1.7478,2,0,1,0,0,20,15,0,53,0,1,0,0.999
12760,0.3804,1.7459,0.00,0.3804,1.7478,2,0,1,0,0,20,15,0,53,0,1,0,0.999
12770,0.3776,1.7459,0.00,0.3776,1.7478,2,0,1,0,0,20,15,0,53,0,1,0,0.999
12780,0.3750,1.7459,0.00,0.3750,1.7478,2,0,1,0,0,20,15,0,53,0,1,0,0.999
12790,0.3725,1.7460,0.00,0.3725,1.7479,2,0,1,0,0,20,15,0,53,0,1,0,0.999
12800,0.3701,1.7463,0.00,0.3701,1.7482,2,0,1,0,0,20,14,0,53,0,1,0,0.998
12810,0.3676,1.7467,0.00,0.3676,1.7487,2,0,1,0,0,20,14,0,53,0,1,0,0.998
12820,0.3652,1.7474,0.00,0.3652,1.7493,2,0,1,0,0,20,14,0,53,0,1,0,0.997
12830,0.3629,1.7481,0.00,0.3629,1.7500,2,0,1,0,0,20,14,0,53,0,1,0,0.996
12840,0.3605,1.7491,0.00,0.3605,1.7510,2,0,1,0,0,20,14,0,53,0,1,0,0.996
12850,0.3582,1.7502,0.00,0.3582,1.7521,2,0,1,0,0,20,13,0,53,0,1,0,0.994
12860,0.3559,1.7515,0.00,0.3559,1.7534,2,0,1,0,0,20,13,0,53,0,1,0,0.993
12870,0.3537,1.7530,0.00,0.3537,1.7549,2,0,1,0,0,20,13,0,53,0,1,0,0.992
12880,0.3514,1.7546,0.00,0.3514,1.7565,2,0,1,0,0,20,13,0,53,0,1,0,0.990
12890,0.3492,1.7564,0.00,0.3492,1.7583,2,0,1,0,0,20,13,0,53,0,1,0,0.988
12900,0.3471,1.7584,0.00,0.3471,1.7603,2,0,1,0,0,20,12,0,0,0,1,0,0.986
12910,0.3450,1.7604,0.00,0.3450,1.7623,2,0,1,0,0,20,12,0,0,0,1,0,0.984
12920,0.3431,1.7624,0.00,0.3431,1.7643,2,0,1,0,0,20,12,0,53,0,1,0,0.982
12930,0.3413,1.7643,0.00,0.3413,1.7662,2,0,1,0,0,20,12,0,53,0,1,0,0.980
12940,0.3397,1.7661,0.00,0.3397,1.7681,2,0,1,0,0,20,12,0,53,0,1,0,0.978
12950,0.3382,1.7680,0.00,0.3382,1.7699,2,0,1,0,0,20,11,0,0,0,1,0,0.977
12960,0.3368,1.7697,0.00,0.3368,1.7716,2,0,1,0,0,20,11,0,0,0,1,0,0.975
12970,0.3355,1.7712,0.00,0.3355,1.7732,2,0,1,0,0,20,11,0,0,0,1,0,0.973
12980,0.3341,1.7726,0.00,0.3341,1.7745,2,0,1,0,0,20,11,0,0,0,1,0,0.972
12990,0.3329,1.7738,0.00,0.3329,1.7758,2,0,1,0,0,20,11,0,53,0,1,0,0.971
13000,0.3318,1.7751,0.00,0.3318,1.7770,2,0,1,0,0,20,10,0,0,0,1,0,0.970
13010,0.3308,1.7761,0.00,0.3308,1.7781,2,0,1,0,0,20,10,0,0,0,1,0,0.968
13020,0.3299,1.7771,0.00,0.3299,1.7790,2,0,1,0,0,20,10,0,0,0,1,0,0.967
13030,0.3290,1.7779,0.00,0.3290,1.7799,2,0,1,0,0,20,10,0,0,0,1,0,0.967
13040,0.3283,1.7787,0.00,0.3283,1.7806,2,0,1,0,0,20,10,0,0,0,1,0,0.966
13050,0.3276,1.7793,0.00,0.3276,1.7813,2,0,1,0,0,20,10,0,0,0,1,0,0.965
13060,0.3271,1.7799,0.00,0.3271,1.7818,2,0,1,0,0,20,10,0,0,0,1,0,0.965
13070,0.3266,1.7803,0.00,0.3266,1.7822,2,0,1,0,0,20,10,0,0,0,1,0,0.964
13080,0.3263,1.7807,0.00,0.3263,1.7826,2,0,1,0,0,20,10,0,0,0,1,0,0.964
13090,0.3261,1.7809,0.00,0.3261,1.7829,2,0,1,0,0,20,10,0,53,0,1,0,0.964
13100,0.3260,1.7812,0.00,0.3260,1.7831,2,0,1,0,0,20,10,0,53,0,1,0,0.963
13110,0.3260,1.7815,0.00,0.3260,1.7834,2,0,1,0,0,20,10,0,53,0,1,0,0.963
13120,0.3260,1.7820,0.00,0.3260,1.7839,2,0,1,0,0,20,10,0,53,0,1,0,0.963
13130,0.3260,1.7826,0.00,0.3260,1.7845,2,0,1,0,0,20,10,0,53,0,1,0,0.962
13140,0.3260,1.7834,0.00,0.3260,1.7853,2,0,1,0,0,20,10,0,53,0,1,0,0.961
13150,0.3260,1.7843,0.00,0.3260,1.7862,2,0,1,0,0,20,10,0,53,0,1,0,0.960
13160,0.3260,1.7853,0.00,0.3260,1.7872,2,0,1,0,0,20,10,0,53,0,1,0,0.959
13170,0.3260,1.7865,0.00,0.3260,1.7884,2,0,1,0,0,20,10,0,53,0,1,0,0.958
13180,0.3260,1.7878,0.00,0.3260,1.7897,2,0,1,0,0,20,10,0,53,0,1,0,0.957
13190,0.3260,1.7892,0.00,0.3260,1.7911,2,0,1,0,0,20,10,0,53,0,1,0,0.955
13200,0.3260,1.7908,0.00,0.3260,1.7927,2,0,1,0,0,20,10,0,53,0,1,0,0.954
13210,0.3260,1.7926,0.00,0.3260,1.7945,2,0,1,0,0,20,10,0,53,0,1,0,0.952
13220,0.3260,1.7944,0.00,0.3260,1.7964,2,0,1,0,0,20,10,0,53,0,1,0,0.950
13230,0.3260,1.7965,0.00,0.3260,1.7984,2,0,1,0,0,20,10,0,53,0,1,0,0.948
13240,0.3260,1.7986,0.00,0.3260,1.8005,2,0,1,0,0,20,10,0,53,0,1,0,0.946
13250,0.3260,1.8009,0.00,0.3260,1.8028,2,0,1,0,0,20,10,0,53,0,1,0,0.944
13260,0.3260,1.8034,0.00,0.3260,1.8053,2,0,1,0,0,20,10,0,53,0,1,0,0.941
13270,0.3260,1.8059,0.00,0.3260,1.8078,2,0,1,0,0,20,10,0,53,0,1,0,0.939
13280,0.3260,1.8087,0.00,0.3260,1.8106,2,0,1,0,0,20,10,0,53,0,1,0,0.936
13290,0.3260,1.8115,0.00,0.3260,1.8134,2,0,1,0,0,20,10,0,53,0,1,0,0.933
13300,0.3260,1.8145,0.00,0.3260,1.8164,2,0,1,0,0,20,10,0,53,0,1,0,0.930
13310,0.3260,1.8177,0.00,0.3260,1.8196,2,0,1,0,0,20,10,0,53,0,1,0,0.927
13320,0.3260,1.8209,0.00,0.3260,1.8229,2,0,1,0,0,20,10,0,53,0,1,0,0.924
13330,0.3260,1.8244,0.00,0.3260,1.8263,2,0,1,0,0,20,10,0,53,0,1,0,0.920
13340,0.3260,1.8279,0.00,0.3260,1.8298,2,0,1,0,0,20,10,0,53,0,1,0,0.917
13350,0.3260,1.8316,0.00,0.3260,1.8336,2,0,1,0,0,20,10,0,53,0,1,0,0.913
13360,0.3260,1.8355,0.00,0.3260,1.8374,2,0,1,0,0,20,10,0,53,0,1,0,0.909
13370,0.3260,1.8395,0.00,0.3260,1.8414,2,0,1,0,0,20,10,0,53,0,1,0,0.905
13380,0.3260,1.8436,0.00,0.3260,1.8455,2,0,1,0,0,20,10,0,53,0,1,0,0.901
13390,0.3260,1.8478,0.00,0.3260,1.8497,2,0,1,0,0,20,10,0,53,0,1,0,0.897
13400,0.3260,1.8520,0.00,0.3260,1.8539,2,0,1,0,0,20,10,0,53,0,1,0,0.893
13410,0.3260,1.8562,0.00,0.3260,1.8582,2,0,1,0,0,20,10,0,53,0,1,0,0.888
13420,0.3260,1.8605,0.00,0.3260,1.8624,2,0,1,0,0,20,10,0,53,0,1,0,0.884
13430,0.3260,1.8647,0.00,0.3260,1.8666,2,0,1,0,0,20,10,0,53,0,1,0,0.880
13440,0.3260,1.8689,0.00,0.3260,1.8708,2,0,1,0,0,20,10,0,53,0,1,0,0.876
13450,0.3260,1.8731,0.00,0.3260,1.8750,2,0,1,0,0,20,10,0,53,0,1,0,0.871
13460,0.3260,1.8773,0.00,0.3260,1.8793,2,0,1,0,0,20,10,0,53,0,1,0,0.867
13470,0.3260,1.8816,0.00,0.3260,1.8835,2,0,1,0,0,20,10,0,53,0,1,0,0.863
13480,0.3260,1.8858,0.00,0.3260,1.8877,2,0,1,0,0,20,10,0,53,0,1,0,0.859
13490,0.3260,1.8900,0.00,0.3260,1.8919,2,0,1,0,0,20,10,0,53,0,1,0,0.855
13500,0.3260,1.8942,0.00,0.3260,1.8961,2,0,1,0,0,20,10,0,53,0,1,0,0.850
13510,0.3260,1.8984,0.00,0.3260,1.9003,2,0,1,0,0,20,10,0,53,0,1,0,0.846
13520,0.3260,1.9026,0.00,0.3260,1.9046,2,0,1,0,0,20,10,0,53,0,1,0,0.842
13530,0.3260,1.9069,0.00,0.3260,1.9088,2,0,1,0,0,20,10,0,53,0,1,0,0.838
13540,0.3260,1.9111,0.00,0.3260,1.9130,2,0,1,0,0,20,10,0,53,0,1,0,0.834
13550,0.3260,1.9153,0.00,0.3260,1.9172,2,0,1,0,0,20,10,0,53,0,1,0,0.829
13560,0.3260,1.9195,0.00,0.3260,1.9214,2,0,1,0,0,20,10,0,53,0,1,0,0.825
13570,0.3260,1.9237,0.00,0.3260,1.9257,2,0,1,0,0,20,10,0,53,0,1,0,0.821
13580,0.3260,1.9280,0.00,0.3260,1.9299,2,0,1,0,0,20,10,0,53,0,1,0,0.817
13590,0.3260,1.9322,0.00,0.3260,1.9341,2,0,1,0,0,20,10,0,53,0,1,0,0.812
13600,0.3260,1.9364,0.00,0.3260,1.9383,2,0,1,0,0,20,10,0,53,0,1,0,0.808
13610,0.3260,1.9406,0.00,0.3260,1.9425,2,0,1,0,0,20,10,0,53,0,1,0,0.804
13620,0.3260,1.9448,0.00,0.3260,1.9467,2,0,1,0,0,20,10,0,53,0,1,0,0.800
13630,0.3260,1.9490,0.00,0.3260,1.9510,2,0,1,0,0,20,10,0,53,0,1,0,0.796
13640,0.3260,1.9533,0.00,0.3260,1.9552,2,0,1,0,0,20,10,0,53,0,1,0,0.791
13650,0.3260,1.9575,0.00,0.3260,1.9594,2,0,1,0,0,20,10,0,53,0,1,0,0.787
13660,0.3260,1.9617,0.00,0.3260,1.9636,2,0,1,0,0,20,10,0,53,0,1,0,0.783
13670,0.3260,1.9659,0.00,0.3260,1.9678,2,0,1,0,0,20,10,0,53,0,1,0,0.779
13680,0.3260,1.9701,0.00,0.3260,1.9721,2,0,1,0,0,20,10,0,53,0,1,0,0.774
13690,0.3260,1.9744,0.00,0.3260,1.9763,2,0,1,0,0,20,10,0,53,0,1,0,0.770
13700,0.3260,1.9786,0.00,0.3260,1.9805,2,0,1,0,0,20,10,0,53,0,1,0,0.766
13710,0.3260,1.9828,0.00,0.3260,1.9847,2,0,1,0,0,20,10,0,53,0,1,0,0.762
13720,0.3260,1.9870,0.00,0.3260,1.9889,2,0,1,0,0,20,10,0,53,0,1,0,0.758
13730,0.3260,1.9912,0.00,0.3260,1.9931,2,0,1,0,0,20,10,0,53,0,1,0,0.753
13740,0.3260,1.9954,0.00,0.3260,1.9974,2,0,1,0,0,20,10,0,53,0,1,0,0.749
13750,0.3260,1.9997,0.00,0.3260,2.0016,2,0,1,0,0,20,10,0,53,0,1,0,0.745
13760,0.3260,2.0039,0.00,0.3260,2.0058,2,0,1,0,0,20,10,0,53,0,1,0,0.741
13770,0.3260,2.0081,0.00,0.3260,2.0100,2,0,1,0,0,20,10,0,53,0,1,0,0.736
13780,0.3260,2.0123,0.00,0.3260,2.0142,2,0,1,0,0,20,10,0,53,0,1,0,0.732
13790,0.3260,2.0165,0.00,0.3260,2.0185,2,0,1,0,0,20,10,0,53,0,1,0,0.728
13800,0.3260,2.0208,0.00,0.3260,2.0227,2,0,1,0,0,20,10,0,53,0,1,0,0.724
13810,0.3260,2.0250,0.00,0.3260,2.0269,2,0,1,0,0,20,10,0,53,0,1,0,0.720
13820,0.3260,2.0292,0.00,0.3260,2.0311,2,0,1,0,0,20,10,0,53,0,1,0,0.715
13830,0.3260,2.0334,0.00,0.3260,2.0353,2,0,1,0,0,20,10,0,53,0,1,0,0.711
13840,0.3260,2.0376,0.00,0.3260,2.0395,2,0,1,0,0,20,10,0,53,0,1,0,0.707
13850,0.3260,2.0418,0.00,0.3260,2.0438,2,0,1,0,0,20,10,0,53,0,1,0,0.703
13860,0.3260,2.0461,0.00,0.3260,2.0480,2,0,1,0,0,20,10,0,53,0,1,0,0.699
13870,0.3260,2.0503,0.00,0.3260,2.0522,2,0,1,0,0,20,10,0,53,0,1,0,0.694
13880,0.3260,2.0545,0.00,0.3260,2.0564,2,0,1,0,0,20,10,0,53,0,1,0,0.690
13890,0.3260,2.0587,0.00,0.3260,2.0606,2,0,1,0,0,20,10,0,53,0,1,0,0.686
13900,0.3260,2.0629,0.00,0.3260,2.0649,2,0,1,0,0,20,10,0,53,0,1,0,0.682
13910,0.3260,2.0672,0.00,0.3260,2.0691,2,0,1,0,0,20,10,0,53,0,1,0,0.677
13920,0.3260,2.0714,0.00,0.3260,2.0733,2,0,1,0,0,20,10,0,53,0,1,0,0.673
13930,0.3260,2.0756,0.00,0.3260,2.0775,2,0,1,0,0,20,10,0,53,0,1,0,0.669
13940,0.3260,2.0798,0.00,0.3260,2.0817,2,0,1,0,0,20,10,0,53,0,1,0,0.665
13950,0.3260,2.0840,0.00,0.3260,2.0859,2,0,1,0,0,20,10,0,53,0,1,0,0.661
13960,0.3260,2.0882,0.00,0.3260,2.0902,2,0,1,0,0,20,10,0,53,0,1,0,0.656
13970,0.3260,2.0925,0.00,0.3260,2.0944,2,0,1,0,0,20,10,0,53,0,1,0,0.652
13980,0.3260,2.0967,0.00,0.3260,2.0986,2,0,1,0,0,20,10,0,53,0,1,0,0.648
13990,0.3260,2.1009,0.00,0.3260,2.1028,2,0,1,0,0,20,10,0,53,0,1,0,0.644
14000,0.3260,2.1051,0.00,0.3260,2.1070,2,0,1,0,0,20,10,0,53,0,1,0,0.639
14010,0.3260,2.1093,0.00,0.3260,2.1112,2,0,1,0,0,20,10,0,53,0,1,0,0.635
14020,0.3260,2.1136,0.00,0.3260,2.1155,2,0,1,0,0,20,10,0,53,0,1,0,0.631
14030,0.3260,2.1178,0.00,0.3260,2.1197,2,0,1,0,0,20,10,0,53,0,1,0,0.627
14040,0.3260,2.1220,0.00,0.3260,2.1239,2,0,1,0,0,20,10,0,53,0,1,0,0.623
14050,0.3260,2.1262,0.00,0.3260,2.1281,2,0,1,0,0,20,10,0,53,0,1,0,0.618
14060,0.3260,2.1304,0.00,0.3260,2.1323,2,0,1,0,0,20,10,0,53,0,1,0,0.614
14070,0.3260,2.1346,0.00,0.3260,2.1366,2,0,1,0,0,20,10,0,53,0,1,0,0.610
14080,0.3260,2.1389,0.00,0.3260,2.1408,2,0,1,0,0,20,10,0,53,0,1,0,0.606
14090,0.3260,2.1431,0.00,0.3260,2.1450,2,0,1,0,0,20,10,0,53,0,1,0,0.602
14100,0.3260,2.1473,0.00,0.3260,2.1492,2,0,1,0,0,20,10,0,53,0,1,0,0.597
14110,0.3260,2.1515,0.00,0.3260,2.1534,2,0,1,0,0,20,10,0,53,0,1,0,0.593
14120,0.3260,2.1557,0.00,0.3260,2.1576,2,0,1,0,0,20,10,0,53,0,1,0,0.589
14130,0.3260,2.1600,0.00,0.3260,2.1619,2,0,1,0,0,20,10,0,53,0,1,0,0.585
14140,0.3260,2.1642,0.00,0.3260,2.1661,2,0,1,0,0,20,10,0,53,0,1,0,0.580
14150,0.3260,2.1684,0.00,0.3260,2.1703,2,0,1,0,0,20,10,0,53,0,1,0,0.576
14160,0.3260,2.1726,0.00,0.3260,2.1745,2,0,1,0,0,20,10,0,53,0,1,0,0.572
14170,0.3260,2.1768,0.00,0.3260,2.1787,2,0,1,0,0,20,10,0,53,0,1,0,0.568
14180,0.3260,2.1810,0.00,0.3260,2.1830,2,0,1,0,0,20,10,0,53,0,1,0,0.564
14190,0.3260,2.1853,0.00,0.3260,2.1872,2,0,1,0,0,20,10,0,53,0,1,0,0.559
14200,0.3260,2.1895,0.00,0.3260,2.1914,2,0,1,0,0,20,10,0,53,0,1,0,0.555
14210,0.3260,2.1937,0.00,0.3260,2.1956,2,0,1,0,0,20,10,0,53,0,1,0,0.551
14220,0.3260,2.1979,0.00,0.3260,2.1998,2,0,1,0,0,20,10,0,53,0,1,0,0.547
14230,0.3260,2.2021,0.00,0.3260,2.2040,2,0,1,0,0,20,10,0,53,0,1,0,0.542
14240,0.3260,2.2064,0.00,0.3260,2.2083,2,0,1,0,0,20,10,0,53,1,1,0,0.538
14250,0.3260,2.2106,0.00,0.3260,2.2125,2,0,1,0,0,20,10,0,53,1,1,0,0.534
14260,0.3260,2.2148,0.00,0.3260,2.2167,2,0,1,0,0,20,10,0,53,1,1,0,0.530
14270,0.3260,2.2190,0.00,0.3260,2.2209,2,0,1,0,0,20,10,0,53,1,1,0,0.526
14280,0.3260,2.2232,0.00,0.3260,2.2251,2,0,1,0,0,20,10,0,53,1,1,0,0.521
14290,0.3260,2.2274,0.00,0.3260,2.2294,2,0,1,0,0,20,10,0,53,1,1,0,0.517
14300,0.3260,2.2317,0.00,0.3260,2.2336,2,0,1,0,0,20,10,0,53,1,1,0,0.513
14310,0.3260,2.2359,0.00,0.3260,2.2378,2,0,1,0,0,20,10,0,53,1,1,0,0.509
14320,0.3260,2.2401,0.00,0.3260,2.2420,2,0,1,0,0,20,10,0,53,1,1,0,0.504
14330,0.3260,2.2443,0.00,0.3260,2.2462,2,0,1,0,0,20,10,0,53,1,1,0,0.500
14340,0.3260,2.2485,0.00,0.3260,2.2504,2,0,1,0,0,20,10,0,53,1,1,0,0.496
14350,0.3260,2.2528,0.00,0.3260,2.2547,2,0,1,0,0,20,10,0,53,1,1,0,0.492
14360,0.3260,2.2570,0.00,0.3260,2.2589,2,0,1,0,0,20,10,0,53,1,1,0,0.488
14370,0.3260,2.2612,0.00,0.3260,2.2631,2,0,1,0,0,20,10,0,53,1,1,0,0.483
14380,0.3260,2.2654,0.00,0.3260,2.2673,2,0,1,0,0,20,10,0,53,1,1,0,0.479
14390,0.3260,2.2696,0.00,0.3260,2.2715,2,0,1,0,0,20,10,0,53,1,1,0,0.475
14400,0.3260,2.2738,0.00,0.3260,2.2758,2,0,1,0,0,20,10,0,53,1,1,0,0.471
14410,0.3260,2.2781,0.00,0.3260,2.2800,2,0,1,0,0,20,10,0,53,1,1,0,0.467
14420,0.3260,2.2823,0.00,0.3260,2.2842,2,0,1,0,0,20,10,0,53,1,1,0,0.462
14430,0.3260,2.2865,0.00,0.3260,2.2884,2,0,1,0,0,20,10,0,53,1,1,0,0.458
14440,0.3260,2.2907,0.00,0.3260,2.2926,2,0,1,0,0,20,10,0,53,1,1,0,0.454
14450,0.3260,2.2949,0.00,0.3260,2.2968,2,0,1,0,0,20,10,0,53,1,1,0,0.450
14460,0.3260,2.2991,0.00,0.3260,2.3011,2,0,1,0,0,20,10,0,53,1,1,0,0.445
14470,0.3260,2.3034,0.00,0.3260,2.3053,2,0,1,0,0,20,10,0,53,1,1,0,0.441
14480,0.3260,2.3076,0.00,0.3260,2.3095,2,0,1,0,0,20,10,0,53,1,1,0,0.437
14490,0.3260,2.3118,0.00,0.3260,2.3137,2,0,1,0,0,20,10,0,53,1,1,0,0.433
14500,0.3260,2.3160,0.00,0.3260,2.3179,2,0,1,0,0,20,10,0,53,1,1,0,0.429
14510,0.3260,2.3202,0.00,0.3260,2.3222,2,0,1,0,0,20,10,0,53,1,1,0,0.424
14520,0.3260,2.3245,0.00,0.3260,2.3264,2,0,1,0,0,20,10,0,53,1,1,0,0.420
14530,0.3260,2.3287,0.00,0.3260,2.3306,2,0,1,0,0,20,10,0,53,1,1,0,0.416
14540,0.3260,2.3329,0.00,0.3260,2.3348,2,0,1,0,0,20,10,0,53,1,1,0,0.412
14550,0.3260,2.3371,0.00,0.3260,2.3390,2,0,1,0,0,20,10,0,53,1,1,0,0.407
14560,0.3260,2.3413,0.00,0.3260,2.3432,2,0,1,0,0,20,10,0,53,1,1,0,0.403
14570,0.3260,2.3455,0.00,0.3260,2.3475,2,0,1,0,0,20,10,0,53,1,1,0,0.399
14580,0.3260,2.3498,0.00,0.3260,2.3517,2,0,1,0,0,20,10,0,53,1,1,0,0.395
14590,0.3260,2.3540,0.00,0.3260,2.3559,2,0,1,0,0,20,10,0,53,1,1,0,0.391
14600,0.3260,2.3582,0.00,0.3260,2.3601,2,0,1,0,0,20,10,0,53,1,1,0,0.386
14610,0.3260,2.3624,0.00,0.3260,2.3643,2,0,1,0,0,20,10,0,53,1,1,0,0.382
14620,0.3260,2.3666,0.00,0.3260,2.3686,2,0,1,0,0,20,10,0,53,1,1,0,0.378
14630,0.3260,2.3709,0.00,0.3260,2.3728,2,0,1,0,0,20,10,0,53,1,1,0,0.374
14640,0.3260,2.3751,0.00,0.3260,2.3770,2,0,1,0,0,20,10,0,53,1,1,0,0.370
14650,0.3260,2.3793,0.00,0.3260,2.3812,2,0,1,0,0,20,10,0,53,1,1,0,0.365
14660,0.3260,2.3835,0.00,0.3260,2.3854,2,0,1,0,0,20,10,0,53,1,1,0,0.361
14670,0.3260,2.3877,0.00,0.3260,2.3896,2,0,1,0,0,20,10,0,53,1,1,0,0.357
14680,0.3260,2.3919,0.00,0.3260,2.3939,2,0,1,0,0,20,10,0,53,1,1,0,0.353
14690,0.3260,2.3962,0.00,0.3260,2.3981,2,0,1,0,0,20,10,0,53,1,1,0,0.348
14700,0.3260,2.4004,0.00,0.3260,2.4023,2,0,1,0,0,20,10,0,53,1,1,0,0.344
14710,0.3260,2.4046,0.00,0.3260,2.4065,2,0,1,0,0,20,10,0,53,1,1,0,0.340
14720,0.3260,2.4088,0.00,0.3260,2.4107,2,0,1,0,0,20,10,0,53,1,1,0,0.336
14730,0.3260,2.4130,0.00,0.3260,2.4150,2,0,1,0,0,20,10,0,53,1,1,0,0.332
14740,0.3260,2.4173,0.00,0.3260,2.4192,2,0,1,0,0,20,10,0,53,1,1,0,0.327
14750,0.3260,2.4215,0.00,0.3260,2.4234,2,0,1,0,0,20,10,0,53,1,1,0,0.323
14760,0.3260,2.4257,0.00,0.3260,2.4276,2,0,1,0,0,20,10,0,53,1,1,0,0.319
14770,0.3260,2.4299,0.00,0.3260,2.4318,2,0,1,0,0,20,10,0,53,1,1,0,0.315
14780,0.3260,2.4341,0.00,0.3260,2.4360,2,0,1,0,0,20,10,0,53,1,1,0,0.310
14790,0.3260,2.4383,0.00,0.3260,2.4403,2,0,1,0,0,20,10,0,53,1,1,0,0.306
14800,0.3260,2.4426,0.00,0.3260,2.4445,2,0,1,0,0,20,10,0,53,1,1,0,0.302
14810,0.3260,2.4468,0.00,0.3260,2.4487,2,0,1,0,0,20,10,0,53,1,1,0,0.298
14820,0.3260,2.4510,0.00,0.3260,2.4529,2,0,1,0,0,20,10,0,53,1,1,0,0.294
14830,0.3260,2.4552,0.00,0.3260,2.4571,2,0,1,0,0,20,10,0,53,1,1,0,0.289
14840,0.3260,2.4594,0.00,0.3260,2.4614,2,0,1,0,0,20,10,0,53,1,1,0,0.285
14850,0.3260,2.4637,0.00,0.3260,2.4656,2,0,1,0,0,20,10,0,53,1,1,0,0.281
14860,0.3260,2.4679,0.00,0.3260,2.4698,2,0,1,0,0,20,10,0,53,1,1,0,0.277
14870,0.3260,2.4721,0.00,0.3260,2.4740,2,0,1,0,0,20,10,0,53,1,1,0,0.272
14880,0.3260,2.4763,0.00,0.3260,2.4782,2,0,1,0,0,20,10,0,53,1,1,0,0.268
14890,0.3260,2.4805,0.00,0.3260,2.4824,2,0,1,0,0,20,10,0,53,1,1,0,0.264
14900,0.3260,2.4847,0.00,0.3260,2.4867,2,0,1,0,0,20,10,0,53,1,1,0,0.260
14910,0.3260,2.4890,0.00,0.3260,2.4909,2,0,1,0,0,20,10,0,53,1,1,0,0.256
14920,0.3260,2.4932,0.00,0.3260,2.4951,2,0,1,0,0,20,10,0,53,1,1,0,0.251
14930,0.3260,2.4974,0.00,0.3260,2.4993,2,0,1,0,0,20,10,0,53,1,1,0,0.247
14940,0.3260,2.5016,0.00,0.3260,2.5035,2,0,0,0,0,20,10,0,53,1,1,0,0.243
14950,0.3260,2.5058,0.00,0.3260,2.5078,2,0,0,0,0,20,10,0,53,1,1,0,0.239
14960,0.3260,2.5101,0.00,0.3260,2.5120,2,0,0,0,0,20,10,0,53,1,1,0,0.235
14970,0.3260,2.5143,0.00,0.3260,2.5162,2,0,0,0,0,20,10,0,53,1,1,0,0.230
14980,0.3260,2.5185,0.00,0.3260,2.5204,2,0,0,0,0,20,10,0,53,1,1,0,0.226
14990,0.3260,2.5227,0.00,0.3260,2.5246,2,0,0,0,0,20,10,0,53,1,1,0,0.222
15000,0.3260,2.5269,0.00,0.3260,2.5288,2,0,0,0,0,20,10,0,53,1,1,0,0.218
15010,0.3260,2.5311,0.00,0.3260,2.5331,2,0,0,0,0,20,10,0,53,1,1,0,0.213
15020,0.3260,2.5354,0.00,0.3260,2.5373,2,0,0,0,0,20,10,0,53,1,1,0,0.209
15030,0.3260,2.5396,0.00,0.3260,2.5415,2,0,0,0,0,20,10,0,53,1,1,0,0.205
15040,0.3260,2.5438,0.00,0.3260,2.5457,2,0,0,0,0,20,10,0,53,1,1,0,0.201
15050,0.3260,2.5480,0.00,0.3260,2.5499,2,0,0,0,0,20,10,0,53,1,1,0,0.197
15060,0.3260,2.5522,0.00,0.3260,2.5542,2,0,0,0,0,20,10,0,53,1,1,0,0.192
15070,0.3260,2.5565,0.00,0.3260,2.5584,2,0,0,0,0,20,10,0,53,1,1,0,0.188
15080,0.3260,2.5607,0.00,0.3260,2.5626,2,0,0,0,0,20,10,0,53,1,1,0,0.184
15090,0.3260,2.5649,0.00,0.3260,2.5668,2,0,0,0,0,20,10,0,53,1,1,0,0.180
15100,0.3260,2.5691,0.00,0.3260,2.5710,2,0,0,0,0,20,10,0,53,1,1,0,0.175
15110,0.3260,2.5733,0.00,0.3260,2.5752,2,0,0,0,0,20,10,0,53,1,1,0,0.171
15120,0.3260,2.5775,0.00,0.3260,2.5795,2,0,0,0,0,20,10,0,53,1,1,0,0.167
15130,0.3260,2.5818,0.00,0.3260,2.5837,2,0,0,0,0,20,10,0,53,1,1,0,0.163
15140,0.3260,2.5860,0.00,0.3260,2.5879,2,0,0,0,0,20,10,0,53,1,1,0,0.159
15150,0.3260,2.5902,0.00,0.3260,2.5921,2,0,0,0,0,20,10,0,53,1,1,0,0.154
15160,0.3260,2.5944,0.00,0.3260,2.5963,2,0,0,0,0,20,10,0,53,1,1,0,0.150
15170,0.3260,2.5986,0.00,0.3260,2.6006,3,0,0,0,0,20,10,0,53,1,1,0,0.146
15180,0.3260,2.6029,0.00,0.3260,2.6048,3,0,0,0,0,20,10,0,53,1,1,0,0.142
15190,0.3260,2.6071,0.00,0.3260,2.6090,3,0,0,0,0,20,10,0,53,1,1,0,0.138
15200,0.3260,2.6113,0.00,0.3260,2.6132,3,0,1,0,0,20,10,0,0,0,0,0,1000.000
15210,0.3260,2.6154,0.00,0.3260,2.6173,3,0,1,0,0,20,10,0,0,0,0,0,1000.000
15220,0.3260,2.6193,0.00,0.3260,2.6213,3,0,1,0,0,20,10,0,0,0,0,0,1000.000
15230,0.3260,2.6231,0.00,0.3260,2.6250,3,0,1,0,0,20,10,0,0,0,0,0,1000.000
15240,0.3260,2.6266,0.00,0.3260,2.6285,3,0,1,0,0,20,10,0,0,0,0,0,1000.000
15250,0.3260,2.6299,0.00,0.3260,2.6318,3,0,1,0,0,20,10,150,0,0,0,0,2.404
15260,0.3260,2.6331,0.00,0.3260,2.6350,3,0,1,0,0,20,10,150,0,0,0,0,2.404
15270,0.3260,2.6360,0.00,0.3260,2.6379,3,0,1,0,0,20,10,150,0,0,0,0,2.404
15280,0.3260,2.6387,0.00,0.3260,2.6406,3,0,1,0,0,20,10,150,0,0,0,0,2.404
15290,0.3260,2.6412,0.00,0.3260,2.6432,3,0,1,0,0,20,10,150,0,0,0,0,2.404
15300,0.3260,2.6436,0.00,0.3260,2.6455,3,0,1,0,0,20,10,150,0,0,0,0,2.404
15310,0.3260,2.6457,0.00,0.3260,2.6476,3,0,1,0,0,20,10,150,0,0,0,0,2.404
15320,0.3263,2.6479,0.00,0.3263,2.6498,3,0,1,0,0,20,10,150,0,0,0,0,2.404
15330,0.3267,2.6500,0.00,0.3267,2.6519,3,0,1,0,0,20,10,150,0,0,0,0,2.403
15340,0.3273,2.6522,0.00,0.3273,2.6541,3,0,1,0,0,20,10,150,0,0,0,0,2.403
15350,0.3281,2.6543,0.00,0.3281,2.6562,3,0,1,0,0,19,10,150,0,0,0,0,2.402
15360,0.3291,2.6564,0.00,0.3291,2.6584,3,0,1,0,0,19,10,150,0,0,0,0,2.401
15370,0.3303,2.6586,0.00,0.3303,2.6605,3,0,1,0,0,19,10,150,0,0,0,0,2.400
15380,0.3317,2.6607,0.00,0.3317,2.6627,3,0,1,0,0,19,10,150,0,0,0,0,2.398
15390,0.3334,2.6629,0.00,0.3334,2.6648,3,0,1,0,0,19,10,150,0,0,0,0,2.397
15400,0.3352,2.6650,0.00,0.3352,2.6669,3,0,1,0,0,18,10,150,0,0,0,0,2.395
15410,0.3372,2.6672,0.00,0.3372,2.6691,3,0,1,0,0,18,10,150,0,0,0,0,2.393
15420,0.3394,2.6693,0.00,0.3394,2.6712,3,0,1,0,0,18,10,150,0,0,0,0,2.391
15430,0.3418,2.6715,0.00,0.3418,2.6734,3,0,1,0,0,18,10,150,0,0,0,0,2.388
15440,0.3444,2.6736,0.00,0.3444,2.6755,3,0,1,0,0,18,10,150,0,0,0,0,2.386
15450,0.3473,2.6757,0.00,0.3473,2.6777,3,0,1,0,0,17,10,150,0,0,0,0,2.383
15460,0.3503,2.6779,0.00,0.3503,2.6798,3,0,1,0,0,17,10,150,0,0,0,0,2.380
15470,0.3535,2.6800,0.00,0.3535,2.6819,3,0,1,0,0,17,10,150,0,0,0,0,2.377
15480,0.3569,2.6822,0.00,0.3569,2.6841,3,0,1,0,0,17,10,150,0,0,0,0,2.373
15490,0.3605,2.6843,0.00,0.3605,2.6862,3,0,1,0,0,17,10,150,0,0,0,0,2.369
15500,0.3643,2.6865,0.00,0.3643,2.6884,3,0,1,0,0,16,11,150,0,0,0,0,2.366
15510,0.3683,2.6886,0.00,0.3683,2.6905,3,0,1,0,0,16,11,150,0,0,0,0,2.362
15520,0.3726,2.6907,0.00,0.3726,2.6927,3,0,1,0,0,16,11,150,0,0,0,0,2.357
15530,0.3770,2.6929,0.00,0.3770,2.6948,3,0,1,0,0,16,11,150,0,0,0,0,2.353
15540,0.3816,2.6950,0.00,0.3816,2.6969,3,0,1,0,0,16,11,150,0,0,0,0,2.348
15550,0.3864,2.6972,0.00,0.3864,2.6991,3,0,1,0,0,15,12,150,0,0,0,0,2.344
15560,0.3914,2.6993,0.00,0.3914,2.7012,3,0,1,0,0,15,12,150,0,0,0,0,2.339
15570,0.3966,2.7015,0.00,0.3966,2.7034,3,0,1,0,0,15,12,150,0,0,0,0,2.333
15580,0.4021,2.7036,0.00,0.4021,2.7055,3,0,1,0,0,15,12,150,0,0,0,0,2.328
15590,0.4077,2.7057,0.00,0.4077,2.7077,3,0,1,0,0,15,12,150,0,0,0,0,2.322
15600,0.4135,2.7079,0.00,0.4135,2.7098,3,0,1,0,0,14,13,0,0,0,0,0,2.317
15610,0.4193,2.7100,0.00,0.4193,2.7120,3,0,1,0,0,14,13,0,0,0,0,0,2.311
15620,0.4249,2.7122,0.00,0.4249,2.7141,3,0,1,0,0,14,13,0,0,0,0,0,2.305
15630,0.4303,2.7143,0.00,0.4303,2.7162,3,0,1,0,0,14,13,0,0,0,0,0,2.300
15640,0.4355,2.7165,0.00,0.4355,2.7184,3,0,1,0,0,14,13,0,0,0,0,0,2.295
15650,0.4405,2.7186,0.00,0.4405,2.7205,3,0,1,0,0,13,16,0,0,0,0,0,2.290
15660,0.4453,2.7208,0.00,0.4453,2.7227,3,0,1,0,0,13,16,0,0,0,0,0,2.285
15670,0.4499,2.7229,0.00,0.4499,2.7248,3,0,1,0,0,13,16,0,0,0,0,0,2.280
15680,0.4542,2.7250,0.00,0.4542,2.7270,3,0,1,0,0,13,16,0,0,0,0,0,2.276
15690,0.4584,2.7272,0.00,0.4584,2.7291,3,0,1,0,0,13,16,0,0,0,0,0,2.272
15700,0.4624,2.7293,0.00,0.4624,2.7312,3,0,1,0,0,12,18,0,0,0,0,0,2.268
15710,0.4662,2.7315,0.00,0.4662,2.7334,3,0,1,0,0,12,18,0,0,0,0,0,2.264
15720,0.4698,2.7336,0.00,0.4698,2.7355,3,0,1,0,0,12,18,0,0,0,0,0,2.260
15730,0.4732,2.7358,0.00,0.4732,2.7377,3,0,1,0,0,12,18,0,0,0,0,0,2.257
15740,0.4764,2.7379,0.00,0.4764,2.7398,3,0,1,0,0,12,18,0,0,0,0,0,2.254
15750,0.4794,2.7400,0.00,0.4794,2.7420,3,0,1,0,0,11,20,0,0,0,0,0,2.251
15760,0.4822,2.7422,0.00,0.4822,2.7441,3,0,1,0,0,11,20,0,0,0,0,0,2.248
15770,0.4848,2.7443,0.00,0.4848,2.7462,3,0,1,0,0,11,20,0,0,0,0,0,2.245
15780,0.4872,2.7465,0.00,0.4872,2.7484,3,0,1,0,0,11,20,0,0,1,0,0,2.243
15790,0.4894,2.7486,0.00,0.4894,2.7505,3,0,1,0,0,11,20,0,0,1,0,0,2.241
15800,0.4915,2.7507,0.00,0.4915,2.7526,3,0,1,0,0,9,20,0,0,1,0,0,2.239
15810,0.4934,2.7527,0.00,0.4934,2.7546,3,0,1,0,0,9,20,0,0,1,0,0,2.237
15820,0.4953,2.7545,0.00,0.4953,2.7564,3,0,1,0,0,9,20,0,0,1,0,0,2.235
15830,0.4971,2.7563,0.00,0.4971,2.7582,3,0,1,0,0,9,20,0,0,1,0,0,2.233
15840,0.4987,2.7580,0.00,0.4987,2.7599,3,0,1,0,0,9,20,0,0,1,0,0,2.231
15850,0.5003,2.7595,0.00,0.5003,2.7614,3,0,1,0,0,9,20,0,0,1,0,0,2.230
15860,0.5018,2.7610,0.00,0.5018,2.7629,3,0,1,0,0,9,20,0,0,1,0,0,2.228
15870,0.5032,2.7624,0.00,0.5032,2.7643,3,0,1,0,0,9,20,0,0,1,0,0,2.227
15880,0.5044,2.7636,0.00,0.5044,2.7656,3,0,1,0,0,9,20,0,0,1,0,0,2.226
15890,0.5056,2.7648,0.00,0.5056,2.7667,3,0,1,0,0,9,20,0,0,1,0,0,2.224
15900,0.5067,2.7659,0.00,0.5067,2.7678,3,0,1,0,0,8,20,0,0,1,0,0,2.223
15910,0.5076,2.7665,0.00,0.5076,2.7684,3,0,1,0,0,8,20,0,0,1,0,0,2.222
15920,0.5085,2.7665,0.00,0.5085,2.7684,3,0,1,0,0,8,20,0,0,1,0,0,2.221
15930,0.5093,2.7665,0.00,0.5093,2.7684,3,0,1,0,0,8,20,0,0,1,0,0,2.221
15940,0.5099,2.7665,0.00,0.5099,2.7684,3,0,1,0,0,8,20,0,0,1,0,0,2.220
15950,0.5105,2.7665,0.00,0.5105,2.7684,3,0,1,0,0,8,20,0,0,1,0,0,2.219
15960,0.5110,2.7665,0.00,0.5110,2.7684,3,0,1,0,0,8,20,0,0,1,0,0,2.219
15970,0.5113,2.7665,0.00,0.5113,2.7684,3,0,1,0,0,8,20,0,0,1,0,0,2.219
15980,0.5116,2.7665,0.00,0.5116,2.7684,3,0,1,0,0,8,20,150,0,1,0,0,2.218
15990,0.5120,2.7665,0.00,0.5120,2.7684,3,0,1,0,0,8,20,150,0,1,0,0,2.218
16000,0.5125,2.7665,0.00,0.5125,2.7684,3,0,1,0,0,8,20,150,0,1,0,0,2.217
16010,0.5132,2.7665,0.00,0.5132,2.7684,3,0,1,0,0,8,20,150,0,1,0,0,2.217
16020,0.5142,2.7665,0.00,0.5142,2.7684,3,0,1,0,0,8,20,150,0,1,0,0,2.216
16030,0.5153,2.7665,0.00,0.5153,2.7684,3,0,1,0,0,8,20,150,0,1,0,0,2.215
16040,0.5166,2.7665,0.00,0.5166,2.7684,3,0,1,0,0,8,20,150,0,1,0,0,2.213
16050,0.5181,2.7665,0.00,0.5181,2.7684,3,0,1,0,0,8,20,150,0,1,0,0,2.212
16060,0.5199,2.7665,0.00,0.5199,2.7684,3,0,1,0,0,8,20,150,0,1,0,0,2.210
16070,0.5218,2.7665,0.00,0.5218,2.7684,3,0,1,0,0,8,20,150,0,1,0,0,2.208
16080,0.5239,2.7665,0.00,0.5239,2.7684,3,0,1,0,0,8,20,150,0,1,0,0,2.206
16090,0.5263,2.7665,0.00,0.5263,2.7684,3,0,1,0,0,8,20,150,0,1,0,0,2.204
16100,0.5288,2.7665,0.00,0.5288,2.7684,3,0,1,0,0,8,20,150,0,1,0,0,2.201
16110,0.5315,2.7665,0.00,0.5315,2.7684,3,0,1,0,0,8,20,150,0,1,0,0,2.198
16120,0.5345,2.7665,0.00,0.5345,2.7684,3,0,1,0,0,8,20,150,0,1,0,0,2.196
16130,0.5376,2.7665,0.00,0.5376,2.7684,3,0,1,0,0,8,20,150,0,1,0,0,2.192
16140,0.5409,2.7665,0.00,0.5409,2.7684,3,0,1,0,0,8,20,150,0,1,0,0,2.189
16150,0.5444,2.7665,0.00,0.5444,2.7684,3,0,1,0,0,8,20,150,0,1,0,0,2.186
16160,0.5482,2.7665,0.00,0.5482,2.7684,3,0,1,0,0,8,20,150,0,1,0,0,2.182
16170,0.5521,2.7665,0.00,0.5521,2.7684,3,0,1,0,0,8,20,150,0,1,0,0,2.178
16180,0.5562,2.7665,0.00,0.5562,2.7684,3,0,1,0,0,8,20,150,0,1,0,0,2.174
16190,0.5606,2.7665,0.00,0.5606,2.7684,3,0,1,0,0,8,20,150,0,1,0,0,2.169
16200,0.5651,2.7665,0.00,0.5651,2.7684,3,0,1,0,0,8,20,150,0,1,0,0,2.165
16210,0.5698,2.7665,0.00,0.5698,2.7684,3,0,1,0,0,8,20,150,0,1,0,0,2.160
16220,0.5747,2.7665,0.00,0.5747,2.7684,3,0,1,0,0,8,20,150,0,1,0,0,2.155
16230,0.5799,2.7665,-0.00,0.5799,2.7684,3,0,1,0,0,8,20,150,0,0,0,0,2.150
16240,0.5852,2.7665,0.00,0.5852,2.7684,3,0,1,0,0,8,20,150,0,1,0,0,2.145
16250,0.5907,2.7665,0.00,0.5907,2.7684,3,0,1,0,0,8,20,150,0,1,0,0,2.139
16260,0.5965,2.7665,0.00,0.5965,2.7684,3,0,1,0,0,8,20,150,0,1,0,0,2.134
16270,0.6024,2.7665,0.00,0.6024,2.7684,3,0,1,0,0,8,20,150,0,1,0,0,2.128
16280,0.6085,2.7665,0.00,0.6085,2.7684,3,0,1,0,0,8,20,150,0,1,0,0,2.121
16290,0.6148,2.7665,0.00,0.6148,2.7684,3,0,1,0,0,8,20,150,0,1,0,0,2.115
16300,0.6214,2.7665,0.00,0.6214,2.7684,3,0,1,0,0,8,20,150,0,1,0,0,2.109
16310,0.6281,2.7665,0.00,0.6281,2.7684,3,0,1,0,0,8,20,150,0,1,0,0,2.102
16320,0.6350,2.7665,0.00,0.6350,2.7684,3,0,1,0,0,8,20,150,0,1,0,0,2.095
16330,0.6422,2.7665,0.00,0.6422,2.7684,3,0,1,0,0,8,20,150,0,1,0,0,2.088
16340,0.6495,2.7665,0.00,0.6495,2.7684,3,0,1,0,0,8,20,150,0,1,0,0,2.081
16350,0.6570,2.7665,0.00,0.6570,2.7684,3,0,1,0,0,8,20,150,0,1,0,0,2.073
16360,0.6647,2.7665,0.00,0.6647,2.7684,3,0,1,0,0,8,20,150,0,1,0,0,2.065
16370,0.6727,2.7665,0.00,0.6727,2.7684,3,0,1,0,0,8,20,150,0,1,0,0,2.057
16380,0.6808,2.7665,0.00,0.6808,2.7684,3,0,1,0,0,8,20,150,0,1,0,0,2.049
16390,0.6891,2.7665,0.00,0.6891,2.7684,3,0,1,0,0,8,20,150,0,1,0,0,2.041
16400,0.6977,2.7665,0.00,0.6977,2.7684,3,0,1,0,0,8,20,150,0,1,0,0,2.032
16410,0.7064,2.7665,0.00,0.7064,2.7684,3,0,1,0,0,8,20,150,0,1,0,0,2.024
16420,0.7153,2.7665,0.00,0.7153,2.7684,3,0,1,0,0,8,20,150,0,1,0,0,2.015
16430,0.7245,2.7665,0.00,0.7245,2.7684,3,0,1,0,0,8,20,150,0,1,0,0,2.006
16440,0.7338,2.7665,0.00,0.7338,2.7684,3,0,1,0,0,8,20,150,0,1,0,0,1.996
16450,0.7433,2.7665,0.00,0.7433,2.7684,3,0,1,0,0,8,20,150,0,1,0,0,1.987
16460,0.7530,2.7665,0.00,0.7530,2.7684,3,0,1,0,0,8,20,150,0,1,0,0,1.977
16470,0.7630,2.7665,0.00,0.7630,2.7684,3,0,1,0,0,8,20,150,0,1,0,0,1.967
16480,0.7731,2.7665,-0.00,0.7731,2.7684,3,0,1,0,0,8,20,150,0,0,0,0,1.957
16490,0.7834,2.7665,-0.00,0.7834,2.7684,3,0,1,0,0,8,20,150,0,0,0,0,1.947
16500,0.7940,2.7665,-0.00,0.7940,2.7684,3,0,1,0,0,8,20,150,0,0,0,0,1.936
16510,0.8047,2.7665,0.00,0.8047,2.7684,3,0,1,0,0,8,20,150,0,1,0,0,1.925
16520,0.8156,2.7665,0.00,0.8156,2.7684,3,0,1,0,0,8,20,150,0,1,0,0,1.914
16530,0.8267,2.7665,-0.00,0.8267,2.7684,3,0,1,0,0,8,20,150,0,0,0,0,1.903
16540,0.8381,2.7665,-0.00,0.8381,2.7684,3,0,1,0,0,8,20,150,0,0,0,0,1.892
16550,0.8496,2.7665,-0.00,0.8496,2.7684,3,0,1,0,0,8,20,150,0,0,0,0,1.880
16560,0.8613,2.7665,-0.00,0.8613,2.7684,3,0,1,0,0,8,20,150,0,0,0,0,1.869
16570,0.8732,2.7665,0.00,0.8732,2.7684,3,0,1,0,0,8,20,150,0,1,0,0,1.857
16580,0.8851,2.7665,0.00,0.8851,2.7684,3,0,1,0,0,8,20,150,0,1,0,0,1.845
16590,0.8971,2.7665,0.00,0.8971,2.7684,3,0,1,0,0,8,20,150,0,1,0,0,1.833
16600,0.9090,2.7665,0.00,0.9090,2.7684,3,0,1,0,0,8,20,150,0,1,0,0,1.821
16610,0.9210,2.7665,0.00,0.9210,2.7684,3,0,1,0,0,8,20,150,0,1,0,0,1.809
16620,0.9329,2.7665,0.00,0.9329,2.7684,3,0,1,0,0,8,20,150,0,1,0,0,1.797
16630,0.9448,2.7665,0.00,0.9448,2.7684,3,0,1,0,0,8,20,150,0,1,0,0,1.785
16640,0.9568,2.7665,0.00,0.9568,2.7684,3,0,1,0,0,8,20,150,0,1,0,0,1.773
16650,0.9687,2.7665,0.00,0.9687,2.7684,3,0,1,0,0,8,20,150,0,1,0,0,1.761
16660,0.9807,2.7665,0.00,0.9807,2.7684,3,0,1,0,0,8,20,150,0,1,0,0,1.749
16670,0.9926,2.7665,0.00,0.9926,2.7684,3,0,1,0,0,8,20,150,0,1,0,0,1.737
16680,1.0045,2.7665,0.00,1.0045,2.7684,3,0,1,0,0,8,20,150,0,1,0,0,1.725
16690,1.0165,2.7665,0.00,1.0165,2.7684,3,0,1,0,0,8,20,150,0,1,0,0,1.714
16700,1.0284,2.7665,0.00,1.0284,2.7684,3,0,1,0,0,8,20,150,0,1,0,0,1.702
16710,1.0403,2.7665,0.00,1.0403,2.7684,3,0,1,0,0,8,20,150,0,1,0,0,1.690
16720,1.0523,2.7665,0.00,1.0523,2.7684,3,0,1,0,0,8,20,150,0,1,0,0,1.678
16730,1.0642,2.7665,0.00,1.0642,2.7684,3,0,1,0,0,8,20,150,0,1,0,0,1.666
16740,1.0762,2.7665,0.00,1.0762,2.7684,3,0,1,0,0,8,20,150,0,1,0,0,1.654
16750,1.0881,2.7665,0.00,1.0881,2.7684,3,0,1,0,0,8,20,150,0,1,0,0,1.642
16760,1.1000,2.7665,0.00,1.1000,2.7684,3,0,1,0,0,8,20,150,0,1,0,0,1.630
16770,1.1120,2.7665,0.00,1.1120,2.7684,3,0,1,0,0,8,20,150,0,1,0,0,1.618
16780,1.1239,2.7665,0.00,1.1239,2.7684,3,0,1,0,0,8,20,150,0,1,0,0,1.606
16790,1.1358,2.7665,0.00,1.1358,2.7684,3,0,1,0,0,8,20,150,0,1,0,0,1.594
16800,1.1478,2.7665,0.00,1.1478,2.7684,3,0,1,0,0,8,20,150,0,1,0,0,1.582
16810,1.1597,2.7665,0.00,1.1597,2.7684,3,0,1,0,0,8,20,150,0,1,0,0,1.570
16820,1.1717,2.7665,0.00,1.1717,2.7684,3,0,1,0,0,8,20,150,0,1,0,0,1.558
16830,1.1836,2.7665,0.00,1.1836,2.7684,3,0,1,0,0,8,20,150,0,1,0,0,1.546
16840,1.1955,2.7665,0.00,1.1955,2.7684,3,0,1,0,0,8,20,150,0,1,0,0,1.534
16850,1.2075,2.7665,0.00,1.2075,2.7684,3,0,1,0,0,8,20,150,0,1,0,0,1.523
16860,1.2194,2.7665,0.00,1.2194,2.7684,3,0,1,0,0,8,20,150,0,1,0,0,1.511
16870,1.2314,2.7665,0.00,1.2314,2.7684,3,0,1,0,0,8,20,150,0,1,0,0,1.499
16880,1.2433,2.7665,0.00,1.2433,2.7684,3,0,1,0,0,8,20,150,0,1,0,0,1.487
16890,1.2552,2.7665,0.00,1.2552,2.7684,3,0,1,0,0,8,20,150,0,1,0,0,1.475
16900,1.2672,2.7665,0.00,1.2672,2.7684,3,0,1,0,0,8,20,150,0,1,0,0,1.463
16910,1.2791,2.7665,0.00,1.2791,2.7684,3,0,1,0,0,8,20,150,0,1,0,0,1.451
16920,1.2910,2.7665,0.00,1.2910,2.7684,3,0,1,0,0,8,20,150,0,1,0,0,1.439
16930,1.3030,2.7665,0.00,1.3030,2.7684,3,0,1,0,0,8,20,150,0,1,0,0,1.427
16940,1.3149,2.7665,0.00,1.3149,2.7684,3,0,1,0,0,8,20,150,0,1,0,0,1.415
16950,1.3269,2.7665,0.00,1.3269,2.7684,3,0,1,0,0,8,20,150,0,1,0,0,1.403
16960,1.3388,2.7665,0.00,1.3388,2.7684,3,0,1,0,0,8,20,150,0,1,0,0,1.391
16970,1.3507,2.7665,0.00,1.3507,2.7684,3,0,1,0,0,8,20,150,0,1,0,0,1.379
16980,1.3627,2.7665,0.00,1.3627,2.7684,3,0,1,0,0,8,20,150,0,1,0,0,1.367
16990,1.3746,2.7665,0.00,1.3746,2.7684,3,0,1,0,0,8,20,150,0,1,0,0,1.355
17000,1.3865,2.7665,0.00,1.3865,2.7684,3,0,1,0,0,8,20,150,0,1,0,0,1.343
17010,1.3985,2.7665,0.00,1.3985,2.7684,3,0,1,0,0,8,20,150,0,1,0,0,1.332
17020,1.4104,2.7665,0.00,1.4104,2.7684,3,0,1,0,0,8,20,150,0,1,0,0,1.320
17030,1.4224,2.7665,0.00,1.4224,2.7684,3,0,1,0,0,8,20,150,0,1,0,0,1.308
17040,1.4343,2.7665,0.00,1.4343,2.7684,3,0,1,0,0,8,20,150,0,1,0,0,1.296
17050,1.4462,2.7665,0.00,1.4462,2.7684,3,0,1,0,0,8,20,150,0,1,0,0,1.284
17060,1.4582,2.7665,0.00,1.4582,2.7684,3,0,1,0,0,8,20,150,0,1,0,0,1.272
17070,1.4701,2.7665,0.00,1.4701,2.7684,3,0,1,0,0,8,20,150,0,1,0,0,1.260
17080,1.4821,2.7665,0.00,1.4821,2.7684,3,0,1,0,0,8,20,150,0,1,0,0,1.248
17090,1.4940,2.7665,0.00,1.4940,2.7684,3,0,1,0,0,8,20,150,0,1,0,0,1.236
17100,1.5059,2.7665,0.00,1.5059,2.7684,3,0,1,0,0,8,20,150,0,1,0,0,1.224
17110,1.5179,2.7665,0.00,1.5179,2.7684,3,0,1,0,0,8,20,150,0,1,0,0,1.212
17120,1.5298,2.7665,0.00,1.5298,2.7684,3,0,1,0,0,8,20,150,0,1,0,0,1.200
17130,1.5417,2.7665,0.00,1.5417,2.7684,3,0,1,0,0,8,20,150,0,1,0,0,1.188
17140,1.5537,2.7665,0.00,1.5537,2.7684,3,0,1,0,0,8,20,150,0,1,0,0,1.176
17150,1.5656,2.7665,0.00,1.5656,2.7684,3,0,1,0,0,8,20,150,0,1,0,0,1.164
17160,1.5776,2.7665,0.00,1.5776,2.7684,3,0,1,0,0,8,20,150,0,1,0,0,1.152
17170,1.5895,2.7665,0.00,1.5895,2.7684,3,0,1,0,0,8,20,150,0,1,0,0,1.141
17180,1.6014,2.7665,0.00,1.6014,2.7684,3,0,1,0,0,8,20,150,0,1,0,0,1.129
17190,1.6134,2.7665,0.00,1.6134,2.7684,3,0,1,0,0,8,20,150,0,1,0,0,1.117
17200,1.6253,2.7665,0.00,1.6253,2.7684,3,0,1,0,0,8,20,150,0,1,0,0,1.105
17210,1.6372,2.7665,0.00,1.6372,2.7684,3,0,1,0,0,8,20,150,0,1,0,0,1.093
17220,1.6492,2.7665,0.00,1.6492,2.7684,3,0,1,0,0,8,20,150,0,1,0,0,1.081
17230,1.6611,2.7665,0.00,1.6611,2.7684,3,0,1,0,0,8,20,150,0,1,0,0,1.069
17240,1.6731,2.7665,0.00,1.6731,2.7684,3,0,1,0,0,8,20,150,0,1,0,0,1.057
17250,1.6850,2.7665,0.00,1.6850,2.7684,3,0,1,0,0,8,20,150,0,1,0,0,1.045
17260,1.6969,2.7665,0.00,1.6969,2.7684,3,0,1,0,0,8,20,150,0,1,0,0,1.033
17270,1.7089,2.7665,0.00,1.7089,2.7684,3,0,1,0,0,8,20,150,0,1,0,0,1.021
17280,1.7208,2.7665,0.00,1.7208,2.7684,3,0,1,0,0,8,20,150,0,1,0,0,1.009
17290,1.7328,2.7665,0.00,1.7328,2.7684,3,0,1,0,0,8,20,150,0,1,0,0,0.997
17300,1.7447,2.7665,0.00,1.7447,2.7684,3,0,1,0,0,8,20,150,0,1,0,0,0.985
17310,1.7566,2.7665,0.00,1.7566,2.7684,3,0,1,0,0,8,20,150,0,1,0,0,0.973
17320,1.7686,2.7665,0.00,1.7686,2.7684,3,0,1,0,0,8,20,150,0,1,0,0,0.961
17330,1.7805,2.7665,0.00,1.7805,2.7684,3,0,1,0,0,8,20,150,0,1,0,0,0.949
17340,1.7924,2.7665,0.00,1.7924,2.7684,3,0,1,0,0,8,20,150,0,1,0,0,0.938
17350,1.8044,2.7665,0.00,1.8044,2.7684,3,0,1,0,0,8,20,150,0,1,0,0,0.926
17360,1.8163,2.7665,0.00,1.8163,2.7684,3,0,1,0,0,8,20,150,0,1,0,0,0.914
17370,1.8283,2.7665,0.00,1.8283,2.7684,3,0,1,0,0,8,20,150,0,1,0,0,0.902
17380,1.8402,2.7665,0.00,1.8402,2.7684,3,0,1,0,0,8,20,150,0,1,0,0,0.890
17390,1.8521,2.7665,0.00,1.8521,2.7684,3,0,1,0,0,8,20,150,0,1,0,0,0.878
17400,1.8641,2.7665,0.00,1.8641,2.7684,3,0,1,0,0,8,20,150,0,1,0,0,0.866
17410,1.8760,2.7665,0.00,1.8760,2.7684,3,0,1,0,0,8,20,150,0,1,0,0,0.854
17420,1.8879,2.7665,0.00,1.8879,2.7684,3,0,1,0,0,8,20,150,0,1,0,0,0.842
17430,1.8999,2.7665,0.00,1.8999,2.7684,3,0,1,0,0,8,20,150,0,1,0,0,0.830
17440,1.9118,2.7665,0.00,1.9118,2.7684,3,0,1,0,0,8,20,150,0,1,0,0,0.818
17450,1.9238,2.7665,0.00,1.9238,2.7684,3,0,1,0,0,8,20,150,0,1,0,0,0.806
17460,1.9357,2.7665,0.00,1.9357,2.7684,3,0,1,0,0,8,20,150,0,1,0,0,0.794
17470,1.9476,2.7665,0.00,1.9476,2.7684,3,0,1,0,0,8,20,150,0,1,0,0,0.782
17480,1.9596,2.7665,0.00,1.9596,2.7684,3,0,1,0,0,8,20,150,0,1,0,0,0.770
17490,1.9715,2.7665,0.00,1.9715,2.7684,3,0,1,0,0,8,20,150,0,1,0,0,0.758
17500,1.9834,2.7665,0.00,1.9834,2.7684,3,0,1,0,0,8,20,150,0,1,0,0,0.747
17510,1.9954,2.7665,0.00,1.9954,2.7684,3,0,1,0,0,8,20,150,0,1,0,0,0.735
17520,2.0073,2.7665,0.00,2.0073,2.7684,3,0,1,0,0,8,20,150,0,1,0,0,0.723
17530,2.0193,2.7665,0.00,2.0193,2.7684,3,0,1,0,0,8,20,150,0,1,0,0,0.711
17540,2.0312,2.7665,0.00,2.0312,2.7684,3,0,1,0,0,8,20,150,0,1,0,0,0.699
17550,2.0431,2.7665,0.00,2.0431,2.7684,3,0,1,0,0,8,20,150,0,1,0,0,0.687
17560,2.0551,2.7665,0.00,2.0551,2.7684,3,0,1,0,0,8,20,150,0,1,0,0,0.675
17570,2.0670,2.7665,0.00,2.0670,2.7684,3,0,1,0,0,8,20,150,0,1,0,0,0.663
17580,2.0790,2.7665,0.00,2.0790,2.7684,3,0,1,0,0,8,20,150,0,1,0,0,0.651
17590,2.0909,2.7665,0.00,2.0909,2.7684,3,0,1,0,0,8,20,150,0,1,0,0,0.639
17600,2.1028,2.7665,0.00,2.1028,2.7684,3,0,1,0,0,20,20,150,0,1,0,0,0.627
17610,2.1148,2.7665,0.00,2.1148,2.7684,3,0,1,0,0,20,20,150,0,1,0,0,0.615
17620,2.1267,2.7665,0.00,2.1267,2.7684,3,0,1,0,0,20,20,150,0,1,0,0,0.603
17630,2.1386,2.7665,0.00,2.1386,2.7684,3,0,1,0,0,20,20,150,0,1,0,0,0.591
17640,2.1506,2.7665,0.00,2.1506,2.7684,3,0,1,0,0,20,20,150,0,1,0,0,0.579
17650,2.1625,2.7665,0.00,2.1625,2.7684,3,0,1,0,0,20,20,150,0,1,0,0,0.567
17660,2.1745,2.7665,0.00,2.1745,2.7684,3,0,1,0,0,20,20,150,0,1,0,0,0.556
17670,2.1864,2.7665,0.00,2.1864,2.7684,3,0,1,0,0,20,20,150,0,1,0,0,0.544
17680,2.1983,2.7665,0.00,2.1983,2.7684,3,0,1,0,0,20,20,148,0,1,0,0,0.532
17690,2.2100,2.7665,0.00,2.2100,2.7684,3,0,1,0,0,20,20,146,0,1,0,0,0.520
17700,2.2216,2.7665,0.00,2.2216,2.7684,3,0,1,0,0,20,20,144,0,1,0,0,0.508
17710,2.2331,2.7665,0.00,2.2331,2.7684,3,0,1,0,0,20,20,143,0,1,0,0,0.497
17720,2.2444,2.7665,0.00,2.2444,2.7684,3,0,1,0,0,20,20,141,0,1,0,0,0.486
17730,2.2556,2.7665,0.00,2.2556,2.7684,3,0,1,0,0,20,20,139,0,1,0,0,0.474
17740,2.2666,2.7665,0.00,2.2666,2.7684,3,0,1,0,0,20,20,137,0,1,0,0,0.463
17750,2.2775,2.7665,0.00,2.2775,2.7684,3,0,1,0,0,20,20,135,0,1,0,0,0.453
17760,2.2882,2.7665,0.00,2.2882,2.7684,3,0,1,0,0,20,20,134,0,1,0,0,0.442
17770,2.2988,2.7665,0.00,2.2988,2.7684,3,0,1,0,0,20,20,132,0,1,0,0,0.431
17780,2.3093,2.7665,0.00,2.3093,2.7684,3,0,1,0,0,20,20,130,0,1,0,0,0.421
17790,2.3196,2.7665,0.00,2.3196,2.7684,3,0,1,0,0,20,20,128,0,1,0,0,0.410
17800,2.3297,2.7665,0.00,2.3297,2.7684,3,0,1,0,0,20,20,127,0,1,0,0,0.400
17810,2.3398,2.7665,0.00,2.3398,2.7684,3,0,1,0,0,20,20,125,0,1,0,0,0.390
17820,2.3496,2.7665,0.00,2.3496,2.7684,3,0,1,0,0,20,20,123,0,1,0,0,0.380
17830,2.3594,2.7665,0.00,2.3594,2.7684,3,0,1,0,0,20,20,121,0,1,0,0,0.371
17840,2.3690,2.7665,0.00,2.3690,2.7684,3,0,1,0,0,20,20,119,0,1,0,0,0.361
17850,2.3785,2.7665,0.00,2.3785,2.7684,3,0,1,0,0,20,20,118,0,1,0,0,0.352
17860,2.3878,2.7665,0.00,2.3878,2.7684,3,0,1,0,0,20,20,116,0,1,0,0,0.342
17870,2.3970,2.7665,0.00,2.3970,2.7684,3,0,1,0,0,20,20,114,0,1,0,0,0.333
17880,2.4060,2.7665,0.00,2.4060,2.7684,3,0,1,0,0,20,20,112,0,1,0,0,0.324
17890,2.4149,2.7665,0.00,2.4149,2.7684,3,0,1,0,0,20,20,111,0,1,0,0,0.315
17900,2.4237,2.7665,0.00,2.4237,2.7684,3,0,1,0,0,20,20,109,0,1,0,0,0.306
17910,2.4323,2.7665,0.00,2.4323,2.7684,3,0,1,0,0,20,20,107,0,1,0,0,0.298
17920,2.4408,2.7665,0.00,2.4408,2.7684,3,0,1,0,0,20,20,105,0,1,0,0,0.289
17930,2.4491,2.7665,0.00,2.4491,2.7684,3,0,1,0,0,20,20,104,0,1,0,0,0.281
17940,2.4573,2.7665,0.00,2.4573,2.7684,3,0,1,0,0,20,20,102,0,1,0,0,0.273
17950,2.4654,2.7665,0.00,2.4654,2.7684,3,0,1,0,0,20,20,100,0,1,0,0,0.265
17960,2.4733,2.7665,0.00,2.4733,2.7684,3,0,1,0,0,20,20,98,0,1,0,0,0.257
17970,2.4811,2.7665,0.00,2.4811,2.7684,3,0,1,0,0,20,20,97,0,1,0,0,0.249
17980,2.4888,2.7665,0.00,2.4888,2.7684,3,0,1,0,0,20,20,95,0,1,0,0,0.241
17990,2.4963,2.7665,0.00,2.4963,2.7684,3,0,1,0,0,20,20,93,0,1,0,0,0.234
18000,2.5037,2.7665,0.00,2.5037,2.7684,3,0,1,0,0,20,20,92,0,1,0,0,0.226
18010,2.5109,2.7665,0.00,2.5109,2.7684,3,0,1,0,0,20,20,90,0,1,0,0,0.219
18020,2.5180,2.7665,0.00,2.5180,2.7684,3,0,1,0,0,20,20,88,0,1,0,0,0.212
18030,2.5250,2.7665,0.00,2.5250,2.7684,3,0,1,0,0,20,20,86,0,1,0,0,0.205
18040,2.5318,2.7665,0.00,2.5318,2.7684,3,0,1,0,0,20,20,85,0,1,0,0,0.198
18050,2.5385,2.7665,0.00,2.5385,2.7684,3,0,1,0,0,20,20,83,0,1,0,0,0.191
18060,2.5451,2.7665,0.00,2.5451,2.7684,3,0,0,0,0,20,20,81,0,1,0,0,0.185
18070,2.5515,2.7665,0.00,2.5515,2.7684,3,0,0,0,0,20,20,80,0,1,0,0,0.178
18080,2.5578,2.7665,0.00,2.5578,2.7684,3,0,0,0,0,20,20,78,0,1,0,0,0.172
18090,2.5640,2.7665,0.00,2.5640,2.7684,3,0,0,0,0,20,20,76,0,1,0,0,0.166
18100,2.5701,2.7665,0.00,2.5701,2.7684,3,0,0,0,0,20,20,75,0,1,0,0,0.160
18110,2.5760,2.7665,0.00,2.5760,2.7684,3,0,0,0,0,20,20,73,0,1,0,0,0.154
18120,2.5817,2.7665,0.00,2.5817,2.7684,3,0,0,0,0,20,20,71,0,1,0,0,0.148
18130,2.5874,2.7665,0.00,2.5874,2.7684,3,0,0,0,0,20,20,70,0,1,0,0,0.143
18140,2.5929,2.7665,0.00,2.5929,2.7684,3,0,0,0,0,20,20,68,0,1,0,0,0.137
18150,2.5983,2.7665,0.00,2.5983,2.7684,3,0,0,0,0,20,20,67,0,1,0,0,0.132
18160,2.6036,2.7665,0.00,2.6036,2.7684,3,0,0,0,0,20,20,65,0,1,0,0,0.126
18170,2.6087,2.7665,0.00,2.6087,2.7684,3,0,0,0,0,20,20,63,0,1,0,0,0.121
18180,2.6137,2.7665,0.00,2.6137,2.7684,3,0,0,0,0,20,20,62,0,1,0,0,0.116
18190,2.6186,2.7665,0.00,2.6186,2.7684,3,0,0,0,0,20,20,60,0,1,0,0,0.111
18200,2.6233,2.7665,0.00,2.6233,2.7684,3,0,0,0,0,20,20,59,0,1,0,0,0.107
18210,2.6279,2.7665,0.00,2.6279,2.7684,3,0,0,0,0,20,20,57,0,1,0,0,0.102
18220,2.6324,2.7665,0.00,2.6324,2.7684,3,0,0,0,0,20,20,55,0,1,0,0,0.098
18230,2.6368,2.7665,0.00,2.6368,2.7684,3,0,0,0,0,20,20,54,0,1,0,0,0.093
18240,2.6411,2.7665,0.00,2.6411,2.7684,4,0,0,0,0,20,20,52,0,1,0,0,0.089
18250,2.6452,2.7665,0.00,2.6452,2.7684,4,0,1,0,0,20,20,0,0,0,0,0,1000.000
18260,2.6492,2.7665,0.00,2.6492,2.7684,4,0,1,0,0,20,20,0,0,0,0,0,1000.000
18270,2.6529,2.7665,0.00,2.6529,2.7684,4,0,1,0,0,20,20,0,0,0,0,0,1000.000
18280,2.6565,2.7665,0.00,2.6565,2.7684,4,0,1,0,0,20,20,0,0,0,0,0,1000.000
18290,2.6599,2.7665,0.00,2.6599,2.7684,4,0,1,0,0,20,20,0,0,0,0,0,1000.000
18300,2.6630,2.7665,0.00,2.6630,2.7684,4,0,1,0,0,20,20,0,53,0,1,0,2.903
18310,2.6660,2.7665,0.00,2.6660,2.7684,4,0,1,0,0,20,20,0,53,0,1,0,2.903
18320,2.6688,2.7665,0.00,2.6688,2.7684,4,0,1,0,0,20,20,0,53,0,1,0,2.903
18330,2.6713,2.7665,0.00,2.6713,2.7684,4,0,1,0,0,20,20,0,53,0,1,0,2.903
18340,2.6737,2.7665,0.00,2.6737,2.7684,4,0,1,0,0,20,20,0,53,0,1,0,2.903
18350,2.6759,2.7665,0.00,2.6759,2.7684,4,0,1,0,0,20,20,0,53,0,1,0,2.903
18360,2.6779,2.7665,0.00,2.6779,2.7684,4,0,1,0,0,20,20,0,53,0,1,0,2.903
18370,2.6796,2.7665,0.00,2.6796,2.7684,4,0,1,0,0,20,20,0,53,0,1,0,2.903
18380,2.6812,2.7665,0.00,2.6812,2.7684,4,0,1,0,0,20,20,0,53,0,1,0,2.903
18390,2.6826,2.7665,0.00,2.6826,2.7684,4,0,1,0,0,20,20,0,53,0,1,0,2.903
18400,2.6838,2.7666,0.00,2.6838,2.7685,4,0,1,0,0,20,20,0,53,0,1,0,2.903
18410,2.6850,2.7668,0.00,2.6850,2.7687,4,0,1,0,0,20,20,0,53,0,1,0,2.903
18420,2.6862,2.7673,0.00,2.6862,2.7692,4,0,1,0,0,20,20,0,53,0,1,0,2.902
18430,2.6874,2.7678,0.00,2.6874,2.7698,4,0,1,0,0,20,20,0,53,0,1,0,2.902
18440,2.6885,2.7686,0.00,2.6885,2.7705,4,0,1,0,0,20,20,0,53,0,1,0,2.901
18450,2.6896,2.7695,0.00,2.6896,2.7714,4,0,1,0,0,20,20,0,53,0,1,0,2.900
18460,2.6907,2.7706,0.00,2.6907,2.7726,4,0,1,0,0,20,20,0,53,0,1,0,2.899
18470,2.6917,2.7719,0.00,2.6917,2.7738,4,0,1,0,0,20,20,0,53,0,1,0,2.898
18480,2.6927,2.7733,0.00,2.6927,2.7753,4,0,1,0,0,20,20,0,53,0,1,0,2.896
18490,2.6937,2.7750,0.00,2.6937,2.7769,4,0,1,0,0,20,20,0,53,0,1,0,2.895
18500,2.6947,2.7767,0.00,2.6947,2.7787,4,0,1,0,0,20,20,0,53,0,1,0,2.893
18510,2.6956,2.7787,0.00,2.6956,2.7806,4,0,1,0,0,20,20,0,53,0,1,0,2.891
18520,2.6965,2.7808,0.00,2.6965,2.7827,4,0,1,0,0,20,20,0,53,0,1,0,2.889
18530,2.6973,2.7831,0.00,2.6973,2.7850,4,0,1,0,0,20,20,0,53,0,1,0,2.886
18540,2.6982,2.7856,0.00,2.6982,2.7875,4,0,1,0,0,20,20,0,53,0,1,0,2.884
18550,2.6990,2.7882,0.00,2.6990,2.7901,4,0,1,0,0,20,20,0,53,0,1,0,2.881
18560,2.6998,2.7910,0.00,2.6998,2.7929,4,0,1,0,0,20,20,0,53,0,1,0,2.879
18570,2.7005,2.7940,0.00,2.7005,2.7959,4,0,1,0,0,20,20,0,53,0,1,0,2.876
18580,2.7012,2.7971,0.00,2.7012,2.7991,4,0,1,0,0,20,20,0,53,0,1,0,2.872
18590,2.7019,2.8005,0.00,2.7019,2.8024,4,0,1,0,0,20,20,0,53,0,1,0,2.869
18600,2.7026,2.8039,0.00,2.7026,2.8059,4,0,1,0,0,20,20,0,53,0,1,0,2.866
18610,2.7031,2.8076,0.00,2.7031,2.8095,4,0,1,0,0,20,20,0,53,0,1,0,2.862
18620,2.7036,2.8113,0.00,2.7036,2.8132,4,0,1,0,0,20,20,0,53,0,1,0,2.858
18630,2.7040,2.8151,0.00,2.7040,2.8170,4,0,1,0,0,20,20,0,53,0,1,0,2.854
18640,2.7043,2.8190,0.00,2.7043,2.8210,4,0,1,0,0,20,20,0,53,0,1,0,2.851
18650,2.7045,2.8231,0.00,2.7045,2.8250,4,0,1,0,0,20,20,0,53,0,1,0,2.847
18660,2.7046,2.8272,0.00,2.7046,2.8291,4,0,1,0,0,20,20,0,53,0,1,0,2.842
18670,2.7046,2.8314,0.00,2.7046,2.8333,4,0,1,0,0,20,20,0,53,0,1,0,2.838
18680,2.7046,2.8356,0.00,2.7046,2.8375,4,0,1,0,0,20,20,0,53,0,1,0,2.834
18690,2.7046,2.8398,0.00,2.7046,2.8417,4,0,1,0,0,20,20,0,53,0,1,0,2.830
18700,2.7046,2.8441,0.00,2.7046,2.8460,4,0,1,0,0,20,20,0,53,0,1,0,2.826
18710,2.7046,2.8483,0.00,2.7046,2.8502,4,0,1,0,0,20,20,0,53,0,1,0,2.821
18720,2.7046,2.8525,0.00,2.7046,2.8544,4,0,1,0,0,20,20,0,53,0,1,0,2.817
18730,2.7046,2.8567,0.00,2.7046,2.8586,4,0,1,0,0,20,20,0,53,0,1,0,2.813
18740,2.7046,2.8609,0.00,2.7046,2.8628,4,0,1,0,0,20,20,0,53,0,1,0,2.809
18750,2.7046,2.8651,0.00,2.7046,2.8671,4,0,1,0,0,20,20,0,53,0,1,0,2.804
18760,2.7046,2.8694,0.00,2.7046,2.8713,4,0,1,0,0,20,20,0,53,0,1,0,2.800
18770,2.7046,2.8736,0.00,2.7046,2.8755,4,0,1,0,0,20,20,0,53,0,1,0,2.796
18780,2.7046,2.8778,0.00,2.7046,2.8797,4,0,1,0,0,20,20,0,53,0,1,0,2.792
18790,2.7046,2.8820,0.00,2.7046,2.8839,4,0,1,0,0,20,20,0,53,0,1,0,2.788
18800,2.7046,2.8862,0.00,2.7046,2.8881,4,0,1,0,0,20,20,0,53,0,1,0,2.783
18810,2.7046,2.8905,0.00,2.7046,2.8924,4,0,1,0,0,20,20,0,53,0,1,0,2.779
18820,2.7046,2.8947,0.00,2.7046,2.8966,4,0,1,0,0,20,20,0,53,0,1,0,2.775
18830,2.7046,2.8989,0.00,2.7046,2.9008,4,0,1,0,0,20,20,0,53,0,1,0,2.771
18840,2.7046,2.9031,0.00,2.7046,2.9050,4,0,1,0,0,20,20,0,53,0,1,0,2.766
18850,2.7046,2.9073,0.00,2.7046,2.9092,4,0,1,0,0,20,20,0,53,0,1,0,2.762
18860,2.7046,2.9115,0.00,2.7046,2.9135,4,0,1,0,0,20,20,0,53,0,1,0,2.758
18870,2.7046,2.9158,0.00,2.7046,2.9177,4,0,1,0,0,20,20,0,53,0,1,0,2.754
18880,2.7046,2.9200,0.00,2.7046,2.9219,4,0,1,0,0,20,20,0,53,0,1,0,2.750
18890,2.7046,2.9242,0.00,2.7046,2.9261,4,0,1,0,0,20,20,0,53,0,1,0,2.745
18900,2.7046,2.9284,0.00,2.7046,2.9303,4,0,1,0,0,20,20,0,53,0,1,0,2.741
18910,2.7046,2.9326,0.00,2.7046,2.9345,4,0,1,0,0,20,20,0,53,0,1,0,2.737
18920,2.7046,2.9368,0.00,2.7046,2.9388,4,0,1,0,0,20,20,0,53,0,1,0,2.733
18930,2.7046,2.9411,0.00,2.7046,2.9430,4,0,1,0,0,20,20,0,53,0,1,0,2.729
18940,2.7046,2.9453,0.00,2.7046,2.9472,4,0,1,0,0,20,20,0,53,0,1,0,2.724
18950,2.7046,2.9495,0.00,2.7046,2.9514,4,0,1,0,0,20,20,0,53,0,1,0,2.720
18960,2.7046,2.9537,0.00,2.7046,2.9556,4,0,1,0,0,20,20,0,53,0,1,0,2.716
18970,2.7046,2.9579,0.00,2.7046,2.9599,4,0,1,0,0,20,20,0,53,0,1,0,2.712
18980,2.7046,2.9622,0.00,2.7046,2.9641,4,0,1,0,0,20,20,0,53,0,1,0,2.707
18990,2.7046,2.9664,0.00,2.7046,2.9683,4,0,1,0,0,20,20,0,53,0,1,0,2.703
19000,2.7046,2.9706,0.00,2.7046,2.9725,4,0,1,0,0,20,20,0,53,0,1,0,2.699
19010,2.7046,2.9748,0.00,2.7046,2.9767,4,0,1,0,0,20,20,0,53,0,1,0,2.695
19020,2.7046,2.9790,0.00,2.7046,2.9809,4,0,1,0,0,20,20,0,53,0,1,0,2.691
19030,2.7046,2.9832,0.00,2.7046,2.9852,4,0,1,0,0,20,20,0,53,0,1,0,2.686
19040,2.7046,2.9875,0.00,2.7046,2.9894,4,0,1,0,0,20,20,0,53,0,1,0,2.682
19050,2.7046,2.9917,0.00,2.7046,2.9936,4,0,1,0,0,20,20,0,53,0,1,0,2.678
19060,2.7046,2.9959,0.00,2.7046,2.9978,4,0,1,0,0,20,20,0,53,0,1,0,2.674
19070,2.7046,3.0001,0.00,2.7046,3.0020,4,0,1,0,0,20,20,0,53,0,1,0,2.669
19080,2.7046,3.0043,0.00,2.7046,3.0063,4,0,1,0,0,20,20,0,53,0,1,0,2.665
19090,2.7046,3.0086,0.00,2.7046,3.0105,4,0,1,0,0,20,20,0,53,0,1,0,2.661
19100,2.7046,3.0128,0.00,2.7046,3.0147,4,0,1,0,0,20,20,0,53,0,1,0,2.657
19110,2.7046,3.0170,0.00,2.7046,3.0189,4,0,1,0,0,20,20,0,53,0,1,0,2.653
19120,2.7046,3.0212,0.00,2.7046,3.0231,4,0,1,0,0,20,20,0,53,0,1,0,2.648
19130,2.7046,3.0254,0.00,2.7046,3.0273,4,0,1,0,0,20,20,0,53,0,1,0,2.644
19140,2.7046,3.0296,0.00,2.7046,3.0316,4,0,1,0,0,20,20,0,53,0,1,0,2.640
19150,2.7046,3.0339,0.00,2.7046,3.0358,4,0,1,0,0,20,20,0,53,0,1,0,2.636
19160,2.7046,3.0381,0.00,2.7046,3.0400,4,0,1,0,0,20,20,0,53,0,1,0,2.632
19170,2.7046,3.0423,0.00,2.7046,3.0442,4,0,1,0,0,20,20,0,53,0,1,0,2.627
19180,2.7046,3.0465,0.00,2.7046,3.0484,4,0,1,0,0,20,20,0,53,0,1,0,2.623
19190,2.7046,3.0507,0.00,2.7046,3.0527,4,0,1,0,0,20,20,0,53,0,1,0,2.619
19200,2.7046,3.0550,0.00,2.7046,3.0569,4,0,1,0,0,20,20,0,53,0,1,0,2.615
19210,2.7046,3.0592,0.00,2.7046,3.0611,4,0,1,0,0,20,20,0,53,0,1,0,2.610
19220,2.7046,3.0634,0.00,2.7046,3.0653,4,0,1,0,0,20,20,0,53,0,1,0,2.606
19230,2.7046,3.0676,0.00,2.7046,3.0695,4,0,1,0,0,20,20,0,53,0,1,0,2.602
19240,2.7046,3.0718,0.00,2.7046,3.0737,4,0,1,0,0,20,20,0,53,0,1,0,2.598
19250,2.7046,3.0760,0.00,2.7046,3.0780,4,0,1,0,0,20,20,0,53,0,1,0,2.594
19260,2.7046,3.0803,0.00,2.7046,3.0822,4,0,1,0,0,20,20,0,53,0,1,0,2.589
19270,2.7046,3.0845,0.00,2.7046,3.0864,4,0,1,0,0,20,20,0,53,0,1,0,2.585
19280,2.7046,3.0887,0.00,2.7046,3.0906,4,0,1,0,0,20,20,0,53,0,1,0,2.581
19290,2.7046,3.0929,0.00,2.7046,3.0948,4,0,1,0,0,20,20,0,53,0,1,0,2.577
19300,2.7046,3.0971,0.00,2.7046,3.0991,4,0,1,0,0,20,20,0,53,0,1,0,2.572
19310,2.7046,3.1014,0.00,2.7046,3.1033,4,0,1,0,0,20,20,0,53,0,1,0,2.568
19320,2.7046,3.1056,0.00,2.7046,3.1075,4,0,1,0,0,20,20,0,53,0,1,0,2.564
19330,2.7046,3.1098,0.00,2.7046,3.1117,4,0,1,0,0,20,20,0,53,0,1,0,2.560
19340,2.7046,3.1140,0.00,2.7046,3.1159,4,0,1,0,0,20,20,0,53,0,1,0,2.556
19350,2.7046,3.1182,0.00,2.7046,3.1201,4,0,1,0,0,20,20,0,53,0,1,0,2.551
19360,2.7046,3.1224,0.00,2.7046,3.1244,4,0,1,0,0,20,20,0,53,0,1,0,2.547
19370,2.7046,3.1267,0.00,2.7046,3.1286,4,0,1,0,0,20,20,0,53,0,1,0,2.543
19380,2.7046,3.1309,0.00,2.7046,3.1328,4,0,1,0,0,20,20,0,53,0,1,0,2.539
19390,2.7046,3.1351,0.00,2.7046,3.1370,4,0,1,0,0,20,20,0,53,0,1,0,2.534
19400,2.7046,3.1393,0.00,2.7046,3.1412,4,0,1,0,0,20,20,0,53,0,1,0,2.530
19410,2.7046,3.1435,0.00,2.7046,3.1455,4,0,1,0,0,20,20,0,53,0,1,0,2.526
19420,2.7046,3.1478,0.00,2.7046,3.1497,4,0,1,0,0,20,20,0,53,0,1,0,2.522
19430,2.7046,3.1520,0.00,2.7046,3.1539,4,0,1,0,0,20,20,0,53,0,1,0,2.518
19440,2.7046,3.1562,0.00,2.7046,3.1581,4,0,1,0,0,20,20,0,53,0,1,0,2.513
19450,2.7046,3.1604,0.00,2.7046,3.1623,4,0,1,0,0,20,20,0,53,0,1,0,2.509
19460,2.7046,3.1646,0.00,2.7046,3.1665,4,0,1,0,0,20,20,0,53,0,1,0,2.505
19470,2.7046,3.1688,0.00,2.7046,3.1708,4,0,1,0,0,20,20,0,53,0,1,0,2.501
19480,2.7046,3.1731,0.00,2.7046,3.1750,4,0,1,0,0,20,20,0,53,0,1,0,2.497
19490,2.7046,3.1773,0.00,2.7046,3.1792,4,0,1,0,0,20,20,0,53,0,1,0,2.492
19500,2.7046,3.1815,0.00,2.7046,3.1834,4,0,1,0,0,20,20,0,53,0,1,0,2.488
19510,2.7046,3.1857,0.00,2.7046,3.1876,4,0,1,0,0,20,20,0,53,0,1,0,2.484
19520,2.7046,3.1899,0.00,2.7046,3.1919,4,0,1,0,0,20,20,0,53,0,1,0,2.480
19530,2.7046,3.1942,0.00,2.7046,3.1961,4,0,1,0,0,20,20,0,53,0,1,0,2.475
19540,2.7046,3.1984,0.00,2.7046,3.2003,4,0,1,0,0,20,20,0,53,0,1,0,2.471
19550,2.7046,3.2026,0.00,2.7046,3.2045,4,0,1,0,0,20,20,0,53,0,1,0,2.467
19560,2.7046,3.2068,0.00,2.7046,3.2087,4,0,1,0,0,20,20,0,53,0,1,0,2.463
19570,2.7046,3.2110,0.00,2.7046,3.2129,4,0,1,0,0,20,20,0,53,0,1,0,2.459
19580,2.7046,3.2152,0.00,2.7046,3.2172,4,0,1,0,0,20,20,0,53,0,1,0,2.454
19590,2.7046,3.2195,0.00,2.7046,3.2214,4,0,1,0,0,20,20,0,53,0,1,0,2.450
19600,2.7046,3.2237,0.00,2.7046,3.2256,4,0,1,0,0,20,20,0,53,0,1,0,2.446
19610,2.7046,3.2279,0.00,2.7046,3.2298,4,0,1,0,0,20,20,0,53,0,1,0,2.442
19620,2.7046,3.2321,0.00,2.7046,3.2340,4,0,1,0,0,20,20,0,53,0,1,0,2.437
19630,2.7046,3.2363,0.00,2.7046,3.2383,4,0,1,0,0,20,20,0,53,0,1,0,2.433
19640,2.7046,3.2406,0.00,2.7046,3.2425,4,0,1,0,0,20,20,0,53,0,1,0,2.429
19650,2.7046,3.2448,0.00,2.7046,3.2467,4,0,1,0,0,20,20,0,53,0,1,0,2.425
19660,2.7046,3.2490,0.00,2.7046,3.2509,4,0,1,0,0,20,20,0,53,0,1,0,2.421
19670,2.7046,3.2532,0.00,2.7046,3.2551,4,0,1,0,0,20,20,0,53,0,1,0,2.416
19680,2.7046,3.2574,0.00,2.7046,3.2593,4,0,1,0,0,20,20,0,53,0,1,0,2.412
19690,2.7046,3.2616,0.00,2.7046,3.2636,4,0,1,0,0,20,20,0,53,0,1,0,2.408
19700,2.7046,3.2659,0.00,2.7046,3.2678,4,0,1,0,0,20,20,0,53,0,1,0,2.404
19710,2.7046,3.2701,0.00,2.7046,3.2720,4,0,1,0,0,20,20,0,53,0,1,0,2.400
19720,2.7046,3.2743,0.00,2.7046,3.2762,4,0,1,0,0,20,20,0,53,0,1,0,2.395
19730,2.7046,3.2785,0.00,2.7046,3.2804,4,0,1,0,0,20,20,0,53,0,1,0,2.391
19740,2.7046,3.2827,0.00,2.7046,3.2847,4,0,1,0,0,20,20,0,53,0,1,0,2.387
19750,2.7046,3.2870,0.00,2.7046,3.2889,4,0,1,0,0,20,20,0,53,0,1,0,2.383
19760,2.7046,3.2912,0.00,2.7046,3.2931,4,0,1,0,0,20,20,0,53,0,1,0,2.378
19770,2.7046,3.2954,0.00,2.7046,3.2973,4,0,1,0,0,20,20,0,53,0,1,0,2.374
19780,2.7046,3.2996,0.00,2.7046,3.3015,4,0,1,0,0,20,20,0,53,0,1,0,2.370
19790,2.7046,3.3038,0.00,2.7046,3.3057,4,0,1,0,0,20,20,0,53,0,1,0,2.366
19800,2.7046,3.3080,0.00,2.7046,3.3100,4,0,1,0,0,20,20,0,53,0,1,0,2.362
19810,2.7046,3.3123,0.00,2.7046,3.3142,4,0,1,0,0,20,20,0,53,0,1,0,2.357
19820,2.7046,3.3165,0.00,2.7046,3.3184,4,0,1,0,0,20,20,0,53,0,1,0,2.353
19830,2.7046,3.3207,0.00,2.7046,3.3226,4,0,1,0,0,20,20,0,53,0,1,0,2.349
19840,2.7046,3.3249,0.00,2.7046,3.3268,4,0,1,0,0,20,20,0,53,0,1,0,2.345
19850,2.7046,3.3291,0.00,2.7046,3.3310,4,0,1,0,0,20,20,0,53,0,1,0,2.340
19860,2.7046,3.3334,0.00,2.7046,3.3353,4,0,1,0,0,20,20,0,53,0,1,0,2.336
19870,2.7046,3.3376,0.00,2.7046,3.3395,4,0,1,0,0,20,20,0,53,0,1,0,2.332
19880,2.7046,3.3418,0.00,2.7046,3.3437,4,0,1,0,0,20,20,0,53,0,1,0,2.328
19890,2.7046,3.3460,0.00,2.7046,3.3479,4,0,1,0,0,20,20,0,53,0,1,0,2.324
19900,2.7046,3.3502,0.00,2.7046,3.3521,4,0,1,0,0,20,20,0,53,0,1,0,2.319
19910,2.7046,3.3544,0.00,2.7046,3.3564,4,0,1,0,0,20,20,0,53,0,1,0,2.315
19920,2.7046,3.3587,0.00,2.7046,3.3606,4,0,1,0,0,20,20,0,53,0,1,0,2.311
19930,2.7046,3.3629,0.00,2.7046,3.3648,4,0,1,0,0,20,20,0,53,0,1,0,2.307
19940,2.7046,3.3671,0.00,2.7046,3.3690,4,0,1,0,0,20,20,0,53,0,1,0,2.302
19950,2.7046,3.3713,0.00,2.7046,3.3732,4,0,1,0,0,20,20,0,53,0,1,0,2.298
19960,2.7046,3.3755,0.00,2.7046,3.3774,4,0,1,0,0,20,20,0,53,0,1,0,2.294
19970,2.7046,3.3798,0.00,2.7046,3.3817,4,0,1,0,0,20,20,0,53,0,1,0,2.290
19980,2.7046,3.3840,0.00,2.7046,3.3859,4,0,1,0,0,20,20,0,53,0,1,0,2.286
19990,2.7046,3.3882,0.00,2.7046,3.3901,4,0,1,0,0,20,20,0,53,0,1,0,2.281
20000,2.7046,3.3924,0.00,2.7046,3.3943,4,0,1,0,0,20,20,0,53,0,1,0,2.277
20010,2.7046,3.3966,0.00,2.7046,3.3985,4,0,1,0,0,20,20,0,53,0,1,0,2.273
20020,2.7046,3.4008,0.00,2.7046,3.4028,4,0,1,0,0,20,20,0,53,0,1,0,2.269
20030,2.7046,3.4051,0.00,2.7046,3.4070,4,0,1,0,0,20,20,0,53,0,1,0,2.265
20040,2.7046,3.4093,0.00,2.7046,3.4112,4,0,1,0,0,20,20,0,53,0,1,0,2.260
20050,2.7046,3.4135,0.00,2.7046,3.4154,4,0,1,0,0,20,20,0,53,0,1,0,2.256
20060,2.7046,3.4177,0.00,2.7046,3.4196,4,0,1,0,0,20,20,0,53,0,1,0,2.252
20070,2.7046,3.4219,0.00,2.7046,3.4238,4,0,1,0,0,20,20,0,53,0,1,0,2.248
20080,2.7046,3.4262,0.00,2.7046,3.4281,4,0,1,0,0,20,20,0,53,0,1,0,2.243
20090,2.7046,3.4304,0.00,2.7046,3.4323,4,0,1,0,0,20,20,0,53,0,1,0,2.239
20100,2.7046,3.4346,0.00,2.7046,3.4365,4,0,1,0,0,20,20,0,53,0,1,0,2.235
20110,2.7046,3.4388,0.00,2.7046,3.4407,4,0,1,0,0,20,20,0,53,0,1,0,2.231
20120,2.7046,3.4430,0.00,2.7046,3.4449,4,0,1,0,0,20,20,0,53,0,1,0,2.227
20130,2.7046,3.4472,0.00,2.7046,3.4492,4,0,1,0,0,20,20,0,53,0,1,0,2.222
20140,2.7046,3.4515,0.00,2.7046,3.4534,4,0,1,0,0,20,20,0,53,0,1,0,2.218
20150,2.7046,3.4557,0.00,2.7046,3.4576,4,0,1,0,0,20,20,0,53,0,1,0,2.214
20160,2.7046,3.4599,0.00,2.7046,3.4618,4,0,1,0,0,20,20,0,53,0,1,0,2.210
20170,2.7046,3.4641,0.00,2.7046,3.4660,4,0,1,0,0,20,20,0,53,0,1,0,2.205
20180,2.7046,3.4683,0.00,2.7046,3.4702,4,0,1,0,0,20,20,0,53,0,1,0,2.201
20190,2.7046,3.4726,0.00,2.7046,3.4745,4,0,1,0,0,20,20,0,53,0,1,0,2.197
20200,2.7046,3.4768,0.00,2.7046,3.4787,4,0,1,0,0,20,20,0,53,0,1,0,2.193
20210,2.7046,3.4810,0.00,2.7046,3.4829,4,0,1,0,0,20,20,0,53,0,1,0,2.189
20220,2.7046,3.4852,0.00,2.7046,3.4871,4,0,1,0,0,20,20,0,53,0,1,0,2.184
20230,2.7046,3.4894,0.00,2.7046,3.4913,4,0,1,0,0,20,20,0,53,0,1,0,2.180
20240,2.7046,3.4936,0.00,2.7046,3.4956,4,0,1,0,0,20,20,0,53,0,1,0,2.176
20250,2.7046,3.4979,0.00,2.7046,3.4998,4,0,1,0,0,20,20,0,53,0,1,0,2.172
20260,2.7046,3.5021,0.00,2.7046,3.5040,4,0,1,0,0,20,20,0,53,0,1,0,2.168
20270,2.7046,3.5063,0.00,2.7046,3.5082,4,0,1,0,0,20,20,0,53,0,1,0,2.163
20280,2.7046,3.5105,0.00,2.7046,3.5124,4,0,1,0,0,20,20,0,53,0,1,0,2.159
20290,2.7046,3.5147,0.00,2.7046,3.5166,4,0,1,0,0,20,20,0,53,0,1,0,2.155
20300,2.7046,3.5189,0.00,2.7046,3.5209,4,0,1,0,0,20,20,0,53,0,1,0,2.151
20310,2.7046,3.5232,0.00,2.7046,3.5251,4,0,1,0,0,20,20,0,53,0,1,0,2.146
20320,2.7046,3.5274,0.00,2.7046,3.5293,4,0,1,0,0,20,20,0,53,0,1,0,2.142
20330,2.7046,3.5316,0.00,2.7046,3.5335,4,0,1,0,0,20,20,0,53,0,1,0,2.138
20340,2.7046,3.5358,0.00,2.7046,3.5377,4,0,1,0,0,20,20,0,53,0,1,0,2.134
20350,2.7046,3.5400,0.00,2.7046,3.5420,4,0,1,0,0,20,20,0,53,0,1,0,2.130
20360,2.7046,3.5443,0.00,2.7046,3.5462,4,0,1,0,0,20,20,0,53,0,1,0,2.125
20370,2.7046,3.5485,0.00,2.7046,3.5504,4,0,1,0,0,20,20,0,53,0,1,0,2.121
20380,2.7046,3.5527,0.00,2.7046,3.5546,4,0,1,0,0,20,20,0,53,0,1,0,2.117
20390,2.7046,3.5569,0.00,2.7046,3.5588,4,0,1,0,0,20,20,0,53,0,1,0,2.113
20400,2.7046,3.5611,0.00,2.7046,3.5630,4,0,1,0,0,20,20,0,53,0,1,0,2.108
20410,2.7046,3.5653,0.00,2.7046,3.5673,4,0,1,0,0,20,20,0,53,0,1,0,2.104
20420,2.7046,3.5696,0.00,2.7046,3.5715,4,0,1,0,0,20,20,0,53,0,1,0,2.100
20430,2.7046,3.5738,0.00,2.7046,3.5757,4,0,1,0,0,20,20,0,53,0,1,0,2.096
20440,2.7046,3.5780,0.00,2.7046,3.5799,4,0,1,0,0,20,20,0,53,0,1,0,2.092
20450,2.7046,3.5822,0.00,2.7046,3.5841,4,0,1,0,0,20,20,0,53,0,1,0,2.087
20460,2.7046,3.5864,0.00,2.7046,3.5884,4,0,1,0,0,20,20,0,53,0,1,0,2.083
20470,2.7046,3.5907,0.00,2.7046,3.5926,4,0,1,0,0,20,20,0,53,0,1,0,2.079
20480,2.7046,3.5949,0.00,2.7046,3.5968,4,0,1,0,0,20,20,0,53,0,1,0,2.075
20490,2.7046,3.5991,0.00,2.7046,3.6010,4,0,0,0,0,20,20,0,53,0,1,0,2.070
20500,2.7046,3.6033,0.00,2.7046,3.6052,4,0,0,0,0,20,20,0,53,0,1,0,2.066
20510,2.7046,3.6075,0.00,2.7046,3.6094,4,0,0,0,0,20,20,0,53,0,1,0,2.062
20520,2.7046,3.6117,0.00,2.7046,3.6137,4,0,0,0,0,20,20,0,53,0,1,0,2.058
20530,2.7046,3.6160,0.00,2.7046,3.6179,4,0,0,0,0,20,20,0,53,0,1,0,2.054
20540,2.7046,3.6202,0.00,2.7046,3.6221,4,0,0,0,0,20,20,0,53,0,1,0,2.049
20550,2.7046,3.6244,0.00,2.7046,3.6263,4,0,0,0,0,20,20,0,53,0,1,0,2.045
20560,2.7046,3.6286,0.00,2.7046,3.6305,4,0,0,0,0,20,20,0,53,0,1,0,2.041
20570,2.7046,3.6328,0.00,2.7046,3.6348,4,0,0,0,0,20,20,0,53,0,1,0,2.037
20580,2.7046,3.6371,0.00,2.7046,3.6390,4,0,0,0,0,20,20,0,53,0,1,0,2.033
20590,2.7046,3.6413,0.00,2.7046,3.6432,4,0,0,0,0,20,20,0,53,0,1,0,2.028
20600,2.7046,3.6455,0.00,2.7046,3.6474,4,0,0,0,0,20,20,0,53,0,1,0,2.024
20610,2.7046,3.6497,0.00,2.7046,3.6516,4,0,0,0,0,20,20,0,53,0,1,0,2.020
20620,2.7046,3.6539,0.00,2.7046,3.6558,4,0,0,0,0,20,20,0,53,0,1,0,2.016
20630,2.7046,3.6581,0.00,2.7046,3.6601,4,0,0,0,0,20,20,0,53,0,1,0,2.011
20640,2.7046,3.6624,0.00,2.7046,3.6643,4,0,0,0,0,20,20,0,53,0,1,0,2.007
20650,2.7046,3.6666,0.00,2.7046,3.6685,4,0,0,0,0,20,20,0,53,0,1,0,2.003
20660,2.7046,3.6708,0.00,2.7046,3.6727,4,0,0,0,0,20,20,0,53,0,1,0,1.999
20670,2.7046,3.6750,0.00,2.7046,3.6769,4,0,0,0,0,20,20,0,53,0,1,0,1.995
20680,2.7046,3.6792,0.00,2.7046,3.6812,4,0,0,0,0,20,20,0,53,0,1,0,1.990
20690,2.7046,3.6835,0.00,2.7046,3.6854,4,0,0,0,0,20,20,0,53,0,1,0,1.986
20700,2.7046,3.6877,0.00,2.7046,3.6896,4,0,0,0,0,20,20,0,53,0,1,0,1.982
20710,2.7046,3.6919,0.00,2.7046,3.6938,4,0,0,0,0,20,20,0,53,0,1,0,1.978
20720,2.7046,3.6961,0.00,2.7046,3.6980,4,0,0,0,0,20,20,0,53,0,1,0,1.973
20730,2.7046,3.7003,0.00,2.7046,3.7022,5,0,0,0,0,20,20,0,53,0,1,0,1.969
20740,2.7046,3.7045,0.00,2.7046,3.7065,5,0,0,0,0,20,20,0,53,0,1,0,1.965
20750,2.7046,3.7088,0.00,2.7046,3.7107,5,0,1,0,0,20,20,0,0,0,0,0,1000.000
20760,2.7046,3.7129,0.00,2.7046,3.7148,5,0,1,0,0,20,20,0,0,0,0,0,1000.000
20770,2.7046,3.7168,0.00,2.7046,3.7187,5,0,1,0,0,20,20,0,0,0,0,0,1000.000
20780,2.7046,3.7205,0.00,2.7046,3.7225,5,0,1,0,0,20,20,0,0,0,0,0,1000.000
20790,2.7046,3.7241,0.00,2.7046,3.7260,5,0,1,0,0,20,20,0,0,0,0,0,1000.000
20800,2.7046,3.7274,0.00,2.7046,3.7293,5,0,1,0,0,20,20,-150,0,0,0,0,2.435
20810,2.7046,3.7305,0.00,2.7046,3.7324,5,0,1,0,0,20,20,-150,0,0,0,0,2.435
20820,2.7046,3.7335,0.00,2.7046,3.7354,5,0,1,0,0,20,20,-150,0,0,0,0,2.435
20830,2.7046,3.7362,0.00,2.7046,3.7381,5,0,1,0,0,20,20,-150,0,0,0,0,2.435
20840,2.7046,3.7387,0.00,2.7046,3.7406,5,0,1,0,0,20,20,-150,0,0,0,0,2.435
20850,2.7046,3.7410,0.00,2.7046,3.7430,5,0,1,0,0,20,20,-150,0,0,0,0,2.435
20860,2.7046,3.7432,0.00,2.7046,3.7451,5,0,1,0,0,20,20,-150,0,0,0,0,2.435
20870,2.7044,3.7454,0.00,2.7044,3.7473,5,0,1,0,0,20,20,-150,0,0,0,0,2.434
20880,2.7040,3.7475,0.00,2.7040,3.7494,5,0,1,0,0,20,20,-150,0,0,0,0,2.434
20890,2.7033,3.7496,0.00,2.7033,3.7516,5,0,1,0,0,20,20,-150,0,0,0,0,2.433
20900,2.7025,3.7518,0.00,2.7025,3.7537,5,0,1,0,0,20,20,-150,0,0,0,0,2.433
20910,2.7015,3.7539,0.00,2.7015,3.7558,5,0,1,0,0,20,20,-150,0,0,0,0,2.432
20920,2.7003,3.7561,0.00,2.7003,3.7580,5,0,1,0,0,20,20,-150,0,0,0,0,2.430
20930,2.6989,3.7582,0.00,2.6989,3.7601,5,0,1,0,0,20,20,-150,0,0,0,0,2.429
20940,2.6973,3.7604,0.00,2.6973,3.7623,5,0,1,0,0,20,20,-150,0,0,0,0,2.427
20950,2.6955,3.7625,0.00,2.6955,3.7644,5,0,1,0,0,20,20,-150,0,0,0,0,2.425
20960,2.6934,3.7646,0.00,2.6934,3.7666,5,0,1,0,0,20,20,-150,0,0,0,0,2.423
20970,2.6912,3.7668,0.00,2.6912,3.7687,5,0,1,0,0,20,20,-150,0,0,0,0,2.421
20980,2.6888,3.7689,0.00,2.6888,3.7708,5,0,1,0,0,20,20,-150,0,0,0,0,2.419
20990,2.6862,3.7711,0.00,2.6862,3.7730,5,0,1,0,0,20,20,-150,0,0,0,0,2.416
21000,2.6834,3.7732,0.00,2.6834,3.7751,5,0,1,0,0,20,20,-150,0,0,0,0,2.413
21010,2.6804,3.7754,0.00,2.6804,3.7773,5,0,1,0,0,20,20,-150,0,0,0,0,2.410
21020,2.6771,3.7775,0.00,2.6771,3.7794,5,0,1,0,0,20,20,-150,0,0,0,0,2.407
21030,2.6737,3.7796,0.00,2.6737,3.7816,5,0,1,0,0,20,20,-150,0,0,0,0,2.404
21040,2.6701,3.7818,0.00,2.6701,3.7837,5,0,1,0,0,20,20,-150,0,0,0,0,2.400
21050,2.6663,3.7839,0.00,2.6663,3.7858,5,0,1,0,0,20,20,-150,0,0,0,0,2.396
21060,2.6623,3.7861,0.00,2.6623,3.7880,5,0,1,0,0,20,20,-150,0,0,0,0,2.392
21070,2.6581,3.7882,0.00,2.6581,3.7901,5,0,1,0,0,20,20,-150,0,0,0,0,2.388
21080,2.6537,3.7904,0.00,2.6537,3.7923,5,0,1,0,0,20,20,-150,0,0,0,0,2.384
21090,2.6490,3.7925,0.00,2.6490,3.7944,5,0,1,0,0,20,20,-150,0,0,0,0,2.379
21100,2.6442,3.7947,0.00,2.6442,3.7966,5,0,1,0,0,20,20,-150,0,0,0,0,2.374
21110,2.6392,3.7968,0.00,2.6392,3.7987,5,0,1,0,0,20,20,-150,0,0,0,0,2.369
21120,2.6340,3.7989,0.00,2.6340,3.8009,5,0,1,0,0,20,20,-150,0,0,0,0,2.364
21130,2.6286,3.8011,0.00,2.6286,3.8030,5,0,1,0,0,20,20,-150,0,0,0,0,2.359
21140,2.6230,3.8032,0.00,2.6230,3.8051,5,0,1,0,0,20,20,-150,0,0,0,0,2.353
21150,2.6171,3.8054,0.00,2.6171,3.8073,5,0,1,0,0,20,20,-150,0,0,0,0,2.347
21160,2.6111,3.8075,0.00,2.6111,3.8094,5,0,1,0,0,20,20,-150,0,0,0,0,2.341
21170,2.6049,3.8097,0.00,2.6049,3.8116,5,0,1,0,0,20,20,-150,0,0,0,0,2.335
21180,2.5985,3.8118,0.00,2.5985,3.8137,5,0,0,0,0,20,20,-150,0,0,0,0,2.328
21190,2.5919,3.8139,0.00,2.5919,3.8159,5,0,0,0,0,20,20,-150,0,0,0,0,2.322
21200,2.5851,3.8161,0.00,2.5851,3.8180,5,0,0,0,0,20,20,-150,0,0,0,0,2.315
21210,2.5781,3.8182,0.00,2.5781,3.8201,5,0,0,0,0,20,20,-150,0,0,0,0,2.308
21220,2.5708,3.8204,0.00,2.5708,3.8223,5,0,0,0,0,20,20,-150,0,0,0,0,2.301
21230,2.5634,3.8225,0.00,2.5634,3.8244,5,0,0,0,0,20,20,-150,0,0,0,0,2.293
21240,2.5558,3.8247,0.00,2.5558,3.8266,5,0,0,0,0,20,20,-150,0,0,0,0,2.286
21250,2.5480,3.8268,0.00,2.5480,3.8287,5,0,0,0,0,20,20,-150,0,0,0,0,2.278
21260,2.5400,3.8289,0.00,2.5400,3.8309,5,0,0,0,0,20,20,-150,0,0,0,0,2.270
21270,2.5318,3.8311,0.00,2.5318,3.8330,5,0,0,0,0,20,20,-150,0,0,0,0,2.262
21280,2.5233,3.8332,0.00,2.5233,3.8351,5,0,0,0,0,20,20,-150,0,0,0,0,2.253
21290,2.5147,3.8354,0.00,2.5147,3.8373,5,0,0,0,0,20,20,-150,0,0,0,0,2.245
21300,2.5059,3.8375,0.00,2.5059,3.8394,5,0,0,0,0,20,20,-150,0,0,0,0,2.236
21310,2.4969,3.8397,0.00,2.4969,3.8416,6,0,0,1,0,20,20,-150,0,0,0,0,2.227
21320,2.4877,3.8418,0.00,2.4877,3.8437,6,0,0,1,0,20,20,-150,0,0,0,0,2.218
21330,2.4783,3.8440,0.00,2.4783,3.8459,6,0,0,1,0,20,20,-150,0,0,0,0,2.208
21340,2.4687,3.8461,0.00,2.4687,3.8480,6,0,0,1,0,20,20,-150,0,0,0,0,2.199
21350,2.4589,3.8482,0.00,2.4589,3.8501,6,0,0,1,0,20,20,0,0,0,0,0,1000.000
21360,2.4490,3.8502,0.00,2.4490,3.8521,6,0,0,1,0,20,20,0,0,0,0,0,1000.000
21370,2.4391,3.8520,-0.00,2.4391,3.8539,6,0,0,1,0,20,20,0,0,0,0,0,1000.000
21380,2.4293,3.8536,0.00,2.4293,3.8555,6,0,0,1,0,20,20,0,0,0,0,0,1000.000
21390,2.4194,3.8550,-0.00,2.4194,3.8569,6,0,0,1,0,20,20,0,0,0,0,0,1000.000
21400,2.4096,3.8562,-0.00,2.4096,3.8581,6,0,0,1,0,20,20,0,0,0,0,0,1000.000
21410,2.3998,3.8572,-0.00,2.3997,3.8591,6,0,0,1,0,20,20,0,0,0,0,0,1000.000
21420,2.3901,3.8582,-0.00,2.3901,3.8602,6,0,0,1,0,20,20,0,0,0,0,0,1000.000
21430,2.3807,3.8593,-0.00,2.3807,3.8612,6,0,0,1,0,20,20,0,0,0,0,0,1000.000
21440,2.3715,3.8603,-0.00,2.3715,3.8622,6,0,0,1,0,20,20,0,0,0,0,0,1000.000
21450,2.3625,3.8614,0.00,2.3625,3.8633,6,0,0,1,0,20,20,0,0,0,0,0,1000.000
21460,2.3537,3.8624,0.00,2.3537,3.8643,6,0,0,1,0,20,20,0,0,0,0,0,1000.000
21470,2.3451,3.8634,-0.00,2.3451,3.8653,6,0,0,1,0,20,20,0,0,0,0,0,1000.000
21480,2.3367,3.8645,0.00,2.3367,3.8664,6,0,0,1,0,20,20,0,0,0,0,0,1000.000
21490,2.3285,3.8655,0.00,2.3285,3.8674,6,0,0,1,0,20,20,0,0,0,0,0,1000.000
21500,2.3205,3.8665,0.00,2.3205,3.8685,6,0,0,1,0,20,20,0,0,0,0,0,1000.000
21510,2.3127,3.8676,0.00,2.3127,3.8695,6,0,0,1,0,20,20,0,0,0,0,0,1000.000
21520,2.3050,3.8686,0.00,2.3050,3.8705,6,0,0,1,0,20,20,0,0,0,0,0,1000.000
21530,2.2976,3.8697,0.00,2.2976,3.8716,6,0,0,1,0,20,20,0,0,0,0,0,1000.000
21540,2.2904,3.8707,0.00,2.2904,3.8726,6,0,0,1,0,20,20,0,0,0,0,0,1000.000
21550,2.2834,3.8717,0.00,2.2834,3.8737,6,0,0,1,0,20,20,0,0,0,0,0,1000.000
21560,2.2766,3.8728,0.00,2.2766,3.8747,6,0,0,1,0,20,20,0,0,0,0,0,1000.000
21570,2.2700,3.8738,0.00,2.2700,3.8757,6,0,0,1,0,20,20,0,0,0,0,0,1000.000
21580,2.2636,3.8749,0.00,2.2636,3.8768,6,0,0,1,0,20,20,0,0,0,0,0,1000.000
21590,2.2574,3.8759,0.00,2.2574,3.8778,6,0,0,1,0,20,20,0,0,0,0,0,1000.000
21600,2.2514,3.8769,0.00,2.2514,3.8788,6,0,0,1,0,20,20,0,0,0,0,0,1000.000
21610,2.2456,3.8780,0.00,2.2456,3.8799,6,0,0,1,0,20,20,0,0,0,0,0,1000.000
21620,2.2399,3.8790,-0.00,2.2399,3.8809,6,0,0,1,0,20,20,0,0,0,0,0,1000.000
21630,2.2345,3.8800,-0.00,2.2345,3.8820,6,0,0,1,0,20,20,0,0,0,0,0,1000.000
21640,2.2293,3.8811,-0.00,2.2293,3.8830,6,0,0,1,0,20,20,0,0,0,0,0,1000.000
21650,2.2243,3.8821,-0.00,2.2243,3.8840,6,0,0,1,0,20,20,0,0,0,0,0,1000.000
21660,2.2195,3.8832,0.00,2.2195,3.8851,6,0,0,1,0,20,20,0,0,0,0,0,1000.000
21670,2.2149,3.8842,0.00,2.2149,3.8861,6,0,0,1,0,20,20,0,0,0,0,0,1000.000
21680,2.2105,3.8852,0.00,2.2105,3.8871,6,0,0,1,0,20,20,0,0,0,0,0,1000.000
21690,2.2063,3.8863,0.00,2.2063,3.8882,6,0,0,1,0,20,20,0,0,0,0,0,1000.000
21700,2.2023,3.8873,0.00,2.2023,3.8892,6,0,0,1,0,20,20,0,0,0,0,0,1000.000
21710,2.1985,3.8883,0.00,2.1985,3.8903,6,0,0,1,0,20,20,0,0,0,0,0,1000.000
21720,2.1948,3.8894,0.00,2.1948,3.8913,6,0,0,1,0,20,20,0,0,0,0,0,1000.000
21730,2.1914,3.8904,-0.00,2.1914,3.8923,6,0,0,1,0,20,20,0,0,0,0,0,1000.000
21740,2.1882,3.8915,0.00,2.1882,3.8934,6,0,0,1,0,20,20,0,0,0,0,0,1000.000
21750,2.1852,3.8925,-0.00,2.1852,3.8944,6,0,0,1,0,20,20,0,0,0,0,0,1000.000
21760,2.1824,3.8935,-0.00,2.1824,3.8955,6,0,0,1,0,20,20,0,0,0,0,0,1000.000
21770,2.1798,3.8946,-0.00,2.1798,3.8965,6,0,0,1,0,20,20,0,0,0,0,0,1000.000
21780,2.1774,3.8956,-0.00,2.1774,3.8975,6,0,0,1,0,20,20,0,0,0,0,0,1000.000
21790,2.1752,3.8967,-0.00,2.1752,3.8986,6,0,0,1,0,20,20,0,0,0,0,0,1000.000
21800,2.1732,3.8977,-0.00,2.1732,3.8996,6,0,0,1,0,20,20,0,0,0,0,0,1000.000
21810,2.1714,3.8987,-0.00,2.1714,3.9006,6,0,0,1,0,20,20,0,0,0,0,0,1000.000
21820,2.1697,3.8998,-0.00,2.1697,3.9017,6,0,0,1,0,20,20,0,0,0,0,0,1000.000
21830,2.1683,3.9008,-0.00,2.1683,3.9027,6,0,0,1,0,20,20,0,0,0,0,0,1000.000
21840,2.1671,3.9018,-0.00,2.1671,3.9038,6,0,0,1,0,20,20,0,0,0,0,0,1000.000
21850,2.1661,3.9029,-0.00,2.1661,3.9048,6,0,0,1,0,20,20,0,0,0,0,0,1000.000
21860,2.1652,3.9038,-0.00,2.1652,3.9057,6,0,0,1,0,20,20,0,0,0,0,0,1000.000
21870,2.1643,3.9046,-0.00,2.1643,3.9065,6,0,0,1,0,20,20,0,0,0,0,0,1000.000
21880,2.1636,3.9053,-0.00,2.1636,3.9072,6,0,0,1,0,20,20,0,0,0,0,0,1000.000
21890,2.1630,3.9060,-0.00,2.1630,3.9079,6,0,0,1,0,20,20,0,0,0,0,0,1000.000
21900,2.1625,3.9065,-0.00,2.1625,3.9084,0,1,0,0,0,20,20,0,0,0,0,0,1000.000
21910,2.1620,3.9069,-0.00,2.1620,3.9088,0,1,0,0,0,20,20,0,0,0,0,0,1000.000
21920,2.1617,3.9072,-0.00,2.1617,3.9091,0,1,0,0,0,20,20,0,0,0,0,0,1000.000
21930,2.1615,3.9075,-0.00,2.1615,3.9094,0,1,0,0,0,20,20,0,0,0,0,0,1000.000
21940,2.1614,3.9076,-0.00,2.1614,3.9095,0,1,0,0,0,20,20,0,0,0,0,0,1000.000
21950,2.1613,3.9076,-0.00,2.1613,3.9095,0,1,1,0,0,20,20,0,0,0,0,0,1000.000
21960,2.1613,3.9076,-0.00,2.1613,3.9095,0,1,1,0,0,20,20,0,0,0,0,0,1000.000
21970,2.1613,3.9076,-0.00,2.1613,3.9095,0,1,1,0,0,20,20,0,0,0,0,0,1000.000
21980,2.1613,3.9076,-0.00,2.1613,3.9095,0,1,1,0,0,20,20,0,0,0,0,0,1000.000
21990,2.1613,3.9076,-0.00,2.1613,3.9095,0,1,1,0,0,20,20,0,0,0,0,0,1000.000
22000,2.1613,3.9076,-0.00,2.1613,3.9095,0,1,1,0,0,20,20,150,0,0,0,0,0.569
22010,2.1614,3.9076,-0.00,2.1614,3.9095,0,1,1,0,0,20,20,150,0,0,0,0,0.569
22020,2.1617,3.9076,-0.00,2.1617,3.9095,0,1,1,0,0,20,20,150,0,0,0,0,0.568
22030,2.1622,3.9076,-0.00,2.1622,3.9095,0,1,1,0,0,20,20,150,0,0,0,0,0.568
22040,2.1629,3.9076,-0.00,2.1629,3.9095,0,1,1,0,0,20,20,150,0,0,0,0,0.567
22050,2.1638,3.9076,-0.00,2.1638,3.9095,0,1,1,0,0,20,20,150,0,0,0,0,0.566
22060,2.1649,3.9076,-0.00,2.1649,3.9095,0,1,1,0,0,20,20,150,0,0,0,0,0.565
22070,2.1662,3.9076,-0.00,2.1662,3.9095,0,1,1,0,0,20,20,150,0,0,0,0,0.564
22080,2.1677,3.9076,-0.00,2.1677,3.9095,0,1,1,0,0,20,20,150,0,0,0,0,0.562
22090,2.1694,3.9076,-0.00,2.1694,3.9095,0,1,1,0,0,20,20,150,0,0,0,0,0.561
22100,2.1712,3.9076,-0.00,2.1712,3.9095,0,1,1,0,0,20,20,150,0,0,0,0,0.559
22110,2.1733,3.9076,-0.00,2.1733,3.9095,0,1,1,0,0,20,20,150,0,0,0,0,0.557
22120,2.1756,3.9076,-0.00,2.1756,3.9095,0,1,1,0,0,20,20,150,0,0,0,0,0.554
22130,2.1781,3.9076,-0.00,2.1781,3.9095,0,1,1,0,0,20,20,150,0,0,0,0,0.552
22140,2.1808,3.9076,-0.00,2.1808,3.9095,0,1,1,0,0,20,20,150,0,0,0,0,0.549
22150,2.1837,3.9076,-0.00,2.1837,3.9095,0,1,1,0,0,20,20,150,0,0,0,0,0.546
22160,2.1868,3.9076,-0.00,2.1868,3.9095,0,1,1,0,0,20,20,150,0,0,0,0,0.543
22170,2.1901,3.9076,-0.00,2.1901,3.9095,0,1,1,0,0,20,20,149,0,1,0,0,0.540
22180,2.1936,3.9076,-0.00,2.1936,3.9095,0,1,1,0,0,20,20,149,0,1,0,0,0.536
22190,2.1973,3.9076,-0.00,2.1973,3.9095,0,1,1,0,0,20,20,148,0,1,0,0,0.533
22200,2.2011,3.9076,-0.00,2.2011,3.9095,0,1,1,0,0,20,20,148,0,1,0,0,0.529
22210,2.2052,3.9076,-0.00,2.2052,3.9095,0,1,1,0,0,20,20,147,0,1,0,0,0.525
22220,2.2095,3.9076,-0.00,2.2095,3.9095,0,1,1,0,0,20,20,146,0,1,0,0,0.520
22230,2.2140,3.9076,-0.00,2.2140,3.9095,0,1,1,0,0,20,20,146,0,1,0,0,0.516
22240,2.2187,3.9076,-0.00,2.2187,3.9095,0,1,1,0,0,20,20,145,0,1,0,0,0.511
22250,2.2236,3.9076,-0.00,2.2236,3.9095,0,1,1,0,0,20,20,144,0,1,0,0,0.506
22260,2.2287,3.9076,-0.00,2.2287,3.9095,0,1,1,0,0,20,20,143,0,1,0,0,0.501
22270,2.2340,3.9076,-0.00,2.2340,3.9095,0,1,1,0,0,20,20,143,0,1,0,0,0.496
22280,2.2395,3.9076,-0.00,2.2395,3.9095,0,1,1,0,0,20,20,142,0,1,0,0,0.491
22290,2.2452,3.9076,-0.00,2.2452,3.9095,0,1,1,0,0,20,20,141,0,1,0,0,0.485
22300,2.2510,3.9076,-0.00,2.2510,3.9095,0,1,1,0,0,20,20,140,0,1,0,0,0.479
22310,2.2571,3.9076,-0.00,2.2571,3.9095,0,1,1,0,0,20,20,139,0,1,0,0,0.473
22320,2.2634,3.9076,-0.00,2.2634,3.9095,0,1,1,0,0,20,20,138,0,1,0,0,0.467
22330,2.2699,3.9076,-0.00,2.2699,3.9095,0,1,1,0,0,20,20,137,0,1,0,0,0.460
22340,2.2766,3.9076,-0.00,2.2766,3.9095,0,1,1,0,0,20,20,136,0,1,0,0,0.453
22350,2.2835,3.9076,-0.00,2.2835,3.9095,0,1,1,0,0,20,20,134,0,1,0,0,0.447
22360,2.2906,3.9076,-0.00,2.2906,3.9095,0,1,1,0,0,20,20,133,0,1,0,0,0.439
22370,2.2979,3.9076,-0.00,2.2979,3.9095,0,1,1,0,0,20,20,132,0,1,0,0,0.432
22380,2.3054,3.9076,-0.00,2.3054,3.9095,0,1,1,0,0,20,20,131,0,1,0,0,0.425
22390,2.3131,3.9076,-0.00,2.3131,3.9095,0,1,1,0,0,20,20,129,0,1,0,0,0.417
22400,2.3209,3.9076,-0.00,2.3209,3.9095,0,1,1,0,0,20,20,128,0,1,0,0,0.409
22410,2.3290,3.9076,-0.00,2.3290,3.9095,0,1,1,0,0,20,20,127,0,1,0,0,0.401
22420,2.3373,3.9076,-0.00,2.3373,3.9095,0,1,1,0,0,20,20,125,0,1,0,0,0.393
22430,2.3458,3.9076,-0.00,2.3458,3.9095,0,1,1,0,0,20,20,124,0,1,0,0,0.384
22440,2.3545,3.9076,-0.00,2.3545,3.9095,0,1,1,0,0,20,20,122,0,1,0,0,0.375
22450,2.3634,3.9076,-0.00,2.3634,3.9095,0,1,1,0,0,20,20,120,0,1,0,0,0.367
22460,2.3725,3.9076,-0.00,2.3725,3.9095,0,1,1,0,0,20,20,119,0,1,0,0,0.358
22470,2.3818,3.9076,-0.00,2.3818,3.9095,0,1,1,0,0,20,20,117,0,1,0,0,0.348
22480,2.3910,3.9076,-0.00,2.3910,3.9095,0,1,1,0,0,20,20,115,0,1,0,0,0.339
22490,2.4002,3.9076,-0.00,2.4002,3.9095,0,1,1,0,0,20,20,114,0,1,0,0,0.330
22500,2.4092,3.9076,-0.00,2.4092,3.9095,0,1,1,0,0,20,20,112,0,1,0,0,0.321
22510,2.4180,3.9076,-0.00,2.4180,3.9095,0,1,1,0,0,20,20,110,0,1,0,0,0.312
22520,2.4267,3.9076,-0.00,2.4267,3.9095,0,1,1,0,0,20,20,108,0,1,0,0,0.303
22530,2.4353,3.9076,-0.00,2.4353,3.9095,0,1,1,0,0,20,20,106,0,1,0,0,0.295
22540,2.4437,3.9076,-0.00,2.4437,3.9095,0,1,1,0,0,20,20,105,0,1,0,0,0.286
22550,2.4520,3.9076,-0.00,2.4520,3.9095,0,1,1,0,0,20,20,103,0,1,0,0,0.278
22560,2.4602,3.9076,-0.00,2.4602,3.9095,0,1,1,0,0,20,20,101,0,1,0,0,0.270
22570,2.4682,3.9076,-0.00,2.4682,3.9095,0,1,1,0,0,20,20,100,0,1,0,0,0.262
22580,2.4761,3.9076,-0.00,2.4761,3.9095,0,1,1,0,0,20,20,98,0,1,0,0,0.254
22590,2.4838,3.9076,-0.00,2.4838,3.9095,0,1,1,0,0,20,20,96,0,1,0,0,0.246
22600,2.4914,3.9076,-0.00,2.4914,3.9095,0,1,1,0,0,20,20,94,0,1,0,0,0.239
22610,2.4989,3.9076,-0.00,2.4989,3.9095,0,1,1,0,0,20,20,93,0,1,0,0,0.231
22620,2.5062,3.9076,-0.00,2.5062,3.9095,0,1,1,0,0,20,20,91,0,1,0,0,0.224
22630,2.5134,3.9076,-0.00,2.5134,3.9095,0,1,1,0,0,20,20,89,0,1,0,0,0.217
22640,2.5205,3.9076,-0.00,2.5205,3.9095,0,1,1,0,0,20,20,88,0,1,0,0,0.210
22650,2.5274,3.9076,-0.00,2.5274,3.9095,0,1,1,0,0,20,20,86,0,1,0,0,0.203
22660,2.5342,3.9076,-0.00,2.5342,3.9095,0,1,1,0,0,20,20,84,0,1,0,0,0.196
22670,2.5409,3.9076,-0.00,2.5409,3.9095,0,1,0,0,0,20,20,82,0,1,0,0,0.189
22680,2.5474,3.9076,-0.00,2.5474,3.9095,0,1,0,0,0,20,20,81,0,1,0,0,0.183
22690,2.5538,3.9076,-0.00,2.5538,3.9095,0,1,0,0,0,20,20,79,0,1,0,0,0.176
22700,2.5600,3.9076,-0.00,2.5600,3.9095,0,1,0,0,0,20,20,77,0,1,0,0,0.170
22710,2.5662,3.9076,-0.00,2.5662,3.9095,0,1,0,0,0,20,20,76,0,1,0,0,0.164
22720,2.5721,3.9076,-0.00,2.5721,3.9095,0,1,0,0,0,20,20,74,0,1,0,0,0.158
22730,2.5780,3.9076,-0.00,2.5780,3.9095,0,1,0,0,0,20,20,73,0,1,0,0,0.152
22740,2.5837,3.9076,-0.00,2.5837,3.9095,0,1,0,0,0,20,20,71,0,1,0,0,0.146
22750,2.5893,3.9076,-0.00,2.5893,3.9095,0,1,0,0,0,20,20,69,0,1,0,0,0.141
22760,2.5948,3.9076,-0.00,2.5948,3.9095,0,1,0,0,0,20,20,68,0,1,0,0,0.135
22770,2.6002,3.9076,-0.00,2.6002,3.9095,0,1,0,0,0,20,20,66,0,1,0,0,0.130
22780,2.6054,3.9076,-0.00,2.6054,3.9095,0,1,0,0,0,20,20,64,0,1,0,0,0.125
22790,2.6105,3.9076,-0.00,2.6105,3.9095,0,1,0,0,0,20,20,63,0,1,0,0,0.120
22800,2.6154,3.9076,-0.00,2.6154,3.9095,0,1,0,0,0,20,20,61,0,1,0,0,0.115
22810,2.6202,3.9076,-0.00,2.6202,3.9095,0,1,0,0,0,20,20,60,0,1,0,0,0.110
22820,2.6250,3.9076,-0.00,2.6250,3.9095,0,1,0,0,0,20,20,58,0,1,0,0,0.105
22830,2.6295,3.9076,-0.00,2.6295,3.9095,0,1,0,0,0,20,20,56,0,1,0,0,0.100
22840,2.6340,3.9076,-0.00,2.6340,3.9095,0,1,0,0,0,20,20,55,0,1,0,0,0.096
22850,2.6383,3.9076,-0.00,2.6383,3.9095,0,1,0,0,0,20,20,53,0,1,0,0,0.092
22860,2.6425,3.9076,-0.00,2.6425,3.9095,1,1,0,0,0,20,20,52,0,1,0,0,0.087
22870,2.6466,3.9076,-0.00,2.6466,3.9095,1,1,0,0,0,20,20,50,0,1,0,0,0.083
22880,2.6506,3.9076,-0.00,2.6506,3.9095,1,1,0,0,0,20,20,49,0,1,0,0,0.079
22890,2.6544,3.9076,-0.00,2.6544,3.9095,1,1,0,0,0,20,20,47,0,1,0,0,0.076
22900,2.6582,3.9076,-0.00,2.6582,3.9095,1,1,1,0,0,20,20,0,0,0,0,0,1000.000
22910,2.6617,3.9076,-0.00,2.6617,3.9095,1,1,1,0,0,20,20,0,0,0,0,0,1000.000
22920,2.6651,3.9076,-0.00,2.6651,3.9095,1,1,1,0,0,20,20,0,0,0,0,0,1000.000
22930,2.6684,3.9076,-0.00,2.6684,3.9095,1,1,1,0,0,20,20,0,0,0,0,0,1000.000
22940,2.6714,3.9076,-0.00,2.6714,3.9095,1,1,1,0,0,20,20,0,0,0,0,0,1000.000
22950,2.6742,3.9076,-0.00,2.6742,3.9095,1,1,1,0,0,20,20,0,-150,0,0,0,1.456
22960,2.6769,3.9076,-0.00,2.6769,3.9095,1,1,1,0,0,20,20,0,-150,0,0,0,1.456
22970,2.6793,3.9076,-0.00,2.6793,3.9095,1,1,1,0,0,20,20,0,-150,0,0,0,1.456
22980,2.6816,3.9076,-0.00,2.6816,3.9095,1,1,1,0,0,20,20,0,-150,0,0,0,1.456
22990,2.6836,3.9076,-0.00,2.6836,3.9095,1,1,1,0,0,20,20,0,-150,0,0,0,1.456
23000,2.6855,3.9076,-0.00,2.6855,3.9095,1,1,1,0,0,20,20,0,-150,0,0,0,1.456
23010,2.6873,3.9074,-0.00,2.6873,3.9093,1,1,1,0,0,20,20,0,-150,0,0,0,1.456
23020,2.6892,3.9070,-0.00,2.6892,3.9090,1,1,1,0,0,20,20,0,-150,0,0,0,1.455
23030,2.6910,3.9065,-0.00,2.6910,3.9084,1,1,1,0,0,20,20,0,-150,0,0,0,1.455
23040,2.6928,3.9057,-0.00,2.6928,3.9076,1,1,1,0,0,20,20,0,-150,0,0,0,1.454
23050,2.6946,3.9047,-0.00,2.6946,3.9066,1,1,1,0,0,20,20,0,-150,0,0,0,1.453
23060,2.6965,3.9035,-0.00,2.6965,3.9055,1,1,1,0,0,20,20,0,-150,0,0,0,1.452
23070,2.6983,3.9022,-0.00,2.6983,3.9041,1,1,1,0,0,20,20,0,-150,0,0,0,1.451
23080,2.7001,3.9006,-0.00,2.7001,3.9025,1,1,1,0,0,20,20,0,-150,0,0,0,1.449
23090,2.7020,3.8988,-0.00,2.7020,3.9007,1,1,1,0,0,20,20,0,-150,0,0,0,1.447
23100,2.7038,3.8969,-0.00,2.7038,3.8988,1,1,1,0,0,20,20,0,-150,0,0,0,1.445
23110,2.7056,3.8947,-0.00,2.7056,3.8966,1,1,1,0,0,20,20,0,-150,0,0,0,1.443
23120,2.7074,3.8923,-0.00,2.7074,3.8942,1,1,1,0,0,20,20,0,-150,0,0,0,1.441
23130,2.7093,3.8897,-0.00,2.7093,3.8917,1,1,1,0,0,20,20,0,-150,0,0,0,1.438
23140,2.7111,3.8870,-0.00,2.7111,3.8889,1,1,1,0,0,20,20,0,-150,0,0,0,1.435
23150,2.7129,3.8840,-0.00,2.7129,3.8859,1,1,1,0,0,20,20,0,-150,0,0,0,1.432
23160,2.7147,3.8808,-0.00,2.7147,3.8827,1,1,1,0,0,20,20,0,-150,0,0,0,1.429
23170,2.7166,3.8774,-0.00,2.7166,3.8794,1,1,1,0,0,20,20,0,-150,0,0,0,1.426
23180,2.7184,3.8739,-0.00,2.7184,3.8758,1,1,1,0,0,20,20,0,-150,0,0,0,1.422
23190,2.7202,3.8701,-0.00,2.7202,3.8720,1,1,1,0,0,20,20,0,-150,0,0,0,1.419
23200,2.7221,3.8661,-0.00,2.7221,3.8680,1,1,1,0,0,20,20,0,-150,0,0,0,1.415
23210,2.7239,3.8620,-0.00,2.7239,3.8639,1,1,1,0,0,20,20,0,-150,0,0,0,1.410
23220,2.7257,3.8576,-0.00,2.7257,3.8595,1,1,1,0,0,20,20,0,-150,0,0,0,1.406
23230,2.7275,3.8530,-0.00,2.7275,3.8549,1,1,1,0,0,20,20,0,-150,0,0,0,1.401
23240,2.7294,3.8482,-0.00,2.7294,3.8501,1,1,1,0,0,20,20,0,-150,0,0,0,1.397
23250,2.7310,3.8433,-0.00,2.7310,3.8452,1,1,1,0,0,20,20,0,-150,0,0,0,1.392
23260,2.7310,3.8381,-0.00,2.7310,3.8400,1,1,1,0,0,20,20,0,-150,0,0,0,1.387
23270,2.7310,3.8327,-0.00,2.7310,3.8346,1,1,1,0,0,20,20,0,-150,0,0,0,1.381
23280,2.7310,3.8271,-0.00,2.7310,3.8291,1,1,1,0,0,20,20,0,-150,0,0,0,1.376
23290,2.7310,3.8214,-0.00,2.7310,3.8233,1,1,1,0,0,20,20,0,-150,0,0,0,1.370
23300,2.7310,3.8154,-0.00,2.7310,3.8173,1,1,1,0,0,20,20,0,-150,0,0,0,1.364
23310,2.7310,3.8092,-0.00,2.7310,3.8111,1,1,1,0,0,20,20,0,-150,0,0,0,1.358
23320,2.7310,3.8028,-0.00,2.7310,3.8048,1,1,1,0,0,20,20,0,-150,0,0,0,1.351
23330,2.7310,3.7963,-0.00,2.7310,3.7982,1,1,1,0,0,20,20,0,-150,0,0,0,1.345
23340,2.7310,3.7895,-0.00,2.7310,3.7914,1,1,1,0,0,20,20,0,-150,0,0,0,1.338
23350,2.7310,3.7825,-0.00,2.7310,3.7844,1,1,1,0,0,20,20,0,-150,0,0,0,1.331
23360,2.7310,3.7754,-0.00,2.7310,3.7773,1,1,1,0,0,20,20,0,-150,0,0,0,1.324
23370,2.7310,3.7680,-0.00,2.7310,3.7699,1,1,1,0,0,20,20,0,-150,0,0,0,1.316
23380,2.7310,3.7604,-0.00,2.7310,3.7623,1,1,1,0,0,20,20,0,-150,0,0,0,1.309
23390,2.7310,3.7526,-0.00,2.7310,3.7545,1,1,1,0,0,20,20,0,-150,0,0,0,1.301
23400,2.7310,3.7447,-0.00,2.7310,3.7466,1,1,1,0,0,20,20,0,-150,0,0,0,1.293
23410,2.7310,3.7365,-0.00,2.7310,3.7384,1,1,1,0,0,20,20,0,-150,0,0,0,1.285
23420,2.7310,3.7281,-0.00,2.7310,3.7300,1,1,1,0,0,20,20,0,-150,0,0,0,1.277
23430,2.7310,3.7195,-0.00,2.7310,3.7215,1,1,1,0,0,20,20,0,-150,0,0,0,1.268
23440,2.7310,3.7108,-0.00,2.7310,3.7127,1,1,1,0,0,20,20,0,-150,0,0,0,1.259
23450,2.7310,3.7018,-0.00,2.7310,3.7037,1,1,1,0,0,20,20,0,-150,0,0,0,1.250
23460,2.7310,3.6926,-0.00,2.7310,3.6945,1,1,1,0,0,20,20,0,-150,0,0,0,1.241
23470,2.7310,3.6832,-0.00,2.7310,3.6852,1,1,1,0,0,20,20,0,-150,0,0,0,1.232
23480,2.7310,3.6737,-0.00,2.7310,3.6756,1,1,1,0,0,20,20,0,-150,0,0,0,1.222
23490,2.7310,3.6639,-0.00,2.7310,3.6658,1,1,1,0,0,20,20,0,-150,0,0,0,1.212
23500,2.7310,3.6539,-0.00,2.7310,3.6558,1,1,1,0,0,20,20,0,-150,0,0,0,1.202
23510,2.7310,3.6438,-0.00,2.7310,3.6457,1,1,1,0,0,20,20,0,-150,0,0,0,1.192
23520,2.7310,3.6335,-0.00,2.7310,3.6355,1,1,1,0,0,20,20,0,-150,0,0,0,1.182
23530,2.7310,3.6232,-0.00,2.7310,3.6251,1,1,1,0,0,20,20,0,-150,0,0,0,1.172
23540,2.7310,3.6128,-0.00,2.7310,3.6147,1,1,1,0,0,20,20,0,-150,0,0,0,1.161
23550,2.7310,3.6022,-0.00,2.7310,3.6041,1,1,1,0,0,20,20,0,-150,0,0,0,1.151
23560,2.7310,3.5916,-0.00,2.7310,3.5935,1,1,1,0,0,20,20,0,-150,0,0,0,1.140
23570,2.7310,3.5808,-0.00,2.7310,3.5828,1,1,1,0,0,20,20,0,-150,0,0,0,1.129
23580,2.7310,3.5700,-0.00,2.7310,3.5719,1,1,1,0,0,20,20,0,-150,0,0,0,1.118
23590,2.7310,3.5591,-0.00,2.7310,3.5610,1,1,1,0,0,20,20,0,-150,0,0,0,1.107
23600,2.7310,3.5480,-0.00,2.7310,3.5499,1,1,1,0,0,20,20,0,-150,0,0,0,1.096
23610,2.7310,3.5369,-0.00,2.7310,3.5388,1,1,1,0,0,20,20,0,-150,0,0,0,1.085
23620,2.7310,3.5256,-0.00,2.7310,3.5275,1,1,1,0,0,20,20,0,-150,0,0,0,1.074
23630,2.7310,3.5143,-0.00,2.7310,3.5162,1,1,1,0,0,20,20,0,-150,0,0,0,1.063
23640,2.7310,3.5028,-0.00,2.7310,3.5048,1,1,1,0,0,20,20,0,-150,0,0,0,1.051
23650,2.7310,3.4913,-0.00,2.7310,3.4932,1,1,1,0,0,20,20,0,-150,0,0,0,1.040
23660,2.7310,3.4797,-0.00,2.7310,3.4816,1,1,1,0,0,20,20,0,-150,0,0,0,1.028
23670,2.7310,3.4679,-0.00,2.7310,3.4698,1,1,1,0,0,20,20,0,-150,0,0,0,1.016
23680,2.7310,3.4561,-0.00,2.7310,3.4580,1,1,1,0,0,20,20,0,-150,0,0,0,1.004
23690,2.7310,3.4441,-0.00,2.7310,3.4461,1,1,1,0,0,20,20,0,-150,0,0,0,0.993
23700,2.7310,3.4322,-0.00,2.7310,3.4341,1,1,1,0,0,20,20,0,-150,0,0,0,0.981
23710,2.7310,3.4203,-0.00,2.7310,3.4222,1,1,1,0,0,20,20,0,-150,0,0,0,0.969
23720,2.7310,3.4083,-0.00,2.7310,3.4102,1,1,1,0,0,20,20,0,-150,0,0,0,0.957
23730,2.7310,3.3964,-0.00,2.7310,3.3983,1,1,1,0,0,20,20,0,-150,0,0,0,0.945
23740,2.7310,3.3845,-0.00,2.7310,3.3864,1,1,1,0,0,20,20,0,-150,0,0,0,0.933
23750,2.7310,3.3725,-0.00,2.7310,3.3744,1,1,1,0,0,20,20,0,-150,0,0,0,0.921
23760,2.7310,3.3606,-0.00,2.7310,3.3625,1,1,1,0,0,20,20,0,-150,0,0,0,0.909
23770,2.7310,3.3486,-0.00,2.7310,3.3506,1,1,1,0,0,20,20,0,-150,0,0,0,0.897
23780,2.7310,3.3367,-0.00,2.7310,3.3386,1,1,1,0,0,20,20,0,-150,0,0,0,0.885
23790,2.7310,3.3248,-0.00,2.7310,3.3267,1,1,1,0,0,20,20,0,-150,0,0,0,0.873
23800,2.7310,3.3128,-0.00,2.7310,3.3147,1,1,1,0,0,20,20,0,-150,0,0,0,0.861
23810,2.7310,3.3009,-0.00,2.7310,3.3028,1,1,1,0,0,20,20,0,-150,0,0,0,0.849
23820,2.7310,3.2890,-0.00,2.7310,3.2909,1,1,1,0,0,20,20,0,-150,0,0,0,0.837
23830,2.7310,3.2770,-0.00,2.7310,3.2789,1,1,1,0,0,20,20,0,-150,0,0,0,0.825
23840,2.7310,3.2651,-0.00,2.7310,3.2670,1,1,1,0,0,20,20,0,-150,0,0,0,0.813
23850,2.7310,3.2531,-0.00,2.7310,3.2551,1,1,1,0,0,20,20,0,-150,0,0,0,0.802
23860,2.7310,3.2412,-0.00,2.7310,3.2431,1,1,1,0,0,20,20,0,-150,0,0,0,0.790
23870,2.7310,3.2293,-0.00,2.7310,3.2312,1,1,1,0,0,20,20,0,-150,0,0,0,0.778
23880,2.7310,3.2173,-0.00,2.7310,3.2192,1,1,1,0,0,20,20,0,-150,0,0,0,0.766
23890,2.7310,3.2054,-0.00,2.7310,3.2073,1,1,1,0,0,20,20,0,-150,0,0,0,0.754
23900,2.7310,3.1934,-0.00,2.7310,3.1954,1,1,1,0,0,20,20,0,-150,0,0,0,0.742
23910,2.7310,3.1815,-0.00,2.7310,3.1834,1,1,1,0,0,20,20,0,-150,0,0,0,0.730
23920,2.7310,3.1696,-0.00,2.7310,3.1715,1,1,1,0,0,20,20,0,-150,0,0,0,0.718
23930,2.7310,3.1576,-0.00,2.7310,3.1595,1,1,1,0,0,20,20,0,-150,0,0,0,0.706
23940,2.7310,3.1457,-0.00,2.7310,3.1476,1,1,1,0,0,20,20,0,-150,0,0,0,0.694
23950,2.7310,3.1338,-0.00,2.7310,3.1357,1,1,1,0,0,20,20,0,-150,0,0,0,0.682
23960,2.7310,3.1218,-0.00,2.7310,3.1237,1,1,1,0,0,20,20,0,-150,0,0,0,0.670
23970,2.7310,3.1099,-0.00,2.7310,3.1118,1,1,1,0,0,20,20,0,-150,0,0,0,0.658
23980,2.7310,3.0979,-0.00,2.7310,3.0999,1,1,1,0,0,20,20,0,-150,0,0,0,0.646
23990,2.7310,3.0860,-0.00,2.7310,3.0879,1,1,1,0,0,20,20,0,-150,0,0,0,0.634
24000,2.7310,3.0741,-0.00,2.7310,3.0760,1,1,1,0,0,20,20,0,-150,0,0,0,0.622
24010,2.7310,3.0621,-0.00,2.7310,3.0640,1,1,1,0,0,20,20,0,-150,0,0,0,0.611
24020,2.7310,3.0502,-0.00,2.7310,3.0521,1,1,1,0,0,20,20,0,-150,0,0,0,0.599
24030,2.7310,3.0383,-0.00,2.7310,3.0402,1,1,1,0,0,20,20,0,-150,0,0,0,0.587
24040,2.7310,3.0263,-0.00,2.7310,3.0282,1,1,1,0,0,20,20,0,-150,0,0,0,0.575
24050,2.7310,3.0144,-0.00,2.7310,3.0163,1,1,1,0,0,20,20,0,-150,0,0,0,0.563
24060,2.7310,3.0024,-0.00,2.7310,3.0044,1,1,1,0,0,20,20,0,-150,0,0,0,0.551
24070,2.7310,2.9905,-0.00,2.7310,2.9924,1,1,1,0,0,20,20,0,-149,1,0,0,0.539
24080,2.7310,2.9787,-0.00,2.7310,2.9806,1,1,1,0,0,20,20,0,-147,1,0,0,0.527
24090,2.7310,2.9670,-0.00,2.7310,2.9689,1,1,1,0,0,20,20,0,-146,1,0,0,0.515
24100,2.7310,2.9555,-0.00,2.7310,2.9574,1,1,1,0,0,20,20,0,-144,1,0,0,0.504
24110,2.7310,2.9440,-0.00,2.7310,2.9460,1,1,1,0,0,20,20,0,-142,1,0,0,0.492
24120,2.7310,2.9328,-0.00,2.7310,2.9347,1,1,1,0,0,20,20,0,-140,1,0,0,0.481
24130,2.7310,2.9217,-0.00,2.7310,2.9236,1,1,1,0,0,20,20,0,-138,1,0,0,0.470
24140,2.7310,2.9107,-0.00,2.7310,2.9126,1,1,1,0,0,20,20,0,-137,1,0,0,0.459
24150,2.7310,2.8999,-0.00,2.7310,2.9018,1,1,1,0,0,20,20,0,-135,1,0,0,0.448
24160,2.7310,2.8892,-0.00,2.7310,2.8911,1,1,1,0,0,20,20,0,-133,1,0,0,0.438
24170,2.7310,2.8787,-0.00,2.7310,2.8806,1,1,1,0,0,20,20,0,-131,1,0,0,0.427
24180,2.7310,2.8683,-0.00,2.7310,2.8702,1,1,1,0,0,20,20,0,-129,1,0,0,0.417
24190,2.7310,2.8580,-0.00,2.7310,2.8599,1,1,1,0,0,20,20,0,-128,1,0,0,0.406
24200,2.7310,2.8479,-0.00,2.7310,2.8498,1,1,1,0,0,20,20,0,-126,1,0,0,0.396
24210,2.7310,2.8379,-0.00,2.7310,2.8398,1,1,1,0,0,20,20,0,-124,1,0,0,0.386
24220,2.7310,2.8281,-0.00,2.7310,2.8300,1,1,1,0,0,20,20,0,-122,1,0,0,0.377
24230,2.7310,2.8184,-0.00,2.7310,2.8203,1,1,1,0,0,20,20,0,-120,1,0,0,0.367
24240,2.7310,2.8089,-0.00,2.7310,2.8108,1,1,1,0,0,20,20,0,-119,1,0,0,0.357
24250,2.7310,2.7994,-0.00,2.7310,2.8014,1,1,1,0,0,20,20,0,-117,1,0,0,0.348
24260,2.7310,2.7902,-0.00,2.7310,2.7921,1,1,1,0,0,20,20,0,-115,1,0,0,0.339
24270,2.7310,2.7811,-0.00,2.7310,2.7830,1,1,1,0,0,20,20,0,-113,1,0,0,0.329
24280,2.7310,2.7721,-0.00,2.7310,2.7740,1,1,1,0,0,20,20,0,-112,1,0,0,0.320
24290,2.7310,2.7632,-0.00,2.7310,2.7651,1,1,1,0,0,20,20,0,-110,1,0,0,0.312
24300,2.7310,2.7545,-0.00,2.7310,2.7564,1,1,1,0,0,20,20,0,-108,1,0,0,0.303
24310,2.7310,2.7460,-0.00,2.7310,2.7479,1,1,1,0,0,20,20,0,-106,1,0,0,0.294
24320,2.7310,2.7375,-0.00,2.7310,2.7394,1,1,1,0,0,20,20,0,-105,1,0,0,0.286
24330,2.7310,2.7292,-0.00,2.7310,2.7312,1,1,1,0,0,20,20,0,-103,1,0,0,0.278
24340,2.7310,2.7211,-0.00,2.7310,2.7230,1,1,1,0,0,20,20,0,-101,1,0,0,0.270
24350,2.7310,2.7131,-0.00,2.7310,2.7150,1,1,1,0,0,20,20,0,-99,1,0,0,0.261
24360,2.7310,2.7052,-0.00,2.7310,2.7071,1,1,1,0,0,20,20,0,-98,1,0,0,0.254
24370,2.7310,2.6975,-0.00,2.7310,2.6994,1,1,0,0,0,20,20,0,-96,1,0,0,0.246
24380,2.7310,2.6899,-0.00,2.7310,2.6918,1,1,0,0,0,20,20,0,-94,1,0,0,0.238
24390,2.7310,2.6824,-0.00,2.7310,2.6843,1,1,0,0,0,20,20,0,-93,1,0,0,0.231
24400,2.7310,2.6751,-0.00,2.7310,2.6770,1,1,0,0,0,20,20,0,-91,1,0,0,0.223
24410,2.7310,2.6679,-0.00,2.7310,2.6698,1,1,0,0,0,20,20,0,-89,1,0,0,0.216
24420,2.7310,2.6608,-0.00,2.7310,2.6627,1,1,0,0,0,20,20,0,-87,1,0,0,0.209
24430,2.7310,2.6539,-0.00,2.7310,2.6558,1,1,0,0,0,20,20,0,-86,1,0,0,0.202
24440,2.7310,2.6471,-0.00,2.7310,2.6490,1,1,0,0,0,20,20,0,-84,1,0,0,0.196
24450,2.7310,2.6405,-0.00,2.7310,2.6424,1,1,0,0,0,20,20,0,-82,1,0,0,0.189
24460,2.7310,2.6339,-0.00,2.7310,2.6359,1,1,0,0,0,20,20,0,-81,1,0,0,0.182
24470,2.7310,2.6276,-0.00,2.7310,2.6295,1,1,0,0,0,20,20,0,-79,1,0,0,0.176
24480,2.7310,2.6213,-0.00,2.7310,2.6232,1,1,0,0,0,20,20,0,-77,1,0,0,0.170
24490,2.7310,2.6152,-0.00,2.7310,2.6171,1,1,0,0,0,20,20,0,-76,1,0,0,0.164
24500,2.7310,2.6092,-0.00,2.7310,2.6111,1,1,0,0,0,20,20,0,-74,1,0,0,0.158
24510,2.7310,2.6033,-0.00,2.7310,2.6052,1,1,0,0,0,20,20,0,-72,1,0,0,0.152
24520,2.7310,2.5976,-0.00,2.7310,2.5995,2,1,0,0,0,20,20,0,-71,1,0,0,0.146
24530,2.7310,2.5920,-0.00,2.7310,2.5939,2,1,0,0,0,20,20,0,-69,1,0,0,0.140
24540,2.7310,2.5866,-0.00,2.7310,2.5885,2,1,0,0,0,20,20,0,-68,1,0,0,0.135
24550,2.7310,2.5812,-0.00,2.7310,2.5831,2,1,1,0,0,20,20,0,0,0,0,0,1000.000
24560,2.7310,2.5761,-0.00,2.7310,2.5780,2,1,1,0,0,20,20,0,0,0,0,0,1000.000
24570,2.7310,2.5711,-0.00,2.7310,2.5730,2,1,1,0,0,20,20,0,0,0,0,0,1000.000
24580,2.7310,2.5663,-0.00,2.7310,2.5682,2,1,1,0,0,20,20,0,0,0,0,0,1000.000
24590,2.7310,2.5618,-0.00,2.7310,2.5637,2,1,1,0,0,20,20,0,0,0,0,0,1000.000
24600,2.7310,2.5574,-0.00,2.7310,2.5593,2,1,1,0,0,20,20,-150,0,0,0,0,2.461
24610,2.7310,2.5532,-0.00,2.7310,2.5552,2,1,1,0,0,20,20,-150,0,0,0,0,2.461
24620,2.7310,2.5493,-0.00,2.7310,2.5512,2,1,1,0,0,20,20,-150,0,0,0,0,2.461
24630,2.7310,2.5455,-0.00,2.7310,2.5474,2,1,1,0,0,20,20,-150,0,0,0,0,2.461
24640,2.7310,2.5419,-0.00,2.7310,2.5439,2,1,1,0,0,20,20,-150,0,0,0,0,2.461
24650,2.7310,2.5386,-0.00,2.7310,2.5405,2,1,1,0,0,20,20,-150,0,0,0,0,2.461
24660,2.7310,2.5354,-0.00,2.7310,2.5373,2,1,1,0,0,20,20,-150,0,0,0,0,2.461
24670,2.7310,2.5325,-0.00,2.7310,2.5344,2,1,1,0,0,20,20,-150,0,0,0,0,2.461
24680,2.7309,2.5296,-0.00,2.7309,2.5315,2,1,1,0,0,20,20,-150,0,0,0,0,2.461
24690,2.7307,2.5268,-0.00,2.7307,2.5287,2,1,1,0,0,20,20,-150,0,0,0,0,2.461
24700,2.7302,2.5240,-0.00,2.7302,2.5259,2,1,1,0,0,20,20,-150,0,0,0,0,2.460
24710,2.7295,2.5211,-0.00,2.7295,2.5230,2,1,1,0,0,20,20,-150,0,0,0,0,2.460
24720,2.7286,2.5183,-0.00,2.7286,2.5202,2,1,1,0,0,20,20,-150,0,0,0,0,2.459
24730,2.7276,2.5155,-0.00,2.7276,2.5174,2,1,1,0,0,20,20,-150,0,0,0,0,2.458
24740,2.7263,2.5126,-0.00,2.7263,2.5145,2,1,1,0,0,20,20,-150,0,0,0,0,2.456
24750,2.7248,2.5098,-0.00,2.7248,2.5117,2,1,1,0,0,20,20,-150,0,0,0,0,2.455
24760,2.7232,2.5070,-0.00,2.7232,2.5089,2,1,1,0,0,20,20,-150,0,0,0,0,2.453
24770,2.7213,2.5041,-0.00,2.7213,2.5060,2,1,1,0,0,20,20,-150,0,0,0,0,2.451
24780,2.7192,2.5013,-0.00,2.7192,2.5032,2,1,1,0,0,20,20,-150,0,0,0,0,2.449
24790,2.7170,2.4985,-0.00,2.7170,2.5004,2,1,1,0,0,20,20,-150,0,0,0,0,2.447
24800,2.7145,2.4956,-0.00,2.7145,2.4975,2,1,1,0,0,20,20,-150,0,0,0,0,2.444
24810,2.7118,2.4928,-0.00,2.7118,2.4947,2,1,1,0,0,20,20,-150,0,0,0,0,2.442
24820,2.7089,2.4900,-0.00,2.7089,2.4919,2,1,1,0,0,20,20,-150,0,0,0,0,2.439
24830,2.7059,2.4871,-0.00,2.7059,2.4890,2,1,1,0,0,20,20,-150,0,0,0,0,2.436
24840,2.7026,2.4843,-0.00,2.7026,2.4862,2,1,1,0,0,20,20,-150,0,0,0,0,2.433
24850,2.6991,2.4815,-0.00,2.6991,2.4834,2,1,1,0,0,20,20,-150,0,0,0,0,2.429
24860,2.6955,2.4786,-0.00,2.6955,2.4806,2,1,1,0,0,20,20,-150,0,0,0,0,2.425
24870,2.6916,2.4758,-0.00,2.6916,2.4777,2,1,1,0,0,20,20,-150,0,0,0,0,2.422
24880,2.6875,2.4730,-0.00,2.6875,2.4749,2,1,1,0,0,20,20,-150,0,0,0,0,2.418
24890,2.6833,2.4701,-0.00,2.6833,2.4721,2,1,1,0,0,20,20,-150,0,0,0,0,2.413
24900,2.6788,2.4673,-0.00,2.6788,2.4692,2,1,1,0,0,20,20,-150,0,0,0,0,2.409
24910,2.6741,2.4645,-0.00,2.6741,2.4664,2,1,1,0,0,20,20,-150,0,0,0,0,2.404
24920,2.6692,2.4616,-0.00,2.6692,2.4636,2,1,1,0,0,20,20,-150,0,0,0,0,2.399
24930,2.6642,2.4588,-0.00,2.6642,2.4607,2,1,1,0,0,20,20,-150,0,0,0,0,2.394
24940,2.6589,2.4560,-0.00,2.6589,2.4579,2,1,1,0,0,20,20,-150,0,0,0,0,2.389
24950,2.6534,2.4531,-0.00,2.6534,2.4551,2,1,1,0,0,20,20,-150,0,0,0,0,2.383
24960,2.6478,2.4503,-0.00,2.6478,2.4522,2,1,1,0,0,20,20,-150,0,0,0,0,2.378
24970,2.6419,2.4475,-0.00,2.6419,2.4494,2,1,1,0,0,20,20,-150,0,0,0,0,2.372
24980,2.6358,2.4446,-0.00,2.6358,2.4466,2,1,1,0,0,20,20,-150,0,0,0,0,2.366
24990,2.6296,2.4418,-0.00,2.6296,2.4437,2,1,1,0,0,20,20,-150,0,0,0,0,2.360
25000,2.6231,2.4390,-0.00,2.6231,2.4409,2,1,1,0,0,20,20,-150,0,0,0,0,2.353
25010,2.6164,2.4361,-0.00,2.6164,2.4381,2,1,1,0,0,20,20,-150,0,0,0,0,2.346
25020,2.6095,2.4335,-0.00,2.6095,2.4354,2,1,1,0,0,20,20,-150,0,0,0,0,2.340
25030,2.6025,2.4335,-0.00,2.6025,2.4354,2,1,1,0,0,20,20,-150,0,0,0,0,2.332
25040,2.5952,2.4335,-0.00,2.5952,2.4354,2,1,1,0,0,20,20,-150,0,0,0,0,2.325
25050,2.5877,2.4335,-0.00,2.5877,2.4354,2,1,1,0,0,20,20,-150,0,0,0,0,2.318
25060,2.5801,2.4335,-0.00,2.5801,2.4354,2,1,1,0,0,20,20,-150,0,0,0,0,2.310
25070,2.5722,2.4335,-0.00,2.5722,2.4354,2,1,1,0,0,20,20,-150,0,0,0,0,2.302
25080,2.5641,2.4335,-0.00,2.5641,2.4354,2,1,1,0,0,20,20,-150,0,0,0,0,2.294
25090,2.5559,2.4335,-0.00,2.5559,2.4354,2,1,1,0,0,20,20,-150,0,0,0,0,2.286
25100,2.5474,2.4335,-0.00,2.5474,2.4354,2,1,1,0,0,20,20,-150,0,0,0,0,2.277
25110,2.5387,2.4335,-0.00,2.5387,2.4354,2,1,1,0,0,20,20,-150,0,0,0,0,2.269
25120,2.5298,2.4335,-0.00,2.5298,2.4354,2,1,1,0,0,20,20,-150,0,0,0,0,2.260
25130,2.5208,2.4335,0.00,2.5208,2.4354,2,1,1,0,0,20,20,-150,0,1,0,0,2.251
25140,2.5116,2.4335,0.00,2.5116,2.4354,2,1,1,0,0,20,20,-150,0,1,0,0,2.242
25150,2.5023,2.4335,0.00,2.5023,2.4354,2,1,1,0,0,20,20,-150,0,1,0,0,2.232
25160,2.4929,2.4335,0.00,2.4929,2.4354,2,1,1,0,0,20,20,-150,0,1,0,0,2.223
25170,2.4834,2.4335,0.00,2.4834,2.4354,2,1,1,0,0,20,20,-150,0,1,0,0,2.213
25180,2.4738,2.4335,0.00,2.4738,2.4354,2,1,1,0,0,20,20,-150,0,1,0,0,2.204
25190,2.4642,2.4335,0.00,2.4642,2.4354,2,1,1,0,0,20,20,-150,0,1,0,0,2.194
25200,2.4544,2.4335,0.00,2.4544,2.4354,2,1,1,0,0,20,20,-150,0,1,0,0,2.184
25210,2.4445,2.4335,0.00,2.4445,2.4354,2,1,1,0,0,20,20,-150,0,1,0,0,2.174
25220,2.4345,2.4335,-0.00,2.4345,2.4354,2,1,1,0,0,20,20,-150,0,0,0,0,2.164
25230,2.4244,2.4335,-0.00,2.4244,2.4354,2,1,1,0,0,20,20,-150,0,0,0,0,2.154
25240,2.4142,2.4335,-0.00,2.4142,2.4354,2,1,1,0,0,20,20,-150,0,0,0,0,2.144
25250,2.4039,2.4335,-0.00,2.4039,2.4354,2,1,1,0,0,20,20,-150,0,0,0,0,2.134
25260,2.3935,2.4335,-0.00,2.3935,2.4354,2,1,1,0,0,20,20,-150,0,0,0,0,2.124
25270,2.3831,2.4335,-0.00,2.3831,2.4354,2,1,1,0,0,20,20,-150,0,0,0,0,2.113
25280,2.3725,2.4335,-0.00,2.3725,2.4354,2,1,1,0,0,20,20,-150,0,0,0,0,2.102
25290,2.3618,2.4335,0.00,2.3618,2.4354,2,1,1,0,0,20,20,-150,0,1,0,0,2.092
25300,2.3510,2.4335,0.00,2.3510,2.4354,2,1,1,0,0,20,20,-150,0,1,0,0,2.081
25310,2.3401,2.4335,0.00,2.3401,2.4354,2,1,1,0,0,20,20,-150,0,1,0,0,2.070
25320,2.3291,2.4335,0.00,2.3291,2.4354,2,1,1,0,0,20,20,-150,0,1,0,0,2.059
25330,2.3180,2.4335,0.00,2.3180,2.4354,2,1,1,0,0,20,20,-150,0,1,0,0,2.048
25340,2.3068,2.4335,0.00,2.3068,2.4354,2,1,1,0,0,20,20,-150,0,1,0,0,2.037
25350,2.2956,2.4335,0.00,2.2956,2.4354,2,1,1,0,0,20,20,-150,0,1,0,0,2.026
25360,2.2842,2.4335,0.00,2.2842,2.4354,2,1,1,0,0,20,20,-150,0,1,0,0,2.014
25370,2.2727,2.4335,0.00,2.2727,2.4354,2,1,1,0,0,20,20,-150,0,1,0,0,2.003
25380,2.2611,2.4335,0.00,2.2611,2.4354,2,1,1,0,0,20,20,-150,0,1,0,0,1.991
25390,2.2494,2.4335,0.00,2.2494,2.4354,2,1,1,0,0,20,20,-150,0,1,0,0,1.979
25400,2.2376,2.4335,0.00,2.2376,2.4354,2,1,1,0,0,20,20,-150,0,1,0,0,1.968
25410,2.2257,2.4335,0.00,2.2257,2.4354,2,1,1,0,0,20,20,-150,0,1,0,0,1.956
25420,2.2138,2.4335,0.00,2.2138,2.4354,2,1,1,0,0,20,20,-150,0,1,0,0,1.944
25430,2.2019,2.4335,0.00,2.2019,2.4354,2,1,1,0,0,20,20,-150,0,1,0,0,1.932
25440,2.1899,2.4335,0.00,2.1899,2.4354,2,1,1,0,0,20,20,-150,0,1,0,0,1.920
25450,2.1780,2.4335,0.00,2.1780,2.4354,2,1,1,0,0,20,20,-150,0,1,0,0,1.908
25460,2.1660,2.4335,0.00,2.1660,2.4354,2,1,1,0,0,20,20,-150,0,1,0,0,1.896
25470,2.1541,2.4335,0.00,2.1541,2.4354,2,1,1,0,0,20,20,-150,0,1,0,0,1.884
25480,2.1422,2.4335,0.00,2.1422,2.4354,2,1,1,0,0,20,20,-150,0,1,0,0,1.872
25490,2.1302,2.4335,0.00,2.1302,2.4354,2,1,1,0,0,20,20,-150,0,1,0,0,1.860
25500,2.1183,2.4335,0.00,2.1183,2.4354,2,1,1,0,0,20,20,-150,0,1,0,0,1.848
25510,2.1063,2.4335,0.00,2.1063,2.4354,2,1,1,0,0,20,20,-150,0,1,0,0,1.836
25520,2.0944,2.4335,0.00,2.0944,2.4354,2,1,1,0,0,20,20,-150,0,1,0,0,1.824
25530,2.0825,2.4335,0.00,2.0825,2.4354,2,1,1,0,0,20,20,-150,0,1,0,0,1.812
25540,2.0705,2.4335,0.00,2.0705,2.4354,2,1,1,0,0,20,20,-150,0,1,0,0,1.801
25550,2.0586,2.4335,0.00,2.0586,2.4354,2,1,1,0,0,20,20,-150,0,1,0,0,1.789
25560,2.0467,2.4335,0.00,2.0467,2.4354,2,1,1,0,0,20,20,-150,0,1,0,0,1.777
25570,2.0347,2.4335,0.00,2.0347,2.4354,2,1,1,0,0,20,20,-150,0,1,0,0,1.765
25580,2.0228,2.4335,0.00,2.0228,2.4354,2,1,1,0,0,20,20,-150,0,1,0,0,1.753
25590,2.0108,2.4335,0.00,2.0108,2.4354,2,1,1,0,0,20,20,-150,0,1,0,0,1.741
25600,1.9989,2.4335,0.00,1.9989,2.4354,2,1,1,0,0,20,20,-150,0,1,0,0,1.729
25610,1.9870,2.4335,0.00,1.9870,2.4354,2,1,1,0,0,20,20,-150,0,1,0,0,1.717
25620,1.9750,2.4335,0.00,1.9750,2.4354,2,1,1,0,0,20,20,-150,0,1,0,0,1.705
25630,1.9631,2.4335,0.00,1.9631,2.4354,2,1,1,0,0,20,20,-150,0,1,0,0,1.693
25640,1.9512,2.4335,0.00,1.9512,2.4354,2,1,1,0,0,20,20,-150,0,1,0,0,1.681
25650,1.9392,2.4335,0.00,1.9392,2.4354,2,1,1,0,0,20,20,-150,0,1,0,0,1.669
25660,1.9273,2.4335,0.00,1.9273,2.4354,2,1,1,0,0,20,20,-150,0,1,0,0,1.657
25670,1.9153,2.4335,0.00,1.9153,2.4354,2,1,1,0,0,20,20,-150,0,1,0,0,1.645
25680,1.9034,2.4335,0.00,1.9034,2.4354,2,1,1,0,0,20,20,-150,0,1,0,0,1.633
25690,1.8915,2.4335,0.00,1.8915,2.4354,2,1,1,0,0,20,20,-150,0,1,0,0,1.621
25700,1.8795,2.4335,0.00,1.8795,2.4354,2,1,1,0,0,20,20,-150,0,1,0,0,1.610
25710,1.8676,2.4335,0.00,1.8676,2.4354,2,1,1,0,0,20,20,-150,0,1,0,0,1.598
25720,1.8556,2.4335,0.00,1.8556,2.4354,2,1,1,0,0,20,20,-150,0,1,0,0,1.586
25730,1.8437,2.4335,0.00,1.8437,2.4354,2,1,1,0,0,20,20,-150,0,1,0,0,1.574
25740,1.8318,2.4335,0.00,1.8318,2.4354,2,1,1,0,0,20,20,-150,0,1,0,0,1.562
25750,1.8198,2.4335,0.00,1.8198,2.4354,2,1,1,0,0,20,20,-150,0,1,0,0,1.550
25760,1.8079,2.4335,0.00,1.8079,2.4354,2,1,1,0,0,20,20,-150,0,1,0,0,1.538
25770,1.7960,2.4335,0.00,1.7960,2.4354,2,1,1,0,0,20,20,-150,0,1,0,0,1.526
25780,1.7840,2.4335,0.00,1.7840,2.4354,2,1,1,0,0,20,20,-150,0,1,0,0,1.514
25790,1.7721,2.4335,0.00,1.7721,2.4354,2,1,1,0,0,20,20,-150,0,1,0,0,1.502
25800,1.7601,2.4335,0.00,1.7601,2.4354,2,1,1,0,0,20,20,-150,0,1,0,0,1.490
25810,1.7482,2.4335,0.00,1.7482,2.4354,2,1,1,0,0,20,20,-150,0,1,0,0,1.478
25820,1.7363,2.4335,0.00,1.7363,2.4354,2,1,1,0,0,20,20,-150,0,1,0,0,1.466
25830,1.7243,2.4335,0.00,1.7243,2.4354,2,1,1,0,0,20,20,-150,0,1,0,0,1.454
25840,1.7124,2.4335,0.00,1.7124,2.4354,2,1,1,0,0,20,20,-150,0,1,0,0,1.442
25850,1.7005,2.4335,0.00,1.7005,2.4354,2,1,1,0,0,20,20,-150,0,1,0,0,1.430
25860,1.6885,2.4335,0.00,1.6885,2.4354,2,1,1,0,0,20,20,-150,0,1,0,0,1.419
25870,1.6766,2.4335,0.00,1.6766,2.4354,2,1,1,0,0,20,20,-150,0,1,0,0,1.407
25880,1.6646,2.4335,0.00,1.6646,2.4354,2,1,1,0,0,20,20,-150,0,1,0,0,1.395
25890,1.6527,2.4335,0.00,1.6527,2.4354,2,1,1,0,0,20,20,-150,0,1,0,0,1.383
25900,1.6408,2.4335,0.00,1.6408,2.4354,2,1,1,0,0,20,20,-150,0,1,0,0,1.371
25910,1.6288,2.4335,0.00,1.6288,2.4354,2,1,1,0,0,20,20,-150,0,1,0,0,1.359
25920,1.6169,2.4335,0.00,1.6169,2.4354,2,1,1,0,0,20,20,-150,0,1,0,0,1.347
25930,1.6050,2.4335,0.00,1.6050,2.4354,2,1,1,0,0,20,20,-150,0,1,0,0,1.335
25940,1.5930,2.4335,0.00,1.5930,2.4354,2,1,1,0,0,20,20,-150,0,1,0,0,1.323
25950,1.5811,2.4335,0.00,1.5811,2.4354,2,1,1,0,0,20,20,-150,0,1,0,0,1.311
25960,1.5691,2.4335,0.00,1.5691,2.4354,2,1,1,0,0,20,20,-150,0,1,0,0,1.299
25970,1.5572,2.4335,0.00,1.5572,2.4354,2,1,1,0,0,20,20,-150,0,1,0,0,1.287
25980,1.5453,2.4335,0.00,1.5453,2.4354,2,1,1,0,0,20,20,-150,0,1,0,0,1.275
25990,1.5333,2.4335,0.00,1.5333,2.4354,2,1,1,0,0,20,20,-150,0,1,0,0,1.263
26000,1.5214,2.4335,0.00,1.5214,2.4354,2,1,1,0,0,20,20,-150,0,1,0,0,1.251
26010,1.5094,2.4335,0.00,1.5094,2.4354,2,1,1,0,0,20,20,-150,0,1,0,0,1.239
26020,1.4975,2.4335,0.00,1.4975,2.4354,2,1,1,0,0,20,20,-150,0,1,0,0,1.228
26030,1.4856,2.4335,0.00,1.4856,2.4354,2,1,1,0,0,20,20,-150,0,1,0,0,1.216
26040,1.4736,2.4335,0.00,1.4736,2.4354,2,1,1,0,0,20,20,-150,0,1,0,0,1.204
26050,1.4617,2.4335,0.00,1.4617,2.4354,2,1,1,0,0,20,20,-150,0,1,0,0,1.192
26060,1.4498,2.4335,0.00,1.4498,2.4354,2,1,1,0,0,20,20,-150,0,1,0,0,1.180
26070,1.4378,2.4335,0.00,1.4378,2.4354,2,1,1,0,0,20,20,-150,0,1,0,0,1.168
26080,1.4259,2.4335,0.00,1.4259,2.4354,2,1,1,0,0,20,20,-150,0,1,0,0,1.156
26090,1.4139,2.4335,0.00,1.4139,2.4354,2,1,1,0,0,20,20,-150,0,1,0,0,1.144
26100,1.4020,2.4335,0.00,1.4020,2.4354,2,1,1,0,0,20,20,-150,0,1,0,0,1.132
26110,1.3901,2.4335,0.00,1.3901,2.4354,2,1,1,0,0,20,20,-150,0,1,0,0,1.120
26120,1.3781,2.4335,0.00,1.3781,2.4354,2,1,1,0,0,20,20,-150,0,1,0,0,1.108
26130,1.3662,2.4335,0.00,1.3662,2.4354,2,1,1,0,0,20,20,-150,0,1,0,0,1.096
26140,1.3543,2.4335,0.00,1.3543,2.4354,2,1,1,0,0,20,20,-150,0,1,0,0,1.084
26150,1.3423,2.4335,0.00,1.3423,2.4354,2,1,1,0,0,20,20,-150,0,1,0,0,1.072
26160,1.3304,2.4335,0.00,1.3304,2.4354,2,1,1,0,0,20,20,-150,0,1,0,0,1.060
26170,1.3184,2.4335,0.00,1.3184,2.4354,2,1,1,0,0,20,20,-150,0,1,0,0,1.048
26180,1.3065,2.4335,0.00,1.3065,2.4354,2,1,1,0,0,20,20,-150,0,1,0,0,1.036
26190,1.2946,2.4335,0.00,1.2946,2.4354,2,1,1,0,0,20,20,-150,0,1,0,0,1.025
26200,1.2826,2.4335,0.00,1.2826,2.4354,2,1,1,0,0,20,20,-150,0,1,0,0,1.013
26210,1.2707,2.4335,0.00,1.2707,2.4354,2,1,1,0,0,20,20,-150,0,1,0,0,1.001
26220,1.2587,2.4335,0.00,1.2587,2.4354,2,1,1,0,0,20,20,-150,0,1,0,0,0.989
26230,1.2468,2.4335,0.00,1.2468,2.4354,2,1,1,0,0,20,20,-150,0,1,0,0,0.977
26240,1.2349,2.4335,0.00,1.2349,2.4354,2,1,1,0,0,20,20,-150,0,1,0,0,0.965
26250,1.2229,2.4335,0.00,1.2229,2.4354,2,1,1,0,0,20,20,-150,0,1,0,0,0.953
26260,1.2110,2.4335,0.00,1.2110,2.4354,2,1,1,0,0,20,20,-150,0,1,0,0,0.941
26270,1.1991,2.4335,0.00,1.1991,2.4354,2,1,1,0,0,20,20,-150,0,1,0,0,0.929
26280,1.1871,2.4335,0.00,1.1871,2.4354,2,1,1,0,0,20,20,-150,0,1,0,0,0.917
26290,1.1752,2.4335,0.00,1.1752,2.4354,2,1,1,0,0,20,20,-150,0,1,0,0,0.905
26300,1.1632,2.4335,0.00,1.1632,2.4354,2,1,1,0,0,20,20,-150,0,1,0,0,0.893
26310,1.1513,2.4335,0.00,1.1513,2.4354,2,1,1,0,0,20,20,-150,0,1,0,0,0.881
26320,1.1394,2.4335,0.00,1.1394,2.4354,2,1,1,0,0,20,20,-150,0,1,0,0,0.869
26330,1.1274,2.4335,0.00,1.1274,2.4354,2,1,1,0,0,20,20,-150,0,1,0,0,0.857
26340,1.1155,2.4335,0.00,1.1155,2.4354,2,1,1,0,0,20,20,-150,0,1,0,0,0.845
26350,1.1036,2.4335,0.00,1.1036,2.4354,2,1,1,0,0,20,20,-150,0,1,0,0,0.834
26360,1.0916,2.4335,0.00,1.0916,2.4354,2,1,1,0,0,20,20,-150,0,1,0,0,0.822
26370,1.0797,2.4335,0.00,1.0797,2.4354,2,1,1,0,0,20,20,-150,0,1,0,0,0.810
26380,1.0677,2.4335,0.00,1.0677,2.4354,2,1,1,0,0,20,20,-150,0,1,0,0,0.798
26390,1.0558,2.4335,0.00,1.0558,2.4354,2,1,1,0,0,20,20,-150,0,1,0,0,0.786
26400,1.0439,2.4335,0.00,1.0439,2.4354,2,1,1,0,0,20,20,-150,0,1,0,0,0.774
26410,1.0319,2.4335,0.00,1.0319,2.4354,2,1,1,0,0,20,20,-150,0,1,0,0,0.762
26420,1.0200,2.4335,0.00,1.0200,2.4354,2,1,1,0,0,20,20,-150,0,1,0,0,0.750
26430,1.0080,2.4335,0.00,1.0080,2.4354,2,1,1,0,0,20,20,-150,0,1,0,0,0.738
26440,0.9961,2.4335,0.00,0.9961,2.4354,2,1,1,0,0,20,20,-150,0,1,0,0,0.726
26450,0.9842,2.4335,0.00,0.9842,2.4354,2,1,1,0,0,20,20,-150,0,1,0,0,0.714
26460,0.9722,2.4335,0.00,0.9722,2.4354,2,1,1,0,0,20,20,-150,0,1,0,0,0.702
26470,0.9603,2.4335,0.00,0.9603,2.4354,2,1,1,0,0,20,20,-150,0,1,0,0,0.690
26480,0.9484,2.4335,0.00,0.9484,2.4354,2,1,1,0,0,20,20,-150,0,1,0,0,0.678
26490,0.9364,2.4335,0.00,0.9364,2.4354,2,1,1,0,0,20,20,-150,0,1,0,0,0.666
26500,0.9245,2.4335,0.00,0.9245,2.4354,2,1,1,0,0,20,20,-150,0,1,0,0,0.654
26510,0.9125,2.4335,0.00,0.9125,2.4354,2,1,1,0,0,20,20,-150,0,1,0,0,0.643
26520,0.9006,2.4335,0.00,0.9006,2.4354,2,1,1,0,0,20,20,-150,0,1,0,0,0.631
26530,0.8887,2.4335,0.00,0.8887,2.4354,2,1,1,0,0,20,20,-150,0,1,0,0,0.619
26540,0.8767,2.4335,0.00,0.8767,2.4354,2,1,1,0,0,20,20,-150,0,1,0,0,0.607
26550,0.8648,2.4335,0.00,0.8648,2.4354,2,1,1,0,0,20,20,-150,0,1,0,0,0.595
26560,0.8529,2.4335,0.00,0.8529,2.4354,2,1,1,0,0,20,20,-150,0,1,0,0,0.583
26570,0.8409,2.4335,0.00,0.8409,2.4354,2,1,1,0,0,20,20,-150,0,1,0,0,0.571
26580,0.8290,2.4335,0.00,0.8290,2.4354,2,1,1,0,0,20,20,-150,0,1,0,0,0.559
26590,0.8170,2.4335,0.00,0.8170,2.4354,2,1,1,0,0,20,20,-150,0,1,0,0,0.547
26600,0.8051,2.4335,0.00,0.8051,2.4354,2,1,1,0,0,20,20,-149,0,1,0,0,0.535
26610,0.7933,2.4335,0.00,0.7933,2.4354,2,1,1,0,0,20,20,-147,0,1,0,0,0.523
26620,0.7817,2.4335,0.00,0.7817,2.4354,2,1,1,0,0,20,20,-145,0,1,0,0,0.512
26630,0.7702,2.4335,0.00,0.7702,2.4354,2,1,1,0,0,20,20,-143,0,1,0,0,0.500
26640,0.7588,2.4335,0.00,0.7588,2.4354,2,1,1,0,0,20,20,-141,0,1,0,0,0.489
26650,0.7476,2.4335,0.00,0.7476,2.4354,2,1,1,0,0,20,20,-140,0,1,0,0,0.478
26660,0.7366,2.4335,0.00,0.7366,2.4354,2,1,1,0,0,20,20,-138,0,1,0,0,0.467
26670,0.7256,2.4335,0.00,0.7256,2.4354,2,1,1,0,0,20,20,-136,0,1,0,0,0.456
26680,0.7149,2.4335,0.00,0.7149,2.4354,2,1,1,0,0,20,20,-134,0,1,0,0,0.445
26690,0.7042,2.4335,0.00,0.7042,2.4354,2,1,1,0,0,20,20,-132,0,1,0,0,0.434
26700,0.6937,2.4335,0.00,0.6937,2.4354,2,1,1,0,0,20,20,-131,0,1,0,0,0.424
26710,0.6834,2.4335,0.00,0.6834,2.4354,2,1,1,0,0,20,20,-129,0,1,0,0,0.413
26720,0.6732,2.4335,0.00,0.6732,2.4354,2,1,1,0,0,20,20,-127,0,1,0,0,0.403
26730,0.6631,2.4335,0.00,0.6631,2.4354,2,1,1,0,0,20,20,-125,0,1,0,0,0.393
26740,0.6532,2.4335,0.00,0.6532,2.4354,2,1,1,0,0,20,20,-123,0,1,0,0,0.383
26750,0.6434,2.4335,0.00,0.6434,2.4354,2,1,1,0,0,20,20,-122,0,1,0,0,0.373
26760,0.6337,2.4335,0.00,0.6337,2.4354,2,1,1,0,0,20,20,-120,0,1,0,0,0.364
26770,0.6242,2.4335,0.00,0.6242,2.4354,2,1,1,0,0,20,20,-118,0,1,0,0,0.354
26780,0.6149,2.4335,0.00,0.6149,2.4354,2,1,0,0,0,20,20,-116,0,1,0,0,0.345
26790,0.6057,2.4335,0.00,0.6057,2.4354,2,1,0,0,0,20,20,-115,0,1,0,0,0.336
26800,0.5966,2.4335,0.00,0.5966,2.4354,2,1,0,0,0,20,20,-113,0,1,0,0,0.327
26810,0.5876,2.4335,0.00,0.5876,2.4354,2,1,0,0,0,20,20,-111,0,1,0,0,0.318
26820,0.5788,2.4335,0.00,0.5788,2.4354,2,1,0,0,0,20,20,-109,0,1,0,0,0.309
26830,0.5702,2.4335,0.00,0.5702,2.4354,2,1,0,0,0,20,20,-108,0,1,0,0,0.300
26840,0.5616,2.4335,0.00,0.5616,2.4354,2,1,0,0,0,20,20,-106,0,1,0,0,0.292
26850,0.5533,2.4335,0.00,0.5533,2.4354,2,1,0,0,0,20,20,-104,0,1,0,0,0.283
26860,0.5450,2.4335,0.00,0.5450,2.4354,2,1,0,0,0,20,20,-102,0,1,0,0,0.275
26870,0.5369,2.4335,0.00,0.5369,2.4354,2,1,0,0,0,20,20,-101,0,1,0,0,0.267
26880,0.5289,2.4335,0.00,0.5289,2.4354,2,1,0,0,0,20,20,-99,0,1,0,0,0.259
26890,0.5211,2.4335,0.00,0.5211,2.4354,2,1,0,0,0,20,20,-97,0,1,0,0,0.251
26900,0.5134,2.4335,0.00,0.5134,2.4354,3,1,1,0,0,20,20,0,0,0,0,0,1000.000
26910,0.5059,2.4335,0.00,0.5059,2.4354,3,1,1,0,0,20,20,0,0,0,0,0,1000.000
26920,0.4985,2.4335,0.00,0.4985,2.4354,3,1,1,0,0,20,20,0,0,0,0,0,1000.000
26930,0.4914,2.4335,0.00,0.4914,2.4354,3,1,1,0,0,20,20,0,0,0,0,0,1000.000
26940,0.4844,2.4335,0.00,0.4844,2.4354,3,1,1,0,0,20,20,0,0,0,0,0,1000.000
26950,0.4777,2.4335,0.00,0.4777,2.4354,3,1,1,0,0,20,20,0,-150,0,0,0,0.987
26960,0.4711,2.4335,0.00,0.4711,2.4354,3,1,1,0,0,20,20,0,-150,0,0,0,0.987
26970,0.4648,2.4335,0.00,0.4648,2.4354,3,1,1,0,0,20,20,0,-150,0,0,0,0.987
26980,0.4586,2.4335,0.00,0.4586,2.4354,3,1,1,0,0,20,20,0,-150,0,0,0,0.987
26990,0.4527,2.4335,0.00,0.4527,2.4354,3,1,1,0,0,20,20,0,-150,0,0,0,0.987
27000,0.4469,2.4335,0.00,0.4469,2.4354,3,1,1,0,0,20,20,0,-150,0,0,0,0.987
27010,0.4414,2.4335,0.00,0.4414,2.4354,3,1,1,0,0,20,20,0,-150,0,0,0,0.987
27020,0.4360,2.4335,0.00,0.4360,2.4354,3,1,1,0,0,20,20,0,-150,0,0,0,0.987
27030,0.4309,2.4335,0.00,0.4309,2.4354,3,1,1,0,0,20,20,0,-150,0,0,0,0.987
27040,0.4259,2.4335,0.00,0.4259,2.4354,3,1,1,0,0,20,20,0,-150,0,0,0,0.987
27050,0.4212,2.4335,0.00,0.4212,2.4354,3,1,1,0,0,20,19,0,-150,0,0,0,0.987
27060,0.4166,2.4335,0.00,0.4166,2.4354,3,1,1,0,0,20,19,0,-150,0,0,0,0.987
27070,0.4122,2.4334,0.00,0.4122,2.4353,3,1,1,0,0,20,19,0,-150,0,0,0,0.987
27080,0.4078,2.4332,0.00,0.4078,2.4351,3,1,1,0,0,20,19,0,-150,0,0,0,0.987
27090,0.4033,2.4327,-0.00,0.4033,2.4346,3,1,1,0,0,20,19,0,-150,0,0,0,0.986
27100,0.3989,2.4320,-0.00,0.3989,2.4339,3,1,1,0,0,20,17,0,0,0,0,0,0.985
27110,0.3946,2.4313,-0.00,0.3946,2.4332,3,1,1,0,0,20,17,0,-150,0,0,0,0.985
27120,0.3905,2.4305,-0.00,0.3905,2.4324,3,1,1,0,0,20,17,0,-150,0,0,0,0.984
27130,0.3866,2.4297,-0.00,0.3866,2.4317,3,1,1,0,0,20,17,0,-150,0,0,0,0.983
27140,0.3829,2.4290,-0.00,0.3829,2.4309,3,1,1,0,0,20,17,0,-150,0,0,0,0.982
27150,0.3794,2.4282,-0.00,0.3794,2.4301,3,1,1,0,0,20,15,0,-150,0,0,0,0.982
27160,0.3761,2.4275,-0.00,0.3761,2.4294,3,1,1,0,0,20,15,0,-150,0,0,0,0.981
27170,0.3729,2.4267,-0.00,0.3729,2.4286,3,1,1,0,0,20,15,0,-150,0,0,0,0.980
27180,0.3700,2.4259,-0.00,0.3700,2.4279,3,1,1,0,0,20,15,0,-150,0,0,0,0.979
27190,0.3673,2.4252,-0.00,0.3673,2.4271,3,1,1,0,0,20,15,0,-150,0,0,0,0.979
27200,0.3648,2.4244,-0.00,0.3648,2.4263,3,1,1,0,0,20,14,0,-150,0,0,0,0.978
27210,0.3622,2.4234,-0.00,0.3622,2.4253,3,1,1,0,0,20,14,0,-150,0,0,0,0.977
27220,0.3597,2.4222,-0.00,0.3597,2.4241,3,1,1,0,0,20,14,0,-150,0,0,0,0.976
27230,0.3571,2.4208,-0.00,0.3571,2.4227,3,1,1,0,0,20,14,0,-150,0,0,0,0.974
27240,0.3546,2.4192,-0.00,0.3546,2.4211,3,1,1,0,0,20,14,0,-150,0,0,0,0.973
27250,0.3521,2.4174,-0.00,0.3521,2.4193,3,1,1,0,0,20,12,0,0,0,0,0,0.971
27260,0.3496,2.4155,-0.00,0.3496,2.4175,3,1,1,0,0,20,12,0,0,0,0,0,0.969
27270,0.3474,2.4137,-0.00,0.3474,2.4156,3,1,1,0,0,20,12,0,0,0,0,0,0.967
27280,0.3454,2.4118,-0.00,0.3454,2.4137,3,1,1,0,0,20,12,0,-150,0,0,0,0.965
27290,0.3435,2.4099,-0.00,0.3435,2.4118,3,1,1,0,0,20,12,0,-150,0,0,0,0.963
27300,0.3419,2.4080,-0.00,0.3419,2.4099,3,1,1,0,0,20,11,0,0,0,0,0,0.961
27310,0.3404,2.4062,-0.00,0.3404,2.4082,3,1,1,0,0,20,11,0,0,0,0,0,0.960
27320,0.3388,2.4047,-0.00,0.3388,2.4066,3,1,1,0,0,20,11,0,0,0,0,0,0.958
27330,0.3374,2.4032,-0.00,0.3374,2.4051,3,1,1,0,0,20,11,0,0,0,0,0,0.957
27340,0.3360,2.4019,-0.00,0.3360,2.4038,3,1,1,0,0,20,11,0,0,0,0,0,0.955
27350,0.3348,2.4006,-0.00,0.3348,2.4025,3,1,1,0,0,20,11,0,-150,0,0,0,0.954
27360,0.3337,2.3993,-0.00,0.3337,2.4013,3,1,1,0,0,20,11,0,-150,0,0,0,0.953
27370,0.3328,2.3981,-0.00,0.3328,2.4000,3,1,1,0,0,20,11,0,-150,0,0,0,0.952
27380,0.3322,2.3969,-0.00,0.3322,2.3988,3,1,1,0,0,20,11,0,-150,0,0,0,0.950
27390,0.3317,2.3956,-0.00,0.3317,2.3975,3,1,1,0,0,20,11,0,-150,0,0,0,0.949
27400,0.3313,2.3942,-0.00,0.3313,2.3961,3,1,1,0,0,20,10,0,0,0,0,0,0.948
27410,0.3308,2.3929,-0.00,0.3308,2.3948,3,1,1,0,0,20,10,0,0,0,0,0,0.946
27420,0.3304,2.3917,-0.00,0.3304,2.3936,3,1,1,0,0,20,10,0,0,0,0,0,0.945
27430,0.3300,2.3907,-0.00,0.3300,2.3927,3,1,1,0,0,20,10,0,0,0,0,0,0.944
27440,0.3296,2.3900,-0.00,0.3296,2.3919,3,1,1,0,0,20,10,0,0,0,0,0,0.943
27450,0.3292,2.3894,-0.00,0.3292,2.3913,3,1,1,0,0,20,10,0,0,0,0,0,0.943
27460,0.3288,2.3890,-0.00,0.3288,2.3909,3,1,1,0,0,20,10,0,0,0,0,0,0.942
27470,0.3285,2.3887,-0.00,0.3285,2.3906,3,1,1,0,0,20,10,0,-150,0,0,0,0.942
27480,0.3284,2.3884,-0.00,0.3284,2.3903,3,1,1,0,0,20,10,0,-150,0,0,0,0.942
27490,0.3283,2.3879,-0.00,0.3283,2.3898,3,1,1,0,0,20,10,0,-150,0,0,0,0.941
27500,0.3282,2.3872,-0.00,0.3282,2.3891,3,1,1,0,0,20,10,0,-150,0,0,0,0.941
27510,0.3281,2.3863,-0.00,0.3281,2.3882,3,1,1,0,0,20,10,0,-150,0,0,0,0.940
27520,0.3280,2.3852,-0.00,0.3280,2.3872,3,1,1,0,0,20,10,0,-150,0,0,0,0.939
27530,0.3279,2.3840,-0.00,0.3279,2.3859,3,1,1,0,0,20,10,0,-150,0,0,0,0.937
27540,0.3278,2.3825,-0.00,0.3278,2.3844,3,1,1,0,0,20,10,0,-150,0,0,0,0.936
27550,0.3277,2.3808,-0.00,0.3277,2.3827,3,1,1,0,0,20,10,0,-150,0,0,0,0.934
27560,0.3276,2.3789,-0.00,0.3276,2.3808,3,1,1,0,0,20,10,0,-150,0,0,0,0.932
27570,0.3275,2.3768,-0.00,0.3275,2.3787,3,1,1,0,0,20,10,0,-150,0,0,0,0.930
27580,0.3274,2.3745,-0.00,0.3274,2.3764,3,1,1,0,0,20,10,0,-150,0,0,0,0.928
27590,0.3273,2.3720,-0.00,0.3273,2.3739,3,1,1,0,0,20,10,0,-150,0,0,0,0.925
27600,0.3272,2.3693,-0.00,0.3272,2.3712,3,1,1,0,0,20,10,0,-150,0,0,0,0.923
27610,0.3271,2.3664,-0.00,0.3271,2.3684,3,1,1,0,0,20,10,0,-150,0,0,0,0.920
27620,0.3270,2.3634,-0.00,0.3270,2.3653,3,1,1,0,0,20,10,0,-150,0,0,0,0.917
27630,0.3269,2.3601,-0.00,0.3269,2.3620,3,1,1,0,0,20,10,0,-150,0,0,0,0.913
27640,0.3268,2.3566,-0.00,0.3268,2.3585,3,1,1,0,0,20,10,0,-150,0,0,0,0.910
27650,0.3267,2.3529,-0.00,0.3267,2.3548,3,1,1,0,0,20,10,0,-150,0,0,0,0.906
27660,0.3266,2.3490,-0.00,0.3266,2.3509,3,1,1,0,0,20,10,0,-150,0,0,0,0.902
27670,0.3265,2.3449,-0.00,0.3265,2.3468,3,1,1,0,0,20,10,0,-150,0,0,0,0.898
27680,0.3264,2.3406,-0.00,0.3264,2.3425,3,1,1,0,0,20,10,0,-150,0,0,0,0.894
27690,0.3263,2.3361,-0.00,0.3263,2.3380,3,1,1,0,0,20,10,0,-150,0,0,0,0.890
27700,0.3262,2.3314,-0.00,0.3262,2.3334,3,1,1,0,0,20,10,0,-150,0,0,0,0.885
27710,0.3261,2.3266,-0.00,0.3261,2.3285,3,1,1,0,0,20,10,0,-150,0,0,0,0.880
27720,0.3260,2.3215,-0.00,0.3260,2.3234,3,1,1,0,0,20,10,0,-150,0,0,0,0.875
27730,0.3259,2.3162,-0.00,0.3259,2.3181,3,1,1,0,0,20,10,0,-150,0,0,0,0.870
27740,0.3258,2.3107,-0.00,0.3258,2.3126,3,1,1,0,0,20,10,0,-150,0,0,0,0.864
27750,0.3257,2.3050,-0.00,0.3257,2.3069,3,1,1,0,0,20,10,0,-150,0,0,0,0.858
27760,0.3256,2.2991,-0.00,0.3256,2.3010,3,1,1,0,0,20,10,0,-150,0,0,0,0.853
27770,0.3255,2.2930,-0.00,0.3255,2.2949,3,1,1,0,0,20,10,0,-150,0,0,0,0.846
27780,0.3254,2.2867,-0.00,0.3254,2.2886,3,1,1,0,0,20,10,0,-150,0,0,0,0.840
27790,0.3253,2.2802,-0.00,0.3253,2.2822,3,1,1,0,0,20,10,0,-150,0,0,0,0.834
27800,0.3252,2.2736,-0.00,0.3252,2.2755,3,1,1,0,0,20,10,0,-150,0,0,0,0.827
27810,0.3251,2.2667,-0.00,0.3251,2.2686,3,1,1,0,0,20,10,0,-150,0,0,0,0.820
27820,0.3250,2.2596,-0.00,0.3250,2.2615,3,1,1,0,0,20,10,0,-150,0,0,0,0.813
27830,0.3249,2.2523,-0.00,0.3249,2.2542,3,1,1,0,0,20,10,0,-150,0,0,0,0.806
27840,0.3248,2.2448,-0.00,0.3248,2.2467,3,1,1,0,0,20,10,0,-150,0,0,0,0.798
27850,0.3247,2.2371,-0.00,0.3247,2.2390,3,1,1,0,0,20,10,0,-150,0,0,0,0.791
27860,0.3246,2.2292,-0.00,0.3246,2.2311,3,1,1,0,0,20,10,0,-150,0,0,0,0.783
27870,0.3245,2.2211,-0.00,0.3245,2.2230,3,1,1,0,0,20,10,0,-150,0,0,0,0.775
27880,0.3244,2.2128,-0.00,0.3244,2.2148,3,1,1,0,0,20,10,0,-150,0,0,0,0.766
27890,0.3243,2.2043,-0.00,0.3243,2.2063,3,1,1,0,0,20,10,0,-150,0,0,0,0.758
27900,0.3242,2.1957,-0.00,0.3242,2.1976,3,1,1,0,0,20,10,0,-150,0,0,0,0.749
27910,0.3241,2.1868,-0.00,0.3241,2.1887,3,1,1,0,0,20,10,0,-150,0,0,0,0.740
27920,0.3240,2.1777,-0.00,0.3240,2.1796,3,1,1,0,0,20,10,0,-150,0,0,0,0.731
27930,0.3239,2.1684,-0.00,0.3239,2.1703,3,1,1,0,0,20,10,0,-150,0,0,0,0.722
27940,0.3238,2.1589,-0.00,0.3238,2.1608,3,1,1,0,0,20,10,0,-150,0,0,0,0.712
27950,0.3237,2.1492,-0.00,0.3237,2.1511,3,1,1,0,0,20,9,0,-150,0,0,0,0.703
27960,0.3236,2.1393,-0.00,0.3236,2.1412,3,1,1,0,0,20,9,0,-150,0,0,0,0.693
27970,0.3235,2.1292,-0.00,0.3235,2.1312,3,1,1,0,0,20,9,0,-150,0,0,0,0.683
27980,0.3234,2.1189,-0.00,0.3234,2.1209,3,1,1,0,0,20,9,0,-150,0,0,0,0.672
27990,0.3233,2.1085,-0.00,0.3233,2.1104,3,1,1,0,0,20,9,0,-150,0,0,0,0.662
28000,0.3232,2.0978,-0.00,0.3232,2.0997,3,1,1,0,0,20,9,0,-150,0,0,0,0.651
28010,0.3231,2.0869,-0.00,0.3231,2.0888,3,1,1,0,0,20,9,0,-150,0,0,0,0.640
28020,0.3230,2.0758,-0.00,0.3230,2.0777,3,1,1,0,0,20,9,0,-150,0,0,0,0.629
28030,0.3229,2.0645,-0.00,0.3229,2.0664,3,1,1,0,0,20,9,0,-150,0,0,0,0.618
28040,0.3229,2.0530,-0.00,0.3229,2.0549,3,1,1,0,0,20,9,0,-150,0,0,0,0.606
28050,0.3228,2.0413,-0.00,0.3228,2.0432,3,1,1,0,0,20,9,0,-150,0,0,0,0.595
28060,0.3227,2.0295,-0.00,0.3227,2.0314,3,1,1,0,0,20,9,0,-150,0,0,0,0.583
28070,0.3227,2.0175,-0.00,0.3227,2.0194,3,1,1,0,0,20,9,0,-150,0,0,0,0.571
28080,0.3227,2.0056,-0.00,0.3227,2.0075,3,1,1,0,0,20,9,0,-150,0,0,0,0.559
28090,0.3227,1.9937,-0.00,0.3227,1.9956,3,1,1,0,0,20,9,0,-150,0,0,0,0.547
28100,0.3227,1.9817,-0.00,0.3227,1.9837,3,1,1,0,0,20,9,0,-149,1,0,0,0.535
28110,0.3227,1.9699,-0.00,0.3227,1.9719,3,1,1,0,0,20,9,0,-147,1,0,0,0.523
28120,0.3227,1.9583,-0.00,0.3227,1.9602,3,1,1,0,0,20,9,0,-145,1,0,0,0.512
28130,0.3227,1.9468,-0.00,0.3227,1.9487,3,1,1,0,0,20,9,0,-143,1,0,0,0.500
28140,0.3227,1.9355,-0.00,0.3227,1.9374,3,1,1,0,0,20,9,0,-141,1,0,0,0.489
28150,0.3227,1.9243,-0.00,0.3227,1.9262,3,1,1,0,0,20,9,0,-140,1,0,0,0.478
28160,0.3227,1.9132,-0.00,0.3227,1.9151,3,1,1,0,0,20,9,0,-138,1,0,0,0.467
28170,0.3227,1.9023,-0.00,0.3227,1.9042,3,1,1,0,0,20,9,0,-136,1,0,0,0.456
28180,0.3227,1.8915,-0.00,0.3227,1.8934,3,1,1,0,0,20,9,0,-134,1,0,0,0.445
28190,0.3227,1.8808,-0.00,0.3227,1.8828,3,1,1,0,0,20,9,0,-132,1,0,0,0.434
28200,0.3227,1.8703,-0.00,0.3227,1.8723,3,1,1,0,0,20,9,0,-131,1,0,0,0.424
28210,0.3227,1.8600,-0.00,0.3227,1.8619,3,1,1,0,0,20,9,0,-129,1,0,0,0.413
28220,0.3227,1.8498,-0.00,0.3227,1.8517,3,1,1,0,0,20,9,0,-127,1,0,0,0.403
28230,0.3227,1.8397,-0.00,0.3227,1.8416,3,1,1,0,0,20,9,0,-125,1,0,0,0.393
28240,0.3227,1.8298,-0.00,0.3227,1.8317,3,1,1,0,0,20,9,0,-123,1,0,0,0.383
28250,0.3227,1.8200,-0.00,0.3227,1.8219,3,1,1,0,0,20,9,0,-122,1,0,0,0.373
28260,0.3227,1.8104,-0.00,0.3227,1.8123,3,1,1,0,0,20,9,0,-120,1,0,0,0.364
28270,0.3227,1.8009,-0.00,0.3227,1.8028,3,1,1,0,0,20,9,0,-118,1,0,0,0.354
28280,0.3227,1.7915,-0.00,0.3227,1.7934,3,1,1,0,0,20,9,0,-116,1,0,0,0.345
28290,0.3227,1.7823,-0.00,0.3227,1.7842,3,1,1,0,0,20,9,0,-115,1,0,0,0.336
28300,0.3227,1.7732,-0.00,0.3227,1.7751,3,1,1,0,0,20,9,0,-113,1,0,0,0.327
28310,0.3227,1.7642,-0.00,0.3227,1.7662,3,1,1,0,0,20,9,0,-111,1,0,0,0.318
28320,0.3227,1.7554,-0.00,0.3227,1.7574,3,1,1,0,0,20,9,0,-109,1,0,0,0.309
28330,0.3227,1.7468,-0.00,0.3227,1.7487,3,1,1,0,0,20,9,0,-108,1,0,0,0.300
28340,0.3227,1.7383,-0.00,0.3227,1.7402,3,1,1,0,0,20,9,0,-106,1,0,0,0.292
28350,0.3227,1.7299,-0.00,0.3227,1.7318,3,1,1,0,0,20,9,0,-104,1,0,0,0.283
28360,0.3227,1.7216,-0.00,0.3227,1.7235,3,1,1,0,0,20,9,0,-102,1,0,0,0.275
28370,0.3227,1.7135,-0.00,0.3227,1.7154,3,1,1,0,0,20,9,0,-101,1,0,0,0.267
28380,0.3227,1.7056,-0.00,0.3227,1.7075,3,1,1,0,0,20,9,0,-99,1,0,0,0.259
28390,0.3227,1.6977,-0.00,0.3227,1.6996,3,1,0,0,0,20,9,0,-97,1,0,0,0.251
28400,0.3227,1.6900,-0.00,0.3227,1.6919,3,1,0,0,0,20,9,0,-95,1,0,0,0.243
28410,0.3227,1.6825,-0.00,0.3227,1.6844,3,1,0,0,0,20,9,0,-94,1,0,0,0.236
28420,0.3227,1.6750,-0.00,0.3227,1.6770,3,1,0,0,0,20,9,0,-92,1,0,0,0.228
28430,0.3227,1.6678,-0.00,0.3227,1.6697,3,1,0,0,0,20,9,0,-90,1,0,0,0.221
28440,0.3227,1.6606,-0.00,0.3227,1.6625,3,1,0,0,0,20,9,0,-89,1,0,0,0.214
28450,0.3227,1.6536,-0.00,0.3227,1.6555,3,1,0,0,0,20,9,0,-87,1,0,0,0.207
28460,0.3227,1.6467,-0.00,0.3227,1.6486,3,1,0,0,0,20,9,0,-85,1,0,0,0.200
28470,0.3227,1.6400,-0.00,0.3227,1.6419,3,1,0,0,0,20,9,0,-84,1,0,0,0.193
28480,0.3227,1.6334,-0.00,0.3227,1.6353,3,1,0,0,0,20,9,0,-82,1,0,0,0.187
28490,0.3227,1.6269,-0.00,0.3227,1.6288,3,1,0,0,0,20,9,0,-80,1,0,0,0.180
28500,0.3227,1.6205,-0.00,0.3227,1.6225,3,1,0,0,0,20,9,0,-79,1,0,0,0.174
28510,0.3227,1.6143,-0.00,0.3227,1.6162,3,1,0,0,0,20,9,0,-77,1,0,0,0.168
28520,0.3227,1.6082,-0.00,0.3227,1.6102,3,1,0,0,0,20,9,0,-75,1,0,0,0.162
28530,0.3227,1.6023,-0.00,0.3227,1.6042,3,1,0,0,0,20,9,0,-74,1,0,0,0.156
28540,0.3227,1.5965,-0.00,0.3227,1.5984,4,1,0,0,0,20,9,0,-72,1,0,0,0.150
28550,0.3227,1.5908,-0.00,0.3227,1.5927,4,1,1,0,0,20,9,0,0,0,0,0,1000.000
28560,0.3227,1.5853,-0.00,0.3227,1.5872,4,1,1,0,0,20,9,0,0,0,0,0,1000.000
28570,0.3227,1.5800,-0.00,0.3227,1.5819,4,1,1,0,0,20,9,0,0,0,0,0,1000.000
28580,0.3227,1.5748,-0.00,0.3227,1.5767,4,1,1,0,0,20,9,0,0,0,0,0,1000.000
28590,0.3227,1.5699,-0.00,0.3227,1.5718,4,1,1,0,0,20,9,0,0,0,0,0,1000.000
28600,0.3227,1.5652,-0.00,0.3227,1.5671,4,1,1,0,0,20,9,150,0,0,0,0,2.407
28610,0.3227,1.5607,-0.00,0.3227,1.5626,4,1,1,0,0,20,9,150,0,0,0,0,2.407
28620,0.3227,1.5564,-0.00,0.3227,1.5583,4,1,1,0,0,20,9,150,0,0,0,0,2.407
28630,0.3227,1.5522,-0.00,0.3227,1.5541,4,1,1,0,0,20,9,150,0,0,0,0,2.407
28640,0.3227,1.5483,-0.00,0.3227,1.5502,4,1,1,0,0,20,9,150,0,0,0,0,2.407
28650,0.3227,1.5446,-0.00,0.3227,1.5465,4,1,1,0,0,20,9,150,0,0,0,0,2.407
28660,0.3227,1.5411,-0.00,0.3227,1.5430,4,1,1,0,0,20,9,150,0,0,0,0,2.407
28670,0.3227,1.5377,-0.00,0.3227,1.5397,4,1,1,0,0,20,9,150,0,0,0,0,2.407
28680,0.3227,1.5346,-0.00,0.3227,1.5365,4,1,1,0,0,20,9,150,0,0,0,0,2.407
28690,0.3228,1.5315,-0.00,0.3228,1.5335,4,1,1,0,0,20,9,150,0,0,0,0,2.407
28700,0.3232,1.5285,-0.00,0.3232,1.5304,4,1,1,0,0,20,9,150,0,0,0,0,2.407
28710,0.3237,1.5254,-0.00,0.3237,1.5273,4,1,1,0,0,20,9,150,0,0,0,0,2.406
28720,0.3245,1.5223,-0.00,0.3245,1.5243,4,1,1,0,0,20,9,150,0,0,0,0,2.406
28730,0.3254,1.5193,-0.00,0.3254,1.5212,4,1,1,0,0,20,9,150,0,0,0,0,2.405
28740,0.3266,1.5162,-0.00,0.3266,1.5181,4,1,1,0,0,20,9,150,0,0,0,0,2.403
28750,0.3279,1.5131,-0.00,0.3279,1.5150,4,1,1,0,0,20,9,150,0,0,0,0,2.402
28760,0.3295,1.5101,-0.00,0.3295,1.5120,4,1,1,0,0,20,9,150,0,0,0,0,2.401
28770,0.3312,1.5070,-0.00,0.3312,1.5089,4,1,1,0,0,20,9,150,0,0,0,0,2.399
28780,0.3332,1.5039,-0.00,0.3332,1.5058,4,1,1,0,0,20,9,150,0,0,0,0,2.397
28790,0.3353,1.5008,-0.00,0.3353,1.5028,4,1,1,0,0,20,9,150,0,0,0,0,2.395
28800,0.3377,1.4978,-0.00,0.3377,1.4997,4,1,1,0,0,20,9,150,0,0,0,0,2.392
28810,0.3402,1.4947,-0.00,0.3402,1.4966,4,1,1,0,0,20,9,150,0,0,0,0,2.390
28820,0.3430,1.4916,-0.00,0.3430,1.4935,4,1,1,0,0,20,9,150,0,0,0,0,2.387
28830,0.3459,1.4886,-0.00,0.3459,1.4905,4,1,1,0,0,20,9,150,0,0,0,0,2.384
28840,0.3491,1.4855,-0.00,0.3491,1.4874,4,1,1,0,0,20,9,150,0,0,0,0,2.381
28850,0.3524,1.4824,-0.00,0.3524,1.4843,4,1,1,0,0,20,10,150,0,0,0,0,2.378
28860,0.3560,1.4793,-0.00,0.3560,1.4813,4,1,1,0,0,20,10,150,0,0,0,0,2.374
28870,0.3597,1.4763,-0.00,0.3597,1.4782,4,1,1,0,0,20,10,150,0,0,0,0,2.370
28880,0.3637,1.4732,-0.00,0.3637,1.4751,4,1,1,0,0,20,10,150,0,0,0,0,2.366
28890,0.3678,1.4701,-0.00,0.3678,1.4721,4,1,1,0,0,20,10,150,0,0,0,0,2.362
28900,0.3722,1.4671,-0.00,0.3722,1.4690,4,1,1,0,0,20,11,150,0,0,0,0,2.358
28910,0.3767,1.4640,-0.00,0.3767,1.4659,4,1,1,0,0,20,11,150,0,0,0,0,2.353
28920,0.3815,1.4609,-0.00,0.3815,1.4628,4,1,1,0,0,20,11,150,0,0,0,0,2.349
28930,0.3864,1.4579,-0.00,0.3864,1.4598,4,1,1,0,0,20,11,150,0,0,0,0,2.344
28940,0.3916,1.4548,-0.00,0.3916,1.4567,4,1,1,0,0,20,11,150,0,0,0,0,2.338
28950,0.3969,1.4517,-0.00,0.3969,1.4536,4,1,1,0,0,20,12,150,0,0,0,0,2.333
28960,0.4025,1.4486,-0.00,0.4025,1.4506,4,1,1,0,0,20,12,150,0,0,0,0,2.328
28970,0.4082,1.4456,-0.00,0.4082,1.4475,4,1,1,0,0,20,12,150,0,1,0,0,2.322
28980,0.4142,1.4425,-0.00,0.4142,1.4444,4,1,1,0,0,20,12,150,0,1,0,0,2.316
28990,0.4203,1.4394,-0.00,0.4203,1.4413,4,1,1,0,0,20,12,150,0,1,0,0,2.310
29000,0.4267,1.4364,-0.00,0.4267,1.4383,4,1,1,0,0,20,14,150,0,1,0,0,2.303
29010,0.4332,1.4333,-0.00,0.4332,1.4352,4,1,1,0,0,20,14,150,0,1,0,0,2.297
29020,0.4400,1.4302,-0.00,0.4400,1.4321,4,1,1,0,0,20,14,150,0,1,0,0,2.290
29030,0.4469,1.4285,-0.00,0.4469,1.4304,4,1,1,0,0,20,14,150,0,1,0,0,2.283
29040,0.4541,1.4285,-0.00,0.4541,1.4304,4,1,1,0,0,20,14,150,0,1,0,0,2.276
29050,0.4614,1.4285,-0.00,0.4614,1.4304,4,1,1,0,0,20,17,150,0,1,0,0,2.269
29060,0.4690,1.4285,-0.00,0.4690,1.4304,4,1,1,0,0,20,17,150,0,1,0,0,2.261
29070,0.4767,1.4285,-0.00,0.4767,1.4304,4,1,1,0,0,20,17,150,0,1,0,0,2.253
29080,0.4847,1.4285,-0.00,0.4847,1.4304,4,1,1,0,0,20,17,150,0,1,0,0,2.245
29090,0.4928,1.4285,-0.00,0.4928,1.4304,4,1,1,0,0,20,17,150,0,1,0,0,2.237
29100,0.5012,1.4285,-0.00,0.5012,1.4304,4,1,1,0,0,20,20,150,0,1,0,0,2.229
29110,0.5097,1.4285,-0.00,0.5097,1.4304,4,1,1,0,0,20,20,150,0,1,0,0,2.220
29120,0.5185,1.4285,-0.00,0.5185,1.4304,4,1,1,0,0,20,20,150,0,1,0,0,2.212
29130,0.5274,1.4285,-0.00,0.5274,1.4304,4,1,1,0,0,20,20,150,0,1,0,0,2.203
29140,0.5364,1.4285,-0.00,0.5364,1.4304,4,1,1,0,0,20,20,150,0,1,0,0,2.194
29150,0.5455,1.4285,-0.00,0.5455,1.4304,4,1,1,0,0,20,20,150,0,1,0,0,2.184
29160,0.5547,1.4285,-0.00,0.5547,1.4304,4,1,1,0,0,20,20,150,0,1,0,0,2.175
29170,0.5640,1.4285,-0.00,0.5640,1.4304,4,1,1,0,0,20,20,150,0,1,0,0,2.166
29180,0.5734,1.4285,-0.00,0.5734,1.4304,4,1,1,0,0,20,20,150,0,1,0,0,2.157
29190,0.5829,1.4285,-0.00,0.5829,1.4304,4,1,1,0,0,20,20,150,0,1,0,0,2.147
29200,0.5926,1.4285,-0.00,0.5926,1.4304,4,1,1,0,0,20,20,150,0,1,0,0,2.137
29210,0.6023,1.4285,-0.00,0.6023,1.4304,4,1,1,0,0,20,20,150,0,1,0,0,2.128
29220,0.6121,1.4285,-0.00,0.6121,1.4304,4,1,1,0,0,20,20,150,0,1,0,0,2.118
29230,0.6220,1.4285,-0.00,0.6220,1.4304,4,1,1,0,0,20,20,150,0,1,0,0,2.108
29240,0.6320,1.4285,-0.00,0.6320,1.4304,4,1,1,0,0,20,20,150,0,1,0,0,2.098
29250,0.6421,1.4285,-0.00,0.6421,1.4304,4,1,1,0,0,20,20,150,0,1,0,0,2.088
29260,0.6523,1.4285,-0.00,0.6523,1.4304,4,1,1,0,0,20,20,150,0,1,0,0,2.078
29270,0.6626,1.4285,-0.00,0.6626,1.4304,4,1,1,0,0,20,20,150,0,1,0,0,2.067
29280,0.6730,1.4285,-0.00,0.6730,1.4304,4,1,1,0,0,20,20,150,0,1,0,0,2.057
29290,0.6835,1.4285,-0.00,0.6835,1.4304,4,1,1,0,0,20,20,150,0,1,0,0,2.046
29300,0.6941,1.4285,-0.00,0.6941,1.4304,4,1,1,0,0,20,20,150,0,1,0,0,2.036
29310,0.7048,1.4285,-0.00,0.7048,1.4304,4,1,1,0,0,20,20,150,0,1,0,0,2.025
29320,0.7157,1.4285,-0.00,0.7157,1.4304,4,1,1,0,0,20,20,150,0,1,0,0,2.014
29330,0.7266,1.4285,-0.00,0.7266,1.4304,4,1,1,0,0,20,20,150,0,1,0,0,2.003
29340,0.7376,1.4285,-0.00,0.7376,1.4304,4,1,1,0,0,20,20,150,0,1,0,0,1.992
29350,0.7487,1.4285,-0.00,0.7487,1.4304,4,1,1,0,0,20,20,150,0,1,0,0,1.981
29360,0.7599,1.4285,-0.00,0.7599,1.4304,4,1,1,0,0,20,20,150,0,1,0,0,1.970
29370,0.7712,1.4285,-0.00,0.7712,1.4304,4,1,1,0,0,20,20,150,0,1,0,0,1.959
29380,0.7826,1.4285,-0.00,0.7826,1.4304,4,1,1,0,0,20,20,150,0,1,0,0,1.947
29390,0.7941,1.4285,-0.00,0.7941,1.4304,4,1,1,0,0,20,20,150,0,1,0,0,1.936
29400,0.8057,1.4285,-0.00,0.8057,1.4304,4,1,1,0,0,20,20,150,0,1,0,0,1.924
29410,0.8174,1.4285,-0.00,0.8174,1.4304,4,1,1,0,0,20,20,150,0,1,0,0,1.913
29420,0.8292,1.4285,-0.00,0.8292,1.4304,4,1,1,0,0,20,20,150,0,1,0,0,1.901
29430,0.8412,1.4285,-0.00,0.8412,1.4304,4,1,1,0,0,20,20,150,0,1,0,0,1.889
29440,0.8531,1.4285,-0.00,0.8531,1.4304,4,1,1,0,0,20,20,150,0,1,0,0,1.877
29450,0.8650,1.4285,-0.00,0.8650,1.4304,4,1,1,0,0,20,20,150,0,1,0,0,1.865
29460,0.8770,1.4285,-0.00,0.8770,1.4304,4,1,1,0,0,20,20,150,0,1,0,0,1.853
29470,0.8889,1.4285,-0.00,0.8889,1.4304,4,1,1,0,0,20,20,150,0,1,0,0,1.841
29480,0.9008,1.4285,-0.00,0.9008,1.4304,4,1,1,0,0,20,20,150,0,1,0,0,1.829
29490,0.9128,1.4285,-0.00,0.9128,1.4304,4,1,1,0,0,20,20,150,0,1,0,0,1.817
29500,0.9247,1.4285,-0.00,0.9247,1.4304,4,1,1,0,0,20,20,150,0,1,0,0,1.805
29510,0.9367,1.4285,-0.00,0.9367,1.4304,4,1,1,0,0,20,20,150,0,1,0,0,1.793
29520,0.9486,1.4285,-0.00,0.9486,1.4304,4,1,1,0,0,20,20,150,0,1,0,0,1.781
29530,0.9605,1.4285,-0.00,0.9605,1.4304,4,1,1,0,0,20,20,150,0,1,0,0,1.769
29540,0.9725,1.4285,-0.00,0.9725,1.4304,4,1,1,0,0,20,20,150,0,1,0,0,1.758
29550,0.9844,1.4285,-0.00,0.9844,1.4304,4,1,1,0,0,20,20,150,0,1,0,0,1.746
29560,0.9963,1.4285,-0.00,0.9963,1.4304,4,1,1,0,0,20,20,150,0,1,0,0,1.734
29570,1.0083,1.4285,-0.00,1.0083,1.4304,4,1,1,0,0,20,20,150,0,1,0,0,1.722
29580,1.0202,1.4285,-0.00,1.0202,1.4304,4,1,1,0,0,20,20,150,0,1,0,0,1.710
29590,1.0322,1.4285,-0.00,1.0322,1.4304,4,1,1,0,0,20,20,150,0,1,0,0,1.698
29600,1.0441,1.4285,-0.00,1.0441,1.4304,4,1,1,0,0,20,20,150,0,1,0,0,1.686
29610,1.0560,1.4285,-0.00,1.0560,1.4304,4,1,1,0,0,20,20,150,0,1,0,0,1.674
29620,1.0680,1.4285,-0.00,1.0680,1.4304,4,1,1,0,0,20,20,150,0,1,0,0,1.662
29630,1.0799,1.4285,-0.00,1.0799,1.4304,4,1,1,0,0,20,20,150,0,1,0,0,1.650
29640,1.0918,1.4285,-0.00,1.0918,1.4304,4,1,1,0,0,20,20,150,0,1,0,0,1.638
29650,1.1038,1.4285,-0.00,1.1038,1.4304,4,1,1,0,0,20,20,150,0,1,0,0,1.626
29660,1.1157,1.4285,-0.00,1.1157,1.4304,4,1,1,0,0,20,20,150,0,1,0,0,1.614
29670,1.1277,1.4285,-0.00,1.1277,1.4304,4,1,1,0,0,20,20,150,0,1,0,0,1.602
29680,1.1396,1.4285,-0.00,1.1396,1.4304,4,1,1,0,0,20,20,150,0,1,0,0,1.590
29690,1.1515,1.4285,-0.00,1.1515,1.4304,4,1,1,0,0,20,20,150,0,1,0,0,1.578
29700,1.1635,1.4285,-0.00,1.1635,1.4304,4,1,1,0,0,20,20,150,0,1,0,0,1.567
29710,1.1754,1.4285,-0.00,1.1754,1.4304,4,1,1,0,0,20,20,150,0,1,0,0,1.555
29720,1.1874,1.4285,-0.00,1.1874,1.4304,4,1,1,0,0,20,20,150,0,1,0,0,1.543
29730,1.1993,1.4285,-0.00,1.1993,1.4304,4,1,1,0,0,20,20,150,0,1,0,0,1.531
29740,1.2112,1.4285,-0.00,1.2112,1.4304,4,1,1,0,0,20,20,150,0,1,0,0,1.519
29750,1.2232,1.4285,-0.00,1.2232,1.4304,4,1,1,0,0,20,20,150,0,1,0,0,1.507
29760,1.2351,1.4285,-0.00,1.2351,1.4304,4,1,1,0,0,20,20,150,0,1,0,0,1.495
29770,1.2470,1.4285,-0.00,1.2470,1.4304,4,1,1,0,0,20,20,150,0,1,0,0,1.483
29780,1.2590,1.4285,-0.00,1.2590,1.4304,4,1,1,0,0,20,20,150,0,1,0,0,1.471
29790,1.2709,1.4285,-0.00,1.2709,1.4304,4,1,1,0,0,20,20,150,0,1,0,0,1.459
29800,1.2829,1.4285,-0.00,1.2829,1.4304,4,1,1,0,0,20,20,150,0,1,0,0,1.447
29810,1.2948,1.4285,-0.00,1.2948,1.4304,4,1,1,0,0,20,20,150,0,1,0,0,1.435
29820,1.3067,1.4285,-0.00,1.3067,1.4304,4,1,1,0,0,20,20,150,0,1,0,0,1.423
29830,1.3187,1.4285,-0.00,1.3187,1.4304,4,1,1,0,0,20,20,150,0,1,0,0,1.411
29840,1.3306,1.4285,-0.00,1.3306,1.4304,4,1,1,0,0,20,20,150,0,1,0,0,1.399
29850,1.3425,1.4285,-0.00,1.3425,1.4304,4,1,1,0,0,20,20,150,0,1,0,0,1.387
29860,1.3545,1.4285,-0.00,1.3545,1.4304,4,1,1,0,0,20,20,150,0,1,0,0,1.376
29870,1.3664,1.4285,-0.00,1.3664,1.4304,4,1,1,0,0,20,20,150,0,1,0,0,1.364
29880,1.3784,1.4285,-0.00,1.3784,1.4304,4,1,1,0,0,20,20,150,0,1,0,0,1.352
29890,1.3903,1.4285,-0.00,1.3903,1.4304,4,1,1,0,0,20,20,150,0,1,0,0,1.340
29900,1.4022,1.4285,-0.00,1.4022,1.4304,4,1,1,0,0,20,20,150,0,1,0,0,1.328
29910,1.4142,1.4285,-0.00,1.4142,1.4304,4,1,1,0,0,20,20,150,0,1,0,0,1.316
29920,1.4261,1.4285,-0.00,1.4261,1.4304,4,1,1,0,0,20,20,150,0,1,0,0,1.304
29930,1.4381,1.4285,-0.00,1.4381,1.4304,4,1,1,0,0,20,20,150,0,1,0,0,1.292
29940,1.4500,1.4285,-0.00,1.4500,1.4304,4,1,1,0,0,20,20,150,0,1,0,0,1.280
29950,1.4619,1.4285,-0.00,1.4619,1.4304,4,1,1,0,0,20,20,150,0,1,0,0,1.268
29960,1.4739,1.4285,-0.00,1.4739,1.4304,4,1,1,0,0,20,20,150,0,1,0,0,1.256
29970,1.4858,1.4285,-0.00,1.4858,1.4304,4,1,1,0,0,20,20,150,0,1,0,0,1.244
29980,1.4977,1.4285,-0.00,1.4977,1.4304,4,1,1,0,0,20,20,150,0,1,0,0,1.232
29990,1.5097,1.4285,-0.00,1.5097,1.4304,4,1,1,0,0,20,20,150,0,1,0,0,1.220
30000,1.5216,1.4285,-0.00,1.5216,1.4304,4,1,1,0,0,20,20,150,0,1,0,0,1.208
30010,1.5336,1.4285,-0.00,1.5336,1.4304,4,1,1,0,0,20,20,150,0,1,0,0,1.196
30020,1.5455,1.4285,-0.00,1.5455,1.4304,4,1,1,0,0,20,20,150,0,1,0,0,1.185
30030,1.5574,1.4285,-0.00,1.5574,1.4304,4,1,1,0,0,20,20,150,0,1,0,0,1.173
30040,1.5694,1.4285,-0.00,1.5694,1.4304,4,1,1,0,0,20,20,150,0,1,0,0,1.161
30050,1.5813,1.4285,-0.00,1.5813,1.4304,4,1,1,0,0,20,20,150,0,1,0,0,1.149
30060,1.5932,1.4285,-0.00,1.5932,1.4304,4,1,1,0,0,20,20,150,0,1,0,0,1.137
30070,1.6052,1.4285,-0.00,1.6052,1.4304,4,1,1,0,0,20,20,150,0,1,0,0,1.125
30080,1.6171,1.4285,-0.00,1.6171,1.4304,4,1,1,0,0,20,20,150,0,1,0,0,1.113
30090,1.6291,1.4285,-0.00,1.6291,1.4304,4,1,1,0,0,20,20,150,0,1,0,0,1.101
30100,1.6410,1.4285,-0.00,1.6410,1.4304,4,1,1,0,0,20,20,150,0,1,0,0,1.089
30110,1.6529,1.4285,-0.00,1.6529,1.4304,4,1,1,0,0,20,20,150,0,1,0,0,1.077
30120,1.6649,1.4285,-0.00,1.6649,1.4304,4,1,1,0,0,20,20,150,0,1,0,0,1.065
30130,1.6768,1.4285,-0.00,1.6768,1.4304,4,1,1,0,0,20,20,150,0,1,0,0,1.053
30140,1.6888,1.4285,-0.00,1.6888,1.4304,4,1,1,0,0,20,20,150,0,1,0,0,1.041
30150,1.7007,1.4285,-0.00,1.7007,1.4304,4,1,1,0,0,20,20,150,0,1,0,0,1.029
30160,1.7126,1.4285,-0.00,1.7126,1.4304,4,1,1,0,0,20,20,150,0,1,0,0,1.017
30170,1.7246,1.4285,-0.00,1.7246,1.4304,4,1,1,0,0,20,20,150,0,1,0,0,1.005
30180,1.7365,1.4285,-0.00,1.7365,1.4304,4,1,1,0,0,20,20,150,0,1,0,0,0.993
30190,1.7484,1.4285,-0.00,1.7484,1.4304,4,1,1,0,0,20,20,150,0,1,0,0,0.982
30200,1.7604,1.4285,-0.00,1.7604,1.4304,4,1,1,0,0,20,20,150,0,1,0,0,0.970
30210,1.7723,1.4285,-0.00,1.7723,1.4304,4,1,1,0,0,20,20,150,0,1,0,0,0.958
30220,1.7843,1.4285,-0.00,1.7843,1.4304,4,1,1,0,0,20,20,150,0,1,0,0,0.946
30230,1.7962,1.4285,-0.00,1.7962,1.4304,4,1,1,0,0,20,20,150,0,1,0,0,0.934
30240,1.8081,1.4285,-0.00,1.8081,1.4304,4,1,1,0,0,20,20,150,0,1,0,0,0.922
30250,1.8201,1.4285,-0.00,1.8201,1.4304,4,1,1,0,0,20,20,150,0,1,0,0,0.910
30260,1.8320,1.4285,-0.00,1.8320,1.4304,4,1,1,0,0,20,20,150,0,1,0,0,0.898
30270,1.8439,1.4285,-0.00,1.8439,1.4304,4,1,1,0,0,20,20,150,0,1,0,0,0.886
30280,1.8559,1.4285,-0.00,1.8559,1.4304,4,1,1,0,0,20,20,150,0,1,0,0,0.874
30290,1.8678,1.4285,-0.00,1.8678,1.4304,4,1,1,0,0,20,20,150,0,1,0,0,0.862
30300,1.8798,1.4285,-0.00,1.8798,1.4304,4,1,1,0,0,20,20,150,0,1,0,0,0.850
30310,1.8917,1.4285,-0.00,1.8917,1.4304,4,1,1,0,0,20,20,150,0,1,0,0,0.838
30320,1.9036,1.4285,-0.00,1.9036,1.4304,4,1,1,0,0,20,20,150,0,1,0,0,0.826
30330,1.9156,1.4285,-0.00,1.9156,1.4304,4,1,1,0,0,20,20,150,0,1,0,0,0.814
30340,1.9275,1.4285,-0.00,1.9275,1.4304,4,1,1,0,0,20,20,150,0,1,0,0,0.802
30350,1.9395,1.4285,-0.00,1.9395,1.4304,4,1,1,0,0,20,20,150,0,1,0,0,0.791
30360,1.9514,1.4285,-0.00,1.9514,1.4304,4,1,1,0,0,20,20,150,0,1,0,0,0.779
30370,1.9633,1.4285,-0.00,1.9633,1.4304,4,1,1,0,0,20,20,150,0,1,0,0,0.767
30380,1.9753,1.4285,-0.00,1.9753,1.4304,4,1,1,0,0,20,20,150,0,1,0,0,0.755
30390,1.9872,1.4285,-0.00,1.9872,1.4304,4,1,1,0,0,20,20,150,0,1,0,0,0.743
30400,1.9991,1.4285,-0.00,1.9991,1.4304,4,1,1,0,0,20,20,150,0,1,0,0,0.731
30410,2.0111,1.4285,-0.00,2.0111,1.4304,4,1,1,0,0,20,20,150,0,1,0,0,0.719
30420,2.0230,1.4285,-0.00,2.0230,1.4304,4,1,1,0,0,20,20,150,0,1,0,0,0.707
30430,2.0350,1.4285,-0.00,2.0350,1.4304,4,1,1,0,0,20,20,150,0,1,0,0,0.695
30440,2.0469,1.4285,-0.00,2.0469,1.4304,4,1,1,0,0,20,20,150,0,1,0,0,0.683
30450,2.0588,1.4285,-0.00,2.0588,1.4304,4,1,1,0,0,20,20,150,0,1,0,0,0.671
30460,2.0708,1.4285,-0.00,2.0708,1.4304,4,1,1,0,0,20,20,150,0,1,0,0,0.659
30470,2.0827,1.4285,-0.00,2.0827,1.4304,4,1,1,0,0,20,20,150,0,1,0,0,0.647
30480,2.0946,1.4285,-0.00,2.0946,1.4304,4,1,1,0,0,20,20,150,0,1,0,0,0.635
30490,2.1066,1.4285,-0.00,2.1066,1.4304,4,1,1,0,0,20,20,150,0,1,0,0,0.623
30500,2.1185,1.4285,-0.00,2.1185,1.4304,4,1,1,0,0,20,20,150,0,1,0,0,0.611
30510,2.1305,1.4285,-0.00,2.1305,1.4304,4,1,1,0,0,20,20,150,0,1,0,0,0.600
30520,2.1424,1.4285,-0.00,2.1424,1.4304,4,1,1,0,0,20,20,150,0,1,0,0,0.588
30530,2.1543,1.4285,-0.00,2.1543,1.4304,4,1,1,0,0,20,20,150,0,1,0,0,0.576
30540,2.1663,1.4285,-0.00,2.1663,1.4304,4,1,1,0,0,20,20,150,0,1,0,0,0.564
30550,2.1782,1.4285,-0.00,2.1782,1.4304,4,1,1,0,0,20,20,150,0,1,0,0,0.552
30560,2.1902,1.4285,-0.00,2.1902,1.4304,4,1,1,0,0,20,20,149,0,1,0,0,0.540
30570,2.2020,1.4285,-0.00,2.2020,1.4304,4,1,1,0,0,20,20,148,0,1,0,0,0.528
30580,2.2137,1.4285,-0.00,2.2137,1.4304,4,1,1,0,0,20,20,146,0,1,0,0,0.516
30590,2.2252,1.4285,-0.00,2.2252,1.4304,4,1,1,0,0,20,20,144,0,1,0,0,0.505
30600,2.2367,1.4285,-0.00,2.2367,1.4304,4,1,1,0,0,20,20,142,0,1,0,0,0.493
30610,2.2479,1.4285,-0.00,2.2479,1.4304,4,1,1,0,0,20,20,140,0,1,0,0,0.482
30620,2.2590,1.4285,-0.00,2.2590,1.4304,4,1,1,0,0,20,20,139,0,1,0,0,0.471
30630,2.2700,1.4285,-0.00,2.2700,1.4304,4,1,1,0,0,20,20,137,0,1,0,0,0.460
30640,2.2809,1.4285,-0.00,2.2809,1.4304,4,1,1,0,0,20,20,135,0,1,0,0,0.449
30650,2.2916,1.4285,-0.00,2.2916,1.4304,4,1,1,0,0,20,20,133,0,1,0,0,0.438
30660,2.3021,1.4285,-0.00,2.3021,1.4304,4,1,1,0,0,20,20,131,0,1,0,0,0.428
30670,2.3125,1.4285,-0.00,2.3125,1.4304,4,1,1,0,0,20,20,130,0,1,0,0,0.417
30680,2.3228,1.4285,-0.00,2.3228,1.4304,4,1,1,0,0,20,20,128,0,1,0,0,0.407
30690,2.3329,1.4285,-0.00,2.3329,1.4304,4,1,1,0,0,20,20,126,0,1,0,0,0.397
30700,2.3429,1.4285,-0.00,2.3429,1.4304,4,1,1,0,0,20,20,124,0,1,0,0,0.387
30710,2.3527,1.4285,-0.00,2.3527,1.4304,4,1,1,0,0,20,20,122,0,1,0,0,0.377
30720,2.3624,1.4285,-0.00,2.3624,1.4304,4,1,1,0,0,20,20,121,0,1,0,0,0.368
30730,2.3720,1.4285,-0.00,2.3720,1.4304,4,1,1,0,0,20,20,119,0,1,0,0,0.358
30740,2.3814,1.4285,-0.00,2.3814,1.4304,4,1,1,0,0,20,20,117,0,1,0,0,0.349
30750,2.3907,1.4285,-0.00,2.3907,1.4304,4,1,1,0,0,20,20,115,0,1,0,0,0.339
30760,2.3998,1.4285,-0.00,2.3998,1.4304,4,1,1,0,0,20,20,114,0,1,0,0,0.330
30770,2.4088,1.4285,-0.00,2.4088,1.4304,4,1,1,0,0,20,20,112,0,1,0,0,0.321
30780,2.4177,1.4285,-0.00,2.4177,1.4304,4,1,1,0,0,20,20,110,0,1,0,0,0.312
30790,2.4264,1.4285,-0.00,2.4264,1.4304,4,1,1,0,0,20,20,108,0,1,0,0,0.304
30800,2.4350,1.4285,-0.00,2.4350,1.4304,4,1,1,0,0,20,20,107,0,1,0,0,0.295
30810,2.4434,1.4285,-0.00,2.4434,1.4304,4,1,1,0,0,20,20,105,0,1,0,0,0.287
30820,2.4517,1.4285,-0.00,2.4517,1.4304,4,1,1,0,0,20,20,103,0,1,0,0,0.278
30830,2.4599,1.4285,-0.00,2.4599,1.4304,4,1,1,0,0,20,20,101,0,1,0,0,0.270
30840,2.4679,1.4285,-0.00,2.4679,1.4304,4,1,1,0,0,20,20,100,0,1,0,0,0.262
30850,2.4758,1.4285,-0.00,2.4758,1.4304,4,1,1,0,0,20,20,98,0,1,0,0,0.254
30860,2.4835,1.4285,-0.00,2.4835,1.4304,4,1,1,0,0,20,20,96,0,1,0,0,0.246
30870,2.4911,1.4285,-0.00,2.4911,1.4304,4,1,1,0,0,20,20,94,0,1,0,0,0.239
30880,2.4986,1.4285,-0.00,2.4986,1.4304,4,1,1,0,0,20,20,93,0,1,0,0,0.231
30890,2.5060,1.4285,-0.00,2.5060,1.4304,4,1,1,0,0,20,20,91,0,1,0,0,0.224
30900,2.5132,1.4285,-0.00,2.5132,1.4304,4,1,1,0,0,20,20,89,0,1,0,0,0.217
30910,2.5202,1.4285,-0.00,2.5202,1.4304,4,1,1,0,0,20,20,88,0,1,0,0,0.210
30920,2.5272,1.4285,-0.00,2.5272,1.4304,4,1,0,0,0,20,20,86,0,1,0,0,0.203
30930,2.5340,1.4285,-0.00,2.5340,1.4304,4,1,0,0,0,20,20,84,0,1,0,0,0.196
30940,2.5406,1.4285,-0.00,2.5406,1.4304,4,1,0,0,0,20,20,83,0,1,0,0,0.189
30950,2.5472,1.4285,-0.00,2.5472,1.4304,4,1,0,0,0,20,20,81,0,1,0,0,0.183
30960,2.5536,1.4285,-0.00,2.5536,1.4304,4,1,0,0,0,20,20,79,0,1,0,0,0.176
30970,2.5598,1.4285,-0.00,2.5598,1.4304,4,1,0,0,0,20,20,78,0,1,0,0,0.170
30980,2.5660,1.4285,-0.00,2.5660,1.4304,4,1,0,0,0,20,20,76,0,1,0,0,0.164
30990,2.5720,1.4285,-0.00,2.5720,1.4304,4,1,0,0,0,20,20,74,0,1,0,0,0.158
31000,2.5778,1.4285,-0.00,2.5778,1.4304,4,1,0,0,0,20,20,73,0,1,0,0,0.152
31010,2.5836,1.4285,-0.00,2.5836,1.4304,4,1,0,0,0,20,20,71,0,1,0,0,0.146
31020,2.5892,1.4285,-0.00,2.5892,1.4304,4,1,0,0,0,20,20,69,0,1,0,0,0.141
31030,2.5946,1.4285,-0.00,2.5946,1.4304,4,1,0,0,0,20,20,68,0,1,0,0,0.135
31040,2.6000,1.4285,-0.00,2.6000,1.4304,4,1,0,0,0,20,20,66,0,1,0,0,0.130
31050,2.6052,1.4285,-0.00,2.6052,1.4304,4,1,0,0,0,20,20,64,0,1,0,0,0.125
31060,2.6103,1.4285,-0.00,2.6103,1.4304,4,1,0,0,0,20,20,63,0,1,0,0,0.120
31070,2.6153,1.4285,-0.00,2.6153,1.4304,4,1,0,0,0,20,20,61,0,1,0,0,0.115
31080,2.6201,1.4285,-0.00,2.6201,1.4304,4,1,0,0,0,20,20,60,0,1,0,0,0.110
31090,2.6248,1.4285,-0.00,2.6248,1.4304,4,1,0,0,0,20,20,58,0,1,0,0,0.105
31100,2.6294,1.4285,-0.00,2.6294,1.4304,5,1,1,0,0,20,20,0,0,0,0,0,1000.000
31110,2.6338,1.4285,-0.00,2.6338,1.4304,5,1,1,0,0,20,20,0,0,0,0,0,1000.000
31120,2.6381,1.4285,-0.00,2.6381,1.4304,5,1,1,0,0,20,20,0,0,0,0,0,1000.000
31130,2.6421,1.4285,-0.00,2.6421,1.4304,5,1,1,0,0,20,20,0,0,0,0,0,1000.000
31140,2.6460,1.4285,-0.00,2.6460,1.4304,5,1,1,0,0,20,20,0,0,0,0,0,1000.000
31150,2.6496,1.4285,-0.00,2.6496,1.4304,5,1,1,0,0,20,20,0,-150,0,0,0,1.137
31160,2.6531,1.4285,-0.00,2.6531,1.4304,5,1,1,0,0,20,20,0,-150,0,0,0,1.137
31170,2.6563,1.4285,-0.00,2.6563,1.4304,5,1,1,0,0,20,20,0,-150,0,0,0,1.137
31180,2.6594,1.4285,-0.00,2.6594,1.4304,5,1,1,0,0,20,20,0,-150,0,0,0,1.137
31190,2.6622,1.4285,-0.00,2.6622,1.4304,5,1,1,0,0,20,20,0,-150,0,0,0,1.137
31200,2.6649,1.4285,-0.00,2.6649,1.4304,5,1,1,0,0,20,20,0,-150,0,0,0,1.137
31210,2.6673,1.4285,-0.00,2.6673,1.4304,5,1,1,0,0,20,20,0,-150,0,0,0,1.137
31220,2.6697,1.4284,-0.00,2.6697,1.4303,5,1,1,0,0,20,20,0,-150,0,0,0,1.137
31230,2.6720,1.4281,-0.00,2.6720,1.4300,5,1,1,0,0,20,20,0,-150,0,0,0,1.136
31240,2.6744,1.4276,-0.00,2.6744,1.4295,5,1,1,0,0,20,20,0,-150,0,0,0,1.136
31250,2.6767,1.4269,-0.00,2.6767,1.4288,5,1,1,0,0,20,20,0,-150,0,0,0,1.135
31260,2.6791,1.4260,-0.00,2.6791,1.4279,5,1,1,0,0,20,20,0,-150,0,0,0,1.134
31270,2.6814,1.4248,-0.00,2.6814,1.4268,5,1,1,0,0,20,20,0,-150,0,0,0,1.133
31280,2.6838,1.4235,-0.00,2.6838,1.4254,5,1,1,0,0,20,20,0,-150,0,0,0,1.132
31290,2.6862,1.4220,-0.00,2.6862,1.4239,5,1,1,0,0,20,20,0,-150,0,0,0,1.130
31300,2.6885,1.4203,-0.00,2.6885,1.4222,5,1,1,0,0,20,20,0,-150,0,0,0,1.129
31310,2.6909,1.4184,-0.00,2.6909,1.4203,5,1,1,0,0,20,20,0,-150,0,0,0,1.127
31320,2.6932,1.4163,-0.00,2.6932,1.4182,5,1,1,0,0,20,20,0,-150,0,0,0,1.125
31330,2.6956,1.4140,-0.00,2.6956,1.4159,5,1,1,0,0,20,20,0,-150,0,0,0,1.122
31340,2.6979,1.4115,-0.00,2.6979,1.4134,5,1,1,0,0,20,20,0,-150,0,0,0,1.120
31350,2.7003,1.4088,-0.00,2.7003,1.4107,5,1,1,0,0,20,20,0,-150,0,0,0,1.117
31360,2.7026,1.4059,-0.00,2.7026,1.4078,5,1,1,0,0,20,20,0,-150,0,0,0,1.114
31370,2.7050,1.4027,-0.00,2.7050,1.4047,5,1,1,0,0,20,20,0,-150,0,0,0,1.111
31380,2.7074,1.3994,-0.00,2.7074,1.4013,5,1,1,0,0,20,20,0,-150,0,0,0,1.108
31390,2.7097,1.3959,-0.00,2.7097,1.3978,5,1,1,0,0,20,20,0,-150,0,0,0,1.104
31400,2.7121,1.3922,-0.00,2.7121,1.3941,5,1,1,0,0,20,20,0,-150,0,0,0,1.101
31410,2.7144,1.3883,-0.00,2.7144,1.3902,5,1,1,0,0,20,20,0,-150,0,0,0,1.097
31420,2.7168,1.3842,-0.00,2.7168,1.3861,5,1,1,0,0,20,20,0,-150,0,0,0,1.093
31430,2.7191,1.3799,-0.00,2.7191,1.3818,5,1,1,0,0,20,20,0,-150,0,0,0,1.088
31440,2.7215,1.3754,-0.00,2.7215,1.3773,5,1,1,0,0,20,20,0,-150,0,0,0,1.084
31450,2.7239,1.3707,-0.00,2.7239,1.3726,5,1,1,0,0,20,20,0,-150,0,0,0,1.079
31460,2.7262,1.3658,-0.00,2.7262,1.3677,5,1,1,0,0,20,20,0,-150,0,0,0,1.074
31470,2.7286,1.3606,-0.00,2.7286,1.3626,5,1,1,0,0,20,20,0,-150,0,0,0,1.069
31480,2.7309,1.3553,-0.00,2.7309,1.3572,5,1,1,0,0,20,20,0,-150,0,0,0,1.064
31490,2.7310,1.3498,-0.00,2.7310,1.3517,5,1,1,0,0,20,20,0,-150,0,0,0,1.058
31500,2.7310,1.3441,-0.00,2.7310,1.3460,5,1,1,0,0,20,20,0,-150,0,0,0,1.053
31510,2.7310,1.3382,-0.00,2.7310,1.3401,5,1,1,0,0,20,20,0,-150,0,0,0,1.047
31520,2.7310,1.3321,-0.00,2.7310,1.3340,5,1,1,0,0,20,20,0,-150,0,0,0,1.041
31530,2.7310,1.3258,-0.00,2.7310,1.3277,5,1,1,0,0,20,20,0,-150,0,0,0,1.034
31540,2.7310,1.3193,-0.00,2.7310,1.3212,5,1,1,0,0,20,20,0,-150,0,0,0,1.028
31550,2.7310,1.3126,-0.00,2.7310,1.3145,5,1,1,0,0,20,20,0,-150,0,0,0,1.021
31560,2.7310,1.3057,-0.00,2.7310,1.3076,5,1,1,0,0,20,20,0,-150,0,0,0,1.014
31570,2.7310,1.2985,-0.00,2.7310,1.3005,5,1,1,0,0,20,20,0,-150,0,0,0,1.007
31580,2.7310,1.2912,-0.00,2.7310,1.2931,5,1,1,0,0,20,20,0,-150,0,0,0,1.000
31590,2.7310,1.2837,-0.00,2.7310,1.2856,5,1,1,0,0,20,20,0,-150,0,0,0,0.992
31600,2.7310,1.2760,-0.00,2.7310,1.2779,5,1,1,0,0,20,20,0,-150,0,0,0,0.984
31610,2.7310,1.2681,-0.00,2.7310,1.2700,5,1,1,0,0,20,20,0,-150,0,0,0,0.977
31620,2.7310,1.2600,-0.00,2.7310,1.2619,5,1,1,0,0,20,20,0,-150,0,0,0,0.968
31630,2.7310,1.2517,-0.00,2.7310,1.2536,5,1,1,0,0,20,20,0,-150,0,0,0,0.960
31640,2.7310,1.2432,-0.00,2.7310,1.2451,5,1,1,0,0,20,20,0,-150,0,0,0,0.952
31650,2.7310,1.2345,-0.00,2.7310,1.2364,5,1,1,0,0,20,20,0,-150,0,0,0,0.943
31660,2.7310,1.2255,-0.00,2.7310,1.2275,5,1,1,0,0,20,20,0,-150,0,0,0,0.934
31670,2.7310,1.2164,-0.00,2.7310,1.2184,5,1,1,0,0,20,20,0,-150,0,0,0,0.925
31680,2.7310,1.2071,-0.00,2.7310,1.2090,5,1,1,0,0,20,20,0,-150,0,0,0,0.916
31690,2.7310,1.1976,-0.00,2.7310,1.1995,5,1,1,0,0,20,20,0,-150,0,0,0,0.906
31700,2.7310,1.1880,-0.00,2.7310,1.1899,5,1,1,0,0,20,20,0,-150,0,0,0,0.896
31710,2.7310,1.1782,-0.00,2.7310,1.1801,5,1,1,0,0,20,20,0,-150,0,0,0,0.887
31720,2.7310,1.1684,-0.00,2.7310,1.1703,5,1,1,0,0,20,20,0,-150,0,0,0,0.877
31730,2.7310,1.1584,-0.00,2.7310,1.1604,5,1,1,0,0,20,20,0,-150,0,0,0,0.867
31740,2.7310,1.1484,-0.00,2.7310,1.1503,5,1,1,0,0,20,20,0,-150,0,0,0,0.857
31750,2.7310,1.1382,-0.00,2.7310,1.1402,5,1,1,0,0,20,20,0,-150,0,0,0,0.847
31760,2.7310,1.1280,-0.00,2.7310,1.1299,5,1,1,0,0,20,20,0,-150,0,0,0,0.836
31770,2.7310,1.1177,-0.00,2.7310,1.1196,5,1,1,0,0,20,20,0,-150,0,0,0,0.826
31780,2.7310,1.1072,-0.00,2.7310,1.1091,5,1,1,0,0,20,20,0,-150,0,0,0,0.816
31790,2.7310,1.0967,-0.00,2.7310,1.0986,5,1,1,0,0,20,20,0,-150,0,0,0,0.805
31800,2.7310,1.0860,-0.00,2.7310,1.0879,5,1,1,0,0,20,20,0,-150,0,0,0,0.794
31810,2.7310,1.0753,-0.00,2.7310,1.0772,5,1,1,0,0,20,20,0,-150,0,0,0,0.784
31820,2.7310,1.0644,-0.00,2.7310,1.0663,5,1,1,0,0,20,20,0,-150,0,0,0,0.773
31830,2.7310,1.0535,-0.00,2.7310,1.0554,5,1,1,0,0,20,20,0,-150,0,0,0,0.762
31840,2.7310,1.0424,-0.00,2.7310,1.0443,5,1,1,0,0,20,20,0,-150,0,0,0,0.751
31850,2.7310,1.0313,-0.00,2.7310,1.0332,5,1,1,0,0,20,20,0,-150,0,0,0,0.740
31860,2.7310,1.0200,-0.00,2.7310,1.0220,5,1,1,0,0,20,20,0,-150,0,0,0,0.728
31870,2.7310,1.0087,-0.00,2.7310,1.0106,5,1,1,0,0,20,20,0,-150,0,0,0,0.717
31880,2.7310,0.9973,-0.00,2.7310,0.9992,5,1,1,0,0,20,20,0,-150,0,0,0,0.706
31890,2.7310,0.9857,-0.00,2.7310,0.9876,5,1,1,0,0,20,20,0,-150,0,0,0,0.694
31900,2.7310,0.9741,-0.00,2.7310,0.9760,5,1,1,0,0,20,20,0,-150,0,0,0,0.682
31910,2.7310,0.9623,-0.00,2.7310,0.9642,5,1,1,0,0,20,20,0,-150,0,0,0,0.671
31920,2.7310,0.9505,-0.00,2.7310,0.9524,5,1,1,0,0,20,20,0,-150,0,0,0,0.659
31930,2.7310,0.9385,-0.00,2.7310,0.9405,5,1,1,0,0,20,20,0,-150,0,0,0,0.647
31940,2.7310,0.9266,-0.00,2.7310,0.9285,5,1,1,0,0,20,20,0,-150,0,0,0,0.635
31950,2.7310,0.9147,-0.00,2.7310,0.9166,5,1,1,0,0,20,20,0,-150,0,0,0,0.623
31960,2.7310,0.9027,-0.00,2.7310,0.9046,5,1,1,0,0,20,20,0,-150,0,0,0,0.611
31970,2.7310,0.8908,-0.00,2.7310,0.8927,5,1,1,0,0,20,20,0,-150,0,0,0,0.599
31980,2.7310,0.8788,-0.00,2.7310,0.8808,5,1,1,0,0,20,20,0,-150,0,0,0,0.587
31990,2.7310,0.8669,-0.00,2.7310,0.8688,5,1,1,0,0,20,20,0,-150,0,0,0,0.575
32000,2.7310,0.8550,-0.00,2.7310,0.8569,5,1,1,0,0,20,20,0,-150,0,0,0,0.563
32010,2.7310,0.8430,-0.00,2.7310,0.8449,5,1,1,0,0,20,20,0,-150,0,0,0,0.551
32020,2.7310,0.8311,-0.00,2.7310,0.8330,5,1,1,0,0,20,20,0,-149,1,0,0,0.540
32030,2.7310,0.8193,-0.00,2.7310,0.8212,5,1,1,0,0,20,20,0,-147,1,0,0,0.528
32040,2.7310,0.8076,-0.00,2.7310,0.8095,5,1,1,0,0,20,20,0,-146,1,0,0,0.516
32050,2.7310,0.7960,-0.00,2.7310,0.7979,5,1,1,0,0,20,20,0,-144,1,0,0,0.504
32060,2.7310,0.7846,-0.00,2.7310,0.7865,5,1,1,0,0,20,20,0,-142,1,0,0,0.493
32070,2.7310,0.7733,-0.00,2.7310,0.7753,5,1,1,0,0,20,20,0,-140,1,0,0,0.482
32080,2.7310,0.7622,-0.00,2.7310,0.7641,5,1,1,0,0,20,20,0,-138,1,0,0,0.471
32090,2.7310,0.7513,-0.00,2.7310,0.7532,5,1,1,0,0,20,20,0,-137,1,0,0,0.460
32100,2.7310,0.7404,-0.00,2.7310,0.7423,5,1,1,0,0,20,20,0,-135,1,0,0,0.449
32110,2.7310,0.7297,-0.00,2.7310,0.7316,5,1,1,0,0,20,20,0,-133,1,0,0,0.438
32120,2.7310,0.7192,-0.00,2.7310,0.7211,5,1,1,0,0,20,20,0,-131,1,0,0,0.428
32130,2.7310,0.7088,-0.00,2.7310,0.7107,5,1,1,0,0,20,20,0,-129,1,0,0,0.417
32140,2.7310,0.6985,-0.00,2.7310,0.7004,5,1,1,0,0,20,20,0,-128,1,0,0,0.407
32150,2.7310,0.6884,-0.00,2.7310,0.6903,5,1,1,0,0,20,20,0,-126,1,0,0,0.397
32160,2.7310,0.6784,-0.00,2.7310,0.6803,5,1,1,0,0,20,20,0,-124,1,0,0,0.387
32170,2.7310,0.6686,-0.00,2.7310,0.6705,5,1,1,0,0,20,20,0,-122,1,0,0,0.377
32180,2.7310,0.6589,-0.00,2.7310,0.6608,5,1,1,0,0,20,20,0,-121,1,0,0,0.367
32190,2.7310,0.6493,-0.00,2.7310,0.6512,5,1,1,0,0,20,20,0,-119,1,0,0,0.358
32200,2.7310,0.6399,-0.00,2.7310,0.6418,5,1,1,0,0,20,20,0,-117,1,0,0,0.348
32210,2.7310,0.6306,-0.00,2.7310,0.6326,5,1,1,0,0,20,20,0,-115,1,0,0,0.339
32220,2.7310,0.6215,-0.00,2.7310,0.6234,5,1,1,0,0,20,20,0,-114,1,0,0,0.330
32230,2.7310,0.6125,-0.00,2.7310,0.6144,5,1,1,0,0,20,20,0,-112,1,0,0,0.321
32240,2.7310,0.6037,-0.00,2.7310,0.6056,5,1,1,0,0,20,20,0,-110,1,0,0,0.312
32250,2.7310,0.5950,-0.00,2.7310,0.5969,5,1,1,0,0,20,20,0,-108,1,0,0,0.303
32260,2.7310,0.5864,-0.00,2.7310,0.5883,5,1,1,0,0,20,20,0,-107,1,0,0,0.295
32270,2.7310,0.5779,-0.00,2.7310,0.5799,5,1,1,0,0,20,20,0,-105,1,0,0,0.286
32280,2.7310,0.5696,-0.00,2.7310,0.5716,5,1,1,0,0,20,20,0,-103,1,0,0,0.278
32290,2.7310,0.5615,-0.00,2.7310,0.5634,5,1,1,0,0,20,20,0,-101,1,0,0,0.270
32300,2.7310,0.5535,-0.00,2.7310,0.5554,5,1,1,0,0,20,20,0,-100,1,0,0,0.262
32310,2.7310,0.5456,-0.00,2.7310,0.5475,5,1,1,0,0,20,20,0,-98,1,0,0,0.254
32320,2.7310,0.5378,-0.00,2.7310,0.5398,5,1,1,0,0,20,20,0,-96,1,0,0,0.246
32330,2.7310,0.5302,-0.00,2.7310,0.5321,5,1,1,0,0,20,20,0,-94,1,0,0,0.239
32340,2.7310,0.5228,-0.00,2.7310,0.5247,5,1,1,0,0,20,20,0,-93,1,0,0,0.231
32350,2.7310,0.5154,-0.00,2.7310,0.5173,5,1,1,0,0,20,20,0,-91,1,0,0,0.224
32360,2.7310,0.5082,-0.00,2.7310,0.5101,5,1,1,0,0,20,20,0,-89,1,0,0,0.217
32370,2.7310,0.5012,-0.00,2.7310,0.5031,5,1,1,0,0,20,20,0,-88,1,0,0,0.210
32380,2.7310,0.4942,-0.00,2.7310,0.4961,5,1,1,0,0,20,20,0,-86,1,0,0,0.203
32390,2.7310,0.4874,-0.00,2.7310,0.4893,5,1,1,0,0,20,20,0,-84,1,0,0,0.196
32400,2.7310,0.4808,-0.00,2.7310,0.4827,5,1,1,0,0,20,20,0,-82,1,0,0,0.189
32410,2.7310,0.4743,-0.00,2.7310,0.4762,5,1,1,0,0,20,20,0,-81,1,0,0,0.183
32420,2.7310,0.4679,-0.00,2.7310,0.4698,5,1,1,0,0,20,20,0,-79,1,0,0,0.176
32430,2.7310,0.4616,-0.00,2.7310,0.4635,5,1,1,0,0,20,20,0,-77,1,0,0,0.170
32440,2.7310,0.4555,-0.00,2.7310,0.4574,5,1,1,0,0,20,20,0,-76,1,0,0,0.164
32450,2.7310,0.4495,-0.00,2.7310,0.4514,5,1,1,0,0,20,20,0,-74,1,0,0,0.158
32460,2.7310,0.4436,-0.00,2.7310,0.4455,5,1,1,0,0,20,20,0,-73,1,0,0,0.152
32470,2.7310,0.4379,-0.00,2.7310,0.4398,5,1,1,0,0,20,20,0,-71,1,0,0,0.146
32480,2.7310,0.4323,-0.00,2.7310,0.4342,5,1,1,0,0,20,20,0,-69,1,0,0,0.141
32490,2.7310,0.4268,-0.00,2.7310,0.4287,5,1,1,0,0,20,20,0,-68,1,0,0,0.135
32500,2.7310,0.4215,-0.00,2.7310,0.4234,5,1,1,0,0,20,20,0,-66,1,0,0,0.130
32510,2.7310,0.4163,-0.00,2.7310,0.4182,5,1,1,0,0,20,20,0,-64,1,0,0,0.125
32520,2.7310,0.4112,-0.00,2.7310,0.4131,5,1,1,0,0,20,20,0,-63,1,0,0,0.120
32530,2.7310,0.4062,-0.00,2.7310,0.4081,5,1,0,0,0,20,20,0,-61,1,0,0,0.115
32540,2.7310,0.4014,-0.00,2.7310,0.4033,5,1,0,0,0,20,20,0,-60,1,0,0,0.110
32550,2.7310,0.3967,-0.00,2.7310,0.3986,5,1,0,0,0,20,20,0,-58,1,0,0,0.105
32560,2.7310,0.3921,-0.00,2.7310,0.3940,5,1,0,0,0,20,20,0,-56,1,0,0,0.101
32570,2.7310,0.3876,-0.00,2.7310,0.3895,5,1,0,0,0,20,20,0,-55,1,0,0,0.096
32580,2.7310,0.3833,-0.00,2.7310,0.3852,5,1,0,0,0,20,20,0,-53,1,0,0,0.092
32590,2.7310,0.3791,-0.00,2.7310,0.3810,5,1,0,0,0,20,20,0,-52,1,0,0,0.088
32600,2.7310,0.3750,-0.00,2.7310,0.3769,5,1,0,0,0,20,20,0,-50,1,0,0,0.083
32610,2.7310,0.3710,-0.00,2.7310,0.3729,5,1,0,0,0,20,20,0,-49,1,0,0,0.079
32620,2.7310,0.3672,-0.00,2.7310,0.3691,5,1,0,0,0,20,20,0,-47,1,0,0,0.076
32630,2.7310,0.3635,-0.00,2.7310,0.3654,5,1,0,0,0,20,20,0,-46,1,0,0,0.072
32640,2.7310,0.3598,-0.00,2.7310,0.3618,5,1,0,0,0,20,20,0,-44,1,0,0,0.068
32650,2.7310,0.3564,-0.00,2.7310,0.3583,5,1,0,0,0,20,20,0,-43,1,0,0,0.065
32660,2.7310,0.3530,-0.00,2.7310,0.3549,5,1,0,0,0,20,20,0,-41,1,0,0,0.061
32670,2.7310,0.3497,-0.00,2.7310,0.3516,5,1,0,0,0,20,20,0,-40,1,0,0,0.058
32680,2.7310,0.3466,-0.00,2.7310,0.3485,5,1,0,0,0,20,20,0,-39,1,0,0,0.055
32690,2.7310,0.3435,-0.00,2.7310,0.3455,5,1,0,0,0,20,20,0,-37,1,0,0,0.052
32700,2.7310,0.3406,-0.00,2.7310,0.3425,5,1,0,0,0,20,20,0,-36,1,0,0,0.049
32710,2.7310,0.3378,-0.00,2.7310,0.3397,5,1,0,0,0,20,20,0,-34,1,0,0,0.046
32720,2.7310,0.3351,-0.00,2.7310,0.3370,5,1,0,0,0,20,20,0,-33,1,0,0,0.044
32730,2.7310,0.3325,-0.00,2.7310,0.3344,5,1,0,0,0,20,20,0,-32,1,0,0,0.041
32740,2.7310,0.3300,-0.00,2.7310,0.3319,5,1,0,0,0,20,20,0,-30,1,0,0,0.038
32750,2.7310,0.3276,-0.00,2.7310,0.3296,5,1,0,0,0,20,20,0,-29,1,0,0,0.036
32760,2.7310,0.3254,-0.00,2.7310,0.3273,5,1,0,0,0,20,20,0,-28,1,0,0,0.034
32770,2.7310,0.3232,-0.00,2.7310,0.3251,5,1,0,0,0,20,20,0,-26,1,0,0,0.032
32780,2.7310,0.3211,-0.00,2.7310,0.3230,5,1,0,0,0,20,20,0,-25,1,0,0,0.030
32790,2.7310,0.3191,-0.00,2.7310,0.3210,5,1,0,0,0,20,20,0,-24,1,0,0,0.028
32800,2.7310,0.3172,-0.00,2.7310,0.3192,5,1,0,0,0,20,20,0,-23,1,0,0,0.026
32810,2.7310,0.3155,-0.00,2.6260,0.3075,6,1,0,1,1,20,20,0,0,0,0,0,1000.000
32820,2.7310,0.3139,-0.00,2.6260,0.3059,6,1,0,1,1,20,20,0,0,0,0,0,1000.000
32830,2.7310,0.3125,-0.00,2.6260,0.3045,6,1,0,1,1,20,20,0,0,0,0,0,1000.000
32840,2.7310,0.3113,-0.00,2.6260,0.3033,6,1,0,1,1,20,20,0,0,0,0,0,1000.000
32850,2.7310,0.3103,-0.00,2.6260,0.3023,6,1,0,1,1,20,20,0,0,0,0,0,1000.000
32860,2.7310,0.3096,-0.00,2.6260,0.3016,6,1,0,1,1,20,20,0,0,0,0,0,1000.000
32870,2.7310,0.3090,-0.00,2.6260,0.3010,6,1,0,1,1,20,20,0,0,0,0,0,1000.000
32880,2.7310,0.3086,-0.00,2.6260,0.3006,6,1,0,1,1,20,20,0,0,0,0,0,1000.000
32890,2.7310,0.3085,-0.00,2.6260,0.3005,6,1,0,1,1,20,20,0,0,0,0,0,1000.000
32900,2.7310,0.3085,-0.00,2.6260,0.3005,6,1,0,1,1,20,20,0,0,0,0,0,1000.000
32910,2.7310,0.3085,-0.00,2.6260,0.3005,6,1,0,1,1,20,20,0,0,0,0,0,1000.000
32920,2.7310,0.3085,-0.00,2.6260,0.3005,6,1,0,1,1,20,20,0,0,0,0,0,1000.000
32930,2.7310,0.3085,-0.00,2.6260,0.3005,6,1,0,1,1,20,20,0,0,0,0,0,1000.000
32940,2.7310,0.3085,-0.00,2.6260,0.3005,6,1,0,1,1,20,20,0,0,0,0,0,1000.000
32950,2.7310,0.3085,-0.00,2.6260,0.3005,6,1,0,1,1,20,20,0,0,0,0,0,1000.000
32960,2.7310,0.3085,-0.00,2.6260,0.3005,6,1,0,1,1,20,20,0,0,0,0,0,1000.000
32970,2.7310,0.3085,-0.00,2.6260,0.3005,6,1,0,1,1,20,20,0,0,0,0,0,1000.000
32980,2.7310,0.3085,-0.00,2.6260,0.3005,6,1,0,1,1,20,20,0,0,0,0,0,1000.000
32990,2.7310,0.3085,-0.00,2.6260,0.3005,6,1,0,1,1,20,20,0,0,0,0,0,1000.000
33000,2.7310,0.3085,-0.00,2.6260,0.3005,6,1,0,1,1,20,20,0,0,0,0,0,1000.000
33010,2.7310,0.3085,-0.00,2.6260,0.3005,6,1,0,1,1,20,20,0,0,0,0,0,1000.000
33020,2.7310,0.3085,-0.00,2.6260,0.3005,6,1,0,1,1,20,20,0,0,0,0,0,1000.000
33030,2.7310,0.3085,-0.00,2.6260,0.3005,6,1,0,1,1,20,20,0,0,0,0,0,1000.000
33040,2.7310,0.3085,-0.00,2.6260,0.3005,6,1,0,1,1,20,20,0,0,0,0,0,1000.000
33050,2.7310,0.3085,-0.00,2.6260,0.3005,6,1,0,1,1,20,20,0,0,0,0,0,1000.000
33060,2.7310,0.3085,-0.00,2.6260,0.3005,6,1,0,1,1,20,20,0,0,0,0,0,1000.000
33070,2.7310,0.3085,-0.00,2.6260,0.3005,6,1,0,1,1,20,20,0,0,0,0,0,1000.000
33080,2.7310,0.3085,-0.00,2.6260,0.3005,6,1,0,1,1,20,20,0,0,0,0,0,1000.000
33090,2.7310,0.3085,-0.00,2.6260,0.3005,6,1,0,1,1,20,20,0,0,0,0,0,1000.000
33100,2.7310,0.3085,-0.00,2.6260,0.3005,6,1,0,1,1,20,20,0,0,0,0,0,1000.000
33110,2.7310,0.3085,-0.00,2.6260,0.3005,6,1,0,1,1,20,20,0,0,0,0,0,1000.000
33120,2.7310,0.3085,-0.00,2.6260,0.3005,6,1,0,1,1,20,20,0,0,0,0,0,1000.000
33130,2.7310,0.3085,-0.00,2.6260,0.3005,6,1,0,1,1,20,20,0,0,0,0,0,1000.000
33140,2.7310,0.3085,-0.00,2.6260,0.3005,6,1,0,1,1,20,20,0,0,0,0,0,1000.000
33150,2.7310,0.3085,-0.00,2.6260,0.3005,6,1,0,1,1,20,20,0,0,0,0,0,1000.000
33160,2.7310,0.3085,-0.00,2.6260,0.3005,6,1,0,1,1,20,20,0,0,0,0,0,1000.000
33170,2.7310,0.3085,-0.00,2.6260,0.3005,6,1,0,1,1,20,20,0,0,0,0,0,1000.000
33180,2.7310,0.3085,-0.00,2.6260,0.3005,6,1,0,1,1,20,20,0,0,0,0,0,1000.000
33190,2.7310,0.3085,-0.00,2.6260,0.3005,6,1,0,1,1,20,20,0,0,0,0,0,1000.000
33200,2.7310,0.3085,-0.00,2.6260,0.3005,6,1,0,1,1,20,20,0,0,0,0,0,1000.000
33210,2.7310,0.3085,-0.00,2.6260,0.3005,6,1,0,1,1,20,20,0,0,0,0,0,1000.000
33220,2.7310,0.3085,-0.00,2.6260,0.3005,6,1,0,1,1,20,20,0,0,0,0,0,1000.000
33230,2.7310,0.3085,-0.00,2.6260,0.3005,6,1,0,1,1,20,20,0,0,0,0,0,1000.000
33240,2.7310,0.3085,-0.00,2.6260,0.3005,6,1,0,1,1,20,20,0,0,0,0,0,1000.000
33250,2.7310,0.3085,-0.00,2.6260,0.3005,6,1,0,1,1,20,20,0,0,0,0,0,1000.000
33260,2.7310,0.3085,-0.00,2.6260,0.3005,6,1,0,1,1,20,20,0,0,0,0,0,1000.000
33270,2.7310,0.3085,-0.00,2.6260,0.3005,6,1,0,1,1,20,20,0,0,0,0,0,1000.000
33280,2.7310,0.3085,-0.00,2.6260,0.3005,6,1,0,1,1,20,20,0,0,0,0,0,1000.000
33290,2.7310,0.3085,-0.00,2.6260,0.3005,6,1,0,1,1,20,20,0,0,0,0,0,1000.000
33300,2.7310,0.3085,-0.00,2.6260,0.3005,6,1,0,1,1,20,20,0,0,0,0,0,1000.000
33310,2.7310,0.3085,-0.00,2.6260,0.3005,6,1,0,1,1,20,20,0,0,0,0,0,1000.000
33320,2.7310,0.3085,-0.00,2.6260,0.3005,6,1,0,1,1,20,20,0,0,0,0,0,1000.000
33330,2.7310,0.3085,-0.00,2.6260,0.3005,6,1,0,1,1,20,20,0,0,0,0,0,1000.000
33340,2.7310,0.3085,-0.00,2.6260,0.3005,6,1,0,1,1,20,20,0,0,0,0,0,1000.000
33350,2.7310,0.3085,-0.00,2.6260,0.3005,6,1,0,1,1,20,20,0,0,0,0,0,1000.000
33360,2.7310,0.3085,-0.00,2.6260,0.3005,6,1,0,1,1,20,20,0,0,0,0,0,1000.000
33370,2.7310,0.3085,-0.00,2.6260,0.3005,6,1,0,1,1,20,20,0,0,0,0,0,1000.000
33380,2.7310,0.3085,-0.00,2.6260,0.3005,6,1,0,1,1,20,20,0,0,0,0,0,1000.000
33390,2.7310,0.3085,-0.00,2.6260,0.3005,6,1,0,1,1,20,20,0,0,0,0,0,1000.000
33400,2.7310,0.3085,-0.00,2.6260,0.3005,6,1,0,1,1,20,20,0,0,0,0,0,1000.000
33410,2.7310,0.3085,-0.00,2.6260,0.3005,6,1,0,1,1,20,20,0,0,0,0,0,1000.000
33420,2.7310,0.3085,-0.00,2.6260,0.3005,6,1,0,1,1,20,20,0,0,0,0,0,1000.000
33430,2.7310,0.3085,-0.00,2.6260,0.3005,6,1,0,1,1,20,20,0,0,0,0,0,1000.000
33440,2.7310,0.3085,-0.00,2.6260,0.3005,6,1,0,1,1,20,20,0,0,0,0,0,1000.000
33450,2.7310,0.3085,-0.00,2.6260,0.3005,6,1,0,1,1,20,20,0,0,0,0,0,1000.000
33460,2.7310,0.3085,-0.00,2.6260,0.3005,6,1,0,1,1,20,20,0,0,0,0,0,1000.000
33470,2.7310,0.3085,-0.00,2.6260,0.3005,6,1,0,1,1,20,20,0,0,0,0,0,1000.000
33480,2.7310,0.3085,-0.00,2.6260,0.3005,6,1,0,1,1,20,20,0,0,0,0,0,1000.000
33490,2.7310,0.3085,-0.00,2.6260,0.3005,6,1,0,1,1,20,20,0,0,0,0,0,1000.000
33500,2.7310,0.3085,-0.00,2.6260,0.3005,6,1,0,1,1,20,20,0,0,0,0,0,1000.000
33510,2.7310,0.3085,-0.00,2.6260,0.3005,6,1,0,1,1,20,20,0,0,0,0,0,1000.000
33520,2.7310,0.3085,-0.00,2.6260,0.3005,6,1,0,1,1,20,20,0,0,0,0,0,1000.000
33530,2.7310,0.3085,-0.00,2.6260,0.3005,6,1,0,1,1,20,20,0,0,0,0,0,1000.000
33540,2.7310,0.3085,-0.00,2.6260,0.3005,6,1,0,1,1,20,20,0,0,0,0,0,1000.000
33550,2.7310,0.3085,-0.00,2.6260,0.3005,6,1,0,1,1,20,20,0,0,0,0,0,1000.000
33560,2.7310,0.3085,-0.00,2.6260,0.3005,6,1,0,1,1,20,20,0,0,0,0,0,1000.000
33570,2.7310,0.3085,-0.00,2.6260,0.3005,6,1,0,1,1,20,20,0,0,0,0,0,1000.000
33580,2.7310,0.3085,-0.00,2.6260,0.3005,6,1,0,1,1,20,20,0,0,0,0,0,1000.000
33590,2.7310,0.3085,-0.00,2.6260,0.3005,6,1,0,1,1,20,20,0,0,0,0,0,1000.000
33600,2.7310,0.3085,-0.00,2.6260,0.3005,6,1,0,1,1,20,20,0,0,0,0,0,1000.000
33610,2.7310,0.3085,-0.00,2.6260,0.3005,6,1,0,1,1,20,20,0,0,0,0,0,1000.000
33620,2.7310,0.3085,-0.00,2.6260,0.3005,6,1,0,1,1,20,20,0,0,0,0,0,1000.000
33630,2.7310,0.3085,-0.00,2.6260,0.3005,6,1,0,1,1,20,20,0,0,0,0,0,1000.000
33640,2.7310,0.3085,-0.00,2.6260,0.3005,6,1,0,1,1,20,20,0,0,0,0,0,1000.000
33650,2.7310,0.3085,-0.00,2.6260,0.3005,6,1,0,1,1,20,20,0,0,0,0,0,1000.000
33660,2.7310,0.3085,-0.00,2.6260,0.3005,6,1,0,1,1,20,20,0,0,0,0,0,1000.000
33670,2.7310,0.3085,-0.00,2.6260,0.3005,6,1,0,1,1,20,20,0,0,0,0,0,1000.000
33680,2.7310,0.3085,-0.00,2.6260,0.3005,6,1,0,1,1,20,20,0,0,0,0,0,1000.000
33690,2.7310,0.3085,-0.00,2.6260,0.3005,6,1,0,1,1,20,20,0,0,0,0,0,1000.000
33700,2.7310,0.3085,-0.00,2.6260,0.3005,6,1,0,1,1,20,20,0,0,0,0,0,1000.000
33710,2.7310,0.3085,-0.00,2.6260,0.3005,6,1,0,1,1,20,20,0,0,0,0,0,1000.000
33720,2.7310,0.3085,-0.00,2.6260,0.3005,6,1,0,1,1,20,20,0,0,0,0,0,1000.000
33730,2.7310,0.3085,-0.00,2.6260,0.3005,6,1,0,1,1,20,20,0,0,0,0,0,1000.000
33740,2.7310,0.3085,-0.00,2.6260,0.3005,6,1,0,1,1,20,20,0,0,0,0,0,1000.000
33750,2.7310,0.3085,-0.00,2.6260,0.3005,6,1,0,1,1,20,20,0,0,0,0,0,1000.000
33760,2.7310,0.3085,-0.00,2.6260,0.3005,6,1,0,1,1,20,20,0,0,0,0,0,1000.000
33770,2.7310,0.3085,-0.00,2.6260,0.3005,6,1,0,1,1,20,20,0,0,0,0,0,1000.000
33780,2.7310,0.3085,-0.00,2.6260,0.3005,6,1,0,1,1,20,20,0,0,0,0,0,1000.000
33790,2.7310,0.3085,-0.00,2.6260,0.3005,6,1,0,1,1,20,20,0,0,0,0,0,1000.000
33800,2.7310,0.3085,-0.00,2.6260,0.3005,6,1,0,1,1,20,20,0,0,0,0,0,1000.000
