t_ms,true_x,true_y,yaw_deg,map_x,map_y,seg,return_mode,single_axis,route_complete,return_complete,front_cm,left_cm,out_vx,out_vy,map_lim,front_lim,left_lim,clearance
0,0.3740,0.3085,0.00,0.0000,0.0000,0,0,0,0,0,20,15,0,0,0,0,0,1000.000
10,0.3740,0.3085,0.00,0.0000,0.0000,0,0,0,0,0,20,15,0,0,0,0,0,1000.000
20,0.3740,0.3085,0.00,0.0000,0.0000,0,0,0,0,0,20,15,0,0,0,0,0,1000.000
30,0.3740,0.3085,0.00,0.0000,0.0000,0,0,0,0,0,20,15,0,0,0,0,0,1000.000
40,0.3740,0.3085,0.00,0.0000,0.0000,0,0,0,0,0,20,15,0,0,0,0,0,1000.000
50,0.3740,0.3085,0.00,0.0000,0.0000,0,0,0,0,0,20,15,0,0,0,0,0,1000.000
60,0.3740,0.3085,0.00,0.0000,0.0000,0,0,0,0,0,20,15,0,0,0,0,0,1000.000
70,0.3740,0.3085,0.00,0.0000,0.0000,0,0,0,0,0,20,15,0,0,0,0,0,1000.000
80,0.3740,0.3085,0.00,0.0000,0.0000,0,0,0,0,0,20,15,0,0,0,0,0,1000.000
90,0.3740,0.3085,0.00,0.0000,0.0000,0,0,0,0,0,20,15,0,0,0,0,0,1000.000
100,0.3740,0.3085,0.00,0.0000,0.0000,0,0,0,0,0,20,15,0,0,0,0,0,1000.000
110,0.3740,0.3085,0.00,0.0000,0.0000,0,0,0,0,0,20,15,0,0,0,0,0,1000.000
120,0.3740,0.3085,0.00,0.0000,0.0000,0,0,0,0,0,20,15,0,0,0,0,0,1000.000
130,0.3740,0.3085,0.00,0.0000,0.0000,0,0,0,0,0,20,15,0,0,0,0,0,1000.000
140,0.3740,0.3085,0.00,0.0000,0.0000,0,0,0,0,0,20,15,0,0,0,0,0,1000.000
150,0.3740,0.3085,0.00,0.0000,0.0000,0,0,0,0,0,20,15,0,0,0,0,0,1000.000
160,0.3740,0.3085,0.00,0.0000,0.0000,0,0,0,0,0,20,15,0,0,0,0,0,1000.000
170,0.3740,0.3085,0.00,0.0000,0.0000,0,0,0,0,0,20,15,0,0,0,0,0,1000.000
180,0.3740,0.3085,0.00,0.0000,0.0000,0,0,0,0,0,20,15,0,0,0,0,0,1000.000
190,0.3740,0.3085,0.00,0.0000,0.0000,0,0,0,0,0,20,15,0,0,0,0,0,1000.000
200,0.3740,0.3085,0.00,0.0000,0.0000,0,0,0,0,0,20,15,0,0,0,0,0,1000.000
210,0.3740,0.3085,0.00,0.0000,0.0000,0,0,0,0,0,20,15,0,0,0,0,0,1000.000
220,0.3740,0.3085,0.00,0.0000,0.0000,0,0,0,0,0,20,15,0,0,0,0,0,1000.000
230,0.3740,0.3085,0.00,0.0000,0.0000,0,0,0,0,0,20,15,0,0,0,0,0,1000.000
240,0.3740,0.3085,0.00,0.0000,0.0000,0,0,0,0,0,20,15,0,0,0,0,0,1000.000
250,0.3740,0.3085,0.00,0.0000,0.0000,0,0,0,0,0,20,15,0,0,0,0,0,1000.000
260,0.3740,0.3085,0.00,0.0000,0.0000,0,0,0,0,0,20,15,0,0,0,0,0,1000.000
270,0.3740,0.3085,0.00,0.0000,0.0000,0,0,0,0,0,20,15,0,0,0,0,0,1000.000
280,0.3740,0.3085,0.00,0.0000,0.0000,0,0,0,0,0,20,15,0,0,0,0,0,1000.000
290,0.3740,0.3085,0.00,0.0000,0.0000,0,0,0,0,0,20,15,0,0,0,0,0,1000.000
300,0.3740,0.3085,0.00,0.0000,0.0000,0,0,0,0,0,20,15,0,0,0,0,0,1000.000
310,0.3740,0.3085,0.00,0.0000,0.0000,0,0,0,0,0,20,15,0,0,0,0,0,1000.000
320,0.3740,0.3085,0.00,0.0000,0.0000,0,0,0,0,0,20,15,0,0,0,0,0,1000.000
330,0.3740,0.3085,0.00,0.0000,0.0000,0,0,0,0,0,20,15,0,0,0,0,0,1000.000
340,0.3740,0.3085,0.00,0.0000,0.0000,0,0,0,0,0,20,15,0,0,0,0,0,1000.000
350,0.3740,0.3085,0.00,0.0000,0.0000,0,0,0,0,0,20,15,0,0,0,0,0,1000.000
360,0.3740,0.3085,0.00,0.0000,0.0000,0,0,0,0,0,20,15,0,0,0,0,0,1000.000
370,0.3740,0.3085,0.00,0.0000,0.0000,0,0,0,0,0,20,15,0,0,0,0,0,1000.000
380,0.3740,0.3085,0.00,0.0000,0.0000,0,0,0,0,0,20,15,0,0,0,0,0,1000.000
390,0.3740,0.3085,0.00,0.0000,0.0000,0,0,0,0,0,20,15,0,0,0,0,0,1000.000
400,0.3740,0.3085,0.00,0.0000,0.0000,0,0,0,0,0,20,15,0,0,0,0,0,1000.000
410,0.3740,0.3085,0.00,0.0000,0.0000,0,0,0,0,0,20,15,0,0,0,0,0,1000.000
420,0.3740,0.3085,0.00,0.0000,0.0000,0,0,0,0,0,20,15,0,0,0,0,0,1000.000
430,0.3740,0.3085,0.00,0.0000,0.0000,0,0,0,0,0,20,15,0,0,0,0,0,1000.000
440,0.3740,0.3085,0.00,0.0000,0.0000,0,0,0,0,0,20,15,0,0,0,0,0,1000.000
450,0.3740,0.3085,0.00,0.0000,0.0000,0,0,0,0,0,20,15,0,0,0,0,0,1000.000
460,0.3740,0.3085,0.00,0.0000,0.0000,0,0,0,0,0,20,15,0,0,0,0,0,1000.000
470,0.3740,0.3085,0.00,0.0000,0.0000,0,0,0,0,0,20,15,0,0,0,0,0,1000.000
480,0.3740,0.3085,0.00,0.0000,0.0000,0,0,0,0,0,20,15,0,0,0,0,0,1000.000
490,0.3740,0.3085,0.00,0.0000,0.0000,0,0,0,0,0,20,15,0,0,0,0,0,1000.000
500,0.3740,0.3085,0.00,0.0000,0.0000,0,0,0,0,0,20,15,0,0,0,0,0,1000.000
510,0.3740,0.3085,0.00,0.0000,0.0000,0,0,0,0,0,20,15,0,0,0,0,0,1000.000
520,0.3740,0.3085,0.00,0.0000,0.0000,0,0,0,0,0,20,15,0,0,0,0,0,1000.000
530,0.3740,0.3085,0.00,0.0000,0.0000,0,0,0,0,0,20,15,0,0,0,0,0,1000.000
540,0.3740,0.3085,0.00,0.0000,0.0000,0,0,0,0,0,20,15,0,0,0,0,0,1000.000
550,0.3740,0.3085,0.00,0.0000,0.0000,0,0,0,0,0,20,15,0,0,0,0,0,1000.000
560,0.3740,0.3085,0.00,0.0000,0.0000,0,0,0,0,0,20,15,0,0,0,0,0,1000.000
570,0.3740,0.3085,0.00,0.0000,0.0000,0,0,0,0,0,20,15,0,0,0,0,0,1000.000
580,0.3740,0.3085,0.00,0.0000,0.0000,0,0,0,0,0,20,15,0,0,0,0,0,1000.000
590,0.3740,0.3085,0.00,0.0000,0.0000,0,0,0,0,0,20,15,0,0,0,0,0,1000.000
600,0.3740,0.3085,0.00,0.0000,0.0000,0,0,0,0,0,20,15,0,0,0,0,0,1000.000
610,0.3740,0.3085,0.00,0.0000,0.0000,0,0,0,0,0,20,15,0,0,0,0,0,1000.000
620,0.3740,0.3085,0.00,0.0000,0.0000,0,0,0,0,0,20,15,0,0,0,0,0,1000.000
630,0.3740,0.3085,0.00,0.0000,0.0000,0,0,0,0,0,20,15,0,0,0,0,0,1000.000
640,0.3740,0.3085,0.00,0.0000,0.0000,0,0,0,0,0,20,15,0,0,0,0,0,1000.000
650,0.3740,0.3085,0.00,0.0000,0.0000,0,0,0,0,0,20,15,0,0,0,0,0,1000.000
660,0.3740,0.3085,0.00,0.0000,0.0000,0,0,0,0,0,20,15,0,0,0,0,0,1000.000
670,0.3740,0.3085,0.00,0.0000,0.0000,0,0,0,0,0,20,15,0,0,0,0,0,1000.000
680,0.3740,0.3085,0.00,0.0000,0.0000,0,0,0,0,0,20,15,0,0,0,0,0,1000.000
690,0.3740,0.3085,0.00,0.0000,0.0000,0,0,0,0,0,20,15,0,0,0,0,0,1000.000
700,0.3740,0.3085,0.00,0.0000,0.0000,0,0,0,0,0,20,15,0,0,0,0,0,1000.000
710,0.3740,0.3085,0.00,0.0000,0.0000,0,0,0,0,0,20,15,0,0,0,0,0,1000.000
720,0.3740,0.3085,0.00,0.0000,0.0000,0,0,0,0,0,20,15,0,0,0,0,0,1000.000
730,0.3740,0.3085,0.00,0.0000,0.0000,0,0,0,0,0,20,15,0,0,0,0,0,1000.000
740,0.3740,0.3085,0.00,0.0000,0.0000,0,0,0,0,0,20,15,0,0,0,0,0,1000.000
750,0.3740,0.3085,0.00,0.0000,0.0000,0,0,0,0,0,20,15,0,0,0,0,0,1000.000
760,0.3740,0.3085,0.00,0.0000,0.0000,0,0,0,0,0,20,15,0,0,0,0,0,1000.000
770,0.3740,0.3085,0.00,0.0000,0.0000,0,0,0,0,0,20,15,0,0,0,0,0,1000.000
780,0.3740,0.3085,0.00,0.0000,0.0000,0,0,0,0,0,20,15,0,0,0,0,0,1000.000
790,0.3740,0.3085,0.00,0.0000,0.0000,0,0,0,0,0,20,15,0,0,0,0,0,1000.000
800,0.3740,0.3085,0.00,0.0000,0.0000,0,0,0,0,0,20,15,0,0,0,0,0,1000.000
810,0.3740,0.3085,0.00,0.0000,0.0000,0,0,0,0,0,20,15,0,0,0,0,0,1000.000
820,0.3740,0.3085,0.00,0.0000,0.0000,0,0,0,0,0,20,15,0,0,0,0,0,1000.000
830,0.3740,0.3085,0.00,0.0000,0.0000,0,0,0,0,0,20,15,0,0,0,0,0,1000.000
840,0.3740,0.3085,0.00,0.0000,0.0000,0,0,0,0,0,20,15,0,0,0,0,0,1000.000
850,0.3740,0.3085,0.00,0.0000,0.0000,0,0,0,0,0,20,15,0,0,0,0,0,1000.000
860,0.3740,0.3085,0.00,0.0000,0.0000,0,0,0,0,0,20,15,0,0,0,0,0,1000.000
870,0.3740,0.3085,0.00,0.0000,0.0000,0,0,0,0,0,20,15,0,0,0,0,0,1000.000
880,0.3740,0.3085,0.00,0.0000,0.0000,0,0,0,0,0,20,15,0,0,0,0,0,1000.000
890,0.3740,0.3085,0.00,0.0000,0.0000,0,0,0,0,0,20,15,0,0,0,0,0,1000.000
900,0.3740,0.3085,0.00,0.0000,0.0000,0,0,0,0,0,20,15,0,0,0,0,0,1000.000
910,0.3740,0.3085,0.00,0.0000,0.0000,0,0,0,0,0,20,15,0,0,0,0,0,1000.000
920,0.3740,0.3085,0.00,0.0000,0.0000,0,0,0,0,0,20,15,0,0,0,0,0,1000.000
930,0.3740,0.3085,0.00,0.0000,0.0000,0,0,0,0,0,20,15,0,0,0,0,0,1000.000
940,0.3740,0.3085,0.00,0.0000,0.0000,0,0,0,0,0,20,15,0,0,0,0,0,1000.000
950,0.3740,0.3085,0.00,0.0000,0.0000,0,0,0,0,0,20,15,0,0,0,0,0,1000.000
960,0.3740,0.3085,0.00,0.0000,0.0000,0,0,0,0,0,20,15,0,0,0,0,0,1000.000
970,0.3740,0.3085,0.00,0.0000,0.0000,0,0,0,0,0,20,15,0,0,0,0,0,1000.000
980,0.3740,0.3085,0.00,0.0000,0.0000,0,0,0,0,0,20,15,0,0,0,0,0,1000.000
990,0.3740,0.3085,0.00,0.0000,0.0000,0,0,0,0,0,20,15,0,0,0,0,0,1000.000
1000,0.3740,0.3085,0.00,0.0000,0.0000,0,0,0,0,0,20,15,0,0,0,0,0,1000.000
1010,0.3740,0.3085,0.00,0.0000,0.0000,0,0,0,0,0,20,15,0,0,0,0,0,1000.000
1020,0.3740,0.3085,0.00,0.0000,0.0000,0,0,0,0,0,20,15,0,0,0,0,0,1000.000
1030,0.3740,0.3085,0.00,0.0000,0.0000,0,0,0,0,0,20,15,0,0,0,0,0,1000.000
1040,0.3740,0.3085,0.00,0.0000,0.0000,0,0,0,0,0,20,15,0,0,0,0,0,1000.000
1050,0.3740,0.3085,0.00,0.0000,0.0000,0,0,0,0,0,20,15,0,0,0,0,0,1000.000
1060,0.3740,0.3085,0.00,0.0000,0.0000,0,0,0,0,0,20,15,0,0,0,0,0,1000.000
1070,0.3740,0.3085,0.00,0.0000,0.0000,0,0,0,0,0,20,15,0,0,0,0,0,1000.000
1080,0.3740,0.3085,0.00,0.0000,0.0000,0,0,0,0,0,20,15,0,0,0,0,0,1000.000
1090,0.3740,0.3085,0.00,0.0000,0.0000,0,0,0,0,0,20,15,0,0,0,0,0,1000.000
1100,0.3740,0.3085,0.00,0.0000,0.0000,0,0,0,0,0,20,15,0,0,0,0,0,1000.000
1110,0.3740,0.3085,0.00,0.0000,0.0000,0,0,0,0,0,20,15,0,0,0,0,0,1000.000
1120,0.3740,0.3085,0.00,0.0000,0.0000,0,0,0,0,0,20,15,0,0,0,0,0,1000.000
1130,0.3740,0.3085,0.00,0.0000,0.0000,0,0,0,0,0,20,15,0,0,0,0,0,1000.000
1140,0.3740,0.3085,0.00,0.0000,0.0000,0,0,0,0,0,20,15,0,0,0,0,0,1000.000
1150,0.3740,0.3085,0.00,0.0000,0.0000,0,0,0,0,0,20,15,0,0,0,0,0,1000.000
1160,0.3740,0.3085,0.00,0.0000,0.0000,0,0,0,0,0,20,15,0,0,0,0,0,1000.000
1170,0.3740,0.3085,0.00,0.0000,0.0000,0,0,0,0,0,20,15,0,0,0,0,0,1000.000
1180,0.3740,0.3085,0.00,0.0000,0.0000,0,0,0,0,0,20,15,0,0,0,0,0,1000.000
1190,0.3740,0.3085,0.00,0.0000,0.0000,0,0,0,0,0,20,15,0,0,0,0,0,1000.000
1200,0.3740,0.3085,0.00,0.0000,0.0000,0,0,0,0,0,20,15,0,0,0,0,0,1000.000
1210,0.3740,0.3085,0.00,0.0000,0.0000,0,0,0,0,0,20,15,0,0,0,0,0,1000.000
1220,0.3740,0.3085,0.00,0.0000,0.0000,0,0,0,0,0,20,15,0,0,0,0,0,1000.000
1230,0.3740,0.3085,0.00,0.0000,0.0000,0,0,0,0,0,20,15,0,0,0,0,0,1000.000
1240,0.3740,0.3085,0.00,0.0000,0.0000,0,0,0,0,0,20,15,0,0,0,0,0,1000.000
1250,0.3740,0.3085,0.00,0.0000,0.0000,0,0,0,0,0,20,15,0,0,0,0,0,1000.000
1260,0.3740,0.3085,0.00,0.0000,0.0000,0,0,0,0,0,20,15,0,0,0,0,0,1000.000
1270,0.3740,0.3085,0.00,0.0000,0.0000,0,0,0,0,0,20,15,0,0,0,0,0,1000.000
1280,0.3740,0.3085,0.00,0.0000,0.0000,0,0,0,0,0,20,15,0,0,0,0,0,1000.000
1290,0.3740,0.3085,0.00,0.0000,0.0000,0,0,0,0,0,20,15,0,0,0,0,0,1000.000
1300,0.3740,0.3085,0.00,0.0000,0.0000,0,0,0,0,0,20,15,0,0,0,0,0,1000.000
1310,0.3740,0.3085,0.00,0.0000,0.0000,0,0,0,0,0,20,15,0,0,0,0,0,1000.000
1320,0.3740,0.3085,0.00,0.0000,0.0000,0,0,0,0,0,20,15,0,0,0,0,0,1000.000
1330,0.3740,0.3085,0.00,0.0000,0.0000,0,0,0,0,0,20,15,0,0,0,0,0,1000.000
1340,0.3740,0.3085,0.00,0.0000,0.0000,0,0,0,0,0,20,15,0,0,0,0,0,1000.000
1350,0.3740,0.3085,0.00,0.0000,0.0000,0,0,0,0,0,20,15,0,0,0,0,0,1000.000
1360,0.3740,0.3085,0.00,0.0000,0.0000,0,0,0,0,0,20,15,0,0,0,0,0,1000.000
1370,0.3740,0.3085,0.00,0.0000,0.0000,0,0,0,0,0,20,15,0,0,0,0,0,1000.000
1380,0.3740,0.3085,0.00,0.0000,0.0000,0,0,0,0,0,20,15,0,0,0,0,0,1000.000
1390,0.3740,0.3085,0.00,0.0000,0.0000,0,0,0,0,0,20,15,0,0,0,0,0,1000.000
1400,0.3740,0.3085,0.00,0.0000,0.0000,0,0,0,0,0,20,15,0,0,0,0,0,1000.000
1410,0.3740,0.3085,0.00,0.0000,0.0000,0,0,0,0,0,20,15,0,0,0,0,0,1000.000
1420,0.3740,0.3085,0.00,0.0000,0.0000,0,0,0,0,0,20,15,0,0,0,0,0,1000.000
1430,0.3740,0.3085,0.00,0.0000,0.0000,0,0,0,0,0,20,15,0,0,0,0,0,1000.000
1440,0.3740,0.3085,0.00,0.0000,0.0000,0,0,0,0,0,20,15,0,0,0,0,0,1000.000
1450,0.3740,0.3085,0.00,0.0000,0.0000,0,0,0,0,0,20,15,0,0,0,0,0,1000.000
1460,0.3740,0.3085,0.00,0.0000,0.0000,0,0,0,0,0,20,15,0,0,0,0,0,1000.000
1470,0.3740,0.3085,0.00,0.0000,0.0000,0,0,0,0,0,20,15,0,0,0,0,0,1000.000
1480,0.3740,0.3085,0.00,0.0000,0.0000,0,0,0,0,0,20,15,0,0,0,0,0,1000.000
1490,0.3740,0.3085,0.00,0.0000,0.0000,0,0,0,0,0,20,15,0,0,0,0,0,1000.000
1500,0.3740,0.3085,0.00,0.0000,0.0000,0,0,0,0,0,20,15,0,0,0,0,0,1000.000
1510,0.3740,0.3085,0.00,0.0000,0.0000,0,0,0,0,0,20,15,0,0,0,0,0,1000.000
1520,0.3740,0.3085,0.00,0.0000,0.0000,0,0,0,0,0,20,15,0,0,0,0,0,1000.000
1530,0.3740,0.3085,0.00,0.0000,0.0000,0,0,0,0,0,20,15,0,0,0,0,0,1000.000
1540,0.3740,0.3085,0.00,0.0000,0.0000,0,0,0,0,0,20,15,0,0,0,0,0,1000.000
1550,0.3740,0.3085,0.00,0.0000,0.0000,0,0,0,0,0,20,15,0,0,0,0,0,1000.000
1560,0.3740,0.3085,0.00,0.0000,0.0000,0,0,0,0,0,20,15,0,0,0,0,0,1000.000
1570,0.3740,0.3085,0.00,0.0000,0.0000,0,0,0,0,0,20,15,0,0,0,0,0,1000.000
1580,0.3740,0.3085,0.00,0.0000,0.0000,0,0,0,0,0,20,15,0,0,0,0,0,1000.000
1590,0.3740,0.3085,0.00,0.0000,0.0000,0,0,0,0,0,20,15,0,0,0,0,0,1000.000
1600,0.3740,0.3085,0.00,0.0000,0.0000,0,0,0,0,0,20,15,0,0,0,0,0,1000.000
1610,0.3740,0.3085,0.00,0.0000,0.0000,0,0,0,0,0,20,15,0,0,0,0,0,1000.000
1620,0.3740,0.3085,0.00,0.0000,0.0000,0,0,0,0,0,20,15,0,0,0,0,0,1000.000
1630,0.3740,0.3085,0.00,0.0000,0.0000,0,0,0,0,0,20,15,0,0,0,0,0,1000.000
1640,0.3740,0.3085,0.00,0.0000,0.0000,0,0,0,0,0,20,15,0,0,0,0,0,1000.000
1650,0.3740,0.3085,0.00,0.0000,0.0000,0,0,0,0,0,20,15,0,0,0,0,0,1000.000
1660,0.3740,0.3085,0.00,0.0000,0.0000,0,0,0,0,0,20,15,0,0,0,0,0,1000.000
1670,0.3740,0.3085,0.00,0.0000,0.0000,0,0,0,0,0,20,15,0,0,0,0,0,1000.000
1680,0.3740,0.3085,0.00,0.0000,0.0000,0,0,0,0,0,20,15,0,0,0,0,0,1000.000
1690,0.3740,0.3085,0.00,0.0000,0.0000,0,0,0,0,0,20,15,0,0,0,0,0,1000.000
1700,0.3740,0.3085,0.00,0.0000,0.0000,0,0,0,0,0,20,15,0,0,0,0,0,1000.000
1710,0.3740,0.3085,0.00,0.0000,0.0000,0,0,0,0,0,20,15,0,0,0,0,0,1000.000
1720,0.3740,0.3085,0.00,0.0000,0.0000,0,0,0,0,0,20,15,0,0,0,0,0,1000.000
1730,0.3740,0.3085,0.00,0.0000,0.0000,0,0,0,0,0,20,15,0,0,0,0,0,1000.000
1740,0.3740,0.3085,0.00,0.0000,0.0000,0,0,0,0,0,20,15,0,0,0,0,0,1000.000
1750,0.3740,0.3085,0.00,0.0000,0.0000,0,0,0,0,0,20,15,0,0,0,0,0,1000.000
1760,0.3740,0.3085,0.00,0.0000,0.0000,0,0,0,0,0,20,15,0,0,0,0,0,1000.000
1770,0.3740,0.3085,0.00,0.0000,0.0000,0,0,0,0,0,20,15,0,0,0,0,0,1000.000
1780,0.3740,0.3085,0.00,0.0000,0.0000,0,0,0,0,0,20,15,0,0,0,0,0,1000.000
1790,0.3740,0.3085,0.00,0.0000,0.0000,0,0,0,0,0,20,15,0,0,0,0,0,1000.000
1800,0.3740,0.3085,0.00,0.0000,0.0000,0,0,0,0,0,20,15,0,0,0,0,0,1000.000
1810,0.3740,0.3085,0.00,0.0000,0.0000,0,0,0,0,0,20,15,0,0,0,0,0,1000.000
1820,0.3740,0.3085,0.00,0.0000,0.0000,0,0,0,0,0,20,15,0,0,0,0,0,1000.000
1830,0.3740,0.3085,0.00,0.0000,0.0000,0,0,0,0,0,20,15,0,0,0,0,0,1000.000
1840,0.3740,0.3085,0.00,0.0000,0.0000,0,0,0,0,0,20,15,0,0,0,0,0,1000.000
1850,0.3740,0.3085,0.00,0.0000,0.0000,0,0,0,0,0,20,15,0,0,0,0,0,1000.000
1860,0.3740,0.3085,0.00,0.0000,0.0000,0,0,0,0,0,20,15,0,0,0,0,0,1000.000
1870,0.3740,0.3085,0.00,0.0000,0.0000,0,0,0,0,0,20,15,0,0,0,0,0,1000.000
1880,0.3740,0.3085,0.00,0.0000,0.0000,0,0,0,0,0,20,15,0,0,0,0,0,1000.000
1890,0.3740,0.3085,0.00,0.0000,0.0000,0,0,0,0,0,20,15,0,0,0,0,0,1000.000
1900,0.3740,0.3085,0.00,0.0000,0.0000,0,0,0,0,0,20,15,0,0,0,0,0,1000.000
1910,0.3740,0.3085,0.00,0.0000,0.0000,0,0,0,0,0,20,15,0,0,0,0,0,1000.000
1920,0.3740,0.3085,0.00,0.0000,0.0000,0,0,0,0,0,20,15,0,0,0,0,0,1000.000
1930,0.3740,0.3085,0.00,0.0000,0.0000,0,0,0,0,0,20,15,0,0,0,0,0,1000.000
1940,0.3740,0.3085,0.00,0.0000,0.0000,0,0,0,0,0,20,15,0,0,0,0,0,1000.000
1950,0.3740,0.3085,0.00,0.0000,0.0000,0,0,0,0,0,20,15,0,0,0,0,0,1000.000
1960,0.3740,0.3085,0.00,0.0000,0.0000,0,0,0,0,0,20,15,0,0,0,0,0,1000.000
1970,0.3740,0.3085,0.00,0.0000,0.0000,0,0,0,0,0,20,15,0,0,0,0,0,1000.000
1980,0.3740,0.3085,0.00,0.0000,0.0000,0,0,0,0,0,20,15,0,0,0,0,0,1000.000
1990,0.3740,0.3085,0.00,0.0000,0.0000,0,0,0,0,0,20,15,0,0,0,0,0,1000.000
2000,0.3740,0.3085,0.00,0.0000,0.0000,0,0,0,0,0,20,15,0,0,0,0,0,1000.000
2010,0.3740,0.3085,0.00,0.0000,0.0000,0,0,0,0,0,20,15,0,0,0,0,0,1000.000
2020,0.3740,0.3085,0.00,0.0000,0.0000,0,0,0,0,0,20,15,0,0,0,0,0,1000.000
2030,0.3740,0.3085,0.00,0.0000,0.0000,0,0,0,0,0,20,15,0,0,0,0,0,1000.000
2040,0.3740,0.3085,0.00,0.0000,0.0000,0,0,0,0,0,20,15,0,0,0,0,0,1000.000
2050,0.3740,0.3085,0.00,0.0000,0.0000,0,0,0,0,0,20,15,0,0,0,0,0,1000.000
2060,0.3740,0.3085,0.00,0.0000,0.0000,0,0,0,0,0,20,15,0,0,0,0,0,1000.000
2070,0.3740,0.3085,0.00,0.0000,0.0000,0,0,0,0,0,20,15,0,0,0,0,0,1000.000
2080,0.3740,0.3085,0.00,0.0000,0.0000,0,0,0,0,0,20,15,0,0,0,0,0,1000.000
2090,0.3740,0.3085,0.00,0.0000,0.0000,0,0,0,0,0,20,15,0,0,0,0,0,1000.000
2100,0.3740,0.3085,0.00,0.0000,0.0000,0,0,0,0,0,20,15,0,0,0,0,0,1000.000
2110,0.3740,0.3085,0.00,0.0000,0.0000,0,0,0,0,0,20,15,0,0,0,0,0,1000.000
2120,0.3740,0.3085,0.00,0.0000,0.0000,0,0,0,0,0,20,15,0,0,0,0,0,1000.000
2130,0.3740,0.3085,0.00,0.0000,0.0000,0,0,0,0,0,20,15,0,0,0,0,0,1000.000
2140,0.3740,0.3085,0.00,0.0000,0.0000,0,0,0,0,0,20,15,0,0,0,0,0,1000.000
2150,0.3740,0.3085,0.00,0.0000,0.0000,0,0,0,0,0,20,15,0,0,0,0,0,1000.000
2160,0.3740,0.3085,0.00,0.0000,0.0000,0,0,0,0,0,20,15,0,0,0,0,0,1000.000
2170,0.3740,0.3085,0.00,0.0000,0.0000,0,0,0,0,0,20,15,0,0,0,0,0,1000.000
2180,0.3740,0.3085,0.00,0.0000,0.0000,0,0,0,0,0,20,15,0,0,0,0,0,1000.000
2190,0.3740,0.3085,0.00,0.0000,0.0000,0,0,0,0,0,20,15,0,0,0,0,0,1000.000
2200,0.3740,0.3085,0.00,0.0000,0.0000,0,0,0,0,0,20,15,0,0,0,0,0,1000.000
2210,0.3740,0.3085,0.00,0.0000,0.0000,0,0,0,0,0,20,15,0,0,0,0,0,1000.000
2220,0.3740,0.3085,0.00,0.0000,0.0000,0,0,0,0,0,20,15,0,0,0,0,0,1000.000
2230,0.3740,0.3085,0.00,0.0000,0.0000,0,0,0,0,0,20,15,0,0,0,0,0,1000.000
2240,0.3740,0.3085,0.00,0.0000,0.0000,0,0,0,0,0,20,15,0,0,0,0,0,1000.000
2250,0.3740,0.3085,0.00,0.0000,0.0000,0,0,0,0,0,20,15,0,0,0,0,0,1000.000
2260,0.3740,0.3085,0.00,0.0000,0.0000,0,0,0,0,0,20,15,0,0,0,0,0,1000.000
2270,0.3740,0.3085,0.00,0.0000,0.0000,0,0,0,0,0,20,15,0,0,0,0,0,1000.000
2280,0.3740,0.3085,0.00,0.0000,0.0000,0,0,0,0,0,20,15,0,0,0,0,0,1000.000
2290,0.3740,0.3085,0.00,0.0000,0.0000,0,0,0,0,0,20,15,0,0,0,0,0,1000.000
2300,0.3740,0.3085,0.00,0.0000,0.0000,0,0,0,0,0,20,15,0,0,0,0,0,1000.000
2310,0.3740,0.3085,0.00,0.0000,0.0000,0,0,0,0,0,20,15,0,0,0,0,0,1000.000
2320,0.3740,0.3085,0.00,0.0000,0.0000,0,0,0,0,0,20,15,0,0,0,0,0,1000.000
2330,0.3740,0.3085,0.00,0.0000,0.0000,0,0,0,0,0,20,15,0,0,0,0,0,1000.000
2340,0.3740,0.3085,0.00,0.0000,0.0000,0,0,0,0,0,20,15,0,0,0,0,0,1000.000
2350,0.3740,0.3085,0.00,0.0000,0.0000,0,0,0,0,0,20,15,0,0,0,0,0,1000.000
2360,0.3740,0.3085,0.00,0.0000,0.0000,0,0,0,0,0,20,15,0,0,0,0,0,1000.000
2370,0.3740,0.3085,0.00,0.0000,0.0000,0,0,0,0,0,20,15,0,0,0,0,0,1000.000
2380,0.3740,0.3085,0.00,0.0000,0.0000,0,0,0,0,0,20,15,0,0,0,0,0,1000.000
2390,0.3740,0.3085,0.00,0.0000,0.0000,0,0,0,0,0,20,15,0,0,0,0,0,1000.000
2400,0.3740,0.3085,0.00,0.0000,0.0000,0,0,0,0,0,20,15,0,0,0,0,0,1000.000
2410,0.3740,0.3085,0.00,0.0000,0.0000,0,0,0,0,0,20,15,0,0,0,0,0,1000.000
2420,0.3740,0.3085,0.00,0.0000,0.0000,0,0,0,0,0,20,15,0,0,0,0,0,1000.000
2430,0.3740,0.3085,0.00,0.0000,0.0000,0,0,0,0,0,20,15,0,0,0,0,0,1000.000
2440,0.3740,0.3085,0.00,0.0000,0.0000,0,0,0,0,0,20,15,0,0,0,0,0,1000.000
2450,0.3740,0.3085,0.00,0.0000,0.0000,0,0,0,0,0,20,15,0,0,0,0,0,1000.000
2460,0.3740,0.3085,0.00,0.0000,0.0000,0,0,0,0,0,20,15,0,0,0,0,0,1000.000
2470,0.3740,0.3085,0.00,0.0000,0.0000,0,0,0,0,0,20,15,0,0,0,0,0,1000.000
2480,0.3740,0.3085,0.00,0.0000,0.0000,0,0,0,0,0,20,15,0,0,0,0,0,1000.000
2490,0.3740,0.3085,0.00,0.0000,0.0000,0,0,0,0,0,20,15,0,0,0,0,0,1000.000
2500,0.3740,0.3085,0.00,0.0000,0.0000,0,0,0,0,0,20,15,0,0,0,0,0,1000.000
2510,0.3740,0.3085,0.00,0.0000,0.0000,0,0,0,0,0,20,15,0,0,0,0,0,1000.000
2520,0.3740,0.3085,0.00,0.0000,0.0000,0,0,0,0,0,20,15,0,0,0,0,0,1000.000
2530,0.3740,0.3085,0.00,0.0000,0.0000,0,0,0,0,0,20,15,0,0,0,0,0,1000.000
2540,0.3740,0.3085,0.00,0.0000,0.0000,0,0,0,0,0,20,15,0,0,0,0,0,1000.000
2550,0.3740,0.3085,0.00,0.0000,0.0000,0,0,0,0,0,20,15,0,0,0,0,0,1000.000
2560,0.3740,0.3085,0.00,0.0000,0.0000,0,0,0,0,0,20,15,0,0,0,0,0,1000.000
2570,0.3740,0.3085,0.00,0.0000,0.0000,0,0,0,0,0,20,15,0,0,0,0,0,1000.000
2580,0.3740,0.3085,0.00,0.0000,0.0000,0,0,0,0,0,20,15,0,0,0,0,0,1000.000
2590,0.3740,0.3085,0.00,0.0000,0.0000,0,0,0,0,0,20,15,0,0,0,0,0,1000.000
2600,0.3740,0.3085,0.00,0.0000,0.0000,0,0,0,0,0,20,15,0,0,0,0,0,1000.000
2610,0.3740,0.3085,0.00,0.0000,0.0000,0,0,0,0,0,20,15,0,0,0,0,0,1000.000
2620,0.3740,0.3085,0.00,0.0000,0.0000,0,0,0,0,0,20,15,0,0,0,0,0,1000.000
2630,0.3740,0.3085,0.00,0.0000,0.0000,0,0,0,0,0,20,15,0,0,0,0,0,1000.000
2640,0.3740,0.3085,0.00,0.0000,0.0000,0,0,0,0,0,20,15,0,0,0,0,0,1000.000
2650,0.3740,0.3085,0.00,0.0000,0.0000,0,0,0,0,0,20,15,0,0,0,0,0,1000.000
2660,0.3740,0.3085,0.00,0.0000,0.0000,0,0,0,0,0,20,15,0,0,0,0,0,1000.000
2670,0.3740,0.3085,0.00,0.0000,0.0000,0,0,0,0,0,20,15,0,0,0,0,0,1000.000
2680,0.3740,0.3085,0.00,0.0000,0.0000,0,0,0,0,0,20,15,0,0,0,0,0,1000.000
2690,0.3740,0.3085,0.00,0.0000,0.0000,0,0,0,0,0,20,15,0,0,0,0,0,1000.000
2700,0.3740,0.3085,0.00,0.0000,0.0000,0,0,0,0,0,20,15,0,0,0,0,0,1000.000
2710,0.3740,0.3085,0.00,0.0000,0.0000,0,0,0,0,0,20,15,0,0,0,0,0,1000.000
2720,0.3740,0.3085,0.00,0.0000,0.0000,0,0,0,0,0,20,15,0,0,0,0,0,1000.000
2730,0.3740,0.3085,0.00,0.0000,0.0000,0,0,0,0,0,20,15,0,0,0,0,0,1000.000
2740,0.3740,0.3085,0.00,0.0000,0.0000,0,0,0,0,0,20,15,0,0,0,0,0,1000.000
2750,0.3740,0.3085,0.00,0.0000,0.0000,0,0,0,0,0,20,15,0,0,0,0,0,1000.000
2760,0.3740,0.3085,0.00,0.0000,0.0000,0,0,0,0,0,20,15,0,0,0,0,0,1000.000
2770,0.3740,0.3085,0.00,0.0000,0.0000,0,0,0,0,0,20,15,0,0,0,0,0,1000.000
2780,0.3740,0.3085,0.00,0.0000,0.0000,0,0,0,0,0,20,15,0,0,0,0,0,1000.000
2790,0.3740,0.3085,0.00,0.0000,0.0000,0,0,0,0,0,20,15,0,0,0,0,0,1000.000
2800,0.3740,0.3085,0.00,0.0000,0.0000,0,0,0,0,0,20,15,0,0,0,0,0,1000.000
2810,0.3740,0.3085,0.00,0.0000,0.0000,0,0,0,0,0,20,15,0,0,0,0,0,1000.000
2820,0.3740,0.3085,0.00,0.0000,0.0000,0,0,0,0,0,20,15,0,0,0,0,0,1000.000
2830,0.3740,0.3085,0.00,0.0000,0.0000,0,0,0,0,0,20,15,0,0,0,0,0,1000.000
2840,0.3740,0.3085,0.00,0.0000,0.0000,0,0,0,0,0,20,15,0,0,0,0,0,1000.000
2850,0.3740,0.3085,0.00,0.0000,0.0000,0,0,0,0,0,20,15,0,0,0,0,0,1000.000
2860,0.3740,0.3085,0.00,0.0000,0.0000,0,0,0,0,0,20,15,0,0,0,0,0,1000.000
2870,0.3740,0.3085,0.00,0.0000,0.0000,0,0,0,0,0,20,15,0,0,0,0,0,1000.000
2880,0.3740,0.3085,0.00,0.0000,0.0000,0,0,0,0,0,20,15,0,0,0,0,0,1000.000
2890,0.3740,0.3085,0.00,0.0000,0.0000,0,0,0,0,0,20,15,0,0,0,0,0,1000.000
2900,0.3740,0.3085,0.00,0.0000,0.0000,0,0,0,0,0,20,15,0,0,0,0,0,1000.000
2910,0.3740,0.3085,0.00,0.0000,0.0000,0,0,0,0,0,20,15,0,0,0,0,0,1000.000
2920,0.3740,0.3085,0.00,0.0000,0.0000,0,0,0,0,0,20,15,0,0,0,0,0,1000.000
2930,0.3740,0.3085,0.00,0.0000,0.0000,0,0,0,0,0,20,15,0,0,0,0,0,1000.000
2940,0.3740,0.3085,0.00,0.0000,0.0000,0,0,0,0,0,20,15,0,0,0,0,0,1000.000
2950,0.3740,0.3085,0.00,0.0000,0.0000,0,0,0,0,0,20,15,0,0,0,0,0,1000.000
2960,0.3740,0.3085,0.00,0.0000,0.0000,0,0,0,0,0,20,15,0,0,0,0,0,1000.000
2970,0.3740,0.3085,0.00,0.0000,0.0000,0,0,0,0,0,20,15,0,0,0,0,0,1000.000
2980,0.3740,0.3085,0.00,0.0000,0.0000,0,0,0,0,0,20,15,0,0,0,0,0,1000.000
2990,0.3740,0.3085,0.00,0.0000,0.0000,0,0,0,0,0,20,15,0,0,0,0,0,1000.000
3000,0.3740,0.3085,0.00,0.0000,0.0000,0,0,0,0,0,20,15,0,0,0,0,0,1000.000
3010,0.3740,0.3085,0.00,0.0000,0.0000,0,0,0,0,0,20,15,0,0,0,0,0,1000.000
3020,0.3740,0.3085,0.00,0.0000,0.0000,0,0,0,0,0,20,15,0,0,0,0,0,1000.000
3030,0.3740,0.3085,0.00,0.0000,0.0000,0,0,0,0,0,20,15,0,0,0,0,0,1000.000
3040,0.3740,0.3085,0.00,0.0000,0.0000,0,0,0,0,0,20,15,0,0,0,0,0,1000.000
3050,0.3740,0.3085,0.00,0.0000,0.0000,0,0,0,0,0,20,15,0,0,0,0,0,1000.000
3060,0.3740,0.3085,0.00,0.0000,0.0000,0,0,0,0,0,20,15,0,0,0,0,0,1000.000
3070,0.3740,0.3085,0.00,0.0000,0.0000,0,0,0,0,0,20,15,0,0,0,0,0,1000.000
3080,0.3740,0.3085,0.00,0.0000,0.0000,0,0,0,0,0,20,15,0,0,0,0,0,1000.000
3090,0.3740,0.3085,0.00,0.0000,0.0000,0,0,0,0,0,20,15,0,0,0,0,0,1000.000
3100,0.3740,0.3085,0.00,0.0000,0.0000,0,0,0,0,0,20,15,0,0,0,0,0,1000.000
3110,0.3740,0.3085,0.00,0.0000,0.0000,0,0,0,0,0,20,15,0,0,0,0,0,1000.000
3120,0.3740,0.3085,0.00,0.0000,0.0000,0,0,0,0,0,20,15,0,0,0,0,0,1000.000
3130,0.3740,0.3085,0.00,0.0000,0.0000,0,0,0,0,0,20,15,0,0,0,0,0,1000.000
3140,0.3740,0.3085,0.00,0.0000,0.0000,0,0,0,0,0,20,15,0,0,0,0,0,1000.000
3150,0.3740,0.3085,0.00,0.0000,0.0000,0,0,0,0,0,20,15,0,0,0,0,0,1000.000
3160,0.3740,0.3085,0.00,0.0000,0.0000,0,0,0,0,0,20,15,0,0,0,0,0,1000.000
3170,0.3740,0.3085,0.00,0.0000,0.0000,0,0,0,0,0,20,15,0,0,0,0,0,1000.000
3180,0.3740,0.3085,0.00,0.0000,0.0000,0,0,0,0,0,20,15,0,0,0,0,0,1000.000
3190,0.3740,0.3085,0.00,0.0000,0.0000,0,0,0,0,0,20,15,0,0,0,0,0,1000.000
3200,0.3740,0.3085,0.00,0.0000,0.0000,0,0,0,0,0,20,15,0,0,0,0,0,1000.000
3210,0.3740,0.3085,0.00,0.0000,0.0000,0,0,0,0,0,20,15,0,0,0,0,0,1000.000
3220,0.3740,0.3085,0.00,0.0000,0.0000,0,0,0,0,0,20,15,0,0,0,0,0,1000.000
3230,0.3740,0.3085,0.00,0.0000,0.0000,0,0,0,0,0,20,15,0,0,0,0,0,1000.000
3240,0.3740,0.3085,0.00,0.0000,0.0000,0,0,0,0,0,20,15,0,0,0,0,0,1000.000
3250,0.3740,0.3085,0.00,0.0000,0.0000,0,0,0,0,0,20,15,0,0,0,0,0,1000.000
3260,0.3740,0.3085,0.00,0.0000,0.0000,0,0,0,0,0,20,15,0,0,0,0,0,1000.000
3270,0.3740,0.3085,0.00,0.0000,0.0000,0,0,0,0,0,20,15,0,0,0,0,0,1000.000
3280,0.3740,0.3085,0.00,0.0000,0.0000,0,0,0,0,0,20,15,0,0,0,0,0,1000.000
3290,0.3740,0.3085,0.00,0.0000,0.0000,0,0,0,0,0,20,15,0,0,0,0,0,1000.000
3300,0.3740,0.3085,0.00,0.0000,0.0000,0,0,0,0,0,20,15,0,0,0,0,0,1000.000
3310,0.3740,0.3085,0.00,0.0000,0.0000,0,0,0,0,0,20,15,0,0,0,0,0,1000.000
3320,0.3740,0.3085,0.00,0.0000,0.0000,0,0,0,0,0,20,15,0,0,0,0,0,1000.000
3330,0.3740,0.3085,0.00,0.0000,0.0000,0,0,0,0,0,20,15,0,0,0,0,0,1000.000
3340,0.3740,0.3085,0.00,0.0000,0.0000,0,0,0,0,0,20,15,0,0,0,0,0,1000.000
3350,0.3740,0.3085,0.00,0.0000,0.0000,0,0,0,0,0,20,15,0,0,0,0,0,1000.000
3360,0.3740,0.3085,0.00,0.0000,0.0000,0,0,0,0,0,20,15,0,0,0,0,0,1000.000
3370,0.3740,0.3085,0.00,0.0000,0.0000,0,0,0,0,0,20,15,0,0,0,0,0,1000.000
3380,0.3740,0.3085,0.00,0.0000,0.0000,0,0,0,0,0,20,15,0,0,0,0,0,1000.000
3390,0.3740,0.3085,0.00,0.0000,0.0000,0,0,0,0,0,20,15,0,0,0,0,0,1000.000
3400,0.3740,0.3085,0.00,0.0000,0.0000,0,0,0,0,0,20,15,0,0,0,0,0,1000.000
3410,0.3740,0.3085,0.00,0.0000,0.0000,0,0,0,0,0,20,15,0,0,0,0,0,1000.000
3420,0.3740,0.3085,0.00,0.0000,0.0000,0,0,0,0,0,20,15,0,0,0,0,0,1000.000
3430,0.3740,0.3085,0.00,0.0000,0.0000,0,0,0,0,0,20,15,0,0,0,0,0,1000.000
3440,0.3740,0.3085,0.00,0.0000,0.0000,0,0,0,0,0,20,15,0,0,0,0,0,1000.000
3450,0.3740,0.3085,0.00,0.0000,0.0000,0,0,0,0,0,20,15,0,0,0,0,0,1000.000
3460,0.3740,0.3085,0.00,0.0000,0.0000,0,0,0,0,0,20,15,0,0,0,0,0,1000.000
3470,0.3740,0.3085,0.00,0.0000,0.0000,0,0,0,0,0,20,15,0,0,0,0,0,1000.000
3480,0.3740,0.3085,0.00,0.0000,0.0000,0,0,0,0,0,20,15,0,0,0,0,0,1000.000
3490,0.3740,0.3085,0.00,0.0000,0.0000,0,0,0,0,0,20,15,0,0,0,0,0,1000.000
3500,0.3740,0.3085,0.00,0.0000,0.0000,0,0,0,0,0,20,15,0,0,0,0,0,1000.000
3510,0.3740,0.3085,0.00,0.0000,0.0000,0,0,0,0,0,20,15,0,0,0,0,0,1000.000
3520,0.3740,0.3085,0.00,0.0000,0.0000,0,0,0,0,0,20,15,0,0,0,0,0,1000.000
3530,0.3740,0.3085,0.00,0.0000,0.0000,0,0,0,0,0,20,15,0,0,0,0,0,1000.000
3540,0.3740,0.3085,0.00,0.0000,0.0000,0,0,0,0,0,20,15,0,0,0,0,0,1000.000
3550,0.3740,0.3085,0.00,0.0000,0.0000,0,0,0,0,0,20,15,0,0,0,0,0,1000.000
3560,0.3740,0.3085,0.00,0.0000,0.0000,0,0,0,0,0,20,15,0,0,0,0,0,1000.000
3570,0.3740,0.3085,0.00,0.0000,0.0000,0,0,0,0,0,20,15,0,0,0,0,0,1000.000
3580,0.3740,0.3085,0.00,0.0000,0.0000,0,0,0,0,0,20,15,0,0,0,0,0,1000.000
3590,0.3740,0.3085,0.00,0.0000,0.0000,0,0,0,0,0,20,15,0,0,0,0,0,1000.000
3600,0.3740,0.3085,0.00,0.0000,0.0000,0,0,0,0,0,20,15,0,0,0,0,0,1000.000
3610,0.3740,0.3085,0.00,0.0000,0.0000,0,0,0,0,0,20,15,0,0,0,0,0,1000.000
3620,0.3740,0.3085,0.00,0.0000,0.0000,0,0,0,0,0,20,15,0,0,0,0,0,1000.000
3630,0.3740,0.3085,0.00,0.0000,0.0000,0,0,0,0,0,20,15,0,0,0,0,0,1000.000
3640,0.3740,0.3085,0.00,0.0000,0.0000,0,0,0,0,0,20,15,0,0,0,0,0,1000.000
3650,0.3740,0.3085,0.00,0.0000,0.0000,0,0,0,0,0,20,15,0,0,0,0,0,1000.000
3660,0.3740,0.3085,0.00,0.0000,0.0000,0,0,0,0,0,20,15,0,0,0,0,0,1000.000
3670,0.3740,0.3085,0.00,0.0000,0.0000,0,0,0,0,0,20,15,0,0,0,0,0,1000.000
3680,0.3740,0.3085,0.00,0.0000,0.0000,0,0,0,0,0,20,15,0,0,0,0,0,1000.000
3690,0.3740,0.3085,0.00,0.0000,0.0000,0,0,0,0,0,20,15,0,0,0,0,0,1000.000
3700,0.3740,0.3085,0.00,0.0000,0.0000,0,0,0,0,0,20,15,0,0,0,0,0,1000.000
3710,0.3740,0.3085,0.00,0.0000,0.0000,0,0,0,0,0,20,15,0,0,0,0,0,1000.000
3720,0.3740,0.3085,0.00,0.0000,0.0000,0,0,0,0,0,20,15,0,0,0,0,0,1000.000
3730,0.3740,0.3085,0.00,0.0000,0.0000,0,0,0,0,0,20,15,0,0,0,0,0,1000.000
3740,0.3740,0.3085,0.00,0.0000,0.0000,0,0,0,0,0,20,15,0,0,0,0,0,1000.000
3750,0.3740,0.3085,0.00,0.0000,0.0000,0,0,0,0,0,20,15,0,0,0,0,0,1000.000
3760,0.3740,0.3085,0.00,0.0000,0.0000,0,0,0,0,0,20,15,0,0,0,0,0,1000.000
3770,0.3740,0.3085,0.00,0.0000,0.0000,0,0,0,0,0,20,15,0,0,0,0,0,1000.000
3780,0.3740,0.3085,0.00,0.0000,0.0000,0,0,0,0,0,20,15,0,0,0,0,0,1000.000
3790,0.3740,0.3085,0.00,0.0000,0.0000,0,0,0,0,0,20,15,0,0,0,0,0,1000.000
3800,0.3740,0.3085,0.00,0.0000,0.0000,0,0,0,0,0,20,15,0,0,0,0,0,1000.000
3810,0.3740,0.3085,0.00,0.0000,0.0000,0,0,0,0,0,20,15,0,0,0,0,0,1000.000
3820,0.3740,0.3085,0.00,0.0000,0.0000,0,0,0,0,0,20,15,0,0,0,0,0,1000.000
3830,0.3740,0.3085,0.00,0.0000,0.0000,0,0,0,0,0,20,15,0,0,0,0,0,1000.000
3840,0.3740,0.3085,0.00,0.0000,0.0000,0,0,0,0,0,20,15,0,0,0,0,0,1000.000
3850,0.3740,0.3085,0.00,0.0000,0.0000,0,0,0,0,0,20,15,0,0,0,0,0,1000.000
3860,0.3740,0.3085,0.00,0.0000,0.0000,0,0,0,0,0,20,15,0,0,0,0,0,1000.000
3870,0.3740,0.3085,0.00,0.0000,0.0000,0,0,0,0,0,20,15,0,0,0,0,0,1000.000
3880,0.3740,0.3085,0.00,0.0000,0.0000,0,0,0,0,0,20,15,0,0,0,0,0,1000.000
3890,0.3740,0.3085,0.00,0.0000,0.0000,0,0,0,0,0,20,15,0,0,0,0,0,1000.000
3900,0.3740,0.3085,0.00,0.0000,0.0000,0,0,0,0,0,20,15,0,0,0,0,0,1000.000
3910,0.3740,0.3085,0.00,0.0000,0.0000,0,0,0,0,0,20,15,0,0,0,0,0,1000.000
3920,0.3740,0.3085,0.00,0.0000,0.0000,0,0,0,0,0,20,15,0,0,0,0,0,1000.000
3930,0.3740,0.3085,0.00,0.0000,0.0000,0,0,0,0,0,20,15,0,0,0,0,0,1000.000
3940,0.3740,0.3085,0.00,0.0000,0.0000,0,0,0,0,0,20,15,0,0,0,0,0,1000.000
3950,0.3740,0.3085,0.00,0.0000,0.0000,0,0,0,0,0,20,15,0,0,0,0,0,1000.000
3960,0.3740,0.3085,0.00,0.0000,0.0000,0,0,0,0,0,20,15,0,0,0,0,0,1000.000
3970,0.3740,0.3085,0.00,0.0000,0.0000,0,0,0,0,0,20,15,0,0,0,0,0,1000.000
3980,0.3740,0.3085,0.00,0.0000,0.0000,0,0,0,0,0,20,15,0,0,0,0,0,1000.000
3990,0.3740,0.3085,0.00,0.0000,0.0000,0,0,0,0,0,20,15,0,0,0,0,0,1000.000
4000,0.3740,0.3085,0.00,0.0000,0.0000,0,0,0,0,0,20,15,0,0,0,0,0,1000.000
4010,0.3740,0.3085,0.00,0.0000,0.0000,0,0,0,0,0,20,15,0,0,0,0,0,1000.000
4020,0.3740,0.3085,0.00,0.0000,0.0000,0,0,0,0,0,20,15,0,0,0,0,0,1000.000
4030,0.3740,0.3085,0.00,0.0000,0.0000,0,0,0,0,0,20,15,0,0,0,0,0,1000.000
4040,0.3740,0.3085,0.00,0.0000,0.0000,0,0,0,0,0,20,15,0,0,0,0,0,1000.000
4050,0.3740,0.3085,0.00,0.0000,0.0000,0,0,0,0,0,20,15,0,0,0,0,0,1000.000
4060,0.3740,0.3085,0.00,0.0000,0.0000,0,0,0,0,0,20,15,0,0,0,0,0,1000.000
4070,0.3740,0.3085,0.00,0.0000,0.0000,0,0,0,0,0,20,15,0,0,0,0,0,1000.000
4080,0.3740,0.3085,0.00,0.0000,0.0000,0,0,0,0,0,20,15,0,0,0,0,0,1000.000
4090,0.3740,0.3085,0.00,0.0000,0.0000,0,0,0,0,0,20,15,0,0,0,0,0,1000.000
4100,0.3740,0.3085,0.00,0.0000,0.0000,0,0,0,0,0,20,15,0,0,0,0,0,1000.000
4110,0.3740,0.3085,0.00,0.0000,0.0000,0,0,0,0,0,20,15,0,0,0,0,0,1000.000
4120,0.3740,0.3085,0.00,0.0000,0.0000,0,0,0,0,0,20,15,0,0,0,0,0,1000.000
4130,0.3740,0.3085,0.00,0.0000,0.0000,0,0,0,0,0,20,15,0,0,0,0,0,1000.000
4140,0.3740,0.3085,0.00,0.0000,0.0000,0,0,0,0,0,20,15,0,0,0,0,0,1000.000
4150,0.3740,0.3085,0.00,0.0000,0.0000,0,0,0,0,0,20,15,0,0,0,0,0,1000.000
4160,0.3740,0.3085,0.00,0.0000,0.0000,0,0,0,0,0,20,15,0,0,0,0,0,1000.000
4170,0.3740,0.3085,0.00,0.0000,0.0000,0,0,0,0,0,20,15,0,0,0,0,0,1000.000
4180,0.3740,0.3085,0.00,0.0000,0.0000,0,0,0,0,0,20,15,0,0,0,0,0,1000.000
4190,0.3740,0.3085,0.00,0.0000,0.0000,0,0,0,0,0,20,15,0,0,0,0,0,1000.000
4200,0.3740,0.3085,0.00,0.0000,0.0000,0,0,0,0,0,20,15,0,0,0,0,0,1000.000
4210,0.3740,0.3085,0.00,0.0000,0.0000,0,0,0,0,0,20,15,0,0,0,0,0,1000.000
4220,0.3740,0.3085,0.00,0.0000,0.0000,0,0,0,0,0,20,15,0,0,0,0,0,1000.000
4230,0.3740,0.3085,0.00,0.0000,0.0000,0,0,0,0,0,20,15,0,0,0,0,0,1000.000
4240,0.3740,0.3085,0.00,0.0000,0.0000,0,0,0,0,0,20,15,0,0,0,0,0,1000.000
4250,0.3740,0.3085,0.00,0.0000,0.0000,0,0,0,0,0,20,15,0,0,0,0,0,1000.000
4260,0.3740,0.3085,0.00,0.0000,0.0000,0,0,0,0,0,20,15,0,0,0,0,0,1000.000
4270,0.3740,0.3085,0.00,0.0000,0.0000,0,0,0,0,0,20,15,0,0,0,0,0,1000.000
4280,0.3740,0.3085,0.00,0.0000,0.0000,0,0,0,0,0,20,15,0,0,0,0,0,1000.000
4290,0.3740,0.3085,0.00,0.0000,0.0000,0,0,0,0,0,20,15,0,0,0,0,0,1000.000
4300,0.3740,0.3085,0.00,0.0000,0.0000,0,0,0,0,0,20,15,0,0,0,0,0,1000.000
4310,0.3740,0.3085,0.00,0.0000,0.0000,0,0,0,0,0,20,15,0,0,0,0,0,1000.000
4320,0.3740,0.3085,0.00,0.0000,0.0000,0,0,0,0,0,20,15,0,0,0,0,0,1000.000
4330,0.3740,0.3085,0.00,0.0000,0.0000,0,0,0,0,0,20,15,0,0,0,0,0,1000.000
4340,0.3740,0.3085,0.00,0.0000,0.0000,0,0,0,0,0,20,15,0,0,0,0,0,1000.000
4350,0.3740,0.3085,0.00,0.0000,0.0000,0,0,0,0,0,20,15,0,0,0,0,0,1000.000
4360,0.3740,0.3085,0.00,0.0000,0.0000,0,0,0,0,0,20,15,0,0,0,0,0,1000.000
4370,0.3740,0.3085,0.00,0.0000,0.0000,0,0,0,0,0,20,15,0,0,0,0,0,1000.000
4380,0.3740,0.3085,0.00,0.0000,0.0000,0,0,0,0,0,20,15,0,0,0,0,0,1000.000
4390,0.3740,0.3085,0.00,0.0000,0.0000,0,0,0,0,0,20,15,0,0,0,0,0,1000.000
4400,0.3740,0.3085,0.00,0.0000,0.0000,0,0,0,0,0,20,15,0,0,0,0,0,1000.000
4410,0.3740,0.3085,0.00,0.0000,0.0000,0,0,0,0,0,20,15,0,0,0,0,0,1000.000
4420,0.3740,0.3085,0.00,0.0000,0.0000,0,0,0,0,0,20,15,0,0,0,0,0,1000.000
4430,0.3740,0.3085,0.00,0.0000,0.0000,0,0,0,0,0,20,15,0,0,0,0,0,1000.000
4440,0.3740,0.3085,0.00,0.0000,0.0000,0,0,0,0,0,20,15,0,0,0,0,0,1000.000
4450,0.3740,0.3085,0.00,0.0000,0.0000,0,0,0,0,0,20,15,0,0,0,0,0,1000.000
4460,0.3740,0.3085,0.00,0.0000,0.0000,0,0,0,0,0,20,15,0,0,0,0,0,1000.000
4470,0.3740,0.3085,0.00,0.0000,0.0000,0,0,0,0,0,20,15,0,0,0,0,0,1000.000
4480,0.3740,0.3085,0.00,0.0000,0.0000,0,0,0,0,0,20,15,0,0,0,0,0,1000.000
4490,0.3740,0.3085,0.00,0.0000,0.0000,0,0,0,0,0,20,15,0,0,0,0,0,1000.000
4500,0.3740,0.3085,0.00,0.0000,0.0000,0,0,0,0,0,20,15,0,0,0,0,0,1000.000
4510,0.3740,0.3085,0.00,0.0000,0.0000,0,0,0,0,0,20,15,0,0,0,0,0,1000.000
4520,0.3740,0.3085,0.00,0.0000,0.0000,0,0,0,0,0,20,15,0,0,0,0,0,1000.000
4530,0.3740,0.3085,0.00,0.0000,0.0000,0,0,0,0,0,20,15,0,0,0,0,0,1000.000
4540,0.3740,0.3085,0.00,0.0000,0.0000,0,0,0,0,0,20,15,0,0,0,0,0,1000.000
4550,0.3740,0.3085,0.00,0.0000,0.0000,0,0,0,0,0,20,15,0,0,0,0,0,1000.000
4560,0.3740,0.3085,0.00,0.0000,0.0000,0,0,0,0,0,20,15,0,0,0,0,0,1000.000
4570,0.3740,0.3085,0.00,0.0000,0.0000,0,0,0,0,0,20,15,0,0,0,0,0,1000.000
4580,0.3740,0.3085,0.00,0.0000,0.0000,0,0,0,0,0,20,15,0,0,0,0,0,1000.000
4590,0.3740,0.3085,0.00,0.0000,0.0000,0,0,0,0,0,20,15,0,0,0,0,0,1000.000
4600,0.3740,0.3085,0.00,0.0000,0.0000,0,0,0,0,0,20,15,0,0,0,0,0,1000.000
4610,0.3740,0.3085,0.00,0.0000,0.0000,0,0,0,0,0,20,15,0,0,0,0,0,1000.000
4620,0.3740,0.3085,0.00,0.0000,0.0000,0,0,0,0,0,20,15,0,0,0,0,0,1000.000
4630,0.3740,0.3085,0.00,0.0000,0.0000,0,0,0,0,0,20,15,0,0,0,0,0,1000.000
4640,0.3740,0.3085,0.00,0.0000,0.0000,0,0,0,0,0,20,15,0,0,0,0,0,1000.000
4650,0.3740,0.3085,0.00,0.0000,0.0000,0,0,0,0,0,20,15,0,0,0,0,0,1000.000
4660,0.3740,0.3085,0.00,0.0000,0.0000,0,0,0,0,0,20,15,0,0,0,0,0,1000.000
4670,0.3740,0.3085,0.00,0.0000,0.0000,0,0,0,0,0,20,15,0,0,0,0,0,1000.000
4680,0.3740,0.3085,0.00,0.0000,0.0000,0,0,0,0,0,20,15,0,0,0,0,0,1000.000
4690,0.3740,0.3085,0.00,0.0000,0.0000,0,0,0,0,0,20,15,0,0,0,0,0,1000.000
4700,0.3740,0.3085,0.00,0.0000,0.0000,0,0,0,0,0,20,15,0,0,0,0,0,1000.000
4710,0.3740,0.3085,0.00,0.0000,0.0000,0,0,0,0,0,20,15,0,0,0,0,0,1000.000
4720,0.3740,0.3085,0.00,0.0000,0.0000,0,0,0,0,0,20,15,0,0,0,0,0,1000.000
4730,0.3740,0.3085,0.00,0.0000,0.0000,0,0,0,0,0,20,15,0,0,0,0,0,1000.000
4740,0.3740,0.3085,0.00,0.0000,0.0000,0,0,0,0,0,20,15,0,0,0,0,0,1000.000
4750,0.3740,0.3085,0.00,0.0000,0.0000,0,0,0,0,0,20,15,0,0,0,0,0,1000.000
4760,0.3740,0.3085,0.00,0.0000,0.0000,0,0,0,0,0,20,15,0,0,0,0,0,1000.000
4770,0.3740,0.3085,0.00,0.0000,0.0000,0,0,0,0,0,20,15,0,0,0,0,0,1000.000
4780,0.3740,0.3085,0.00,0.0000,0.0000,0,0,0,0,0,20,15,0,0,0,0,0,1000.000
4790,0.3740,0.3085,0.00,0.0000,0.0000,0,0,0,0,0,20,15,0,0,0,0,0,1000.000
4800,0.3740,0.3085,0.00,0.0000,0.0000,0,0,0,0,0,20,15,0,0,0,0,0,1000.000
4810,0.3740,0.3085,0.00,0.0000,0.0000,0,0,0,0,0,20,15,0,0,0,0,0,1000.000
4820,0.3740,0.3085,0.00,0.0000,0.0000,0,0,0,0,0,20,15,0,0,0,0,0,1000.000
4830,0.3740,0.3085,0.00,0.0000,0.0000,0,0,0,0,0,20,15,0,0,0,0,0,1000.000
4840,0.3740,0.3085,0.00,0.0000,0.0000,0,0,0,0,0,20,15,0,0,0,0,0,1000.000
4850,0.3740,0.3085,0.00,0.0000,0.0000,0,0,0,0,0,20,15,0,0,0,0,0,1000.000
4860,0.3740,0.3085,0.00,0.0000,0.0000,0,0,0,0,0,20,15,0,0,0,0,0,1000.000
4870,0.3740,0.3085,0.00,0.0000,0.0000,0,0,0,0,0,20,15,0,0,0,0,0,1000.000
4880,0.3740,0.3085,0.00,0.0000,0.0000,0,0,0,0,0,20,15,0,0,0,0,0,1000.000
4890,0.3740,0.3085,0.00,0.0000,0.0000,0,0,0,0,0,20,15,0,0,0,0,0,1000.000
4900,0.3740,0.3085,0.00,0.0000,0.0000,0,0,0,0,0,20,15,0,0,0,0,0,1000.000
4910,0.3740,0.3085,0.00,0.0000,0.0000,0,0,0,0,0,20,15,0,0,0,0,0,1000.000
4920,0.3740,0.3085,0.00,0.0000,0.0000,0,0,0,0,0,20,15,0,0,0,0,0,1000.000
4930,0.3740,0.3085,0.00,0.0000,0.0000,0,0,0,0,0,20,15,0,0,0,0,0,1000.000
4940,0.3740,0.3085,0.00,0.0000,0.0000,0,0,0,0,0,20,15,0,0,0,0,0,1000.000
4950,0.3740,0.3085,0.00,0.0000,0.0000,0,0,0,0,0,20,15,0,0,0,0,0,1000.000
4960,0.3740,0.3085,0.00,0.0000,0.0000,0,0,0,0,0,20,15,0,0,0,0,0,1000.000
4970,0.3740,0.3085,0.00,0.0000,0.0000,0,0,0,0,0,20,15,0,0,0,0,0,1000.000
4980,0.3740,0.3085,0.00,0.0000,0.0000,0,0,0,0,0,20,15,0,0,0,0,0,1000.000
4990,0.3740,0.3085,0.00,0.0000,0.0000,0,0,0,0,0,20,15,0,0,0,0,0,1000.000
5000,0.3740,0.3085,0.00,0.0000,0.0000,0,0,0,0,0,20,15,0,0,0,0,0,1000.000
5010,0.3740,0.3085,0.00,0.0000,0.0000,0,0,0,0,0,20,15,0,0,0,0,0,1000.000
5020,0.3740,0.3085,0.00,0.0000,0.0000,0,0,0,0,0,20,15,0,0,0,0,0,1000.000
5030,0.3740,0.3085,0.00,0.0000,0.0000,0,0,0,0,0,20,15,0,0,0,0,0,1000.000
5040,0.3740,0.3085,0.00,0.0000,0.0000,0,0,0,0,0,20,15,0,0,0,0,0,1000.000
5050,0.3740,0.3085,0.00,0.0000,0.0000,0,0,0,0,0,20,15,0,0,0,0,0,1000.000
5060,0.3740,0.3085,0.00,0.0000,0.0000,0,0,0,0,0,20,15,0,0,0,0,0,1000.000
5070,0.3740,0.3085,0.00,0.0000,0.0000,0,0,0,0,0,20,15,0,0,0,0,0,1000.000
5080,0.3740,0.3085,0.00,0.0000,0.0000,0,0,0,0,0,20,15,0,0,0,0,0,1000.000
5090,0.3740,0.3085,0.00,0.0000,0.0000,0,0,0,0,0,20,15,0,0,0,0,0,1000.000
5100,0.3740,0.3085,0.00,0.0000,0.0000,0,0,0,0,0,20,15,0,0,0,0,0,1000.000
5110,0.3740,0.3085,0.00,0.0000,0.0000,0,0,0,0,0,20,15,0,0,0,0,0,1000.000
5120,0.3740,0.3085,0.00,0.0000,0.0000,0,0,0,0,0,20,15,0,0,0,0,0,1000.000
5130,0.3740,0.3085,0.00,0.0000,0.0000,0,0,0,0,0,20,15,0,0,0,0,0,1000.000
5140,0.3740,0.3085,0.00,0.0000,0.0000,0,0,0,0,0,20,15,0,0,0,0,0,1000.000
5150,0.3740,0.3085,0.00,0.0000,0.0000,0,0,0,0,0,20,15,0,0,0,0,0,1000.000
5160,0.3740,0.3085,0.00,0.0000,0.0000,0,0,0,0,0,20,15,0,0,0,0,0,1000.000
5170,0.3740,0.3085,0.00,0.0000,0.0000,0,0,0,0,0,20,15,0,0,0,0,0,1000.000
5180,0.3740,0.3085,0.00,0.0000,0.0000,0,0,0,0,0,20,15,0,0,0,0,0,1000.000
5190,0.3740,0.3085,0.00,0.0000,0.0000,0,0,0,0,0,20,15,0,0,0,0,0,1000.000
5200,0.3740,0.3085,0.00,0.0000,0.0000,0,0,0,0,0,20,15,0,0,0,0,0,1000.000
5210,0.3740,0.3085,0.00,0.0000,0.0000,0,0,0,0,0,20,15,0,0,0,0,0,1000.000
5220,0.3740,0.3085,0.00,0.0000,0.0000,0,0,0,0,0,20,15,0,0,0,0,0,1000.000
5230,0.3740,0.3085,0.00,0.0000,0.0000,0,0,0,0,0,20,15,0,0,0,0,0,1000.000
5240,0.3740,0.3085,0.00,0.0000,0.0000,0,0,0,0,0,20,15,0,0,0,0,0,1000.000
5250,0.3740,0.3085,0.00,0.0000,0.0000,0,0,0,0,0,20,15,0,0,0,0,0,1000.000
5260,0.3740,0.3085,0.00,0.0000,0.0000,0,0,0,0,0,20,15,0,0,0,0,0,1000.000
5270,0.3740,0.3085,0.00,0.0000,0.0000,0,0,0,0,0,20,15,0,0,0,0,0,1000.000
5280,0.3740,0.3085,0.00,0.0000,0.0000,0,0,0,0,0,20,15,0,0,0,0,0,1000.000
5290,0.3740,0.3085,0.00,0.0000,0.0000,0,0,0,0,0,20,15,0,0,0,0,0,1000.000
5300,0.3740,0.3085,0.00,0.0000,0.0000,0,0,0,0,0,20,15,0,0,0,0,0,1000.000
5310,0.3740,0.3085,0.00,0.0000,0.0000,0,0,0,0,0,20,15,0,0,0,0,0,1000.000
5320,0.3740,0.3085,0.00,0.0000,0.0000,0,0,0,0,0,20,15,0,0,0,0,0,1000.000
5330,0.3740,0.3085,0.00,0.0000,0.0000,0,0,0,0,0,20,15,0,0,0,0,0,1000.000
5340,0.3740,0.3085,0.00,0.0000,0.0000,0,0,0,0,0,20,15,0,0,0,0,0,1000.000
5350,0.3740,0.3085,0.00,0.3740,0.3085,0,0,0,0,0,20,15,0,0,0,0,0,1000.000
5360,0.3740,0.3085,0.00,0.3740,0.3085,0,0,0,0,0,20,15,0,0,0,0,0,1000.000
5370,0.3740,0.3085,0.00,0.3740,0.3085,0,0,0,0,0,20,15,0,0,0,0,0,1000.000
5380,0.3740,0.3085,0.00,0.3740,0.3085,0,0,0,0,0,20,15,0,0,0,0,0,1000.000
5390,0.3740,0.3085,0.00,0.3740,0.3085,0,0,0,0,0,20,15,0,0,0,0,0,1000.000
5400,0.3740,0.3085,0.00,0.3740,0.3085,0,0,0,0,0,20,15,0,0,0,0,0,1000.000
5410,0.3740,0.3085,0.00,0.3740,0.3085,0,0,0,0,0,20,15,0,0,0,0,0,1000.000
5420,0.3740,0.3085,0.00,0.3740,0.3085,0,0,0,0,0,20,15,0,0,0,0,0,1000.000
5430,0.3740,0.3085,0.00,0.3740,0.3085,0,0,0,0,0,20,15,0,0,0,0,0,1000.000
5440,0.3740,0.3085,0.00,0.3740,0.3085,0,0,0,0,0,20,15,0,0,0,0,0,1000.000
5450,0.3740,0.3085,0.00,0.3740,0.3085,0,0,1,0,0,20,15,0,0,0,0,0,1000.000
5460,0.3740,0.3085,0.00,0.3740,0.3085,0,0,1,0,0,20,15,0,0,0,0,0,1000.000
5470,0.3740,0.3085,0.00,0.3740,0.3085,0,0,1,0,0,20,15,0,0,0,0,0,1000.000
5480,0.3740,0.3085,0.00,0.3740,0.3085,0,0,1,0,0,20,15,0,0,0,0,0,1000.000
5490,0.3740,0.3085,0.00,0.3740,0.3085,0,0,1,0,0,20,15,0,0,0,0,0,1000.000
5500,0.3740,0.3085,0.00,0.3740,0.3085,0,0,1,0,0,20,15,0,53,0,1,0,1.438
5510,0.3740,0.3086,0.00,0.3740,0.3086,0,0,1,0,0,20,15,0,53,0,1,0,1.438
5520,0.3740,0.3088,0.00,0.3740,0.3088,0,0,1,0,0,20,15,0,53,0,1,0,1.438
5530,0.3740,0.3091,0.00,0.3740,0.3091,0,0,1,0,0,20,15,0,53,0,1,0,1.437
5540,0.3740,0.3096,0.00,0.3740,0.3096,0,0,1,0,0,20,15,0,53,0,1,0,1.437
5550,0.3740,0.3102,0.00,0.3740,0.3102,0,0,1,0,0,20,15,0,53,0,1,0,1.436
5560,0.3740,0.3110,0.00,0.3740,0.3110,0,0,1,0,0,20,15,0,53,0,1,0,1.436
5570,0.3740,0.3119,0.00,0.3740,0.3119,0,0,1,0,0,20,15,0,53,0,1,0,1.435
5580,0.3740,0.3129,0.00,0.3740,0.3129,0,0,1,0,0,20,15,0,53,0,1,0,1.434
5590,0.3740,0.3141,0.00,0.3740,0.3141,0,0,1,0,0,20,15,0,53,0,1,0,1.432
5600,0.3740,0.3155,0.00,0.3740,0.3155,0,0,1,0,0,20,15,0,53,0,1,0,1.431
5610,0.3740,0.3169,0.00,0.3740,0.3169,0,0,1,0,0,20,15,0,53,0,1,0,1.430
5620,0.3740,0.3185,0.00,0.3740,0.3185,0,0,1,0,0,20,15,0,53,0,1,0,1.428
5630,0.3740,0.3203,0.00,0.3740,0.3203,0,0,1,0,0,20,15,0,53,0,1,0,1.426
5640,0.3740,0.3222,0.00,0.3740,0.3222,0,0,1,0,0,20,15,0,53,0,1,0,1.424
5650,0.3740,0.3242,0.00,0.3740,0.3242,0,0,1,0,0,20,15,0,53,0,1,0,1.422
5660,0.3740,0.3264,0.00,0.3740,0.3264,0,0,1,0,0,20,15,0,53,0,1,0,1.420
5670,0.3740,0.3287,0.00,0.3740,0.3287,0,0,1,0,0,20,15,0,53,0,1,0,1.418
5680,0.3740,0.3312,0.00,0.3740,0.3312,0,0,1,0,0,20,15,0,53,0,1,0,1.415
5690,0.3740,0.3337,0.00,0.3740,0.3337,0,0,1,0,0,20,15,0,53,0,1,0,1.413
5700,0.3740,0.3365,0.00,0.3740,0.3365,0,0,1,0,0,20,15,0,53,0,1,0,1.410
5710,0.3740,0.3394,0.00,0.3740,0.3394,0,0,1,0,0,20,15,0,53,0,1,0,1.407
5720,0.3740,0.3424,0.00,0.3740,0.3424,0,0,1,0,0,20,15,0,53,0,1,0,1.404
5730,0.3740,0.3455,0.00,0.3740,0.3455,0,0,1,0,0,20,15,0,53,0,1,0,1.401
5740,0.3740,0.3488,0.00,0.3740,0.3488,0,0,1,0,0,20,15,0,53,0,1,0,1.398
5750,0.3740,0.3523,0.00,0.3740,0.3523,0,0,1,0,0,20,15,0,53,0,1,0,1.394
5760,0.3740,0.3558,0.00,0.3740,0.3558,0,0,1,0,0,20,15,0,53,0,1,0,1.391
5770,0.3740,0.3596,0.00,0.3740,0.3596,0,0,1,0,0,20,15,0,53,0,1,0,1.387
5780,0.3740,0.3634,0.00,0.3740,0.3634,0,0,1,0,0,20,15,0,53,0,1,0,1.383
5790,0.3740,0.3674,0.00,0.3740,0.3674,0,0,1,0,0,20,15,0,53,0,1,0,1.379
5800,0.3740,0.3716,0.00,0.3740,0.3716,0,0,1,0,0,20,15,0,53,0,1,0,1.375
5810,0.3740,0.3758,0.00,0.3740,0.3758,0,0,1,0,0,20,15,0,53,0,1,0,1.371
5820,0.3740,0.3800,0.00,0.3740,0.3800,0,0,1,0,0,20,15,0,53,0,1,0,1.367
5830,0.3740,0.3842,0.00,0.3740,0.3842,0,0,1,0,0,20,15,0,53,0,1,0,1.362
5840,0.3740,0.3884,0.00,0.3740,0.3884,0,0,1,0,0,20,15,0,53,0,1,0,1.358
5850,0.3740,0.3927,0.00,0.3740,0.3927,0,0,1,0,0,20,15,0,53,0,1,0,1.354
5860,0.3740,0.3969,0.00,0.3740,0.3969,0,0,1,0,0,20,15,0,53,0,1,0,1.350
5870,0.3740,0.4011,0.00,0.3740,0.4011,0,0,1,0,0,20,15,0,53,0,1,0,1.345
5880,0.3740,0.4053,0.00,0.3740,0.4053,0,0,1,0,0,20,15,0,53,0,1,0,1.341
5890,0.3740,0.4095,0.00,0.3740,0.4095,0,0,1,0,0,20,15,0,53,0,1,0,1.337
5900,0.3740,0.4137,0.00,0.3740,0.4137,0,0,1,0,0,20,15,0,53,0,1,0,1.333
5910,0.3740,0.4180,0.00,0.3740,0.4180,0,0,1,0,0,20,15,0,53,0,1,0,1.329
5920,0.3740,0.4222,0.00,0.3740,0.4222,0,0,1,0,0,20,15,0,53,0,1,0,1.324
5930,0.3740,0.4264,0.00,0.3740,0.4264,0,0,1,0,0,20,15,0,53,0,1,0,1.320
5940,0.3740,0.4306,0.00,0.3740,0.4306,0,0,1,0,0,20,15,0,53,0,1,0,1.316
5950,0.3740,0.4348,0.00,0.3740,0.4348,0,0,1,0,0,20,15,0,53,0,1,0,1.312
5960,0.3740,0.4391,0.00,0.3740,0.4391,0,0,1,0,0,20,15,0,53,0,1,0,1.307
5970,0.3740,0.4433,0.00,0.3740,0.4433,0,0,1,0,0,20,15,0,53,0,1,0,1.303
5980,0.3740,0.4475,0.00,0.3740,0.4475,0,0,1,0,0,20,15,0,53,0,1,0,1.299
5990,0.3740,0.4517,0.00,0.3740,0.4517,0,0,1,0,0,20,15,0,53,0,1,0,1.295
6000,0.3740,0.4559,0.00,0.3740,0.4559,0,0,1,0,0,20,15,0,53,0,1,0,1.291
6010,0.3740,0.4601,0.00,0.3740,0.4601,0,0,1,0,0,20,15,0,53,0,1,0,1.286
6020,0.3740,0.4644,0.00,0.3740,0.4644,0,0,1,0,0,20,15,0,53,0,1,0,1.282
6030,0.3740,0.4686,0.00,0.3740,0.4686,0,0,1,0,0,20,15,0,53,0,1,0,1.278
6040,0.3740,0.4728,0.00,0.3740,0.4728,0,0,1,0,0,20,15,0,53,0,1,0,1.274
6050,0.3740,0.4770,0.00,0.3740,0.4770,0,0,1,0,0,20,15,0,53,0,1,0,1.269
6060,0.3740,0.4812,0.00,0.3740,0.4812,0,0,1,0,0,20,15,0,53,0,1,0,1.265
6070,0.3740,0.4854,0.00,0.3740,0.4854,0,0,1,0,0,20,15,0,53,0,1,0,1.261
6080,0.3740,0.4897,0.00,0.3740,0.4897,0,0,1,0,0,20,15,0,53,0,1,0,1.257
6090,0.3740,0.4939,0.00,0.3740,0.4939,0,0,1,0,0,20,15,0,53,0,1,0,1.253
6100,0.3740,0.4981,0.00,0.3740,0.4981,0,0,1,0,0,20,15,0,53,0,1,0,1.248
6110,0.3740,0.5023,0.00,0.3740,0.5023,0,0,1,0,0,20,15,0,53,0,1,0,1.244
6120,0.3740,0.5065,0.00,0.3740,0.5065,0,0,1,0,0,20,15,0,53,0,1,0,1.240
6130,0.3740,0.5108,0.00,0.3740,0.5108,0,0,1,0,0,20,15,0,53,0,1,0,1.236
6140,0.3740,0.5150,0.00,0.3740,0.5150,0,0,1,0,0,20,15,0,53,0,1,0,1.232
6150,0.3740,0.5192,0.00,0.3740,0.5192,0,0,1,0,0,20,15,0,53,0,1,0,1.227
6160,0.3740,0.5234,0.00,0.3740,0.5234,0,0,1,0,0,20,15,0,53,0,1,0,1.223
6170,0.3740,0.5276,0.00,0.3740,0.5276,0,0,1,0,0,20,15,0,53,0,1,0,1.219
6180,0.3740,0.5318,0.00,0.3740,0.5318,0,0,1,0,0,20,15,0,53,0,1,0,1.215
6190,0.3740,0.5361,0.00,0.3740,0.5361,0,0,1,0,0,20,15,0,53,0,1,0,1.210
6200,0.3740,0.5403,0.00,0.3740,0.5403,0,0,1,0,0,20,15,0,53,0,1,0,1.206
6210,0.3740,0.5445,0.00,0.3740,0.5445,0,0,1,0,0,20,15,0,53,0,1,0,1.202
6220,0.3740,0.5487,0.00,0.3740,0.5487,0,0,1,0,0,20,15,0,53,0,1,0,1.198
6230,0.3740,0.5529,0.00,0.3740,0.5529,0,0,1,0,0,20,15,0,53,0,1,0,1.194
6240,0.3740,0.5572,0.00,0.3740,0.5572,0,0,1,0,0,20,15,0,53,0,1,0,1.189
6250,0.3740,0.5614,0.00,0.3740,0.5614,0,0,1,0,0,20,15,0,53,0,1,0,1.185
6260,0.3740,0.5656,0.00,0.3740,0.5656,0,0,1,0,0,20,15,0,53,0,1,0,1.181
6270,0.3740,0.5698,0.00,0.3740,0.5698,0,0,1,0,0,20,15,0,53,0,1,0,1.177
6280,0.3740,0.5740,0.00,0.3740,0.5740,0,0,1,0,0,20,15,0,53,0,1,0,1.172
6290,0.3740,0.5782,0.00,0.3740,0.5782,0,0,1,0,0,20,15,0,53,0,1,0,1.168
6300,0.3740,0.5825,0.00,0.3740,0.5825,0,0,1,0,0,20,15,0,53,0,1,0,1.164
6310,0.3740,0.5867,0.00,0.3740,0.5867,0,0,1,0,0,20,15,0,53,0,1,0,1.160
6320,0.3740,0.5909,0.00,0.3740,0.5909,0,0,1,0,0,20,15,0,53,0,1,0,1.156
6330,0.3740,0.5951,0.00,0.3740,0.5951,0,0,1,0,0,20,15,0,53,0,1,0,1.151
6340,0.3740,0.5993,0.00,0.3740,0.5993,0,0,1,0,0,20,15,0,53,0,1,0,1.147
6350,0.3740,0.6036,0.00,0.3740,0.6036,0,0,1,0,0,20,15,0,53,0,1,0,1.143
6360,0.3740,0.6078,0.00,0.3740,0.6078,0,0,1,0,0,20,15,0,53,0,1,0,1.139
6370,0.3740,0.6120,0.00,0.3740,0.6120,0,0,1,0,0,20,15,0,53,0,1,0,1.135
6380,0.3740,0.6162,0.00,0.3740,0.6162,0,0,1,0,0,20,15,0,53,0,1,0,1.130
6390,0.3740,0.6204,0.00,0.3740,0.6204,0,0,1,0,0,20,15,0,53,0,1,0,1.126
6400,0.3740,0.6246,0.00,0.3740,0.6246,0,0,1,0,0,20,15,0,53,0,1,0,1.122
6410,0.3740,0.6289,0.00,0.3740,0.6289,0,0,1,0,0,20,15,0,53,0,1,0,1.118
6420,0.3740,0.6331,0.00,0.3740,0.6331,0,0,1,0,0,20,15,0,53,0,1,0,1.113
6430,0.3740,0.6373,0.00,0.3740,0.6373,0,0,1,0,0,20,15,0,53,0,1,0,1.109
6440,0.3740,0.6415,0.00,0.3740,0.6415,0,0,1,0,0,20,15,0,53,0,1,0,1.105
6450,0.3740,0.6457,0.00,0.3740,0.6457,0,0,1,0,0,20,15,0,53,0,1,0,1.101
6460,0.3740,0.6500,0.00,0.3740,0.6500,0,0,1,0,0,20,15,0,53,0,1,0,1.097
6470,0.3740,0.6542,0.00,0.3740,0.6542,0,0,1,0,0,20,15,0,53,0,1,0,1.092
6480,0.3740,0.6584,0.00,0.3740,0.6584,0,0,1,0,0,20,15,0,53,0,1,0,1.088
6490,0.3740,0.6626,0.00,0.3740,0.6626,0,0,1,0,0,20,15,0,53,0,1,0,1.084
6500,0.3740,0.6668,0.00,0.3740,0.6668,0,0,1,0,0,20,15,0,53,0,1,0,1.080
6510,0.3740,0.6710,0.00,0.3740,0.6710,0,0,1,0,0,20,15,0,53,0,1,0,1.075
6520,0.3740,0.6753,0.00,0.3740,0.6753,0,0,1,0,0,20,15,0,53,0,1,0,1.071
6530,0.3740,0.6795,0.00,0.3740,0.6795,0,0,1,0,0,20,15,0,53,0,1,0,1.067
6540,0.3740,0.6837,0.00,0.3740,0.6837,0,0,1,0,0,20,15,0,53,0,1,0,1.063
6550,0.3740,0.6879,0.00,0.3740,0.6879,0,0,1,0,0,20,15,0,53,0,1,0,1.059
6560,0.3740,0.6921,0.00,0.3740,0.6921,0,0,1,0,0,20,15,0,53,0,1,0,1.054
6570,0.3740,0.6964,0.00,0.3740,0.6964,0,0,1,0,0,20,15,0,53,0,1,0,1.050
6580,0.3740,0.7006,0.00,0.3740,0.7006,0,0,1,0,0,20,15,0,53,0,1,0,1.046
6590,0.3740,0.7048,0.00,0.3740,0.7048,0,0,1,0,0,20,15,0,53,0,1,0,1.042
6600,0.3740,0.7090,0.00,0.3740,0.7090,0,0,1,0,0,20,15,0,53,0,1,0,1.037
6610,0.3740,0.7132,0.00,0.3740,0.7132,0,0,1,0,0,20,15,0,53,0,1,0,1.033
6620,0.3740,0.7174,0.00,0.3740,0.7174,0,0,1,0,0,20,15,0,53,0,1,0,1.029
6630,0.3740,0.7217,0.00,0.3740,0.7217,0,0,1,0,0,20,15,0,53,0,1,0,1.025
6640,0.3740,0.7259,0.00,0.3740,0.7259,0,0,1,0,0,20,15,0,53,0,1,0,1.021
6650,0.3740,0.7301,0.00,0.3740,0.7301,0,0,1,0,0,20,15,0,53,0,1,0,1.016
6660,0.3740,0.7343,0.00,0.3740,0.7343,0,0,1,0,0,20,15,0,53,0,1,0,1.012
6670,0.3740,0.7385,0.00,0.3740,0.7385,0,0,1,0,0,20,15,0,53,0,1,0,1.008
6680,0.3740,0.7428,0.00,0.3740,0.7428,0,0,1,0,0,20,15,0,53,0,1,0,1.004
6690,0.3740,0.7470,0.00,0.3740,0.7470,0,0,1,0,0,20,15,0,53,0,1,0,1.000
6700,0.3740,0.7512,0.00,0.3740,0.7512,0,0,1,0,0,20,15,0,53,0,1,0,0.995
6710,0.3740,0.7554,0.00,0.3740,0.7554,0,0,1,0,0,20,15,0,53,0,1,0,0.991
6720,0.3740,0.7596,0.00,0.3740,0.7596,0,0,1,0,0,20,15,0,53,0,1,0,0.987
6730,0.3740,0.7638,0.00,0.3740,0.7638,0,0,1,0,0,20,15,0,53,0,1,0,0.983
6740,0.3740,0.7681,0.00,0.3740,0.7681,0,0,1,0,0,20,15,0,53,0,1,0,0.978
6750,0.3740,0.7723,0.00,0.3740,0.7723,0,0,1,0,0,20,15,0,53,0,1,0,0.974
6760,0.3740,0.7765,0.00,0.3740,0.7765,0,0,1,0,0,20,15,0,53,0,1,0,0.970
6770,0.3740,0.7807,0.00,0.3740,0.7807,0,0,1,0,0,20,15,0,53,0,1,0,0.966
6780,0.3740,0.7849,0.00,0.3740,0.7849,0,0,1,0,0,20,15,0,53,0,1,0,0.962
6790,0.3740,0.7892,0.00,0.3740,0.7892,0,0,1,0,0,20,15,0,53,0,1,0,0.957
6800,0.3740,0.7934,0.00,0.3740,0.7934,0,0,1,0,0,20,15,0,53,0,1,0,0.953
6810,0.3740,0.7976,0.00,0.3740,0.7976,0,0,1,0,0,20,15,0,53,0,1,0,0.949
6820,0.3740,0.8018,0.00,0.3740,0.8018,0,0,1,0,0,20,15,0,53,0,1,0,0.945
6830,0.3740,0.8060,0.00,0.3740,0.8060,0,0,1,0,0,20,15,0,53,0,1,0,0.940
6840,0.3740,0.8102,0.00,0.3740,0.8102,0,0,1,0,0,20,15,0,53,0,1,0,0.936
6850,0.3740,0.8145,0.00,0.3740,0.8145,0,0,1,0,0,20,15,0,53,0,1,0,0.932
6860,0.3740,0.8187,0.00,0.3740,0.8187,0,0,1,0,0,20,15,0,53,0,1,0,0.928
6870,0.3740,0.8229,0.00,0.3740,0.8229,0,0,1,0,0,20,15,0,53,0,1,0,0.924
6880,0.3740,0.8271,0.00,0.3740,0.8271,0,0,1,0,0,20,15,0,53,0,1,0,0.919
6890,0.3740,0.8313,0.00,0.3740,0.8313,0,0,1,0,0,20,15,0,53,0,1,0,0.915
6900,0.3740,0.8356,0.00,0.3740,0.8356,0,0,1,0,0,20,15,0,53,0,1,0,0.911
6910,0.3740,0.8398,0.00,0.3740,0.8398,0,0,1,0,0,20,15,0,53,0,1,0,0.907
6920,0.3740,0.8440,0.00,0.3740,0.8440,0,0,1,0,0,20,15,0,53,0,1,0,0.903
6930,0.3740,0.8482,0.00,0.3740,0.8482,0,0,1,0,0,20,15,0,53,0,1,0,0.898
6940,0.3740,0.8524,0.00,0.3740,0.8524,0,0,1,0,0,20,15,0,53,0,1,0,0.894
6950,0.3740,0.8566,0.00,0.3740,0.8566,0,0,1,0,0,20,15,0,53,0,1,0,0.890
6960,0.3740,0.8609,0.00,0.3740,0.8609,0,0,1,0,0,20,15,0,53,0,1,0,0.886
6970,0.3740,0.8651,0.00,0.3740,0.8651,0,0,1,0,0,20,15,0,53,0,1,0,0.881
6980,0.3740,0.8693,0.00,0.3740,0.8693,0,0,1,0,0,20,15,0,53,0,1,0,0.877
6990,0.3740,0.8735,0.00,0.3740,0.8735,0,0,1,0,0,20,15,0,53,0,1,0,0.873
7000,0.3740,0.8777,0.00,0.3740,0.8777,0,0,1,0,0,20,15,0,53,0,1,0,0.869
7010,0.3740,0.8820,0.00,0.3740,0.8820,0,0,1,0,0,20,15,0,53,0,1,0,0.865
7020,0.3740,0.8862,0.00,0.3740,0.8862,0,0,1,0,0,20,15,0,53,0,1,0,0.860
7030,0.3740,0.8904,0.00,0.3740,0.8904,0,0,1,0,0,20,15,0,53,0,1,0,0.856
7040,0.3740,0.8946,0.00,0.3740,0.8946,0,0,1,0,0,20,15,0,53,0,1,0,0.852
7050,0.3740,0.8988,0.00,0.3740,0.8988,0,0,1,0,0,20,15,0,53,0,1,0,0.848
7060,0.3740,0.9030,0.00,0.3740,0.9030,0,0,1,0,0,20,15,0,53,0,1,0,0.843
7070,0.3740,0.9073,0.00,0.3740,0.9073,0,0,1,0,0,20,15,0,53,0,1,0,0.839
7080,0.3740,0.9115,0.00,0.3740,0.9115,0,0,1,0,0,20,15,0,53,0,1,0,0.835
7090,0.3740,0.9157,0.00,0.3740,0.9157,0,0,1,0,0,20,15,0,53,0,1,0,0.831
7100,0.3740,0.9199,0.00,0.3740,0.9199,0,0,1,0,0,20,15,0,53,0,1,0,0.827
7110,0.3740,0.9241,0.00,0.3740,0.9241,0,0,1,0,0,20,15,0,53,0,1,0,0.822
7120,0.3740,0.9284,0.00,0.3740,0.9284,0,0,1,0,0,20,15,0,53,0,1,0,0.818
7130,0.3740,0.9326,0.00,0.3740,0.9326,0,0,1,0,0,20,15,0,53,0,1,0,0.814
7140,0.3740,0.9368,0.00,0.3740,0.9368,0,0,1,0,0,20,15,0,53,0,1,0,0.810
7150,0.3740,0.9410,0.00,0.3740,0.9410,0,0,1,0,0,20,15,0,53,0,1,0,0.805
7160,0.3740,0.9452,0.00,0.3740,0.9452,0,0,1,0,0,20,15,0,53,0,1,0,0.801
7170,0.3740,0.9494,0.00,0.3740,0.9494,0,0,1,0,0,20,15,0,53,0,1,0,0.797
7180,0.3740,0.9537,0.00,0.3740,0.9537,0,0,1,0,0,20,15,0,53,0,1,0,0.793
7190,0.3740,0.9579,0.00,0.3740,0.9579,0,0,1,0,0,20,15,0,53,0,1,0,0.789
7200,0.3740,0.9621,0.00,0.3740,0.9621,0,0,1,0,0,20,15,0,53,0,1,0,0.784
7210,0.3740,0.9663,0.00,0.3740,0.9663,0,0,1,0,0,20,15,0,53,0,1,0,0.780
7220,0.3740,0.9705,0.00,0.3740,0.9705,0,0,1,0,0,20,15,0,53,0,1,0,0.776
7230,0.3740,0.9748,0.00,0.3740,0.9748,0,0,1,0,0,20,15,0,53,0,1,0,0.772
7240,0.3740,0.9790,0.00,0.3740,0.9790,0,0,1,0,0,20,15,0,53,0,1,0,0.768
7250,0.3740,0.9832,0.00,0.3740,0.9832,0,0,1,0,0,20,15,0,53,0,1,0,0.763
7260,0.3740,0.9874,0.00,0.3740,0.9874,0,0,1,0,0,20,15,0,53,0,1,0,0.759
7270,0.3740,0.9916,0.00,0.3740,0.9916,0,0,1,0,0,20,15,0,53,0,1,0,0.755
7280,0.3740,0.9958,0.00,0.3740,0.9958,0,0,1,0,0,20,15,0,53,0,1,0,0.751
7290,0.3740,1.0001,0.00,0.3740,1.0001,0,0,1,0,0,20,15,0,53,0,1,0,0.746
7300,0.3740,1.0043,0.00,0.3740,1.0043,0,0,1,0,0,20,15,0,53,0,1,0,0.742
7310,0.3740,1.0085,0.00,0.3740,1.0085,0,0,1,0,0,20,15,0,53,0,1,0,0.738
7320,0.3740,1.0127,0.00,0.3740,1.0127,0,0,1,0,0,20,15,0,53,0,1,0,0.734
7330,0.3740,1.0169,0.00,0.3740,1.0169,0,0,1,0,0,20,15,0,53,0,1,0,0.730
7340,0.3740,1.0211,0.00,0.3740,1.0211,0,0,1,0,0,20,15,0,53,0,1,0,0.725
7350,0.3740,1.0254,0.00,0.3740,1.0254,0,0,1,0,0,20,15,0,53,0,1,0,0.721
7360,0.3740,1.0296,0.00,0.3740,1.0296,0,0,1,0,0,20,15,0,53,0,1,0,0.717
7370,0.3740,1.0338,0.00,0.3740,1.0338,0,0,1,0,0,20,15,0,53,0,1,0,0.713
7380,0.3740,1.0380,0.00,0.3740,1.0380,0,0,1,0,0,20,15,0,53,0,1,0,0.708
7390,0.3740,1.0422,0.00,0.3740,1.0422,0,0,1,0,0,20,15,0,53,0,1,0,0.704
7400,0.3740,1.0465,0.00,0.3740,1.0465,0,0,1,0,0,20,15,0,53,0,1,0,0.700
7410,0.3740,1.0507,0.00,0.3740,1.0507,0,0,1,0,0,20,15,0,53,0,1,0,0.696
7420,0.3740,1.0549,0.00,0.3740,1.0549,0,0,1,0,0,20,15,0,53,0,1,0,0.692
7430,0.3740,1.0591,0.00,0.3740,1.0591,0,0,1,0,0,20,15,0,53,0,1,0,0.687
7440,0.3740,1.0633,0.00,0.3740,1.0633,0,0,1,0,0,20,15,0,53,0,1,0,0.683
7450,0.3740,1.0675,0.00,0.3740,1.0675,0,0,1,0,0,20,15,0,53,0,1,0,0.679
7460,0.3740,1.0718,0.00,0.3740,1.0718,0,0,1,0,0,20,15,0,53,0,1,0,0.675
7470,0.3740,1.0760,0.00,0.3740,1.0760,0,0,1,0,0,20,15,0,53,0,1,0,0.671
7480,0.3740,1.0802,0.00,0.3740,1.0802,0,0,1,0,0,20,15,0,53,0,1,0,0.666
7490,0.3740,1.0844,0.00,0.3740,1.0844,0,0,1,0,0,20,15,0,53,0,1,0,0.662
7500,0.3740,1.0886,0.00,0.3740,1.0886,0,0,1,0,0,20,15,0,53,0,1,0,0.658
7510,0.3740,1.0929,0.00,0.3740,1.0929,0,0,1,0,0,20,15,0,53,0,1,0,0.654
7520,0.3740,1.0971,0.00,0.3740,1.0971,0,0,1,0,0,20,15,0,53,0,1,0,0.649
7530,0.3740,1.1013,0.00,0.3740,1.1013,0,0,1,0,0,20,15,0,53,0,1,0,0.645
7540,0.3740,1.1055,0.00,0.3740,1.1055,0,0,1,0,0,20,15,0,53,0,1,0,0.641
7550,0.3740,1.1097,0.00,0.3740,1.1097,0,0,1,0,0,20,15,0,53,0,1,0,0.637
7560,0.3740,1.1139,0.00,0.3740,1.1139,0,0,1,0,0,20,15,0,53,0,1,0,0.633
7570,0.3740,1.1182,0.00,0.3740,1.1182,0,0,1,0,0,20,15,0,53,0,1,0,0.628
7580,0.3740,1.1224,0.00,0.3740,1.1224,0,0,1,0,0,20,15,0,53,0,1,0,0.624
7590,0.3740,1.1266,0.00,0.3740,1.1266,0,0,1,0,0,20,15,0,53,0,1,0,0.620
7600,0.3740,1.1308,0.00,0.3740,1.1308,0,0,1,0,0,20,15,0,53,0,1,0,0.616
7610,0.3740,1.1350,0.00,0.3740,1.1350,0,0,1,0,0,20,15,0,53,0,1,0,0.611
7620,0.3740,1.1393,0.00,0.3740,1.1393,0,0,1,0,0,20,15,0,53,0,1,0,0.607
7630,0.3740,1.1435,0.00,0.3740,1.1435,0,0,1,0,0,20,15,0,53,0,1,0,0.603
7640,0.3740,1.1477,0.00,0.3740,1.1477,0,0,1,0,0,20,15,0,53,0,1,0,0.599
7650,0.3740,1.1519,0.00,0.3740,1.1519,0,0,1,0,0,20,15,0,53,0,1,0,0.595
7660,0.3740,1.1561,0.00,0.3740,1.1561,0,0,1,0,0,20,15,0,53,0,1,0,0.590
7670,0.3740,1.1603,0.00,0.3740,1.1603,0,0,1,0,0,20,15,0,53,0,1,0,0.586
7680,0.3740,1.1646,0.00,0.3740,1.1646,0,0,1,0,0,20,15,0,53,0,1,0,0.582
7690,0.3740,1.1688,0.00,0.3740,1.1688,0,0,1,0,0,20,15,0,53,0,1,0,0.578
7700,0.3740,1.1730,0.00,0.3740,1.1730,0,0,1,0,0,20,15,0,53,0,1,0,0.573
7710,0.3740,1.1772,0.00,0.3740,1.1772,0,0,1,0,0,20,15,0,53,0,1,0,0.569
7720,0.3740,1.1814,0.00,0.3740,1.1814,0,0,1,0,0,20,15,0,53,0,1,0,0.565
7730,0.3740,1.1857,0.00,0.3740,1.1857,0,0,1,0,0,20,15,0,53,0,1,0,0.561
7740,0.3740,1.1899,0.00,0.3740,1.1899,0,0,1,0,0,20,15,0,53,0,1,0,0.557
7750,0.3740,1.1941,0.00,0.3740,1.1941,0,0,1,0,0,20,15,0,53,0,1,0,0.552
7760,0.3740,1.1983,0.00,0.3740,1.1983,0,0,1,0,0,20,15,0,53,0,1,0,0.548
7770,0.3740,1.2025,0.00,0.3740,1.2025,0,0,1,0,0,20,15,0,53,0,1,0,0.544
7780,0.3740,1.2067,0.00,0.3740,1.2067,0,0,1,0,0,20,15,0,53,1,1,0,0.540
7790,0.3740,1.2110,0.00,0.3740,1.2110,0,0,1,0,0,20,15,0,53,1,1,0,0.536
7800,0.3740,1.2152,0.00,0.3740,1.2152,0,0,1,0,0,20,15,0,53,1,1,0,0.531
7810,0.3740,1.2194,0.00,0.3740,1.2194,0,0,1,0,0,20,15,0,53,1,1,0,0.527
7820,0.3740,1.2236,0.00,0.3740,1.2236,0,0,1,0,0,20,15,0,53,1,1,0,0.523
7830,0.3740,1.2278,0.00,0.3740,1.2278,0,0,1,0,0,20,15,0,53,1,1,0,0.519
7840,0.3740,1.2321,0.00,0.3740,1.2321,0,0,1,0,0,20,15,0,53,1,1,0,0.514
7850,0.3740,1.2363,0.00,0.3740,1.2363,0,0,1,0,0,20,15,0,53,1,1,0,0.510
7860,0.3740,1.2405,0.00,0.3740,1.2405,0,0,1,0,0,20,15,0,53,1,1,0,0.506
7870,0.3740,1.2447,0.00,0.3740,1.2447,0,0,1,0,0,20,15,0,53,1,1,0,0.502
7880,0.3740,1.2489,0.00,0.3740,1.2489,0,0,1,0,0,20,15,0,53,1,1,0,0.498
7890,0.3740,1.2531,0.00,0.3740,1.2531,0,0,1,0,0,20,15,0,53,1,1,0,0.493
7900,0.3740,1.2574,0.00,0.3740,1.2574,0,0,1,0,0,20,15,0,53,1,1,0,0.489
7910,0.3740,1.2616,0.00,0.3740,1.2616,0,0,1,0,0,20,15,0,53,1,1,0,0.485
7920,0.3740,1.2658,0.00,0.3740,1.2658,0,0,1,0,0,20,15,0,53,1,1,0,0.481
7930,0.3740,1.2700,0.00,0.3740,1.2700,0,0,1,0,0,20,15,0,53,1,1,0,0.476
7940,0.3740,1.2742,0.00,0.3740,1.2742,0,0,1,0,0,20,15,0,53,1,1,0,0.472
7950,0.3740,1.2785,0.00,0.3740,1.2785,0,0,1,0,0,20,15,0,53,1,1,0,0.468
7960,0.3740,1.2827,0.00,0.3740,1.2827,0,0,1,0,0,20,15,0,53,1,1,0,0.464
7970,0.3740,1.2869,0.00,0.3740,1.2869,0,0,1,0,0,20,15,0,53,1,1,0,0.460
7980,0.3740,1.2911,0.00,0.3740,1.2911,0,0,1,0,0,20,15,0,53,1,1,0,0.455
7990,0.3740,1.2953,0.00,0.3740,1.2953,0,0,1,0,0,20,15,0,53,1,1,0,0.451
8000,0.3740,1.2995,0.00,0.3740,1.2995,0,0,1,0,0,20,15,0,53,1,1,0,0.447
8010,0.3740,1.3038,0.00,0.3740,1.3038,0,0,1,0,0,20,15,0,53,1,1,0,0.443
8020,0.3740,1.3080,0.00,0.3740,1.3080,0,0,1,0,0,20,15,0,53,1,1,0,0.439
8030,0.3740,1.3122,0.00,0.3740,1.3122,0,0,1,0,0,20,15,0,53,1,1,0,0.434
8040,0.3740,1.3164,0.00,0.3740,1.3164,0,0,1,0,0,20,15,0,53,1,1,0,0.430
8050,0.3740,1.3206,0.00,0.3740,1.3206,0,0,1,0,0,20,15,0,53,1,1,0,0.426
8060,0.3740,1.3249,0.00,0.3740,1.3249,0,0,1,0,0,20,15,0,53,1,1,0,0.422
8070,0.3740,1.3291,0.00,0.3740,1.3291,0,0,1,0,0,20,15,0,53,1,1,0,0.417
8080,0.3740,1.3333,0.00,0.3740,1.3333,0,0,1,0,0,20,15,0,53,1,1,0,0.413
8090,0.3740,1.3375,0.00,0.3740,1.3375,0,0,1,0,0,20,15,0,53,1,1,0,0.409
8100,0.3740,1.3417,0.00,0.3740,1.3417,0,0,1,0,0,20,15,0,53,1,1,0,0.405
8110,0.3740,1.3459,0.00,0.3740,1.3459,0,0,1,0,0,20,15,0,53,1,1,0,0.401
8120,0.3740,1.3502,0.00,0.3740,1.3502,0,0,1,0,0,20,15,0,53,1,1,0,0.396
8130,0.3740,1.3544,0.00,0.3740,1.3544,0,0,1,0,0,20,15,0,53,1,1,0,0.392
8140,0.3740,1.3586,0.00,0.3740,1.3586,0,0,1,0,0,20,15,0,53,1,1,0,0.388
8150,0.3740,1.3628,0.00,0.3740,1.3628,0,0,1,0,0,20,15,0,53,1,1,0,0.384
8160,0.3740,1.3670,0.00,0.3740,1.3670,0,0,1,0,0,20,15,0,53,1,1,0,0.379
8170,0.3740,1.3713,0.00,0.3740,1.3713,0,0,1,0,0,20,15,0,53,1,1,0,0.375
8180,0.3740,1.3755,0.00,0.3740,1.3755,0,0,1,0,0,20,15,0,53,1,1,0,0.371
8190,0.3740,1.3797,0.00,0.3740,1.3797,0,0,1,0,0,20,15,0,53,1,1,0,0.367
8200,0.3740,1.3839,0.00,0.3740,1.3839,0,0,1,0,0,20,15,0,53,1,1,0,0.363
8210,0.3740,1.3881,0.00,0.3740,1.3881,0,0,1,0,0,20,15,0,53,1,1,0,0.358
8220,0.3740,1.3923,0.00,0.3740,1.3923,0,0,1,0,0,20,15,0,53,1,1,0,0.354
8230,0.3740,1.3966,0.00,0.3740,1.3966,0,0,1,0,0,20,15,0,53,1,1,0,0.350
8240,0.3740,1.4008,0.00,0.3740,1.4008,0,0,1,0,0,20,15,0,53,1,1,0,0.346
8250,0.3740,1.4050,0.00,0.3740,1.4050,0,0,1,0,0,20,15,0,53,1,1,0,0.342
8260,0.3740,1.4092,0.00,0.3740,1.4092,0,0,1,0,0,20,15,0,53,1,1,0,0.337
8270,0.3740,1.4134,0.00,0.3740,1.4134,0,0,1,0,0,20,15,0,53,1,1,0,0.333
8280,0.3740,1.4177,0.00,0.3740,1.4177,0,0,1,0,0,20,15,0,53,1,1,0,0.329
8290,0.3740,1.4219,0.00,0.3740,1.4219,0,0,1,0,0,20,15,0,53,1,1,0,0.325
8300,0.3740,1.4261,0.00,0.3740,1.4261,0,0,1,0,0,20,15,0,53,1,1,0,0.320
8310,0.3740,1.4303,0.00,0.3740,1.4303,0,0,1,0,0,20,15,0,53,1,1,0,0.316
8320,0.3740,1.4345,0.00,0.3740,1.4345,0,0,1,0,0,20,15,0,53,1,1,0,0.312
8330,0.3740,1.4387,0.00,0.3740,1.4387,0,0,1,0,0,20,15,0,53,1,1,0,0.308
8340,0.3740,1.4430,0.00,0.3740,1.4430,0,0,1,0,0,20,15,0,53,1,1,0,0.304
8350,0.3740,1.4472,0.00,0.3740,1.4472,0,0,1,0,0,20,15,0,53,1,1,0,0.299
8360,0.3740,1.4514,0.00,0.3740,1.4514,0,0,1,0,0,20,15,0,53,1,1,0,0.295
8370,0.3740,1.4556,0.00,0.3740,1.4556,0,0,1,0,0,20,15,0,53,1,1,0,0.291
8380,0.3740,1.4598,0.00,0.3740,1.4598,0,0,1,0,0,20,15,0,53,1,1,0,0.287
8390,0.3740,1.4641,0.00,0.3740,1.4641,0,0,1,0,0,20,15,0,53,1,1,0,0.282
8400,0.3740,1.4683,0.00,0.3740,1.4683,0,0,1,0,0,20,15,0,53,1,1,0,0.278
8410,0.3740,1.4725,0.00,0.3740,1.4725,0,0,1,0,0,20,15,0,53,1,1,0,0.274
8420,0.3740,1.4767,0.00,0.3740,1.4767,0,0,1,0,0,20,15,0,53,1,1,0,0.270
8430,0.3740,1.4809,0.00,0.3740,1.4809,0,0,1,0,0,20,15,0,53,1,1,0,0.266
8440,0.3740,1.4851,0.00,0.3740,1.4851,0,0,1,0,0,20,15,0,53,1,1,0,0.261
8450,0.3740,1.4894,0.00,0.3740,1.4894,0,0,1,0,0,20,15,0,53,1,1,0,0.257
8460,0.3740,1.4936,0.00,0.3740,1.4936,0,0,1,0,0,20,15,0,53,1,1,0,0.253
8470,0.3740,1.4978,0.00,0.3740,1.4978,0,0,1,0,0,20,15,0,53,1,1,0,0.249
8480,0.3740,1.5020,0.00,0.3740,1.5020,0,0,0,0,0,20,15,0,53,1,1,0,0.244
8490,0.3740,1.5062,0.00,0.3740,1.5062,0,0,0,0,0,20,15,0,53,1,1,0,0.240
8500,0.3740,1.5105,0.00,0.3740,1.5105,0,0,0,0,0,20,15,0,53,1,1,0,0.236
8510,0.3740,1.5147,0.00,0.3740,1.5147,0,0,0,0,0,20,15,0,53,1,1,0,0.232
8520,0.3740,1.5189,0.00,0.3740,1.5189,0,0,0,0,0,20,15,0,53,1,1,0,0.228
8530,0.3740,1.5231,0.00,0.3740,1.5231,0,0,0,0,0,20,15,0,53,1,1,0,0.223
8540,0.3740,1.5273,0.00,0.3740,1.5273,0,0,0,0,0,20,15,0,53,1,1,0,0.219
8550,0.3740,1.5315,0.00,0.3740,1.5315,0,0,0,0,0,20,15,0,53,1,1,0,0.215
8560,0.3740,1.5358,0.00,0.3740,1.5358,0,0,0,0,0,20,15,0,53,1,1,0,0.211
8570,0.3740,1.5400,0.00,0.3740,1.5400,0,0,0,0,0,20,15,0,53,1,1,0,0.207
8580,0.3740,1.5442,0.00,0.3740,1.5442,0,0,0,0,0,20,15,0,53,1,1,0,0.202
8590,0.3740,1.5484,0.00,0.3740,1.5484,0,0,0,0,0,20,15,0,53,1,1,0,0.198
8600,0.3740,1.5526,0.00,0.3740,1.5526,0,0,0,0,0,20,15,0,53,1,1,0,0.194
8610,0.3740,1.5569,0.00,0.3740,1.5569,0,0,0,0,0,20,15,0,53,1,1,0,0.190
8620,0.3740,1.5611,0.00,0.3740,1.5611,0,0,0,0,0,20,15,0,53,1,1,0,0.185
8630,0.3740,1.5653,0.00,0.3740,1.5653,0,0,0,0,0,20,15,0,53,1,1,0,0.181
8640,0.3740,1.5695,0.00,0.3740,1.5695,0,0,0,0,0,20,15,0,53,1,1,0,0.177
8650,0.3740,1.5737,0.00,0.3740,1.5737,0,0,0,0,0,20,15,0,53,1,1,0,0.173
8660,0.3740,1.5779,0.00,0.3740,1.5779,0,0,0,0,0,20,15,0,53,1,1,0,0.169
8670,0.3740,1.5822,0.00,0.3740,1.5822,0,0,0,0,0,20,15,0,53,1,1,0,0.164
8680,0.3740,1.5864,0.00,0.3740,1.5864,0,0,0,0,0,20,15,0,53,1,1,0,0.160
8690,0.3740,1.5906,0.00,0.3740,1.5906,0,0,0,0,0,20,15,0,53,1,1,0,0.156
8700,0.3740,1.5948,0.00,0.3740,1.5948,0,0,0,0,0,20,15,0,53,1,1,0,0.152
8710,0.3740,1.5990,0.00,0.3740,1.5990,0,0,0,0,0,20,15,0,53,1,1,0,0.147
8720,0.3740,1.6032,0.00,0.3740,1.6032,1,0,0,0,0,20,15,0,53,1,1,0,0.143
8730,0.3740,1.6075,0.00,0.3740,1.6075,1,0,0,0,0,20,15,0,53,1,1,0,0.139
8740,0.3740,1.6117,0.00,0.3740,1.6117,1,0,0,0,0,20,15,0,53,1,1,0,0.135
8750,0.3740,1.6159,0.00,0.3740,1.6159,1,0,1,0,0,20,15,0,0,0,0,0,1000.000
8760,0.3740,1.6200,0.00,0.3740,1.6200,1,0,1,0,0,20,15,0,0,0,0,0,1000.000
8770,0.3740,1.6240,0.00,0.3740,1.6240,1,0,1,0,0,20,15,0,0,0,0,0,1000.000
8780,0.3740,1.6277,0.00,0.3740,1.6277,1,0,1,0,0,20,15,0,0,0,0,0,1000.000
8790,0.3740,1.6312,0.00,0.3740,1.6312,1,0,1,0,0,20,15,0,0,0,0,0,1000.000
8800,0.3740,1.6345,0.00,0.3740,1.6345,1,0,1,0,0,20,15,150,0,0,0,0,2.356
8810,0.3740,1.6377,0.00,0.3740,1.6377,1,0,1,0,0,20,15,150,0,0,0,0,2.356
8820,0.3740,1.6406,0.00,0.3740,1.6406,1,0,1,0,0,20,15,150,0,0,0,0,2.356
8830,0.3740,1.6433,0.00,0.3740,1.6433,1,0,1,0,0,20,15,150,0,0,0,0,2.356
8840,0.3740,1.6459,0.00,0.3740,1.6459,1,0,1,0,0,20,15,150,0,0,0,0,2.356
8850,0.3740,1.6482,0.00,0.3740,1.6482,1,0,1,0,0,20,15,150,0,0,0,0,2.356
8860,0.3740,1.6503,0.00,0.3740,1.6503,1,0,1,0,0,20,15,150,0,0,0,0,2.356
8870,0.3742,1.6525,0.00,0.3742,1.6525,1,0,1,0,0,20,15,150,0,0,0,0,2.356
8880,0.3747,1.6546,0.00,0.3747,1.6546,1,0,1,0,0,20,15,150,0,0,0,0,2.355
8890,0.3753,1.6568,0.00,0.3753,1.6568,1,0,1,0,0,20,15,150,0,0,0,0,2.355
8900,0.3761,1.6589,0.00,0.3761,1.6589,1,0,1,0,0,19,15,150,0,0,0,0,2.354
8910,0.3771,1.6611,0.00,0.3771,1.6611,1,0,1,0,0,19,15,150,0,0,0,0,2.353
8920,0.3783,1.6632,0.00,0.3783,1.6632,1,0,1,0,0,19,15,150,0,0,0,0,2.352
8930,0.3797,1.6654,0.00,0.3797,1.6654,1,0,1,0,0,19,15,150,0,0,0,0,2.350
8940,0.3814,1.6675,0.00,0.3814,1.6675,1,0,1,0,0,19,15,150,0,0,0,0,2.349
8950,0.3832,1.6696,0.00,0.3832,1.6696,1,0,1,0,0,18,15,150,0,0,0,0,2.347
8960,0.3852,1.6718,0.00,0.3852,1.6718,1,0,1,0,0,18,15,150,0,0,0,0,2.345
8970,0.3874,1.6739,0.00,0.3874,1.6739,1,0,1,0,0,18,15,150,0,0,0,0,2.343
8980,0.3898,1.6761,0.00,0.3898,1.6761,1,0,1,0,0,18,15,150,0,0,0,0,2.340
8990,0.3924,1.6782,0.00,0.3924,1.6782,1,0,1,0,0,18,15,150,0,0,0,0,2.338
9000,0.3952,1.6804,0.00,0.3952,1.6804,1,0,1,0,0,16,15,150,0,0,0,0,2.335
9010,0.3983,1.6825,0.00,0.3983,1.6825,1,0,1,0,0,16,15,150,0,0,0,0,2.332
9020,0.4015,1.6846,0.00,0.4015,1.6846,1,0,1,0,0,16,15,150,0,0,0,0,2.329
9030,0.4049,1.6868,0.00,0.4049,1.6868,1,0,1,0,0,16,15,150,0,0,0,0,2.325
9040,0.4085,1.6889,0.00,0.4085,1.6889,1,0,1,0,0,16,15,150,0,0,0,0,2.321
9050,0.4123,1.6911,0.00,0.4123,1.6911,1,0,1,0,0,15,15,150,0,0,0,0,2.318
9060,0.4163,1.6932,0.00,0.4163,1.6932,1,0,1,0,0,15,15,150,0,0,0,0,2.314
9070,0.4206,1.6954,-0.00,0.4206,1.6954,1,0,1,0,0,15,15,150,0,0,0,0,2.309
9080,0.4250,1.6975,0.00,0.4250,1.6975,1,0,1,0,0,15,15,150,0,0,0,0,2.305
9090,0.4296,1.6996,-0.00,0.4296,1.6996,1,0,1,0,0,15,15,150,0,0,0,0,2.300
9100,0.4344,1.7018,0.00,0.4344,1.7018,1,0,1,0,0,14,17,0,0,0,0,0,2.296
9110,0.4392,1.7039,0.00,0.4392,1.7039,1,0,1,0,0,14,17,0,0,0,0,0,2.291
9120,0.4438,1.7061,-0.00,0.4438,1.7061,1,0,1,0,0,14,17,0,0,0,0,0,2.286
9130,0.4482,1.7082,-0.00,0.4482,1.7082,1,0,1,0,0,14,17,0,0,0,0,0,2.282
9140,0.4524,1.7104,-0.00,0.4524,1.7104,1,0,1,0,0,14,17,0,0,0,0,0,2.278
9150,0.4564,1.7125,-0.00,0.4564,1.7125,1,0,1,0,0,13,18,0,0,0,0,0,2.274
9160,0.4602,1.7147,-0.00,0.4602,1.7147,1,0,1,0,0,13,18,0,0,0,0,0,2.270
9170,0.4638,1.7168,0.00,0.4638,1.7168,1,0,1,0,0,13,18,0,0,0,0,0,2.266
9180,0.4672,1.7189,-0.00,0.4672,1.7189,1,0,1,0,0,13,18,0,0,0,0,0,2.263
9190,0.4704,1.7211,-0.00,0.4704,1.7211,1,0,1,0,0,13,18,0,0,0,0,0,2.260
9200,0.4734,1.7232,-0.00,0.4734,1.7232,1,0,1,0,0,12,20,0,0,0,0,0,2.257
9210,0.4762,1.7254,-0.00,0.4762,1.7254,1,0,1,0,0,12,20,0,0,0,0,0,2.254
9220,0.4787,1.7275,-0.00,0.4787,1.7275,1,0,1,0,0,12,20,0,0,0,0,0,2.251
9230,0.4811,1.7297,-0.00,0.4811,1.7297,1,0,1,0,0,12,20,0,0,0,0,0,2.249
9240,0.4833,1.7318,-0.00,0.4833,1.7318,1,0,1,0,0,12,20,0,0,0,0,0,2.247
9250,0.4854,1.7339,-0.00,0.4854,1.7339,1,0,1,0,0,11,20,0,0,0,0,0,2.245
9260,0.4874,1.7358,-0.00,0.4874,1.7358,1,0,1,0,0,11,20,0,0,0,0,0,2.243
9270,0.4892,1.7377,-0.00,0.4892,1.7377,1,0,1,0,0,11,20,0,0,0,0,0,2.241
9280,0.4910,1.7395,-0.00,0.4910,1.7395,1,0,1,0,0,11,20,0,0,0,0,0,2.239
9290,0.4927,1.7411,-0.00,0.4927,1.7411,1,0,1,0,0,11,20,0,0,0,0,0,2.237
9300,0.4943,1.7427,-0.00,0.4943,1.7427,1,0,1,0,0,10,20,0,0,0,0,0,2.236
9310,0.4957,1.7442,-0.00,0.4957,1.7442,1,0,1,0,0,10,20,0,0,0,0,0,2.234
9320,0.4971,1.7456,-0.00,0.4971,1.7456,1,0,1,0,0,10,20,0,0,0,0,0,2.233
9330,0.4984,1.7468,-0.00,0.4984,1.7468,1,0,1,0,0,10,20,0,0,0,0,0,2.232
9340,0.4995,1.7480,-0.00,0.4995,1.7480,1,0,1,0,0,10,20,0,0,0,0,0,2.230
9350,0.5006,1.7491,-0.00,0.5006,1.7491,1,0,1,0,0,10,20,0,0,0,0,0,2.229
9360,0.5016,1.7500,-0.00,0.5016,1.7500,1,0,1,0,0,10,20,0,0,0,0,0,2.228
9370,0.5024,1.7509,-0.00,0.5024,1.7509,1,0,1,0,0,10,20,0,0,0,0,0,2.228
9380,0.5032,1.7517,-0.00,0.5032,1.7517,1,0,1,0,0,10,20,0,0,0,0,0,2.227
9390,0.5039,1.7523,-0.00,0.5039,1.7523,1,0,1,0,0,10,20,0,0,0,0,0,2.226
9400,0.5045,1.7529,-0.00,0.5045,1.7529,1,0,1,0,0,9,20,0,0,0,0,0,2.226
9410,0.5049,1.7534,-0.00,0.5049,1.7534,1,0,1,0,0,9,20,0,0,0,0,0,2.225
9420,0.5053,1.7537,-0.00,0.5053,1.7537,1,0,1,0,0,9,20,0,0,0,0,0,2.225
9430,0.5056,1.7540,-0.00,0.5056,1.7540,1,0,1,0,0,9,20,150,0,0,0,0,2.224
9440,0.5059,1.7541,-0.00,0.5059,1.7541,1,0,1,0,0,9,20,150,0,0,0,0,2.224
9450,0.5064,1.7542,-0.00,0.5064,1.7542,1,0,1,0,0,9,20,150,0,0,0,0,2.224
9460,0.5072,1.7543,-0.00,0.5072,1.7543,1,0,1,0,0,9,20,150,0,0,0,0,2.223
9470,0.5081,1.7544,-0.00,0.5081,1.7544,1,0,1,0,0,9,20,150,0,0,0,0,2.222
9480,0.5092,1.7545,-0.00,0.5092,1.7545,1,0,1,0,0,9,20,150,0,0,0,0,2.221
9490,0.5106,1.7546,-0.00,0.5106,1.7546,1,0,1,0,0,9,20,150,0,0,0,0,2.219
9500,0.5121,1.7547,-0.00,0.5121,1.7547,1,0,1,0,0,9,20,150,0,0,0,0,2.218
9510,0.5138,1.7548,-0.00,0.5138,1.7548,1,0,1,0,0,9,20,150,0,0,0,0,2.216
9520,0.5157,1.7549,-0.00,0.5157,1.7549,1,0,1,0,0,9,20,150,0,0,0,0,2.214
9530,0.5179,1.7550,-0.00,0.5179,1.7550,1,0,1,0,0,9,20,150,0,0,0,0,2.212
9540,0.5202,1.7551,-0.00,0.5202,1.7551,1,0,1,0,0,9,20,150,0,0,0,0,2.210
9550,0.5227,1.7552,-0.00,0.5227,1.7552,1,0,1,0,0,9,20,150,0,0,0,0,2.207
9560,0.5255,1.7553,-0.00,0.5255,1.7553,1,0,1,0,0,9,20,150,0,0,0,0,2.205
9570,0.5284,1.7554,-0.00,0.5284,1.7554,1,0,1,0,0,9,20,150,0,0,0,0,2.202
9580,0.5315,1.7555,-0.00,0.5315,1.7555,1,0,1,0,0,9,20,150,0,0,0,0,2.198
9590,0.5349,1.7556,-0.00,0.5349,1.7556,1,0,1,0,0,9,20,150,0,0,0,0,2.195
9600,0.5384,1.7557,-0.00,0.5384,1.7557,1,0,1,0,0,9,20,150,0,0,0,0,2.192
9610,0.5421,1.7558,-0.00,0.5421,1.7558,1,0,1,0,0,9,20,150,0,0,0,0,2.188
9620,0.5460,1.7559,-0.00,0.5460,1.7559,1,0,1,0,0,9,20,150,0,0,0,0,2.184
9630,0.5502,1.7560,-0.00,0.5502,1.7560,1,0,1,0,0,9,20,150,0,0,0,0,2.180
9640,0.5545,1.7561,-0.00,0.5545,1.7561,1,0,1,0,0,9,20,150,0,0,0,0,2.176
9650,0.5590,1.7562,-0.00,0.5590,1.7562,1,0,1,0,0,9,20,150,0,0,0,0,2.171
9660,0.5638,1.7563,-0.00,0.5638,1.7563,1,0,1,0,0,9,20,150,0,0,0,0,2.166
9670,0.5687,1.7564,-0.00,0.5687,1.7564,1,0,1,0,0,9,20,150,0,0,0,0,2.161
9680,0.5738,1.7565,-0.00,0.5738,1.7565,1,0,1,0,0,9,20,150,0,0,0,0,2.156
9690,0.5791,1.7566,-0.00,0.5791,1.7566,1,0,1,0,0,9,20,150,0,0,0,0,2.151
9700,0.5847,1.7567,-0.00,0.5847,1.7567,1,0,1,0,0,9,20,150,0,0,0,0,2.145
9710,0.5904,1.7568,-0.00,0.5904,1.7568,1,0,1,0,0,9,20,150,0,0,0,0,2.140
9720,0.5963,1.7569,-0.00,0.5963,1.7569,1,0,1,0,0,9,20,150,0,0,0,0,2.134
9730,0.6025,1.7570,-0.00,0.6025,1.7570,1,0,1,0,0,9,20,150,0,0,0,0,2.128
9740,0.6088,1.7571,-0.00,0.6088,1.7571,1,0,1,0,0,9,20,150,0,0,0,0,2.121
9750,0.6153,1.7572,-0.00,0.6153,1.7572,1,0,1,0,0,9,20,150,0,0,0,0,2.115
9760,0.6220,1.7573,-0.00,0.6220,1.7573,1,0,1,0,0,9,20,150,0,0,0,0,2.108
9770,0.6290,1.7574,-0.00,0.6290,1.7574,1,0,1,0,0,9,20,150,0,0,0,0,2.101
9780,0.6361,1.7575,-0.00,0.6361,1.7575,1,0,1,0,0,9,20,150,0,0,0,0,2.094
9790,0.6434,1.7576,-0.00,0.6434,1.7576,1,0,1,0,0,9,20,150,0,0,0,0,2.087
9800,0.6510,1.7577,-0.00,0.6510,1.7577,1,0,1,0,0,9,20,150,0,0,0,0,2.079
9810,0.6587,1.7578,-0.00,0.6587,1.7578,1,0,1,0,0,9,20,150,0,0,0,0,2.071
9820,0.6666,1.7579,-0.00,0.6666,1.7579,1,0,1,0,0,9,20,150,0,0,0,0,2.063
9830,0.6747,1.7580,-0.00,0.6747,1.7580,1,0,1,0,0,9,20,150,0,0,0,0,2.055
9840,0.6831,1.7581,-0.00,0.6831,1.7581,1,0,1,0,0,9,20,150,0,0,0,0,2.047
9850,0.6916,1.7582,-0.00,0.6916,1.7582,1,0,1,0,0,9,20,150,0,0,0,0,2.038
9860,0.7003,1.7583,-0.00,0.7003,1.7583,1,0,1,0,0,9,20,150,0,0,0,0,2.030
9870,0.7093,1.7584,-0.00,0.7093,1.7584,1,0,1,0,0,9,20,150,0,0,0,0,2.021
9880,0.7184,1.7585,-0.00,0.7184,1.7585,1,0,1,0,0,9,20,150,0,0,0,0,2.012
9890,0.7277,1.7586,-0.00,0.7277,1.7586,1,0,1,0,0,9,20,150,0,0,0,0,2.002
9900,0.7372,1.7587,-0.00,0.7372,1.7587,1,0,1,0,0,9,20,150,0,0,0,0,1.993
9910,0.7470,1.7588,-0.00,0.7470,1.7588,1,0,1,0,0,9,20,150,0,0,0,0,1.983
9920,0.7569,1.7589,-0.00,0.7569,1.7589,1,0,1,0,0,9,20,150,0,0,0,0,1.973
9930,0.7670,1.7589,-0.00,0.7670,1.7589,1,0,1,0,0,9,20,150,0,0,0,0,1.963
9940,0.7774,1.7590,-0.00,0.7774,1.7590,1,0,1,0,0,9,20,150,0,0,0,0,1.953
9950,0.7879,1.7591,-0.00,0.7879,1.7591,1,0,1,0,0,9,20,150,0,0,0,0,1.942
9960,0.7986,1.7592,-0.00,0.7986,1.7592,1,0,1,0,0,9,20,150,0,0,0,0,1.931
9970,0.8096,1.7593,-0.00,0.8096,1.7593,1,0,1,0,0,9,20,150,0,0,0,0,1.920
9980,0.8207,1.7594,-0.00,0.8207,1.7594,1,0,1,0,0,9,20,150,0,0,0,0,1.909
9990,0.8320,1.7595,-0.00,0.8320,1.7595,1,0,1,0,0,9,20,150,0,0,0,0,1.898
10000,0.8435,1.7596,-0.00,0.8435,1.7596,1,0,1,0,0,9,20,150,0,0,0,0,1.886
10010,0.8553,1.7597,-0.00,0.8553,1.7597,1,0,1,0,0,9,20,150,0,0,0,0,1.875
10020,0.8672,1.7598,-0.00,0.8672,1.7598,1,0,1,0,0,9,20,150,0,0,0,0,1.863
10030,0.8791,1.7598,-0.00,0.8791,1.7598,1,0,1,0,0,9,20,150,0,0,0,0,1.851
10040,0.8910,1.7598,-0.00,0.8910,1.7598,1,0,1,0,0,9,20,150,0,0,0,0,1.839
10050,0.9030,1.7598,-0.00,0.9030,1.7598,1,0,1,0,0,9,20,150,0,0,0,0,1.827
10060,0.9149,1.7598,-0.00,0.9149,1.7598,1,0,1,0,0,9,20,150,0,0,0,0,1.815
10070,0.9268,1.7598,-0.00,0.9268,1.7598,1,0,1,0,0,9,20,150,0,0,0,0,1.803
10080,0.9388,1.7598,-0.00,0.9388,1.7598,1,0,1,0,0,9,20,150,0,0,0,0,1.791
10090,0.9507,1.7598,-0.00,0.9507,1.7598,1,0,1,0,0,9,20,150,0,0,0,0,1.779
10100,0.9627,1.7598,-0.00,0.9627,1.7598,1,0,1,0,0,9,20,150,0,0,0,0,1.767
10110,0.9746,1.7598,-0.00,0.9746,1.7598,1,0,1,0,0,9,20,150,0,0,0,0,1.755
10120,0.9865,1.7598,-0.00,0.9865,1.7598,1,0,1,0,0,9,20,150,0,0,0,0,1.743
10130,0.9985,1.7598,-0.00,0.9985,1.7598,1,0,1,0,0,9,20,150,0,0,0,0,1.732
10140,1.0104,1.7598,-0.00,1.0104,1.7598,1,0,1,0,0,9,20,150,0,0,0,0,1.720
10150,1.0223,1.7598,-0.00,1.0223,1.7598,1,0,1,0,0,9,20,150,0,0,0,0,1.708
10160,1.0343,1.7598,-0.00,1.0343,1.7598,1,0,1,0,0,9,20,150,0,0,0,0,1.696
10170,1.0462,1.7598,-0.00,1.0462,1.7598,1,0,1,0,0,9,20,150,0,0,0,0,1.684
10180,1.0582,1.7598,-0.00,1.0582,1.7598,1,0,1,0,0,9,20,150,0,0,0,0,1.672
10190,1.0701,1.7598,-0.00,1.0701,1.7598,1,0,1,0,0,9,20,150,0,0,0,0,1.660
10200,1.0820,1.7598,-0.00,1.0820,1.7598,1,0,1,0,0,9,20,150,0,0,0,0,1.648
10210,1.0940,1.7598,-0.00,1.0940,1.7598,1,0,1,0,0,9,20,150,0,0,0,0,1.636
10220,1.1059,1.7598,-0.00,1.1059,1.7598,1,0,1,0,0,9,20,150,0,0,0,0,1.624
10230,1.1179,1.7598,-0.00,1.1179,1.7598,1,0,1,0,0,9,20,150,0,0,0,0,1.612
10240,1.1298,1.7598,-0.00,1.1298,1.7598,1,0,1,0,0,9,20,150,0,0,0,0,1.600
10250,1.1417,1.7598,-0.00,1.1417,1.7598,1,0,1,0,0,9,20,150,0,0,0,0,1.588
10260,1.1537,1.7598,-0.00,1.1537,1.7598,1,0,1,0,0,9,20,150,0,0,0,0,1.576
10270,1.1656,1.7598,-0.00,1.1656,1.7598,1,0,1,0,0,9,20,150,0,0,0,0,1.564
10280,1.1775,1.7598,-0.00,1.1775,1.7598,1,0,1,0,0,9,20,150,0,0,0,0,1.552
10290,1.1895,1.7598,-0.00,1.1895,1.7598,1,0,1,0,0,9,20,150,0,0,0,0,1.541
10300,1.2014,1.7598,-0.00,1.2014,1.7598,1,0,1,0,0,9,20,150,0,0,0,0,1.529
10310,1.2134,1.7598,-0.00,1.2134,1.7598,1,0,1,0,0,9,20,150,0,0,0,0,1.517
10320,1.2253,1.7598,-0.00,1.2253,1.7598,1,0,1,0,0,9,20,150,0,0,0,0,1.505
10330,1.2372,1.7598,-0.00,1.2372,1.7598,1,0,1,0,0,9,20,150,0,0,0,0,1.493
10340,1.2492,1.7598,-0.00,1.2492,1.7598,1,0,1,0,0,9,20,150,0,0,0,0,1.481
10350,1.2611,1.7598,-0.00,1.2611,1.7598,1,0,1,0,0,9,20,150,0,0,0,0,1.469
10360,1.2730,1.7598,-0.00,1.2730,1.7598,1,0,1,0,0,9,20,150,0,0,0,0,1.457
10370,1.2850,1.7598,-0.00,1.2850,1.7598,1,0,1,0,0,9,20,150,0,0,0,0,1.445
10380,1.2969,1.7598,-0.00,1.2969,1.7598,1,0,1,0,0,9,20,150,0,0,0,0,1.433
10390,1.3089,1.7598,-0.00,1.3089,1.7598,1,0,1,0,0,9,20,150,0,0,0,0,1.421
10400,1.3208,1.7598,-0.00,1.3208,1.7598,1,0,1,0,0,9,20,150,0,0,0,0,1.409
10410,1.3327,1.7598,-0.00,1.3327,1.7598,1,0,1,0,0,9,20,150,0,0,0,0,1.397
10420,1.3447,1.7598,-0.00,1.3447,1.7598,1,0,1,0,0,9,20,150,0,0,0,0,1.385
10430,1.3566,1.7598,-0.00,1.3566,1.7598,1,0,1,0,0,9,20,150,0,0,0,0,1.373
10440,1.3686,1.7598,-0.00,1.3686,1.7598,1,0,1,0,0,9,20,150,0,0,0,0,1.361
10450,1.3805,1.7598,-0.00,1.3805,1.7598,1,0,1,0,0,9,20,150,0,0,0,0,1.350
10460,1.3924,1.7598,-0.00,1.3924,1.7598,1,0,1,0,0,9,20,150,0,0,0,0,1.338
10470,1.4044,1.7598,-0.00,1.4044,1.7598,1,0,1,0,0,9,20,150,0,0,0,0,1.326
10480,1.4163,1.7598,-0.00,1.4163,1.7598,1,0,1,0,0,9,20,150,0,0,0,0,1.314
10490,1.4282,1.7598,-0.00,1.4282,1.7598,1,0,1,0,0,9,20,150,0,0,0,0,1.302
10500,1.4402,1.7598,-0.00,1.4402,1.7598,1,0,1,0,0,9,20,150,0,0,0,0,1.290
10510,1.4521,1.7598,-0.00,1.4521,1.7598,1,0,1,0,0,9,20,150,0,0,0,0,1.278
10520,1.4641,1.7598,-0.00,1.4641,1.7598,1,0,1,0,0,9,20,150,0,0,0,0,1.266
10530,1.4760,1.7598,-0.00,1.4760,1.7598,1,0,1,0,0,9,20,150,0,0,0,0,1.254
10540,1.4879,1.7598,-0.00,1.4879,1.7598,1,0,1,0,0,9,20,150,0,0,0,0,1.242
10550,1.4999,1.7598,-0.00,1.4999,1.7598,1,0,1,0,0,9,20,150,0,0,0,0,1.230
10560,1.5118,1.7598,-0.00,1.5118,1.7598,1,0,1,0,0,9,20,150,0,0,0,0,1.218
10570,1.5237,1.7598,-0.00,1.5237,1.7598,1,0,1,0,0,9,20,150,0,0,0,0,1.206
10580,1.5357,1.7598,-0.00,1.5357,1.7598,1,0,1,0,0,9,20,150,0,0,0,0,1.194
10590,1.5476,1.7598,-0.00,1.5476,1.7598,1,0,1,0,0,9,20,150,0,0,0,0,1.182
10600,1.5596,1.7598,-0.00,1.5596,1.7598,1,0,1,0,0,9,20,150,0,0,0,0,1.170
10610,1.5715,1.7598,-0.00,1.5715,1.7598,1,0,1,0,0,9,20,150,0,0,0,0,1.159
10620,1.5834,1.7598,-0.00,1.5834,1.7598,1,0,1,0,0,9,20,150,0,0,0,0,1.147
10630,1.5954,1.7598,-0.00,1.5954,1.7598,1,0,1,0,0,9,20,150,0,0,0,0,1.135
10640,1.6073,1.7598,-0.00,1.6073,1.7598,1,0,1,0,0,9,20,150,0,0,0,0,1.123
10650,1.6192,1.7598,-0.00,1.6192,1.7598,1,0,1,0,0,9,20,150,0,0,0,0,1.111
10660,1.6312,1.7598,-0.00,1.6312,1.7598,1,0,1,0,0,9,20,150,0,0,0,0,1.099
10670,1.6431,1.7598,-0.00,1.6431,1.7598,1,0,1,0,0,9,20,150,0,0,0,0,1.087
10680,1.6551,1.7598,-0.00,1.6551,1.7598,1,0,1,0,0,9,20,150,0,0,0,0,1.075
10690,1.6670,1.7598,-0.00,1.6670,1.7598,1,0,1,0,0,9,20,150,0,0,0,0,1.063
10700,1.6789,1.7598,-0.00,1.6789,1.7598,1,0,1,0,0,9,20,150,0,0,0,0,1.051
10710,1.6909,1.7598,-0.00,1.6909,1.7598,1,0,1,0,0,9,20,150,0,0,0,0,1.039
10720,1.7028,1.7598,-0.00,1.7028,1.7598,1,0,1,0,0,9,20,150,0,0,0,0,1.027
10730,1.7148,1.7598,-0.00,1.7148,1.7598,1,0,1,0,0,9,20,150,0,0,0,0,1.015
10740,1.7267,1.7598,-0.00,1.7267,1.7598,1,0,1,0,0,9,20,150,0,0,0,0,1.003
10750,1.7386,1.7598,-0.00,1.7386,1.7598,1,0,1,0,0,9,20,150,0,0,0,0,0.991
10760,1.7506,1.7598,-0.00,1.7506,1.7598,1,0,1,0,0,9,20,150,0,0,0,0,0.979
10770,1.7625,1.7598,-0.00,1.7625,1.7598,1,0,1,0,0,9,20,150,0,0,0,0,0.967
10780,1.7744,1.7598,-0.00,1.7744,1.7598,1,0,1,0,0,9,20,150,0,0,0,0,0.956
10790,1.7864,1.7598,-0.00,1.7864,1.7598,1,0,1,0,0,9,20,150,0,0,0,0,0.944
10800,1.7983,1.7598,-0.00,1.7983,1.7598,1,0,1,0,0,9,20,150,0,0,0,0,0.932
10810,1.8103,1.7598,-0.00,1.8103,1.7598,1,0,1,0,0,9,20,150,0,0,0,0,0.920
10820,1.8222,1.7598,-0.00,1.8222,1.7598,1,0,1,0,0,9,20,150,0,0,0,0,0.908
10830,1.8341,1.7598,-0.00,1.8341,1.7598,1,0,1,0,0,9,20,150,0,0,0,0,0.896
10840,1.8461,1.7598,-0.00,1.8461,1.7598,1,0,1,0,0,9,20,150,0,0,0,0,0.884
10850,1.8580,1.7598,-0.00,1.8580,1.7598,1,0,1,0,0,9,20,150,0,0,0,0,0.872
10860,1.8699,1.7598,-0.00,1.8699,1.7598,1,0,1,0,0,9,20,150,0,0,0,0,0.860
10870,1.8819,1.7598,-0.00,1.8819,1.7598,1,0,1,0,0,9,20,150,0,0,0,0,0.848
10880,1.8938,1.7598,-0.00,1.8938,1.7598,1,0,1,0,0,9,20,150,0,0,0,0,0.836
10890,1.9058,1.7598,-0.00,1.9058,1.7598,1,0,1,0,0,9,20,150,0,0,0,0,0.824
10900,1.9177,1.7598,-0.00,1.9177,1.7598,1,0,1,0,0,9,20,150,0,0,0,0,0.812
10910,1.9296,1.7598,-0.00,1.9296,1.7598,1,0,1,0,0,9,20,150,0,0,0,0,0.800
10920,1.9416,1.7598,-0.00,1.9416,1.7598,1,0,1,0,0,9,20,150,0,0,0,0,0.788
10930,1.9535,1.7598,-0.00,1.9535,1.7598,1,0,1,0,0,9,20,150,0,0,0,0,0.776
10940,1.9655,1.7598,-0.00,1.9655,1.7598,1,0,1,0,0,9,20,150,0,0,0,0,0.765
10950,1.9774,1.7598,-0.00,1.9774,1.7598,1,0,1,0,0,9,20,150,0,0,0,0,0.753
10960,1.9893,1.7598,-0.00,1.9893,1.7598,1,0,1,0,0,9,20,150,0,0,0,0,0.741
10970,2.0013,1.7598,-0.00,2.0013,1.7598,1,0,1,0,0,9,20,150,0,0,0,0,0.729
10980,2.0132,1.7598,-0.00,2.0132,1.7598,1,0,1,0,0,9,20,150,0,0,0,0,0.717
10990,2.0251,1.7598,-0.00,2.0251,1.7598,1,0,1,0,0,9,20,150,0,0,0,0,0.705
11000,2.0371,1.7598,-0.00,2.0371,1.7598,1,0,1,0,0,9,20,150,0,0,0,0,0.693
11010,2.0490,1.7598,-0.00,2.0490,1.7598,1,0,1,0,0,9,20,150,0,0,0,0,0.681
11020,2.0610,1.7598,-0.00,2.0610,1.7598,1,0,1,0,0,9,20,150,0,0,0,0,0.669
11030,2.0729,1.7598,-0.00,2.0729,1.7598,1,0,1,0,0,9,20,150,0,0,0,0,0.657
11040,2.0848,1.7598,-0.00,2.0848,1.7598,1,0,1,0,0,9,20,150,0,0,0,0,0.645
11050,2.0968,1.7598,-0.00,2.0968,1.7598,1,0,1,0,0,9,20,150,0,0,0,0,0.633
11060,2.1087,1.7598,-0.00,2.1087,1.7598,1,0,1,0,0,9,20,150,0,0,0,0,0.621
11070,2.1206,1.7598,-0.00,2.1206,1.7598,1,0,1,0,0,9,20,150,0,0,0,0,0.609
11080,2.1326,1.7598,-0.00,2.1326,1.7598,1,0,1,0,0,9,20,150,0,0,0,0,0.597
11090,2.1445,1.7598,-0.00,2.1445,1.7598,1,0,1,0,0,9,20,150,0,0,0,0,0.585
11100,2.1565,1.7598,-0.00,2.1565,1.7598,1,0,1,0,0,20,20,150,0,0,0,0,0.574
11110,2.1684,1.7598,-0.00,2.1684,1.7598,1,0,1,0,0,20,20,150,0,0,0,0,0.562
11120,2.1803,1.7598,-0.00,2.1803,1.7598,1,0,1,0,0,20,20,150,0,0,0,0,0.550
11130,2.1923,1.7598,-0.00,2.1923,1.7598,1,0,1,0,0,20,20,149,0,1,0,0,0.538
11140,2.2041,1.7598,-0.00,2.2041,1.7598,1,0,1,0,0,20,20,147,0,1,0,0,0.526
11150,2.2158,1.7598,-0.00,2.2158,1.7598,1,0,1,0,0,20,20,145,0,1,0,0,0.514
11160,2.2273,1.7598,-0.00,2.2273,1.7598,1,0,1,0,0,20,20,144,0,1,0,0,0.503
11170,2.2387,1.7598,-0.00,2.2387,1.7598,1,0,1,0,0,20,20,142,0,1,0,0,0.491
11180,2.2499,1.7598,-0.00,2.2499,1.7598,1,0,1,0,0,20,20,140,0,1,0,0,0.480
11190,2.2610,1.7598,-0.00,2.2610,1.7598,1,0,1,0,0,20,20,138,0,1,0,0,0.469
11200,2.2720,1.7598,-0.00,2.2720,1.7598,1,0,1,0,0,20,20,136,0,1,0,0,0.458
11210,2.2828,1.7598,-0.00,2.2828,1.7598,1,0,1,0,0,20,20,135,0,1,0,0,0.447
11220,2.2934,1.7598,-0.00,2.2934,1.7598,1,0,1,0,0,20,20,133,0,1,0,0,0.437
11230,2.3040,1.7598,-0.00,2.3040,1.7598,1,0,1,0,0,20,20,131,0,1,0,0,0.426
11240,2.3144,1.7598,-0.00,2.3144,1.7598,1,0,1,0,0,20,20,129,0,1,0,0,0.416
11250,2.3246,1.7598,-0.00,2.3246,1.7598,1,0,1,0,0,20,20,127,0,1,0,0,0.405
11260,2.3347,1.7598,-0.00,2.3347,1.7598,1,0,1,0,0,20,20,126,0,1,0,0,0.395
11270,2.3447,1.7598,-0.00,2.3447,1.7598,1,0,1,0,0,20,20,124,0,1,0,0,0.385
11280,2.3545,1.7598,-0.00,2.3545,1.7598,1,0,1,0,0,20,20,122,0,1,0,0,0.376
11290,2.3641,1.7598,-0.00,2.3641,1.7598,1,0,1,0,0,20,20,120,0,1,0,0,0.366
11300,2.3737,1.7598,-0.00,2.3737,1.7598,1,0,1,0,0,20,20,119,0,1,0,0,0.356
11310,2.3831,1.7598,-0.00,2.3831,1.7598,1,0,0,0,0,20,20,117,0,1,0,0,0.347
11320,2.3923,1.7598,-0.00,2.3923,1.7598,1,0,0,0,0,20,20,115,0,1,0,0,0.338
11330,2.4014,1.7598,-0.00,2.4014,1.7598,1,0,0,0,0,20,20,113,0,1,0,0,0.329
11340,2.4104,1.7598,-0.00,2.4104,1.7598,1,0,0,0,0,20,20,111,0,1,0,0,0.320
11350,2.4192,1.7598,-0.00,2.4192,1.7598,1,0,0,0,0,20,20,110,0,1,0,0,0.311
11360,2.4279,1.7598,-0.00,2.4279,1.7598,1,0,0,0,0,20,20,108,0,1,0,0,0.302
11370,2.4365,1.7598,-0.00,2.4365,1.7598,1,0,0,0,0,20,20,106,0,1,0,0,0.294
11380,2.4449,1.7598,-0.00,2.4449,1.7598,1,0,0,0,0,20,20,105,0,1,0,0,0.285
11390,2.4532,1.7598,-0.00,2.4532,1.7598,1,0,0,0,0,20,20,103,0,1,0,0,0.277
11400,2.4613,1.7598,-0.00,2.4613,1.7598,1,0,0,0,0,20,20,101,0,1,0,0,0.269
11410,2.4693,1.7598,-0.00,2.4693,1.7598,1,0,0,0,0,20,20,99,0,1,0,0,0.261
11420,2.4772,1.7598,-0.00,2.4772,1.7598,1,0,0,0,0,20,20,98,0,1,0,0,0.253
11430,2.4849,1.7598,-0.00,2.4849,1.7598,2,0,0,0,0,20,20,96,0,1,0,0,0.245
11440,2.4925,1.7598,-0.00,2.4925,1.7598,2,0,0,0,0,20,20,94,0,1,0,0,0.238
11450,2.4999,1.7598,-0.00,2.4999,1.7598,2,0,1,0,0,20,20,0,0,0,0,0,1000.000
11460,2.5072,1.7598,-0.00,2.5072,1.7598,2,0,1,0,0,20,20,0,0,0,0,0,1000.000
11470,2.5144,1.7598,-0.00,2.5144,1.7598,2,0,1,0,0,20,20,0,0,0,0,0,1000.000
11480,2.5213,1.7598,-0.00,2.5213,1.7598,2,0,1,0,0,20,20,0,0,0,0,0,1000.000
11490,2.5280,1.7598,-0.00,2.5280,1.7598,2,0,1,0,0,20,20,0,0,0,0,0,1000.000
11500,2.5345,1.7598,-0.00,2.5345,1.7598,2,0,1,0,0,20,20,0,53,0,1,0,0.987
11510,2.5408,1.7598,-0.00,2.5408,1.7598,2,0,1,0,0,20,20,0,53,0,1,0,0.987
11520,2.5469,1.7598,-0.00,2.5469,1.7598,2,0,1,0,0,20,20,0,53,0,1,0,0.987
11530,2.5528,1.7598,-0.00,2.5528,1.7598,2,0,1,0,0,20,20,0,53,0,1,0,0.987
11540,2.5585,1.7598,-0.00,2.5585,1.7598,2,0,1,0,0,20,20,0,53,0,1,0,0.987
11550,2.5640,1.7598,-0.00,2.5640,1.7598,2,0,1,0,0,20,20,0,53,0,1,0,0.987
11560,2.5694,1.7598,-0.00,2.5694,1.7598,2,0,1,0,0,20,20,0,53,0,1,0,0.987
11570,2.5745,1.7598,-0.00,2.5745,1.7598,2,0,1,0,0,20,20,0,53,0,1,0,0.987
11580,2.5794,1.7598,-0.00,2.5794,1.7598,2,0,1,0,0,20,20,0,53,0,1,0,0.987
11590,2.5841,1.7598,-0.00,2.5841,1.7598,2,0,1,0,0,20,20,0,53,0,1,0,0.987
11600,2.5886,1.7598,-0.00,2.5886,1.7598,2,0,1,0,0,20,20,0,53,0,1,0,0.987
11610,2.5929,1.7598,-0.00,2.5929,1.7598,2,0,1,0,0,20,20,0,53,0,1,0,0.987
11620,2.5970,1.7598,-0.00,2.5970,1.7598,2,0,1,0,0,20,20,0,53,0,1,0,0.987
11630,2.6009,1.7598,-0.00,2.6009,1.7598,2,0,1,0,0,20,20,0,53,0,1,0,0.987
11640,2.6046,1.7598,-0.00,2.6046,1.7598,2,0,1,0,0,20,20,0,53,0,1,0,0.987
11650,2.6082,1.7598,-0.00,2.6082,1.7598,2,0,1,0,0,20,20,0,53,0,1,0,0.987
11660,2.6115,1.7598,-0.00,2.6115,1.7598,2,0,1,0,0,20,20,0,53,0,1,0,0.987
11670,2.6146,1.7598,-0.00,2.6146,1.7598,2,0,1,0,0,20,20,0,53,0,1,0,0.987
11680,2.6175,1.7598,-0.00,2.6175,1.7598,2,0,1,0,0,20,20,0,53,0,1,0,0.987
11690,2.6202,1.7598,-0.00,2.6202,1.7598,2,0,1,0,0,20,20,0,53,0,1,0,0.987
11700,2.6228,1.7599,-0.00,2.6228,1.7599,2,0,1,0,0,20,20,0,53,0,1,0,0.987
11710,2.6254,1.7602,-0.00,2.6254,1.7602,2,0,1,0,0,20,20,0,53,0,1,0,0.986
11720,2.6280,1.7606,-0.00,2.6280,1.7606,2,0,1,0,0,20,20,0,53,0,1,0,0.986
11730,2.6305,1.7613,-0.00,2.6305,1.7613,2,0,1,0,0,20,20,0,53,0,1,0,0.985
11740,2.6330,1.7621,-0.00,2.6330,1.7621,2,0,1,0,0,20,20,0,53,0,1,0,0.984
11750,2.6355,1.7630,-0.00,2.6355,1.7630,2,0,1,0,0,20,20,0,53,0,1,0,0.983
11760,2.6379,1.7642,-0.00,2.6379,1.7642,2,0,1,0,0,20,20,0,53,0,1,0,0.982
11770,2.6404,1.7655,-0.00,2.6404,1.7655,2,0,1,0,0,20,20,0,53,0,1,0,0.981
11780,2.6427,1.7669,-0.00,2.6427,1.7669,2,0,1,0,0,20,20,0,53,0,1,0,0.980
11790,2.6451,1.7686,-0.00,2.6451,1.7686,2,0,1,0,0,20,20,0,53,0,1,0,0.978
11800,2.6474,1.7704,-0.00,2.6474,1.7704,2,0,1,0,0,20,20,0,53,0,1,0,0.976
11810,2.6497,1.7723,-0.00,2.6497,1.7723,2,0,1,0,0,20,20,0,53,0,1,0,0.974
11820,2.6519,1.7744,-0.00,2.6519,1.7744,2,0,1,0,0,20,20,0,53,0,1,0,0.972
11830,2.6539,1.7766,-0.00,2.6539,1.7766,2,0,1,0,0,20,20,0,53,0,1,0,0.970
11840,2.6559,1.7788,-0.00,2.6559,1.7788,2,0,1,0,0,20,20,0,53,0,1,0,0.968
11850,2.6578,1.7812,-0.00,2.6578,1.7812,2,0,1,0,0,20,20,0,53,0,1,0,0.965
11860,2.6595,1.7836,-0.00,2.6595,1.7836,2,0,1,0,0,20,20,0,53,0,1,0,0.963
11870,2.6612,1.7862,-0.00,2.6612,1.7862,2,0,1,0,0,20,20,0,53,0,1,0,0.960
11880,2.6627,1.7888,-0.00,2.6627,1.7888,2,0,1,0,0,20,20,0,53,0,1,0,0.958
11890,2.6642,1.7916,-0.00,2.6642,1.7916,2,0,1,0,0,20,20,0,53,0,1,0,0.955
11900,2.6656,1.7944,-0.00,2.6656,1.7944,2,0,1,0,0,20,20,0,53,0,1,0,0.952
11910,2.6668,1.7974,-0.00,2.6668,1.7974,2,0,1,0,0,20,20,0,53,0,1,0,0.949
11920,2.6680,1.8004,-0.00,2.6680,1.8004,2,0,1,0,0,20,20,0,53,0,1,0,0.946
11930,2.6691,1.8036,-0.00,2.6691,1.8036,2,0,1,0,0,20,20,0,53,0,1,0,0.943
11940,2.6700,1.8068,-0.00,2.6700,1.8068,2,0,1,0,0,20,20,0,53,0,1,0,0.940
11950,2.6709,1.8102,-0.00,2.6709,1.8102,2,0,1,0,0,20,20,0,53,0,1,0,0.936
11960,2.6717,1.8136,-0.00,2.6717,1.8136,2,0,1,0,0,20,20,0,53,0,1,0,0.933
11970,2.6723,1.8172,-0.00,2.6723,1.8172,2,0,1,0,0,20,20,0,53,0,1,0,0.929
11980,2.6729,1.8208,-0.00,2.6729,1.8208,2,0,1,0,0,20,20,0,53,0,1,0,0.926
11990,2.6734,1.8246,-0.00,2.6734,1.8246,2,0,1,0,0,20,20,0,53,0,1,0,0.922
12000,2.6737,1.8285,-0.00,2.6737,1.8285,2,0,1,0,0,20,20,0,53,0,1,0,0.918
12010,2.6740,1.8324,-0.00,2.6740,1.8324,2,0,1,0,0,20,20,0,53,0,1,0,0.914
12020,2.6742,1.8365,-0.00,2.6742,1.8365,2,0,1,0,0,20,20,0,53,0,1,0,0.910
12030,2.6742,1.8406,-0.00,2.6742,1.8406,2,0,1,0,0,20,20,0,53,0,1,0,0.906
12040,2.6742,1.8448,-0.00,2.6742,1.8448,2,0,1,0,0,20,20,0,53,0,1,0,0.902
12050,2.6742,1.8491,-0.00,2.6742,1.8491,2,0,1,0,0,20,20,0,53,0,1,0,0.897
12060,2.6742,1.8533,-0.00,2.6742,1.8533,2,0,1,0,0,20,20,0,53,0,1,0,0.893
12070,2.6742,1.8575,-0.00,2.6742,1.8575,2,0,1,0,0,20,20,0,53,0,1,0,0.889
12080,2.6742,1.8617,-0.00,2.6742,1.8617,2,0,1,0,0,20,20,0,53,0,1,0,0.885
12090,2.6742,1.8659,-0.00,2.6742,1.8659,2,0,1,0,0,20,20,0,53,0,1,0,0.881
12100,2.6742,1.8701,-0.00,2.6742,1.8701,2,0,1,0,0,20,20,0,53,0,1,0,0.876
12110,2.6742,1.8744,-0.00,2.6742,1.8744,2,0,1,0,0,20,20,0,53,0,1,0,0.872
12120,2.6742,1.8786,-0.00,2.6742,1.8786,2,0,1,0,0,20,20,0,53,0,1,0,0.868
12130,2.6742,1.8828,-0.00,2.6742,1.8828,2,0,1,0,0,20,20,0,53,0,1,0,0.864
12140,2.6742,1.8870,-0.00,2.6742,1.8870,2,0,1,0,0,20,20,0,53,0,1,0,0.859
12150,2.6742,1.8912,-0.00,2.6742,1.8912,2,0,1,0,0,20,20,0,53,0,1,0,0.855
12160,2.6742,1.8955,-0.00,2.6742,1.8955,2,0,1,0,0,20,20,0,53,0,1,0,0.851
12170,2.6742,1.8997,-0.00,2.6742,1.8997,2,0,1,0,0,20,20,0,53,0,1,0,0.847
12180,2.6742,1.9039,-0.00,2.6742,1.9039,2,0,1,0,0,20,20,0,53,0,1,0,0.843
12190,2.6742,1.9081,-0.00,2.6742,1.9081,2,0,1,0,0,20,20,0,53,0,1,0,0.838
12200,2.6742,1.9123,-0.00,2.6742,1.9123,2,0,1,0,0,20,20,0,53,0,1,0,0.834
12210,2.6742,1.9165,-0.00,2.6742,1.9165,2,0,1,0,0,20,20,0,53,0,1,0,0.830
12220,2.6742,1.9208,-0.00,2.6742,1.9208,2,0,1,0,0,20,20,0,53,0,1,0,0.826
12230,2.6742,1.9250,-0.00,2.6742,1.9250,2,0,1,0,0,20,20,0,53,0,1,0,0.822
12240,2.6742,1.9292,-0.00,2.6742,1.9292,2,0,1,0,0,20,20,0,53,0,1,0,0.817
12250,2.6742,1.9334,-0.00,2.6742,1.9334,2,0,1,0,0,20,20,0,53,0,1,0,0.813
12260,2.6742,1.9376,-0.00,2.6742,1.9376,2,0,1,0,0,20,20,0,53,0,1,0,0.809
12270,2.6742,1.9418,-0.00,2.6742,1.9418,2,0,1,0,0,20,20,0,53,0,1,0,0.805
12280,2.6742,1.9461,-0.00,2.6742,1.9461,2,0,1,0,0,20,20,0,53,0,1,0,0.800
12290,2.6742,1.9503,-0.00,2.6742,1.9503,2,0,1,0,0,20,20,0,53,0,1,0,0.796
12300,2.6742,1.9545,-0.00,2.6742,1.9545,2,0,1,0,0,20,20,0,53,0,1,0,0.792
12310,2.6742,1.9587,-0.00,2.6742,1.9587,2,0,1,0,0,20,20,0,53,0,1,0,0.788
12320,2.6742,1.9629,-0.00,2.6742,1.9629,2,0,1,0,0,20,20,0,53,0,1,0,0.784
12330,2.6742,1.9672,-0.00,2.6742,1.9672,2,0,1,0,0,20,20,0,53,0,1,0,0.779
12340,2.6742,1.9714,-0.00,2.6742,1.9714,2,0,1,0,0,20,20,0,53,0,1,0,0.775
12350,2.6742,1.9756,-0.00,2.6742,1.9756,2,0,1,0,0,20,20,0,53,0,1,0,0.771
12360,2.6742,1.9798,-0.00,2.6742,1.9798,2,0,1,0,0,20,20,0,53,0,1,0,0.767
12370,2.6742,1.9840,-0.00,2.6742,1.9840,2,0,1,0,0,20,20,0,53,0,1,0,0.762
12380,2.6742,1.9882,-0.00,2.6742,1.9882,2,0,1,0,0,20,20,0,53,0,1,0,0.758
12390,2.6742,1.9925,-0.00,2.6742,1.9925,2,0,1,0,0,20,20,0,53,0,1,0,0.754
12400,2.6742,1.9967,-0.00,2.6742,1.9967,2,0,1,0,0,20,20,0,53,0,1,0,0.750
12410,2.6742,2.0009,-0.00,2.6742,2.0009,2,0,1,0,0,20,20,0,53,0,1,0,0.746
12420,2.6742,2.0051,-0.00,2.6742,2.0051,2,0,1,0,0,20,20,0,53,0,1,0,0.741
12430,2.6742,2.0093,-0.00,2.6742,2.0093,2,0,1,0,0,20,20,0,53,0,1,0,0.737
12440,2.6742,2.0136,-0.00,2.6742,2.0136,2,0,1,0,0,20,20,0,53,0,1,0,0.733
12450,2.6742,2.0178,-0.00,2.6742,2.0178,2,0,1,0,0,20,20,0,53,0,1,0,0.729
12460,2.6742,2.0220,-0.00,2.6742,2.0220,2,0,1,0,0,20,20,0,53,0,1,0,0.725
12470,2.6742,2.0262,-0.00,2.6742,2.0262,2,0,1,0,0,20,20,0,53,0,1,0,0.720
12480,2.6742,2.0304,-0.00,2.6742,2.0304,2,0,1,0,0,20,20,0,53,0,1,0,0.716
12490,2.6742,2.0346,-0.00,2.6742,2.0346,2,0,1,0,0,20,20,0,53,0,1,0,0.712
12500,2.6742,2.0389,-0.00,2.6742,2.0389,2,0,1,0,0,20,20,0,53,0,1,0,0.708
12510,2.6742,2.0431,-0.00,2.6742,2.0431,2,0,1,0,0,20,20,0,53,0,1,0,0.703
12520,2.6742,2.0473,-0.00,2.6742,2.0473,2,0,1,0,0,20,20,0,53,0,1,0,0.699
12530,2.6742,2.0515,-0.00,2.6742,2.0515,2,0,1,0,0,20,20,0,53,0,1,0,0.695
12540,2.6742,2.0557,-0.00,2.6742,2.0557,2,0,1,0,0,20,20,0,53,0,1,0,0.691
12550,2.6742,2.0600,-0.00,2.6742,2.0600,2,0,1,0,0,20,20,0,53,0,1,0,0.687
12560,2.6742,2.0642,-0.00,2.6742,2.0642,2,0,1,0,0,20,20,0,53,0,1,0,0.682
12570,2.6742,2.0684,-0.00,2.6742,2.0684,2,0,1,0,0,20,20,0,53,0,1,0,0.678
12580,2.6742,2.0726,-0.00,2.6742,2.0726,2,0,1,0,0,20,20,0,53,0,1,0,0.674
12590,2.6742,2.0768,-0.00,2.6742,2.0768,2,0,1,0,0,20,20,0,53,0,1,0,0.670
12600,2.6742,2.0810,-0.00,2.6742,2.0810,2,0,1,0,0,20,20,0,53,0,1,0,0.665
12610,2.6742,2.0853,-0.00,2.6742,2.0853,2,0,1,0,0,20,20,0,53,0,1,0,0.661
12620,2.6742,2.0895,-0.00,2.6742,2.0895,2,0,1,0,0,20,20,0,53,0,1,0,0.657
12630,2.6742,2.0937,-0.00,2.6742,2.0937,2,0,1,0,0,20,20,0,53,0,1,0,0.653
12640,2.6742,2.0979,-0.00,2.6742,2.0979,2,0,1,0,0,20,20,0,53,0,1,0,0.649
12650,2.6742,2.1021,-0.00,2.6742,2.1021,2,0,1,0,0,20,20,0,53,0,1,0,0.644
12660,2.6742,2.1064,-0.00,2.6742,2.1064,2,0,1,0,0,20,20,0,53,0,1,0,0.640
12670,2.6742,2.1106,-0.00,2.6742,2.1106,2,0,1,0,0,20,20,0,53,0,1,0,0.636
12680,2.6742,2.1148,-0.00,2.6742,2.1148,2,0,1,0,0,20,20,0,53,0,1,0,0.632
12690,2.6742,2.1190,-0.00,2.6742,2.1190,2,0,1,0,0,20,20,0,53,0,1,0,0.627
12700,2.6742,2.1232,-0.00,2.6742,2.1232,2,0,1,0,0,20,20,0,53,0,1,0,0.623
12710,2.6742,2.1274,-0.00,2.6742,2.1274,2,0,1,0,0,20,20,0,53,0,1,0,0.619
12720,2.6742,2.1317,-0.00,2.6742,2.1317,2,0,1,0,0,20,20,0,53,0,1,0,0.615
12730,2.6742,2.1359,-0.00,2.6742,2.1359,2,0,1,0,0,20,20,0,53,0,1,0,0.611
12740,2.6742,2.1401,-0.00,2.6742,2.1401,2,0,1,0,0,20,20,0,53,0,1,0,0.606
12750,2.6742,2.1443,-0.00,2.6742,2.1443,2,0,1,0,0,20,20,0,53,0,1,0,0.602
12760,2.6742,2.1485,-0.00,2.6742,2.1485,2,0,1,0,0,20,20,0,53,0,1,0,0.598
12770,2.6742,2.1528,-0.00,2.6742,2.1528,2,0,1,0,0,20,20,0,53,0,1,0,0.594
12780,2.6742,2.1570,-0.00,2.6742,2.1570,2,0,1,0,0,20,20,0,53,0,1,0,0.590
12790,2.6742,2.1612,-0.00,2.6742,2.1612,2,0,1,0,0,20,20,0,53,0,1,0,0.585
12800,2.6742,2.1654,-0.00,2.6742,2.1654,2,0,1,0,0,20,20,0,53,0,1,0,0.581
12810,2.6742,2.1696,-0.00,2.6742,2.1696,2,0,1,0,0,20,20,0,53,0,1,0,0.577
12820,2.6742,2.1738,-0.00,2.6742,2.1738,2,0,1,0,0,20,20,0,53,0,1,0,0.573
12830,2.6742,2.1781,-0.00,2.6742,2.1781,2,0,1,0,0,20,20,0,53,0,1,0,0.568
12840,2.6742,2.1823,-0.00,2.6742,2.1823,2,0,1,0,0,20,20,0,53,0,1,0,0.564
12850,2.6742,2.1865,-0.00,2.6742,2.1865,2,0,1,0,0,20,20,0,53,0,1,0,0.560
12860,2.6742,2.1907,-0.00,2.6742,2.1907,2,0,1,0,0,20,20,0,53,0,1,0,0.556
12870,2.6742,2.1949,-0.00,2.6742,2.1949,2,0,1,0,0,20,20,0,53,0,1,0,0.552
12880,2.6742,2.1992,-0.00,2.6742,2.1992,2,0,1,0,0,20,20,0,53,0,1,0,0.547
12890,2.6742,2.2034,-0.00,2.6742,2.2034,2,0,1,0,0,20,20,0,53,0,1,0,0.543
12900,2.6742,2.2076,-0.00,2.6742,2.2076,2,0,1,0,0,20,20,0,53,1,1,0,0.539
12910,2.6742,2.2118,-0.00,2.6742,2.2118,2,0,1,0,0,20,20,0,53,1,1,0,0.535
12920,2.6742,2.2160,-0.00,2.6742,2.2160,2,0,1,0,0,20,20,0,53,1,1,0,0.530
12930,2.6742,2.2202,-0.00,2.6742,2.2202,2,0,1,0,0,20,20,0,53,1,1,0,0.526
12940,2.6742,2.2245,-0.00,2.6742,2.2245,2,0,1,0,0,20,20,0,53,1,1,0,0.522
12950,2.6742,2.2287,-0.00,2.6742,2.2287,2,0,1,0,0,20,20,0,53,1,1,0,0.518
12960,2.6742,2.2329,-0.00,2.6742,2.2329,2,0,1,0,0,20,20,0,53,1,1,0,0.514
12970,2.6742,2.2371,-0.00,2.6742,2.2371,2,0,1,0,0,20,20,0,53,1,1,0,0.509
12980,2.6742,2.2413,-0.00,2.6742,2.2413,2,0,1,0,0,20,20,0,53,1,1,0,0.505
12990,2.6742,2.2456,-0.00,2.6742,2.2456,2,0,1,0,0,20,20,0,53,1,1,0,0.501
13000,2.6742,2.2498,-0.00,2.6742,2.2498,2,0,1,0,0,20,20,0,53,1,1,0,0.497
13010,2.6742,2.2540,-0.00,2.6742,2.2540,2,0,1,0,0,20,20,0,53,1,1,0,0.493
13020,2.6742,2.2582,-0.00,2.6742,2.2582,2,0,1,0,0,20,20,0,53,1,1,0,0.488
13030,2.6742,2.2624,-0.00,2.6742,2.2624,2,0,1,0,0,20,20,0,53,1,1,0,0.484
13040,2.6742,2.2666,-0.00,2.6742,2.2666,2,0,1,0,0,20,20,0,53,1,1,0,0.480
13050,2.6742,2.2709,-0.00,2.6742,2.2709,2,0,1,0,0,20,20,0,53,1,1,0,0.476
13060,2.6742,2.2751,-0.00,2.6742,2.2751,2,0,1,0,0,20,20,0,53,1,1,0,0.471
13070,2.6742,2.2793,-0.00,2.6742,2.2793,2,0,1,0,0,20,20,0,53,1,1,0,0.467
13080,2.6742,2.2835,-0.00,2.6742,2.2835,2,0,1,0,0,20,20,0,53,1,1,0,0.463
13090,2.6742,2.2877,-0.00,2.6742,2.2877,2,0,1,0,0,20,20,0,53,1,1,0,0.459
13100,2.6742,2.2920,-0.00,2.6742,2.2920,2,0,1,0,0,20,20,0,53,1,1,0,0.455
13110,2.6742,2.2962,-0.00,2.6742,2.2962,2,0,1,0,0,20,20,0,53,1,1,0,0.450
13120,2.6742,2.3004,-0.00,2.6742,2.3004,2,0,1,0,0,20,20,0,53,1,1,0,0.446
13130,2.6742,2.3046,-0.00,2.6742,2.3046,2,0,1,0,0,20,20,0,53,1,1,0,0.442
13140,2.6742,2.3088,-0.00,2.6742,2.3088,2,0,1,0,0,20,20,0,53,1,1,0,0.438
13150,2.6742,2.3130,-0.00,2.6742,2.3130,2,0,1,0,0,20,20,0,53,1,1,0,0.433
13160,2.6742,2.3173,-0.00,2.6742,2.3173,2,0,1,0,0,20,20,0,53,1,1,0,0.429
13170,2.6742,2.3215,-0.00,2.6742,2.3215,2,0,1,0,0,20,20,0,53,1,1,0,0.425
13180,2.6742,2.3257,-0.00,2.6742,2.3257,2,0,1,0,0,20,20,0,53,1,1,0,0.421
13190,2.6742,2.3299,-0.00,2.6742,2.3299,2,0,1,0,0,20,20,0,53,1,1,0,0.417
13200,2.6742,2.3341,-0.00,2.6742,2.3341,2,0,1,0,0,20,20,0,53,1,1,0,0.412
13210,2.6742,2.3384,-0.00,2.6742,2.3384,2,0,1,0,0,20,20,0,53,1,1,0,0.408
13220,2.6742,2.3426,-0.00,2.6742,2.3426,2,0,1,0,0,20,20,0,53,1,1,0,0.404
13230,2.6742,2.3468,-0.00,2.6742,2.3468,2,0,1,0,0,20,20,0,53,1,1,0,0.400
13240,2.6742,2.3510,-0.00,2.6742,2.3510,2,0,1,0,0,20,20,0,53,1,1,0,0.395
13250,2.6742,2.3552,-0.00,2.6742,2.3552,2,0,1,0,0,20,20,0,53,1,1,0,0.391
13260,2.6742,2.3594,-0.00,2.6742,2.3594,2,0,1,0,0,20,20,0,53,1,1,0,0.387
13270,2.6742,2.3637,-0.00,2.6742,2.3637,2,0,1,0,0,20,20,0,53,1,1,0,0.383
13280,2.6742,2.3679,-0.00,2.6742,2.3679,2,0,1,0,0,20,20,0,53,1,1,0,0.379
13290,2.6742,2.3721,-0.00,2.6742,2.3721,2,0,1,0,0,20,20,0,53,1,1,0,0.374
13300,2.6742,2.3763,-0.00,2.6742,2.3763,2,0,1,0,0,20,20,0,53,1,1,0,0.370
13310,2.6742,2.3805,-0.00,2.6742,2.3805,2,0,1,0,0,20,20,0,53,1,1,0,0.366
13320,2.6742,2.3848,-0.00,2.6742,2.3848,2,0,1,0,0,20,20,0,53,1,1,0,0.362
13330,2.6742,2.3890,-0.00,2.6742,2.3890,2,0,1,0,0,20,20,0,53,1,1,0,0.358
13340,2.6742,2.3932,-0.00,2.6742,2.3932,2,0,1,0,0,20,20,0,53,1,1,0,0.353
13350,2.6742,2.3974,-0.00,2.6742,2.3974,2,0,1,0,0,20,20,0,53,1,1,0,0.349
13360,2.6742,2.4016,-0.00,2.6742,2.4016,2,0,1,0,0,20,20,0,53,1,1,0,0.345
13370,2.6742,2.4058,-0.00,2.6742,2.4058,2,0,1,0,0,20,20,0,53,1,1,0,0.341
13380,2.6742,2.4101,-0.00,2.6742,2.4101,2,0,1,0,0,20,20,0,53,1,1,0,0.336
13390,2.6742,2.4143,-0.00,2.6742,2.4143,2,0,1,0,0,20,20,0,53,1,1,0,0.332
13400,2.6742,2.4185,-0.00,2.6742,2.4185,2,0,1,0,0,20,20,0,53,1,1,0,0.328
13410,2.6742,2.4227,-0.00,2.6742,2.4227,2,0,1,0,0,20,20,0,53,1,1,0,0.324
13420,2.6742,2.4269,-0.00,2.6742,2.4269,2,0,1,0,0,20,20,0,53,1,1,0,0.320
13430,2.6742,2.4312,-0.00,2.6742,2.4312,2,0,1,0,0,20,20,0,53,1,1,0,0.315
13440,2.6742,2.4354,-0.00,2.6742,2.4354,2,0,1,0,0,20,20,0,53,1,1,0,0.311
13450,2.6742,2.4396,-0.00,2.6742,2.4396,2,0,1,0,0,20,20,0,53,1,1,0,0.307
13460,2.6742,2.4438,-0.00,2.6742,2.4438,2,0,1,0,0,20,20,0,53,1,1,0,0.303
13470,2.6742,2.4480,-0.00,2.6742,2.4480,2,0,1,0,0,20,20,0,53,1,1,0,0.298
13480,2.6742,2.4522,-0.00,2.6742,2.4522,2,0,1,0,0,20,20,0,53,1,1,0,0.294
13490,2.6742,2.4565,-0.00,2.6742,2.4565,2,0,1,0,0,20,20,0,53,1,1,0,0.290
13500,2.6742,2.4607,-0.00,2.6742,2.4607,2,0,1,0,0,20,20,0,53,1,1,0,0.286
13510,2.6742,2.4649,-0.00,2.6742,2.4649,2,0,1,0,0,20,20,0,53,1,1,0,0.282
13520,2.6742,2.4691,-0.00,2.6742,2.4691,2,0,1,0,0,20,20,0,53,1,1,0,0.277
13530,2.6742,2.4733,-0.00,2.6742,2.4733,2,0,1,0,0,20,20,0,53,1,1,0,0.273
13540,2.6742,2.4776,-0.00,2.6742,2.4776,2,0,1,0,0,20,20,0,53,1,1,0,0.269
13550,2.6742,2.4818,-0.00,2.6742,2.4818,2,0,1,0,0,20,20,0,53,1,1,0,0.265
13560,2.6742,2.4860,-0.00,2.6742,2.4860,2,0,1,0,0,20,20,0,53,1,1,0,0.261
13570,2.6742,2.4902,-0.00,2.6742,2.4902,2,0,1,0,0,20,20,0,53,1,1,0,0.256
13580,2.6742,2.4944,-0.00,2.6742,2.4944,2,0,1,0,0,20,20,0,53,1,1,0,0.252
13590,2.6742,2.4986,-0.00,2.6742,2.4986,2,0,1,0,0,20,20,0,53,1,1,0,0.248
13600,2.6742,2.5029,-0.00,2.6742,2.5029,2,0,0,0,0,20,20,0,53,1,1,0,0.244
13610,2.6742,2.5071,-0.00,2.6742,2.5071,2,0,0,0,0,20,20,0,53,1,1,0,0.239
13620,2.6742,2.5113,-0.00,2.6742,2.5113,2,0,0,0,0,20,20,0,53,1,1,0,0.235
13630,2.6742,2.5155,-0.00,2.6742,2.5155,2,0,0,0,0,20,20,0,53,1,1,0,0.231
13640,2.6742,2.5197,-0.00,2.6742,2.5197,2,0,0,0,0,20,20,0,53,1,1,0,0.227
13650,2.6742,2.5239,-0.00,2.6742,2.5239,2,0,0,0,0,20,20,0,53,1,1,0,0.223
13660,2.6742,2.5282,-0.00,2.6742,2.5282,2,0,0,0,0,20,20,0,53,1,1,0,0.218
13670,2.6742,2.5324,-0.00,2.6742,2.5324,2,0,0,0,0,20,20,0,53,1,1,0,0.214
13680,2.6742,2.5366,-0.00,2.6742,2.5366,2,0,0,0,0,20,20,0,53,1,1,0,0.210
13690,2.6742,2.5408,-0.00,2.6742,2.5408,2,0,0,0,0,20,20,0,53,1,1,0,0.206
13700,2.6742,2.5450,-0.00,2.6742,2.5450,2,0,0,0,0,20,20,0,53,1,1,0,0.201
13710,2.6742,2.5493,-0.00,2.6742,2.5493,2,0,0,0,0,20,20,0,53,1,1,0,0.197
13720,2.6742,2.5535,-0.00,2.6742,2.5535,2,0,0,0,0,20,20,0,53,1,1,0,0.193
13730,2.6742,2.5577,-0.00,2.6742,2.5577,2,0,0,0,0,20,20,0,53,1,1,0,0.189
13740,2.6742,2.5619,-0.00,2.6742,2.5619,2,0,0,0,0,20,20,0,53,1,1,0,0.185
13750,2.6742,2.5661,-0.00,2.6742,2.5661,2,0,0,0,0,20,20,0,53,1,1,0,0.180
13760,2.6742,2.5703,-0.00,2.6742,2.5703,2,0,0,0,0,20,20,0,53,1,1,0,0.176
13770,2.6742,2.5746,-0.00,2.6742,2.5746,2,0,0,0,0,20,20,0,53,1,1,0,0.172
13780,2.6742,2.5788,-0.00,2.6742,2.5788,2,0,0,0,0,20,20,0,53,1,1,0,0.168
13790,2.6742,2.5830,-0.00,2.6742,2.5830,2,0,0,0,0,20,20,0,53,1,1,0,0.163
13800,2.6742,2.5872,-0.00,2.6742,2.5872,2,0,0,0,0,20,20,0,53,1,1,0,0.159
13810,2.6742,2.5914,-0.00,2.6742,2.5914,2,0,0,0,0,20,20,0,53,1,1,0,0.155
13820,2.6742,2.5957,-0.00,2.6742,2.5957,2,0,0,0,0,20,20,0,53,1,1,0,0.151
13830,2.6742,2.5999,-0.00,2.6742,2.5999,2,0,0,0,0,20,20,0,53,1,1,0,0.147
13840,2.6742,2.6041,-0.00,2.6742,2.6041,3,0,0,0,0,20,20,0,53,1,1,0,0.142
13850,2.6742,2.6083,-0.00,2.6742,2.6083,3,0,1,0,0,20,20,0,0,0,0,0,1000.000
13860,2.6742,2.6124,-0.00,2.6742,2.6124,3,0,1,0,0,20,20,0,0,0,0,0,1000.000
13870,2.6742,2.6164,-0.00,2.6742,2.6164,3,0,1,0,0,20,20,0,0,0,0,0,1000.000
13880,2.6742,2.6201,-0.00,2.6742,2.6201,3,0,1,0,0,20,20,0,0,0,0,0,1000.000
13890,2.6742,2.6236,-0.00,2.6742,2.6236,3,0,1,0,0,20,20,0,0,0,0,0,1000.000
13900,2.6742,2.6270,-0.00,2.6742,2.6270,3,0,1,0,0,20,20,-61,0,0,0,1,2.404
13910,2.6742,2.6301,-0.00,2.6742,2.6301,3,0,1,0,0,20,20,-61,0,0,0,1,2.404
13920,2.6742,2.6330,-0.00,2.6742,2.6330,3,0,1,0,0,20,20,-61,0,0,0,1,2.404
13930,2.6742,2.6357,-0.00,2.6742,2.6357,3,0,1,0,0,20,20,-61,0,0,0,1,2.404
13940,2.6742,2.6383,-0.00,2.6742,2.6383,3,0,1,0,0,20,20,-61,0,0,0,1,2.404
13950,2.6742,2.6406,-0.00,2.6742,2.6406,3,0,1,0,0,20,20,-61,0,0,0,1,2.404
13960,2.6742,2.6427,-0.00,2.6742,2.6427,3,0,1,0,0,20,20,-61,0,0,0,1,2.404
13970,2.6742,2.6446,-0.00,2.6742,2.6446,3,0,1,0,0,20,20,-61,0,0,0,1,2.404
13980,2.6742,2.6464,-0.00,2.6742,2.6464,3,0,1,0,0,20,20,-61,0,0,0,1,2.404
13990,2.6742,2.6479,-0.00,2.6742,2.6479,3,0,1,0,0,20,20,-61,0,0,0,1,2.404
14000,2.6741,2.6493,-0.00,2.6741,2.6493,3,0,1,0,0,20,20,-61,0,0,0,1,2.404
14010,2.6738,2.6507,-0.00,2.6738,2.6507,3,0,1,0,0,20,20,-61,0,0,0,1,2.404
14020,2.6734,2.6521,-0.00,2.6734,2.6521,3,0,1,0,0,20,20,-61,0,0,0,1,2.403
14030,2.6727,2.6535,-0.00,2.6727,2.6535,3,0,1,0,0,20,20,-61,0,0,0,1,2.403
14040,2.6719,2.6549,-0.00,2.6719,2.6549,3,0,1,0,0,20,20,-61,0,0,0,1,2.402
14050,2.6709,2.6562,-0.00,2.6709,2.6562,3,0,1,0,0,19,20,-61,0,0,0,1,2.401
14060,2.6697,2.6575,-0.00,2.6697,2.6575,3,0,1,0,0,19,20,-61,0,0,0,1,2.400
14070,2.6684,2.6588,-0.00,2.6684,2.6588,3,0,1,0,0,19,20,-61,0,0,0,1,2.398
14080,2.6668,2.6601,-0.00,2.6668,2.6601,3,0,1,0,0,19,20,-61,0,0,0,1,2.397
14090,2.6651,2.6613,-0.00,2.6651,2.6613,3,0,1,0,0,19,20,-61,0,0,0,1,2.395
14100,2.6632,2.6626,-0.00,2.6632,2.6626,3,0,1,0,0,18,20,-61,0,0,0,1,2.393
14110,2.6611,2.6638,-0.00,2.6611,2.6638,3,0,1,0,0,18,20,-61,0,0,0,1,2.391
14120,2.6588,2.6650,-0.00,2.6588,2.6650,3,0,1,0,0,18,20,-61,0,0,0,1,2.389
14130,2.6564,2.6662,-0.00,2.6564,2.6662,3,0,1,0,0,18,20,-61,0,0,0,1,2.386
14140,2.6537,2.6673,-0.00,2.6537,2.6673,3,0,1,0,0,18,20,-61,0,0,0,1,2.384
14150,2.6509,2.6685,-0.00,2.6509,2.6685,3,0,1,0,0,18,20,-61,0,0,0,1,2.381
14160,2.6479,2.6696,-0.00,2.6479,2.6696,3,0,1,0,0,18,20,-61,0,0,0,1,2.378
14170,2.6447,2.6707,-0.00,2.6447,2.6707,3,0,1,0,0,18,20,-61,0,0,0,1,2.375
14180,2.6414,2.6718,-0.00,2.6414,2.6718,3,0,1,0,0,18,20,-61,0,0,0,1,2.371
14190,2.6378,2.6729,-0.00,2.6378,2.6729,3,0,1,0,0,18,20,-61,0,0,0,1,2.368
14200,2.6341,2.6739,-0.00,2.6341,2.6739,3,0,1,0,0,17,20,-61,0,0,0,1,2.364
14210,2.6303,2.6749,-0.00,2.6303,2.6749,3,0,1,0,0,17,20,-61,0,0,0,1,2.360
14220,2.6263,2.6758,-0.00,2.6263,2.6758,3,0,1,0,0,17,20,-61,0,0,0,1,2.356
14230,2.6222,2.6766,-0.00,2.6222,2.6766,3,0,1,0,0,17,20,-61,0,0,0,1,2.352
14240,2.6181,2.6773,-0.00,2.6181,2.6773,3,0,1,0,0,17,20,-61,0,0,0,1,2.348
14250,2.6138,2.6779,-0.00,2.6138,2.6779,3,0,1,0,0,17,20,-61,0,0,0,1,2.344
14260,2.6094,2.6783,-0.00,2.6094,2.6783,3,0,1,0,0,17,20,-61,0,0,0,1,2.339
14270,2.6050,2.6787,-0.00,2.6050,2.6787,3,0,1,0,0,17,20,-61,0,0,0,1,2.335
14280,2.6004,2.6790,-0.00,2.6004,2.6790,3,0,1,0,0,17,20,-61,0,0,0,1,2.330
14290,2.5957,2.6792,-0.00,2.5957,2.6792,3,0,1,0,0,17,20,-61,0,0,0,1,2.326
14300,2.5910,2.6793,-0.00,2.5910,2.6793,3,0,1,0,0,17,20,-61,0,0,0,1,2.321
14310,2.5861,2.6793,-0.00,2.5861,2.6793,3,0,1,0,0,17,20,-61,0,0,0,1,2.316
14320,2.5813,2.6793,-0.00,2.5813,2.6793,3,0,1,0,0,17,20,-61,0,0,0,1,2.311
14330,2.5764,2.6793,-0.00,2.5764,2.6793,3,0,1,0,0,17,20,-61,0,0,0,1,2.306
14340,2.5716,2.6793,-0.00,2.5716,2.6793,3,0,1,0,0,17,20,-61,0,0,0,1,2.302
14350,2.5667,2.6793,-0.00,2.5667,2.6793,3,0,1,0,0,17,20,-61,0,0,0,1,2.297
14360,2.5619,2.6793,-0.00,2.5619,2.6793,3,0,1,0,0,17,20,-61,0,0,0,1,2.292
14370,2.5570,2.6793,-0.00,2.5570,2.6793,3,0,1,0,0,17,20,-61,0,0,0,1,2.287
14380,2.5522,2.6793,-0.00,2.5522,2.6793,3,0,1,0,0,17,20,-61,0,0,0,1,2.282
14390,2.5473,2.6793,-0.00,2.5473,2.6793,3,0,1,0,0,17,20,-61,0,0,0,1,2.277
14400,2.5424,2.6793,-0.00,2.5424,2.6793,3,0,1,0,0,17,20,-61,0,0,0,1,2.272
14410,2.5376,2.6793,-0.00,2.5376,2.6793,3,0,1,0,0,17,20,-61,0,0,0,1,2.268
14420,2.5327,2.6793,-0.00,2.5327,2.6793,3,0,1,0,0,17,20,-61,0,0,0,1,2.263
14430,2.5279,2.6793,-0.00,2.5279,2.6793,3,0,1,0,0,17,20,-61,0,0,0,1,2.258
14440,2.5230,2.6793,-0.00,2.5230,2.6793,3,0,1,0,0,17,20,-61,0,0,0,1,2.253
14450,2.5182,2.6793,-0.00,2.5182,2.6793,3,0,1,0,0,17,20,-61,0,0,0,1,2.248
14460,2.5133,2.6793,-0.00,2.5133,2.6793,3,0,1,0,0,17,20,-61,0,0,0,1,2.243
14470,2.5085,2.6793,-0.00,2.5085,2.6793,3,0,1,0,0,17,20,-61,0,0,0,1,2.238
14480,2.5036,2.6793,-0.00,2.5036,2.6793,3,0,1,0,0,17,20,-61,0,0,0,1,2.234
14490,2.4988,2.6793,-0.00,2.4988,2.6793,3,0,1,0,0,17,20,-61,0,0,0,1,2.229
14500,2.4939,2.6793,-0.00,2.4939,2.6793,3,0,1,0,0,17,20,-61,0,0,0,1,2.224
14510,2.4890,2.6793,-0.00,2.4890,2.6793,3,0,1,0,0,17,20,-61,0,0,0,1,2.219
14520,2.4842,2.6793,-0.00,2.4842,2.6793,3,0,1,0,0,17,20,-61,0,0,0,1,2.214
14530,2.4793,2.6793,-0.00,2.4793,2.6793,3,0,1,0,0,17,20,-61,0,0,0,1,2.209
14540,2.4745,2.6793,-0.00,2.4745,2.6793,3,0,1,0,0,17,20,-61,0,0,0,1,2.204
14550,2.4696,2.6793,-0.00,2.4696,2.6793,3,0,1,0,0,17,20,-61,0,0,0,1,2.200
14560,2.4648,2.6793,-0.00,2.4648,2.6793,3,0,1,0,0,17,20,-61,0,0,0,1,2.195
14570,2.4599,2.6793,-0.00,2.4599,2.6793,3,0,1,0,0,17,20,-61,0,0,0,1,2.190
14580,2.4551,2.6793,-0.00,2.4551,2.6793,3,0,1,0,0,17,20,-61,0,0,0,1,2.185
14590,2.4502,2.6793,-0.00,2.4502,2.6793,3,0,1,0,0,17,20,-61,0,0,0,1,2.180
14600,2.4453,2.6793,-0.00,2.4453,2.6793,3,0,1,0,0,17,20,-61,0,0,0,1,2.175
14610,2.4405,2.6793,-0.00,2.4405,2.6793,3,0,1,0,0,17,20,-61,0,0,0,1,2.170
14620,2.4356,2.6793,-0.00,2.4356,2.6793,3,0,1,0,0,17,20,-61,0,0,0,1,2.166
14630,2.4308,2.6793,-0.00,2.4308,2.6793,3,0,1,0,0,17,20,-61,0,0,0,1,2.161
14640,2.4259,2.6793,-0.00,2.4259,2.6793,3,0,1,0,0,17,20,-61,0,0,0,1,2.156
14650,2.4211,2.6793,-0.00,2.4211,2.6793,3,0,1,0,0,17,20,-61,0,0,0,1,2.151
14660,2.4162,2.6793,-0.00,2.4162,2.6793,3,0,1,0,0,17,20,-61,0,0,0,1,2.146
14670,2.4114,2.6793,-0.00,2.4114,2.6793,3,0,1,0,0,17,20,-61,0,0,0,1,2.141
14680,2.4065,2.6793,-0.00,2.4065,2.6793,3,0,1,0,0,17,20,-61,0,0,0,1,2.137
14690,2.4017,2.6793,-0.00,2.4017,2.6793,3,0,1,0,0,17,20,-61,0,0,0,1,2.132
14700,2.3968,2.6793,-0.00,2.3968,2.6793,3,0,1,0,0,17,20,-61,0,0,0,1,2.127
14710,2.3919,2.6793,-0.00,2.3919,2.6793,3,0,1,0,0,17,20,-61,0,0,0,1,2.122
14720,2.3871,2.6793,-0.00,2.3871,2.6793,3,0,1,0,0,17,20,-61,0,0,0,1,2.117
14730,2.3822,2.6793,-0.00,2.3822,2.6793,3,0,1,0,0,17,20,-61,0,0,0,1,2.112
14740,2.3774,2.6793,-0.00,2.3774,2.6793,3,0,1,0,0,17,20,-61,0,0,0,1,2.107
14750,2.3725,2.6793,-0.00,2.3725,2.6793,3,0,1,0,0,17,20,-61,0,0,0,1,2.103
14760,2.3677,2.6793,-0.00,2.3677,2.6793,3,0,1,0,0,17,20,-61,0,0,0,1,2.098
14770,2.3628,2.6793,-0.00,2.3628,2.6793,3,0,1,0,0,17,20,-61,0,0,0,1,2.093
14780,2.3580,2.6793,-0.00,2.3580,2.6793,3,0,1,0,0,17,20,-61,0,0,0,1,2.088
14790,2.3531,2.6793,-0.00,2.3531,2.6793,3,0,1,0,0,17,20,-61,0,0,0,1,2.083
14800,2.3483,2.6793,-0.00,2.3483,2.6793,3,0,1,0,0,17,20,-61,0,0,0,1,2.078
14810,2.3434,2.6793,-0.00,2.3434,2.6793,3,0,1,0,0,17,20,-61,0,0,0,1,2.073
14820,2.3385,2.6793,-0.00,2.3385,2.6793,3,0,1,0,0,17,20,-61,0,0,0,1,2.069
14830,2.3337,2.6793,-0.00,2.3337,2.6793,3,0,1,0,0,17,20,-61,0,0,0,1,2.064
14840,2.3288,2.6793,-0.00,2.3288,2.6793,3,0,1,0,0,17,20,-61,0,0,0,1,2.059
14850,2.3240,2.6793,-0.00,2.3240,2.6793,3,0,1,0,0,17,20,-61,0,0,0,1,2.054
14860,2.3191,2.6793,-0.00,2.3191,2.6793,3,0,1,0,0,17,20,-61,0,0,0,1,2.049
14870,2.3143,2.6793,-0.00,2.3143,2.6793,3,0,1,0,0,17,20,-61,0,0,0,1,2.044
14880,2.3094,2.6793,-0.00,2.3094,2.6793,3,0,1,0,0,17,20,-61,0,0,0,1,2.039
14890,2.3046,2.6793,-0.00,2.3046,2.6793,3,0,1,0,0,17,20,-61,0,0,0,1,2.035
14900,2.2997,2.6793,-0.00,2.2997,2.6793,3,0,1,0,0,17,20,-61,0,0,0,1,2.030
14910,2.2948,2.6793,-0.00,2.2948,2.6793,3,0,1,0,0,17,20,-61,0,0,0,1,2.025
14920,2.2900,2.6793,-0.00,2.2900,2.6793,3,0,1,0,0,17,20,-61,0,0,0,1,2.020
14930,2.2851,2.6793,-0.00,2.2851,2.6793,3,0,1,0,0,17,20,-61,0,0,0,1,2.015
14940,2.2803,2.6793,-0.00,2.2803,2.6793,3,0,1,0,0,17,20,-61,0,0,0,1,2.010
14950,2.2754,2.6793,-0.00,2.2754,2.6793,3,0,1,0,0,17,20,-61,0,0,0,1,2.005
14960,2.2706,2.6793,-0.00,2.2706,2.6793,3,0,1,0,0,17,20,-61,0,0,0,1,2.001
14970,2.2657,2.6793,-0.00,2.2657,2.6793,3,0,1,0,0,17,20,-61,0,0,0,1,1.996
14980,2.2609,2.6793,-0.00,2.2609,2.6793,3,0,1,0,0,17,20,-61,0,0,0,1,1.991
14990,2.2560,2.6793,-0.00,2.2560,2.6793,3,0,1,0,0,17,20,-61,0,0,0,1,1.986
15000,2.2512,2.6793,-0.00,2.2512,2.6793,3,0,1,0,0,17,20,-61,0,0,0,1,1.981
15010,2.2463,2.6793,-0.00,2.2463,2.6793,3,0,1,0,0,17,20,-61,0,0,0,1,1.976
15020,2.2414,2.6793,-0.00,2.2414,2.6793,3,0,1,0,0,17,20,-61,0,0,0,1,1.971
15030,2.2366,2.6793,-0.00,2.2366,2.6793,3,0,1,0,0,17,20,-61,0,0,0,1,1.967
15040,2.2317,2.6793,-0.00,2.2317,2.6793,3,0,1,0,0,17,20,-61,0,0,0,1,1.962
15050,2.2269,2.6793,-0.00,2.2269,2.6793,3,0,1,0,0,17,20,-61,0,0,0,1,1.957
15060,2.2220,2.6793,-0.00,2.2220,2.6793,3,0,1,0,0,17,20,-61,0,0,0,1,1.952
15070,2.2172,2.6793,-0.00,2.2172,2.6793,3,0,1,0,0,17,20,-61,0,0,0,1,1.947
15080,2.2123,2.6793,-0.00,2.2123,2.6793,3,0,1,0,0,17,20,-61,0,0,0,1,1.942
15090,2.2075,2.6793,-0.00,2.2075,2.6793,3,0,1,0,0,17,20,-61,0,0,0,1,1.937
15100,2.2026,2.6793,-0.00,2.2026,2.6793,3,0,1,0,0,17,20,-61,0,0,0,1,1.933
15110,2.1978,2.6793,-0.00,2.1978,2.6793,3,0,1,0,0,17,20,-61,0,0,0,1,1.928
15120,2.1929,2.6793,-0.00,2.1929,2.6793,3,0,1,0,0,17,20,-61,0,0,0,1,1.923
15130,2.1880,2.6793,-0.00,2.1880,2.6793,3,0,1,0,0,17,20,-61,0,0,0,1,1.918
15140,2.1832,2.6793,-0.00,2.1832,2.6793,3,0,1,0,0,17,20,-61,0,0,0,1,1.913
15150,2.1783,2.6793,-0.00,2.1783,2.6793,3,0,1,0,0,17,20,-61,0,0,0,1,1.908
15160,2.1735,2.6793,-0.00,2.1735,2.6793,3,0,1,0,0,17,20,-61,0,0,0,1,1.903
15170,2.1686,2.6793,-0.00,2.1686,2.6793,3,0,1,0,0,17,20,-61,0,0,0,1,1.899
15180,2.1638,2.6793,-0.00,2.1638,2.6793,3,0,1,0,0,17,20,-61,0,0,0,1,1.894
15190,2.1589,2.6793,-0.00,2.1589,2.6793,3,0,1,0,0,17,20,-61,0,0,0,1,1.889
15200,2.1541,2.6793,-0.00,2.1541,2.6793,3,0,1,0,0,17,20,-61,0,0,0,1,1.884
15210,2.1492,2.6793,-0.00,2.1492,2.6793,3,0,1,0,0,17,20,-61,0,0,0,1,1.879
15220,2.1444,2.6793,-0.00,2.1444,2.6793,3,0,1,0,0,17,20,-61,0,0,0,1,1.874
15230,2.1395,2.6793,-0.00,2.1395,2.6793,3,0,1,0,0,17,20,-61,0,0,0,1,1.869
15240,2.1346,2.6793,-0.00,2.1346,2.6793,3,0,1,0,0,17,20,-61,0,0,0,1,1.865
15250,2.1298,2.6793,-0.00,2.1298,2.6793,3,0,1,0,0,17,20,-61,0,0,0,1,1.860
15260,2.1249,2.6793,-0.00,2.1249,2.6793,3,0,1,0,0,17,20,-61,0,0,0,1,1.855
15270,2.1201,2.6793,-0.00,2.1201,2.6793,3,0,1,0,0,17,20,-61,0,0,0,1,1.850
15280,2.1152,2.6793,-0.00,2.1152,2.6793,3,0,1,0,0,17,20,-61,0,0,0,1,1.845
15290,2.1104,2.6793,-0.00,2.1104,2.6793,3,0,1,0,0,17,20,-61,0,0,0,1,1.840
15300,2.1055,2.6793,-0.00,2.1055,2.6793,3,0,1,0,0,17,20,-61,0,0,0,1,1.836
15310,2.1007,2.6793,-0.00,2.1007,2.6793,3,0,1,0,0,17,20,-61,0,0,0,1,1.831
15320,2.0958,2.6793,-0.00,2.0958,2.6793,3,0,1,0,0,17,20,-61,0,0,0,1,1.826
15330,2.0909,2.6793,-0.00,2.0909,2.6793,3,0,1,0,0,17,20,-61,0,0,0,1,1.821
15340,2.0861,2.6793,-0.00,2.0861,2.6793,3,0,1,0,0,17,20,-61,0,0,0,1,1.816
15350,2.0812,2.6793,-0.00,2.0812,2.6793,3,0,1,0,0,17,20,-61,0,0,0,1,1.811
15360,2.0764,2.6793,-0.00,2.0764,2.6793,3,0,1,0,0,17,20,-61,0,0,0,1,1.806
15370,2.0715,2.6793,-0.00,2.0715,2.6793,3,0,1,0,0,17,20,-61,0,0,0,1,1.802
15380,2.0667,2.6793,-0.00,2.0667,2.6793,3,0,1,0,0,17,20,-61,0,0,0,1,1.797
15390,2.0618,2.6793,-0.00,2.0618,2.6793,3,0,1,0,0,17,20,-61,0,0,0,1,1.792
15400,2.0570,2.6793,-0.00,2.0570,2.6793,3,0,1,0,0,17,20,-61,0,0,0,1,1.787
15410,2.0521,2.6793,-0.00,2.0521,2.6793,3,0,1,0,0,17,20,-61,0,0,0,1,1.782
15420,2.0473,2.6793,-0.00,2.0473,2.6793,3,0,1,0,0,17,20,-61,0,0,0,1,1.777
15430,2.0424,2.6793,-0.00,2.0424,2.6793,3,0,1,0,0,17,20,-61,0,0,0,1,1.772
15440,2.0375,2.6793,-0.00,2.0375,2.6793,3,0,1,0,0,17,20,-61,0,0,0,1,1.768
15450,2.0327,2.6793,-0.00,2.0327,2.6793,3,0,1,0,0,17,20,-61,0,0,0,1,1.763
15460,2.0278,2.6793,-0.00,2.0278,2.6793,3,0,1,0,0,17,20,-61,0,0,0,1,1.758
15470,2.0230,2.6793,-0.00,2.0230,2.6793,3,0,1,0,0,17,20,-61,0,0,0,1,1.753
15480,2.0181,2.6793,-0.00,2.0181,2.6793,3,0,1,0,0,17,20,-61,0,0,0,1,1.748
15490,2.0133,2.6793,-0.00,2.0133,2.6793,3,0,1,0,0,17,20,-61,0,0,0,1,1.743
15500,2.0084,2.6793,-0.00,2.0084,2.6793,3,0,1,0,0,17,20,-61,0,0,0,1,1.738
15510,2.0036,2.6793,-0.00,2.0036,2.6793,3,0,1,0,0,17,20,-61,0,0,0,1,1.734
15520,1.9987,2.6793,-0.00,1.9987,2.6793,3,0,1,0,0,17,20,-61,0,0,0,1,1.729
15530,1.9939,2.6793,-0.00,1.9939,2.6793,3,0,1,0,0,17,20,-61,0,0,0,1,1.724
15540,1.9890,2.6793,-0.00,1.9890,2.6793,3,0,1,0,0,17,20,-61,0,0,0,1,1.719
15550,1.9841,2.6793,-0.00,1.9841,2.6793,3,0,1,0,0,17,20,-61,0,0,0,1,1.714
15560,1.9793,2.6793,-0.00,1.9793,2.6793,3,0,1,0,0,17,20,-61,0,0,0,1,1.709
15570,1.9744,2.6793,-0.00,1.9744,2.6793,3,0,1,0,0,17,20,-61,0,0,0,1,1.704
15580,1.9696,2.6793,-0.00,1.9696,2.6793,3,0,1,0,0,17,20,-61,0,0,0,1,1.700
15590,1.9647,2.6793,-0.00,1.9647,2.6793,3,0,1,0,0,17,20,-61,0,0,0,1,1.695
15600,1.9599,2.6793,-0.00,1.9599,2.6793,3,0,1,0,0,17,20,-61,0,0,0,1,1.690
15610,1.9550,2.6793,-0.00,1.9550,2.6793,3,0,1,0,0,17,20,-61,0,0,0,1,1.685
15620,1.9502,2.6793,-0.00,1.9502,2.6793,3,0,1,0,0,17,20,-61,0,0,0,1,1.680
15630,1.9453,2.6793,-0.00,1.9453,2.6793,3,0,1,0,0,17,20,-61,0,0,0,1,1.675
15640,1.9404,2.6793,-0.00,1.9404,2.6793,3,0,1,0,0,17,20,-61,0,0,0,1,1.670
15650,1.9356,2.6793,-0.00,1.9356,2.6793,3,0,1,0,0,17,20,-61,0,0,0,1,1.666
15660,1.9307,2.6793,-0.00,1.9307,2.6793,3,0,1,0,0,17,20,-61,0,0,0,1,1.661
15670,1.9259,2.6793,-0.00,1.9259,2.6793,3,0,1,0,0,17,20,-61,0,0,0,1,1.656
15680,1.9210,2.6793,-0.00,1.9210,2.6793,3,0,1,0,0,17,20,-61,0,0,0,1,1.651
15690,1.9162,2.6793,-0.00,1.9162,2.6793,3,0,1,0,0,17,20,-61,0,0,0,1,1.646
15700,1.9113,2.6793,-0.00,1.9113,2.6793,3,0,1,0,0,17,20,-61,0,0,0,1,1.641
15710,1.9065,2.6793,-0.00,1.9065,2.6793,3,0,1,0,0,17,20,-61,0,0,0,1,1.636
15720,1.9016,2.6793,-0.00,1.9016,2.6793,3,0,1,0,0,17,20,-61,0,0,0,1,1.632
15730,1.8968,2.6793,-0.00,1.8968,2.6793,3,0,1,0,0,17,20,-61,0,0,0,1,1.627
15740,1.8919,2.6793,-0.00,1.8919,2.6793,3,0,1,0,0,17,20,-61,0,0,0,1,1.622
15750,1.8870,2.6793,-0.00,1.8870,2.6793,3,0,1,0,0,17,20,-61,0,0,0,1,1.617
15760,1.8822,2.6793,-0.00,1.8822,2.6793,3,0,1,0,0,17,20,-61,0,0,0,1,1.612
15770,1.8773,2.6793,-0.00,1.8773,2.6793,3,0,1,0,0,17,20,-61,0,0,0,1,1.607
15780,1.8725,2.6793,-0.00,1.8725,2.6793,3,0,1,0,0,17,20,-61,0,0,0,1,1.602
15790,1.8676,2.6793,-0.00,1.8676,2.6793,3,0,1,0,0,17,20,-61,0,0,0,1,1.598
15800,1.8628,2.6793,-0.00,1.8628,2.6793,3,0,1,0,0,17,20,-61,0,0,0,1,1.593
15810,1.8579,2.6793,-0.00,1.8579,2.6793,3,0,1,0,0,17,20,-61,0,0,0,1,1.588
15820,1.8531,2.6793,-0.00,1.8531,2.6793,3,0,1,0,0,17,20,-61,0,0,0,1,1.583
15830,1.8482,2.6793,-0.00,1.8482,2.6793,3,0,1,0,0,17,20,-61,0,0,0,1,1.578
15840,1.8434,2.6793,-0.00,1.8434,2.6793,3,0,1,0,0,17,20,-61,0,0,0,1,1.573
15850,1.8385,2.6793,-0.00,1.8385,2.6793,3,0,1,0,0,17,20,-61,0,0,0,1,1.568
15860,1.8336,2.6793,-0.00,1.8336,2.6793,3,0,1,0,0,17,20,-61,0,0,0,1,1.564
15870,1.8288,2.6793,-0.00,1.8288,2.6793,3,0,1,0,0,17,20,-61,0,0,0,1,1.559
15880,1.8239,2.6793,-0.00,1.8239,2.6793,3,0,1,0,0,17,20,-61,0,0,0,1,1.554
15890,1.8191,2.6793,-0.00,1.8191,2.6793,3,0,1,0,0,17,20,-61,0,0,0,1,1.549
15900,1.8142,2.6793,-0.00,1.8142,2.6793,3,0,1,0,0,17,20,-61,0,0,0,1,1.544
15910,1.8094,2.6793,-0.00,1.8094,2.6793,3,0,1,0,0,17,20,-61,0,0,0,1,1.539
15920,1.8045,2.6793,-0.00,1.8045,2.6793,3,0,1,0,0,17,20,-61,0,0,0,1,1.535
15930,1.7997,2.6793,-0.00,1.7997,2.6793,3,0,1,0,0,17,20,-61,0,0,0,1,1.530
15940,1.7948,2.6793,-0.00,1.7948,2.6793,3,0,1,0,0,17,20,-61,0,0,0,1,1.525
15950,1.7899,2.6793,-0.00,1.7899,2.6793,3,0,1,0,0,17,20,-61,0,0,0,1,1.520
15960,1.7851,2.6793,-0.00,1.7851,2.6793,3,0,1,0,0,17,20,-61,0,0,0,1,1.515
15970,1.7802,2.6793,-0.00,1.7802,2.6793,3,0,1,0,0,17,20,-61,0,0,0,1,1.510
15980,1.7754,2.6793,-0.00,1.7754,2.6793,3,0,1,0,0,17,20,-61,0,0,0,1,1.505
15990,1.7705,2.6793,-0.00,1.7705,2.6793,3,0,1,0,0,17,20,-61,0,0,0,1,1.501
16000,1.7657,2.6793,-0.00,1.7657,2.6793,3,0,1,0,0,17,20,-61,0,0,0,1,1.496
16010,1.7608,2.6793,-0.00,1.7608,2.6793,3,0,1,0,0,17,20,-61,0,0,0,1,1.491
16020,1.7560,2.6793,-0.00,1.7560,2.6793,3,0,1,0,0,17,20,-61,0,0,0,1,1.486
16030,1.7511,2.6793,-0.00,1.7511,2.6793,3,0,1,0,0,17,20,-61,0,0,0,1,1.481
16040,1.7463,2.6793,-0.00,1.7463,2.6793,3,0,1,0,0,17,20,-61,0,0,0,1,1.476
16050,1.7414,2.6793,-0.00,1.7414,2.6793,3,0,1,0,0,17,20,-61,0,0,0,1,1.471
16060,1.7365,2.6793,-0.00,1.7365,2.6793,3,0,1,0,0,17,20,-61,0,0,0,1,1.467
16070,1.7317,2.6793,-0.00,1.7317,2.6793,3,0,1,0,0,17,20,-61,0,0,0,1,1.462
16080,1.7268,2.6793,-0.00,1.7268,2.6793,3,0,1,0,0,17,20,-61,0,0,0,1,1.457
16090,1.7220,2.6793,-0.00,1.7220,2.6793,3,0,1,0,0,17,20,-61,0,0,0,1,1.452
16100,1.7171,2.6793,-0.00,1.7171,2.6793,3,0,1,0,0,17,20,-61,0,0,0,1,1.447
16110,1.7123,2.6793,-0.00,1.7123,2.6793,3,0,1,0,0,17,20,-61,0,0,0,1,1.442
16120,1.7074,2.6793,-0.00,1.7074,2.6793,3,0,1,0,0,17,20,-61,0,0,0,1,1.437
16130,1.7026,2.6793,-0.00,1.7026,2.6793,3,0,1,0,0,17,20,-61,0,0,0,1,1.433
16140,1.6977,2.6793,-0.00,1.6977,2.6793,3,0,1,0,0,17,20,-61,0,0,0,1,1.428
16150,1.6929,2.6793,-0.00,1.6929,2.6793,3,0,1,0,0,17,20,-61,0,0,0,1,1.423
16160,1.6880,2.6793,-0.00,1.6880,2.6793,3,0,1,0,0,17,20,-61,0,0,0,1,1.418
16170,1.6831,2.6793,-0.00,1.6831,2.6793,3,0,1,0,0,17,20,-61,0,0,0,1,1.413
16180,1.6783,2.6793,-0.00,1.6783,2.6793,3,0,1,0,0,17,20,-61,0,0,0,1,1.408
16190,1.6734,2.6793,-0.00,1.6734,2.6793,3,0,1,0,0,17,20,-61,0,0,0,1,1.403
16200,1.6686,2.6793,-0.00,1.6686,2.6793,3,0,1,0,0,17,20,-61,0,0,0,1,1.399
16210,1.6637,2.6793,-0.00,1.6637,2.6793,3,0,1,0,0,17,20,-61,0,0,0,1,1.394
16220,1.6589,2.6793,-0.00,1.6589,2.6793,3,0,1,0,0,17,20,-61,0,0,0,1,1.389
16230,1.6540,2.6793,-0.00,1.6540,2.6793,3,0,1,0,0,17,20,-61,0,0,0,1,1.384
16240,1.6492,2.6793,-0.00,1.6492,2.6793,3,0,1,0,0,17,20,-61,0,0,0,1,1.379
16250,1.6443,2.6793,-0.00,1.6443,2.6793,3,0,1,0,0,17,20,-61,0,0,0,1,1.374
16260,1.6395,2.6793,-0.00,1.6395,2.6793,3,0,1,0,0,17,20,-61,0,0,0,1,1.369
16270,1.6346,2.6793,-0.00,1.6346,2.6793,3,0,1,0,0,17,20,-61,0,0,0,1,1.365
16280,1.6297,2.6793,-0.00,1.6297,2.6793,3,0,1,0,0,17,20,-61,0,0,0,1,1.360
16290,1.6249,2.6793,-0.00,1.6249,2.6793,3,0,1,0,0,17,20,-61,0,0,0,1,1.355
16300,1.6200,2.6793,-0.00,1.6200,2.6793,3,0,1,0,0,17,20,-61,0,0,0,1,1.350
16310,1.6152,2.6793,-0.00,1.6152,2.6793,3,0,1,0,0,17,20,-61,0,0,0,1,1.345
16320,1.6103,2.6793,-0.00,1.6103,2.6793,3,0,1,0,0,17,20,-61,0,0,0,1,1.340
16330,1.6055,2.6793,-0.00,1.6055,2.6793,3,0,1,0,0,17,20,-61,0,0,0,1,1.335
16340,1.6006,2.6793,-0.00,1.6006,2.6793,3,0,1,0,0,17,20,-61,0,0,0,1,1.331
16350,1.5958,2.6793,-0.00,1.5958,2.6793,3,0,1,0,0,17,20,-61,0,0,0,1,1.326
16360,1.5909,2.6793,-0.00,1.5909,2.6793,3,0,1,0,0,17,20,-61,0,0,0,1,1.321
16370,1.5860,2.6793,-0.00,1.5860,2.6793,3,0,1,0,0,17,20,-61,0,0,0,1,1.316
16380,1.5812,2.6793,-0.00,1.5812,2.6793,3,0,1,0,0,17,20,-61,0,0,0,1,1.311
16390,1.5763,2.6793,-0.00,1.5763,2.6793,3,0,1,0,0,17,20,-61,0,0,0,1,1.306
16400,1.5715,2.6793,-0.00,1.5715,2.6793,3,0,1,0,0,17,20,-61,0,0,0,1,1.301
16410,1.5666,2.6793,-0.00,1.5666,2.6793,3,0,1,0,0,17,20,-61,0,0,0,1,1.297
16420,1.5618,2.6793,-0.00,1.5618,2.6793,3,0,1,0,0,17,20,-61,0,0,0,1,1.292
16430,1.5569,2.6793,-0.00,1.5569,2.6793,3,0,1,0,0,17,20,-61,0,0,0,1,1.287
16440,1.5521,2.6793,-0.00,1.5521,2.6793,3,0,1,0,0,17,20,-61,0,0,0,1,1.282
16450,1.5472,2.6793,-0.00,1.5472,2.6793,3,0,1,0,0,17,20,-61,0,0,0,1,1.277
16460,1.5424,2.6793,-0.00,1.5424,2.6793,3,0,1,0,0,17,20,-61,0,0,0,1,1.272
16470,1.5375,2.6793,-0.00,1.5375,2.6793,3,0,1,0,0,17,20,-61,0,0,0,1,1.267
16480,1.5326,2.6793,-0.00,1.5326,2.6793,3,0,1,0,0,17,20,-61,0,0,0,1,1.263
16490,1.5278,2.6793,-0.00,1.5278,2.6793,3,0,1,0,0,17,20,-61,0,0,0,1,1.258
16500,1.5229,2.6793,-0.00,1.5229,2.6793,3,0,1,0,0,17,20,-61,0,0,0,1,1.253
16510,1.5181,2.6793,-0.00,1.5181,2.6793,3,0,1,0,0,17,20,-61,0,0,0,1,1.248
16520,1.5132,2.6793,-0.00,1.5132,2.6793,3,0,1,0,0,17,20,-61,0,0,0,1,1.243
16530,1.5084,2.6793,-0.00,1.5084,2.6793,3,0,1,0,0,17,20,-61,0,0,0,1,1.238
16540,1.5035,2.6793,-0.00,1.5035,2.6793,3,0,1,0,0,17,20,-61,0,0,0,1,1.234
16550,1.4987,2.6793,-0.00,1.4987,2.6793,3,0,1,0,0,17,20,-61,0,0,0,1,1.229
16560,1.4938,2.6793,-0.00,1.4938,2.6793,3,0,1,0,0,17,20,-61,0,0,0,1,1.224
16570,1.4890,2.6793,-0.00,1.4890,2.6793,3,0,1,0,0,17,20,-61,0,0,0,1,1.219
16580,1.4841,2.6793,-0.00,1.4841,2.6793,3,0,1,0,0,17,20,-61,0,0,0,1,1.214
16590,1.4792,2.6793,-0.00,1.4792,2.6793,3,0,1,0,0,17,20,-61,0,0,0,1,1.209
16600,1.4744,2.6793,-0.00,1.4744,2.6793,3,0,1,0,0,17,20,-61,0,0,0,1,1.204
16610,1.4695,2.6793,-0.00,1.4695,2.6793,3,0,1,0,0,17,20,-61,0,0,0,1,1.200
16620,1.4647,2.6793,-0.00,1.4647,2.6793,3,0,1,0,0,17,20,-61,0,0,0,1,1.195
16630,1.4598,2.6793,-0.00,1.4598,2.6793,3,0,1,0,0,17,20,-61,0,0,0,1,1.190
16640,1.4550,2.6793,-0.00,1.4550,2.6793,3,0,1,0,0,17,20,-61,0,0,0,1,1.185
16650,1.4501,2.6793,-0.00,1.4501,2.6793,3,0,1,0,0,17,20,-61,0,0,0,1,1.180
16660,1.4453,2.6793,-0.00,1.4453,2.6793,3,0,1,0,0,17,20,-61,0,0,0,1,1.175
16670,1.4404,2.6793,-0.00,1.4404,2.6793,3,0,1,0,0,17,20,-61,0,0,0,1,1.170
16680,1.4355,2.6793,-0.00,1.4355,2.6793,3,0,1,0,0,17,20,-61,0,0,0,1,1.166
16690,1.4307,2.6793,-0.00,1.4307,2.6793,3,0,1,0,0,17,20,-61,0,0,0,1,1.161
16700,1.4258,2.6793,-0.00,1.4258,2.6793,3,0,1,0,0,17,20,-61,0,0,0,1,1.156
16710,1.4210,2.6793,-0.00,1.4210,2.6793,3,0,1,0,0,17,20,-61,0,0,0,1,1.151
16720,1.4161,2.6793,-0.00,1.4161,2.6793,3,0,1,0,0,17,20,-61,0,0,0,1,1.146
16730,1.4113,2.6793,-0.00,1.4113,2.6793,3,0,1,0,0,17,20,-61,0,0,0,1,1.141
16740,1.4064,2.6793,-0.00,1.4064,2.6793,3,0,1,0,0,17,20,-61,0,0,0,1,1.136
16750,1.4016,2.6793,-0.00,1.4016,2.6793,3,0,1,0,0,17,20,-61,0,0,0,1,1.132
16760,1.3967,2.6793,-0.00,1.3967,2.6793,3,0,1,0,0,17,20,-61,0,0,0,1,1.127
16770,1.3919,2.6793,-0.00,1.3919,2.6793,3,0,1,0,0,17,20,-61,0,0,0,1,1.122
16780,1.3870,2.6793,-0.00,1.3870,2.6793,3,0,1,0,0,17,20,-61,0,0,0,1,1.117
16790,1.3821,2.6793,-0.00,1.3821,2.6793,3,0,1,0,0,17,20,-61,0,0,0,1,1.112
16800,1.3773,2.6793,-0.00,1.3773,2.6793,3,0,1,0,0,17,20,-61,0,0,0,1,1.107
16810,1.3724,2.6793,-0.00,1.3724,2.6793,3,0,1,0,0,17,20,-61,0,0,0,1,1.102
16820,1.3676,2.6793,-0.00,1.3676,2.6793,3,0,1,0,0,17,20,-61,0,0,0,1,1.098
16830,1.3627,2.6793,-0.00,1.3627,2.6793,3,0,1,0,0,17,20,-61,0,0,0,1,1.093
16840,1.3579,2.6793,-0.00,1.3579,2.6793,3,0,1,0,0,17,20,-61,0,0,0,1,1.088
16850,1.3530,2.6793,-0.00,1.3530,2.6793,3,0,1,0,0,17,20,-61,0,0,0,1,1.083
16860,1.3482,2.6793,-0.00,1.3482,2.6793,3,0,1,0,0,17,20,-61,0,0,0,1,1.078
16870,1.3433,2.6793,-0.00,1.3433,2.6793,3,0,1,0,0,17,20,-61,0,0,0,1,1.073
16880,1.3385,2.6793,-0.00,1.3385,2.6793,3,0,1,0,0,17,20,-61,0,0,0,1,1.068
16890,1.3336,2.6793,-0.00,1.3336,2.6793,3,0,1,0,0,17,20,-61,0,0,0,1,1.064
16900,1.3287,2.6793,-0.00,1.3287,2.6793,3,0,1,0,0,17,20,-61,0,0,0,1,1.059
16910,1.3239,2.6793,-0.00,1.3239,2.6793,3,0,1,0,0,17,20,-61,0,0,0,1,1.054
16920,1.3190,2.6793,-0.00,1.3190,2.6793,3,0,1,0,0,17,20,-61,0,0,0,1,1.049
16930,1.3142,2.6793,-0.00,1.3142,2.6793,3,0,1,0,0,17,20,-61,0,0,0,1,1.044
16940,1.3093,2.6793,-0.00,1.3093,2.6793,3,0,1,0,0,17,20,-61,0,0,0,1,1.039
16950,1.3045,2.6793,-0.00,1.3045,2.6793,3,0,1,0,0,17,20,-61,0,0,0,1,1.034
16960,1.2996,2.6793,-0.00,1.2996,2.6793,3,0,1,0,0,17,20,-61,0,0,0,1,1.030
16970,1.2948,2.6793,-0.00,1.2948,2.6793,3,0,1,0,0,17,20,-61,0,0,0,1,1.025
16980,1.2899,2.6793,-0.00,1.2899,2.6793,3,0,1,0,0,17,20,-61,0,0,0,1,1.020
16990,1.2850,2.6793,-0.00,1.2850,2.6793,3,0,1,0,0,17,20,-61,0,0,0,1,1.015
17000,1.2802,2.6793,-0.00,1.2802,2.6793,3,0,1,0,0,17,20,-61,0,0,0,1,1.010
17010,1.2753,2.6793,-0.00,1.2753,2.6793,3,0,1,0,0,17,20,-61,0,0,0,1,1.005
17020,1.2705,2.6793,-0.00,1.2705,2.6793,3,0,1,0,0,17,20,-61,0,0,0,1,1.000
17030,1.2656,2.6793,-0.00,1.2656,2.6793,3,0,1,0,0,17,20,-61,0,0,0,1,0.996
17040,1.2608,2.6793,-0.00,1.2608,2.6793,3,0,1,0,0,17,20,-61,0,0,0,1,0.991
17050,1.2559,2.6793,-0.00,1.2559,2.6793,3,0,1,0,0,17,20,-61,0,0,0,1,0.986
17060,1.2511,2.6793,-0.00,1.2511,2.6793,3,0,1,0,0,17,20,-61,0,0,0,1,0.981
17070,1.2462,2.6793,-0.00,1.2462,2.6793,3,0,1,0,0,17,20,-61,0,0,0,1,0.976
17080,1.2414,2.6793,-0.00,1.2414,2.6793,3,0,1,0,0,17,20,-61,0,0,0,1,0.971
17090,1.2365,2.6793,-0.00,1.2365,2.6793,3,0,1,0,0,17,20,-61,0,0,0,1,0.967
17100,1.2316,2.6793,-0.00,1.2316,2.6793,3,0,1,0,0,17,20,-61,0,0,0,1,0.962
17110,1.2268,2.6793,-0.00,1.2268,2.6793,3,0,1,0,0,17,20,-61,0,0,0,1,0.957
17120,1.2219,2.6793,-0.00,1.2219,2.6793,3,0,1,0,0,17,20,-61,0,0,0,1,0.952
17130,1.2171,2.6793,-0.00,1.2171,2.6793,3,0,1,0,0,17,20,-61,0,0,0,1,0.947
17140,1.2122,2.6793,-0.00,1.2122,2.6793,3,0,1,0,0,17,20,-61,0,0,0,1,0.942
17150,1.2074,2.6793,-0.00,1.2074,2.6793,3,0,1,0,0,17,20,-61,0,0,0,1,0.937
17160,1.2025,2.6793,-0.00,1.2025,2.6793,3,0,1,0,0,17,20,-61,0,0,0,1,0.933
17170,1.1977,2.6793,-0.00,1.1977,2.6793,3,0,1,0,0,17,20,-61,0,0,0,1,0.928
17180,1.1928,2.6793,-0.00,1.1928,2.6793,3,0,1,0,0,17,20,-61,0,0,0,1,0.923
17190,1.1880,2.6793,-0.00,1.1880,2.6793,3,0,1,0,0,17,20,-61,0,0,0,1,0.918
17200,1.1831,2.6793,-0.00,1.1831,2.6793,3,0,1,0,0,17,20,-61,0,0,0,1,0.913
17210,1.1782,2.6793,-0.00,1.1782,2.6793,3,0,1,0,0,17,20,-61,0,0,0,1,0.908
17220,1.1734,2.6793,-0.00,1.1734,2.6793,3,0,1,0,0,17,20,-61,0,0,0,1,0.903
17230,1.1685,2.6793,-0.00,1.1685,2.6793,3,0,1,0,0,17,20,-61,0,0,0,1,0.899
17240,1.1637,2.6793,-0.00,1.1637,2.6793,3,0,1,0,0,17,20,-61,0,0,0,1,0.894
17250,1.1588,2.6793,-0.00,1.1588,2.6793,3,0,1,0,0,17,20,-61,0,0,0,1,0.889
17260,1.1540,2.6793,-0.00,1.1540,2.6793,3,0,1,0,0,17,20,-61,0,0,0,1,0.884
17270,1.1491,2.6793,-0.00,1.1491,2.6793,3,0,1,0,0,17,20,-61,0,0,0,1,0.879
17280,1.1443,2.6793,-0.00,1.1443,2.6793,3,0,1,0,0,17,20,-61,0,0,0,1,0.874
17290,1.1394,2.6793,-0.00,1.1394,2.6793,3,0,1,0,0,17,20,-61,0,0,0,1,0.869
17300,1.1346,2.6793,-0.00,1.1346,2.6793,3,0,1,0,0,17,20,-61,0,0,0,1,0.865
17310,1.1297,2.6793,-0.00,1.1297,2.6793,3,0,1,0,0,17,20,-61,0,0,0,1,0.860
17320,1.1248,2.6793,-0.00,1.1248,2.6793,3,0,1,0,0,17,20,-61,0,0,0,1,0.855
17330,1.1200,2.6793,-0.00,1.1200,2.6793,3,0,1,0,0,17,20,-61,0,0,0,1,0.850
17340,1.1151,2.6793,-0.00,1.1151,2.6793,3,0,1,0,0,17,20,-61,0,0,0,1,0.845
17350,1.1103,2.6793,-0.00,1.1103,2.6793,3,0,1,0,0,17,20,-61,0,0,0,1,0.840
17360,1.1054,2.6793,-0.00,1.1054,2.6793,3,0,1,0,0,17,20,-61,0,0,0,1,0.835
17370,1.1006,2.6793,-0.00,1.1006,2.6793,3,0,1,0,0,17,20,-61,0,0,0,1,0.831
17380,1.0957,2.6793,-0.00,1.0957,2.6793,3,0,1,0,0,17,20,-61,0,0,0,1,0.826
17390,1.0909,2.6793,-0.00,1.0909,2.6793,3,0,1,0,0,17,20,-61,0,0,0,1,0.821
17400,1.0860,2.6793,-0.00,1.0860,2.6793,3,0,1,0,0,17,20,-61,0,0,0,1,0.816
17410,1.0811,2.6793,-0.00,1.0811,2.6793,3,0,1,0,0,17,20,-61,0,0,0,1,0.811
17420,1.0763,2.6793,-0.00,1.0763,2.6793,3,0,1,0,0,17,20,-61,0,0,0,1,0.806
17430,1.0714,2.6793,-0.00,1.0714,2.6793,3,0,1,0,0,17,20,-61,0,0,0,1,0.801
17440,1.0666,2.6793,-0.00,1.0666,2.6793,3,0,1,0,0,17,20,-61,0,0,0,1,0.797
17450,1.0617,2.6793,-0.00,1.0617,2.6793,3,0,1,0,0,17,20,-61,0,0,0,1,0.792
17460,1.0569,2.6793,-0.00,1.0569,2.6793,3,0,1,0,0,17,20,-61,0,0,0,1,0.787
17470,1.0520,2.6793,-0.00,1.0520,2.6793,3,0,1,0,0,17,20,-61,0,0,0,1,0.782
17480,1.0472,2.6793,-0.00,1.0472,2.6793,3,0,1,0,0,17,20,-61,0,0,0,1,0.777
17490,1.0423,2.6793,-0.00,1.0423,2.6793,3,0,1,0,0,17,20,-61,0,0,0,1,0.772
17500,1.0375,2.6793,-0.00,1.0375,2.6793,3,0,1,0,0,17,20,-61,0,0,0,1,0.767
17510,1.0326,2.6793,-0.00,1.0326,2.6793,3,0,1,0,0,17,20,-61,0,0,0,1,0.763
17520,1.0277,2.6793,-0.00,1.0277,2.6793,3,0,1,0,0,17,20,-61,0,0,0,1,0.758
17530,1.0229,2.6793,-0.00,1.0229,2.6793,3,0,1,0,0,17,20,-61,0,0,0,1,0.753
17540,1.0180,2.6793,-0.00,1.0180,2.6793,3,0,1,0,0,17,20,-61,0,0,0,1,0.748
17550,1.0132,2.6793,-0.00,1.0132,2.6793,3,0,1,0,0,17,20,-61,0,0,0,1,0.743
17560,1.0083,2.6793,-0.00,1.0083,2.6793,3,0,1,0,0,17,20,-61,0,0,0,1,0.738
17570,1.0035,2.6793,-0.00,1.0035,2.6793,3,0,1,0,0,17,20,-61,0,0,0,1,0.733
17580,0.9986,2.6793,-0.00,0.9986,2.6793,3,0,1,0,0,17,20,-61,0,0,0,1,0.729
17590,0.9938,2.6793,-0.00,0.9938,2.6793,3,0,1,0,0,17,20,-61,0,0,0,1,0.724
17600,0.9889,2.6793,-0.00,0.9889,2.6793,3,0,1,0,0,20,20,-61,0,0,0,1,0.719
17610,0.9841,2.6793,-0.00,0.9841,2.6793,3,0,1,0,0,20,20,-61,0,0,0,1,0.714
17620,0.9792,2.6793,-0.00,0.9792,2.6793,3,0,1,0,0,20,20,-61,0,0,0,1,0.709
17630,0.9743,2.6793,-0.00,0.9743,2.6793,3,0,1,0,0,20,20,-61,0,0,0,1,0.704
17640,0.9695,2.6793,-0.00,0.9695,2.6793,3,0,1,0,0,20,20,-61,0,0,0,1,0.699
17650,0.9646,2.6793,-0.00,0.9646,2.6793,3,0,1,0,0,20,20,-61,0,0,0,1,0.695
17660,0.9598,2.6793,-0.00,0.9598,2.6793,3,0,1,0,0,20,20,-61,0,0,0,1,0.690
17670,0.9549,2.6793,-0.00,0.9549,2.6793,3,0,1,0,0,20,20,-61,0,0,0,1,0.685
17680,0.9501,2.6793,-0.00,0.9501,2.6793,3,0,1,0,0,20,20,-61,0,0,0,1,0.680
17690,0.9452,2.6793,-0.00,0.9452,2.6793,3,0,1,0,0,20,20,-61,0,0,0,1,0.675
17700,0.9404,2.6793,-0.00,0.9404,2.6793,3,0,1,0,0,20,20,-61,0,0,0,1,0.670
17710,0.9355,2.6793,-0.00,0.9355,2.6793,3,0,1,0,0,20,20,-61,0,0,0,1,0.666
17720,0.9306,2.6793,-0.00,0.9306,2.6793,3,0,1,0,0,20,20,-61,0,0,0,1,0.661
17730,0.9258,2.6793,-0.00,0.9258,2.6793,3,0,1,0,0,20,20,-61,0,0,0,1,0.656
17740,0.9209,2.6793,-0.00,0.9209,2.6793,3,0,1,0,0,20,20,-61,0,0,0,1,0.651
17750,0.9161,2.6793,-0.00,0.9161,2.6793,3,0,1,0,0,20,20,-61,0,0,0,1,0.646
17760,0.9112,2.6793,-0.00,0.9112,2.6793,3,0,1,0,0,20,20,-61,0,0,0,1,0.641
17770,0.9064,2.6793,-0.00,0.9064,2.6793,3,0,1,0,0,20,20,-61,0,0,0,1,0.636
17780,0.9015,2.6793,-0.00,0.9015,2.6793,3,0,1,0,0,20,20,-61,0,0,0,1,0.632
17790,0.8967,2.6793,-0.00,0.8967,2.6793,3,0,1,0,0,20,20,-61,0,0,0,1,0.627
17800,0.8918,2.6793,-0.00,0.8918,2.6793,3,0,1,0,0,20,20,-61,0,0,0,1,0.622
17810,0.8870,2.6793,-0.00,0.8870,2.6793,3,0,1,0,0,20,20,-61,0,0,0,1,0.617
17820,0.8821,2.6793,-0.00,0.8821,2.6793,3,0,1,0,0,20,20,-61,0,0,0,1,0.612
17830,0.8772,2.6793,-0.00,0.8772,2.6793,3,0,1,0,0,20,20,-61,0,0,0,1,0.607
17840,0.8724,2.6793,-0.00,0.8724,2.6793,3,0,1,0,0,20,20,-61,0,0,0,1,0.602
17850,0.8675,2.6793,-0.00,0.8675,2.6793,3,0,1,0,0,20,20,-61,0,0,0,1,0.598
17860,0.8627,2.6793,-0.00,0.8627,2.6793,3,0,1,0,0,20,20,-61,0,0,0,1,0.593
17870,0.8578,2.6793,-0.00,0.8578,2.6793,3,0,1,0,0,20,20,-61,0,0,0,1,0.588
17880,0.8530,2.6793,-0.00,0.8530,2.6793,3,0,1,0,0,20,20,-61,0,0,0,1,0.583
17890,0.8481,2.6793,-0.00,0.8481,2.6793,3,0,1,0,0,20,20,-61,0,0,0,1,0.578
17900,0.8433,2.6793,-0.00,0.8433,2.6793,3,0,1,0,0,20,20,-61,0,0,0,1,0.573
17910,0.8384,2.6793,-0.00,0.8384,2.6793,3,0,1,0,0,20,20,-61,0,0,0,1,0.568
17920,0.8336,2.6793,-0.00,0.8336,2.6793,3,0,1,0,0,20,20,-61,0,0,0,1,0.564
17930,0.8287,2.6793,-0.00,0.8287,2.6793,3,0,1,0,0,20,20,-61,0,0,0,1,0.559
17940,0.8238,2.6793,-0.00,0.8238,2.6793,3,0,1,0,0,20,20,-61,0,0,0,1,0.554
17950,0.8190,2.6793,-0.00,0.8190,2.6793,3,0,1,0,0,20,20,-61,0,0,0,1,0.549
17960,0.8141,2.6793,-0.00,0.8141,2.6793,3,0,1,0,0,20,20,-61,0,0,0,1,0.544
17970,0.8093,2.6793,-0.00,0.8093,2.6793,3,0,1,0,0,20,20,-61,0,1,0,1,0.539
17980,0.8044,2.6793,-0.00,0.8044,2.6793,3,0,1,0,0,20,20,-61,0,1,0,1,0.534
17990,0.7996,2.6793,-0.00,0.7996,2.6793,3,0,1,0,0,20,20,-61,0,1,0,1,0.530
18000,0.7947,2.6793,-0.00,0.7947,2.6793,3,0,1,0,0,20,20,-61,0,1,0,1,0.525
18010,0.7899,2.6793,-0.00,0.7899,2.6793,3,0,1,0,0,20,20,-61,0,1,0,1,0.520
18020,0.7850,2.6793,-0.00,0.7850,2.6793,3,0,1,0,0,20,20,-61,0,1,0,1,0.515
18030,0.7801,2.6793,-0.00,0.7801,2.6793,3,0,1,0,0,20,20,-61,0,1,0,1,0.510
18040,0.7753,2.6793,-0.00,0.7753,2.6793,3,0,1,0,0,20,20,-61,0,1,0,1,0.505
18050,0.7704,2.6793,-0.00,0.7704,2.6793,3,0,1,0,0,20,20,-61,0,1,0,1,0.500
18060,0.7656,2.6793,-0.00,0.7656,2.6793,3,0,1,0,0,20,20,-61,0,1,0,1,0.496
18070,0.7607,2.6793,-0.00,0.7607,2.6793,3,0,1,0,0,20,20,-61,0,1,0,1,0.491
18080,0.7559,2.6793,-0.00,0.7559,2.6793,3,0,1,0,0,20,20,-61,0,1,0,1,0.486
18090,0.7510,2.6793,-0.00,0.7510,2.6793,3,0,1,0,0,20,20,-61,0,1,0,1,0.481
18100,0.7462,2.6793,-0.00,0.7462,2.6793,3,0,1,0,0,20,20,-61,0,1,0,1,0.476
18110,0.7413,2.6793,-0.00,0.7413,2.6793,3,0,1,0,0,20,20,-61,0,1,0,1,0.471
18120,0.7365,2.6793,-0.00,0.7365,2.6793,3,0,1,0,0,20,20,-61,0,1,0,1,0.466
18130,0.7316,2.6793,-0.00,0.7316,2.6793,3,0,1,0,0,20,20,-61,0,1,0,1,0.462
18140,0.7267,2.6793,-0.00,0.7267,2.6793,3,0,1,0,0,20,20,-61,0,1,0,1,0.457
18150,0.7219,2.6793,-0.00,0.7219,2.6793,3,0,1,0,0,20,20,-61,0,1,0,1,0.452
18160,0.7170,2.6793,-0.00,0.7170,2.6793,3,0,1,0,0,20,20,-61,0,1,0,1,0.447
18170,0.7122,2.6793,-0.00,0.7122,2.6793,3,0,1,0,0,20,20,-61,0,1,0,1,0.442
18180,0.7073,2.6793,-0.00,0.7073,2.6793,3,0,1,0,0,20,20,-61,0,1,0,1,0.437
18190,0.7025,2.6793,-0.00,0.7025,2.6793,3,0,1,0,0,20,20,-61,0,1,0,1,0.432
18200,0.6976,2.6793,-0.00,0.6976,2.6793,3,0,1,0,0,20,20,-61,0,1,0,1,0.428
18210,0.6928,2.6793,-0.00,0.6928,2.6793,3,0,1,0,0,20,20,-61,0,1,0,1,0.423
18220,0.6879,2.6793,-0.00,0.6879,2.6793,3,0,1,0,0,20,20,-61,0,1,0,1,0.418
18230,0.6831,2.6793,-0.00,0.6831,2.6793,3,0,1,0,0,20,20,-61,0,1,0,1,0.413
18240,0.6782,2.6793,-0.00,0.6782,2.6793,3,0,1,0,0,20,20,-61,0,1,0,1,0.408
18250,0.6733,2.6793,-0.00,0.6733,2.6793,3,0,1,0,0,20,20,-61,0,1,0,1,0.403
18260,0.6685,2.6793,-0.00,0.6685,2.6793,3,0,1,0,0,20,20,-61,0,1,0,1,0.398
18270,0.6636,2.6793,-0.00,0.6636,2.6793,3,0,1,0,0,20,20,-61,0,1,0,1,0.394
18280,0.6588,2.6793,-0.00,0.6588,2.6793,3,0,1,0,0,20,20,-61,0,1,0,1,0.389
18290,0.6539,2.6793,-0.00,0.6539,2.6793,3,0,1,0,0,20,20,-61,0,1,0,1,0.384
18300,0.6491,2.6793,-0.00,0.6491,2.6793,3,0,1,0,0,20,20,-61,0,1,0,1,0.379
18310,0.6442,2.6793,-0.00,0.6442,2.6793,3,0,1,0,0,20,20,-61,0,1,0,1,0.374
18320,0.6394,2.6793,-0.00,0.6394,2.6793,3,0,1,0,0,20,20,-61,0,1,0,1,0.369
18330,0.6345,2.6793,-0.00,0.6345,2.6793,3,0,1,0,0,20,20,-61,0,1,0,1,0.365
18340,0.6297,2.6793,-0.00,0.6297,2.6793,3,0,1,0,0,20,20,-61,0,1,0,1,0.360
18350,0.6248,2.6793,-0.00,0.6248,2.6793,3,0,1,0,0,20,20,-61,0,1,0,1,0.355
18360,0.6199,2.6793,-0.00,0.6199,2.6793,3,0,1,0,0,20,20,-61,0,1,0,1,0.350
18370,0.6151,2.6793,-0.00,0.6151,2.6793,3,0,1,0,0,20,20,-61,0,1,0,1,0.345
18380,0.6102,2.6793,-0.00,0.6102,2.6793,3,0,1,0,0,20,20,-61,0,1,0,1,0.340
18390,0.6054,2.6793,-0.00,0.6054,2.6793,3,0,1,0,0,20,20,-61,0,1,0,1,0.335
18400,0.6005,2.6793,-0.00,0.6005,2.6793,3,0,1,0,0,20,20,-61,0,1,0,1,0.331
18410,0.5957,2.6793,-0.00,0.5957,2.6793,3,0,1,0,0,20,20,-61,0,1,0,1,0.326
18420,0.5908,2.6793,-0.00,0.5908,2.6793,3,0,1,0,0,20,20,-61,0,1,0,1,0.321
18430,0.5860,2.6793,-0.00,0.5860,2.6793,3,0,1,0,0,20,20,-61,0,1,0,1,0.316
18440,0.5811,2.6793,-0.00,0.5811,2.6793,3,0,1,0,0,20,20,-61,0,1,0,1,0.311
18450,0.5762,2.6793,-0.00,0.5762,2.6793,3,0,1,0,0,20,20,-61,0,1,0,1,0.306
18460,0.5714,2.6793,-0.00,0.5714,2.6793,3,0,1,0,0,20,20,-61,0,1,0,1,0.301
18470,0.5665,2.6793,-0.00,0.5665,2.6793,3,0,1,0,0,20,20,-61,0,1,0,1,0.297
18480,0.5617,2.6793,-0.00,0.5617,2.6793,3,0,1,0,0,20,20,-61,0,1,0,1,0.292
18490,0.5568,2.6793,-0.00,0.5568,2.6793,3,0,1,0,0,20,20,-61,0,1,0,1,0.287
18500,0.5520,2.6793,-0.00,0.5520,2.6793,3,0,1,0,0,20,20,-61,0,1,0,1,0.282
18510,0.5471,2.6793,-0.00,0.5471,2.6793,3,0,1,0,0,20,20,-61,0,1,0,1,0.277
18520,0.5423,2.6793,-0.00,0.5423,2.6793,3,0,1,0,0,20,20,-61,0,1,0,1,0.272
18530,0.5374,2.6793,-0.00,0.5374,2.6793,3,0,1,0,0,20,20,-61,0,1,0,1,0.267
18540,0.5326,2.6793,-0.00,0.5326,2.6793,3,0,1,0,0,20,20,-61,0,1,0,1,0.263
18550,0.5277,2.6793,-0.00,0.5277,2.6793,3,0,1,0,0,20,20,-61,0,1,0,1,0.258
18560,0.5228,2.6793,-0.00,0.5228,2.6793,3,0,1,0,0,20,20,-61,0,1,0,1,0.253
18570,0.5180,2.6793,-0.00,0.5180,2.6793,3,0,1,0,0,20,20,-61,0,1,0,1,0.248
18580,0.5131,2.6793,-0.00,0.5131,2.6793,3,0,1,0,0,20,20,-61,0,1,0,1,0.243
18590,0.5083,2.6793,-0.00,0.5083,2.6793,3,0,1,0,0,20,20,-61,0,1,0,1,0.238
18600,0.5034,2.6793,-0.00,0.5034,2.6793,3,0,1,0,0,20,20,-61,0,1,0,1,0.233
18610,0.4986,2.6793,-0.00,0.4986,2.6793,3,0,1,0,0,20,20,-61,0,1,0,1,0.229
18620,0.4937,2.6793,-0.00,0.4937,2.6793,3,0,1,0,0,20,20,-61,0,1,0,1,0.224
18630,0.4889,2.6793,-0.00,0.4889,2.6793,3,0,1,0,0,20,20,-61,0,1,0,1,0.219
18640,0.4840,2.6793,-0.00,0.4840,2.6793,3,0,1,0,0,20,20,-61,0,1,0,1,0.214
18650,0.4792,2.6793,-0.00,0.4792,2.6793,3,0,1,0,0,20,20,-61,0,1,0,1,0.209
18660,0.4743,2.6793,-0.00,0.4743,2.6793,3,0,1,0,0,20,20,-61,0,1,0,1,0.204
18670,0.4694,2.6793,-0.00,0.4694,2.6793,3,0,1,0,0,20,20,-61,0,1,0,1,0.199
18680,0.4646,2.6793,-0.00,0.4646,2.6793,3,0,1,0,0,20,20,-61,0,1,0,1,0.195
18690,0.4597,2.6793,-0.00,0.4597,2.6793,3,0,0,0,0,20,20,-61,0,1,0,1,0.190
18700,0.4549,2.6793,-0.00,0.4549,2.6793,3,0,0,0,0,20,20,-61,0,1,0,1,0.185
18710,0.4500,2.6793,-0.00,0.4500,2.6793,3,0,0,0,0,20,20,-61,0,1,0,1,0.180
18720,0.4452,2.6793,-0.00,0.4452,2.6793,3,0,0,0,0,20,20,-61,0,1,0,1,0.175
18730,0.4403,2.6793,-0.00,0.4403,2.6793,3,0,0,0,0,20,20,-61,0,1,0,1,0.170
18740,0.4355,2.6793,-0.00,0.4355,2.6793,3,0,0,0,0,20,20,-61,0,1,0,1,0.165
18750,0.4306,2.6793,-0.00,0.4306,2.6793,3,0,0,0,0,20,20,-61,0,1,0,1,0.161
18760,0.4257,2.6793,-0.00,0.4257,2.6793,3,0,0,0,0,20,20,-61,0,1,0,1,0.156
18770,0.4209,2.6793,-0.00,0.4209,2.6793,3,0,0,0,0,20,20,-61,0,1,0,1,0.151
18780,0.4160,2.6793,-0.00,0.4160,2.6793,3,0,0,0,0,20,20,-61,0,1,0,1,0.146
18790,0.4112,2.6793,-0.00,0.4112,2.6793,3,0,0,0,0,20,20,-61,0,1,0,1,0.141
18800,0.4063,2.6793,-0.00,0.4063,2.6793,3,0,0,0,0,20,18,0,0,1,0,1,0.136
18810,0.4016,2.6793,-0.00,0.4016,2.6793,3,0,0,0,0,20,18,0,0,1,0,1,0.132
18820,0.3970,2.6793,-0.00,0.3970,2.6793,3,0,0,0,0,20,18,-53,0,1,0,1,0.127
18830,0.3927,2.6793,-0.00,0.3927,2.6793,3,0,0,0,0,20,18,-53,0,1,0,1,0.123
18840,0.3886,2.6793,-0.00,0.3886,2.6793,3,0,0,0,0,20,18,-53,0,1,0,1,0.119
18850,0.3846,2.6793,-0.00,0.3846,2.6793,3,0,0,0,0,20,16,0,0,1,0,1,0.115
18860,0.3809,2.6793,-0.00,0.3809,2.6793,3,0,0,0,0,20,16,-44,0,1,0,1,0.111
18870,0.3773,2.6793,-0.00,0.3773,2.6793,3,0,0,0,0,20,16,-44,0,1,0,1,0.107
18880,0.3740,2.6793,-0.00,0.3740,2.6793,3,0,0,0,0,20,16,-44,0,1,0,1,0.104
18890,0.3708,2.6793,-0.00,0.3708,2.6793,3,0,0,0,0,20,16,-44,0,1,0,1,0.101
18900,0.3679,2.6793,-0.00,0.3679,2.6793,3,0,0,0,0,20,14,-34,0,1,0,1,0.098
18910,0.3651,2.6793,-0.00,0.3651,2.6793,3,0,0,0,0,20,14,-34,0,1,0,1,0.095
18920,0.3626,2.6793,-0.00,0.3626,2.6793,3,0,0,0,0,20,14,-34,0,1,0,1,0.093
18930,0.3602,2.6793,-0.00,0.3602,2.6793,3,0,0,0,0,20,14,-34,0,1,0,1,0.090
18940,0.3581,2.6793,-0.00,0.3581,2.6793,4,0,0,0,0,20,14,-34,0,1,0,1,0.088
18950,0.3562,2.6793,-0.00,0.3562,2.6793,4,0,1,0,0,20,13,0,0,0,0,0,1000.000
18960,0.3544,2.6793,-0.00,0.3544,2.6793,4,0,1,0,0,20,13,0,0,0,0,0,1000.000
18970,0.3529,2.6793,-0.00,0.3529,2.6793,4,0,1,0,0,20,13,0,0,0,0,0,1000.000
18980,0.3515,2.6793,-0.00,0.3515,2.6793,4,0,1,0,0,20,13,0,0,0,0,0,1000.000
18990,0.3504,2.6793,-0.00,0.3504,2.6793,4,0,1,0,0,20,13,0,0,0,0,0,1000.000
19000,0.3494,2.6793,-0.00,0.3494,2.6793,4,0,1,0,0,20,12,0,53,0,1,0,2.992
19010,0.3487,2.6793,-0.00,0.3487,2.6793,4,0,1,0,0,20,12,0,53,0,1,0,2.992
19020,0.3481,2.6793,-0.00,0.3481,2.6793,4,0,1,0,0,20,12,0,53,0,1,0,2.992
19030,0.3478,2.6793,-0.00,0.3478,2.6793,4,0,1,0,0,20,12,0,53,0,1,0,2.992
19040,0.3475,2.6795,-0.00,0.3475,2.6795,4,0,1,0,0,20,12,0,53,0,1,0,2.992
19050,0.3472,2.6799,-0.00,0.3472,2.6799,4,0,1,0,0,20,12,0,53,0,1,0,2.992
19060,0.3469,2.6804,-0.00,0.3469,2.6804,4,0,1,0,0,20,12,0,53,0,1,0,2.991
19070,0.3467,2.6810,-0.00,0.3467,2.6810,4,0,1,0,0,20,12,0,53,0,1,0,2.990
19080,0.3465,2.6819,-0.00,0.3465,2.6819,4,0,1,0,0,20,12,0,53,0,1,0,2.990
19090,0.3463,2.6829,-0.00,0.3463,2.6829,4,0,1,0,0,20,12,0,53,0,1,0,2.989
19100,0.3462,2.6841,-0.00,0.3462,2.6841,4,0,1,0,0,20,12,0,53,0,1,0,2.987
19110,0.3461,2.6855,-0.00,0.3461,2.6855,4,0,1,0,0,20,12,0,53,0,1,0,2.986
19120,0.3460,2.6870,-0.00,0.3460,2.6870,4,0,1,0,0,20,12,0,53,0,1,0,2.984
19130,0.3460,2.6887,-0.00,0.3460,2.6887,4,0,1,0,0,20,12,0,53,0,1,0,2.983
19140,0.3459,2.6906,-0.00,0.3459,2.6906,4,0,1,0,0,20,12,0,53,0,1,0,2.981
19150,0.3459,2.6926,-0.00,0.3459,2.6926,4,0,1,0,0,20,12,0,53,0,1,0,2.979
19160,0.3459,2.6948,-0.00,0.3459,2.6948,4,0,1,0,0,20,12,0,53,0,1,0,2.977
19170,0.3459,2.6971,-0.00,0.3459,2.6971,4,0,1,0,0,20,12,0,53,0,1,0,2.974
19180,0.3459,2.6996,-0.00,0.3459,2.6996,4,0,1,0,0,20,12,0,53,0,1,0,2.972
19190,0.3459,2.7021,-0.00,0.3459,2.7021,4,0,1,0,0,20,12,0,53,0,1,0,2.969
19200,0.3459,2.7049,-0.00,0.3459,2.7049,4,0,1,0,0,20,12,0,53,0,1,0,2.967
19210,0.3459,2.7078,-0.00,0.3459,2.7078,4,0,1,0,0,20,12,0,53,0,1,0,2.964
19220,0.3459,2.7108,-0.00,0.3459,2.7108,4,0,1,0,0,20,12,0,53,0,1,0,2.961
19230,0.3459,2.7139,-0.00,0.3459,2.7139,4,0,1,0,0,20,12,0,53,0,1,0,2.958
19240,0.3459,2.7172,-0.00,0.3459,2.7172,4,0,1,0,0,20,12,0,53,0,1,0,2.954
19250,0.3459,2.7207,-0.00,0.3459,2.7207,4,0,1,0,0,20,12,0,53,0,1,0,2.951
19260,0.3459,2.7242,-0.00,0.3459,2.7242,4,0,1,0,0,20,12,0,53,0,1,0,2.947
19270,0.3459,2.7280,-0.00,0.3459,2.7280,4,0,1,0,0,20,12,0,53,0,1,0,2.944
19280,0.3459,2.7318,-0.00,0.3459,2.7318,4,0,1,0,0,20,12,0,53,0,1,0,2.940
19290,0.3459,2.7358,-0.00,0.3459,2.7358,4,0,1,0,0,20,12,0,53,0,1,0,2.936
19300,0.3459,2.7400,-0.00,0.3459,2.7400,4,0,1,0,0,20,12,0,53,0,1,0,2.932
19310,0.3459,2.7442,-0.00,0.3459,2.7442,4,0,1,0,0,20,12,0,53,0,1,0,2.927
19320,0.3459,2.7484,-0.00,0.3459,2.7484,4,0,1,0,0,20,12,0,53,0,1,0,2.923
19330,0.3459,2.7526,-0.00,0.3459,2.7526,4,0,1,0,0,20,12,0,53,0,1,0,2.919
19340,0.3459,2.7568,-0.00,0.3459,2.7568,4,0,1,0,0,20,12,0,53,0,1,0,2.915
19350,0.3459,2.7611,-0.00,0.3459,2.7611,4,0,1,0,0,20,12,0,53,0,1,0,2.910
19360,0.3459,2.7653,-0.00,0.3459,2.7653,4,0,1,0,0,20,12,0,53,0,1,0,2.906
19370,0.3459,2.7695,-0.00,0.3459,2.7695,4,0,1,0,0,20,12,0,53,0,1,0,2.902
19380,0.3459,2.7737,-0.00,0.3459,2.7737,4,0,1,0,0,20,12,0,53,0,1,0,2.898
19390,0.3459,2.7779,-0.00,0.3459,2.7779,4,0,1,0,0,20,12,0,53,0,1,0,2.894
19400,0.3459,2.7821,-0.00,0.3459,2.7821,4,0,1,0,0,20,12,0,53,0,1,0,2.889
19410,0.3459,2.7864,-0.00,0.3459,2.7864,4,0,1,0,0,20,12,0,53,0,1,0,2.885
19420,0.3459,2.7906,-0.00,0.3459,2.7906,4,0,1,0,0,20,12,0,53,0,1,0,2.881
19430,0.3459,2.7948,-0.00,0.3459,2.7948,4,0,1,0,0,20,12,0,53,0,1,0,2.877
19440,0.3459,2.7990,-0.00,0.3459,2.7990,4,0,1,0,0,20,12,0,53,0,1,0,2.872
19450,0.3459,2.8032,-0.00,0.3459,2.8032,4,0,1,0,0,20,12,0,53,0,1,0,2.868
19460,0.3459,2.8075,-0.00,0.3459,2.8075,4,0,1,0,0,20,12,0,53,0,1,0,2.864
19470,0.3459,2.8117,-0.00,0.3459,2.8117,4,0,1,0,0,20,12,0,53,0,1,0,2.860
19480,0.3459,2.8159,-0.00,0.3459,2.8159,4,0,1,0,0,20,12,0,53,0,1,0,2.856
19490,0.3459,2.8201,-0.00,0.3459,2.8201,4,0,1,0,0,20,12,0,53,0,1,0,2.851
19500,0.3459,2.8243,-0.00,0.3459,2.8243,4,0,1,0,0,20,12,0,53,0,1,0,2.847
19510,0.3459,2.8285,-0.00,0.3459,2.8285,4,0,1,0,0,20,12,0,53,0,1,0,2.843
19520,0.3459,2.8328,-0.00,0.3459,2.8328,4,0,1,0,0,20,12,0,53,0,1,0,2.839
19530,0.3459,2.8370,-0.00,0.3459,2.8370,4,0,1,0,0,20,12,0,53,0,1,0,2.835
19540,0.3459,2.8412,-0.00,0.3459,2.8412,4,0,1,0,0,20,12,0,53,0,1,0,2.830
19550,0.3459,2.8454,-0.00,0.3459,2.8454,4,0,1,0,0,20,12,0,53,0,1,0,2.826
19560,0.3459,2.8496,-0.00,0.3459,2.8496,4,0,1,0,0,20,12,0,53,0,1,0,2.822
19570,0.3459,2.8539,-0.00,0.3459,2.8539,4,0,1,0,0,20,12,0,53,0,1,0,2.818
19580,0.3459,2.8581,-0.00,0.3459,2.8581,4,0,1,0,0,20,12,0,53,0,1,0,2.813
19590,0.3459,2.8623,-0.00,0.3459,2.8623,4,0,1,0,0,20,12,0,53,0,1,0,2.809
19600,0.3459,2.8665,-0.00,0.3459,2.8665,4,0,1,0,0,20,12,0,53,0,1,0,2.805
19610,0.3459,2.8707,-0.00,0.3459,2.8707,4,0,1,0,0,20,12,0,53,0,1,0,2.801
19620,0.3459,2.8749,-0.00,0.3459,2.8749,4,0,1,0,0,20,12,0,53,0,1,0,2.797
19630,0.3459,2.8792,-0.00,0.3459,2.8792,4,0,1,0,0,20,12,0,53,0,1,0,2.792
19640,0.3459,2.8834,-0.00,0.3459,2.8834,4,0,1,0,0,20,12,0,53,0,1,0,2.788
19650,0.3459,2.8876,-0.00,0.3459,2.8876,4,0,1,0,0,20,12,0,53,0,1,0,2.784
19660,0.3459,2.8918,-0.00,0.3459,2.8918,4,0,1,0,0,20,12,0,53,0,1,0,2.780
19670,0.3459,2.8960,-0.00,0.3459,2.8960,4,0,1,0,0,20,12,0,53,0,1,0,2.775
19680,0.3459,2.9003,-0.00,0.3459,2.9003,4,0,1,0,0,20,12,0,53,0,1,0,2.771
19690,0.3459,2.9045,-0.00,0.3459,2.9045,4,0,1,0,0,20,12,0,53,0,1,0,2.767
19700,0.3459,2.9087,-0.00,0.3459,2.9087,4,0,1,0,0,20,12,0,53,0,1,0,2.763
19710,0.3459,2.9129,-0.00,0.3459,2.9129,4,0,1,0,0,20,12,0,53,0,1,0,2.759
19720,0.3459,2.9171,-0.00,0.3459,2.9171,4,0,1,0,0,20,12,0,53,0,1,0,2.754
19730,0.3459,2.9213,-0.00,0.3459,2.9213,4,0,1,0,0,20,12,0,53,0,1,0,2.750
19740,0.3459,2.9256,-0.00,0.3459,2.9256,4,0,1,0,0,20,12,0,53,0,1,0,2.746
19750,0.3459,2.9298,-0.00,0.3459,2.9298,4,0,1,0,0,20,12,0,53,0,1,0,2.742
19760,0.3459,2.9340,-0.00,0.3459,2.9340,4,0,1,0,0,20,12,0,53,0,1,0,2.738
19770,0.3459,2.9382,-0.00,0.3459,2.9382,4,0,1,0,0,20,12,0,53,0,1,0,2.733
19780,0.3459,2.9424,-0.00,0.3459,2.9424,4,0,1,0,0,20,12,0,53,0,1,0,2.729
19790,0.3459,2.9466,-0.00,0.3459,2.9466,4,0,1,0,0,20,12,0,53,0,1,0,2.725
19800,0.3459,2.9509,-0.00,0.3459,2.9509,4,0,1,0,0,20,12,0,53,0,1,0,2.721
19810,0.3459,2.9551,-0.00,0.3459,2.9551,4,0,1,0,0,20,12,0,53,0,1,0,2.716
19820,0.3459,2.9593,-0.00,0.3459,2.9593,4,0,1,0,0,20,12,0,53,0,1,0,2.712
19830,0.3459,2.9635,-0.00,0.3459,2.9635,4,0,1,0,0,20,12,0,53,0,1,0,2.708
19840,0.3459,2.9677,-0.00,0.3459,2.9677,4,0,1,0,0,20,12,0,53,0,1,0,2.704
19850,0.3459,2.9720,-0.00,0.3459,2.9720,4,0,1,0,0,20,12,0,53,0,1,0,2.700
19860,0.3459,2.9762,-0.00,0.3459,2.9762,4,0,1,0,0,20,12,0,53,0,1,0,2.695
19870,0.3459,2.9804,-0.00,0.3459,2.9804,4,0,1,0,0,20,12,0,53,0,1,0,2.691
19880,0.3459,2.9846,-0.00,0.3459,2.9846,4,0,1,0,0,20,12,0,53,0,1,0,2.687
19890,0.3459,2.9888,-0.00,0.3459,2.9888,4,0,1,0,0,20,12,0,53,0,1,0,2.683
19900,0.3459,2.9930,-0.00,0.3459,2.9930,4,0,1,0,0,20,12,0,53,0,1,0,2.678
19910,0.3459,2.9973,-0.00,0.3459,2.9973,4,0,1,0,0,20,12,0,53,0,1,0,2.674
19920,0.3459,3.0015,-0.00,0.3459,3.0015,4,0,1,0,0,20,12,0,53,0,1,0,2.670
19930,0.3459,3.0057,-0.00,0.3459,3.0057,4,0,1,0,0,20,12,0,53,0,1,0,2.666
19940,0.3459,3.0099,-0.00,0.3459,3.0099,4,0,1,0,0,20,12,0,53,0,1,0,2.662
19950,0.3459,3.0141,-0.00,0.3459,3.0141,4,0,1,0,0,20,12,0,53,0,1,0,2.657
19960,0.3459,3.0184,-0.00,0.3459,3.0184,4,0,1,0,0,20,12,0,53,0,1,0,2.653
19970,0.3459,3.0226,-0.00,0.3459,3.0226,4,0,1,0,0,20,12,0,53,0,1,0,2.649
19980,0.3459,3.0268,-0.00,0.3459,3.0268,4,0,1,0,0,20,12,0,53,0,1,0,2.645
19990,0.3459,3.0310,-0.00,0.3459,3.0310,4,0,1,0,0,20,12,0,53,0,1,0,2.640
20000,0.3459,3.0352,-0.00,0.3459,3.0352,4,0,1,0,0,20,12,0,53,0,1,0,2.636
20010,0.3459,3.0394,-0.00,0.3459,3.0394,4,0,1,0,0,20,12,0,53,0,1,0,2.632
20020,0.3459,3.0437,-0.00,0.3459,3.0437,4,0,1,0,0,20,12,0,53,0,1,0,2.628
20030,0.3459,3.0479,-0.00,0.3459,3.0479,4,0,1,0,0,20,12,0,53,0,1,0,2.624
20040,0.3459,3.0521,-0.00,0.3459,3.0521,4,0,1,0,0,20,12,0,53,0,1,0,2.619
20050,0.3459,3.0563,-0.00,0.3459,3.0563,4,0,1,0,0,20,12,0,53,0,1,0,2.615
20060,0.3459,3.0605,-0.00,0.3459,3.0605,4,0,1,0,0,20,12,0,53,0,1,0,2.611
20070,0.3459,3.0648,-0.00,0.3459,3.0648,4,0,1,0,0,20,12,0,53,0,1,0,2.607
20080,0.3459,3.0690,-0.00,0.3459,3.0690,4,0,1,0,0,20,12,0,53,0,1,0,2.603
20090,0.3459,3.0732,-0.00,0.3459,3.0732,4,0,1,0,0,20,12,0,53,0,1,0,2.598
20100,0.3459,3.0774,-0.00,0.3459,3.0774,4,0,1,0,0,20,12,0,53,0,1,0,2.594
20110,0.3459,3.0816,-0.00,0.3459,3.0816,4,0,1,0,0,20,12,0,53,0,1,0,2.590
20120,0.3459,3.0858,-0.00,0.3459,3.0858,4,0,1,0,0,20,12,0,53,0,1,0,2.586
20130,0.3459,3.0901,-0.00,0.3459,3.0901,4,0,1,0,0,20,12,0,53,0,1,0,2.581
20140,0.3459,3.0943,-0.00,0.3459,3.0943,4,0,1,0,0,20,12,0,53,0,1,0,2.577
20150,0.3459,3.0985,-0.00,0.3459,3.0985,4,0,1,0,0,20,12,0,53,0,1,0,2.573
20160,0.3459,3.1027,-0.00,0.3459,3.1027,4,0,1,0,0,20,12,0,53,0,1,0,2.569
20170,0.3459,3.1069,-0.00,0.3459,3.1069,4,0,1,0,0,20,12,0,53,0,1,0,2.565
20180,0.3459,3.1112,-0.00,0.3459,3.1112,4,0,1,0,0,20,12,0,53,0,1,0,2.560
20190,0.3459,3.1154,-0.00,0.3459,3.1154,4,0,1,0,0,20,12,0,53,0,1,0,2.556
20200,0.3459,3.1196,-0.00,0.3459,3.1196,4,0,1,0,0,20,12,0,53,0,1,0,2.552
20210,0.3459,3.1238,-0.00,0.3459,3.1238,4,0,1,0,0,20,12,0,53,0,1,0,2.548
20220,0.3459,3.1280,-0.00,0.3459,3.1280,4,0,1,0,0,20,12,0,53,0,1,0,2.543
20230,0.3459,3.1322,-0.00,0.3459,3.1322,4,0,1,0,0,20,12,0,53,0,1,0,2.539
20240,0.3459,3.1365,-0.00,0.3459,3.1365,4,0,1,0,0,20,12,0,53,0,1,0,2.535
20250,0.3459,3.1407,-0.00,0.3459,3.1407,4,0,1,0,0,20,12,0,53,0,1,0,2.531
20260,0.3459,3.1449,-0.00,0.3459,3.1449,4,0,1,0,0,20,12,0,53,0,1,0,2.527
20270,0.3459,3.1491,-0.00,0.3459,3.1491,4,0,1,0,0,20,12,0,53,0,1,0,2.522
20280,0.3459,3.1533,-0.00,0.3459,3.1533,4,0,1,0,0,20,12,0,53,0,1,0,2.518
20290,0.3459,3.1576,-0.00,0.3459,3.1576,4,0,1,0,0,20,12,0,53,0,1,0,2.514
20300,0.3459,3.1618,-0.00,0.3459,3.1618,4,0,1,0,0,20,12,0,53,0,1,0,2.510
20310,0.3459,3.1660,-0.00,0.3459,3.1660,4,0,1,0,0,20,12,0,53,0,1,0,2.506
20320,0.3459,3.1702,-0.00,0.3459,3.1702,4,0,1,0,0,20,12,0,53,0,1,0,2.501
20330,0.3459,3.1744,-0.00,0.3459,3.1744,4,0,1,0,0,20,12,0,53,0,1,0,2.497
20340,0.3459,3.1786,-0.00,0.3459,3.1786,4,0,1,0,0,20,12,0,53,0,1,0,2.493
20350,0.3459,3.1829,-0.00,0.3459,3.1829,4,0,1,0,0,20,12,0,53,0,1,0,2.489
20360,0.3459,3.1871,-0.00,0.3459,3.1871,4,0,1,0,0,20,12,0,53,0,1,0,2.484
20370,0.3459,3.1913,-0.00,0.3459,3.1913,4,0,1,0,0,20,12,0,53,0,1,0,2.480
20380,0.3459,3.1955,-0.00,0.3459,3.1955,4,0,1,0,0,20,12,0,53,0,1,0,2.476
20390,0.3459,3.1997,-0.00,0.3459,3.1997,4,0,1,0,0,20,12,0,53,0,1,0,2.472
20400,0.3459,3.2040,-0.00,0.3459,3.2040,4,0,1,0,0,20,12,0,53,0,1,0,2.468
20410,0.3459,3.2082,-0.00,0.3459,3.2082,4,0,1,0,0,20,12,0,53,0,1,0,2.463
20420,0.3459,3.2124,-0.00,0.3459,3.2124,4,0,1,0,0,20,12,0,53,0,1,0,2.459
20430,0.3459,3.2166,-0.00,0.3459,3.2166,4,0,1,0,0,20,12,0,53,0,1,0,2.455
20440,0.3459,3.2208,-0.00,0.3459,3.2208,4,0,1,0,0,20,12,0,53,0,1,0,2.451
20450,0.3459,3.2250,-0.00,0.3459,3.2250,4,0,1,0,0,20,12,0,53,0,1,0,2.446
20460,0.3459,3.2293,-0.00,0.3459,3.2293,4,0,1,0,0,20,12,0,53,0,1,0,2.442
20470,0.3459,3.2335,-0.00,0.3459,3.2335,4,0,1,0,0,20,12,0,53,0,1,0,2.438
20480,0.3459,3.2377,-0.00,0.3459,3.2377,4,0,1,0,0,20,12,0,53,0,1,0,2.434
20490,0.3459,3.2419,-0.00,0.3459,3.2419,4,0,1,0,0,20,12,0,53,0,1,0,2.430
20500,0.3459,3.2461,-0.00,0.3459,3.2461,4,0,1,0,0,20,12,0,53,0,1,0,2.425
20510,0.3459,3.2504,-0.00,0.3459,3.2504,4,0,1,0,0,20,12,0,53,0,1,0,2.421
20520,0.3459,3.2546,-0.00,0.3459,3.2546,4,0,1,0,0,20,12,0,53,0,1,0,2.417
20530,0.3459,3.2588,-0.00,0.3459,3.2588,4,0,1,0,0,20,12,0,53,0,1,0,2.413
20540,0.3459,3.2630,-0.00,0.3459,3.2630,4,0,1,0,0,20,12,0,53,0,1,0,2.408
20550,0.3459,3.2672,-0.00,0.3459,3.2672,4,0,1,0,0,20,12,0,53,0,1,0,2.404
20560,0.3459,3.2714,-0.00,0.3459,3.2714,4,0,1,0,0,20,12,0,53,0,1,0,2.400
20570,0.3459,3.2757,-0.00,0.3459,3.2757,4,0,1,0,0,20,12,0,53,0,1,0,2.396
20580,0.3459,3.2799,-0.00,0.3459,3.2799,4,0,1,0,0,20,12,0,53,0,1,0,2.392
20590,0.3459,3.2841,-0.00,0.3459,3.2841,4,0,1,0,0,20,12,0,53,0,1,0,2.387
20600,0.3459,3.2883,-0.00,0.3459,3.2883,4,0,1,0,0,20,12,0,53,0,1,0,2.383
20610,0.3459,3.2925,-0.00,0.3459,3.2925,4,0,1,0,0,20,12,0,53,0,1,0,2.379
20620,0.3459,3.2968,-0.00,0.3459,3.2968,4,0,1,0,0,20,12,0,53,0,1,0,2.375
20630,0.3459,3.3010,-0.00,0.3459,3.3010,4,0,1,0,0,20,12,0,53,0,1,0,2.371
20640,0.3459,3.3052,-0.00,0.3459,3.3052,4,0,1,0,0,20,12,0,53,0,1,0,2.366
20650,0.3459,3.3094,-0.00,0.3459,3.3094,4,0,1,0,0,20,12,0,53,0,1,0,2.362
20660,0.3459,3.3136,-0.00,0.3459,3.3136,4,0,1,0,0,20,12,0,53,0,1,0,2.358
20670,0.3459,3.3178,-0.00,0.3459,3.3178,4,0,1,0,0,20,12,0,53,0,1,0,2.354
20680,0.3459,3.3221,-0.00,0.3459,3.3221,4,0,1,0,0,20,12,0,53,0,1,0,2.349
20690,0.3459,3.3263,-0.00,0.3459,3.3263,4,0,1,0,0,20,12,0,53,0,1,0,2.345
20700,0.3459,3.3305,-0.00,0.3459,3.3305,4,0,1,0,0,20,12,0,53,0,1,0,2.341
20710,0.3459,3.3347,-0.00,0.3459,3.3347,4,0,1,0,0,20,12,0,53,0,1,0,2.337
20720,0.3459,3.3389,-0.00,0.3459,3.3389,4,0,1,0,0,20,12,0,53,0,1,0,2.333
20730,0.3459,3.3432,-0.00,0.3459,3.3432,4,0,1,0,0,20,12,0,53,0,1,0,2.328
20740,0.3459,3.3474,-0.00,0.3459,3.3474,4,0,1,0,0,20,12,0,53,0,1,0,2.324
20750,0.3459,3.3516,-0.00,0.3459,3.3516,4,0,1,0,0,20,12,0,53,0,1,0,2.320
20760,0.3459,3.3558,-0.00,0.3459,3.3558,4,0,1,0,0,20,12,0,53,0,1,0,2.316
20770,0.3459,3.3600,-0.00,0.3459,3.3600,4,0,1,0,0,20,12,0,53,0,1,0,2.311
20780,0.3459,3.3642,-0.00,0.3459,3.3642,4,0,1,0,0,20,12,0,53,0,1,0,2.307
20790,0.3459,3.3685,-0.00,0.3459,3.3685,4,0,1,0,0,20,12,0,53,0,1,0,2.303
20800,0.3459,3.3727,-0.00,0.3459,3.3727,4,0,1,0,0,20,12,0,53,0,1,0,2.299
20810,0.3459,3.3769,-0.00,0.3459,3.3769,4,0,1,0,0,20,12,0,53,0,1,0,2.295
20820,0.3459,3.3811,-0.00,0.3459,3.3811,4,0,1,0,0,20,12,0,53,0,1,0,2.290
20830,0.3459,3.3853,-0.00,0.3459,3.3853,4,0,1,0,0,20,12,0,53,0,1,0,2.286
20840,0.3459,3.3896,-0.00,0.3459,3.3896,4,0,1,0,0,20,12,0,53,0,1,0,2.282
20850,0.3459,3.3938,-0.00,0.3459,3.3938,4,0,1,0,0,20,12,0,53,0,1,0,2.278
20860,0.3459,3.3980,-0.00,0.3459,3.3980,4,0,1,0,0,20,12,0,53,0,1,0,2.274
20870,0.3459,3.4022,-0.00,0.3459,3.4022,4,0,1,0,0,20,12,0,53,0,1,0,2.269
20880,0.3459,3.4064,-0.00,0.3459,3.4064,4,0,1,0,0,20,12,0,53,0,1,0,2.265
20890,0.3459,3.4106,-0.00,0.3459,3.4106,4,0,1,0,0,20,12,0,53,0,1,0,2.261
20900,0.3459,3.4149,-0.00,0.3459,3.4149,4,0,1,0,0,20,12,0,53,0,1,0,2.257
20910,0.3459,3.4191,-0.00,0.3459,3.4191,4,0,1,0,0,20,12,0,53,0,1,0,2.252
20920,0.3459,3.4233,-0.00,0.3459,3.4233,4,0,1,0,0,20,12,0,53,0,1,0,2.248
20930,0.3459,3.4275,-0.00,0.3459,3.4275,4,0,1,0,0,20,12,0,53,0,1,0,2.244
20940,0.3459,3.4317,-0.00,0.3459,3.4317,4,0,1,0,0,20,12,0,53,0,1,0,2.240
20950,0.3459,3.4360,-0.00,0.3459,3.4360,4,0,1,0,0,20,12,0,53,0,1,0,2.236
20960,0.3459,3.4402,-0.00,0.3459,3.4402,4,0,1,0,0,20,12,0,53,0,1,0,2.231
20970,0.3459,3.4444,-0.00,0.3459,3.4444,4,0,1,0,0,20,12,0,53,0,1,0,2.227
20980,0.3459,3.4486,-0.00,0.3459,3.4486,4,0,1,0,0,20,12,0,53,0,1,0,2.223
20990,0.3459,3.4528,-0.00,0.3459,3.4528,4,0,1,0,0,20,12,0,53,0,1,0,2.219
21000,0.3459,3.4570,-0.00,0.3459,3.4570,4,0,1,0,0,20,12,0,53,0,1,0,2.214
21010,0.3459,3.4613,-0.00,0.3459,3.4613,4,0,1,0,0,20,12,0,53,0,1,0,2.210
21020,0.3459,3.4655,-0.00,0.3459,3.4655,4,0,1,0,0,20,12,0,53,0,1,0,2.206
21030,0.3459,3.4697,-0.00,0.3459,3.4697,4,0,1,0,0,20,12,0,53,0,1,0,2.202
21040,0.3459,3.4739,-0.00,0.3459,3.4739,4,0,1,0,0,20,12,0,53,0,1,0,2.198
21050,0.3459,3.4781,-0.00,0.3459,3.4781,4,0,1,0,0,20,12,0,53,0,1,0,2.193
21060,0.3459,3.4823,-0.00,0.3459,3.4823,4,0,1,0,0,20,12,0,53,0,1,0,2.189
21070,0.3459,3.4866,-0.00,0.3459,3.4866,4,0,1,0,0,20,12,0,53,0,1,0,2.185
21080,0.3459,3.4908,-0.00,0.3459,3.4908,4,0,1,0,0,20,12,0,53,0,1,0,2.181
21090,0.3459,3.4950,-0.00,0.3459,3.4950,4,0,1,0,0,20,12,0,53,0,1,0,2.176
21100,0.3459,3.4992,-0.00,0.3459,3.4992,4,0,1,0,0,20,12,0,53,0,1,0,2.172
21110,0.3459,3.5034,-0.00,0.3459,3.5034,4,0,1,0,0,20,12,0,53,0,1,0,2.168
21120,0.3459,3.5077,-0.00,0.3459,3.5077,4,0,1,0,0,20,12,0,53,0,1,0,2.164
21130,0.3459,3.5119,-0.00,0.3459,3.5119,4,0,1,0,0,20,12,0,53,0,1,0,2.160
21140,0.3459,3.5161,-0.00,0.3459,3.5161,4,0,1,0,0,20,12,0,53,0,1,0,2.155
21150,0.3459,3.5203,-0.00,0.3459,3.5203,4,0,1,0,0,20,12,0,53,0,1,0,2.151
21160,0.3459,3.5245,-0.00,0.3459,3.5245,4,0,1,0,0,20,12,0,53,0,1,0,2.147
21170,0.3459,3.5287,-0.00,0.3459,3.5287,4,0,1,0,0,20,12,0,53,0,1,0,2.143
21180,0.3459,3.5330,-0.00,0.3459,3.5330,4,0,1,0,0,20,12,0,53,0,1,0,2.139
21190,0.3459,3.5372,-0.00,0.3459,3.5372,4,0,1,0,0,20,12,0,53,0,1,0,2.134
21200,0.3459,3.5414,-0.00,0.3459,3.5414,4,0,1,0,0,20,12,0,53,0,1,0,2.130
21210,0.3459,3.5456,-0.00,0.3459,3.5456,4,0,1,0,0,20,12,0,53,0,1,0,2.126
21220,0.3459,3.5498,-0.00,0.3459,3.5498,4,0,1,0,0,20,12,0,53,0,1,0,2.122
21230,0.3459,3.5541,-0.00,0.3459,3.5541,4,0,1,0,0,20,12,0,53,0,1,0,2.117
21240,0.3459,3.5583,-0.00,0.3459,3.5583,4,0,1,0,0,20,12,0,53,0,1,0,2.113
21250,0.3459,3.5625,-0.00,0.3459,3.5625,4,0,1,0,0,20,12,0,53,0,1,0,2.109
21260,0.3459,3.5667,-0.00,0.3459,3.5667,4,0,1,0,0,20,12,0,53,0,1,0,2.105
21270,0.3459,3.5709,-0.00,0.3459,3.5709,4,0,1,0,0,20,12,0,53,0,1,0,2.101
21280,0.3459,3.5751,-0.00,0.3459,3.5751,4,0,1,0,0,20,12,0,53,0,1,0,2.096
21290,0.3459,3.5794,-0.00,0.3459,3.5794,4,0,1,0,0,20,12,0,53,0,1,0,2.092
21300,0.3459,3.5836,-0.00,0.3459,3.5836,4,0,1,0,0,20,12,0,53,0,1,0,2.088
21310,0.3459,3.5878,-0.00,0.3459,3.5878,4,0,1,0,0,20,12,0,53,0,1,0,2.084
21320,0.3459,3.5920,-0.00,0.3459,3.5920,4,0,1,0,0,20,12,0,53,0,1,0,2.079
21330,0.3459,3.5962,-0.00,0.3459,3.5962,4,0,1,0,0,20,12,0,53,0,1,0,2.075
21340,0.3459,3.6005,-0.00,0.3459,3.6005,4,0,0,0,0,20,12,0,53,0,1,0,2.071
21350,0.3459,3.6047,-0.00,0.3459,3.6047,4,0,0,0,0,20,12,0,53,0,1,0,2.067
21360,0.3459,3.6089,-0.00,0.3459,3.6089,4,0,0,0,0,20,12,0,53,0,1,0,2.063
21370,0.3459,3.6131,-0.00,0.3459,3.6131,4,0,0,0,0,20,12,0,53,0,1,0,2.058
21380,0.3459,3.6173,-0.00,0.3459,3.6173,4,0,0,0,0,20,12,0,53,0,1,0,2.054
21390,0.3459,3.6215,-0.00,0.3459,3.6215,4,0,0,0,0,20,12,0,53,0,1,0,2.050
21400,0.3459,3.6258,-0.00,0.3459,3.6258,4,0,0,0,0,20,12,0,53,0,1,0,2.046
21410,0.3459,3.6300,-0.00,0.3459,3.6300,4,0,0,0,0,20,12,0,53,0,1,0,2.042
21420,0.3459,3.6342,-0.00,0.3459,3.6342,4,0,0,0,0,20,12,0,53,0,1,0,2.037
21430,0.3459,3.6384,-0.00,0.3459,3.6384,4,0,0,0,0,20,12,0,53,0,1,0,2.033
21440,0.3459,3.6426,-0.00,0.3459,3.6426,4,0,0,0,0,20,12,0,53,0,1,0,2.029
21450,0.3459,3.6469,-0.00,0.3459,3.6469,4,0,0,0,0,20,12,0,53,0,1,0,2.025
21460,0.3459,3.6511,-0.00,0.3459,3.6511,4,0,0,0,0,20,12,0,53,0,1,0,2.020
21470,0.3459,3.6553,-0.00,0.3459,3.6553,4,0,0,0,0,20,12,0,53,0,1,0,2.016
21480,0.3459,3.6595,-0.00,0.3459,3.6595,4,0,0,0,0,20,12,0,53,0,1,0,2.012
21490,0.3459,3.6637,-0.00,0.3459,3.6637,4,0,0,0,0,20,12,0,53,0,1,0,2.008
21500,0.3459,3.6679,-0.00,0.3459,3.6679,4,0,0,0,0,20,12,0,53,0,1,0,2.004
21510,0.3459,3.6722,-0.00,0.3459,3.6722,4,0,0,0,0,20,12,0,53,0,1,0,1.999
21520,0.3459,3.6764,-0.00,0.3459,3.6764,4,0,0,0,0,20,12,0,53,0,1,0,1.995
21530,0.3459,3.6806,-0.00,0.3459,3.6806,4,0,0,0,0,20,12,0,53,0,1,0,1.991
21540,0.3459,3.6848,-0.00,0.3459,3.6848,4,0,0,0,0,20,12,0,53,0,1,0,1.987
21550,0.3459,3.6890,-0.00,0.3459,3.6890,4,0,0,0,0,20,12,0,53,0,1,0,1.982
21560,0.3459,3.6933,-0.00,0.3459,3.6933,4,0,0,0,0,20,12,0,53,0,1,0,1.978
21570,0.3459,3.6975,-0.00,0.3459,3.6975,4,0,0,0,0,20,12,0,53,0,1,0,1.974
21580,0.3459,3.7017,-0.00,0.3459,3.7017,5,0,0,0,0,20,12,0,53,0,1,0,1.970
21590,0.3459,3.7059,-0.00,0.3459,3.7059,5,0,0,0,0,20,12,0,53,0,1,0,1.966
21600,0.3459,3.7101,-0.00,0.3459,3.7101,5,0,1,0,0,20,12,0,0,0,0,0,1000.000
21610,0.3459,3.7143,-0.00,0.3459,3.7143,5,0,1,0,0,20,12,0,0,0,0,0,1000.000
21620,0.3459,3.7182,-0.00,0.3459,3.7182,5,0,1,0,0,20,12,0,0,0,0,0,1000.000
21630,0.3459,3.7219,-0.00,0.3459,3.7219,5,0,1,0,0,20,12,0,0,0,0,0,1000.000
21640,0.3459,3.7254,-0.00,0.3459,3.7254,5,0,1,0,0,20,12,0,0,0,0,0,1000.000
21650,0.3459,3.7288,-0.00,0.3459,3.7288,5,0,1,0,0,20,12,150,0,0,0,0,2.384
21660,0.3459,3.7319,-0.00,0.3459,3.7319,5,0,1,0,0,20,12,150,0,0,0,0,2.384
21670,0.3459,3.7348,-0.00,0.3459,3.7348,5,0,1,0,0,20,12,150,0,0,0,0,2.384
21680,0.3459,3.7376,-0.00,0.3459,3.7376,5,0,1,0,0,20,12,150,0,0,0,0,2.384
21690,0.3459,3.7401,-0.00,0.3459,3.7401,5,0,1,0,0,20,12,150,0,0,0,0,2.384
21700,0.3459,3.7424,-0.00,0.3459,3.7424,5,0,1,0,0,20,12,150,0,0,0,0,2.384
21710,0.3460,3.7446,-0.00,0.3460,3.7446,5,0,1,0,0,20,12,150,0,0,0,0,2.384
21720,0.3462,3.7467,-0.00,0.3462,3.7467,5,0,1,0,0,20,12,150,0,0,0,0,2.384
21730,0.3466,3.7489,-0.00,0.3466,3.7489,5,0,1,0,0,20,12,150,0,0,0,0,2.383
21740,0.3472,3.7510,-0.00,0.3472,3.7510,5,0,1,0,0,20,12,150,0,0,0,0,2.383
21750,0.3480,3.7531,-0.00,0.3480,3.7531,5,0,1,0,0,20,12,150,0,0,0,0,2.382
21760,0.3491,3.7553,-0.00,0.3491,3.7553,5,0,1,0,0,20,12,150,0,0,0,0,2.381
21770,0.3503,3.7574,-0.00,0.3503,3.7574,5,0,1,0,0,20,12,150,0,0,0,0,2.380
21780,0.3517,3.7596,-0.00,0.3517,3.7596,5,0,1,0,0,20,12,150,0,0,0,0,2.378
21790,0.3533,3.7617,-0.00,0.3533,3.7617,5,0,1,0,0,20,12,150,0,0,0,0,2.377
21800,0.3551,3.7639,-0.00,0.3551,3.7639,5,0,1,0,0,20,12,150,0,0,0,0,2.375
21810,0.3571,3.7660,-0.00,0.3571,3.7660,5,0,1,0,0,20,12,150,0,0,0,0,2.373
21820,0.3593,3.7681,-0.00,0.3593,3.7681,5,0,1,0,0,20,12,150,0,0,0,0,2.371
21830,0.3618,3.7703,-0.00,0.3618,3.7703,5,0,1,0,0,20,12,150,0,0,0,0,2.368
21840,0.3644,3.7724,-0.00,0.3644,3.7724,5,0,1,0,0,20,12,150,0,0,0,0,2.366
21850,0.3672,3.7746,-0.00,0.3672,3.7746,5,0,1,0,0,20,12,150,0,0,0,0,2.363
21860,0.3702,3.7767,-0.00,0.3702,3.7767,5,0,1,0,0,20,12,150,0,0,0,0,2.360
21870,0.3734,3.7789,-0.00,0.3734,3.7789,5,0,1,0,0,20,12,150,0,0,0,0,2.357
21880,0.3768,3.7810,-0.00,0.3768,3.7810,5,0,1,0,0,20,12,150,0,0,0,0,2.353
21890,0.3805,3.7832,-0.00,0.3805,3.7832,5,0,1,0,0,20,12,150,0,0,0,0,2.350
21900,0.3843,3.7853,-0.00,0.3843,3.7853,5,0,1,0,0,20,13,150,0,0,0,0,2.346
21910,0.3883,3.7874,-0.00,0.3883,3.7874,5,0,1,0,0,20,13,150,0,0,0,0,2.342
21920,0.3925,3.7896,-0.00,0.3925,3.7896,5,0,1,0,0,20,13,150,0,0,0,0,2.337
21930,0.3969,3.7917,-0.00,0.3969,3.7917,5,0,1,0,0,20,13,150,0,0,0,0,2.333
21940,0.4015,3.7939,-0.00,0.4015,3.7939,5,0,0,0,0,20,13,150,0,0,0,0,2.328
21950,0.4063,3.7960,-0.00,0.4063,3.7960,5,0,0,0,0,20,14,150,0,0,0,0,2.324
21960,0.4114,3.7982,-0.00,0.4114,3.7982,5,0,0,0,0,20,14,150,0,0,0,0,2.319
21970,0.4166,3.8003,-0.00,0.4166,3.8003,5,0,0,0,0,20,14,150,0,0,0,0,2.313
21980,0.4220,3.8024,-0.00,0.4220,3.8024,5,0,0,0,0,20,14,150,0,0,0,0,2.308
21990,0.4276,3.8046,-0.00,0.4276,3.8046,5,0,0,0,0,20,14,150,0,0,0,0,2.302
22000,0.4334,3.8067,-0.00,0.4334,3.8067,5,0,0,0,0,20,15,150,0,0,0,0,2.297
22010,0.4394,3.8089,-0.00,0.4394,3.8089,5,0,0,0,0,20,15,150,0,0,0,0,2.291
22020,0.4457,3.8110,-0.00,0.4457,3.8110,5,0,0,0,0,20,15,150,0,0,0,0,2.284
22030,0.4521,3.8132,-0.00,0.4521,3.8132,5,0,0,0,0,20,15,150,0,0,0,0,2.278
22040,0.4587,3.8153,-0.00,0.4587,3.8153,5,0,0,0,0,20,15,150,0,0,0,0,2.271
22050,0.4655,3.8174,-0.00,0.4655,3.8174,5,0,0,0,0,20,18,150,0,0,0,0,2.264
22060,0.4725,3.8196,-0.00,0.4725,3.8196,5,0,0,0,0,20,18,150,0,0,0,0,2.257
22070,0.4797,3.8217,-0.00,0.4797,3.8217,5,0,0,0,0,20,18,150,0,0,0,0,2.250
22080,0.4871,3.8239,-0.00,0.4871,3.8239,5,0,0,0,0,20,18,150,0,0,0,0,2.243
22090,0.4948,3.8260,-0.00,0.4948,3.8260,5,0,0,0,0,20,18,150,0,0,0,0,2.235
22100,0.5026,3.8282,-0.00,0.5026,3.8282,6,0,0,1,0,20,20,0,0,0,0,0,1000.000
22110,0.5106,3.8303,-0.00,0.5106,3.8303,6,0,0,1,0,20,20,0,0,0,0,0,1000.000
22120,0.5188,3.8325,-0.00,0.5188,3.8325,6,0,0,1,0,20,20,0,0,0,0,0,1000.000
22130,0.5272,3.8346,-0.00,0.5272,3.8346,6,0,0,1,0,20,20,0,0,0,0,0,1000.000
22140,0.5356,3.8365,-0.00,0.5356,3.8365,6,0,0,1,0,20,20,0,0,0,0,0,1000.000
22150,0.5440,3.8382,-0.00,0.5440,3.8382,6,0,0,1,0,20,20,0,0,0,0,0,1000.000
22160,0.5523,3.8397,0.00,0.5523,3.8397,6,0,0,1,0,20,20,0,0,0,0,0,1000.000
22170,0.5607,3.8410,0.00,0.5607,3.8410,6,0,0,1,0,20,20,0,0,0,0,0,1000.000
22180,0.5691,3.8421,0.00,0.5691,3.8421,6,0,0,1,0,20,20,0,0,0,0,0,1000.000
22190,0.5773,3.8432,0.00,0.5773,3.8432,6,0,0,1,0,20,20,0,0,0,0,0,1000.000
22200,0.5854,3.8443,0.00,0.5854,3.8443,6,0,0,1,0,20,20,0,0,0,0,0,1000.000
22210,0.5932,3.8453,0.00,0.5932,3.8453,6,0,0,1,0,20,20,0,0,0,0,0,1000.000
22220,0.6008,3.8464,0.00,0.6008,3.8464,6,0,0,1,0,20,20,0,0,0,0,0,1000.000
22230,0.6083,3.8474,0.00,0.6083,3.8474,6,0,0,1,0,20,20,0,0,0,0,0,1000.000
22240,0.6155,3.8485,0.00,0.6155,3.8485,6,0,0,1,0,20,20,0,0,0,0,0,1000.000
22250,0.6226,3.8496,0.00,0.6226,3.8496,6,0,0,1,0,20,20,0,0,0,0,0,1000.000
22260,0.6294,3.8506,0.00,0.6294,3.8506,6,0,0,1,0,20,20,0,0,0,0,0,1000.000
22270,0.6360,3.8517,0.00,0.6360,3.8517,6,0,0,1,0,20,20,0,0,0,0,0,1000.000
22280,0.6425,3.8528,0.00,0.6425,3.8528,6,0,0,1,0,20,20,0,0,0,0,0,1000.000
22290,0.6487,3.8538,0.00,0.6487,3.8538,6,0,0,1,0,20,20,0,0,0,0,0,1000.000
22300,0.6547,3.8549,0.00,0.6547,3.8549,6,0,0,1,0,20,20,0,0,0,0,0,1000.000
22310,0.6606,3.8560,0.00,0.6606,3.8560,6,0,0,1,0,20,20,0,0,0,0,0,1000.000
22320,0.6662,3.8570,0.00,0.6662,3.8570,6,0,0,1,0,20,20,0,0,0,0,0,1000.000
22330,0.6716,3.8581,0.00,0.6716,3.8581,6,0,0,1,0,20,20,0,0,0,0,0,1000.000
22340,0.6769,3.8591,0.00,0.6769,3.8591,6,0,0,1,0,20,20,0,0,0,0,0,1000.000
22350,0.6819,3.8602,0.00,0.6819,3.8602,6,0,0,1,0,20,20,0,0,0,0,0,1000.000
22360,0.6867,3.8613,0.00,0.6867,3.8613,6,0,0,1,0,20,20,0,0,0,0,0,1000.000
22370,0.6914,3.8623,0.00,0.6914,3.8623,6,0,0,1,0,20,20,0,0,0,0,0,1000.000
22380,0.6958,3.8634,0.00,0.6958,3.8634,6,0,0,1,0,20,20,0,0,0,0,0,1000.000
22390,0.7000,3.8645,0.00,0.7000,3.8645,6,0,0,1,0,20,20,0,0,0,0,0,1000.000
22400,0.7041,3.8655,0.00,0.7041,3.8655,6,0,0,1,0,20,20,0,0,0,0,0,1000.000
22410,0.7079,3.8666,0.00,0.7079,3.8666,6,0,0,1,0,20,20,0,0,0,0,0,1000.000
22420,0.7116,3.8677,0.00,0.7116,3.8677,6,0,0,1,0,20,20,0,0,0,0,0,1000.000
22430,0.7150,3.8687,0.00,0.7150,3.8687,6,0,0,1,0,20,20,0,0,0,0,0,1000.000
22440,0.7182,3.8698,0.00,0.7182,3.8698,6,0,0,1,0,20,20,0,0,0,0,0,1000.000
22450,0.7213,3.8708,0.00,0.7213,3.8708,6,0,0,1,0,20,20,0,0,0,0,0,1000.000
22460,0.7241,3.8719,0.00,0.7241,3.8719,6,0,0,1,0,20,20,0,0,0,0,0,1000.000
22470,0.7267,3.8730,0.00,0.7267,3.8730,6,0,0,1,0,20,20,0,0,0,0,0,1000.000
22480,0.7292,3.8740,0.00,0.7292,3.8740,6,0,0,1,0,20,20,0,0,0,0,0,1000.000
22490,0.7314,3.8751,0.00,0.7314,3.8751,6,0,0,1,0,20,20,0,0,0,0,0,1000.000
22500,0.7334,3.8762,0.00,0.7334,3.8762,6,0,0,1,0,20,20,0,0,0,0,0,1000.000
22510,0.7353,3.8772,0.00,0.7353,3.8772,6,0,0,1,0,20,20,0,0,0,0,0,1000.000
22520,0.7369,3.8783,0.00,0.7369,3.8783,6,0,0,1,0,20,20,0,0,0,0,0,1000.000
22530,0.7383,3.8793,0.00,0.7383,3.8793,6,0,0,1,0,20,20,0,0,0,0,0,1000.000
22540,0.7396,3.8804,0.00,0.7396,3.8804,6,0,0,1,0,20,20,0,0,0,0,0,1000.000
22550,0.7406,3.8815,0.00,0.7406,3.8815,6,0,0,1,0,20,20,0,0,0,0,0,1000.000
22560,0.7416,3.8824,0.00,0.7416,3.8824,6,0,0,1,0,20,20,0,0,0,0,0,1000.000
22570,0.7424,3.8833,0.00,0.7424,3.8833,6,0,0,1,0,20,20,0,0,0,0,0,1000.000
22580,0.7432,3.8840,0.00,0.7432,3.8840,6,0,0,1,0,20,20,0,0,0,0,0,1000.000
22590,0.7438,3.8847,0.00,0.7438,3.8847,6,0,0,1,0,20,20,0,0,0,0,0,1000.000
22600,0.7444,3.8852,0.00,0.7444,3.8852,6,0,0,1,0,20,20,0,0,0,0,0,1000.000
22610,0.7448,3.8857,0.00,0.7448,3.8857,6,0,0,1,0,20,20,0,0,0,0,0,1000.000
22620,0.7452,3.8860,0.00,0.7452,3.8860,6,0,0,1,0,20,20,0,0,0,0,0,1000.000
22630,0.7454,3.8863,0.00,0.7454,3.8863,6,0,0,1,0,20,20,0,0,0,0,0,1000.000
22640,0.7456,3.8864,0.00,0.7456,3.8864,6,0,0,1,0,20,20,0,0,0,0,0,1000.000
22650,0.7456,3.8865,0.00,0.7456,3.8865,0,1,0,0,0,20,20,0,0,0,0,0,1000.000
22660,0.7456,3.8865,0.00,0.7456,3.8865,0,1,0,0,0,20,20,0,0,0,0,0,1000.000
22670,0.7456,3.8865,0.00,0.7456,3.8865,0,1,0,0,0,20,20,0,0,0,0,0,1000.000
22680,0.7456,3.8865,0.00,0.7456,3.8865,0,1,0,0,0,20,20,0,0,0,0,0,1000.000
22690,0.7456,3.8865,0.00,0.7456,3.8865,0,1,0,0,0,20,20,0,0,0,0,0,1000.000
22700,0.7456,3.8865,0.00,0.7456,3.8865,0,1,0,0,0,20,20,0,0,0,0,0,1000.000
22710,0.7456,3.8865,0.01,0.7456,3.8865,0,1,0,0,0,20,20,0,0,0,0,0,1000.000
22720,0.7456,3.8865,0.04,0.7456,3.8865,0,1,0,0,0,20,20,0,0,0,0,0,1000.000
22730,0.7456,3.8865,0.09,0.7456,3.8865,0,1,0,0,0,20,20,0,0,0,0,0,1000.000
22740,0.7456,3.8865,0.15,0.7456,3.8865,0,1,0,0,0,20,20,0,0,0,0,0,1000.000
22750,0.7456,3.8865,0.24,0.7456,3.8865,0,1,0,0,0,20,20,0,0,0,0,0,1000.000
22760,0.7456,3.8865,0.35,0.7456,3.8865,0,1,0,0,0,20,20,0,0,0,0,0,1000.000
22770,0.7456,3.8865,0.47,0.7456,3.8865,0,1,0,0,0,20,20,0,0,0,0,0,1000.000
22780,0.7456,3.8865,0.62,0.7456,3.8865,0,1,0,0,0,20,20,0,0,0,0,0,1000.000
22790,0.7456,3.8865,0.78,0.7456,3.8865,0,1,0,0,0,20,20,0,0,0,0,0,1000.000
22800,0.7456,3.8865,0.97,0.7456,3.8865,0,1,0,0,0,20,20,0,0,0,0,0,1000.000
22810,0.7456,3.8865,1.17,0.7456,3.8865,0,1,0,0,0,20,20,0,0,0,0,0,1000.000
22820,0.7456,3.8865,1.40,0.7456,3.8865,0,1,0,0,0,20,20,0,0,0,0,0,1000.000
22830,0.7456,3.8865,1.64,0.7456,3.8865,0,1,0,0,0,20,20,0,0,0,0,0,1000.000
22840,0.7456,3.8865,1.90,0.7456,3.8865,0,1,0,0,0,20,20,0,0,0,0,0,1000.000
22850,0.7456,3.8865,2.19,0.7456,3.8865,0,1,0,0,0,20,20,0,0,0,0,0,1000.000
22860,0.7456,3.8865,2.49,0.7456,3.8865,0,1,0,0,0,20,20,0,0,0,0,0,1000.000
22870,0.7456,3.8865,2.81,0.7456,3.8865,0,1,0,0,0,20,20,0,0,0,0,0,1000.000
22880,0.7456,3.8865,3.15,0.7456,3.8865,0,1,0,0,0,20,20,0,0,0,0,0,1000.000
22890,0.7456,3.8865,3.51,0.7456,3.8865,0,1,0,0,0,20,20,0,0,0,0,0,1000.000
22900,0.7456,3.8865,3.89,0.7456,3.8865,0,1,0,0,0,20,20,0,0,0,0,0,1000.000
22910,0.7456,3.8865,4.29,0.7456,3.8865,0,1,0,0,0,20,20,0,0,0,0,0,1000.000
22920,0.7456,3.8865,4.71,0.7456,3.8865,0,1,0,0,0,20,20,0,0,0,0,0,1000.000
22930,0.7456,3.8865,5.15,0.7456,3.8865,0,1,0,0,0,20,20,0,0,0,0,0,1000.000
22940,0.7456,3.8865,5.61,0.7456,3.8865,0,1,0,0,0,20,20,0,0,0,0,0,1000.000
22950,0.7456,3.8865,6.09,0.7456,3.8865,0,1,0,0,0,20,20,0,0,0,0,0,1000.000
22960,0.7456,3.8865,6.58,0.7456,3.8865,0,1,0,0,0,20,20,0,0,0,0,0,1000.000
22970,0.7456,3.8865,7.10,0.7456,3.8865,0,1,0,0,0,20,20,0,0,0,0,0,1000.000
22980,0.7456,3.8865,7.64,0.7456,3.8865,0,1,0,0,0,20,20,0,0,0,0,0,1000.000
22990,0.7456,3.8865,8.20,0.7456,3.8865,0,1,0,0,0,20,20,0,0,0,0,0,1000.000
23000,0.7456,3.8865,8.77,0.7456,3.8865,0,1,0,0,0,20,20,0,0,0,0,0,1000.000
23010,0.7456,3.8865,9.36,0.7456,3.8865,0,1,0,0,0,20,20,0,0,0,0,0,1000.000
23020,0.7456,3.8865,9.94,0.7456,3.8865,0,1,0,0,0,20,20,0,0,0,0,0,1000.000
23030,0.7456,3.8865,10.53,0.7456,3.8865,0,1,0,0,0,20,20,0,0,0,0,0,1000.000
23040,0.7456,3.8865,11.12,0.7456,3.8865,0,1,0,0,0,20,20,0,0,0,0,0,1000.000
23050,0.7456,3.8865,11.71,0.7456,3.8865,0,1,0,0,0,20,20,0,0,0,0,0,1000.000
23060,0.7456,3.8865,12.29,0.7456,3.8865,0,1,0,0,0,20,20,0,0,0,0,0,1000.000
23070,0.7456,3.8865,12.88,0.7456,3.8865,0,1,0,0,0,20,20,0,0,0,0,0,1000.000
23080,0.7456,3.8865,13.47,0.7456,3.8865,0,1,0,0,0,20,20,0,0,0,0,0,1000.000
23090,0.7456,3.8865,14.05,0.7456,3.8865,0,1,0,0,0,20,20,0,0,0,0,0,1000.000
23100,0.7456,3.8865,14.64,0.7456,3.8865,0,1,0,0,0,20,20,0,0,0,0,0,1000.000
23110,0.7456,3.8865,15.23,0.7456,3.8865,0,1,0,0,0,20,20,0,0,0,0,0,1000.000
23120,0.7456,3.8865,15.81,0.7456,3.8865,0,1,0,0,0,20,20,0,0,0,0,0,1000.000
23130,0.7456,3.8865,16.40,0.7456,3.8865,0,1,0,0,0,20,20,0,0,0,0,0,1000.000
23140,0.7456,3.8865,16.99,0.7456,3.8865,0,1,0,0,0,20,20,0,0,0,0,0,1000.000
23150,0.7456,3.8865,17.57,0.7456,3.8865,0,1,0,0,0,20,20,0,0,0,0,0,1000.000
23160,0.7456,3.8865,18.16,0.7456,3.8865,0,1,0,0,0,20,20,0,0,0,0,0,1000.000
23170,0.7456,3.8865,18.75,0.7456,3.8865,0,1,0,0,0,20,20,0,0,0,0,0,1000.000
23180,0.7456,3.8865,19.33,0.7456,3.8865,0,1,0,0,0,20,20,0,0,0,0,0,1000.000
23190,0.7456,3.8865,19.92,0.7456,3.8865,0,1,0,0,0,20,20,0,0,0,0,0,1000.000
23200,0.7456,3.8865,20.51,0.7456,3.8865,0,1,0,0,0,20,20,0,0,0,0,0,1000.000
23210,0.7456,3.8865,21.09,0.7456,3.8865,0,1,0,0,0,20,20,0,0,0,0,0,1000.000
23220,0.7456,3.8865,21.68,0.7456,3.8865,0,1,0,0,0,20,20,0,0,0,0,0,1000.000
23230,0.7456,3.8865,22.27,0.7456,3.8865,0,1,0,0,0,20,20,0,0,0,0,0,1000.000
23240,0.7456,3.8865,22.85,0.7456,3.8865,0,1,0,0,0,20,20,0,0,0,0,0,1000.000
23250,0.7456,3.8865,23.44,0.7456,3.8865,0,1,0,0,0,20,20,0,0,0,0,0,1000.000
23260,0.7456,3.8865,24.03,0.7456,3.8865,0,1,0,0,0,20,20,0,0,0,0,0,1000.000
23270,0.7456,3.8865,24.61,0.7456,3.8865,0,1,0,0,0,20,20,0,0,0,0,0,1000.000
23280,0.7456,3.8865,25.20,0.7456,3.8865,0,1,0,0,0,20,20,0,0,0,0,0,1000.000
23290,0.7456,3.8865,25.79,0.7456,3.8865,0,1,0,0,0,20,20,0,0,0,0,0,1000.000
23300,0.7456,3.8865,26.37,0.7456,3.8865,0,1,0,0,0,20,20,0,0,0,0,0,1000.000
23310,0.7456,3.8865,26.96,0.7456,3.8865,0,1,0,0,0,20,20,0,0,0,0,0,1000.000
23320,0.7456,3.8865,27.55,0.7456,3.8865,0,1,0,0,0,20,20,0,0,0,0,0,1000.000
23330,0.7456,3.8865,28.13,0.7456,3.8865,0,1,0,0,0,20,20,0,0,0,0,0,1000.000
23340,0.7456,3.8865,28.72,0.7456,3.8865,0,1,0,0,0,20,20,0,0,0,0,0,1000.000
23350,0.7456,3.8865,29.31,0.7456,3.8865,0,1,0,0,0,20,20,0,0,0,0,0,1000.000
23360,0.7456,3.8865,29.89,0.7456,3.8865,0,1,0,0,0,20,20,0,0,0,0,0,1000.000
23370,0.7456,3.8865,30.48,0.7456,3.8865,0,1,0,0,0,20,20,0,0,0,0,0,1000.000
23380,0.7456,3.8865,31.07,0.7456,3.8865,0,1,0,0,0,20,20,0,0,0,0,0,1000.000
23390,0.7456,3.8865,31.65,0.7456,3.8865,0,1,0,0,0,20,20,0,0,0,0,0,1000.000
23400,0.7456,3.8865,32.24,0.7456,3.8865,0,1,0,0,0,20,20,0,0,0,0,0,1000.000
23410,0.7456,3.8865,32.83,0.7456,3.8865,0,1,0,0,0,20,20,0,0,0,0,0,1000.000
23420,0.7456,3.8865,33.41,0.7456,3.8865,0,1,0,0,0,20,20,0,0,0,0,0,1000.000
23430,0.7456,3.8865,34.00,0.7456,3.8865,0,1,0,0,0,20,20,0,0,0,0,0,1000.000
23440,0.7456,3.8865,34.59,0.7456,3.8865,0,1,0,0,0,20,20,0,0,0,0,0,1000.000
23450,0.7456,3.8865,35.17,0.7456,3.8865,0,1,0,0,0,20,20,0,0,0,0,0,1000.000
23460,0.7456,3.8865,35.76,0.7456,3.8865,0,1,0,0,0,20,20,0,0,0,0,0,1000.000
23470,0.7456,3.8865,36.35,0.7456,3.8865,0,1,0,0,0,20,20,0,0,0,0,0,1000.000
23480,0.7456,3.8865,36.93,0.7456,3.8865,0,1,0,0,0,20,20,0,0,0,0,0,1000.000
23490,0.7456,3.8865,37.52,0.7456,3.8865,0,1,0,0,0,20,20,0,0,0,0,0,1000.000
23500,0.7456,3.8865,38.11,0.7456,3.8865,0,1,0,0,0,20,20,0,0,0,0,0,1000.000
23510,0.7456,3.8865,38.69,0.7456,3.8865,0,1,0,0,0,20,20,0,0,0,0,0,1000.000
23520,0.7456,3.8865,39.28,0.7456,3.8865,0,1,0,0,0,20,20,0,0,0,0,0,1000.000
23530,0.7456,3.8865,39.87,0.7456,3.8865,0,1,0,0,0,20,20,0,0,0,0,0,1000.000
23540,0.7456,3.8865,40.45,0.7456,3.8865,0,1,0,0,0,20,20,0,0,0,0,0,1000.000
23550,0.7456,3.8865,41.04,0.7456,3.8865,0,1,0,0,0,20,20,0,0,0,0,0,1000.000
23560,0.7456,3.8865,41.63,0.7456,3.8865,0,1,0,0,0,20,20,0,0,0,0,0,1000.000
23570,0.7456,3.8865,42.21,0.7456,3.8865,0,1,0,0,0,20,20,0,0,0,0,0,1000.000
23580,0.7456,3.8865,42.80,0.7456,3.8865,0,1,0,0,0,20,20,0,0,0,0,0,1000.000
23590,0.7456,3.8865,43.39,0.7456,3.8865,0,1,0,0,0,20,20,0,0,0,0,0,1000.000
23600,0.7456,3.8865,43.97,0.7456,3.8865,0,1,0,0,0,20,20,0,0,0,0,0,1000.000
23610,0.7456,3.8865,44.56,0.7456,3.8865,0,1,0,0,0,20,20,0,0,0,0,0,1000.000
23620,0.7456,3.8865,45.15,0.7456,3.8865,0,1,0,0,0,20,20,0,0,0,0,0,1000.000
23630,0.7456,3.8865,45.73,0.7456,3.8865,0,1,0,0,0,20,20,0,0,0,0,0,1000.000
23640,0.7456,3.8865,46.32,0.7456,3.8865,0,1,0,0,0,20,20,0,0,0,0,0,1000.000
23650,0.7456,3.8865,46.91,0.7456,3.8865,0,1,0,0,0,20,20,0,0,0,0,0,1000.000
23660,0.7456,3.8865,47.49,0.7456,3.8865,0,1,0,0,0,20,20,0,0,0,0,0,1000.000
23670,0.7456,3.8865,48.08,0.7456,3.8865,0,1,0,0,0,20,20,0,0,0,0,0,1000.000
23680,0.7456,3.8865,48.67,0.7456,3.8865,0,1,0,0,0,20,20,0,0,0,0,0,1000.000
23690,0.7456,3.8865,49.25,0.7456,3.8865,0,1,0,0,0,20,20,0,0,0,0,0,1000.000
23700,0.7456,3.8865,49.84,0.7456,3.8865,0,1,0,0,0,20,20,0,0,0,0,0,1000.000
23710,0.7456,3.8865,50.43,0.7456,3.8865,0,1,0,0,0,20,20,0,0,0,0,0,1000.000
23720,0.7456,3.8865,51.02,0.7456,3.8865,0,1,0,0,0,20,20,0,0,0,0,0,1000.000
23730,0.7456,3.8865,51.60,0.7456,3.8865,0,1,0,0,0,20,20,0,0,0,0,0,1000.000
23740,0.7456,3.8865,52.19,0.7456,3.8865,0,1,0,0,0,20,20,0,0,0,0,0,1000.000
23750,0.7456,3.8865,52.78,0.7456,3.8865,0,1,0,0,0,20,20,0,0,0,0,0,1000.000
23760,0.7456,3.8865,53.36,0.7456,3.8865,0,1,0,0,0,20,20,0,0,0,0,0,1000.000
23770,0.7456,3.8865,53.95,0.7456,3.8865,0,1,0,0,0,20,20,0,0,0,0,0,1000.000
23780,0.7456,3.8865,54.54,0.7456,3.8865,0,1,0,0,0,20,20,0,0,0,0,0,1000.000
23790,0.7456,3.8865,55.12,0.7456,3.8865,0,1,0,0,0,20,20,0,0,0,0,0,1000.000
23800,0.7456,3.8865,55.71,0.7456,3.8865,0,1,0,0,0,20,20,0,0,0,0,0,1000.000
23810,0.7456,3.8865,56.30,0.7456,3.8865,0,1,0,0,0,20,20,0,0,0,0,0,1000.000
23820,0.7456,3.8865,56.88,0.7456,3.8865,0,1,0,0,0,20,20,0,0,0,0,0,1000.000
23830,0.7456,3.8865,57.47,0.7456,3.8865,0,1,0,0,0,20,20,0,0,0,0,0,1000.000
23840,0.7456,3.8865,58.06,0.7456,3.8865,0,1,0,0,0,20,20,0,0,0,0,0,1000.000
23850,0.7456,3.8865,58.64,0.7456,3.8865,0,1,0,0,0,20,20,0,0,0,0,0,1000.000
23860,0.7456,3.8865,59.23,0.7456,3.8865,0,1,0,0,0,20,20,0,0,0,0,0,1000.000
23870,0.7456,3.8865,59.82,0.7456,3.8865,0,1,0,0,0,20,20,0,0,0,0,0,1000.000
23880,0.7456,3.8865,60.40,0.7456,3.8865,0,1,0,0,0,20,20,0,0,0,0,0,1000.000
23890,0.7456,3.8865,60.99,0.7456,3.8865,0,1,0,0,0,20,20,0,0,0,0,0,1000.000
23900,0.7456,3.8865,61.58,0.7456,3.8865,0,1,0,0,0,20,20,0,0,0,0,0,1000.000
23910,0.7456,3.8865,62.16,0.7456,3.8865,0,1,0,0,0,20,20,0,0,0,0,0,1000.000
23920,0.7456,3.8865,62.75,0.7456,3.8865,0,1,0,0,0,20,20,0,0,0,0,0,1000.000
23930,0.7456,3.8865,63.34,0.7456,3.8865,0,1,0,0,0,20,20,0,0,0,0,0,1000.000
23940,0.7456,3.8865,63.92,0.7456,3.8865,0,1,0,0,0,20,20,0,0,0,0,0,1000.000
23950,0.7456,3.8865,64.51,0.7456,3.8865,0,1,0,0,0,20,20,0,0,0,0,0,1000.000
23960,0.7456,3.8865,65.10,0.7456,3.8865,0,1,0,0,0,20,20,0,0,0,0,0,1000.000
23970,0.7456,3.8865,65.68,0.7456,3.8865,0,1,0,0,0,20,20,0,0,0,0,0,1000.000
23980,0.7456,3.8865,66.27,0.7456,3.8865,0,1,0,0,0,20,20,0,0,0,0,0,1000.000
23990,0.7456,3.8865,66.86,0.7456,3.8865,0,1,0,0,0,20,20,0,0,0,0,0,1000.000
24000,0.7456,3.8865,67.44,0.7456,3.8865,0,1,0,0,0,20,20,0,0,0,0,0,1000.000
24010,0.7456,3.8865,68.03,0.7456,3.8865,0,1,0,0,0,20,20,0,0,0,0,0,1000.000
24020,0.7456,3.8865,68.62,0.7456,3.8865,0,1,0,0,0,20,20,0,0,0,0,0,1000.000
24030,0.7456,3.8865,69.20,0.7456,3.8865,0,1,0,0,0,20,20,0,0,0,0,0,1000.000
24040,0.7456,3.8865,69.79,0.7456,3.8865,0,1,0,0,0,20,20,0,0,0,0,0,1000.000
24050,0.7456,3.8865,70.38,0.7456,3.8865,0,1,0,0,0,20,20,0,0,0,0,0,1000.000
24060,0.7456,3.8865,70.96,0.7456,3.8865,0,1,0,0,0,20,20,0,0,0,0,0,1000.000
24070,0.7456,3.8865,71.55,0.7456,3.8865,0,1,0,0,0,20,20,0,0,0,0,0,1000.000
24080,0.7456,3.8865,72.14,0.7456,3.8865,0,1,0,0,0,20,20,0,0,0,0,0,1000.000
24090,0.7456,3.8865,72.72,0.7456,3.8865,0,1,0,0,0,20,20,0,0,0,0,0,1000.000
24100,0.7456,3.8865,73.31,0.7456,3.8865,0,1,0,0,0,20,20,0,0,0,0,0,1000.000
24110,0.7456,3.8865,73.90,0.7456,3.8865,0,1,0,0,0,20,20,0,0,0,0,0,1000.000
24120,0.7456,3.8865,74.48,0.7456,3.8865,0,1,0,0,0,20,20,0,0,0,0,0,1000.000
24130,0.7456,3.8865,75.07,0.7456,3.8865,0,1,0,0,0,20,20,0,0,0,0,0,1000.000
24140,0.7456,3.8865,75.66,0.7456,3.8865,0,1,0,0,0,20,20,0,0,0,0,0,1000.000
24150,0.7456,3.8865,76.24,0.7456,3.8865,0,1,0,0,0,20,20,0,0,0,0,0,1000.000
24160,0.7456,3.8865,76.83,0.7456,3.8865,0,1,0,0,0,20,20,0,0,0,0,0,1000.000
24170,0.7456,3.8865,77.42,0.7456,3.8865,0,1,0,0,0,20,20,0,0,0,0,0,1000.000
24180,0.7456,3.8865,78.00,0.7456,3.8865,0,1,0,0,0,20,20,0,0,0,0,0,1000.000
24190,0.7456,3.8865,78.59,0.7456,3.8865,0,1,0,0,0,20,20,0,0,0,0,0,1000.000
24200,0.7456,3.8865,79.18,0.7456,3.8865,0,1,0,0,0,20,20,0,0,0,0,0,1000.000
24210,0.7456,3.8865,79.76,0.7456,3.8865,0,1,0,0,0,20,20,0,0,0,0,0,1000.000
24220,0.7456,3.8865,80.35,0.7456,3.8865,0,1,0,0,0,20,20,0,0,0,0,0,1000.000
24230,0.7456,3.8865,80.94,0.7456,3.8865,0,1,0,0,0,20,20,0,0,0,0,0,1000.000
24240,0.7456,3.8865,81.52,0.7456,3.8865,0,1,0,0,0,20,20,0,0,0,0,0,1000.000
24250,0.7456,3.8865,82.11,0.7456,3.8865,0,1,0,0,0,20,20,0,0,0,0,0,1000.000
24260,0.7456,3.8865,82.70,0.7456,3.8865,0,1,0,0,0,20,20,0,0,0,0,0,1000.000
24270,0.7456,3.8865,83.28,0.7456,3.8865,0,1,0,0,0,20,20,0,0,0,0,0,1000.000
24280,0.7456,3.8865,83.87,0.7456,3.8865,0,1,0,0,0,20,20,0,0,0,0,0,1000.000
24290,0.7456,3.8865,84.46,0.7456,3.8865,0,1,0,0,0,20,20,0,0,0,0,0,1000.000
24300,0.7456,3.8865,85.04,0.7456,3.8865,0,1,0,0,0,20,20,0,0,0,0,0,1000.000
24310,0.7456,3.8865,85.63,0.7456,3.8865,0,1,0,0,0,20,20,0,0,0,0,0,1000.000
24320,0.7456,3.8865,86.22,0.7456,3.8865,0,1,0,0,0,20,20,0,0,0,0,0,1000.000
24330,0.7456,3.8865,86.80,0.7456,3.8865,0,1,0,0,0,20,20,0,0,0,0,0,1000.000
24340,0.7456,3.8865,87.39,0.7456,3.8865,0,1,0,0,0,20,20,0,0,0,0,0,1000.000
24350,0.7456,3.8865,87.98,0.7456,3.8865,0,1,0,0,0,20,20,0,0,0,0,0,1000.000
24360,0.7456,3.8865,88.56,0.7456,3.8865,0,1,0,0,0,20,20,0,0,0,0,0,1000.000
24370,0.7456,3.8865,89.15,0.7456,3.8865,0,1,0,0,0,20,20,0,0,0,0,0,1000.000
24380,0.7456,3.8865,89.74,0.7456,3.8865,0,1,0,0,0,20,20,0,0,0,0,0,1000.000
24390,0.7456,3.8865,90.33,0.7456,3.8865,0,1,0,0,0,20,20,0,0,0,0,0,1000.000
24400,0.7456,3.8865,90.91,0.7456,3.8865,0,1,0,0,0,20,20,0,0,0,0,0,1000.000
24410,0.7456,3.8865,91.50,0.7456,3.8865,0,1,0,0,0,20,20,0,0,0,0,0,1000.000
24420,0.7456,3.8865,92.09,0.7456,3.8865,0,1,0,0,0,20,20,0,0,0,0,0,1000.000
24430,0.7456,3.8865,92.67,0.7456,3.8865,0,1,0,0,0,20,20,0,0,0,0,0,1000.000
24440,0.7456,3.8865,93.26,0.7456,3.8865,0,1,0,0,0,20,20,0,0,0,0,0,1000.000
24450,0.7456,3.8865,93.85,0.7456,3.8865,0,1,0,0,0,20,20,0,0,0,0,0,1000.000
24460,0.7456,3.8865,94.43,0.7456,3.8865,0,1,0,0,0,20,20,0,0,0,0,0,1000.000
24470,0.7456,3.8865,95.02,0.7456,3.8865,0,1,0,0,0,20,20,0,0,0,0,0,1000.000
24480,0.7456,3.8865,95.61,0.7456,3.8865,0,1,0,0,0,20,20,0,0,0,0,0,1000.000
24490,0.7456,3.8865,96.19,0.7456,3.8865,0,1,0,0,0,20,20,0,0,0,0,0,1000.000
24500,0.7456,3.8865,96.78,0.7456,3.8865,0,1,0,0,0,20,20,0,0,0,0,0,1000.000
24510,0.7456,3.8865,97.37,0.7456,3.8865,0,1,0,0,0,20,20,0,0,0,0,0,1000.000
24520,0.7456,3.8865,97.95,0.7456,3.8865,0,1,0,0,0,20,20,0,0,0,0,0,1000.000
24530,0.7456,3.8865,98.54,0.7456,3.8865,0,1,0,0,0,20,20,0,0,0,0,0,1000.000
24540,0.7456,3.8865,99.13,0.7456,3.8865,0,1,0,0,0,20,20,0,0,0,0,0,1000.000
24550,0.7456,3.8865,99.71,0.7456,3.8865,0,1,0,0,0,20,20,0,0,0,0,0,1000.000
24560,0.7456,3.8865,100.30,0.7456,3.8865,0,1,0,0,0,20,20,0,0,0,0,0,1000.000
24570,0.7456,3.8865,100.89,0.7456,3.8865,0,1,0,0,0,20,20,0,0,0,0,0,1000.000
24580,0.7456,3.8865,101.47,0.7456,3.8865,0,1,0,0,0,20,20,0,0,0,0,0,1000.000
24590,0.7456,3.8865,102.06,0.7456,3.8865,0,1,0,0,0,20,20,0,0,0,0,0,1000.000
24600,0.7456,3.8865,102.65,0.7456,3.8865,0,1,0,0,0,20,20,0,0,0,0,0,1000.000
24610,0.7456,3.8865,103.23,0.7456,3.8865,0,1,0,0,0,20,20,0,0,0,0,0,1000.000
24620,0.7456,3.8865,103.82,0.7456,3.8865,0,1,0,0,0,20,20,0,0,0,0,0,1000.000
24630,0.7456,3.8865,104.41,0.7456,3.8865,0,1,0,0,0,20,20,0,0,0,0,0,1000.000
24640,0.7456,3.8865,104.99,0.7456,3.8865,0,1,0,0,0,20,20,0,0,0,0,0,1000.000
24650,0.7456,3.8865,105.58,0.7456,3.8865,0,1,0,0,0,20,20,0,0,0,0,0,1000.000
24660,0.7456,3.8865,106.17,0.7456,3.8865,0,1,0,0,0,20,20,0,0,0,0,0,1000.000
24670,0.7456,3.8865,106.75,0.7456,3.8865,0,1,0,0,0,20,20,0,0,0,0,0,1000.000
24680,0.7456,3.8865,107.34,0.7456,3.8865,0,1,0,0,0,20,20,0,0,0,0,0,1000.000
24690,0.7456,3.8865,107.93,0.7456,3.8865,0,1,0,0,0,20,20,0,0,0,0,0,1000.000
24700,0.7456,3.8865,108.51,0.7456,3.8865,0,1,0,0,0,20,20,0,0,0,0,0,1000.000
24710,0.7456,3.8865,109.10,0.7456,3.8865,0,1,0,0,0,20,20,0,0,0,0,0,1000.000
24720,0.7456,3.8865,109.69,0.7456,3.8865,0,1,0,0,0,20,20,0,0,0,0,0,1000.000
24730,0.7456,3.8865,110.27,0.7456,3.8865,0,1,0,0,0,20,20,0,0,0,0,0,1000.000
24740,0.7456,3.8865,110.86,0.7456,3.8865,0,1,0,0,0,20,20,0,0,0,0,0,1000.000
24750,0.7456,3.8865,111.45,0.7456,3.8865,0,1,0,0,0,20,20,0,0,0,0,0,1000.000
24760,0.7456,3.8865,112.03,0.7456,3.8865,0,1,0,0,0,20,20,0,0,0,0,0,1000.000
24770,0.7456,3.8865,112.62,0.7456,3.8865,0,1,0,0,0,20,20,0,0,0,0,0,1000.000
24780,0.7456,3.8865,113.21,0.7456,3.8865,0,1,0,0,0,20,20,0,0,0,0,0,1000.000
24790,0.7456,3.8865,113.79,0.7456,3.8865,0,1,0,0,0,20,20,0,0,0,0,0,1000.000
24800,0.7456,3.8865,114.38,0.7456,3.8865,0,1,0,0,0,20,20,0,0,0,0,0,1000.000
24810,0.7456,3.8865,114.97,0.7456,3.8865,0,1,0,0,0,20,20,0,0,0,0,0,1000.000
24820,0.7456,3.8865,115.55,0.7456,3.8865,0,1,0,0,0,20,20,0,0,0,0,0,1000.000
24830,0.7456,3.8865,116.14,0.7456,3.8865,0,1,0,0,0,20,20,0,0,0,0,0,1000.000
24840,0.7456,3.8865,116.73,0.7456,3.8865,0,1,0,0,0,20,20,0,0,0,0,0,1000.000
24850,0.7456,3.8865,117.31,0.7456,3.8865,0,1,0,0,0,20,20,0,0,0,0,0,1000.000
24860,0.7456,3.8865,117.90,0.7456,3.8865,0,1,0,0,0,20,20,0,0,0,0,0,1000.000
24870,0.7456,3.8865,118.49,0.7456,3.8865,0,1,0,0,0,20,20,0,0,0,0,0,1000.000
24880,0.7456,3.8865,119.07,0.7456,3.8865,0,1,0,0,0,20,20,0,0,0,0,0,1000.000
24890,0.7456,3.8865,119.66,0.7456,3.8865,0,1,0,0,0,20,20,0,0,0,0,0,1000.000
24900,0.7456,3.8865,120.25,0.7456,3.8865,0,1,0,0,0,20,20,0,0,0,0,0,1000.000
24910,0.7456,3.8865,120.83,0.7456,3.8865,0,1,0,0,0,20,20,0,0,0,0,0,1000.000
24920,0.7456,3.8865,121.42,0.7456,3.8865,0,1,0,0,0,20,20,0,0,0,0,0,1000.000
24930,0.7456,3.8865,122.01,0.7456,3.8865,0,1,0,0,0,20,20,0,0,0,0,0,1000.000
24940,0.7456,3.8865,122.59,0.7456,3.8865,0,1,0,0,0,20,20,0,0,0,0,0,1000.000
24950,0.7456,3.8865,123.18,0.7456,3.8865,0,1,0,0,0,20,20,0,0,0,0,0,1000.000
24960,0.7456,3.8865,123.77,0.7456,3.8865,0,1,0,0,0,20,20,0,0,0,0,0,1000.000
24970,0.7456,3.8865,124.35,0.7456,3.8865,0,1,0,0,0,20,20,0,0,0,0,0,1000.000
24980,0.7456,3.8865,124.94,0.7456,3.8865,0,1,0,0,0,20,20,0,0,0,0,0,1000.000
24990,0.7456,3.8865,125.53,0.7456,3.8865,0,1,0,0,0,20,20,0,0,0,0,0,1000.000
25000,0.7456,3.8865,126.11,0.7456,3.8865,0,1,0,0,0,20,20,0,0,0,0,0,1000.000
25010,0.7456,3.8865,126.70,0.7456,3.8865,0,1,0,0,0,20,20,0,0,0,0,0,1000.000
25020,0.7456,3.8865,127.29,0.7456,3.8865,0,1,0,0,0,20,20,0,0,0,0,0,1000.000
25030,0.7456,3.8865,127.87,0.7456,3.8865,0,1,0,0,0,20,20,0,0,0,0,0,1000.000
25040,0.7456,3.8865,128.46,0.7456,3.8865,0,1,0,0,0,20,20,0,0,0,0,0,1000.000
25050,0.7456,3.8865,129.05,0.7456,3.8865,0,1,0,0,0,20,20,0,0,0,0,0,1000.000
25060,0.7456,3.8865,129.64,0.7456,3.8865,0,1,0,0,0,20,20,0,0,0,0,0,1000.000
25070,0.7456,3.8865,130.22,0.7456,3.8865,0,1,0,0,0,20,20,0,0,0,0,0,1000.000
25080,0.7456,3.8865,130.81,0.7456,3.8865,0,1,0,0,0,20,20,0,0,0,0,0,1000.000
25090,0.7456,3.8865,131.40,0.7456,3.8865,0,1,0,0,0,20,20,0,0,0,0,0,1000.000
25100,0.7456,3.8865,131.98,0.7456,3.8865,0,1,0,0,0,20,20,0,0,0,0,0,1000.000
25110,0.7456,3.8865,132.57,0.7456,3.8865,0,1,0,0,0,20,20,0,0,0,0,0,1000.000
25120,0.7456,3.8865,133.16,0.7456,3.8865,0,1,0,0,0,20,20,0,0,0,0,0,1000.000
25130,0.7456,3.8865,133.74,0.7456,3.8865,0,1,0,0,0,20,20,0,0,0,0,0,1000.000
25140,0.7456,3.8865,134.33,0.7456,3.8865,0,1,0,0,0,20,20,0,0,0,0,0,1000.000
25150,0.7456,3.8865,134.92,0.7456,3.8865,0,1,0,0,0,20,20,0,0,0,0,0,1000.000
25160,0.7456,3.8865,135.50,0.7456,3.8865,0,1,0,0,0,20,20,0,0,0,0,0,1000.000
25170,0.7456,3.8865,136.09,0.7456,3.8865,0,1,0,0,0,20,20,0,0,0,0,0,1000.000
25180,0.7456,3.8865,136.68,0.7456,3.8865,0,1,0,0,0,20,20,0,0,0,0,0,1000.000
25190,0.7456,3.8865,137.26,0.7456,3.8865,0,1,0,0,0,20,20,0,0,0,0,0,1000.000
25200,0.7456,3.8865,137.85,0.7456,3.8865,0,1,0,0,0,20,20,0,0,0,0,0,1000.000
25210,0.7456,3.8865,138.44,0.7456,3.8865,0,1,0,0,0,20,20,0,0,0,0,0,1000.000
25220,0.7456,3.8865,139.02,0.7456,3.8865,0,1,0,0,0,20,20,0,0,0,0,0,1000.000
25230,0.7456,3.8865,139.61,0.7456,3.8865,0,1,0,0,0,20,20,0,0,0,0,0,1000.000
25240,0.7456,3.8865,140.20,0.7456,3.8865,0,1,0,0,0,20,20,0,0,0,0,0,1000.000
25250,0.7456,3.8865,140.78,0.7456,3.8865,0,1,0,0,0,20,20,0,0,0,0,0,1000.000
25260,0.7456,3.8865,141.37,0.7456,3.8865,0,1,0,0,0,20,20,0,0,0,0,0,1000.000
25270,0.7456,3.8865,141.96,0.7456,3.8865,0,1,0,0,0,20,20,0,0,0,0,0,1000.000
25280,0.7456,3.8865,142.54,0.7456,3.8865,0,1,0,0,0,20,20,0,0,0,0,0,1000.000
25290,0.7456,3.8865,143.13,0.7456,3.8865,0,1,0,0,0,20,20,0,0,0,0,0,1000.000
25300,0.7456,3.8865,143.72,0.7456,3.8865,0,1,0,0,0,20,20,0,0,0,0,0,1000.000
25310,0.7456,3.8865,144.30,0.7456,3.8865,0,1,0,0,0,20,20,0,0,0,0,0,1000.000
25320,0.7456,3.8865,144.89,0.7456,3.8865,0,1,0,0,0,20,20,0,0,0,0,0,1000.000
25330,0.7456,3.8865,145.48,0.7456,3.8865,0,1,0,0,0,20,20,0,0,0,0,0,1000.000
25340,0.7456,3.8865,146.06,0.7456,3.8865,0,1,0,0,0,20,20,0,0,0,0,0,1000.000
25350,0.7456,3.8865,146.65,0.7456,3.8865,0,1,0,0,0,20,20,0,0,0,0,0,1000.000
25360,0.7456,3.8865,147.24,0.7456,3.8865,0,1,0,0,0,20,20,0,0,0,0,0,1000.000
25370,0.7456,3.8865,147.82,0.7456,3.8865,0,1,0,0,0,20,20,0,0,0,0,0,1000.000
25380,0.7456,3.8865,148.41,0.7456,3.8865,0,1,0,0,0,20,20,0,0,0,0,0,1000.000
25390,0.7456,3.8865,149.00,0.7456,3.8865,0,1,0,0,0,20,20,0,0,0,0,0,1000.000
25400,0.7456,3.8865,149.58,0.7456,3.8865,0,1,0,0,0,20,20,0,0,0,0,0,1000.000
25410,0.7456,3.8865,150.17,0.7456,3.8865,0,1,0,0,0,20,20,0,0,0,0,0,1000.000
25420,0.7456,3.8865,150.76,0.7456,3.8865,0,1,0,0,0,20,20,0,0,0,0,0,1000.000
25430,0.7456,3.8865,151.34,0.7456,3.8865,0,1,0,0,0,20,20,0,0,0,0,0,1000.000
25440,0.7456,3.8865,151.93,0.7456,3.8865,0,1,0,0,0,20,20,0,0,0,0,0,1000.000
25450,0.7456,3.8865,152.52,0.7456,3.8865,0,1,0,0,0,20,20,0,0,0,0,0,1000.000
25460,0.7456,3.8865,153.10,0.7456,3.8865,0,1,0,0,0,20,20,0,0,0,0,0,1000.000
25470,0.7456,3.8865,153.69,0.7456,3.8865,0,1,0,0,0,20,20,0,0,0,0,0,1000.000
25480,0.7456,3.8865,154.28,0.7456,3.8865,0,1,0,0,0,20,20,0,0,0,0,0,1000.000
25490,0.7456,3.8865,154.86,0.7456,3.8865,0,1,0,0,0,20,20,0,0,0,0,0,1000.000
25500,0.7456,3.8865,155.45,0.7456,3.8865,0,1,0,0,0,20,20,0,0,0,0,0,1000.000
25510,0.7456,3.8865,156.04,0.7456,3.8865,0,1,0,0,0,20,20,0,0,0,0,0,1000.000
25520,0.7456,3.8865,156.62,0.7456,3.8865,0,1,0,0,0,20,20,0,0,0,0,0,1000.000
25530,0.7456,3.8865,157.21,0.7456,3.8865,0,1,0,0,0,20,20,0,0,0,0,0,1000.000
25540,0.7456,3.8865,157.80,0.7456,3.8865,0,1,0,0,0,20,20,0,0,0,0,0,1000.000
25550,0.7456,3.8865,158.38,0.7456,3.8865,0,1,0,0,0,20,20,0,0,0,0,0,1000.000
25560,0.7456,3.8865,158.97,0.7456,3.8865,0,1,0,0,0,20,20,0,0,0,0,0,1000.000
25570,0.7456,3.8865,159.56,0.7456,3.8865,0,1,0,0,0,20,20,0,0,0,0,0,1000.000
25580,0.7456,3.8865,160.14,0.7456,3.8865,0,1,0,0,0,20,20,0,0,0,0,0,1000.000
25590,0.7456,3.8865,160.73,0.7456,3.8865,0,1,0,0,0,20,20,0,0,0,0,0,1000.000
25600,0.7456,3.8865,161.32,0.7456,3.8865,0,1,0,0,0,20,20,0,0,0,0,0,1000.000
25610,0.7456,3.8865,161.90,0.7456,3.8865,0,1,0,0,0,20,20,0,0,0,0,0,1000.000
25620,0.7456,3.8865,162.49,0.7456,3.8865,0,1,0,0,0,20,20,0,0,0,0,0,1000.000
25630,0.7456,3.8865,163.08,0.7456,3.8865,0,1,0,0,0,20,20,0,0,0,0,0,1000.000
25640,0.7456,3.8865,163.66,0.7456,3.8865,0,1,0,0,0,20,20,0,0,0,0,0,1000.000
25650,0.7456,3.8865,164.25,0.7456,3.8865,0,1,0,0,0,20,20,0,0,0,0,0,1000.000
25660,0.7456,3.8865,164.84,0.7456,3.8865,0,1,0,0,0,20,20,0,0,0,0,0,1000.000
25670,0.7456,3.8865,165.42,0.7456,3.8865,0,1,0,0,0,20,20,0,0,0,0,0,1000.000
25680,0.7456,3.8865,166.01,0.7456,3.8865,0,1,0,0,0,20,20,0,0,0,0,0,1000.000
25690,0.7456,3.8865,166.60,0.7456,3.8865,0,1,0,0,0,20,20,0,0,0,0,0,1000.000
25700,0.7456,3.8865,167.19,0.7456,3.8865,0,1,0,0,0,20,20,0,0,0,0,0,1000.000
25710,0.7456,3.8865,167.77,0.7456,3.8865,0,1,0,0,0,20,20,0,0,0,0,0,1000.000
25720,0.7456,3.8865,168.36,0.7456,3.8865,0,1,0,0,0,20,20,0,0,0,0,0,1000.000
25730,0.7456,3.8865,168.95,0.7456,3.8865,0,1,0,0,0,20,20,0,0,0,0,0,1000.000
25740,0.7456,3.8865,169.53,0.7456,3.8865,0,1,0,0,0,20,20,0,0,0,0,0,1000.000
25750,0.7456,3.8865,170.12,0.7456,3.8865,0,1,0,0,0,20,20,0,0,0,0,0,1000.000
25760,0.7456,3.8865,170.71,0.7456,3.8865,0,1,0,0,0,20,20,0,0,0,0,0,1000.000
25770,0.7456,3.8865,171.29,0.7456,3.8865,0,1,0,0,0,20,20,0,0,0,0,0,1000.000
25780,0.7456,3.8865,171.88,0.7456,3.8865,0,1,0,0,0,20,20,0,0,0,0,0,1000.000
25790,0.7456,3.8865,172.47,0.7456,3.8865,0,1,0,0,0,20,20,0,0,0,0,0,1000.000
25800,0.7456,3.8865,173.05,0.7456,3.8865,0,1,0,0,0,20,20,0,0,0,0,0,1000.000
25810,0.7456,3.8865,173.64,0.7456,3.8865,0,1,0,0,0,20,20,0,0,0,0,0,1000.000
25820,0.7456,3.8865,174.23,0.7456,3.8865,0,1,0,0,0,20,20,0,0,0,0,0,1000.000
25830,0.7456,3.8865,174.81,0.7456,3.8865,0,1,0,0,0,20,20,0,0,0,0,0,1000.000
25840,0.7456,3.8865,175.40,0.7456,3.8865,0,1,0,0,0,20,20,0,0,0,0,0,1000.000
25850,0.7456,3.8865,175.99,0.7456,3.8865,0,1,0,0,0,20,20,0,0,0,0,0,1000.000
25860,0.7456,3.8865,176.57,0.7456,3.8865,0,1,0,0,0,20,20,0,0,0,0,0,1000.000
25870,0.7456,3.8865,177.16,0.7456,3.8865,0,1,0,0,0,20,20,0,0,0,0,0,1000.000
25880,0.7456,3.8865,177.75,0.7456,3.8865,0,1,0,0,0,20,20,0,0,0,0,0,1000.000
25890,0.7456,3.8865,178.33,0.7456,3.8865,0,1,0,0,0,20,20,0,0,0,0,0,1000.000
25900,0.7456,3.8865,178.92,0.7456,3.8865,0,1,1,0,0,20,20,0,0,0,0,0,1000.000
25910,0.7456,3.8865,179.50,0.7456,3.8865,0,1,1,0,0,20,20,0,0,0,0,0,1000.000
25920,0.7456,3.8865,-179.95,0.7456,3.8865,0,1,1,0,0,20,20,0,0,0,0,0,1000.000
25930,0.7456,3.8865,-179.41,0.7456,3.8865,0,1,1,0,0,20,20,0,0,0,0,0,1000.000
25940,0.7456,3.8865,-178.90,0.7456,3.8865,0,1,1,0,0,20,20,0,0,0,0,0,1000.000
25950,0.7456,3.8865,-178.41,0.7456,3.8865,0,1,1,0,0,20,20,139,-3,1,0,0,0.476
25960,0.7456,3.8865,-177.94,0.7456,3.8865,0,1,1,0,0,20,20,139,-4,1,0,0,0.476
25970,0.7456,3.8865,-177.50,0.7456,3.8865,0,1,1,0,0,20,20,139,-6,1,0,0,0.476
25980,0.7456,3.8865,-177.07,0.7456,3.8865,0,1,1,0,0,20,20,139,-7,1,0,0,0.476
25990,0.7456,3.8865,-176.67,0.7456,3.8865,0,1,1,0,0,20,20,139,-8,1,0,0,0.476
26000,0.7456,3.8865,-176.29,0.7456,3.8865,0,1,1,0,0,20,20,139,-9,1,0,0,0.476
26010,0.7456,3.8865,-175.93,0.7456,3.8865,0,1,1,0,0,20,20,139,-10,1,0,0,0.476
26020,0.7456,3.8865,-175.59,0.7456,3.8865,0,1,1,0,0,20,20,139,-11,1,0,0,0.476
26030,0.7456,3.8865,-175.27,0.7456,3.8865,0,1,1,0,0,20,20,139,-11,1,0,0,0.476
26040,0.7456,3.8865,-174.98,0.7456,3.8865,0,1,1,0,0,20,20,0,0,0,0,0,1000.000
26050,0.7456,3.8865,-174.70,0.7456,3.8865,0,1,1,0,0,20,20,0,0,0,0,0,1000.000
26060,0.7456,3.8865,-174.45,0.7456,3.8865,0,1,1,0,0,20,20,0,0,0,0,0,1000.000
26070,0.7456,3.8865,-174.22,0.7456,3.8865,0,1,1,0,0,20,20,0,0,0,0,0,1000.000
26080,0.7456,3.8865,-174.01,0.7456,3.8865,0,1,1,0,0,20,20,0,0,0,0,0,1000.000
26090,0.7456,3.8865,-173.83,0.7456,3.8865,0,1,1,0,0,20,20,0,0,0,0,0,1000.000
26100,0.7456,3.8865,-173.66,0.7456,3.8865,0,1,1,0,0,20,20,0,0,0,0,0,1000.000
26110,0.7456,3.8865,-173.52,0.7456,3.8865,0,1,1,0,0,20,20,0,0,0,0,0,1000.000
26120,0.7456,3.8865,-173.40,0.7456,3.8865,0,1,1,0,0,20,20,0,0,0,0,0,1000.000
26130,0.7456,3.8865,-173.30,0.7456,3.8865,0,1,1,0,0,20,20,0,0,0,0,0,1000.000
26140,0.7456,3.8865,-173.22,0.7456,3.8865,0,1,1,0,0,20,20,0,0,0,0,0,1000.000
26150,0.7456,3.8865,-173.16,0.7456,3.8865,0,1,1,0,0,20,20,0,0,0,0,0,1000.000
26160,0.7456,3.8865,-173.13,0.7456,3.8865,0,1,1,0,0,20,20,0,0,0,0,0,1000.000
26170,0.7456,3.8865,-173.11,0.7456,3.8865,0,1,1,0,0,20,20,0,0,0,0,0,1000.000
26180,0.7456,3.8865,-173.12,0.7456,3.8865,0,1,1,0,0,20,20,0,0,0,0,0,1000.000
26190,0.7456,3.8865,-173.15,0.7456,3.8865,0,1,1,0,0,20,20,0,0,0,0,0,1000.000
26200,0.7456,3.8865,-173.20,0.7456,3.8865,0,1,1,0,0,20,20,0,0,0,0,0,1000.000
26210,0.7456,3.8865,-173.28,0.7456,3.8865,0,1,1,0,0,20,20,0,0,0,0,0,1000.000
26220,0.7456,3.8865,-173.37,0.7456,3.8865,0,1,1,0,0,20,20,0,0,0,0,0,1000.000
26230,0.7456,3.8865,-173.49,0.7456,3.8865,0,1,1,0,0,20,20,0,0,0,0,0,1000.000
26240,0.7456,3.8865,-173.61,0.7456,3.8865,0,1,1,0,0,20,20,0,0,0,0,0,1000.000
26250,0.7456,3.8865,-173.72,0.7456,3.8865,0,1,1,0,0,20,20,0,0,0,0,0,1000.000
26260,0.7455,3.8865,-173.82,0.7455,3.8865,0,1,1,0,0,20,20,0,0,0,0,0,1000.000
26270,0.7455,3.8865,-173.90,0.7455,3.8865,0,1,1,0,0,20,20,0,0,0,0,0,1000.000
26280,0.7454,3.8865,-173.95,0.7454,3.8865,0,1,1,0,0,20,20,0,0,0,0,0,1000.000
26290,0.7454,3.8865,-173.98,0.7454,3.8865,0,1,1,0,0,20,20,0,0,0,0,0,1000.000
26300,0.7454,3.8865,-174.00,0.7454,3.8865,0,1,1,0,0,20,20,0,0,0,0,0,1000.000
26310,0.7453,3.8865,-173.99,0.7453,3.8865,0,1,1,0,0,20,20,0,0,0,0,0,1000.000
26320,0.7453,3.8865,-173.97,0.7453,3.8865,0,1,1,0,0,20,20,0,0,0,0,0,1000.000
26330,0.7453,3.8865,-173.98,0.7453,3.8865,0,1,1,0,0,20,20,0,0,0,0,0,1000.000
26340,0.7452,3.8865,-173.99,0.7452,3.8865,0,1,1,0,0,20,20,0,0,0,0,0,1000.000
26350,0.7452,3.8865,-174.00,0.7452,3.8865,0,1,1,0,0,20,20,0,0,0,0,0,1000.000
26360,0.7452,3.8865,-174.02,0.7452,3.8865,0,1,1,0,0,20,20,0,0,0,0,0,1000.000
26370,0.7452,3.8865,-174.02,0.7452,3.8865,0,1,1,0,0,20,20,0,0,0,0,0,1000.000
26380,0.7452,3.8865,-174.04,0.7452,3.8865,0,1,1,0,0,20,20,0,0,0,0,0,1000.000
26390,0.7452,3.8865,-174.04,0.7452,3.8865,0,1,1,0,0,20,20,0,0,0,0,0,1000.000
26400,0.7452,3.8865,-174.06,0.7452,3.8865,0,1,1,0,0,20,20,0,0,0,0,0,1000.000
26410,0.7452,3.8865,-174.06,0.7452,3.8865,0,1,1,0,0,20,20,0,0,0,0,0,1000.000
26420,0.7452,3.8865,-174.07,0.7452,3.8865,0,1,1,0,0,20,20,0,0,0,0,0,1000.000
26430,0.7452,3.8865,-174.09,0.7452,3.8865,0,1,1,0,0,20,20,0,0,0,0,0,1000.000
26440,0.7452,3.8865,-174.09,0.7452,3.8865,0,1,1,0,0,20,20,0,0,0,0,0,1000.000
26450,0.7452,3.8865,-174.11,0.7452,3.8865,0,1,1,0,0,20,20,0,0,0,0,0,1000.000
26460,0.7452,3.8865,-174.11,0.7452,3.8865,0,1,1,0,0,20,20,0,0,0,0,0,1000.000
26470,0.7452,3.8865,-174.12,0.7452,3.8865,0,1,1,0,0,20,20,0,0,0,0,0,1000.000
26480,0.7452,3.8865,-174.13,0.7452,3.8865,0,1,1,0,0,20,20,0,0,0,0,0,1000.000
26490,0.7452,3.8865,-174.14,0.7452,3.8865,0,1,1,0,0,20,20,0,0,0,0,0,1000.000
26500,0.7452,3.8865,-174.16,0.7452,3.8865,0,1,1,0,0,20,20,0,0,0,0,0,1000.000
26510,0.7452,3.8865,-174.16,0.7452,3.8865,0,1,1,0,0,20,20,0,0,0,0,0,1000.000
26520,0.7452,3.8865,-174.17,0.7452,3.8865,0,1,1,0,0,20,20,0,0,0,0,0,1000.000
26530,0.7452,3.8865,-174.18,0.7452,3.8865,0,1,1,0,0,20,20,0,0,0,0,0,1000.000
26540,0.7452,3.8865,-174.19,0.7452,3.8865,0,1,1,0,0,20,20,0,0,0,0,0,1000.000
26550,0.7452,3.8865,-174.21,0.7452,3.8865,0,1,1,0,0,20,20,0,0,0,0,0,1000.000
26560,0.7452,3.8865,-174.21,0.7452,3.8865,0,1,1,0,0,20,20,0,0,0,0,0,1000.000
26570,0.7452,3.8865,-174.22,0.7452,3.8865,0,1,1,0,0,20,20,0,0,0,0,0,1000.000
26580,0.7452,3.8865,-174.23,0.7452,3.8865,0,1,1,0,0,20,20,0,0,0,0,0,1000.000
26590,0.7452,3.8865,-174.24,0.7452,3.8865,0,1,1,0,0,20,20,0,0,0,0,0,1000.000
26600,0.7452,3.8865,-174.25,0.7452,3.8865,0,1,1,0,0,20,20,0,0,0,0,0,1000.000
26610,0.7452,3.8865,-174.26,0.7452,3.8865,0,1,1,0,0,20,20,0,0,0,0,0,1000.000
26620,0.7452,3.8865,-174.26,0.7452,3.8865,0,1,1,0,0,20,20,0,0,0,0,0,1000.000
26630,0.7452,3.8865,-174.28,0.7452,3.8865,0,1,1,0,0,20,20,0,0,0,0,0,1000.000
26640,0.7452,3.8865,-174.28,0.7452,3.8865,0,1,1,0,0,20,20,0,0,0,0,0,1000.000
26650,0.7452,3.8865,-174.29,0.7452,3.8865,0,1,1,0,0,20,20,0,0,0,0,0,1000.000
26660,0.7452,3.8865,-174.31,0.7452,3.8865,0,1,1,0,0,20,20,0,0,0,0,0,1000.000
26670,0.7452,3.8865,-174.31,0.7452,3.8865,0,1,1,0,0,20,20,0,0,0,0,0,1000.000
26680,0.7452,3.8865,-174.32,0.7452,3.8865,0,1,1,0,0,20,20,0,0,0,0,0,1000.000
26690,0.7452,3.8865,-174.33,0.7452,3.8865,0,1,1,0,0,20,20,0,0,0,0,0,1000.000
26700,0.7452,3.8865,-174.34,0.7452,3.8865,0,1,1,0,0,20,20,0,0,0,0,0,1000.000
26710,0.7452,3.8865,-174.35,0.7452,3.8865,0,1,1,0,0,20,20,0,0,0,0,0,1000.000
26720,0.7452,3.8865,-174.36,0.7452,3.8865,0,1,1,0,0,20,20,0,0,0,0,0,1000.000
26730,0.7452,3.8865,-174.36,0.7452,3.8865,0,1,1,0,0,20,20,0,0,0,0,0,1000.000
26740,0.7452,3.8865,-174.38,0.7452,3.8865,0,1,1,0,0,20,20,0,0,0,0,0,1000.000
26750,0.7452,3.8865,-174.38,0.7452,3.8865,0,1,1,0,0,20,20,0,0,0,0,0,1000.000
26760,0.7452,3.8865,-174.39,0.7452,3.8865,0,1,1,0,0,20,20,0,0,0,0,0,1000.000
26770,0.7452,3.8865,-174.40,0.7452,3.8865,0,1,1,0,0,20,20,0,0,0,0,0,1000.000
26780,0.7452,3.8865,-174.41,0.7452,3.8865,0,1,1,0,0,20,20,0,0,0,0,0,1000.000
26790,0.7452,3.8865,-174.42,0.7452,3.8865,0,1,1,0,0,20,20,0,0,0,0,0,1000.000
26800,0.7452,3.8865,-174.43,0.7452,3.8865,0,1,1,0,0,20,20,0,0,0,0,0,1000.000
26810,0.7452,3.8865,-174.43,0.7452,3.8865,0,1,1,0,0,20,20,0,0,0,0,0,1000.000
26820,0.7452,3.8865,-174.45,0.7452,3.8865,0,1,1,0,0,20,20,0,0,0,0,0,1000.000
26830,0.7452,3.8865,-174.45,0.7452,3.8865,0,1,1,0,0,20,20,0,0,0,0,0,1000.000
26840,0.7452,3.8865,-174.46,0.7452,3.8865,0,1,1,0,0,20,20,0,0,0,0,0,1000.000
26850,0.7452,3.8865,-174.48,0.7452,3.8865,0,1,1,0,0,20,20,0,0,0,0,0,1000.000
26860,0.7452,3.8865,-174.48,0.7452,3.8865,0,1,1,0,0,20,20,0,0,0,0,0,1000.000
26870,0.7452,3.8865,-174.49,0.7452,3.8865,0,1,1,0,0,20,20,0,0,0,0,0,1000.000
26880,0.7452,3.8865,-174.50,0.7452,3.8865,0,1,1,0,0,20,20,0,0,0,0,0,1000.000
26890,0.7452,3.8865,-174.51,0.7452,3.8865,0,1,1,0,0,20,20,0,0,0,0,0,1000.000
26900,0.7452,3.8865,-174.52,0.7452,3.8865,0,1,1,0,0,20,20,0,0,0,0,0,1000.000
26910,0.7452,3.8865,-174.53,0.7452,3.8865,0,1,1,0,0,20,20,0,0,0,0,0,1000.000
26920,0.7452,3.8865,-174.53,0.7452,3.8865,0,1,1,0,0,20,20,0,0,0,0,0,1000.000
26930,0.7452,3.8865,-174.55,0.7452,3.8865,0,1,1,0,0,20,20,0,0,0,0,0,1000.000
26940,0.7452,3.8865,-174.55,0.7452,3.8865,0,1,1,0,0,20,20,0,0,0,0,0,1000.000
26950,0.7452,3.8865,-174.56,0.7452,3.8865,0,1,1,0,0,20,20,0,0,0,0,0,1000.000
26960,0.7452,3.8865,-174.57,0.7452,3.8865,0,1,1,0,0,20,20,0,0,0,0,0,1000.000
26970,0.7452,3.8865,-174.58,0.7452,3.8865,0,1,1,0,0,20,20,0,0,0,0,0,1000.000
26980,0.7452,3.8865,-174.59,0.7452,3.8865,0,1,1,0,0,20,20,0,0,0,0,0,1000.000
26990,0.7452,3.8865,-174.60,0.7452,3.8865,0,1,1,0,0,20,20,0,0,0,0,0,1000.000
27000,0.7452,3.8865,-174.60,0.7452,3.8865,0,1,1,0,0,20,20,0,0,0,0,0,1000.000
27010,0.7452,3.8865,-174.61,0.7452,3.8865,0,1,1,0,0,20,20,0,0,0,0,0,1000.000
27020,0.7452,3.8865,-174.63,0.7452,3.8865,0,1,1,0,0,20,20,0,0,0,0,0,1000.000
27030,0.7452,3.8865,-174.63,0.7452,3.8865,0,1,1,0,0,20,20,0,0,0,0,0,1000.000
27040,0.7452,3.8865,-174.64,0.7452,3.8865,0,1,1,0,0,20,20,0,0,0,0,0,1000.000
27050,0.7452,3.8865,-174.65,0.7452,3.8865,0,1,1,0,0,20,20,0,0,0,0,0,1000.000
27060,0.7452,3.8865,-174.66,0.7452,3.8865,0,1,1,0,0,20,20,0,0,0,0,0,1000.000
27070,0.7452,3.8865,-174.67,0.7452,3.8865,0,1,1,0,0,20,20,0,0,0,0,0,1000.000
27080,0.7452,3.8865,-174.67,0.7452,3.8865,0,1,1,0,0,20,20,0,0,0,0,0,1000.000
27090,0.7452,3.8865,-174.68,0.7452,3.8865,0,1,1,0,0,20,20,0,0,0,0,0,1000.000
27100,0.7452,3.8865,-174.70,0.7452,3.8865,0,1,1,0,0,20,20,0,0,0,0,0,1000.000
27110,0.7452,3.8865,-174.70,0.7452,3.8865,0,1,1,0,0,20,20,0,0,0,0,0,1000.000
27120,0.7452,3.8865,-174.71,0.7452,3.8865,0,1,1,0,0,20,20,0,0,0,0,0,1000.000
27130,0.7452,3.8865,-174.72,0.7452,3.8865,0,1,1,0,0,20,20,0,0,0,0,0,1000.000
27140,0.7452,3.8865,-174.73,0.7452,3.8865,0,1,1,0,0,20,20,0,0,0,0,0,1000.000
27150,0.7452,3.8865,-174.74,0.7452,3.8865,0,1,1,0,0,20,20,0,0,0,0,0,1000.000
27160,0.7452,3.8865,-174.75,0.7452,3.8865,0,1,1,0,0,20,20,0,0,0,0,0,1000.000
27170,0.7452,3.8865,-174.75,0.7452,3.8865,0,1,1,0,0,20,20,0,0,0,0,0,1000.000
27180,0.7452,3.8865,-174.77,0.7452,3.8865,0,1,1,0,0,20,20,0,0,0,0,0,1000.000
27190,0.7452,3.8865,-174.77,0.7452,3.8865,0,1,1,0,0,20,20,0,0,0,0,0,1000.000
27200,0.7452,3.8865,-174.78,0.7452,3.8865,0,1,1,0,0,20,20,0,0,0,0,0,1000.000
27210,0.7452,3.8865,-174.79,0.7452,3.8865,0,1,1,0,0,20,20,0,0,0,0,0,1000.000
27220,0.7452,3.8865,-174.80,0.7452,3.8865,0,1,1,0,0,20,20,0,0,0,0,0,1000.000
27230,0.7452,3.8865,-174.81,0.7452,3.8865,0,1,1,0,0,20,20,0,0,0,0,0,1000.000
27240,0.7452,3.8865,-174.82,0.7452,3.8865,0,1,1,0,0,20,20,0,0,0,0,0,1000.000
27250,0.7452,3.8865,-174.82,0.7452,3.8865,0,1,1,0,0,20,20,0,0,0,0,0,1000.000
27260,0.7452,3.8865,-174.84,0.7452,3.8865,0,1,1,0,0,20,20,0,0,0,0,0,1000.000
27270,0.7452,3.8865,-174.84,0.7452,3.8865,0,1,1,0,0,20,20,0,0,0,0,0,1000.000
27280,0.7452,3.8865,-174.85,0.7452,3.8865,0,1,1,0,0,20,20,0,0,0,0,0,1000.000
27290,0.7452,3.8865,-174.87,0.7452,3.8865,0,1,1,0,0,20,20,0,0,0,0,0,1000.000
27300,0.7452,3.8865,-174.87,0.7452,3.8865,0,1,1,0,0,20,20,0,0,0,0,0,1000.000
27310,0.7452,3.8865,-174.88,0.7452,3.8865,0,1,1,0,0,20,20,0,0,0,0,0,1000.000
27320,0.7452,3.8865,-174.89,0.7452,3.8865,0,1,1,0,0,20,20,0,0,0,0,0,1000.000
27330,0.7452,3.8865,-174.89,0.7452,3.8865,0,1,1,0,0,20,20,0,0,0,0,0,1000.000
27340,0.7452,3.8865,-174.90,0.7452,3.8865,0,1,1,0,0,20,20,0,0,0,0,0,1000.000
27350,0.7452,3.8865,-174.92,0.7452,3.8865,0,1,1,0,0,20,20,0,0,0,0,0,1000.000
27360,0.7452,3.8865,-174.92,0.7452,3.8865,0,1,1,0,0,20,20,0,0,0,0,0,1000.000
27370,0.7452,3.8865,-174.93,0.7452,3.8865,0,1,1,0,0,20,20,0,0,0,0,0,1000.000
27380,0.7452,3.8865,-174.94,0.7452,3.8865,0,1,1,0,0,20,20,0,0,0,0,0,1000.000
27390,0.7452,3.8865,-174.94,0.7452,3.8865,0,1,1,0,0,20,20,0,0,0,0,0,1000.000
27400,0.7452,3.8865,-174.96,0.7452,3.8865,0,1,1,0,0,20,20,0,0,0,0,0,1000.000
27410,0.7452,3.8865,-174.96,0.7452,3.8865,0,1,1,0,0,20,20,0,0,0,0,0,1000.000
27420,0.7452,3.8865,-174.97,0.7452,3.8865,0,1,1,0,0,20,20,0,0,0,0,0,1000.000
27430,0.7452,3.8865,-174.98,0.7452,3.8865,0,1,1,0,0,20,20,0,0,0,0,0,1000.000
27440,0.7452,3.8865,-174.99,0.7452,3.8865,0,1,1,0,0,20,20,0,0,0,0,0,1000.000
27450,0.7452,3.8865,-174.99,0.7452,3.8865,0,1,1,0,0,20,20,0,0,0,0,0,1000.000
27460,0.7452,3.8865,-175.01,0.7452,3.8865,0,1,1,0,0,20,20,0,0,0,0,0,1000.000
27470,0.7452,3.8865,-175.01,0.7452,3.8865,0,1,1,0,0,20,20,0,0,0,0,0,1000.000
27480,0.7452,3.8865,-175.02,0.7452,3.8865,0,1,1,0,0,20,20,0,0,0,0,0,1000.000
27490,0.7452,3.8865,-175.03,0.7452,3.8865,0,1,1,0,0,20,20,0,0,0,0,0,1000.000
27500,0.7452,3.8865,-175.03,0.7452,3.8865,0,1,1,0,0,20,20,139,-12,1,0,0,0.475
27510,0.7451,3.8865,-175.04,0.7451,3.8865,0,1,1,0,0,20,20,139,-12,1,0,0,0.475
27520,0.7449,3.8865,-175.05,0.7449,3.8865,0,1,1,0,0,20,20,139,-12,1,0,0,0.475
27530,0.7444,3.8864,-175.06,0.7444,3.8864,0,1,1,0,0,20,20,139,-12,1,0,0,0.474
27540,0.7437,3.8864,-175.06,0.7437,3.8864,0,1,1,0,0,20,20,138,-12,1,0,0,0.474
27550,0.7429,3.8863,-175.07,0.7429,3.8863,0,1,1,0,0,20,20,138,-12,1,0,0,0.473
27560,0.7418,3.8862,-175.08,0.7418,3.8862,0,1,1,0,0,20,20,138,-12,1,0,0,0.472
27570,0.7406,3.8861,-175.09,0.7406,3.8861,0,1,1,0,0,20,20,138,-12,1,0,0,0.471
27580,0.7391,3.8860,-175.09,0.7391,3.8860,0,1,1,0,0,20,20,138,-12,1,0,0,0.469
27590,0.7375,3.8858,-175.10,0.7375,3.8858,0,1,1,0,0,20,20,137,-12,1,0,0,0.467
27600,0.7356,3.8857,-175.11,0.7356,3.8857,0,1,1,0,0,20,20,137,-12,1,0,0,0.466
27610,0.7336,3.8855,-175.12,0.7336,3.8855,0,1,1,0,0,20,20,137,-11,1,0,0,0.464
27620,0.7313,3.8853,-175.12,0.7313,3.8853,0,1,1,0,0,20,20,136,-11,1,0,0,0.461
27630,0.7289,3.8851,-175.13,0.7289,3.8851,0,1,1,0,0,20,20,136,-11,1,0,0,0.459
27640,0.7262,3.8849,-175.14,0.7262,3.8849,0,1,1,0,0,20,20,136,-11,1,0,0,0.456
27650,0.7234,3.8847,-175.15,0.7234,3.8847,0,1,1,0,0,20,20,135,-11,1,0,0,0.453
27660,0.7203,3.8844,-175.15,0.7203,3.8844,0,1,1,0,0,20,20,135,-11,1,0,0,0.450
27670,0.7171,3.8841,-175.16,0.7171,3.8841,0,1,1,0,0,20,20,134,-11,1,0,0,0.447
27680,0.7136,3.8838,-175.17,0.7136,3.8838,0,1,1,0,0,20,20,133,-11,1,0,0,0.444
27690,0.7100,3.8835,-175.18,0.7100,3.8835,0,1,1,0,0,20,20,133,-11,1,0,0,0.440
27700,0.7061,3.8832,-175.18,0.7061,3.8832,0,1,1,0,0,20,20,132,-11,1,0,0,0.436
27710,0.7021,3.8829,-175.19,0.7021,3.8829,0,1,1,0,0,20,20,132,-11,1,0,0,0.432
27720,0.6979,3.8825,-175.20,0.6979,3.8825,0,1,1,0,0,20,20,131,-11,1,0,0,0.428
27730,0.6934,3.8822,-175.21,0.6934,3.8822,0,1,1,0,0,20,20,130,-10,1,0,0,0.423
27740,0.6888,3.8818,-175.21,0.6888,3.8818,0,1,1,0,0,20,20,129,-10,1,0,0,0.419
27750,0.6839,3.8814,-175.22,0.6839,3.8814,0,1,1,0,0,20,20,128,-10,1,0,0,0.414
27760,0.6789,3.8810,-175.23,0.6789,3.8810,0,1,1,0,0,20,20,128,-10,1,0,0,0.409
27770,0.6736,3.8805,-175.24,0.6736,3.8805,0,1,1,0,0,20,20,127,-10,1,0,0,0.404
27780,0.6682,3.8801,-175.24,0.6682,3.8801,0,1,1,0,0,20,20,126,-10,1,0,0,0.398
27790,0.6626,3.8796,-175.25,0.6626,3.8796,0,1,1,0,0,20,20,125,-10,1,0,0,0.393
27800,0.6567,3.8791,-175.26,0.6567,3.8791,0,1,1,0,0,20,20,124,-10,1,0,0,0.387
27810,0.6507,3.8786,-175.27,0.6507,3.8786,0,1,1,0,0,20,20,123,-9,1,0,0,0.381
27820,0.6444,3.8781,-175.27,0.6444,3.8781,0,1,1,0,0,20,20,121,-9,1,0,0,0.374
27830,0.6380,3.8776,-175.28,0.6380,3.8776,0,1,1,0,0,20,20,120,-9,1,0,0,0.368
27840,0.6314,3.8770,-175.29,0.6314,3.8770,0,1,1,0,0,20,20,119,-9,1,0,0,0.361
27850,0.6245,3.8765,-175.30,0.6245,3.8765,0,1,1,0,0,20,20,118,-9,1,0,0,0.355
27860,0.6175,3.8759,-175.30,0.6175,3.8759,0,1,1,0,0,20,20,117,-9,1,0,0,0.348
27870,0.6103,3.8753,-175.31,0.6103,3.8753,0,1,1,0,0,20,20,115,-9,1,0,0,0.340
27880,0.6028,3.8747,-175.32,0.6028,3.8747,0,1,1,0,0,20,20,114,-9,1,0,0,0.333
27890,0.5952,3.8741,-175.32,0.5952,3.8741,0,1,1,0,0,20,20,112,-9,1,0,0,0.325
27900,0.5874,3.8735,-175.33,0.5874,3.8735,0,1,1,0,0,20,20,111,-8,1,0,0,0.317
27910,0.5795,3.8729,-175.33,0.5795,3.8729,0,1,1,0,0,20,20,109,-8,1,0,0,0.309
27920,0.5714,3.8724,-175.33,0.5714,3.8724,0,1,1,0,0,20,20,108,-8,1,0,0,0.301
27930,0.5632,3.8720,-175.33,0.5632,3.8720,0,1,1,0,0,20,20,106,-8,1,0,0,0.293
27940,0.5550,3.8718,-175.34,0.5550,3.8718,0,1,1,0,0,20,20,104,-8,1,0,0,0.285
27950,0.5467,3.8718,-175.34,0.5467,3.8718,0,1,1,0,0,20,20,102,-8,1,0,0,0.277
27960,0.5386,3.8717,-175.34,0.5386,3.8717,0,1,1,0,0,20,20,101,-8,1,0,0,0.269
27970,0.5305,3.8717,-175.35,0.5305,3.8717,0,1,1,0,0,20,20,99,-7,1,0,0,0.261
27980,0.5226,3.8717,-175.35,0.5226,3.8717,0,1,1,0,0,20,20,97,-7,1,0,0,0.253
27990,0.5148,3.8716,-175.36,0.5148,3.8716,0,1,1,0,0,20,20,95,-7,1,0,0,0.245
28000,0.5073,3.8716,-175.36,0.5073,3.8716,0,1,1,0,0,20,20,94,-7,1,0,0,0.237
28010,0.4998,3.8716,-175.36,0.4998,3.8716,0,1,1,0,0,20,20,92,-7,1,0,0,0.230
28020,0.4924,3.8715,-175.37,0.4924,3.8715,0,1,1,0,0,20,20,90,-7,1,0,0,0.222
28030,0.4852,3.8715,-175.37,0.4852,3.8715,0,1,1,0,0,20,20,89,-7,1,0,0,0.215
28040,0.4782,3.8715,-175.37,0.4782,3.8715,0,1,1,0,0,20,20,87,-6,1,0,0,0.208
28050,0.4712,3.8714,-175.38,0.4712,3.8714,0,1,1,0,0,20,20,85,-6,1,0,0,0.201
28060,0.4644,3.8714,-175.38,0.4644,3.8714,0,1,1,0,0,20,20,84,-6,1,0,0,0.194
28070,0.4578,3.8714,-175.39,0.4578,3.8714,0,1,0,0,0,20,20,82,-6,1,0,0,0.188
28080,0.4513,3.8713,-175.39,0.4513,3.8713,0,1,0,0,0,20,20,80,-6,1,0,0,0.181
28090,0.4449,3.8713,-175.39,0.4449,3.8713,0,1,0,0,0,20,20,79,-6,1,0,0,0.175
28100,0.4386,3.8713,-175.40,0.4386,3.8713,0,1,0,0,0,20,20,77,-6,1,0,0,0.169
28110,0.4324,3.8713,-175.40,0.4324,3.8713,0,1,0,0,0,20,20,75,-6,1,0,0,0.162
28120,0.4265,3.8712,-175.40,0.4265,3.8712,0,1,0,0,0,20,20,74,-5,1,0,0,0.156
28130,0.4206,3.8712,-175.40,0.4206,3.8712,0,1,0,0,0,20,20,72,-5,1,0,0,0.151
28140,0.4148,3.8711,-175.41,0.4148,3.8711,0,1,0,0,0,20,20,70,-5,1,0,0,0.145
28150,0.4092,3.8711,-175.42,0.4092,3.8711,0,1,0,0,0,20,20,69,-5,1,0,0,0.139
28160,0.4038,3.8710,-175.42,0.4038,3.8710,0,1,0,0,0,20,20,67,-5,1,0,0,0.134
28170,0.3985,3.8710,-175.42,0.3985,3.8710,0,1,0,0,0,20,20,65,-5,1,0,0,0.128
28180,0.3932,3.8710,-175.43,0.3932,3.8710,0,1,0,0,0,20,20,64,-5,1,0,0,0.123
28190,0.3882,3.8710,-175.43,0.3882,3.8710,0,1,0,0,0,20,20,62,-5,1,0,0,0.118
28200,0.3832,3.8709,-175.43,0.3832,3.8709,0,1,0,0,0,20,20,61,-4,1,0,0,0.113
28210,0.3784,3.8709,-175.44,0.3784,3.8709,0,1,0,0,0,20,20,59,-4,1,0,0,0.108
28220,0.3737,3.8708,-175.44,0.3737,3.8708,0,1,0,0,0,20,20,57,-4,1,0,0,0.104
28230,0.3691,3.8708,-175.44,0.3691,3.8708,0,1,0,0,0,20,20,56,-4,1,0,0,0.099
28240,0.3647,3.8707,-175.44,0.3647,3.8707,0,1,0,0,0,20,20,54,-4,1,0,0,0.095
28250,0.3604,3.8707,-175.45,0.3604,3.8707,0,1,0,0,0,20,20,53,-4,1,0,0,0.090
28260,0.3561,3.8707,-175.46,0.3561,3.8707,1,1,0,0,0,20,20,51,-4,1,0,0,0.086
28270,0.3521,3.8707,-175.46,0.3521,3.8707,1,1,0,0,0,20,20,50,-4,1,0,0,0.082
28280,0.3481,3.8707,-175.46,0.3481,3.8707,1,1,0,0,0,20,20,48,-3,1,0,0,0.078
28290,0.3443,3.8706,-175.47,0.3443,3.8706,1,1,0,0,0,20,20,47,-3,1,0,0,0.074
28300,0.3405,3.8706,-175.47,0.3405,3.8706,1,1,1,0,0,20,20,0,0,0,0,0,1000.000
28310,0.3370,3.8705,-175.47,0.3370,3.8705,1,1,1,0,0,20,20,0,0,0,0,0,1000.000
28320,0.3337,3.8705,-175.47,0.3337,3.8705,1,1,1,0,0,20,20,0,0,0,0,0,1000.000
28330,0.3305,3.8705,-175.47,0.3305,3.8705,1,1,1,0,0,20,20,0,0,0,0,0,1000.000
28340,0.3275,3.8705,-175.48,0.3275,3.8705,1,1,1,0,0,20,20,0,0,0,0,0,1000.000
28350,0.3247,3.8704,-175.48,0.3247,3.8704,1,1,1,0,0,20,20,12,53,0,1,0,1.417
28360,0.3221,3.8704,-175.48,0.3221,3.8704,1,1,1,0,0,20,20,12,53,0,1,0,1.417
28370,0.3197,3.8704,-175.48,0.3197,3.8704,1,1,1,0,0,20,20,12,53,0,1,0,1.417
28380,0.3175,3.8704,-175.48,0.3175,3.8704,1,1,1,0,0,20,20,12,53,0,1,0,1.417
28390,0.3155,3.8705,-175.48,0.3155,3.8705,1,1,1,0,0,20,20,12,53,0,1,0,1.417
28400,0.3137,3.8705,-175.48,0.3137,3.8705,1,1,1,0,0,20,20,12,53,0,1,0,1.417
28410,0.3120,3.8706,-175.48,0.3120,3.8706,1,1,1,0,0,20,20,12,53,0,1,0,1.417
28420,0.3106,3.8706,-175.48,0.3106,3.8706,1,1,1,0,0,20,20,12,53,0,1,0,1.417
28430,0.3093,3.8706,-175.49,0.3093,3.8706,1,1,1,0,0,20,20,12,53,0,1,0,1.417
28440,0.3080,3.8704,-175.50,0.3080,3.8704,1,1,1,0,0,20,20,12,53,0,1,0,1.417
28450,0.3067,3.8700,-175.50,0.3067,3.8700,1,1,1,0,0,20,20,12,53,0,1,0,1.416
28460,0.3055,3.8694,-175.50,0.3055,3.8694,1,1,1,0,0,20,20,12,53,0,1,0,1.416
28470,0.3043,3.8686,-175.50,0.3043,3.8686,1,1,1,0,0,20,20,12,53,0,1,0,1.415
28480,0.3031,3.8677,-175.51,0.3031,3.8677,1,1,1,0,0,20,20,12,53,0,1,0,1.414
28490,0.3020,3.8666,-175.51,0.3020,3.8666,1,1,1,0,0,20,20,12,53,0,1,0,1.413
28500,0.3009,3.8653,-175.52,0.3009,3.8653,1,1,1,0,0,20,20,12,53,0,1,0,1.412
28510,0.2998,3.8638,-175.52,0.2998,3.8638,1,1,1,0,0,20,20,12,53,0,1,0,1.410
28520,0.2987,3.8621,-175.52,0.2987,3.8621,1,1,1,0,0,20,20,12,53,0,1,0,1.409
28530,0.2977,3.8602,-175.53,0.2977,3.8602,1,1,1,0,0,20,20,12,53,0,1,0,1.407
28540,0.2967,3.8581,-175.53,0.2967,3.8581,1,1,1,0,0,20,20,12,53,0,1,0,1.405
28550,0.2957,3.8559,-175.53,0.2957,3.8559,1,1,1,0,0,20,20,12,53,0,1,0,1.402
28560,0.2948,3.8535,-175.54,0.2948,3.8535,1,1,1,0,0,20,20,12,53,0,1,0,1.400
28570,0.2938,3.8509,-175.54,0.2938,3.8509,1,1,1,0,0,20,20,12,53,0,1,0,1.397
28580,0.2930,3.8481,-175.55,0.2930,3.8481,1,1,1,0,0,20,20,12,53,0,1,0,1.395
28590,0.2923,3.8451,-175.55,0.2923,3.8451,1,1,1,0,0,20,20,12,53,0,1,0,1.392
28600,0.2923,3.8419,-175.55,0.2923,3.8419,1,1,1,0,0,20,20,12,53,0,1,0,1.388
28610,0.2923,3.8386,-175.55,0.2923,3.8386,1,1,1,0,0,20,20,12,53,0,1,0,1.385
28620,0.2922,3.8350,-175.56,0.2922,3.8350,1,1,1,0,0,20,20,12,53,0,1,0,1.382
28630,0.2922,3.8313,-175.56,0.2922,3.8313,1,1,1,0,0,20,20,12,53,0,1,0,1.378
28640,0.2922,3.8275,-175.57,0.2922,3.8275,1,1,1,0,0,20,20,12,53,0,1,0,1.374
28650,0.2921,3.8234,-175.58,0.2921,3.8234,1,1,1,0,0,20,20,12,53,0,1,0,1.370
28660,0.2921,3.8192,-175.58,0.2921,3.8192,1,1,1,0,0,20,20,12,53,0,1,0,1.366
28670,0.2921,3.8149,-175.58,0.2921,3.8149,1,1,1,0,0,20,20,12,53,0,1,0,1.361
28680,0.2921,3.8106,-175.58,0.2921,3.8106,1,1,1,0,0,20,20,12,53,0,1,0,1.357
28690,0.2921,3.8063,-175.58,0.2921,3.8063,1,1,1,0,0,20,20,12,53,0,1,0,1.353
28700,0.2921,3.8020,-175.59,0.2921,3.8020,1,1,1,0,0,20,20,12,53,0,1,0,1.349
28710,0.2921,3.7978,-175.59,0.2921,3.7978,1,1,1,0,0,20,20,12,53,0,1,0,1.344
28720,0.2920,3.7935,-175.59,0.2920,3.7935,1,1,1,0,0,20,20,12,53,0,1,0,1.340
28730,0.2920,3.7892,-175.60,0.2920,3.7892,1,1,1,0,0,20,20,12,53,0,1,0,1.336
28740,0.2920,3.7849,-175.60,0.2920,3.7849,1,1,1,0,0,20,20,12,53,0,1,0,1.331
28750,0.2920,3.7806,-175.60,0.2920,3.7806,1,1,1,0,0,20,20,12,53,0,1,0,1.327
28760,0.2920,3.7764,-175.61,0.2920,3.7764,1,1,1,0,0,20,20,12,53,0,1,0,1.323
28770,0.2920,3.7721,-175.61,0.2920,3.7721,1,1,1,0,0,20,20,12,53,0,1,0,1.319
28780,0.2920,3.7678,-175.61,0.2920,3.7678,1,1,1,0,0,20,20,12,53,0,1,0,1.314
28790,0.2919,3.7635,-175.62,0.2919,3.7635,1,1,1,0,0,20,20,12,53,0,1,0,1.310
28800,0.2919,3.7593,-175.62,0.2919,3.7593,1,1,1,0,0,20,20,11,53,0,1,0,1.306
28810,0.2919,3.7550,-175.62,0.2919,3.7550,1,1,1,0,0,20,20,11,53,0,1,0,1.301
28820,0.2919,3.7507,-175.62,0.2919,3.7507,1,1,1,0,0,20,20,11,53,0,1,0,1.297
28830,0.2919,3.7464,-175.63,0.2919,3.7464,1,1,1,0,0,20,20,11,53,0,1,0,1.293
28840,0.2919,3.7422,-175.63,0.2919,3.7422,1,1,1,0,0,20,20,11,53,0,1,0,1.289
28850,0.2918,3.7379,-175.63,0.2918,3.7379,1,1,1,0,0,20,20,11,53,0,1,0,1.284
28860,0.2918,3.7336,-175.64,0.2918,3.7336,1,1,1,0,0,20,20,11,53,0,1,0,1.280
28870,0.2918,3.7293,-175.64,0.2918,3.7293,1,1,1,0,0,20,20,11,53,0,1,0,1.276
28880,0.2918,3.7251,-175.64,0.2918,3.7251,1,1,1,0,0,20,20,11,53,0,1,0,1.272
28890,0.2918,3.7208,-175.64,0.2918,3.7208,1,1,1,0,0,20,20,11,53,0,1,0,1.267
28900,0.2918,3.7165,-175.65,0.2918,3.7165,1,1,1,0,0,20,20,11,53,0,1,0,1.263
28910,0.2917,3.7123,-175.65,0.2917,3.7123,1,1,1,0,0,20,20,11,53,0,1,0,1.259
28920,0.2917,3.7080,-175.66,0.2917,3.7080,1,1,1,0,0,20,20,11,53,0,1,0,1.254
28930,0.2917,3.7037,-175.66,0.2917,3.7037,1,1,1,0,0,20,20,11,53,0,1,0,1.250
28940,0.2917,3.6994,-175.66,0.2917,3.6994,1,1,1,0,0,20,20,11,53,0,1,0,1.246
28950,0.2917,3.6952,-175.67,0.2917,3.6952,1,1,1,0,0,20,20,11,53,0,1,0,1.242
28960,0.2917,3.6909,-175.67,0.2917,3.6909,1,1,1,0,0,20,20,11,53,0,1,0,1.237
28970,0.2917,3.6866,-175.67,0.2917,3.6866,1,1,1,0,0,20,20,11,53,0,1,0,1.233
28980,0.2916,3.6823,-175.68,0.2916,3.6823,1,1,1,0,0,20,20,11,53,0,1,0,1.229
28990,0.2916,3.6781,-175.68,0.2916,3.6781,1,1,1,0,0,20,20,11,53,0,1,0,1.225
29000,0.2916,3.6738,-175.68,0.2916,3.6738,1,1,1,0,0,20,20,11,53,0,1,0,1.220
29010,0.2916,3.6695,-175.68,0.2916,3.6695,1,1,1,0,0,20,20,11,53,0,1,0,1.216
29020,0.2916,3.6653,-175.69,0.2916,3.6653,1,1,1,0,0,20,20,11,53,0,1,0,1.212
29030,0.2916,3.6610,-175.69,0.2916,3.6610,1,1,1,0,0,20,20,11,53,0,1,0,1.207
29040,0.2915,3.6567,-175.69,0.2915,3.6567,1,1,1,0,0,20,20,11,53,0,1,0,1.203
29050,0.2915,3.6524,-175.70,0.2915,3.6524,1,1,1,0,0,20,20,11,53,0,1,0,1.199
29060,0.2915,3.6482,-175.70,0.2915,3.6482,1,1,1,0,0,20,20,11,53,0,1,0,1.195
29070,0.2915,3.6439,-175.70,0.2915,3.6439,1,1,1,0,0,20,20,11,53,0,1,0,1.190
29080,0.2915,3.6396,-175.70,0.2915,3.6396,1,1,1,0,0,20,20,11,53,0,1,0,1.186
29090,0.2915,3.6354,-175.71,0.2915,3.6354,1,1,1,0,0,20,20,11,53,0,1,0,1.182
29100,0.2915,3.6311,-175.71,0.2915,3.6311,1,1,1,0,0,20,20,11,53,0,1,0,1.178
29110,0.2914,3.6268,-175.72,0.2914,3.6268,1,1,1,0,0,20,20,11,53,0,1,0,1.173
29120,0.2914,3.6225,-175.72,0.2914,3.6225,1,1,1,0,0,20,20,11,53,0,1,0,1.169
29130,0.2914,3.6183,-175.72,0.2914,3.6183,1,1,1,0,0,20,20,11,53,0,1,0,1.165
29140,0.2914,3.6140,-175.72,0.2914,3.6140,1,1,1,0,0,20,20,11,53,0,1,0,1.161
29150,0.2914,3.6097,-175.73,0.2914,3.6097,1,1,1,0,0,20,20,11,53,0,1,0,1.156
29160,0.2914,3.6055,-175.73,0.2914,3.6055,1,1,1,0,0,20,20,11,53,0,1,0,1.152
29170,0.2914,3.6012,-175.73,0.2914,3.6012,1,1,1,0,0,20,20,11,53,0,1,0,1.148
29180,0.2913,3.5969,-175.74,0.2913,3.5969,1,1,1,0,0,20,20,11,53,0,1,0,1.143
29190,0.2913,3.5926,-175.74,0.2913,3.5926,1,1,1,0,0,20,20,11,53,0,1,0,1.139
29200,0.2913,3.5884,-175.74,0.2913,3.5884,1,1,1,0,0,20,20,11,53,0,1,0,1.135
29210,0.2913,3.5841,-175.75,0.2913,3.5841,1,1,1,0,0,20,20,11,53,0,1,0,1.131
29220,0.2913,3.5798,-175.75,0.2913,3.5798,1,1,1,0,0,20,20,11,53,0,1,0,1.126
29230,0.2912,3.5756,-175.75,0.2912,3.5756,1,1,1,0,0,20,20,11,53,0,1,0,1.122
29240,0.2912,3.5713,-175.75,0.2912,3.5713,1,1,1,0,0,20,20,11,53,0,1,0,1.118
29250,0.2912,3.5670,-175.76,0.2912,3.5670,1,1,1,0,0,20,20,11,53,0,1,0,1.114
29260,0.2912,3.5627,-175.76,0.2912,3.5627,1,1,1,0,0,20,20,11,53,0,1,0,1.109
29270,0.2912,3.5585,-175.76,0.2912,3.5585,1,1,1,0,0,20,20,11,53,0,1,0,1.105
29280,0.2912,3.5542,-175.77,0.2912,3.5542,1,1,1,0,0,20,20,11,53,0,1,0,1.101
29290,0.2912,3.5499,-175.77,0.2912,3.5499,1,1,1,0,0,20,20,11,53,0,1,0,1.096
29300,0.2911,3.5457,-175.78,0.2911,3.5457,1,1,1,0,0,20,20,11,53,0,1,0,1.092
29310,0.2911,3.5414,-175.78,0.2911,3.5414,1,1,1,0,0,20,20,11,53,0,1,0,1.088
29320,0.2911,3.5371,-175.78,0.2911,3.5371,1,1,1,0,0,20,20,11,53,0,1,0,1.084
29330,0.2911,3.5328,-175.78,0.2911,3.5328,1,1,1,0,0,20,20,11,53,0,1,0,1.079
29340,0.2911,3.5286,-175.79,0.2911,3.5286,1,1,1,0,0,20,20,11,53,0,1,0,1.075
29350,0.2911,3.5243,-175.79,0.2911,3.5243,1,1,1,0,0,20,20,11,53,0,1,0,1.071
29360,0.2910,3.5200,-175.79,0.2910,3.5200,1,1,1,0,0,20,20,11,53,0,1,0,1.067
29370,0.2910,3.5158,-175.80,0.2910,3.5158,1,1,1,0,0,20,20,11,53,0,1,0,1.062
29380,0.2910,3.5115,-175.80,0.2910,3.5115,1,1,1,0,0,20,20,11,53,0,1,0,1.058
29390,0.2910,3.5072,-175.80,0.2910,3.5072,1,1,1,0,0,20,20,11,53,0,1,0,1.054
29400,0.2910,3.5029,-175.81,0.2910,3.5029,1,1,1,0,0,20,20,11,53,0,1,0,1.049
29410,0.2910,3.4987,-175.81,0.2910,3.4987,1,1,1,0,0,20,20,11,53,0,1,0,1.045
29420,0.2909,3.4944,-175.81,0.2909,3.4944,1,1,1,0,0,20,20,11,53,0,1,0,1.041
29430,0.2909,3.4901,-175.81,0.2909,3.4901,1,1,1,0,0,20,20,11,53,0,1,0,1.037
29440,0.2909,3.4859,-175.82,0.2909,3.4859,1,1,1,0,0,20,20,11,53,0,1,0,1.032
29450,0.2909,3.4816,-175.82,0.2909,3.4816,1,1,1,0,0,20,20,11,53,0,1,0,1.028
29460,0.2909,3.4773,-175.82,0.2909,3.4773,1,1,1,0,0,20,20,11,53,0,1,0,1.024
29470,0.2909,3.4731,-175.83,0.2909,3.4731,1,1,1,0,0,20,20,11,53,0,1,0,1.020
29480,0.2909,3.4688,-175.83,0.2909,3.4688,1,1,1,0,0,20,20,11,53,0,1,0,1.015
29490,0.2908,3.4645,-175.83,0.2908,3.4645,1,1,1,0,0,20,20,11,53,0,1,0,1.011
29500,0.2908,3.4602,-175.83,0.2908,3.4602,1,1,1,0,0,20,20,11,53,0,1,0,1.007
29510,0.2908,3.4560,-175.84,0.2908,3.4560,1,1,1,0,0,20,20,11,53,0,1,0,1.002
29520,0.2908,3.4517,-175.84,0.2908,3.4517,1,1,1,0,0,20,20,11,53,0,1,0,0.998
29530,0.2908,3.4474,-175.85,0.2908,3.4474,1,1,1,0,0,20,20,11,53,0,1,0,0.994
29540,0.2908,3.4432,-175.85,0.2908,3.4432,1,1,1,0,0,20,20,11,53,0,1,0,0.990
29550,0.2907,3.4389,-175.85,0.2907,3.4389,1,1,1,0,0,20,20,11,53,0,1,0,0.985
29560,0.2907,3.4346,-175.85,0.2907,3.4346,1,1,1,0,0,20,20,11,53,0,1,0,0.981
29570,0.2907,3.4303,-175.86,0.2907,3.4303,1,1,1,0,0,20,20,11,53,0,1,0,0.977
29580,0.2907,3.4261,-175.86,0.2907,3.4261,1,1,1,0,0,20,20,11,53,0,1,0,0.973
29590,0.2907,3.4218,-175.86,0.2907,3.4218,1,1,1,0,0,20,20,11,53,0,1,0,0.968
29600,0.2907,3.4175,-175.87,0.2907,3.4175,1,1,1,0,0,20,20,11,53,0,1,0,0.964
29610,0.2906,3.4133,-175.87,0.2906,3.4133,1,1,1,0,0,20,20,11,53,0,1,0,0.960
29620,0.2906,3.4090,-175.87,0.2906,3.4090,1,1,1,0,0,20,20,11,53,0,1,0,0.955
29630,0.2906,3.4047,-175.88,0.2906,3.4047,1,1,1,0,0,20,20,11,53,0,1,0,0.951
29640,0.2906,3.4005,-175.88,0.2906,3.4005,1,1,1,0,0,20,20,11,53,0,1,0,0.947
29650,0.2906,3.3962,-175.88,0.2906,3.3962,1,1,1,0,0,20,20,11,53,0,1,0,0.943
29660,0.2906,3.3919,-175.88,0.2906,3.3919,1,1,1,0,0,20,20,11,53,0,1,0,0.938
29670,0.2906,3.3876,-175.89,0.2906,3.3876,1,1,1,0,0,20,20,11,53,0,1,0,0.934
29680,0.2905,3.3834,-175.89,0.2905,3.3834,1,1,1,0,0,20,20,11,53,0,1,0,0.930
29690,0.2905,3.3791,-175.89,0.2905,3.3791,1,1,1,0,0,20,20,11,53,0,1,0,0.926
29700,0.2905,3.3748,-175.90,0.2905,3.3748,1,1,1,0,0,20,20,11,53,0,1,0,0.921
29710,0.2905,3.3706,-175.90,0.2905,3.3706,1,1,1,0,0,20,20,11,53,0,1,0,0.917
29720,0.2905,3.3663,-175.91,0.2905,3.3663,1,1,1,0,0,20,20,11,53,0,1,0,0.913
29730,0.2905,3.3620,-175.91,0.2905,3.3620,1,1,1,0,0,20,20,11,53,0,1,0,0.909
29740,0.2904,3.3578,-175.91,0.2904,3.3578,1,1,1,0,0,20,20,11,53,0,1,0,0.904
29750,0.2904,3.3535,-175.91,0.2904,3.3535,1,1,1,0,0,20,20,11,53,0,1,0,0.900
29760,0.2904,3.3492,-175.92,0.2904,3.3492,1,1,1,0,0,20,20,11,53,0,1,0,0.896
29770,0.2904,3.3449,-175.92,0.2904,3.3449,1,1,1,0,0,20,20,11,53,0,1,0,0.891
29780,0.2904,3.3407,-175.92,0.2904,3.3407,1,1,1,0,0,20,20,11,53,0,1,0,0.887
29790,0.2904,3.3364,-175.93,0.2904,3.3364,1,1,1,0,0,20,20,11,53,0,1,0,0.883
29800,0.2904,3.3321,-175.93,0.2904,3.3321,1,1,1,0,0,20,20,11,53,0,1,0,0.879
29810,0.2903,3.3279,-175.93,0.2903,3.3279,1,1,1,0,0,20,20,11,53,0,1,0,0.874
29820,0.2903,3.3236,-175.94,0.2903,3.3236,1,1,1,0,0,20,20,11,53,0,1,0,0.870
29830,0.2903,3.3193,-175.94,0.2903,3.3193,1,1,1,0,0,20,20,11,53,0,1,0,0.866
29840,0.2903,3.3151,-175.94,0.2903,3.3151,1,1,1,0,0,20,20,11,53,0,1,0,0.862
29850,0.2903,3.3108,-175.94,0.2903,3.3108,1,1,1,0,0,20,20,11,53,0,1,0,0.857
29860,0.2902,3.3065,-175.95,0.2902,3.3065,1,1,1,0,0,20,20,11,53,0,1,0,0.853
29870,0.2902,3.3023,-175.95,0.2902,3.3023,1,1,1,0,0,20,20,11,53,0,1,0,0.849
29880,0.2902,3.2980,-175.95,0.2902,3.2980,1,1,1,0,0,20,20,11,53,0,1,0,0.844
29890,0.2902,3.2937,-175.96,0.2902,3.2937,1,1,1,0,0,20,20,11,53,0,1,0,0.840
29900,0.2902,3.2894,-175.96,0.2902,3.2894,1,1,1,0,0,20,20,11,53,0,1,0,0.836
29910,0.2902,3.2852,-175.96,0.2902,3.2852,1,1,1,0,0,20,20,11,53,0,1,0,0.832
29920,0.2902,3.2809,-175.96,0.2902,3.2809,1,1,1,0,0,20,20,11,53,0,1,0,0.827
29930,0.2901,3.2766,-175.97,0.2901,3.2766,1,1,1,0,0,20,20,11,53,0,1,0,0.823
29940,0.2901,3.2724,-175.97,0.2901,3.2724,1,1,1,0,0,20,20,11,53,0,1,0,0.819
29950,0.2901,3.2681,-175.98,0.2901,3.2681,1,1,1,0,0,20,20,11,53,0,1,0,0.815
29960,0.2901,3.2638,-175.98,0.2901,3.2638,1,1,1,0,0,20,20,11,53,0,1,0,0.810
29970,0.2901,3.2596,-175.98,0.2901,3.2596,1,1,1,0,0,20,20,11,53,0,1,0,0.806
29980,0.2901,3.2553,-175.98,0.2901,3.2553,1,1,1,0,0,20,20,11,53,0,1,0,0.802
29990,0.2901,3.2510,-175.99,0.2901,3.2510,1,1,1,0,0,20,20,11,53,0,1,0,0.798
30000,0.2900,3.2468,-175.99,0.2900,3.2468,1,1,1,0,0,20,20,11,53,0,1,0,0.793
30010,0.2900,3.2425,-175.99,0.2900,3.2425,1,1,1,0,0,20,20,11,53,0,1,0,0.789
30020,0.2900,3.2382,-176.00,0.2900,3.2382,1,1,1,0,0,20,20,10,53,0,1,0,0.785
30030,0.2900,3.2339,-176.00,0.2900,3.2340,1,1,1,0,0,20,20,10,53,0,1,0,0.780
30040,0.2900,3.2297,-176.00,0.2900,3.2297,1,1,1,0,0,20,20,10,53,0,1,0,0.776
30050,0.2900,3.2254,-176.00,0.2900,3.2254,1,1,1,0,0,20,20,10,53,0,1,0,0.772
30060,0.2899,3.2212,-176.01,0.2899,3.2212,1,1,1,0,0,20,20,10,53,0,1,0,0.768
30070,0.2899,3.2169,-176.01,0.2899,3.2169,1,1,1,0,0,20,20,10,53,0,1,0,0.763
30080,0.2899,3.2126,-176.02,0.2899,3.2126,1,1,1,0,0,20,20,10,53,0,1,0,0.759
30090,0.2899,3.2084,-176.02,0.2899,3.2084,1,1,1,0,0,20,20,10,53,0,1,0,0.755
30100,0.2899,3.2041,-176.02,0.2899,3.2041,1,1,1,0,0,20,20,10,53,0,1,0,0.751
30110,0.2899,3.1998,-176.02,0.2899,3.1998,1,1,1,0,0,20,20,10,53,0,1,0,0.746
30120,0.2899,3.1956,-176.03,0.2899,3.1956,1,1,1,0,0,20,20,10,53,0,1,0,0.742
30130,0.2898,3.1913,-176.03,0.2898,3.1913,1,1,1,0,0,20,20,10,53,0,1,0,0.738
30140,0.2898,3.1871,-176.03,0.2898,3.1871,1,1,1,0,0,20,20,10,53,0,1,0,0.734
30150,0.2898,3.1828,-176.04,0.2898,3.1828,1,1,1,0,0,20,20,10,53,0,1,0,0.729
30160,0.2898,3.1785,-176.04,0.2898,3.1785,1,1,1,0,0,20,20,10,53,0,1,0,0.725
30170,0.2898,3.1743,-176.04,0.2898,3.1743,1,1,1,0,0,20,20,10,53,0,1,0,0.721
30180,0.2898,3.1700,-176.05,0.2898,3.1700,1,1,1,0,0,20,20,10,53,0,1,0,0.717
30190,0.2897,3.1657,-176.05,0.2897,3.1657,1,1,1,0,0,20,20,10,53,0,1,0,0.712
30200,0.2897,3.1615,-176.05,0.2897,3.1615,1,1,1,0,0,20,20,10,53,0,1,0,0.708
30210,0.2897,3.1572,-176.05,0.2897,3.1572,1,1,1,0,0,20,20,10,53,0,1,0,0.704
30220,0.2897,3.1530,-176.06,0.2897,3.1530,1,1,1,0,0,20,20,10,53,0,1,0,0.699
30230,0.2897,3.1487,-176.06,0.2897,3.1487,1,1,1,0,0,20,20,10,53,0,1,0,0.695
30240,0.2897,3.1444,-176.06,0.2897,3.1444,1,1,1,0,0,20,20,10,53,0,1,0,0.691
30250,0.2896,3.1402,-176.07,0.2896,3.1402,1,1,1,0,0,20,20,10,53,0,1,0,0.687
30260,0.2896,3.1359,-176.07,0.2896,3.1359,1,1,1,0,0,20,20,10,53,0,1,0,0.682
30270,0.2896,3.1316,-176.07,0.2896,3.1316,1,1,1,0,0,20,20,10,53,0,1,0,0.678
30280,0.2896,3.1274,-176.07,0.2896,3.1274,1,1,1,0,0,20,20,10,53,0,1,0,0.674
30290,0.2896,3.1231,-176.08,0.2896,3.1231,1,1,1,0,0,20,20,10,53,0,1,0,0.670
30300,0.2896,3.1188,-176.08,0.2896,3.1188,1,1,1,0,0,20,20,10,53,0,1,0,0.665
30310,0.2895,3.1146,-176.09,0.2895,3.1146,1,1,1,0,0,20,20,10,53,0,1,0,0.661
30320,0.2895,3.1103,-176.09,0.2895,3.1103,1,1,1,0,0,20,20,10,53,0,1,0,0.657
30330,0.2895,3.1061,-176.09,0.2895,3.1061,1,1,1,0,0,20,20,10,53,0,1,0,0.653
30340,0.2895,3.1018,-176.10,0.2895,3.1018,1,1,1,0,0,20,20,10,53,0,1,0,0.648
30350,0.2895,3.0975,-176.10,0.2895,3.0975,1,1,1,0,0,20,20,10,53,0,1,0,0.644
30360,0.2895,3.0933,-176.10,0.2895,3.0933,1,1,1,0,0,20,20,10,53,0,1,0,0.640
30370,0.2894,3.0890,-176.11,0.2894,3.0890,1,1,1,0,0,20,20,10,53,0,1,0,0.636
30380,0.2894,3.0847,-176.11,0.2894,3.0847,1,1,1,0,0,20,20,10,53,0,1,0,0.631
30390,0.2894,3.0805,-176.11,0.2894,3.0805,1,1,1,0,0,20,20,10,53,0,1,0,0.627
30400,0.2894,3.0762,-176.11,0.2894,3.0762,1,1,1,0,0,20,20,10,53,0,1,0,0.623
30410,0.2894,3.0720,-176.12,0.2894,3.0720,1,1,1,0,0,20,20,10,53,0,1,0,0.618
30420,0.2894,3.0677,-176.12,0.2894,3.0677,1,1,1,0,0,20,20,10,53,0,1,0,0.614
30430,0.2894,3.0634,-176.12,0.2894,3.0634,1,1,1,0,0,20,20,10,53,0,1,0,0.610
30440,0.2893,3.0592,-176.13,0.2893,3.0592,1,1,1,0,0,20,20,10,53,0,1,0,0.606
30450,0.2893,3.0549,-176.13,0.2893,3.0549,1,1,1,0,0,20,20,10,53,0,1,0,0.601
30460,0.2893,3.0507,-176.13,0.2893,3.0507,1,1,1,0,0,20,20,10,53,0,1,0,0.597
30470,0.2893,3.0464,-176.13,0.2893,3.0464,1,1,1,0,0,20,20,10,53,0,1,0,0.593
30480,0.2893,3.0421,-176.14,0.2893,3.0421,1,1,1,0,0,20,20,10,53,0,1,0,0.589
30490,0.2893,3.0379,-176.14,0.2893,3.0379,1,1,1,0,0,20,20,10,53,0,1,0,0.584
30500,0.2893,3.0336,-176.14,0.2893,3.0336,1,1,1,0,0,20,20,10,53,0,1,0,0.580
30510,0.2892,3.0293,-176.15,0.2892,3.0293,1,1,1,0,0,20,20,10,53,0,1,0,0.576
30520,0.2892,3.0251,-176.15,0.2892,3.0251,1,1,1,0,0,20,20,10,53,0,1,0,0.572
30530,0.2892,3.0208,-176.15,0.2892,3.0208,1,1,1,0,0,20,20,10,53,0,1,0,0.567
30540,0.2892,3.0166,-176.15,0.2892,3.0166,1,1,1,0,0,20,20,10,53,0,1,0,0.563
30550,0.2892,3.0123,-176.15,0.2892,3.0123,1,1,1,0,0,20,20,10,53,0,1,0,0.559
30560,0.2892,3.0080,-176.16,0.2892,3.0080,1,1,1,0,0,20,20,10,53,0,1,0,0.555
30570,0.2892,3.0038,-176.16,0.2892,3.0038,1,1,1,0,0,20,20,10,53,0,1,0,0.550
30580,0.2892,2.9995,-176.16,0.2892,2.9995,1,1,1,0,0,20,20,10,53,0,1,0,0.546
30590,0.2892,2.9952,-176.16,0.2892,2.9952,1,1,1,0,0,20,20,9,53,1,1,0,0.542
30600,0.2892,2.9910,-176.16,0.2892,2.9910,1,1,1,0,0,20,20,9,53,1,1,0,0.537
30610,0.2891,2.9867,-176.17,0.2891,2.9867,1,1,1,0,0,20,20,9,53,1,1,0,0.533
30620,0.2891,2.9825,-176.17,0.2891,2.9825,1,1,1,0,0,20,20,9,53,1,1,0,0.529
30630,0.2891,2.9782,-176.17,0.2891,2.9782,1,1,1,0,0,20,20,9,53,1,1,0,0.525
30640,0.2891,2.9740,-176.17,0.2891,2.9740,1,1,1,0,0,20,20,9,53,1,1,0,0.520
30650,0.2891,2.9697,-176.17,0.2891,2.9697,1,1,1,0,0,20,20,9,53,1,1,0,0.516
30660,0.2891,2.9654,-176.18,0.2891,2.9654,1,1,1,0,0,20,20,9,53,1,1,0,0.512
30670,0.2891,2.9612,-176.18,0.2891,2.9612,1,1,1,0,0,20,20,9,53,1,1,0,0.508
30680,0.2891,2.9569,-176.18,0.2891,2.9569,1,1,1,0,0,20,20,9,53,1,1,0,0.503
30690,0.2890,2.9527,-176.18,0.2890,2.9527,1,1,1,0,0,20,20,9,53,1,1,0,0.499
30700,0.2890,2.9484,-176.18,0.2890,2.9484,1,1,1,0,0,20,20,9,53,1,1,0,0.495
30710,0.2890,2.9442,-176.19,0.2890,2.9442,1,1,1,0,0,20,20,9,53,1,1,0,0.491
30720,0.2890,2.9399,-176.19,0.2890,2.9399,1,1,1,0,0,20,20,9,53,1,1,0,0.486
30730,0.2890,2.9357,-176.19,0.2890,2.9357,1,1,1,0,0,20,20,9,53,1,1,0,0.482
30740,0.2890,2.9314,-176.19,0.2890,2.9314,1,1,1,0,0,20,20,9,53,1,1,0,0.478
30750,0.2890,2.9271,-176.19,0.2890,2.9271,1,1,1,0,0,20,20,9,53,1,1,0,0.474
30760,0.2890,2.9229,-176.20,0.2890,2.9229,1,1,1,0,0,20,20,9,53,1,1,0,0.469
30770,0.2890,2.9186,-176.20,0.2890,2.9186,1,1,1,0,0,20,20,9,53,1,1,0,0.465
30780,0.2889,2.9144,-176.20,0.2889,2.9144,1,1,1,0,0,20,20,9,53,1,1,0,0.461
30790,0.2889,2.9101,-176.21,0.2889,2.9101,1,1,1,0,0,20,20,9,53,1,1,0,0.457
30800,0.2889,2.9059,-176.21,0.2889,2.9059,1,1,1,0,0,20,20,9,53,1,1,0,0.452
30810,0.2889,2.9016,-176.21,0.2889,2.9016,1,1,1,0,0,20,20,8,53,1,1,0,0.448
30820,0.2889,2.8974,-176.21,0.2889,2.8974,1,1,1,0,0,20,20,8,53,1,1,0,0.444
30830,0.2889,2.8931,-176.21,0.2889,2.8931,1,1,1,0,0,20,20,8,53,1,1,0,0.440
30840,0.2889,2.8888,-176.22,0.2889,2.8888,1,1,1,0,0,20,20,8,53,1,1,0,0.435
30850,0.2889,2.8846,-176.22,0.2889,2.8846,1,1,1,0,0,20,20,8,53,1,1,0,0.431
30860,0.2889,2.8803,-176.22,0.2889,2.8803,1,1,1,0,0,20,20,8,53,1,1,0,0.427
30870,0.2889,2.8761,-176.22,0.2889,2.8761,1,1,1,0,0,20,20,8,53,1,1,0,0.423
30880,0.2888,2.8718,-176.22,0.2888,2.8718,1,1,1,0,0,20,20,8,53,1,1,0,0.418
30890,0.2888,2.8676,-176.23,0.2888,2.8676,1,1,1,0,0,20,20,8,53,1,1,0,0.414
30900,0.2888,2.8633,-176.23,0.2888,2.8633,1,1,1,0,0,20,20,8,53,1,1,0,0.410
30910,0.2888,2.8591,-176.23,0.2888,2.8591,1,1,1,0,0,20,20,8,53,1,1,0,0.406
30920,0.2888,2.8548,-176.23,0.2888,2.8548,1,1,1,0,0,20,20,8,53,1,1,0,0.401
30930,0.2888,2.8506,-176.24,0.2888,2.8506,1,1,1,0,0,20,20,8,53,1,1,0,0.397
30940,0.2888,2.8463,-176.24,0.2888,2.8463,1,1,1,0,0,20,20,8,53,1,1,0,0.393
30950,0.2888,2.8421,-176.24,0.2888,2.8421,1,1,1,0,0,20,20,8,53,1,1,0,0.389
30960,0.2887,2.8378,-176.24,0.2887,2.8378,1,1,1,0,0,20,20,8,53,1,1,0,0.384
30970,0.2887,2.8336,-176.24,0.2887,2.8336,1,1,1,0,0,20,20,8,53,1,1,0,0.380
30980,0.2887,2.8293,-176.25,0.2887,2.8293,1,1,1,0,0,20,20,8,53,1,1,0,0.376
30990,0.2887,2.8251,-176.25,0.2887,2.8251,1,1,1,0,0,20,20,8,53,1,1,0,0.372
31000,0.2887,2.8208,-176.25,0.2887,2.8208,1,1,1,0,0,20,20,8,53,1,1,0,0.367
31010,0.2887,2.8166,-176.25,0.2887,2.8166,1,1,1,0,0,20,20,8,53,1,1,0,0.363
31020,0.2887,2.8123,-176.25,0.2887,2.8123,1,1,1,0,0,20,20,7,53,1,1,0,0.359
31030,0.2887,2.8081,-176.26,0.2887,2.8081,1,1,1,0,0,20,20,7,53,1,1,0,0.355
31040,0.2887,2.8038,-176.26,0.2887,2.8038,1,1,1,0,0,20,20,7,53,1,1,0,0.350
31050,0.2887,2.7996,-176.26,0.2887,2.7996,1,1,1,0,0,20,20,7,53,1,1,0,0.346
31060,0.2886,2.7954,-176.26,0.2886,2.7954,1,1,1,0,0,20,20,7,53,1,1,0,0.342
31070,0.2886,2.7911,-176.26,0.2886,2.7911,1,1,1,0,0,20,20,7,53,1,1,0,0.338
31080,0.2886,2.7869,-176.27,0.2886,2.7869,1,1,1,0,0,20,20,7,53,1,1,0,0.333
31090,0.2886,2.7826,-176.27,0.2886,2.7826,1,1,1,0,0,20,20,7,53,1,1,0,0.329
31100,0.2886,2.7784,-176.27,0.2886,2.7784,1,1,1,0,0,20,20,7,53,1,1,0,0.325
31110,0.2886,2.7741,-176.28,0.2886,2.7741,1,1,1,0,0,20,20,7,53,1,1,0,0.321
31120,0.2886,2.7699,-176.28,0.2886,2.7699,1,1,1,0,0,20,20,7,53,1,1,0,0.316
31130,0.2886,2.7656,-176.28,0.2886,2.7656,1,1,1,0,0,20,20,7,53,1,1,0,0.312
31140,0.2885,2.7614,-176.28,0.2885,2.7614,1,1,1,0,0,20,20,7,53,1,1,0,0.308
31150,0.2885,2.7571,-176.28,0.2885,2.7571,1,1,1,0,0,20,20,7,53,1,1,0,0.304
31160,0.2885,2.7529,-176.29,0.2885,2.7529,1,1,1,0,0,20,20,7,53,1,1,0,0.299
31170,0.2885,2.7487,-176.29,0.2885,2.7487,1,1,1,0,0,20,20,7,53,1,1,0,0.295
31180,0.2885,2.7444,-176.29,0.2885,2.7444,1,1,1,0,0,20,20,7,53,1,1,0,0.291
31190,0.2885,2.7402,-176.29,0.2885,2.7402,1,1,1,0,0,20,20,7,53,1,1,0,0.287
31200,0.2885,2.7359,-176.29,0.2885,2.7359,1,1,1,0,0,20,20,6,53,1,1,0,0.282
31210,0.2885,2.7317,-176.30,0.2885,2.7317,1,1,1,0,0,20,20,6,53,1,1,0,0.278
31220,0.2885,2.7274,-176.30,0.2885,2.7274,1,1,1,0,0,20,20,6,53,1,1,0,0.274
31230,0.2884,2.7232,-176.30,0.2884,2.7232,1,1,1,0,0,20,20,6,53,1,1,0,0.270
31240,0.2884,2.7190,-176.30,0.2884,2.7190,1,1,1,0,0,20,20,6,53,1,1,0,0.265
31250,0.2884,2.7147,-176.30,0.2884,2.7147,1,1,1,0,0,20,20,6,53,1,1,0,0.261
31260,0.2884,2.7105,-176.31,0.2884,2.7105,1,1,1,0,0,20,20,6,53,1,1,0,0.257
31270,0.2884,2.7062,-176.31,0.2884,2.7062,1,1,1,0,0,20,20,6,53,1,1,0,0.253
31280,0.2884,2.7020,-176.31,0.2884,2.7020,1,1,1,0,0,20,20,6,53,1,1,0,0.249
31290,0.2884,2.6978,-176.31,0.2884,2.6978,1,1,0,0,0,20,20,6,53,1,1,0,0.244
31300,0.2884,2.6935,-176.31,0.2884,2.6935,1,1,0,0,0,20,20,6,53,1,1,0,0.240
31310,0.2884,2.6893,-176.32,0.2884,2.6893,1,1,0,0,0,20,20,6,53,1,1,0,0.236
31320,0.2884,2.6850,-176.32,0.2884,2.6850,1,1,0,0,0,20,20,6,53,1,1,0,0.232
31330,0.2883,2.6808,-176.32,0.2883,2.6808,1,1,0,0,0,20,20,6,53,1,1,0,0.227
31340,0.2883,2.6766,-176.32,0.2883,2.6766,1,1,0,0,0,20,20,6,53,1,1,0,0.223
31350,0.2883,2.6723,-176.32,0.2883,2.6723,1,1,0,0,0,20,20,6,53,1,1,0,0.219
31360,0.2883,2.6681,-176.33,0.2883,2.6681,1,1,0,0,0,20,20,5,53,1,1,0,0.215
31370,0.2883,2.6638,-176.33,0.2883,2.6638,1,1,0,0,0,20,20,5,53,1,1,0,0.210
31380,0.2883,2.6596,-176.33,0.2883,2.6596,1,1,0,0,0,20,20,5,53,1,1,0,0.206
31390,0.2883,2.6554,-176.34,0.2883,2.6554,1,1,0,0,0,20,20,5,53,1,1,0,0.202
31400,0.2883,2.6511,-176.34,0.2883,2.6511,1,1,0,0,0,20,20,5,53,1,1,0,0.198
31410,0.2882,2.6469,-176.34,0.2882,2.6469,1,1,0,0,0,20,20,5,53,1,1,0,0.193
31420,0.2882,2.6427,-176.34,0.2882,2.6427,1,1,0,0,0,20,20,5,53,1,1,0,0.189
31430,0.2882,2.6384,-176.34,0.2882,2.6384,1,1,0,0,0,20,20,5,53,1,1,0,0.185
31440,0.2882,2.6342,-176.35,0.2882,2.6342,1,1,0,0,0,20,20,5,53,1,1,0,0.181
31450,0.2882,2.6300,-176.35,0.2882,2.6300,1,1,0,0,0,20,20,5,53,1,1,0,0.176
31460,0.2882,2.6257,-176.35,0.2882,2.6257,1,1,0,0,0,20,20,5,53,1,1,0,0.172
31470,0.2882,2.6215,-176.35,0.2882,2.6215,1,1,0,0,0,20,20,5,53,1,1,0,0.168
31480,0.2882,2.6173,-176.35,0.2882,2.6173,1,1,0,0,0,20,20,5,53,1,1,0,0.164
31490,0.2881,2.6130,-176.36,0.2881,2.6130,1,1,0,0,0,20,20,4,53,1,1,0,0.160
31500,0.2881,2.6088,-176.36,0.2881,2.6088,1,1,0,0,0,20,20,4,53,1,1,0,0.155
31510,0.2881,2.6046,-176.36,0.2881,2.6046,1,1,0,0,0,20,20,4,53,1,1,0,0.151
31520,0.2881,2.6003,-176.36,0.2881,2.6003,1,1,0,0,0,20,20,4,53,1,1,0,0.147
31530,0.2881,2.5961,-176.36,0.2881,2.5961,2,1,0,0,0,20,20,4,53,1,1,0,0.143
31540,0.2881,2.5919,-176.37,0.2881,2.5919,2,1,0,0,0,20,20,4,53,1,1,0,0.138
31550,0.2881,2.5877,-176.37,0.2881,2.5877,2,1,1,0,0,20,20,0,0,0,0,0,1000.000
31560,0.2881,2.5835,-176.37,0.2881,2.5835,2,1,1,0,0,20,20,0,0,0,0,0,1000.000
31570,0.2881,2.5796,-176.37,0.2881,2.5796,2,1,1,0,0,20,20,0,0,0,0,0,1000.000
31580,0.2881,2.5758,-176.37,0.2881,2.5758,2,1,1,0,0,20,20,0,0,0,0,0,1000.000
31590,0.2881,2.5723,-176.37,0.2881,2.5723,2,1,1,0,0,20,20,0,0,0,0,0,1000.000
31600,0.2881,2.5689,-176.37,0.2881,2.5689,2,1,1,0,0,20,20,-150,10,0,0,0,2.442
31610,0.2881,2.5658,-176.37,0.2881,2.5658,2,1,1,0,0,20,20,-150,10,0,0,0,2.442
31620,0.2881,2.5628,-176.37,0.2881,2.5628,2,1,1,0,0,20,20,-150,10,0,0,0,2.442
31630,0.2881,2.5601,-176.37,0.2881,2.5601,2,1,1,0,0,20,20,-150,10,0,0,0,2.442
31640,0.2881,2.5575,-176.37,0.2881,2.5575,2,1,1,0,0,20,20,-150,10,0,0,0,2.442
31650,0.2881,2.5551,-176.37,0.2881,2.5551,2,1,1,0,0,20,20,-150,10,0,0,0,2.442
31660,0.2881,2.5528,-176.37,0.2881,2.5528,2,1,1,0,0,20,20,-150,10,0,0,0,2.442
31670,0.2883,2.5505,-176.38,0.2883,2.5505,2,1,1,0,0,20,20,-150,9,0,0,0,2.442
31680,0.2887,2.5483,-176.38,0.2887,2.5483,2,1,1,0,0,20,20,-150,9,0,0,0,2.441
31690,0.2893,2.5460,-176.38,0.2893,2.5460,2,1,1,0,0,20,20,-150,9,0,0,0,2.441
31700,0.2901,2.5437,-176.39,0.2901,2.5437,2,1,1,0,0,19,20,-150,9,0,0,0,2.440
31710,0.2911,2.5415,-176.39,0.2911,2.5415,2,1,1,0,0,19,20,-150,9,0,0,0,2.439
31720,0.2923,2.5393,-176.39,0.2923,2.5393,2,1,1,0,0,19,20,-150,9,0,0,0,2.438
31730,0.2937,2.5371,-176.39,0.2937,2.5371,2,1,1,0,0,19,20,-150,9,0,0,0,2.436
31740,0.2953,2.5349,-176.40,0.2953,2.5349,2,1,1,0,0,19,20,-150,9,0,0,0,2.435
31750,0.2971,2.5327,-176.40,0.2971,2.5327,2,1,1,0,0,18,20,-150,9,0,0,0,2.433
31760,0.2991,2.5305,-176.40,0.2991,2.5305,2,1,1,0,0,18,20,-150,9,0,0,0,2.431
31770,0.3012,2.5283,-176.41,0.3012,2.5283,2,1,1,0,0,18,20,-150,9,0,0,0,2.429
31780,0.3036,2.5262,-176.41,0.3036,2.5262,2,1,1,0,0,18,20,-150,9,0,0,0,2.426
31790,0.3062,2.5240,-176.41,0.3062,2.5240,2,1,1,0,0,18,20,-150,9,0,0,0,2.424
31800,0.3090,2.5219,-176.42,0.3090,2.5219,2,1,1,0,0,17,20,-150,9,0,0,0,2.421
31810,0.3120,2.5198,-176.42,0.3120,2.5198,2,1,1,0,0,17,20,-150,9,0,0,0,2.418
31820,0.3152,2.5177,-176.42,0.3152,2.5177,2,1,1,0,0,17,20,-150,9,0,0,0,2.415
31830,0.3186,2.5156,-176.42,0.3186,2.5156,2,1,1,0,0,17,20,-150,9,0,0,0,2.411
31840,0.3222,2.5135,-176.43,0.3222,2.5135,2,1,1,0,0,17,20,-150,9,0,0,0,2.408
31850,0.3260,2.5115,-176.43,0.3260,2.5115,2,1,1,0,0,16,20,-150,9,0,0,0,2.404
31860,0.3299,2.5094,-176.43,0.3299,2.5094,2,1,1,0,0,16,20,-150,9,0,0,0,2.400
31870,0.3341,2.5074,-176.44,0.3341,2.5074,2,1,1,0,0,16,20,-150,9,0,0,0,2.396
31880,0.3385,2.5053,-176.44,0.3385,2.5053,2,1,1,0,0,16,20,-150,9,0,0,0,2.391
31890,0.3431,2.5033,-176.44,0.3431,2.5033,2,1,1,0,0,16,20,-150,9,0,0,0,2.387
31900,0.3479,2.5013,-176.45,0.3479,2.5013,2,1,1,0,0,15,20,-150,9,0,0,0,2.382
31910,0.3529,2.4993,-176.45,0.3529,2.4993,2,1,1,0,0,15,20,-150,9,0,0,0,2.377
31920,0.3581,2.4973,-176.45,0.3581,2.4973,2,1,1,0,0,15,20,-150,9,0,0,0,2.372
31930,0.3634,2.4954,-176.45,0.3634,2.4954,2,1,1,0,0,15,20,-150,9,0,0,0,2.367
31940,0.3690,2.4934,-176.46,0.3690,2.4934,2,1,1,0,0,15,20,-150,9,0,0,0,2.361
31950,0.3748,2.4915,-176.46,0.3748,2.4915,2,1,1,0,0,14,20,0,0,0,0,0,2.355
31960,0.3806,2.4895,-176.46,0.3806,2.4895,2,1,1,0,0,14,20,0,0,0,0,0,2.349
31970,0.3861,2.4876,-176.47,0.3861,2.4876,2,1,1,0,0,14,20,0,0,0,0,0,2.344
31980,0.3915,2.4856,-176.47,0.3915,2.4856,2,1,1,0,0,14,20,0,0,0,0,0,2.339
31990,0.3967,2.4836,-176.47,0.3967,2.4836,2,1,1,0,0,14,20,0,0,0,0,0,2.333
32000,0.4016,2.4816,-176.48,0.4016,2.4816,2,1,1,0,0,13,20,0,0,0,0,0,2.328
32010,0.4064,2.4796,-176.48,0.4064,2.4796,2,1,1,0,0,13,20,0,0,0,0,0,2.324
32020,0.4110,2.4776,-176.48,0.4110,2.4776,2,1,1,0,0,13,20,0,0,0,0,0,2.319
32030,0.4153,2.4755,-176.48,0.4153,2.4755,2,1,1,0,0,13,20,0,0,0,0,0,2.315
32040,0.4195,2.4735,-176.49,0.4195,2.4735,2,1,1,0,0,13,20,0,0,0,0,0,2.311
32050,0.4235,2.4714,-176.49,0.4235,2.4714,2,1,1,0,0,12,20,0,0,0,1,0,2.307
32060,0.4272,2.4694,-176.49,0.4272,2.4694,2,1,1,0,0,12,20,0,0,0,1,0,2.303
32070,0.4308,2.4673,-176.50,0.4308,2.4673,2,1,1,0,0,12,20,0,0,0,1,0,2.299
32080,0.4341,2.4652,-176.50,0.4341,2.4652,2,1,1,0,0,12,20,0,0,0,1,0,2.296
32090,0.4373,2.4631,-176.50,0.4373,2.4631,2,1,1,0,0,12,20,0,0,0,1,0,2.293
32100,0.4403,2.4610,-176.51,0.4403,2.4610,2,1,1,0,0,11,20,0,0,0,1,0,2.290
32110,0.4430,2.4588,-176.51,0.4430,2.4588,2,1,1,0,0,11,20,0,0,0,1,0,2.287
32120,0.4456,2.4567,-176.51,0.4456,2.4567,2,1,1,0,0,11,20,0,0,0,1,0,2.284
32130,0.4480,2.4546,-176.51,0.4480,2.4546,2,1,1,0,0,11,20,0,0,0,1,0,2.282
32140,0.4503,2.4525,-176.52,0.4503,2.4525,2,1,1,0,0,11,20,0,0,0,1,0,2.280
32150,0.4525,2.4506,-176.52,0.4525,2.4506,2,1,1,0,0,10,20,0,0,0,1,0,2.278
32160,0.4546,2.4487,-176.52,0.4546,2.4487,2,1,1,0,0,10,20,0,0,0,1,0,2.275
32170,0.4565,2.4470,-176.53,0.4565,2.4470,2,1,1,0,0,10,20,0,0,0,1,0,2.273
32180,0.4584,2.4463,-176.53,0.4584,2.4463,2,1,1,0,0,10,20,0,0,0,1,0,2.272
32190,0.4602,2.4462,-176.53,0.4602,2.4462,2,1,1,0,0,10,20,0,0,0,1,0,2.270
32200,0.4618,2.4462,-176.54,0.4618,2.4462,2,1,1,0,0,9,20,0,0,0,1,0,2.268
32210,0.4634,2.4462,-176.54,0.4634,2.4462,2,1,1,0,0,9,20,0,0,0,1,0,2.267
32220,0.4648,2.4462,-176.54,0.4648,2.4462,2,1,1,0,0,9,20,0,0,0,1,0,2.265
32230,0.4662,2.4462,-176.55,0.4662,2.4462,2,1,1,0,0,9,20,0,0,0,1,0,2.264
32240,0.4674,2.4462,-176.55,0.4674,2.4462,2,1,1,0,0,9,20,0,0,0,1,0,2.263
32250,0.4685,2.4462,-176.55,0.4685,2.4462,2,1,1,0,0,9,20,0,0,0,1,0,2.261
32260,0.4696,2.4462,-176.55,0.4696,2.4462,2,1,1,0,0,9,20,0,0,0,1,0,2.260
32270,0.4705,2.4462,-176.56,0.4705,2.4462,2,1,1,0,0,9,20,0,0,0,1,0,2.260
32280,0.4713,2.4461,-176.56,0.4713,2.4461,2,1,1,0,0,9,20,0,0,0,1,0,2.259
32290,0.4720,2.4461,-176.56,0.4720,2.4461,2,1,1,0,0,9,20,0,0,0,1,0,2.258
32300,0.4726,2.4461,-176.57,0.4726,2.4461,2,1,1,0,0,9,20,0,0,0,1,0,2.257
32310,0.4731,2.4461,-176.57,0.4731,2.4461,2,1,1,0,0,9,20,0,0,1,1,0,2.257
32320,0.4735,2.4461,-176.57,0.4735,2.4461,2,1,1,0,0,9,20,0,0,1,1,0,2.257
32330,0.4738,2.4461,-176.58,0.4738,2.4461,2,1,1,0,0,9,20,-150,0,1,1,0,2.256
32340,0.4741,2.4461,-176.58,0.4741,2.4461,2,1,1,0,0,9,20,-150,0,1,1,0,2.256
32350,0.4747,2.4461,-176.58,0.4747,2.4461,2,1,1,0,0,9,20,-150,0,1,1,0,2.255
32360,0.4754,2.4461,-176.58,0.4754,2.4461,2,1,1,0,0,9,20,-150,0,1,1,0,2.255
32370,0.4764,2.4461,-176.58,0.4764,2.4461,2,1,1,0,0,9,20,-150,0,1,1,0,2.254
32380,0.4775,2.4461,-176.58,0.4775,2.4461,2,1,1,0,0,9,20,-150,0,1,1,0,2.252
32390,0.4789,2.4461,-176.58,0.4789,2.4461,2,1,1,0,0,9,20,-150,0,1,1,0,2.251
32400,0.4804,2.4461,-176.58,0.4804,2.4461,2,1,1,0,0,9,20,-150,0,1,1,0,2.250
32410,0.4822,2.4461,-176.58,0.4822,2.4461,2,1,1,0,0,9,20,-150,0,1,1,0,2.248
32420,0.4841,2.4461,-176.59,0.4841,2.4461,2,1,1,0,0,9,20,-150,0,1,1,0,2.246
32430,0.4863,2.4461,-176.59,0.4863,2.4461,2,1,1,0,0,9,20,-150,0,1,1,0,2.244
32440,0.4886,2.4462,-176.59,0.4886,2.4462,2,1,1,0,0,9,20,-150,0,1,1,0,2.241
32450,0.4912,2.4462,-176.59,0.4912,2.4462,2,1,1,0,0,9,20,-150,0,1,1,0,2.239
32460,0.4939,2.4463,-176.59,0.4939,2.4463,2,1,1,0,0,9,20,-150,0,1,1,0,2.236
32470,0.4969,2.4464,-176.59,0.4969,2.4464,2,1,1,0,0,9,20,-150,0,1,1,0,2.233
32480,0.5000,2.4464,-176.59,0.5000,2.4464,2,1,1,0,0,9,20,-150,0,1,1,0,2.230
32490,0.5034,2.4465,-176.59,0.5034,2.4465,2,1,1,0,0,9,20,-150,0,1,1,0,2.227
32500,0.5069,2.4467,-176.59,0.5069,2.4467,2,1,1,0,0,9,20,-150,0,1,1,0,2.223
32510,0.5107,2.4468,-176.59,0.5107,2.4468,2,1,1,0,0,9,20,-150,0,1,1,0,2.219
32520,0.5146,2.4469,-176.60,0.5146,2.4469,2,1,1,0,0,9,20,-150,0,1,1,0,2.215
32530,0.5188,2.4471,-176.60,0.5188,2.4471,2,1,1,0,0,9,20,-150,0,1,1,0,2.211
32540,0.5231,2.4472,-176.60,0.5231,2.4472,2,1,1,0,0,9,20,-150,0,1,1,0,2.207
32550,0.5277,2.4474,-176.60,0.5277,2.4474,2,1,1,0,0,9,20,-150,0,1,1,0,2.202
32560,0.5324,2.4476,-176.60,0.5324,2.4476,2,1,1,0,0,9,20,-150,0,1,1,0,2.198
32570,0.5374,2.4478,-176.60,0.5374,2.4478,2,1,1,0,0,9,20,-150,0,1,1,0,2.193
32580,0.5425,2.4480,-176.60,0.5425,2.4480,2,1,1,0,0,9,20,-150,0,1,1,0,2.187
32590,0.5479,2.4482,-176.60,0.5479,2.4482,2,1,1,0,0,9,20,-150,0,1,1,0,2.182
32600,0.5534,2.4484,-176.60,0.5534,2.4484,2,1,1,0,0,9,20,-150,0,1,1,0,2.177
32610,0.5592,2.4487,-176.61,0.5592,2.4487,2,1,1,0,0,9,20,-150,0,1,1,0,2.171
32620,0.5651,2.4489,-176.61,0.5651,2.4489,2,1,1,0,0,9,20,-150,0,1,1,0,2.165
32630,0.5712,2.4492,-176.61,0.5712,2.4492,2,1,1,0,0,9,20,-150,0,1,1,0,2.159
32640,0.5776,2.4495,-176.61,0.5776,2.4495,2,1,1,0,0,9,20,-150,0,1,1,0,2.152
32650,0.5841,2.4497,-176.61,0.5841,2.4497,2,1,1,0,0,9,20,-150,0,1,1,0,2.146
32660,0.5909,2.4500,-176.61,0.5909,2.4500,2,1,1,0,0,9,20,-150,0,1,1,0,2.139
32670,0.5978,2.4504,-176.61,0.5978,2.4504,2,1,1,0,0,9,20,-150,0,1,1,0,2.132
32680,0.6050,2.4507,-176.61,0.6050,2.4507,2,1,1,0,0,9,20,-150,0,1,1,0,2.125
32690,0.6123,2.4510,-176.61,0.6123,2.4510,2,1,1,0,0,9,20,-150,0,1,1,0,2.118
32700,0.6198,2.4514,-176.62,0.6198,2.4514,2,1,1,0,0,9,20,-150,0,1,1,0,2.110
32710,0.6276,2.4517,-176.62,0.6276,2.4517,2,1,1,0,0,9,20,-150,0,1,1,0,2.102
32720,0.6355,2.4521,-176.62,0.6355,2.4521,2,1,1,0,0,9,20,-150,0,1,1,0,2.094
32730,0.6437,2.4525,-176.62,0.6437,2.4525,2,1,1,0,0,9,20,-150,0,1,1,0,2.086
32740,0.6520,2.4529,-176.62,0.6520,2.4529,2,1,1,0,0,9,20,-150,0,1,1,0,2.078
32750,0.6605,2.4533,-176.62,0.6605,2.4533,2,1,1,0,0,10,20,-150,0,1,1,0,2.069
32760,0.6692,2.4537,-176.62,0.6692,2.4537,2,1,1,0,0,10,20,-84,0,1,1,0,0.196
32770,0.6779,2.4541,-176.63,0.6779,2.4541,2,1,1,0,0,10,20,-150,0,0,1,0,0.594
32780,0.6868,2.4545,-176.63,0.6868,2.4545,2,1,1,0,0,10,20,-150,0,0,1,0,0.945
32790,0.6958,2.4550,-176.63,0.6958,2.4550,2,1,1,0,0,10,20,-150,0,0,1,0,1.260
32800,0.7051,2.4554,-176.64,0.7051,2.4554,2,1,1,0,0,10,20,-150,0,0,1,0,1.546
32810,0.7145,2.4559,-176.64,0.7145,2.4559,2,1,1,0,0,10,20,-150,0,0,1,0,2.015
32820,0.7242,2.4564,-176.65,0.7242,2.4564,2,1,1,0,0,10,20,-150,0,0,1,0,2.006
32830,0.7340,2.4569,-176.65,0.7340,2.4569,2,1,1,0,0,10,20,-150,0,0,1,0,1.996
32840,0.7440,2.4574,-176.66,0.7440,2.4574,2,1,1,0,0,10,20,-150,0,0,1,0,1.986
32850,0.7543,2.4579,-176.66,0.7543,2.4579,2,1,1,0,0,10,20,-150,0,0,1,0,1.976
32860,0.7647,2.4584,-176.66,0.7647,2.4584,2,1,1,0,0,10,20,-150,0,0,1,0,1.965
32870,0.7754,2.4589,-176.67,0.7754,2.4589,2,1,1,0,0,10,20,-150,0,0,1,0,1.955
32880,0.7862,2.4595,-176.67,0.7862,2.4595,2,1,1,0,0,10,20,-150,0,0,1,0,1.944
32890,0.7973,2.4600,-176.68,0.7973,2.4600,2,1,1,0,0,10,20,-150,0,0,1,0,1.933
32900,0.8085,2.4606,-176.68,0.8085,2.4606,2,1,1,0,0,10,20,-150,0,0,1,0,1.921
32910,0.8200,2.4612,-176.69,0.8200,2.4612,2,1,1,0,0,10,20,-150,0,0,1,0,1.910
32920,0.8316,2.4617,-176.69,0.8316,2.4617,2,1,1,0,0,10,20,-150,0,0,1,0,1.898
32930,0.8434,2.4624,-176.69,0.8434,2.4624,2,1,1,0,0,10,20,-150,0,0,1,0,1.887
32940,0.8554,2.4630,-176.69,0.8554,2.4630,2,1,1,0,0,10,20,-150,0,0,1,0,1.875
32950,0.8673,2.4637,-176.69,0.8673,2.4637,2,1,1,0,0,10,20,-150,0,0,1,0,1.863
32960,0.8792,2.4644,-176.70,0.8792,2.4644,2,1,1,0,0,10,20,-150,0,0,1,0,1.851
32970,0.8911,2.4651,-176.70,0.8911,2.4651,2,1,1,0,0,10,20,-150,0,0,1,0,1.839
32980,0.9030,2.4658,-176.70,0.9030,2.4658,2,1,1,0,0,10,20,-150,0,0,1,0,1.827
32990,0.9149,2.4665,-176.71,0.9149,2.4665,2,1,1,0,0,10,20,-150,0,0,1,0,1.815
33000,0.9269,2.4672,-176.71,0.9269,2.4672,2,1,1,0,0,11,20,-150,0,0,1,0,1.803
33010,0.9388,2.4678,-176.71,0.9388,2.4678,2,1,1,0,0,11,20,-150,0,0,1,0,1.791
33020,0.9507,2.4685,-176.71,0.9507,2.4685,2,1,1,0,0,11,20,-150,0,0,1,0,1.779
33030,0.9626,2.4692,-176.71,0.9626,2.4692,2,1,1,0,0,11,20,-150,0,0,1,0,1.767
33040,0.9745,2.4699,-176.72,0.9745,2.4699,2,1,1,0,0,11,20,-150,0,0,1,0,1.755
33050,0.9865,2.4706,-176.72,0.9865,2.4706,2,1,1,0,0,11,20,-150,0,0,1,0,1.744
33060,0.9984,2.4713,-176.72,0.9984,2.4713,2,1,1,0,0,11,20,-150,0,0,1,0,1.732
33070,1.0103,2.4719,-176.72,1.0103,2.4719,2,1,1,0,0,11,20,-150,0,0,1,0,1.720
33080,1.0222,2.4726,-176.72,1.0222,2.4726,2,1,1,0,0,11,20,-150,0,0,1,0,1.708
33090,1.0341,2.4733,-176.73,1.0341,2.4733,2,1,1,0,0,11,20,-150,0,0,1,0,1.696
33100,1.0460,2.4740,-176.73,1.0460,2.4740,2,1,1,0,0,11,20,-150,0,0,1,0,1.684
33110,1.0580,2.4747,-176.73,1.0580,2.4747,2,1,1,0,0,11,20,-150,0,0,1,0,1.672
33120,1.0699,2.4754,-176.73,1.0699,2.4754,2,1,1,0,0,11,20,-150,0,0,1,0,1.660
33130,1.0818,2.4760,-176.73,1.0818,2.4760,2,1,1,0,0,11,20,-150,0,0,1,0,1.648
33140,1.0937,2.4767,-176.74,1.0937,2.4767,2,1,1,0,0,11,20,-150,0,0,1,0,1.636
33150,1.1056,2.4774,-176.74,1.1056,2.4774,2,1,1,0,0,12,20,-150,0,0,1,0,1.624
33160,1.1176,2.4781,-176.74,1.1176,2.4781,2,1,1,0,0,12,20,-150,0,0,1,0,1.612
33170,1.1295,2.4788,-176.74,1.1295,2.4788,2,1,1,0,0,12,20,-150,0,0,1,0,1.601
33180,1.1414,2.4794,-176.74,1.1414,2.4794,2,1,1,0,0,12,20,-150,0,0,1,0,1.589
33190,1.1533,2.4801,-176.75,1.1533,2.4801,2,1,1,0,0,12,20,-150,0,0,1,0,1.577
33200,1.1652,2.4808,-176.75,1.1652,2.4808,2,1,1,0,0,12,20,-150,0,0,1,0,1.565
33210,1.1772,2.4815,-176.75,1.1772,2.4815,2,1,1,0,0,12,20,-150,0,0,1,0,1.553
33220,1.1891,2.4821,-176.75,1.1891,2.4821,2,1,1,0,0,12,20,-150,0,0,1,0,1.541
33230,1.2010,2.4828,-176.75,1.2010,2.4828,2,1,1,0,0,12,20,-150,0,0,1,0,1.529
33240,1.2129,2.4835,-176.76,1.2129,2.4835,2,1,1,0,0,12,20,-150,0,0,1,0,1.517
33250,1.2248,2.4842,-176.76,1.2248,2.4842,2,1,1,0,0,12,20,-150,0,0,1,0,1.505
33260,1.2367,2.4848,-176.76,1.2367,2.4848,2,1,1,0,0,12,20,-150,0,0,1,0,1.493
33270,1.2487,2.4855,-176.76,1.2487,2.4855,2,1,1,0,0,12,20,-150,0,0,1,0,1.481
33280,1.2606,2.4862,-176.77,1.2606,2.4862,2,1,1,0,0,12,20,-150,0,0,1,0,1.469
33290,1.2725,2.4869,-176.77,1.2725,2.4869,2,1,1,0,0,12,20,-150,0,0,1,0,1.458
33300,1.2844,2.4875,-176.77,1.2844,2.4875,2,1,1,0,0,13,20,-150,0,0,1,0,1.446
33310,1.2963,2.4882,-176.77,1.2963,2.4882,2,1,1,0,0,13,20,-150,0,0,1,0,1.434
33320,1.3083,2.4889,-176.78,1.3083,2.4889,2,1,1,0,0,13,20,-150,0,0,1,0,1.422
33330,1.3202,2.4895,-176.78,1.3202,2.4895,2,1,1,0,0,13,20,-150,0,0,1,0,1.410
33340,1.3321,2.4902,-176.78,1.3321,2.4902,2,1,1,0,0,13,20,-150,0,0,1,0,1.398
33350,1.3440,2.4909,-176.78,1.3440,2.4909,2,1,1,0,0,13,20,-150,0,0,1,0,1.386
33360,1.3559,2.4916,-176.79,1.3559,2.4916,2,1,1,0,0,13,20,-150,0,0,1,0,1.374
33370,1.3679,2.4922,-176.79,1.3679,2.4922,2,1,1,0,0,13,20,-150,0,0,1,0,1.362
33380,1.3798,2.4929,-176.79,1.3798,2.4929,2,1,1,0,0,13,20,-150,0,0,1,0,1.350
33390,1.3917,2.4936,-176.79,1.3917,2.4936,2,1,1,0,0,13,20,-150,0,0,1,0,1.338
33400,1.4036,2.4942,-176.79,1.4036,2.4942,2,1,1,0,0,13,20,-150,0,0,1,0,1.326
33410,1.4155,2.4949,-176.80,1.4155,2.4949,2,1,1,0,0,13,20,-150,0,0,1,0,1.314
33420,1.4275,2.4956,-176.80,1.4275,2.4956,2,1,1,0,0,13,20,-150,0,0,1,0,1.303
33430,1.4394,2.4962,-176.80,1.4394,2.4962,2,1,1,0,0,13,20,-150,0,0,1,0,1.291
33440,1.4513,2.4969,-176.80,1.4513,2.4969,2,1,1,0,0,13,20,-150,0,0,1,0,1.279
33450,1.4632,2.4976,-176.80,1.4632,2.4976,2,1,1,0,0,14,20,-150,8,0,0,0,1.267
33460,1.4751,2.4981,-176.80,1.4751,2.4981,2,1,1,0,0,14,20,-150,8,0,0,0,1.255
33470,1.4871,2.4985,-176.81,1.4871,2.4985,2,1,1,0,0,14,20,-150,8,0,0,0,1.243
33480,1.4990,2.4987,-176.81,1.4990,2.4987,2,1,1,0,0,14,20,-150,8,0,0,0,1.231
33490,1.5110,2.4987,-176.81,1.5110,2.4987,2,1,1,0,0,14,20,-150,8,0,0,0,1.219
33500,1.5229,2.4988,-176.81,1.5229,2.4988,2,1,1,0,0,14,20,-150,8,0,0,0,1.207
33510,1.5349,2.4988,-176.82,1.5349,2.4988,2,1,1,0,0,14,20,-150,8,0,0,0,1.195
33520,1.5468,2.4988,-176.82,1.5468,2.4988,2,1,1,0,0,14,20,-150,8,0,0,0,1.183
33530,1.5588,2.4989,-176.82,1.5588,2.4989,2,1,1,0,0,14,20,-150,8,0,0,0,1.171
33540,1.5707,2.4989,-176.82,1.5707,2.4989,2,1,1,0,0,14,20,-150,8,0,0,0,1.159
33550,1.5827,2.4989,-176.82,1.5827,2.4989,2,1,1,0,0,14,20,-150,8,0,0,0,1.147
33560,1.5947,2.4989,-176.83,1.5947,2.4989,2,1,1,0,0,14,20,-150,8,0,0,0,1.135
33570,1.6066,2.4990,-176.83,1.6066,2.4990,2,1,1,0,0,14,20,-150,8,0,0,0,1.123
33580,1.6186,2.4990,-176.83,1.6186,2.4990,2,1,1,0,0,14,20,-150,8,0,0,0,1.111
33590,1.6305,2.4990,-176.83,1.6305,2.4990,2,1,1,0,0,14,20,-150,8,0,0,0,1.099
33600,1.6425,2.4990,-176.83,1.6425,2.4990,2,1,1,0,0,14,20,-150,8,0,0,0,1.088
33610,1.6544,2.4991,-176.84,1.6544,2.4991,2,1,1,0,0,14,20,-150,8,0,0,0,1.076
33620,1.6664,2.4991,-176.84,1.6664,2.4991,2,1,1,0,0,14,20,-150,8,0,0,0,1.064
33630,1.6783,2.4991,-176.84,1.6783,2.4991,2,1,1,0,0,14,20,-150,8,0,0,0,1.052
33640,1.6903,2.4991,-176.84,1.6903,2.4991,2,1,1,0,0,14,20,-150,8,0,0,0,1.040
33650,1.7023,2.4991,-176.85,1.7023,2.4991,2,1,1,0,0,14,20,-150,8,0,0,0,1.028
33660,1.7142,2.4992,-176.85,1.7142,2.4992,2,1,1,0,0,14,20,-150,8,0,0,0,1.016
33670,1.7262,2.4992,-176.85,1.7262,2.4992,2,1,1,0,0,14,20,-150,8,0,0,0,1.004
33680,1.7381,2.4992,-176.85,1.7381,2.4992,2,1,1,0,0,14,20,-150,8,0,0,0,0.992
33690,1.7501,2.4992,-176.86,1.7501,2.4992,2,1,1,0,0,14,20,-150,8,0,0,0,0.980
33700,1.7620,2.4992,-176.86,1.7620,2.4992,2,1,1,0,0,14,20,-150,8,0,0,0,0.968
33710,1.7740,2.4993,-176.86,1.7740,2.4993,2,1,1,0,0,14,20,-150,8,0,0,0,0.956
33720,1.7859,2.4993,-176.86,1.7859,2.4993,2,1,1,0,0,14,20,-150,8,0,0,0,0.944
33730,1.7979,2.4993,-176.87,1.7979,2.4993,2,1,1,0,0,14,20,-150,8,0,0,0,0.932
33740,1.8098,2.4993,-176.87,1.8098,2.4993,2,1,1,0,0,14,20,-150,8,0,0,0,0.920
33750,1.8218,2.4993,-176.87,1.8218,2.4993,2,1,1,0,0,14,20,-150,8,0,0,0,0.908
33760,1.8338,2.4993,-176.87,1.8338,2.4993,2,1,1,0,0,14,20,-150,8,0,0,0,0.896
33770,1.8457,2.4994,-176.87,1.8457,2.4994,2,1,1,0,0,14,20,-150,8,0,0,0,0.884
33780,1.8577,2.4994,-176.88,1.8577,2.4994,2,1,1,0,0,14,20,-150,8,0,0,0,0.872
33790,1.8696,2.4994,-176.88,1.8696,2.4994,2,1,1,0,0,14,20,-150,8,0,0,0,0.860
33800,1.8816,2.4994,-176.88,1.8816,2.4994,2,1,1,0,0,14,20,-150,8,0,0,0,0.848
33810,1.8935,2.4994,-176.88,1.8935,2.4994,2,1,1,0,0,14,20,-150,8,0,0,0,0.836
33820,1.9055,2.4994,-176.88,1.9055,2.4994,2,1,1,0,0,14,20,-150,8,0,0,0,0.825
33830,1.9174,2.4994,-176.89,1.9174,2.4994,2,1,1,0,0,14,20,-150,8,0,0,0,0.813
33840,1.9294,2.4995,-176.89,1.9294,2.4995,2,1,1,0,0,14,20,-150,8,0,0,0,0.801
33850,1.9414,2.4995,-176.89,1.9414,2.4995,2,1,1,0,0,14,20,-150,8,0,0,0,0.789
33860,1.9533,2.4995,-176.89,1.9533,2.4995,2,1,1,0,0,14,20,-150,8,0,0,0,0.777
33870,1.9653,2.4995,-176.89,1.9653,2.4995,2,1,1,0,0,14,20,-150,8,0,0,0,0.765
33880,1.9772,2.4995,-176.90,1.9772,2.4995,2,1,1,0,0,14,20,-150,8,0,0,0,0.753
33890,1.9892,2.4995,-176.90,1.9892,2.4995,2,1,1,0,0,14,20,-150,8,0,0,0,0.741
33900,2.0011,2.4995,-176.90,2.0011,2.4995,2,1,1,0,0,14,20,-150,8,0,0,0,0.729
33910,2.0131,2.4995,-176.90,2.0131,2.4995,2,1,1,0,0,14,20,-150,8,0,0,0,0.717
33920,2.0250,2.4995,-176.90,2.0250,2.4995,2,1,1,0,0,14,20,-150,8,0,0,0,0.705
33930,2.0370,2.4995,-176.91,2.0370,2.4995,2,1,1,0,0,14,20,-150,8,0,0,0,0.693
33940,2.0489,2.4996,-176.91,2.0489,2.4996,2,1,1,0,0,14,20,-150,8,0,0,0,0.681
33950,2.0609,2.4996,-176.91,2.0609,2.4996,2,1,1,0,0,15,20,-150,8,0,0,0,0.669
33960,2.0729,2.4996,-176.92,2.0729,2.4996,2,1,1,0,0,15,20,-150,8,0,0,0,0.657
33970,2.0848,2.4996,-176.92,2.0848,2.4996,2,1,1,0,0,15,20,-150,8,0,0,0,0.645
33980,2.0968,2.4996,-176.92,2.0968,2.4996,2,1,1,0,0,15,20,-150,8,0,0,0,0.633
33990,2.1087,2.4996,-176.92,2.1087,2.4996,2,1,1,0,0,15,20,-150,8,0,0,0,0.621
34000,2.1207,2.4996,-176.92,2.1207,2.4996,2,1,1,0,0,20,20,-150,8,0,0,0,0.609
34010,2.1326,2.4996,-176.93,2.1326,2.4996,2,1,1,0,0,20,20,-150,8,0,0,0,0.597
34020,2.1446,2.4996,-176.93,2.1446,2.4996,2,1,1,0,0,20,20,-150,8,0,0,0,0.585
34030,2.1565,2.4996,-176.93,2.1565,2.4996,2,1,1,0,0,20,20,-150,8,0,0,0,0.573
34040,2.1685,2.4996,-176.93,2.1685,2.4996,2,1,1,0,0,20,20,-150,8,0,0,0,0.562
34050,2.1805,2.4996,-176.93,2.1805,2.4996,2,1,1,0,0,20,20,-150,8,0,0,0,0.550
34060,2.1924,2.4996,-176.94,2.1924,2.4996,2,1,1,0,0,20,20,-149,7,1,0,0,0.538
34070,2.2042,2.4997,-176.94,2.2042,2.4997,2,1,1,0,0,20,20,-147,7,1,0,0,0.526
34080,2.2159,2.4997,-176.94,2.2159,2.4997,2,1,1,0,0,20,20,-145,7,1,0,0,0.514
34090,2.2275,2.4998,-176.95,2.2275,2.4998,2,1,1,0,0,20,20,-143,7,1,0,0,0.502
34100,2.2389,2.4998,-176.95,2.2389,2.4998,2,1,1,0,0,20,20,-142,7,1,0,0,0.491
34110,2.2502,2.4999,-176.96,2.2502,2.4999,2,1,1,0,0,20,20,-140,7,1,0,0,0.480
34120,2.2613,2.4999,-176.96,2.2613,2.4999,2,1,1,0,0,20,20,-138,7,1,0,0,0.469
34130,2.2722,2.4999,-176.96,2.2722,2.4999,2,1,1,0,0,20,20,-136,7,1,0,0,0.458
34140,2.2831,2.5000,-176.96,2.2831,2.5000,2,1,1,0,0,20,20,-134,7,1,0,0,0.447
34150,2.2938,2.5000,-176.97,2.2938,2.5000,2,1,1,0,0,20,20,-133,7,1,0,0,0.436
34160,2.3044,2.5000,-176.97,2.3044,2.5000,2,1,1,0,0,20,20,-131,6,1,0,0,0.426
34170,2.3148,2.5000,-176.97,2.3148,2.5000,2,1,1,0,0,20,20,-129,6,1,0,0,0.415
34180,2.3250,2.5001,-176.97,2.3250,2.5001,2,1,1,0,0,20,20,-127,6,1,0,0,0.405
34190,2.3351,2.5001,-176.97,2.3351,2.5001,2,1,1,0,0,20,20,-125,6,1,0,0,0.395
34200,2.3451,2.5002,-176.98,2.3451,2.5002,2,1,1,0,0,20,20,-124,6,1,0,0,0.385
34210,2.3549,2.5002,-176.99,2.3549,2.5002,2,1,1,0,0,20,20,-122,6,1,0,0,0.375
34220,2.3646,2.5002,-176.99,2.3646,2.5002,2,1,1,0,0,20,20,-120,6,1,0,0,0.365
34230,2.3742,2.5003,-176.99,2.3742,2.5003,2,1,1,0,0,20,20,-118,6,1,0,0,0.356
34240,2.3836,2.5003,-176.99,2.3836,2.5003,2,1,0,0,0,20,20,-117,6,1,0,0,0.346
34250,2.3928,2.5003,-177.00,2.3928,2.5003,2,1,0,0,0,20,20,-115,6,1,0,0,0.337
34260,2.4020,2.5003,-177.00,2.4020,2.5003,2,1,0,0,0,20,20,-113,6,1,0,0,0.328
34270,2.4110,2.5003,-177.01,2.4110,2.5003,2,1,0,0,0,20,20,-111,5,1,0,0,0.319
34280,2.4199,2.5003,-177.01,2.4199,2.5003,2,1,0,0,0,20,20,-109,5,1,0,0,0.310
34290,2.4286,2.5004,-177.01,2.4286,2.5004,2,1,0,0,0,20,20,-108,5,1,0,0,0.301
34300,2.4371,2.5004,-177.01,2.4371,2.5004,2,1,0,0,0,20,20,-106,5,1,0,0,0.293
34310,2.4455,2.5005,-177.01,2.4455,2.5005,2,1,0,0,0,20,20,-104,5,1,0,0,0.284
34320,2.4539,2.5005,-177.02,2.4539,2.5005,2,1,0,0,0,20,20,-102,5,1,0,0,0.276
34330,2.4620,2.5005,-177.03,2.4620,2.5005,2,1,0,0,0,20,20,-101,5,1,0,0,0.268
34340,2.4700,2.5006,-177.03,2.4700,2.5006,2,1,0,0,0,20,20,-99,5,1,0,0,0.260
34350,2.4779,2.5006,-177.03,2.4779,2.5006,2,1,0,0,0,20,20,-97,5,1,0,0,0.252
34360,2.4856,2.5006,-177.03,2.4856,2.5006,3,1,0,0,0,20,20,-96,5,1,0,0,0.244
34370,2.4932,2.5006,-177.03,2.4932,2.5006,3,1,0,0,0,20,20,-94,5,1,0,0,0.237
34380,2.5007,2.5006,-177.04,2.5007,2.5006,3,1,0,0,0,20,20,-92,4,1,0,0,0.229
34390,2.5080,2.5006,-177.04,2.5080,2.5006,3,1,0,0,0,20,20,-90,4,1,0,0,0.222
34400,2.5152,2.5006,-177.04,2.5152,2.5006,3,1,1,0,0,20,20,0,0,0,0,0,1000.000
34410,2.5222,2.5007,-177.04,2.5222,2.5007,3,1,1,0,0,20,20,0,0,0,0,0,1000.000
34420,2.5290,2.5007,-177.04,2.5290,2.5007,3,1,1,0,0,20,20,0,0,0,0,0,1000.000
34430,2.5356,2.5007,-177.04,2.5356,2.5007,3,1,1,0,0,20,20,0,0,0,0,0,1000.000
34440,2.5420,2.5008,-177.04,2.5420,2.5008,3,1,1,0,0,20,20,0,0,0,0,0,1000.000
34450,2.5482,2.5008,-177.04,2.5482,2.5008,3,1,1,0,0,20,20,8,53,0,1,0,1.052
34460,2.5542,2.5007,-177.04,2.5542,2.5007,3,1,1,0,0,20,20,8,53,0,1,0,1.052
34470,2.5600,2.5007,-177.04,2.5600,2.5007,3,1,1,0,0,20,20,8,53,0,1,0,1.052
34480,2.5656,2.5007,-177.04,2.5656,2.5007,3,1,1,0,0,20,20,8,53,0,1,0,1.052
34490,2.5710,2.5007,-177.04,2.5710,2.5007,3,1,1,0,0,20,20,8,53,0,1,0,1.052
34500,2.5762,2.5006,-177.04,2.5762,2.5006,3,1,1,0,0,20,20,8,53,0,1,0,1.052
34510,2.5812,2.5005,-177.04,2.5812,2.5005,3,1,1,0,0,20,20,8,53,0,1,0,1.052
34520,2.5860,2.5005,-177.04,2.5860,2.5005,3,1,1,0,0,20,20,8,53,0,1,0,1.052
34530,2.5906,2.5004,-177.04,2.5906,2.5004,3,1,1,0,0,20,20,8,53,0,1,0,1.052
34540,2.5950,2.5003,-177.04,2.5950,2.5003,3,1,1,0,0,20,20,8,53,0,1,0,1.052
34550,2.5992,2.5002,-177.04,2.5992,2.5002,3,1,1,0,0,20,17,8,53,0,1,0,1.052
34560,2.6032,2.5001,-177.04,2.6032,2.5001,3,1,1,0,0,20,17,8,53,0,1,0,1.052
34570,2.6070,2.5000,-177.04,2.6070,2.5000,3,1,1,0,0,20,17,8,53,0,1,0,1.051
34580,2.6106,2.4998,-177.04,2.6106,2.4998,3,1,1,0,0,20,17,8,53,0,1,0,1.051
34590,2.6140,2.4997,-177.04,2.6140,2.4997,3,1,1,0,0,20,17,8,53,0,1,0,1.051
34600,2.6173,2.4995,-177.04,2.6173,2.4995,3,1,1,0,0,20,15,8,53,0,1,0,1.051
34610,2.6203,2.4994,-177.04,2.6203,2.4994,3,1,1,0,0,20,15,8,53,0,1,0,1.051
34620,2.6231,2.4992,-177.04,2.6231,2.4992,3,1,1,0,0,20,15,8,53,0,1,0,1.051
34630,2.6257,2.4990,-177.04,2.6257,2.4990,3,1,1,0,0,20,15,8,53,0,1,0,1.051
34640,2.6281,2.4988,-177.04,2.6281,2.4988,3,1,1,0,0,20,15,8,53,0,1,0,1.050
34650,2.6303,2.4986,-177.05,2.6303,2.4986,3,1,1,0,0,20,14,8,53,0,1,0,1.050
34660,2.6324,2.4983,-177.05,2.6324,2.4983,3,1,1,0,0,20,14,8,53,0,1,0,1.050
34670,2.6345,2.4978,-177.05,2.6345,2.4978,3,1,1,0,0,20,14,8,53,0,1,0,1.049
34680,2.6365,2.4972,-177.05,2.6365,2.4972,3,1,1,0,0,20,14,8,53,0,1,0,1.049
34690,2.6384,2.4965,-177.06,2.6384,2.4965,3,1,1,0,0,20,14,8,53,0,1,0,1.048
34700,2.6404,2.4956,-177.06,2.6404,2.4956,3,1,1,0,0,20,13,8,53,0,1,0,1.047
34710,2.6423,2.4945,-177.06,2.6423,2.4945,3,1,1,0,0,20,13,8,53,0,1,0,1.046
34720,2.6441,2.4933,-177.06,2.6441,2.4933,3,1,1,0,0,20,13,8,53,0,1,0,1.045
34730,2.6460,2.4919,-177.06,2.6460,2.4919,3,1,1,0,0,20,13,8,53,0,1,0,1.043
34740,2.6478,2.4903,-177.06,2.6478,2.4903,3,1,1,0,0,20,13,8,53,0,1,0,1.042
34750,2.6495,2.4886,-177.07,2.6495,2.4886,3,1,1,0,0,20,12,8,53,0,1,0,1.040
34760,2.6513,2.4868,-177.07,2.6513,2.4868,3,1,1,0,0,20,12,8,53,0,1,0,1.038
34770,2.6529,2.4848,-177.07,2.6529,2.4848,3,1,1,0,0,20,12,8,53,0,1,0,1.036
34780,2.6544,2.4827,-177.07,2.6544,2.4827,3,1,1,0,0,20,12,8,53,0,1,0,1.034
34790,2.6559,2.4805,-177.07,2.6559,2.4805,3,1,1,0,0,20,12,8,53,0,1,0,1.032
34800,2.6572,2.4782,-177.08,2.6572,2.4782,3,1,1,0,0,20,11,8,53,0,1,0,1.030
34810,2.6585,2.4758,-177.08,2.6585,2.4758,3,1,1,0,0,20,11,8,53,0,1,0,1.027
34820,2.6596,2.4733,-177.08,2.6596,2.4733,3,1,1,0,0,20,11,8,53,0,1,0,1.025
34830,2.6607,2.4707,-177.08,2.6607,2.4707,3,1,1,0,0,20,11,8,53,0,1,0,1.022
34840,2.6617,2.4680,-177.08,2.6617,2.4680,3,1,1,0,0,20,11,8,53,0,1,0,1.020
34850,2.6625,2.4652,-177.08,2.6625,2.4652,3,1,1,0,0,20,11,8,53,0,1,0,1.017
34860,2.6633,2.4623,-177.09,2.6633,2.4623,3,1,1,0,0,20,11,8,53,0,1,0,1.014
34870,2.6640,2.4593,-177.09,2.6640,2.4593,3,1,1,0,0,20,11,8,53,0,1,0,1.011
34880,2.6646,2.4562,-177.09,2.6646,2.4562,3,1,1,0,0,20,11,8,53,0,1,0,1.008
34890,2.6651,2.4529,-177.09,2.6651,2.4529,3,1,1,0,0,20,11,8,53,0,1,0,1.004
34900,2.6655,2.4496,-177.09,2.6655,2.4496,3,1,1,0,0,20,11,8,53,0,1,0,1.001
34910,2.6658,2.4461,-177.10,2.6658,2.4461,3,1,1,0,0,20,11,8,53,0,1,0,0.998
34920,2.6660,2.4426,-177.10,2.6660,2.4426,3,1,1,0,0,20,11,8,53,0,1,0,0.994
34930,2.6661,2.4389,-177.10,2.6661,2.4389,3,1,1,0,0,20,11,8,53,0,1,0,0.990
34940,2.6661,2.4352,-177.10,2.6661,2.4352,3,1,1,0,0,20,11,8,53,0,1,0,0.987
34950,2.6660,2.4313,-177.10,2.6660,2.4313,3,1,1,0,0,20,11,8,53,0,1,0,0.983
34960,2.6659,2.4274,-177.11,2.6659,2.4274,3,1,1,0,0,20,11,8,53,0,1,0,0.979
34970,2.6656,2.4233,-177.11,2.6656,2.4233,3,1,1,0,0,20,11,8,53,0,1,0,0.975
34980,2.6653,2.4192,-177.11,2.6653,2.4192,3,1,1,0,0,20,11,8,53,0,1,0,0.971
34990,2.6649,2.4149,-177.11,2.6649,2.4149,3,1,1,0,0,20,11,8,53,0,1,0,0.966
35000,2.6645,2.4107,-177.11,2.6645,2.4107,3,1,1,0,0,20,11,8,53,0,1,0,0.962
35010,2.6640,2.4064,-177.12,2.6640,2.4064,3,1,1,0,0,20,11,8,53,0,1,0,0.958
35020,2.6636,2.4022,-177.12,2.6636,2.4022,3,1,1,0,0,20,11,8,53,0,1,0,0.954
35030,2.6632,2.3980,-177.12,2.6632,2.3980,3,1,1,0,0,20,11,8,53,0,1,0,0.949
35040,2.6628,2.3937,-177.12,2.6628,2.3937,3,1,1,0,0,20,11,8,53,0,1,0,0.945
35050,2.6623,2.3895,-177.12,2.6623,2.3895,3,1,1,0,0,20,11,8,53,0,1,0,0.941
35060,2.6619,2.3852,-177.13,2.6619,2.3852,3,1,1,0,0,20,11,8,53,0,1,0,0.937
35070,2.6615,2.3810,-177.13,2.6615,2.3810,3,1,1,0,0,20,11,8,53,0,1,0,0.932
35080,2.6611,2.3767,-177.13,2.6611,2.3767,3,1,1,0,0,20,11,8,53,0,1,0,0.928
35090,2.6606,2.3725,-177.14,2.6606,2.3725,3,1,1,0,0,20,11,8,53,0,1,0,0.924
35100,2.6602,2.3682,-177.14,2.6602,2.3682,3,1,1,0,0,20,11,8,53,0,1,0,0.920
35110,2.6598,2.3640,-177.14,2.6598,2.3640,3,1,1,0,0,20,11,7,53,0,1,0,0.916
35120,2.6594,2.3598,-177.14,2.6594,2.3598,3,1,1,0,0,20,11,7,53,0,1,0,0.911
35130,2.6591,2.3555,-177.14,2.6591,2.3555,3,1,1,0,0,20,11,7,53,0,1,0,0.907
35140,2.6588,2.3513,-177.15,2.6588,2.3513,3,1,1,0,0,20,11,7,53,0,1,0,0.903
35150,2.6584,2.3470,-177.15,2.6584,2.3470,3,1,1,0,0,20,11,7,53,0,1,0,0.899
35160,2.6581,2.3428,-177.15,2.6581,2.3428,3,1,1,0,0,20,11,7,53,0,1,0,0.894
35170,2.6577,2.3386,-177.15,2.6577,2.3386,3,1,1,0,0,20,11,7,53,0,1,0,0.890
35180,2.6574,2.3343,-177.15,2.6574,2.3343,3,1,1,0,0,20,11,7,53,0,1,0,0.886
35190,2.6570,2.3301,-177.16,2.6570,2.3301,3,1,1,0,0,20,11,7,53,0,1,0,0.882
35200,2.6567,2.3258,-177.16,2.6567,2.3258,3,1,1,0,0,20,11,7,53,0,1,0,0.877
35210,2.6563,2.3216,-177.16,2.6563,2.3216,3,1,1,0,0,20,11,7,53,0,1,0,0.873
35220,2.6560,2.3174,-177.16,2.6560,2.3174,3,1,1,0,0,20,11,7,53,0,1,0,0.869
35230,2.6556,2.3131,-177.16,2.6556,2.3131,3,1,1,0,0,20,11,7,53,0,1,0,0.865
35240,2.6553,2.3089,-177.17,2.6553,2.3089,3,1,1,0,0,20,11,7,53,0,1,0,0.860
35250,2.6549,2.3046,-177.17,2.6549,2.3046,3,1,1,0,0,20,11,7,53,0,1,0,0.856
35260,2.6546,2.3004,-177.17,2.6546,2.3004,3,1,1,0,0,20,11,7,53,0,1,0,0.852
35270,2.6542,2.2962,-177.17,2.6542,2.2962,3,1,1,0,0,20,11,7,53,0,1,0,0.848
35280,2.6539,2.2919,-177.17,2.6539,2.2919,3,1,1,0,0,20,11,7,53,0,1,0,0.843
35290,2.6535,2.2877,-177.18,2.6535,2.2877,3,1,1,0,0,20,11,7,53,0,1,0,0.839
35300,2.6532,2.2834,-177.18,2.6532,2.2834,3,1,1,0,0,20,11,7,53,0,1,0,0.835
35310,2.6528,2.2792,-177.18,2.6528,2.2792,3,1,1,0,0,20,11,7,53,0,1,0,0.831
35320,2.6525,2.2749,-177.19,2.6525,2.2749,3,1,1,0,0,20,11,7,53,0,1,0,0.826
35330,2.6521,2.2707,-177.19,2.6521,2.2707,3,1,1,0,0,20,11,7,53,0,1,0,0.822
35340,2.6518,2.2665,-177.19,2.6518,2.2665,3,1,1,0,0,20,11,7,53,0,1,0,0.818
35350,2.6514,2.2622,-177.19,2.6514,2.2622,3,1,1,0,0,20,12,7,53,0,1,0,0.814
35360,2.6511,2.2580,-177.19,2.6511,2.2580,3,1,1,0,0,20,12,7,53,0,1,0,0.809
35370,2.6507,2.2537,-177.20,2.6507,2.2537,3,1,1,0,0,20,12,7,53,0,1,0,0.805
35380,2.6504,2.2495,-177.20,2.6504,2.2495,3,1,1,0,0,20,12,7,53,0,1,0,0.801
35390,2.6500,2.2453,-177.20,2.6500,2.2453,3,1,1,0,0,20,12,7,53,0,1,0,0.797
35400,2.6497,2.2410,-177.20,2.6497,2.2410,3,1,1,0,0,20,12,7,53,0,1,0,0.793
35410,2.6493,2.2368,-177.21,2.6493,2.2368,3,1,1,0,0,20,12,7,53,0,1,0,0.788
35420,2.6490,2.2325,-177.21,2.6490,2.2325,3,1,1,0,0,20,12,7,53,0,1,0,0.784
35430,2.6486,2.2283,-177.21,2.6486,2.2283,3,1,1,0,0,20,12,7,53,0,1,0,0.780
35440,2.6483,2.2241,-177.21,2.6483,2.2241,3,1,1,0,0,20,12,7,53,0,1,0,0.776
35450,2.6479,2.2198,-177.21,2.6479,2.2198,3,1,1,0,0,20,12,7,53,0,1,0,0.771
35460,2.6476,2.2156,-177.22,2.6476,2.2156,3,1,1,0,0,20,12,7,53,0,1,0,0.767
35470,2.6472,2.2113,-177.22,2.6472,2.2113,3,1,1,0,0,20,12,7,53,0,1,0,0.763
35480,2.6469,2.2071,-177.22,2.6469,2.2071,3,1,1,0,0,20,12,7,53,0,1,0,0.759
35490,2.6465,2.2029,-177.22,2.6465,2.2029,3,1,1,0,0,20,12,7,53,0,1,0,0.754
35500,2.6462,2.1986,-177.22,2.6462,2.1986,3,1,1,0,0,20,12,7,53,0,1,0,0.750
35510,2.6458,2.1944,-177.23,2.6458,2.1944,3,1,1,0,0,20,12,7,53,0,1,0,0.746
35520,2.6455,2.1901,-177.23,2.6455,2.1901,3,1,1,0,0,20,12,7,53,0,1,0,0.742
35530,2.6451,2.1859,-177.23,2.6451,2.1859,3,1,1,0,0,20,12,7,53,0,1,0,0.737
35540,2.6448,2.1817,-177.23,2.6448,2.1817,3,1,1,0,0,20,12,7,53,0,1,0,0.733
35550,2.6444,2.1774,-177.23,2.6444,2.1774,3,1,1,0,0,20,12,7,53,0,1,0,0.729
35560,2.6441,2.1732,-177.24,2.6441,2.1732,3,1,1,0,0,20,12,7,53,0,1,0,0.725
35570,2.6437,2.1689,-177.24,2.6437,2.1689,3,1,1,0,0,20,12,7,53,0,1,0,0.720
35580,2.6434,2.1647,-177.24,2.6434,2.1647,3,1,1,0,0,20,12,7,53,0,1,0,0.716
35590,2.6430,2.1605,-177.25,2.6430,2.1605,3,1,1,0,0,20,12,7,53,0,1,0,0.712
35600,2.6426,2.1562,-177.25,2.6426,2.1562,3,1,1,0,0,20,13,7,53,0,1,0,0.708
35610,2.6423,2.1520,-177.25,2.6423,2.1520,3,1,1,0,0,20,13,7,53,0,1,0,0.703
35620,2.6419,2.1477,-177.25,2.6419,2.1477,3,1,1,0,0,20,13,7,53,0,1,0,0.699
35630,2.6416,2.1435,-177.25,2.6416,2.1435,3,1,1,0,0,20,13,7,53,0,1,0,0.695
35640,2.6412,2.1393,-177.26,2.6412,2.1393,3,1,1,0,0,20,13,7,53,0,1,0,0.691
35650,2.6409,2.1350,-177.26,2.6409,2.1350,3,1,1,0,0,20,13,7,53,0,1,0,0.687
35660,2.6405,2.1308,-177.26,2.6405,2.1308,3,1,1,0,0,20,13,7,53,0,1,0,0.682
35670,2.6402,2.1265,-177.26,2.6402,2.1265,3,1,1,0,0,20,13,7,53,0,1,0,0.678
35680,2.6398,2.1223,-177.26,2.6398,2.1223,3,1,1,0,0,20,13,7,53,0,1,0,0.674
35690,2.6395,2.1181,-177.27,2.6395,2.1181,3,1,1,0,0,20,13,7,53,0,1,0,0.670
35700,2.6391,2.1138,-177.27,2.6391,2.1138,3,1,1,0,0,20,13,7,53,0,1,0,0.665
35710,2.6387,2.1096,-177.27,2.6387,2.1096,3,1,1,0,0,20,13,7,53,0,1,0,0.661
35720,2.6384,2.1053,-177.27,2.6384,2.1053,3,1,1,0,0,20,13,7,53,0,1,0,0.657
35730,2.6380,2.1011,-177.27,2.6380,2.1011,3,1,1,0,0,20,13,7,53,0,1,0,0.653
35740,2.6377,2.0969,-177.28,2.6377,2.0969,3,1,1,0,0,20,13,7,53,0,1,0,0.648
35750,2.6373,2.0926,-177.28,2.6373,2.0926,3,1,1,0,0,20,13,7,53,0,1,0,0.644
35760,2.6370,2.0884,-177.28,2.6370,2.0884,3,1,1,0,0,20,13,7,53,0,1,0,0.640
35770,2.6366,2.0841,-177.28,2.6366,2.0841,3,1,1,0,0,20,13,7,53,0,1,0,0.636
35780,2.6363,2.0799,-177.28,2.6363,2.0799,3,1,1,0,0,20,13,7,53,0,1,0,0.631
35790,2.6359,2.0757,-177.29,2.6359,2.0757,3,1,1,0,0,20,13,7,53,0,1,0,0.627
35800,2.6355,2.0714,-177.29,2.6355,2.0714,3,1,1,0,0,20,13,7,53,0,1,0,0.623
35810,2.6352,2.0672,-177.29,2.6352,2.0672,3,1,1,0,0,20,13,7,53,0,1,0,0.619
35820,2.6348,2.0629,-177.29,2.6348,2.0629,3,1,1,0,0,20,13,7,53,0,1,0,0.614
35830,2.6345,2.0587,-177.29,2.6345,2.0587,3,1,1,0,0,20,13,7,53,0,1,0,0.610
35840,2.6341,2.0545,-177.30,2.6341,2.0545,3,1,1,0,0,20,13,7,53,0,1,0,0.606
35850,2.6338,2.0502,-177.30,2.6338,2.0502,3,1,1,0,0,20,13,7,53,0,1,0,0.602
35860,2.6334,2.0460,-177.30,2.6334,2.0460,3,1,1,0,0,20,13,7,53,0,1,0,0.597
35870,2.6330,2.0417,-177.30,2.6330,2.0417,3,1,1,0,0,20,13,7,53,0,1,0,0.593
35880,2.6327,2.0375,-177.30,2.6327,2.0375,3,1,1,0,0,20,13,7,53,0,1,0,0.589
35890,2.6323,2.0333,-177.31,2.6323,2.0333,3,1,1,0,0,20,13,7,53,0,1,0,0.585
35900,2.6320,2.0290,-177.31,2.6320,2.0290,3,1,1,0,0,20,14,7,53,0,1,0,0.581
35910,2.6316,2.0248,-177.31,2.6316,2.0248,3,1,1,0,0,20,14,7,53,0,1,0,0.576
35920,2.6312,2.0206,-177.32,2.6312,2.0206,3,1,1,0,0,20,14,7,53,0,1,0,0.572
35930,2.6309,2.0163,-177.32,2.6309,2.0163,3,1,1,0,0,20,14,7,53,0,1,0,0.568
35940,2.6305,2.0121,-177.32,2.6305,2.0121,3,1,1,0,0,20,14,7,53,0,1,0,0.564
35950,2.6302,2.0078,-177.32,2.6302,2.0078,3,1,1,0,0,20,14,7,53,0,1,0,0.559
35960,2.6298,2.0036,-177.32,2.6298,2.0036,3,1,1,0,0,20,14,7,53,0,1,0,0.555
35970,2.6294,1.9994,-177.33,2.6294,1.9994,3,1,1,0,0,20,14,7,53,0,1,0,0.551
35980,2.6291,1.9951,-177.33,2.6291,1.9951,3,1,1,0,0,20,14,7,53,0,1,0,0.547
35990,2.6287,1.9909,-177.33,2.6287,1.9909,3,1,1,0,0,20,14,7,53,0,1,0,0.542
36000,2.6284,1.9866,-177.33,2.6284,1.9866,3,1,1,0,0,20,14,6,53,1,1,0,0.538
36010,2.6281,1.9824,-177.34,2.6281,1.9824,3,1,1,0,0,20,14,6,53,1,1,0,0.534
36020,2.6279,1.9782,-177.34,2.6279,1.9782,3,1,1,0,0,20,14,6,53,1,1,0,0.530
36030,2.6276,1.9739,-177.34,2.6276,1.9739,3,1,1,0,0,20,14,6,53,1,1,0,0.525
36040,2.6273,1.9697,-177.34,2.6273,1.9697,3,1,1,0,0,20,14,6,53,1,1,0,0.521
36050,2.6270,1.9655,-177.34,2.6270,1.9655,3,1,1,0,0,20,14,6,53,1,1,0,0.517
36060,2.6267,1.9612,-177.35,2.6267,1.9612,3,1,1,0,0,20,14,6,53,1,1,0,0.513
36070,2.6265,1.9570,-177.35,2.6265,1.9570,3,1,1,0,0,20,14,6,53,1,1,0,0.508
36080,2.6262,1.9528,-177.35,2.6262,1.9528,3,1,1,0,0,20,14,6,53,1,1,0,0.504
36090,2.6259,1.9485,-177.35,2.6259,1.9485,3,1,1,0,0,20,14,6,53,1,1,0,0.500
36100,2.6256,1.9443,-177.35,2.6256,1.9443,3,1,1,0,0,20,14,6,53,1,1,0,0.496
36110,2.6253,1.9400,-177.36,2.6253,1.9400,3,1,1,0,0,20,14,6,53,1,1,0,0.492
36120,2.6250,1.9358,-177.36,2.6250,1.9358,3,1,1,0,0,20,14,6,53,1,1,0,0.487
36130,2.6248,1.9316,-177.36,2.6248,1.9316,3,1,1,0,0,20,14,6,53,1,1,0,0.483
36140,2.6245,1.9273,-177.36,2.6245,1.9273,3,1,1,0,0,20,14,6,53,1,1,0,0.479
36150,2.6242,1.9231,-177.36,2.6242,1.9231,3,1,1,0,0,20,14,6,53,1,1,0,0.475
36160,2.6239,1.9189,-177.37,2.6239,1.9189,3,1,1,0,0,20,14,6,53,1,1,0,0.470
36170,2.6236,1.9146,-177.37,2.6236,1.9146,3,1,1,0,0,20,14,6,53,1,1,0,0.466
36180,2.6233,1.9104,-177.37,2.6233,1.9104,3,1,1,0,0,20,14,6,53,1,1,0,0.462
36190,2.6231,1.9062,-177.38,2.6231,1.9062,3,1,1,0,0,20,14,6,53,1,1,0,0.458
36200,2.6228,1.9019,-177.38,2.6228,1.9019,3,1,1,0,0,20,15,6,53,1,1,0,0.453
36210,2.6225,1.8977,-177.38,2.6225,1.8977,3,1,1,0,0,20,15,6,53,1,1,0,0.449
36220,2.6222,1.8935,-177.38,2.6222,1.8935,3,1,1,0,0,20,15,6,53,1,1,0,0.445
36230,2.6219,1.8892,-177.38,2.6219,1.8892,3,1,1,0,0,20,15,6,53,1,1,0,0.441
36240,2.6216,1.8850,-177.39,2.6216,1.8850,3,1,1,0,0,20,15,6,53,1,1,0,0.436
36250,2.6214,1.8807,-177.39,2.6214,1.8807,3,1,1,0,0,20,15,6,53,1,1,0,0.432
36260,2.6211,1.8765,-177.39,2.6211,1.8765,3,1,1,0,0,20,15,6,53,1,1,0,0.428
36270,2.6208,1.8723,-177.39,2.6208,1.8723,3,1,1,0,0,20,15,6,53,1,1,0,0.424
36280,2.6205,1.8680,-177.39,2.6205,1.8680,3,1,1,0,0,20,15,6,53,1,1,0,0.420
36290,2.6202,1.8638,-177.39,2.6202,1.8638,3,1,1,0,0,20,15,6,53,1,1,0,0.415
36300,2.6199,1.8596,-177.39,2.6199,1.8596,3,1,1,0,0,20,15,6,53,1,1,0,0.411
36310,2.6197,1.8553,-177.39,2.6197,1.8553,3,1,1,0,0,20,15,5,53,1,1,0,0.407
36320,2.6194,1.8511,-177.40,2.6194,1.8511,3,1,1,0,0,20,15,5,53,1,1,0,0.403
36330,2.6192,1.8469,-177.40,2.6192,1.8469,3,1,1,0,0,20,15,5,53,1,1,0,0.398
36340,2.6190,1.8426,-177.40,2.6190,1.8426,3,1,1,0,0,20,15,5,53,1,1,0,0.394
36350,2.6188,1.8384,-177.40,2.6188,1.8384,3,1,1,0,0,20,15,5,53,1,1,0,0.390
36360,2.6186,1.8342,-177.40,2.6186,1.8342,3,1,1,0,0,20,15,5,53,1,1,0,0.386
36370,2.6184,1.8299,-177.40,2.6184,1.8299,3,1,1,0,0,20,15,5,53,1,1,0,0.381
36380,2.6182,1.8257,-177.40,2.6182,1.8257,3,1,1,0,0,20,15,5,53,1,1,0,0.377
36390,2.6180,1.8215,-177.40,2.6180,1.8215,3,1,1,0,0,20,15,5,53,1,1,0,0.373
36400,2.6178,1.8172,-177.40,2.6178,1.8172,3,1,1,0,0,20,15,5,53,1,1,0,0.369
36410,2.6176,1.8130,-177.41,2.6176,1.8130,3,1,1,0,0,20,15,5,53,1,1,0,0.365
36420,2.6174,1.8088,-177.41,2.6174,1.8088,3,1,1,0,0,20,15,5,53,1,1,0,0.360
36430,2.6172,1.8046,-177.41,2.6172,1.8046,3,1,1,0,0,20,15,5,53,1,1,0,0.356
36440,2.6170,1.8003,-177.41,2.6170,1.8003,3,1,1,0,0,20,15,5,53,1,1,0,0.352
36450,2.6168,1.7961,-177.41,2.6168,1.7961,3,1,1,0,0,20,15,5,53,1,1,0,0.348
36460,2.6166,1.7919,-177.41,2.6166,1.7919,3,1,1,0,0,20,15,5,53,1,1,0,0.343
36470,2.6163,1.7876,-177.41,2.6163,1.7876,3,1,1,0,0,20,15,5,53,1,1,0,0.339
36480,2.6161,1.7834,-177.41,2.6161,1.7834,3,1,1,0,0,20,15,5,53,1,1,0,0.335
36490,2.6159,1.7792,-177.41,2.6159,1.7792,3,1,1,0,0,20,15,5,53,1,1,0,0.331
36500,2.6157,1.7749,-177.42,2.6157,1.7749,3,1,1,0,0,20,15,5,53,1,1,0,0.326
36510,2.6155,1.7707,-177.42,2.6155,1.7707,3,1,1,0,0,20,15,5,53,1,1,0,0.322
36520,2.6153,1.7665,-177.42,2.6153,1.7665,3,1,1,0,0,20,15,5,53,1,1,0,0.318
36530,2.6151,1.7622,-177.42,2.6151,1.7622,3,1,1,0,0,20,15,5,53,1,1,0,0.314
36540,2.6149,1.7580,-177.42,2.6149,1.7580,3,1,1,0,0,20,15,5,53,1,1,0,0.310
36550,2.6147,1.7538,-177.42,2.6147,1.7538,3,1,1,0,0,20,15,5,53,1,1,0,0.305
36560,2.6145,1.7495,-177.42,2.6145,1.7495,3,1,1,0,0,20,15,5,53,1,1,0,0.301
36570,2.6143,1.7453,-177.42,2.6143,1.7453,3,1,1,0,0,20,15,5,53,1,1,0,0.297
36580,2.6141,1.7411,-177.42,2.6141,1.7411,3,1,1,0,0,20,15,4,53,1,1,0,0.293
36590,2.6140,1.7368,-177.43,2.6140,1.7369,3,1,1,0,0,20,15,4,53,1,1,0,0.288
36600,2.6139,1.7326,-177.43,2.6139,1.7326,3,1,1,0,0,20,16,4,53,1,1,0,0.284
36610,2.6137,1.7284,-177.43,2.6137,1.7284,3,1,1,0,0,20,16,4,53,1,1,0,0.280
36620,2.6136,1.7242,-177.43,2.6136,1.7242,3,1,1,0,0,20,16,4,53,1,1,0,0.276
36630,2.6135,1.7199,-177.43,2.6135,1.7199,3,1,1,0,0,20,16,4,53,1,1,0,0.271
36640,2.6133,1.7157,-177.44,2.6133,1.7157,3,1,1,0,0,20,16,4,53,1,1,0,0.267
36650,2.6132,1.7115,-177.44,2.6132,1.7115,3,1,1,0,0,20,16,4,53,1,1,0,0.263
36660,2.6131,1.7073,-177.44,2.6131,1.7073,3,1,1,0,0,20,16,4,53,1,1,0,0.259
36670,2.6130,1.7030,-177.44,2.6130,1.7030,3,1,1,0,0,20,16,4,53,1,1,0,0.255
36680,2.6128,1.6988,-177.44,2.6128,1.6988,3,1,0,0,0,20,16,4,53,1,1,0,0.250
36690,2.6127,1.6946,-177.44,2.6127,1.6946,3,1,0,0,0,20,16,4,53,1,1,0,0.246
36700,2.6126,1.6903,-177.44,2.6126,1.6903,3,1,0,0,0,20,16,4,53,1,1,0,0.242
36710,2.6124,1.6861,-177.44,2.6124,1.6861,3,1,0,0,0,20,16,4,53,1,1,0,0.238
36720,2.6123,1.6819,-177.44,2.6123,1.6819,3,1,0,0,0,20,16,4,53,1,1,0,0.233
36730,2.6122,1.6777,-177.45,2.6122,1.6777,3,1,0,0,0,20,16,4,53,1,1,0,0.229
36740,2.6120,1.6734,-177.45,2.6120,1.6734,3,1,0,0,0,20,16,4,53,1,1,0,0.225
36750,2.6119,1.6692,-177.45,2.6119,1.6692,3,1,0,0,0,20,16,4,53,1,1,0,0.221
36760,2.6118,1.6650,-177.45,2.6118,1.6650,3,1,0,0,0,20,16,4,53,1,1,0,0.216
36770,2.6117,1.6607,-177.45,2.6117,1.6607,3,1,0,0,0,20,16,4,53,1,1,0,0.212
36780,2.6115,1.6565,-177.45,2.6115,1.6565,3,1,0,0,0,20,16,4,53,1,1,0,0.208
36790,2.6114,1.6523,-177.45,2.6114,1.6523,3,1,0,0,0,20,16,4,53,1,1,0,0.204
36800,2.6113,1.6481,-177.45,2.6113,1.6481,3,1,0,0,0,20,16,3,53,1,1,0,0.200
36810,2.6112,1.6438,-177.45,2.6112,1.6438,3,1,0,0,0,20,16,3,53,1,1,0,0.195
36820,2.6112,1.6396,-177.46,2.6112,1.6396,3,1,0,0,0,20,16,3,53,1,1,0,0.191
36830,2.6111,1.6354,-177.46,2.6111,1.6354,3,1,0,0,0,20,16,3,53,1,1,0,0.187
36840,2.6111,1.6312,-177.46,2.6111,1.6312,3,1,0,0,0,20,16,3,53,1,1,0,0.183
36850,2.6110,1.6269,-177.46,2.6110,1.6269,3,1,0,0,0,20,16,3,53,1,1,0,0.178
36860,2.6109,1.6227,-177.46,2.6109,1.6227,3,1,0,0,0,20,16,3,53,1,1,0,0.174
36870,2.6109,1.6185,-177.46,2.6109,1.6185,3,1,0,0,0,20,16,3,53,1,1,0,0.170
36880,2.6108,1.6143,-177.46,2.6108,1.6143,3,1,0,0,0,20,16,3,53,1,1,0,0.166
36890,2.6108,1.6100,-177.46,2.6108,1.6100,3,1,0,0,0,20,16,3,53,1,1,0,0.162
36900,2.6107,1.6058,-177.47,2.6107,1.6058,3,1,0,0,0,20,16,3,53,1,1,0,0.157
36910,2.6107,1.6016,-177.47,2.6107,1.6016,3,1,0,0,0,20,16,3,53,1,1,0,0.153
36920,2.6106,1.5974,-177.47,2.6106,1.5974,4,1,0,0,0,20,16,3,53,1,1,0,0.149
36930,2.6106,1.5931,-177.47,2.6106,1.5931,4,1,0,0,0,20,16,3,53,1,1,0,0.145
36940,2.6105,1.5889,-177.47,2.6105,1.5889,4,1,0,0,0,20,16,3,53,1,1,0,0.140
36950,2.6105,1.5847,-177.47,2.6105,1.5847,4,1,1,0,0,20,16,0,0,0,0,0,1000.000
36960,2.6104,1.5806,-177.47,2.6104,1.5806,4,1,1,0,0,20,16,0,0,0,0,0,1000.000
36970,2.6104,1.5766,-177.47,2.6104,1.5766,4,1,1,0,0,20,16,0,0,0,0,0,1000.000
36980,2.6103,1.5729,-177.47,2.6103,1.5729,4,1,1,0,0,20,16,0,0,0,0,0,1000.000
36990,2.6102,1.5693,-177.47,2.6102,1.5693,4,1,1,0,0,20,16,0,0,0,0,0,1000.000
37000,2.6101,1.5660,-177.47,2.6101,1.5660,4,1,1,0,0,20,16,150,-7,0,0,0,2.340
37010,2.6100,1.5629,-177.47,2.6100,1.5629,4,1,1,0,0,20,16,150,-7,0,0,0,2.340
37020,2.6099,1.5599,-177.47,2.6099,1.5599,4,1,1,0,0,20,16,150,-7,0,0,0,2.340
37030,2.6098,1.5572,-177.47,2.6098,1.5572,4,1,1,0,0,20,16,150,-7,0,0,0,2.340
37040,2.6097,1.5547,-177.47,2.6097,1.5547,4,1,1,0,0,20,16,150,-7,0,0,0,2.340
37050,2.6095,1.5523,-177.47,2.6095,1.5523,4,1,1,0,0,20,16,150,-7,0,0,0,2.340
37060,2.6094,1.5502,-177.47,2.6094,1.5502,4,1,1,0,0,20,16,150,-7,0,0,0,2.339
37070,2.6091,1.5481,-177.48,2.6091,1.5481,4,1,1,0,0,20,16,150,-7,0,0,0,2.339
37080,2.6087,1.5461,-177.48,2.6087,1.5461,4,1,1,0,0,20,16,150,-7,0,0,0,2.339
37090,2.6081,1.5440,-177.48,2.6081,1.5440,4,1,1,0,0,20,16,150,-7,0,0,0,2.338
37100,2.6072,1.5420,-177.49,2.6072,1.5420,4,1,1,0,0,19,16,150,-7,0,0,0,2.337
37110,2.6062,1.5399,-177.49,2.6062,1.5399,4,1,1,0,0,19,16,150,-7,0,0,0,2.336
37120,2.6049,1.5378,-177.50,2.6049,1.5378,4,1,1,0,0,19,16,150,-7,0,0,0,2.335
37130,2.6035,1.5357,-177.50,2.6035,1.5357,4,1,1,0,0,19,16,150,-7,0,0,0,2.333
37140,2.6018,1.5336,-177.50,2.6018,1.5336,4,1,1,0,0,19,16,150,-7,0,0,0,2.332
37150,2.6000,1.5315,-177.51,2.6000,1.5315,4,1,1,0,0,18,16,150,-7,0,0,0,2.330
37160,2.5980,1.5294,-177.51,2.5980,1.5294,4,1,1,0,0,18,16,150,-7,0,0,0,2.328
37170,2.5957,1.5272,-177.52,2.5957,1.5272,4,1,1,0,0,18,16,150,-7,0,0,0,2.326
37180,2.5933,1.5251,-177.52,2.5933,1.5251,4,1,1,0,0,18,16,150,-6,0,0,0,2.323
37190,2.5906,1.5230,-177.52,2.5906,1.5230,4,1,1,0,0,18,16,150,-6,0,0,0,2.321
37200,2.5878,1.5208,-177.53,2.5878,1.5208,4,1,1,0,0,17,16,150,-6,0,0,0,2.318
37210,2.5847,1.5186,-177.53,2.5847,1.5186,4,1,1,0,0,17,16,150,-6,0,0,0,2.315
37220,2.5815,1.5165,-177.54,2.5815,1.5165,4,1,1,0,0,17,16,150,-6,0,0,0,2.312
37230,2.5780,1.5143,-177.54,2.5780,1.5143,4,1,1,0,0,17,16,150,-6,0,0,0,2.308
37240,2.5744,1.5121,-177.54,2.5744,1.5121,4,1,1,0,0,17,16,150,-6,0,0,0,2.304
37250,2.5706,1.5099,-177.55,2.5706,1.5099,4,1,1,0,0,16,17,150,-6,0,0,0,2.301
37260,2.5665,1.5077,-177.55,2.5665,1.5077,4,1,1,0,0,16,17,150,-6,0,0,0,2.297
37270,2.5623,1.5055,-177.56,2.5623,1.5055,4,1,1,0,0,16,17,150,-6,0,0,0,2.292
37280,2.5578,1.5033,-177.56,2.5578,1.5033,4,1,1,0,0,16,17,150,-6,0,0,0,2.288
37290,2.5532,1.5011,-177.56,2.5532,1.5011,4,1,1,0,0,16,17,150,-6,0,0,0,2.283
37300,2.5483,1.4988,-177.57,2.5483,1.4988,4,1,1,0,0,15,18,150,-6,0,0,0,2.278
37310,2.5433,1.4966,-177.57,2.5433,1.4966,4,1,1,0,0,15,18,150,-6,0,0,0,2.273
37320,2.5381,1.4943,-177.58,2.5381,1.4943,4,1,1,0,0,15,18,150,-6,0,0,0,2.268
37330,2.5326,1.4921,-177.58,2.5326,1.4921,4,1,1,0,0,15,18,150,-6,0,0,0,2.263
37340,2.5270,1.4898,-177.58,2.5270,1.4898,4,1,1,0,0,15,18,150,-6,0,0,0,2.257
37350,2.5211,1.4875,-177.59,2.5211,1.4875,4,1,1,0,0,14,20,150,-6,0,0,0,2.251
37360,2.5151,1.4852,-177.59,2.5151,1.4852,4,1,1,0,0,14,20,150,-6,0,0,0,2.245
37370,2.5088,1.4829,-177.59,2.5088,1.4829,4,1,1,0,0,14,20,150,-6,0,0,0,2.239
37380,2.5024,1.4806,-177.60,2.5024,1.4806,4,1,1,0,0,14,20,150,-6,0,0,0,2.232
37390,2.4958,1.4783,-177.60,2.4958,1.4783,4,1,1,0,0,14,20,150,-6,0,0,0,2.226
37400,2.4889,1.4760,-177.61,2.4889,1.4760,4,1,1,0,0,13,20,150,-6,0,0,0,2.219
37410,2.4819,1.4737,-177.61,2.4819,1.4737,4,1,1,0,0,13,20,150,-6,0,0,0,2.212
37420,2.4746,1.4714,-177.61,2.4746,1.4714,4,1,1,0,0,13,20,150,-6,0,0,0,2.205
37430,2.4672,1.4690,-177.62,2.4672,1.4690,4,1,1,0,0,13,20,150,-6,0,0,0,2.197
37440,2.4595,1.4667,-177.62,2.4595,1.4667,4,1,1,0,0,13,20,150,-6,0,0,0,2.190
37450,2.4517,1.4643,-177.63,2.4517,1.4643,4,1,1,0,0,11,20,150,-6,0,0,0,2.182
37460,2.4436,1.4619,-177.63,2.4436,1.4619,4,1,1,0,0,11,20,150,-6,0,0,0,2.174
37470,2.4354,1.4596,-177.63,2.4354,1.4596,4,1,1,0,0,11,20,150,-6,0,0,0,2.165
37480,2.4270,1.4572,-177.64,2.4270,1.4572,4,1,1,0,0,11,20,150,-6,0,0,0,2.157
37490,2.4183,1.4548,-177.64,2.4183,1.4548,4,1,1,0,0,11,20,150,-6,0,0,0,2.148
37500,2.4095,1.4524,-177.65,2.4095,1.4524,4,1,1,0,0,10,20,150,-6,0,0,0,2.139
37510,2.4004,1.4500,-177.65,2.4004,1.4500,4,1,1,0,0,10,20,150,-6,0,0,0,1.456
37520,2.3912,1.4476,-177.65,2.3912,1.4476,4,1,1,0,0,10,20,150,-6,1,0,0,2.121
37530,2.3819,1.4452,-177.66,2.3819,1.4452,4,1,1,0,0,10,20,150,-6,1,0,0,2.112
37540,2.3724,1.4430,-177.66,2.3724,1.4430,4,1,1,0,0,10,20,150,-6,1,0,0,2.102
37550,2.3628,1.4408,-177.66,2.3628,1.4408,4,1,1,0,0,9,20,150,-6,1,0,0,2.093
37560,2.3531,1.4387,-177.66,2.3531,1.4387,4,1,1,0,0,9,20,150,-6,1,0,0,2.083
37570,2.3433,1.4372,-177.66,2.3433,1.4372,4,1,1,0,0,9,20,150,-6,1,0,0,2.073
37580,2.3334,1.4372,-177.66,2.3334,1.4372,4,1,1,0,0,9,20,150,-6,1,0,0,2.063
37590,2.3234,1.4372,-177.66,2.3234,1.4372,4,1,1,0,0,9,20,150,-6,1,0,0,2.053
37600,2.3133,1.4372,-177.66,2.3133,1.4372,4,1,1,0,0,9,20,150,-6,1,0,0,2.043
37610,2.3031,1.4372,-177.66,2.3031,1.4372,4,1,1,0,0,9,20,150,-6,1,0,0,2.033
37620,2.2928,1.4372,-177.66,2.2928,1.4372,4,1,1,0,0,9,20,150,-6,1,0,0,2.023
37630,2.2824,1.4372,-177.66,2.2824,1.4372,4,1,1,0,0,9,20,150,-6,1,0,0,2.012
37640,2.2719,1.4372,-177.66,2.2719,1.4372,4,1,1,0,0,9,20,150,-6,1,0,0,2.002
37650,2.2613,1.4372,-177.66,2.2613,1.4372,4,1,1,0,0,9,20,150,-6,1,0,0,1.991
37660,2.2505,1.4372,-177.66,2.2505,1.4372,4,1,1,0,0,9,20,150,-6,1,0,0,1.981
37670,2.2397,1.4372,-177.67,2.2397,1.4372,4,1,1,0,0,9,20,150,-6,1,0,0,1.970
37680,2.2288,1.4372,-177.67,2.2288,1.4372,4,1,1,0,0,9,20,150,-6,1,0,0,1.959
37690,2.2177,1.4372,-177.67,2.2177,1.4372,4,1,1,0,0,9,20,150,-6,1,0,0,1.948
37700,2.2066,1.4372,-177.67,2.2066,1.4372,4,1,1,0,0,9,20,150,-6,1,0,0,1.937
37710,2.1953,1.4372,-177.67,2.1953,1.4372,4,1,1,0,0,9,20,150,-6,1,0,0,1.925
37720,2.1840,1.4372,-177.67,2.1840,1.4372,4,1,1,0,0,9,20,150,-6,1,0,0,1.914
37730,2.1725,1.4372,-177.67,2.1725,1.4372,4,1,1,0,0,9,20,150,-6,1,0,0,1.903
37740,2.1610,1.4372,-177.67,2.1610,1.4372,4,1,1,0,0,9,20,150,-6,1,0,0,1.891
37750,2.1493,1.4372,-177.67,2.1493,1.4372,4,1,1,0,0,9,20,150,-6,1,0,0,1.879
37760,2.1376,1.4372,-177.68,2.1376,1.4372,4,1,1,0,0,9,20,150,-6,1,0,0,1.868
37770,2.1258,1.4371,-177.68,2.1258,1.4371,4,1,1,0,0,9,20,150,-6,1,0,0,1.856
37780,2.1139,1.4371,-177.69,2.1139,1.4371,4,1,1,0,0,9,20,150,-6,1,0,0,1.844
37790,2.1019,1.4371,-177.69,2.1019,1.4371,4,1,1,0,0,9,20,150,-6,1,0,0,1.832
37800,2.0900,1.4371,-177.69,2.0900,1.4371,4,1,1,0,0,9,20,150,-6,1,0,0,1.820
37810,2.0780,1.4371,-177.69,2.0780,1.4371,4,1,1,0,0,9,20,150,-6,1,0,0,1.808
37820,2.0661,1.4371,-177.69,2.0661,1.4371,4,1,1,0,0,9,20,150,-6,1,0,0,1.796
37830,2.0541,1.4371,-177.69,2.0541,1.4371,4,1,1,0,0,9,20,150,-6,1,0,0,1.784
37840,2.0422,1.4371,-177.69,2.0422,1.4371,4,1,1,0,0,9,20,150,-6,1,0,0,1.772
37850,2.0302,1.4371,-177.69,2.0302,1.4371,4,1,1,0,0,9,20,150,-6,1,0,0,1.760
37860,2.0183,1.4371,-177.69,2.0183,1.4371,4,1,1,0,0,9,20,150,-6,1,0,0,1.748
37870,2.0063,1.4371,-177.69,2.0063,1.4371,4,1,1,0,0,9,20,150,-6,1,0,0,1.736
37880,1.9944,1.4371,-177.70,1.9944,1.4371,4,1,1,0,0,9,20,150,-6,1,0,0,1.724
37890,1.9824,1.4371,-177.70,1.9824,1.4371,4,1,1,0,0,9,20,150,-6,1,0,0,1.712
37900,1.9705,1.4371,-177.70,1.9705,1.4371,4,1,1,0,0,9,20,150,-6,1,0,0,1.700
37910,1.9585,1.4371,-177.70,1.9585,1.4371,4,1,1,0,0,9,20,150,-6,1,0,0,1.689
37920,1.9466,1.4371,-177.70,1.9466,1.4371,4,1,1,0,0,9,20,150,-6,1,0,0,1.677
37930,1.9346,1.4371,-177.70,1.9346,1.4371,4,1,1,0,0,9,20,150,-6,1,0,0,1.665
37940,1.9227,1.4371,-177.70,1.9227,1.4371,4,1,1,0,0,9,20,150,-6,1,0,0,1.653
37950,1.9108,1.4371,-177.70,1.9108,1.4371,4,1,1,0,0,9,20,150,-6,1,0,0,1.641
37960,1.8988,1.4371,-177.70,1.8988,1.4371,4,1,1,0,0,9,20,150,-6,1,0,0,1.629
37970,1.8869,1.4371,-177.71,1.8869,1.4371,4,1,1,0,0,9,20,150,-6,1,0,0,1.617
37980,1.8749,1.4371,-177.71,1.8749,1.4371,4,1,1,0,0,9,20,150,-6,1,0,0,1.605
37990,1.8630,1.4371,-177.71,1.8630,1.4371,4,1,1,0,0,9,20,150,-6,1,0,0,1.593
38000,1.8510,1.4371,-177.71,1.8510,1.4371,4,1,1,0,0,9,20,150,-6,1,0,0,1.581
38010,1.8391,1.4371,-177.71,1.8391,1.4371,4,1,1,0,0,9,20,150,-6,0,0,0,1.569
38020,1.8271,1.4371,-177.71,1.8271,1.4371,4,1,1,0,0,9,20,150,-6,0,0,0,1.557
38030,1.8152,1.4371,-177.71,1.8152,1.4371,4,1,1,0,0,9,20,150,-6,0,0,0,1.545
38040,1.8032,1.4371,-177.71,1.8032,1.4371,4,1,1,0,0,9,20,150,-6,0,0,0,1.533
38050,1.7913,1.4371,-177.71,1.7913,1.4371,4,1,1,0,0,9,20,150,-6,0,0,0,1.521
38060,1.7793,1.4371,-177.72,1.7793,1.4371,4,1,1,0,0,9,20,150,-6,0,0,0,1.509
38070,1.7674,1.4371,-177.72,1.7674,1.4371,4,1,1,0,0,9,20,150,-6,0,0,0,1.497
38080,1.7554,1.4371,-177.72,1.7554,1.4371,4,1,1,0,0,9,20,150,-6,0,0,0,1.485
38090,1.7435,1.4371,-177.72,1.7435,1.4371,4,1,1,0,0,9,20,150,-6,0,0,0,1.473
38100,1.7315,1.4371,-177.72,1.7315,1.4371,4,1,1,0,0,9,20,150,-6,0,0,0,1.462
38110,1.7196,1.4371,-177.72,1.7196,1.4371,4,1,1,0,0,9,20,150,-6,0,0,0,1.450
38120,1.7076,1.4371,-177.72,1.7076,1.4371,4,1,1,0,0,9,20,150,-6,0,0,0,1.438
38130,1.6957,1.4371,-177.72,1.6957,1.4371,4,1,1,0,0,9,20,150,-6,0,0,0,1.426
38140,1.6837,1.4371,-177.72,1.6837,1.4371,4,1,1,0,0,9,20,150,-6,0,0,0,1.414
38150,1.6718,1.4371,-177.73,1.6718,1.4371,4,1,1,0,0,9,20,150,-6,0,0,0,1.402
38160,1.6599,1.4371,-177.73,1.6599,1.4371,4,1,1,0,0,9,20,150,-6,0,0,0,1.390
38170,1.6479,1.4371,-177.73,1.6479,1.4371,4,1,1,0,0,9,20,150,-6,0,0,0,1.378
38180,1.6360,1.4371,-177.73,1.6360,1.4371,4,1,1,0,0,9,20,150,-6,0,0,0,1.366
38190,1.6240,1.4371,-177.73,1.6240,1.4371,4,1,1,0,0,9,20,150,-6,0,0,0,1.354
38200,1.6121,1.4371,-177.74,1.6121,1.4371,4,1,1,0,0,9,20,150,-6,0,0,0,1.342
38210,1.6001,1.4372,-177.74,1.6001,1.4372,4,1,1,0,0,9,20,150,-6,0,0,0,1.330
38220,1.5882,1.4372,-177.74,1.5882,1.4372,4,1,1,0,0,9,20,150,-6,0,0,0,1.318
38230,1.5762,1.4372,-177.74,1.5762,1.4372,4,1,1,0,0,9,20,150,-6,0,0,0,1.306
38240,1.5643,1.4372,-177.74,1.5643,1.4372,4,1,1,0,0,9,20,150,-6,0,0,0,1.294
38250,1.5523,1.4372,-177.74,1.5523,1.4372,4,1,1,0,0,9,20,150,-6,0,0,0,1.282
38260,1.5404,1.4372,-177.74,1.5404,1.4372,4,1,1,0,0,9,20,150,-6,0,0,0,1.270
38270,1.5284,1.4372,-177.74,1.5284,1.4372,4,1,1,0,0,9,20,150,-6,0,0,0,1.258
38280,1.5165,1.4372,-177.74,1.5165,1.4372,4,1,1,0,0,9,20,150,-6,0,0,0,1.246
38290,1.5045,1.4372,-177.75,1.5045,1.4372,4,1,1,0,0,9,20,150,-6,0,0,0,1.235
38300,1.4926,1.4372,-177.75,1.4926,1.4372,4,1,1,0,0,9,20,150,-6,0,0,0,1.223
38310,1.4806,1.4372,-177.75,1.4806,1.4372,4,1,1,0,0,9,20,150,-6,0,0,0,1.211
38320,1.4687,1.4372,-177.75,1.4687,1.4372,4,1,1,0,0,9,20,150,-6,0,0,0,1.199
38330,1.4567,1.4372,-177.75,1.4567,1.4372,4,1,1,0,0,9,20,150,-6,0,0,0,1.187
38340,1.4448,1.4372,-177.75,1.4448,1.4372,4,1,1,0,0,9,20,150,-6,0,0,0,1.175
38350,1.4328,1.4372,-177.75,1.4328,1.4372,4,1,1,0,0,9,20,150,-6,0,0,0,1.163
38360,1.4209,1.4373,-177.75,1.4209,1.4373,4,1,1,0,0,9,20,150,-6,0,0,0,1.151
38370,1.4090,1.4373,-177.75,1.4090,1.4373,4,1,1,0,0,9,20,150,-6,0,0,0,1.139
38380,1.3970,1.4373,-177.76,1.3970,1.4373,4,1,1,0,0,9,20,150,-6,0,0,0,1.127
38390,1.3851,1.4373,-177.76,1.3851,1.4373,4,1,1,0,0,9,20,150,-6,0,0,0,1.115
38400,1.3731,1.4373,-177.76,1.3731,1.4373,4,1,1,0,0,9,20,150,-6,0,0,0,1.103
38410,1.3612,1.4373,-177.76,1.3612,1.4373,4,1,1,0,0,9,20,150,-6,0,0,0,1.091
38420,1.3492,1.4373,-177.76,1.3492,1.4373,4,1,1,0,0,9,20,150,-6,0,0,0,1.079
38430,1.3373,1.4373,-177.76,1.3373,1.4373,4,1,1,0,0,9,20,150,-6,0,0,0,1.067
38440,1.3253,1.4373,-177.76,1.3253,1.4373,4,1,1,0,0,9,20,150,-6,0,0,0,1.055
38450,1.3134,1.4374,-177.76,1.3134,1.4374,4,1,1,0,0,9,20,150,-6,0,0,0,1.043
38460,1.3014,1.4374,-177.77,1.3014,1.4374,4,1,1,0,0,9,20,150,-6,0,0,0,1.031
38470,1.2895,1.4374,-177.77,1.2895,1.4374,4,1,1,0,0,9,20,150,-6,0,0,0,1.019
38480,1.2775,1.4374,-177.77,1.2775,1.4374,4,1,1,0,0,9,20,150,-6,0,0,0,1.008
38490,1.2656,1.4374,-177.77,1.2656,1.4374,4,1,1,0,0,9,20,150,-6,0,0,0,0.996
38500,1.2536,1.4374,-177.77,1.2536,1.4374,4,1,1,0,0,9,20,150,-6,0,0,0,0.984
38510,1.2417,1.4374,-177.77,1.2417,1.4374,4,1,1,0,0,9,20,150,-6,0,0,0,0.972
38520,1.2297,1.4374,-177.77,1.2297,1.4374,4,1,1,0,0,9,20,150,-6,0,0,0,0.960
38530,1.2178,1.4375,-177.77,1.2178,1.4375,4,1,1,0,0,9,20,150,-6,0,0,0,0.948
38540,1.2058,1.4375,-177.77,1.2058,1.4375,4,1,1,0,0,9,20,150,-6,0,0,0,0.936
38550,1.1939,1.4375,-177.78,1.1939,1.4375,4,1,1,0,0,9,20,150,-6,0,0,0,0.924
38560,1.1820,1.4375,-177.78,1.1820,1.4375,4,1,1,0,0,9,20,150,-6,0,0,0,0.912
38570,1.1700,1.4375,-177.78,1.1700,1.4375,4,1,1,0,0,9,20,150,-6,0,0,0,0.900
38580,1.1581,1.4375,-177.78,1.1581,1.4375,4,1,1,0,0,9,20,150,-6,0,0,0,0.888
38590,1.1461,1.4375,-177.78,1.1461,1.4375,4,1,1,0,0,9,20,150,-6,0,0,0,0.876
38600,1.1342,1.4376,-177.78,1.1342,1.4376,4,1,1,0,0,9,20,150,-6,0,0,0,0.864
38610,1.1222,1.4376,-177.78,1.1222,1.4376,4,1,1,0,0,9,20,150,-6,0,0,0,0.852
38620,1.1103,1.4376,-177.78,1.1103,1.4376,4,1,1,0,0,9,20,150,-6,0,0,0,0.840
38630,1.0983,1.4376,-177.78,1.0983,1.4376,4,1,1,0,0,9,20,150,-6,0,0,0,0.828
38640,1.0864,1.4376,-177.79,1.0864,1.4376,4,1,1,0,0,9,20,150,-6,0,0,0,0.816
38650,1.0744,1.4376,-177.79,1.0744,1.4376,4,1,1,0,0,9,20,150,-6,0,0,0,0.804
38660,1.0625,1.4376,-177.79,1.0625,1.4376,4,1,1,0,0,9,20,150,-6,0,0,0,0.792
38670,1.0505,1.4377,-177.79,1.0505,1.4377,4,1,1,0,0,9,20,150,-6,0,0,0,0.781
38680,1.0386,1.4377,-177.79,1.0386,1.4377,4,1,1,0,0,9,20,150,-6,0,0,0,0.769
38690,1.0266,1.4377,-177.79,1.0266,1.4377,4,1,1,0,0,9,20,150,-6,0,0,0,0.757
38700,1.0147,1.4377,-177.79,1.0147,1.4377,4,1,1,0,0,9,20,150,-6,0,0,0,0.745
38710,1.0027,1.4377,-177.79,1.0027,1.4377,4,1,1,0,0,9,20,150,-6,0,0,0,0.733
38720,0.9908,1.4378,-177.79,0.9908,1.4378,4,1,1,0,0,9,20,150,-6,0,0,0,0.721
38730,0.9788,1.4378,-177.80,0.9788,1.4378,4,1,1,0,0,9,20,150,-6,0,0,0,0.709
38740,0.9669,1.4378,-177.80,0.9669,1.4378,4,1,1,0,0,9,20,150,-6,0,0,0,0.697
38750,0.9549,1.4378,-177.80,0.9549,1.4378,4,1,1,0,0,9,20,150,-6,0,0,0,0.685
38760,0.9430,1.4378,-177.80,0.9430,1.4378,4,1,1,0,0,9,20,150,-6,0,0,0,0.673
38770,0.9311,1.4378,-177.80,0.9311,1.4378,4,1,1,0,0,9,20,150,-6,0,0,0,0.661
38780,0.9191,1.4379,-177.81,0.9191,1.4379,4,1,1,0,0,9,20,150,-6,0,0,0,0.649
38790,0.9072,1.4379,-177.81,0.9072,1.4379,4,1,1,0,0,9,20,150,-6,0,0,0,0.637
38800,0.8952,1.4379,-177.81,0.8952,1.4379,4,1,1,0,0,20,20,150,-6,0,0,0,0.625
38810,0.8833,1.4379,-177.81,0.8833,1.4379,4,1,1,0,0,20,20,150,-6,0,0,0,0.613
38820,0.8713,1.4379,-177.81,0.8713,1.4379,4,1,1,0,0,20,20,150,-6,0,0,0,0.601
38830,0.8594,1.4380,-177.81,0.8594,1.4380,4,1,1,0,0,20,20,150,-6,0,0,0,0.589
38840,0.8474,1.4380,-177.81,0.8474,1.4380,4,1,1,0,0,20,20,150,-6,0,0,0,0.577
38850,0.8355,1.4380,-177.81,0.8355,1.4380,4,1,1,0,0,20,20,150,-6,0,0,0,0.565
38860,0.8235,1.4380,-177.81,0.8235,1.4380,4,1,1,0,0,20,20,150,-6,0,0,0,0.554
38870,0.8116,1.4381,-177.82,0.8116,1.4381,4,1,1,0,0,20,20,149,-5,1,0,0,0.542
38880,0.7997,1.4380,-177.82,0.7997,1.4380,4,1,1,0,0,20,20,148,-5,1,0,0,0.530
38890,0.7880,1.4380,-177.82,0.7880,1.4380,4,1,1,0,0,20,20,146,-5,1,0,0,0.518
38900,0.7764,1.4379,-177.82,0.7764,1.4379,4,1,1,0,0,20,20,144,-5,1,0,0,0.506
38910,0.7649,1.4379,-177.82,0.7649,1.4379,4,1,1,0,0,20,20,142,-5,1,0,0,0.495
38920,0.7536,1.4379,-177.83,0.7536,1.4379,4,1,1,0,0,20,20,140,-5,1,0,0,0.484
38930,0.7424,1.4378,-177.83,0.7424,1.4378,4,1,1,0,0,20,20,139,-5,1,0,0,0.472
38940,0.7314,1.4378,-177.84,0.7314,1.4378,4,1,1,0,0,20,20,137,-5,1,0,0,0.461
38950,0.7205,1.4378,-177.84,0.7205,1.4378,4,1,1,0,0,20,20,135,-5,1,0,0,0.451
38960,0.7098,1.4378,-177.84,0.7098,1.4378,4,1,1,0,0,20,20,133,-5,1,0,0,0.440
38970,0.6992,1.4378,-177.84,0.6992,1.4378,4,1,1,0,0,20,20,131,-5,1,0,0,0.429
38980,0.6888,1.4378,-177.84,0.6888,1.4378,4,1,1,0,0,20,20,130,-5,1,0,0,0.419
38990,0.6785,1.4378,-177.84,0.6785,1.4378,4,1,1,0,0,20,20,128,-5,1,0,0,0.409
39000,0.6683,1.4378,-177.85,0.6683,1.4378,4,1,1,0,0,20,20,126,-5,1,0,0,0.398
39010,0.6583,1.4379,-177.85,0.6583,1.4379,4,1,1,0,0,20,20,124,-4,1,0,0,0.388
39020,0.6484,1.4378,-177.85,0.6484,1.4378,4,1,1,0,0,20,20,123,-4,1,0,0,0.378
39030,0.6387,1.4378,-177.85,0.6387,1.4378,4,1,1,0,0,20,20,121,-4,1,0,0,0.369
39040,0.6291,1.4378,-177.85,0.6291,1.4378,4,1,1,0,0,20,20,119,-4,1,0,0,0.359
39050,0.6197,1.4377,-177.85,0.6197,1.4377,4,1,1,0,0,20,20,117,-4,1,0,0,0.350
39060,0.6104,1.4377,-177.85,0.6104,1.4377,4,1,1,0,0,20,20,115,-4,1,0,0,0.340
39070,0.6012,1.4377,-177.86,0.6012,1.4377,4,1,1,0,0,20,20,114,-4,1,0,0,0.331
39080,0.5921,1.4376,-177.86,0.5921,1.4376,4,1,1,0,0,20,20,112,-4,1,0,0,0.322
39090,0.5831,1.4376,-177.86,0.5831,1.4376,4,1,1,0,0,20,20,110,-4,1,0,0,0.313
39100,0.5743,1.4376,-177.86,0.5743,1.4376,4,1,1,0,0,20,20,108,-4,1,0,0,0.304
39110,0.5657,1.4376,-177.87,0.5657,1.4376,4,1,1,0,0,20,20,107,-4,1,0,0,0.296
39120,0.5572,1.4376,-177.87,0.5572,1.4376,4,1,1,0,0,20,20,105,-4,1,0,0,0.287
39130,0.5489,1.4376,-177.87,0.5489,1.4376,4,1,1,0,0,20,20,103,-4,1,0,0,0.279
39140,0.5407,1.4376,-177.87,0.5407,1.4376,4,1,1,0,0,20,20,101,-4,1,0,0,0.271
39150,0.5326,1.4377,-177.87,0.5326,1.4377,4,1,1,0,0,20,20,100,-4,1,0,0,0.263
39160,0.5247,1.4377,-177.87,0.5247,1.4377,4,1,1,0,0,20,20,98,-3,1,0,0,0.255
39170,0.5170,1.4376,-177.87,0.5170,1.4376,4,1,1,0,0,20,20,96,-3,1,0,0,0.247
39180,0.5093,1.4376,-177.88,0.5093,1.4376,4,1,1,0,0,20,20,94,-3,1,0,0,0.239
39190,0.5018,1.4375,-177.89,0.5018,1.4375,4,1,1,0,0,20,20,93,-3,1,0,0,0.232
39200,0.4944,1.4375,-177.89,0.4944,1.4375,4,1,1,0,0,20,20,91,-3,1,0,0,0.224
39210,0.4872,1.4375,-177.89,0.4872,1.4375,4,1,1,0,0,20,20,89,-3,1,0,0,0.217
39220,0.4801,1.4374,-177.89,0.4801,1.4374,4,1,1,0,0,20,20,88,-3,1,0,0,0.210
39230,0.4732,1.4374,-177.89,0.4732,1.4374,4,1,0,0,0,20,20,86,-3,1,0,0,0.203
39240,0.4664,1.4374,-177.89,0.4664,1.4374,4,1,0,0,0,20,20,84,-3,1,0,0,0.196
39250,0.4597,1.4374,-177.89,0.4597,1.4374,4,1,0,0,0,20,20,83,-3,1,0,0,0.190
39260,0.4531,1.4374,-177.90,0.4531,1.4374,4,1,0,0,0,20,20,81,-3,1,0,0,0.183
39270,0.4466,1.4374,-177.90,0.4466,1.4374,4,1,0,0,0,20,20,79,-3,1,0,0,0.177
39280,0.4403,1.4374,-177.90,0.4403,1.4374,4,1,0,0,0,20,20,78,-3,1,0,0,0.170
39290,0.4342,1.4374,-177.90,0.4342,1.4374,4,1,0,0,0,20,20,76,-3,1,0,0,0.164
39300,0.4282,1.4374,-177.90,0.4282,1.4374,4,1,0,0,0,20,20,74,-2,1,0,0,0.158
39310,0.4223,1.4374,-177.90,0.4223,1.4374,4,1,0,0,0,20,20,73,-2,1,0,0,0.152
39320,0.4166,1.4374,-177.90,0.4166,1.4374,4,1,0,0,0,20,20,71,-2,1,0,0,0.147
39330,0.4109,1.4373,-177.91,0.4109,1.4373,4,1,0,0,0,20,20,69,-2,1,0,0,0.141
39340,0.4054,1.4373,-177.92,0.4054,1.4373,4,1,0,0,0,20,20,68,-2,1,0,0,0.135
39350,0.4000,1.4372,-177.92,0.4000,1.4372,4,1,0,0,0,20,20,66,-2,1,0,0,0.130
39360,0.3948,1.4372,-177.92,0.3948,1.4372,4,1,0,0,0,20,20,64,-2,1,0,0,0.125
39370,0.3897,1.4372,-177.92,0.3897,1.4372,4,1,0,0,0,20,20,63,-2,1,0,0,0.120
39380,0.3848,1.4372,-177.92,0.3848,1.4372,4,1,0,0,0,20,20,61,-2,1,0,0,0.115
39390,0.3799,1.4371,-177.92,0.3799,1.4371,4,1,0,0,0,20,20,60,-2,1,0,0,0.110
39400,0.3752,1.4371,-177.93,0.3752,1.4371,4,1,0,0,0,20,20,58,-1,1,0,0,0.105
39410,0.3706,1.4371,-177.93,0.3706,1.4371,5,1,0,0,0,20,20,56,-1,1,0,0,0.101
39420,0.3661,1.4370,-177.93,0.3661,1.4370,5,1,0,0,0,20,20,55,-1,1,0,0,0.096
39430,0.3617,1.4369,-177.93,0.3617,1.4369,5,1,0,0,0,20,20,53,-1,1,0,0,0.092
39440,0.3575,1.4369,-177.93,0.3575,1.4369,5,1,0,0,0,20,20,52,-1,1,0,0,0.088
39450,0.3534,1.4368,-177.93,0.3534,1.4368,5,1,1,0,0,20,20,0,0,0,0,0,1000.000
39460,0.3495,1.4367,-177.93,0.3495,1.4367,5,1,1,0,0,20,20,0,0,0,0,0,1000.000
39470,0.3458,1.4367,-177.93,0.3458,1.4367,5,1,1,0,0,20,20,0,0,0,0,0,1000.000
39480,0.3423,1.4366,-177.93,0.3423,1.4366,5,1,1,0,0,20,20,0,0,0,0,0,1000.000
39490,0.3389,1.4366,-177.93,0.3389,1.4366,5,1,1,0,0,20,20,0,0,0,0,0,1000.000
39500,0.3358,1.4366,-177.93,0.3358,1.4366,5,1,1,0,0,20,20,5,67,0,1,0,1.143
39510,0.3329,1.4365,-177.93,0.3329,1.4365,5,1,1,0,0,20,20,5,67,0,1,0,1.143
39520,0.3301,1.4365,-177.93,0.3301,1.4365,5,1,1,0,0,20,20,5,67,0,1,0,1.143
39530,0.3276,1.4365,-177.93,0.3276,1.4365,5,1,1,0,0,20,20,5,67,0,1,0,1.143
39540,0.3253,1.4365,-177.93,0.3253,1.4365,5,1,1,0,0,20,20,5,67,0,1,0,1.143
39550,0.3231,1.4365,-177.93,0.3231,1.4365,5,1,1,0,0,20,20,5,67,0,1,0,1.143
39560,0.3212,1.4365,-177.93,0.3212,1.4365,5,1,1,0,0,20,20,5,67,0,1,0,1.143
39570,0.3195,1.4365,-177.93,0.3195,1.4365,5,1,1,0,0,20,20,5,67,0,1,0,1.143
39580,0.3179,1.4365,-177.94,0.3179,1.4365,5,1,1,0,0,20,20,5,67,0,1,0,1.143
39590,0.3164,1.4364,-177.94,0.3164,1.4364,5,1,1,0,0,20,20,5,67,0,1,0,1.143
39600,0.3150,1.4361,-177.94,0.3150,1.4361,5,1,1,0,0,20,20,5,67,0,1,0,1.143
39610,0.3135,1.4356,-177.95,0.3135,1.4356,5,1,1,0,0,20,20,5,67,0,1,0,1.142
39620,0.3121,1.4348,-177.95,0.3121,1.4348,5,1,1,0,0,20,20,5,67,0,1,0,1.141
39630,0.3106,1.4339,-177.95,0.3106,1.4339,5,1,1,0,0,20,20,5,67,0,1,0,1.140
39640,0.3092,1.4328,-177.96,0.3092,1.4328,5,1,1,0,0,20,20,5,67,0,1,0,1.139
39650,0.3078,1.4315,-177.96,0.3078,1.4315,5,1,1,0,0,20,20,5,67,0,1,0,1.138
39660,0.3064,1.4300,-177.96,0.3064,1.4300,5,1,1,0,0,20,20,5,67,0,1,0,1.137
39670,0.3050,1.4283,-177.96,0.3050,1.4283,5,1,1,0,0,20,20,5,67,0,1,0,1.135
39680,0.3036,1.4264,-177.96,0.3036,1.4264,5,1,1,0,0,20,20,5,67,0,1,0,1.133
39690,0.3022,1.4243,-177.96,0.3022,1.4243,5,1,1,0,0,20,20,5,67,0,1,0,1.131
39700,0.3009,1.4220,-177.97,0.3009,1.4220,5,1,1,0,0,20,20,5,67,0,1,0,1.129
39710,0.2995,1.4195,-177.97,0.2995,1.4195,5,1,1,0,0,20,20,5,67,0,1,0,1.126
39720,0.2981,1.4168,-177.97,0.2981,1.4168,5,1,1,0,0,20,20,5,67,0,1,0,1.123
39730,0.2968,1.4140,-177.97,0.2968,1.4140,5,1,1,0,0,20,20,5,67,0,1,0,1.120
39740,0.2955,1.4109,-177.97,0.2955,1.4109,5,1,1,0,0,20,20,5,67,0,1,0,1.117
39750,0.2942,1.4076,-177.97,0.2942,1.4076,5,1,1,0,0,20,20,5,67,0,1,0,1.114
39760,0.2929,1.4042,-177.98,0.2929,1.4042,5,1,1,0,0,20,20,5,67,0,1,0,1.111
39770,0.2916,1.4006,-177.98,0.2916,1.4006,5,1,1,0,0,20,20,5,67,0,1,0,1.107
39780,0.2904,1.3968,-177.99,0.2904,1.3968,5,1,1,0,0,20,20,5,67,0,1,0,1.103
39790,0.2892,1.3927,-177.99,0.2892,1.3927,5,1,1,0,0,20,20,5,67,0,1,0,1.099
39800,0.2879,1.3885,-177.99,0.2879,1.3885,5,1,1,0,0,20,20,5,67,0,1,0,1.095
39810,0.2867,1.3841,-178.00,0.2867,1.3841,5,1,1,0,0,20,20,5,67,0,1,0,1.091
39820,0.2856,1.3796,-178.00,0.2856,1.3796,5,1,1,0,0,20,20,5,67,0,1,0,1.086
39830,0.2846,1.3750,-178.00,0.2846,1.3750,5,1,1,0,0,20,20,5,67,0,1,0,1.082
39840,0.2837,1.3703,-178.00,0.2837,1.3703,5,1,1,0,0,20,20,5,67,0,1,0,1.077
39850,0.2829,1.3655,-178.00,0.2829,1.3655,5,1,1,0,0,20,20,5,67,0,1,0,1.072
39860,0.2822,1.3607,-178.00,0.2822,1.3607,5,1,1,0,0,20,20,5,67,0,1,0,1.067
39870,0.2816,1.3557,-178.00,0.2816,1.3557,5,1,1,0,0,20,20,5,67,0,1,0,1.062
39880,0.2811,1.3506,-178.00,0.2811,1.3506,5,1,1,0,0,20,20,5,67,0,1,0,1.057
39890,0.2807,1.3455,-178.01,0.2807,1.3455,5,1,1,0,0,20,20,5,67,0,1,0,1.052
39900,0.2803,1.3402,-178.01,0.2803,1.3402,5,1,1,0,0,20,20,5,67,0,1,0,1.047
39910,0.2801,1.3349,-178.01,0.2801,1.3349,5,1,1,0,0,20,20,5,67,0,1,0,1.041
39920,0.2799,1.3296,-178.01,0.2799,1.3296,5,1,1,0,0,20,20,5,67,0,1,0,1.036
39930,0.2797,1.3242,-178.01,0.2797,1.3242,5,1,1,0,0,20,20,5,67,0,1,0,1.031
39940,0.2796,1.3189,-178.01,0.2796,1.3189,5,1,1,0,0,20,20,5,67,0,1,0,1.025
39950,0.2796,1.3135,-178.01,0.2796,1.3135,5,1,1,0,0,20,20,5,67,0,1,0,1.020
39960,0.2795,1.3082,-178.02,0.2795,1.3082,5,1,1,0,0,20,20,5,67,0,1,0,1.015
39970,0.2795,1.3029,-178.02,0.2795,1.3029,5,1,1,0,0,20,20,5,67,0,1,0,1.009
39980,0.2795,1.2975,-178.02,0.2795,1.2975,5,1,1,0,0,20,20,5,67,0,1,0,1.004
39990,0.2795,1.2922,-178.02,0.2795,1.2922,5,1,1,0,0,20,20,5,67,0,1,0,0.999
40000,0.2795,1.2868,-178.02,0.2795,1.2868,5,1,1,0,0,20,20,5,67,0,1,0,0.993
40010,0.2795,1.2815,-178.02,0.2795,1.2815,5,1,1,0,0,20,20,5,67,0,1,0,0.988
40020,0.2795,1.2761,-178.02,0.2795,1.2761,5,1,1,0,0,20,20,5,67,0,1,0,0.983
40030,0.2795,1.2708,-178.02,0.2795,1.2708,5,1,1,0,0,20,20,5,67,0,1,0,0.977
40040,0.2795,1.2655,-178.02,0.2795,1.2655,5,1,1,0,0,20,20,5,67,0,1,0,0.972
40050,0.2795,1.2601,-178.03,0.2795,1.2601,5,1,1,0,0,20,20,5,67,0,1,0,0.967
40060,0.2795,1.2548,-178.03,0.2795,1.2548,5,1,1,0,0,20,20,5,67,0,1,0,0.961
40070,0.2795,1.2494,-178.03,0.2795,1.2494,5,1,1,0,0,20,20,5,67,0,1,0,0.956
40080,0.2795,1.2441,-178.03,0.2795,1.2441,5,1,1,0,0,20,20,5,67,0,1,0,0.951
40090,0.2795,1.2387,-178.03,0.2795,1.2387,5,1,1,0,0,20,20,5,67,0,1,0,0.945
40100,0.2794,1.2334,-178.04,0.2794,1.2334,5,1,1,0,0,20,20,5,67,0,1,0,0.940
40110,0.2794,1.2281,-178.04,0.2794,1.2281,5,1,1,0,0,20,20,5,67,0,1,0,0.935
40120,0.2794,1.2227,-178.04,0.2794,1.2227,5,1,1,0,0,20,20,5,67,0,1,0,0.929
40130,0.2794,1.2174,-178.04,0.2794,1.2174,5,1,1,0,0,20,20,5,67,0,1,0,0.924
40140,0.2794,1.2120,-178.04,0.2794,1.2120,5,1,1,0,0,20,20,5,67,0,1,0,0.919
40150,0.2794,1.2067,-178.04,0.2794,1.2067,5,1,1,0,0,20,20,5,67,0,1,0,0.913
40160,0.2794,1.2013,-178.04,0.2794,1.2013,5,1,1,0,0,20,20,5,67,0,1,0,0.908
40170,0.2794,1.1960,-178.04,0.2794,1.1960,5,1,1,0,0,20,20,5,67,0,1,0,0.903
40180,0.2794,1.1907,-178.04,0.2794,1.1907,5,1,1,0,0,20,20,5,67,0,1,0,0.897
40190,0.2794,1.1853,-178.05,0.2794,1.1853,5,1,1,0,0,20,20,5,67,0,1,0,0.892
40200,0.2794,1.1800,-178.05,0.2794,1.1800,5,1,1,0,0,20,20,5,67,0,1,0,0.886
40210,0.2794,1.1746,-178.05,0.2794,1.1746,5,1,1,0,0,20,20,5,67,0,1,0,0.881
40220,0.2794,1.1693,-178.05,0.2794,1.1693,5,1,1,0,0,20,20,5,67,0,1,0,0.876
40230,0.2794,1.1639,-178.05,0.2794,1.1639,5,1,1,0,0,20,20,5,67,0,1,0,0.870
40240,0.2794,1.1586,-178.05,0.2794,1.1586,5,1,1,0,0,20,20,5,67,0,1,0,0.865
40250,0.2794,1.1533,-178.05,0.2794,1.1533,5,1,1,0,0,20,20,5,67,0,1,0,0.860
40260,0.2794,1.1479,-178.05,0.2794,1.1479,5,1,1,0,0,20,20,5,67,0,1,0,0.854
40270,0.2794,1.1426,-178.05,0.2794,1.1426,5,1,1,0,0,20,20,5,67,0,1,0,0.849
40280,0.2793,1.1372,-178.06,0.2793,1.1372,5,1,1,0,0,20,20,5,67,0,1,0,0.844
40290,0.2793,1.1319,-178.06,0.2793,1.1319,5,1,1,0,0,20,20,5,67,0,1,0,0.838
40300,0.2793,1.1265,-178.06,0.2793,1.1265,5,1,1,0,0,20,20,5,67,0,1,0,0.833
40310,0.2793,1.1212,-178.06,0.2793,1.1212,5,1,1,0,0,20,20,5,67,0,1,0,0.828
40320,0.2793,1.1159,-178.06,0.2793,1.1159,5,1,1,0,0,20,20,5,67,0,1,0,0.822
40330,0.2793,1.1105,-178.06,0.2793,1.1105,5,1,1,0,0,20,20,5,67,0,1,0,0.817
40340,0.2793,1.1052,-178.06,0.2793,1.1052,5,1,1,0,0,20,20,5,67,0,1,0,0.812
40350,0.2793,1.0998,-178.06,0.2793,1.0998,5,1,1,0,0,20,20,5,67,0,1,0,0.806
40360,0.2793,1.0945,-178.06,0.2793,1.0945,5,1,1,0,0,20,20,5,67,0,1,0,0.801
40370,0.2793,1.0891,-178.07,0.2793,1.0891,5,1,1,0,0,20,20,5,67,0,1,0,0.796
40380,0.2793,1.0838,-178.07,0.2793,1.0838,5,1,1,0,0,20,20,5,67,0,1,0,0.790
40390,0.2793,1.0785,-178.07,0.2793,1.0785,5,1,1,0,0,20,20,5,67,0,1,0,0.785
40400,0.2793,1.0731,-178.07,0.2793,1.0731,5,1,1,0,0,20,20,5,67,0,1,0,0.780
40410,0.2793,1.0678,-178.07,0.2793,1.0678,5,1,1,0,0,20,20,5,67,0,1,0,0.774
40420,0.2792,1.0624,-178.07,0.2792,1.0624,5,1,1,0,0,20,20,5,67,0,1,0,0.769
40430,0.2792,1.0571,-178.07,0.2792,1.0571,5,1,1,0,0,20,20,5,67,0,1,0,0.764
40440,0.2792,1.0517,-178.07,0.2792,1.0517,5,1,1,0,0,20,20,5,67,0,1,0,0.758
40450,0.2792,1.0464,-178.07,0.2792,1.0464,5,1,1,0,0,20,20,5,67,0,1,0,0.753
40460,0.2792,1.0411,-178.08,0.2792,1.0411,5,1,1,0,0,20,20,5,67,0,1,0,0.748
40470,0.2792,1.0357,-178.08,0.2792,1.0357,5,1,1,0,0,20,20,5,67,0,1,0,0.742
40480,0.2792,1.0304,-178.08,0.2792,1.0304,5,1,1,0,0,20,20,5,67,0,1,0,0.737
40490,0.2792,1.0250,-178.08,0.2792,1.0250,5,1,1,0,0,20,20,5,67,0,1,0,0.732
40500,0.2792,1.0197,-178.08,0.2792,1.0197,5,1,1,0,0,20,20,5,67,0,1,0,0.726
40510,0.2792,1.0143,-178.08,0.2792,1.0143,5,1,1,0,0,20,20,5,67,0,1,0,0.721
40520,0.2792,1.0090,-178.08,0.2792,1.0090,5,1,1,0,0,20,20,5,67,0,1,0,0.716
40530,0.2792,1.0037,-178.08,0.2792,1.0037,5,1,1,0,0,20,20,5,67,0,1,0,0.710
40540,0.2792,0.9983,-178.08,0.2792,0.9983,5,1,1,0,0,20,20,5,67,0,1,0,0.705
40550,0.2792,0.9930,-178.09,0.2792,0.9930,5,1,1,0,0,20,20,5,67,0,1,0,0.699
40560,0.2792,0.9876,-178.09,0.2792,0.9876,5,1,1,0,0,20,20,5,67,0,1,0,0.694
40570,0.2792,0.9823,-178.09,0.2792,0.9823,5,1,1,0,0,20,20,5,67,0,1,0,0.689
40580,0.2792,0.9770,-178.09,0.2792,0.9770,5,1,1,0,0,20,20,5,67,0,1,0,0.683
40590,0.2791,0.9716,-178.09,0.2791,0.9716,5,1,1,0,0,20,20,5,67,0,1,0,0.678
40600,0.2791,0.9663,-178.10,0.2791,0.9663,5,1,1,0,0,20,20,5,67,0,1,0,0.673
40610,0.2791,0.9609,-178.10,0.2791,0.9609,5,1,1,0,0,20,20,5,67,0,1,0,0.667
40620,0.2791,0.9556,-178.10,0.2791,0.9556,5,1,1,0,0,20,20,5,67,0,1,0,0.662
40630,0.2791,0.9502,-178.10,0.2791,0.9502,5,1,1,0,0,20,20,5,67,0,1,0,0.657
40640,0.2791,0.9449,-178.10,0.2791,0.9449,5,1,1,0,0,20,20,5,67,0,1,0,0.651
40650,0.2791,0.9396,-178.10,0.2791,0.9396,5,1,1,0,0,20,20,5,67,0,1,0,0.646
40660,0.2791,0.9342,-178.10,0.2791,0.9342,5,1,1,0,0,20,20,5,67,0,1,0,0.641
40670,0.2791,0.9289,-178.10,0.2791,0.9289,5,1,1,0,0,20,20,5,67,0,1,0,0.635
40680,0.2791,0.9235,-178.10,0.2791,0.9235,5,1,1,0,0,20,20,5,67,0,1,0,0.630
40690,0.2791,0.9182,-178.11,0.2791,0.9182,5,1,1,0,0,20,20,5,67,0,1,0,0.625
40700,0.2791,0.9128,-178.11,0.2791,0.9128,5,1,1,0,0,20,20,5,67,0,1,0,0.619
40710,0.2791,0.9075,-178.11,0.2791,0.9075,5,1,1,0,0,20,20,5,67,0,1,0,0.614
40720,0.2791,0.9022,-178.11,0.2791,0.9022,5,1,1,0,0,20,20,5,67,0,1,0,0.609
40730,0.2790,0.8968,-178.11,0.2790,0.8968,5,1,1,0,0,20,20,5,67,0,1,0,0.603
40740,0.2790,0.8915,-178.11,0.2790,0.8915,5,1,1,0,0,20,20,5,67,0,1,0,0.598
40750,0.2790,0.8861,-178.11,0.2790,0.8861,5,1,1,0,0,20,20,5,67,0,1,0,0.593
40760,0.2790,0.8808,-178.11,0.2790,0.8808,5,1,1,0,0,20,20,5,67,0,1,0,0.587
40770,0.2790,0.8754,-178.11,0.2790,0.8754,5,1,1,0,0,20,20,5,67,0,1,0,0.582
40780,0.2790,0.8701,-178.12,0.2790,0.8701,5,1,1,0,0,20,20,5,67,0,1,0,0.577
40790,0.2790,0.8648,-178.12,0.2790,0.8648,5,1,1,0,0,20,20,5,67,0,1,0,0.571
40800,0.2790,0.8594,-178.12,0.2790,0.8594,5,1,1,0,0,20,20,5,67,0,1,0,0.566
40810,0.2790,0.8541,-178.12,0.2790,0.8541,5,1,1,0,0,20,20,5,67,0,1,0,0.561
40820,0.2790,0.8487,-178.12,0.2790,0.8487,5,1,1,0,0,20,20,5,67,0,1,0,0.555
40830,0.2790,0.8434,-178.12,0.2790,0.8434,5,1,1,0,0,20,20,5,67,0,1,0,0.550
40840,0.2790,0.8380,-178.12,0.2790,0.8380,5,1,1,0,0,20,20,5,67,0,1,0,0.545
40850,0.2790,0.8327,-178.12,0.2790,0.8327,5,1,1,0,0,20,20,4,67,1,1,0,0.539
40860,0.2790,0.8274,-178.13,0.2790,0.8274,5,1,1,0,0,20,20,4,67,1,1,0,0.534
40870,0.2790,0.8220,-178.13,0.2790,0.8220,5,1,1,0,0,20,20,4,67,1,1,0,0.529
40880,0.2790,0.8167,-178.13,0.2790,0.8167,5,1,1,0,0,20,20,4,67,1,1,0,0.523
40890,0.2790,0.8113,-178.13,0.2790,0.8113,5,1,1,0,0,20,20,4,67,1,1,0,0.518
40900,0.2790,0.8060,-178.13,0.2790,0.8060,5,1,1,0,0,20,20,4,67,1,1,0,0.513
40910,0.2789,0.8007,-178.13,0.2789,0.8007,5,1,1,0,0,20,20,4,67,1,1,0,0.507
40920,0.2789,0.7953,-178.13,0.2789,0.7953,5,1,1,0,0,20,20,4,67,1,1,0,0.502
40930,0.2789,0.7900,-178.13,0.2789,0.7900,5,1,1,0,0,20,20,4,67,1,1,0,0.496
40940,0.2789,0.7846,-178.13,0.2789,0.7846,5,1,1,0,0,20,20,4,67,1,1,0,0.491
40950,0.2789,0.7793,-178.14,0.2789,0.7793,5,1,1,0,0,20,20,4,67,1,1,0,0.486
40960,0.2789,0.7740,-178.14,0.2789,0.7740,5,1,1,0,0,20,20,4,67,1,1,0,0.480
40970,0.2789,0.7686,-178.14,0.2789,0.7686,5,1,1,0,0,20,20,4,67,1,1,0,0.475
40980,0.2789,0.7633,-178.14,0.2789,0.7633,5,1,1,0,0,20,20,4,67,1,1,0,0.470
40990,0.2789,0.7579,-178.14,0.2789,0.7579,5,1,1,0,0,20,20,4,67,1,1,0,0.464
41000,0.2789,0.7526,-178.14,0.2789,0.7526,5,1,1,0,0,20,20,4,67,1,1,0,0.459
41010,0.2789,0.7473,-178.14,0.2789,0.7473,5,1,1,0,0,20,20,4,67,1,1,0,0.454
41020,0.2789,0.7419,-178.14,0.2789,0.7419,5,1,1,0,0,20,20,4,67,1,1,0,0.448
41030,0.2789,0.7366,-178.14,0.2789,0.7366,5,1,1,0,0,20,20,4,67,1,1,0,0.443
41040,0.2789,0.7312,-178.15,0.2789,0.7312,5,1,1,0,0,20,20,4,67,1,1,0,0.438
41050,0.2788,0.7259,-178.15,0.2788,0.7259,5,1,1,0,0,20,20,4,67,1,1,0,0.432
41060,0.2788,0.7206,-178.15,0.2788,0.7206,5,1,1,0,0,20,20,4,67,1,1,0,0.427
41070,0.2788,0.7152,-178.15,0.2788,0.7152,5,1,1,0,0,20,20,4,67,1,1,0,0.422
41080,0.2788,0.7099,-178.15,0.2788,0.7099,5,1,1,0,0,20,20,4,67,1,1,0,0.416
41090,0.2788,0.7045,-178.15,0.2788,0.7045,5,1,1,0,0,20,20,4,67,1,1,0,0.411
41100,0.2788,0.6992,-178.15,0.2788,0.6992,5,1,1,0,0,20,20,4,67,1,1,0,0.406
41110,0.2788,0.6939,-178.15,0.2788,0.6939,5,1,1,0,0,20,20,4,67,1,1,0,0.400
41120,0.2788,0.6885,-178.15,0.2788,0.6885,5,1,1,0,0,20,20,4,67,1,1,0,0.395
41130,0.2788,0.6832,-178.16,0.2788,0.6832,5,1,1,0,0,20,20,4,67,1,1,0,0.390
41140,0.2788,0.6778,-178.16,0.2788,0.6778,5,1,1,0,0,20,20,4,67,1,1,0,0.384
41150,0.2788,0.6725,-178.16,0.2788,0.6725,5,1,1,0,0,20,20,4,67,1,1,0,0.379
41160,0.2788,0.6672,-178.16,0.2788,0.6672,5,1,1,0,0,20,20,4,67,1,1,0,0.374
41170,0.2788,0.6618,-178.16,0.2788,0.6618,5,1,1,0,0,20,20,4,67,1,1,0,0.368
41180,0.2788,0.6565,-178.17,0.2788,0.6565,5,1,1,0,0,20,20,4,67,1,1,0,0.363
41190,0.2788,0.6511,-178.17,0.2788,0.6511,5,1,1,0,0,20,20,3,67,1,1,0,0.358
41200,0.2788,0.6458,-178.17,0.2788,0.6458,5,1,1,0,0,20,20,3,67,1,1,0,0.352
41210,0.2788,0.6405,-178.17,0.2788,0.6405,5,1,1,0,0,20,20,3,67,1,1,0,0.347
41220,0.2787,0.6351,-178.17,0.2787,0.6351,5,1,1,0,0,20,20,3,67,1,1,0,0.342
41230,0.2787,0.6298,-178.17,0.2787,0.6298,5,1,1,0,0,20,20,3,67,1,1,0,0.336
41240,0.2787,0.6245,-178.17,0.2787,0.6245,5,1,1,0,0,20,20,3,67,1,1,0,0.331
41250,0.2787,0.6191,-178.17,0.2787,0.6191,5,1,1,0,0,20,20,3,67,1,1,0,0.326
41260,0.2787,0.6138,-178.17,0.2787,0.6138,5,1,1,0,0,20,20,3,67,1,1,0,0.320
41270,0.2787,0.6085,-178.18,0.2787,0.6085,5,1,1,0,0,20,20,3,67,1,1,0,0.315
41280,0.2787,0.6031,-178.18,0.2787,0.6031,5,1,1,0,0,20,20,3,67,1,1,0,0.310
41290,0.2787,0.5978,-178.18,0.2787,0.5978,5,1,1,0,0,20,20,3,67,1,1,0,0.304
41300,0.2787,0.5924,-178.18,0.2787,0.5924,5,1,1,0,0,20,20,3,67,1,1,0,0.299
41310,0.2787,0.5871,-178.18,0.2787,0.5871,5,1,1,0,0,20,20,3,67,1,1,0,0.294
41320,0.2787,0.5818,-178.18,0.2787,0.5818,5,1,1,0,0,20,20,3,67,1,1,0,0.288
41330,0.2787,0.5764,-178.18,0.2787,0.5764,5,1,1,0,0,20,20,3,67,1,1,0,0.283
41340,0.2787,0.5711,-178.18,0.2787,0.5711,5,1,1,0,0,20,20,3,67,1,1,0,0.278
41350,0.2787,0.5658,-178.18,0.2787,0.5658,5,1,1,0,0,20,20,3,67,1,1,0,0.272
41360,0.2786,0.5604,-178.19,0.2786,0.5604,5,1,1,0,0,20,20,3,67,1,1,0,0.267
41370,0.2786,0.5551,-178.19,0.2786,0.5551,5,1,1,0,0,20,20,3,67,1,1,0,0.262
41380,0.2786,0.5497,-178.19,0.2786,0.5497,5,1,1,0,0,20,20,3,67,1,1,0,0.256
41390,0.2786,0.5444,-178.19,0.2786,0.5444,5,1,1,0,0,20,20,3,67,1,1,0,0.251
41400,0.2786,0.5391,-178.19,0.2786,0.5391,5,1,1,0,0,20,20,3,67,1,1,0,0.246
41410,0.2786,0.5337,-178.19,0.2786,0.5337,5,1,1,0,0,20,20,3,67,1,1,0,0.240
41420,0.2786,0.5284,-178.19,0.2786,0.5284,5,1,1,0,0,20,20,3,67,1,1,0,0.235
41430,0.2786,0.5231,-178.19,0.2786,0.5231,5,1,1,0,0,20,20,3,67,1,1,0,0.230
41440,0.2786,0.5177,-178.19,0.2786,0.5177,5,1,1,0,0,20,20,3,67,1,1,0,0.224
41450,0.2786,0.5124,-178.20,0.2786,0.5124,5,1,1,0,0,20,20,3,67,1,1,0,0.219
41460,0.2786,0.5070,-178.20,0.2786,0.5070,5,1,1,0,0,20,20,2,67,1,1,0,0.214
41470,0.2786,0.5017,-178.20,0.2786,0.5017,5,1,1,0,0,20,20,2,67,1,1,0,0.208
41480,0.2786,0.4964,-178.20,0.2786,0.4964,5,1,1,0,0,20,20,2,67,1,1,0,0.203
41490,0.2786,0.4910,-178.20,0.2786,0.4910,5,1,1,0,0,20,20,2,67,1,1,0,0.198
41500,0.2786,0.4857,-178.20,0.2786,0.4857,5,1,1,0,0,20,20,2,67,1,1,0,0.192
41510,0.2786,0.4804,-178.20,0.2786,0.4804,5,1,1,0,0,20,20,2,67,1,1,0,0.187
41520,0.2786,0.4750,-178.20,0.2786,0.4750,5,1,1,0,0,20,20,2,67,1,1,0,0.182
41530,0.2787,0.4697,-178.20,0.2787,0.4697,5,1,1,0,0,20,20,2,67,1,1,0,0.176
41540,0.2787,0.4644,-178.21,0.2787,0.4644,5,1,1,0,0,20,20,2,67,1,1,0,0.171
41550,0.2787,0.4590,-178.21,0.2787,0.4590,5,1,1,0,0,20,20,2,67,1,1,0,0.166
41560,0.2787,0.4537,-178.21,0.2787,0.4537,5,1,1,0,0,20,20,2,67,1,1,0,0.160
41570,0.2787,0.4484,-178.21,0.2787,0.4484,5,1,1,0,0,20,20,2,67,1,1,0,0.155
41580,0.2787,0.4430,-178.21,0.2787,0.4430,5,1,1,0,0,20,20,2,67,1,1,0,0.150
41590,0.2787,0.4377,-178.21,0.2787,0.4377,5,1,1,0,0,20,20,2,67,1,1,0,0.144
41600,0.2787,0.4324,-178.21,0.2787,0.4324,5,1,1,0,0,20,20,2,67,1,1,0,0.139
41610,0.2787,0.4270,-178.21,0.2787,0.4270,5,1,1,0,0,20,20,2,67,1,0,0,0.134
41620,0.2787,0.4217,-178.21,0.2787,0.4217,5,1,1,0,0,20,20,2,65,1,0,0,0.128
41630,0.2787,0.4165,-178.22,0.2787,0.4165,5,1,1,0,0,20,20,2,64,1,0,0,0.123
41640,0.2787,0.4114,-178.23,0.2787,0.4114,5,1,1,0,0,20,20,2,62,1,0,0,0.118
41650,0.2787,0.4065,-178.23,0.2787,0.4050,5,1,0,0,0,18,20,2,60,1,0,0,0.112
41660,0.2787,0.4017,-178.23,0.2787,0.4050,5,1,0,0,0,18,20,2,60,1,0,0,0.112
41670,0.2787,0.3969,-178.23,0.2787,0.4050,5,1,0,0,0,18,20,2,60,1,0,0,0.112
41680,0.2787,0.3921,-178.23,0.2787,0.4050,5,1,0,0,0,18,20,2,60,1,0,0,0.112
41690,0.2787,0.3873,-178.23,0.2787,0.4050,5,1,0,0,0,18,20,2,60,1,0,0,0.112
41700,0.2787,0.3826,-178.23,0.2787,0.3750,5,1,0,0,0,15,20,0,0,1,1,0,0.082
41710,0.2786,0.3779,-178.23,0.2786,0.3750,5,1,0,0,0,15,20,0,0,1,1,0,0.082
41720,0.2786,0.3734,-178.23,0.2786,0.3750,5,1,0,0,0,15,20,0,0,1,1,0,0.082
41730,0.2786,0.3692,-178.23,0.2786,0.3750,5,1,0,0,0,15,20,0,0,1,1,0,0.082
41740,0.2786,0.3651,-178.23,0.2786,0.3750,5,1,0,0,0,15,20,1,47,1,1,0,0.082
41750,0.2785,0.3612,-178.23,0.2785,0.3550,5,1,0,0,0,13,20,0,0,1,1,0,0.062
41760,0.2785,0.3576,-178.23,0.2785,0.3550,5,1,0,0,0,13,20,0,0,1,1,0,0.062
41770,0.2784,0.3541,-178.23,0.2784,0.3550,5,1,0,0,0,13,20,0,0,1,1,0,0.062
41780,0.2784,0.3508,-178.23,0.2784,0.3550,5,1,0,0,0,13,20,1,37,1,1,0,0.062
41790,0.2784,0.3477,-178.23,0.2784,0.3550,5,1,0,0,0,13,20,1,37,1,1,0,0.062
41800,0.2784,0.3449,-178.23,0.2784,0.3450,5,1,0,0,0,12,20,1,31,1,1,0,0.052
41810,0.2784,0.3422,-178.23,0.2784,0.3450,5,1,0,0,0,12,20,1,31,1,1,0,0.052
41820,0.2784,0.3397,-178.23,0.2784,0.3450,5,1,0,0,0,12,20,1,31,1,1,0,0.052
41830,0.2784,0.3375,-178.23,0.2784,0.3450,5,1,0,0,0,12,20,1,31,1,1,0,0.052
41840,0.2784,0.3354,-178.23,0.2784,0.3450,5,1,0,0,0,12,20,1,31,1,1,0,0.052
41850,0.2784,0.3335,-178.23,0.3740,0.3085,5,1,0,0,1,10,20,0,0,0,0,0,1000.000
41860,0.2784,0.3319,-178.23,0.3740,0.3250,5,1,0,0,1,10,20,0,0,0,0,0,1000.000
41870,0.2784,0.3304,-178.23,0.3740,0.3250,5,1,0,0,1,10,20,0,0,0,0,0,1000.000
41880,0.2784,0.3291,-178.23,0.3740,0.3250,5,1,0,0,1,10,20,0,0,0,0,0,1000.000
41890,0.2784,0.3280,-178.24,0.3740,0.3250,5,1,0,0,1,10,20,0,0,0,0,0,1000.000
41900,0.2784,0.3271,-178.24,0.3740,0.3250,5,1,0,0,1,10,20,0,0,0,0,0,1000.000
41910,0.2783,0.3264,-178.25,0.3739,0.3250,5,1,0,0,1,10,20,0,0,0,0,0,1000.000
41920,0.2783,0.3259,-178.25,0.3739,0.3250,5,1,0,0,1,10,20,0,0,0,0,0,1000.000
41930,0.2783,0.3256,-178.25,0.3739,0.3250,5,1,0,0,1,10,20,0,0,0,0,0,1000.000
41940,0.2783,0.3255,-178.26,0.3739,0.3250,5,1,0,0,1,10,20,0,0,0,0,0,1000.000
41950,0.2783,0.3254,-178.26,0.3739,0.3250,5,1,0,0,1,10,20,0,0,0,0,0,1000.000
41960,0.2783,0.3254,-178.26,0.3739,0.3250,5,1,0,0,1,10,20,0,0,0,0,0,1000.000
41970,0.2783,0.3254,-178.27,0.3739,0.3250,5,1,0,0,1,10,20,0,0,0,0,0,1000.000
41980,0.2783,0.3254,-178.27,0.3739,0.3250,5,1,0,0,1,10,20,0,0,0,0,0,1000.000
41990,0.2783,0.3254,-178.27,0.3739,0.3250,5,1,0,0,1,10,20,0,0,0,0,0,1000.000
42000,0.2783,0.3254,-178.27,0.3739,0.3250,5,1,0,0,1,10,20,0,0,0,0,0,1000.000
42010,0.2783,0.3254,-178.28,0.3739,0.3250,5,1,0,0,1,10,20,0,0,0,0,0,1000.000
42020,0.2783,0.3254,-178.28,0.3739,0.3250,5,1,0,0,1,10,20,0,0,0,0,0,1000.000
42030,0.2783,0.3254,-178.28,0.3739,0.3250,5,1,0,0,1,10,20,0,0,0,0,0,1000.000
42040,0.2783,0.3254,-178.29,0.3739,0.3250,5,1,0,0,1,10,20,0,0,0,0,0,1000.000
42050,0.2783,0.3254,-178.29,0.3739,0.3250,5,1,0,0,1,10,20,0,0,0,0,0,1000.000
42060,0.2783,0.3254,-178.29,0.3739,0.3250,5,1,0,0,1,10,20,0,0,0,0,0,1000.000
42070,0.2783,0.3254,-178.29,0.3739,0.3250,5,1,0,0,1,10,20,0,0,0,0,0,1000.000
42080,0.2783,0.3254,-178.30,0.3739,0.3250,5,1,0,0,1,10,20,0,0,0,0,0,1000.000
42090,0.2783,0.3254,-178.30,0.3739,0.3250,5,1,0,0,1,10,20,0,0,0,0,0,1000.000
42100,0.2783,0.3254,-178.30,0.3739,0.3250,5,1,0,0,1,10,20,0,0,0,0,0,1000.000
42110,0.2783,0.3254,-178.31,0.3739,0.3250,5,1,0,0,1,10,20,0,0,0,0,0,1000.000
42120,0.2783,0.3254,-178.31,0.3739,0.3250,5,1,0,0,1,10,20,0,0,0,0,0,1000.000
42130,0.2783,0.3254,-178.32,0.3739,0.3250,5,1,0,0,1,10,20,0,0,0,0,0,1000.000
42140,0.2783,0.3254,-178.32,0.3739,0.3250,5,1,0,0,1,10,20,0,0,0,0,0,1000.000
42150,0.2783,0.3254,-178.32,0.3739,0.3250,5,1,0,0,1,10,20,0,0,0,0,0,1000.000
42160,0.2783,0.3254,-178.33,0.3739,0.3250,5,1,0,0,1,10,20,0,0,0,0,0,1000.000
42170,0.2783,0.3254,-178.33,0.3739,0.3250,5,1,0,0,1,10,20,0,0,0,0,0,1000.000
42180,0.2783,0.3254,-178.33,0.3739,0.3250,5,1,0,0,1,10,20,0,0,0,0,0,1000.000
42190,0.2783,0.3254,-178.33,0.3739,0.3250,5,1,0,0,1,10,20,0,0,0,0,0,1000.000
42200,0.2783,0.3254,-178.34,0.3739,0.3250,5,1,0,0,1,10,20,0,0,0,0,0,1000.000
42210,0.2783,0.3254,-178.34,0.3739,0.3250,5,1,0,0,1,10,20,0,0,0,0,0,1000.000
42220,0.2783,0.3254,-178.34,0.3739,0.3250,5,1,0,0,1,10,20,0,0,0,0,0,1000.000
42230,0.2783,0.3254,-178.35,0.3739,0.3250,5,1,0,0,1,10,20,0,0,0,0,0,1000.000
42240,0.2783,0.3254,-178.35,0.3739,0.3250,5,1,0,0,1,10,20,0,0,0,0,0,1000.000
42250,0.2783,0.3254,-178.35,0.3739,0.3250,5,1,0,0,1,10,20,0,0,0,0,0,1000.000
42260,0.2783,0.3254,-178.35,0.3739,0.3250,5,1,0,0,1,10,20,0,0,0,0,0,1000.000
42270,0.2783,0.3254,-178.36,0.3739,0.3250,5,1,0,0,1,10,20,0,0,0,0,0,1000.000
42280,0.2783,0.3254,-178.36,0.3739,0.3250,5,1,0,0,1,10,20,0,0,0,0,0,1000.000
42290,0.2783,0.3254,-178.36,0.3739,0.3250,5,1,0,0,1,10,20,0,0,0,0,0,1000.000
42300,0.2783,0.3254,-178.37,0.3739,0.3250,5,1,0,0,1,10,20,0,0,0,0,0,1000.000
42310,0.2783,0.3254,-178.37,0.3739,0.3250,5,1,0,0,1,10,20,0,0,0,0,0,1000.000
42320,0.2783,0.3254,-178.37,0.3739,0.3250,5,1,0,0,1,10,20,0,0,0,0,0,1000.000
42330,0.2783,0.3254,-178.38,0.3739,0.3250,5,1,0,0,1,10,20,0,0,0,0,0,1000.000
42340,0.2783,0.3254,-178.38,0.3739,0.3250,5,1,0,0,1,10,20,0,0,0,0,0,1000.000
42350,0.2783,0.3254,-178.38,0.3739,0.3250,5,1,0,0,1,10,20,0,0,0,0,0,1000.000
42360,0.2783,0.3254,-178.39,0.3739,0.3250,5,1,0,0,1,10,20,0,0,0,0,0,1000.000
42370,0.2783,0.3254,-178.39,0.3739,0.3250,5,1,0,0,1,10,20,0,0,0,0,0,1000.000
42380,0.2783,0.3254,-178.39,0.3739,0.3250,5,1,0,0,1,10,20,0,0,0,0,0,1000.000
42390,0.2783,0.3254,-178.40,0.3739,0.3250,5,1,0,0,1,10,20,0,0,0,0,0,1000.000
42400,0.2783,0.3254,-178.40,0.3739,0.3250,5,1,0,0,1,10,20,0,0,0,0,0,1000.000
42410,0.2783,0.3254,-178.40,0.3739,0.3250,5,1,0,0,1,10,20,0,0,0,0,0,1000.000
42420,0.2783,0.3254,-178.40,0.3739,0.3250,5,1,0,0,1,10,20,0,0,0,0,0,1000.000
42430,0.2783,0.3254,-178.41,0.3739,0.3250,5,1,0,0,1,10,20,0,0,0,0,0,1000.000
42440,0.2783,0.3254,-178.41,0.3739,0.3250,5,1,0,0,1,10,20,0,0,0,0,0,1000.000
42450,0.2783,0.3254,-178.41,0.3739,0.3250,5,1,0,0,1,10,20,0,0,0,0,0,1000.000
42460,0.2783,0.3254,-178.42,0.3739,0.3250,5,1,0,0,1,10,20,0,0,0,0,0,1000.000
42470,0.2783,0.3254,-178.42,0.3739,0.3250,5,1,0,0,1,10,20,0,0,0,0,0,1000.000
42480,0.2783,0.3254,-178.42,0.3739,0.3250,5,1,0,0,1,10,20,0,0,0,0,0,1000.000
42490,0.2783,0.3254,-178.42,0.3739,0.3250,5,1,0,0,1,10,20,0,0,0,0,0,1000.000
42500,0.2783,0.3254,-178.43,0.3739,0.3250,5,1,0,0,1,10,20,0,0,0,0,0,1000.000
42510,0.2783,0.3254,-178.43,0.3739,0.3250,5,1,0,0,1,10,20,0,0,0,0,0,1000.000
42520,0.2783,0.3254,-178.43,0.3739,0.3250,5,1,0,0,1,10,20,0,0,0,0,0,1000.000
42530,0.2783,0.3254,-178.44,0.3739,0.3250,5,1,0,0,1,10,20,0,0,0,0,0,1000.000
42540,0.2783,0.3254,-178.44,0.3739,0.3250,5,1,0,0,1,10,20,0,0,0,0,0,1000.000
42550,0.2783,0.3254,-178.45,0.3739,0.3250,5,1,0,0,1,10,20,0,0,0,0,0,1000.000
42560,0.2783,0.3254,-178.45,0.3739,0.3250,5,1,0,0,1,10,20,0,0,0,0,0,1000.000
42570,0.2783,0.3254,-178.45,0.3739,0.3250,5,1,0,0,1,10,20,0,0,0,0,0,1000.000
42580,0.2783,0.3254,-178.46,0.3739,0.3250,5,1,0,0,1,10,20,0,0,0,0,0,1000.000
42590,0.2783,0.3254,-178.46,0.3739,0.3250,5,1,0,0,1,10,20,0,0,0,0,0,1000.000
42600,0.2783,0.3254,-178.46,0.3739,0.3250,5,1,0,0,1,10,20,0,0,0,0,0,1000.000
42610,0.2783,0.3254,-178.46,0.3739,0.3250,5,1,0,0,1,10,20,0,0,0,0,0,1000.000
42620,0.2783,0.3254,-178.47,0.3739,0.3250,5,1,0,0,1,10,20,0,0,0,0,0,1000.000
42630,0.2783,0.3254,-178.47,0.3739,0.3250,5,1,0,0,1,10,20,0,0,0,0,0,1000.000
42640,0.2783,0.3254,-178.47,0.3739,0.3250,5,1,0,0,1,10,20,0,0,0,0,0,1000.000
42650,0.2783,0.3254,-178.48,0.3739,0.3250,5,1,0,0,1,10,20,0,0,0,0,0,1000.000
42660,0.2783,0.3254,-178.48,0.3739,0.3250,5,1,0,0,1,10,20,0,0,0,0,0,1000.000
42670,0.2783,0.3254,-178.48,0.3739,0.3250,5,1,0,0,1,10,20,0,0,0,0,0,1000.000
42680,0.2783,0.3254,-178.48,0.3739,0.3250,5,1,0,0,1,10,20,0,0,0,0,0,1000.000
42690,0.2783,0.3254,-178.49,0.3739,0.3250,5,1,0,0,1,10,20,0,0,0,0,0,1000.000
42700,0.2783,0.3254,-178.49,0.3739,0.3250,5,1,0,0,1,10,20,0,0,0,0,0,1000.000
42710,0.2783,0.3254,-178.49,0.3739,0.3250,5,1,0,0,1,10,20,0,0,0,0,0,1000.000
42720,0.2783,0.3254,-178.50,0.3739,0.3250,5,1,0,0,1,10,20,0,0,0,0,0,1000.000
42730,0.2783,0.3254,-178.50,0.3739,0.3250,5,1,0,0,1,10,20,0,0,0,0,0,1000.000
42740,0.2783,0.3254,-178.50,0.3739,0.3250,5,1,0,0,1,10,20,0,0,0,0,0,1000.000
42750,0.2783,0.3254,-178.51,0.3739,0.3250,5,1,0,0,1,10,20,0,0,0,0,0,1000.000
42760,0.2783,0.3254,-178.51,0.3739,0.3250,5,1,0,0,1,10,20,0,0,0,0,0,1000.000
42770,0.2783,0.3254,-178.51,0.3739,0.3250,5,1,0,0,1,10,20,0,0,0,0,0,1000.000
42780,0.2783,0.3254,-178.52,0.3739,0.3250,5,1,0,0,1,10,20,0,0,0,0,0,1000.000
42790,0.2783,0.3254,-178.52,0.3739,0.3250,5,1,0,0,1,10,20,0,0,0,0,0,1000.000
42800,0.2783,0.3254,-178.52,0.3739,0.3250,5,1,0,0,1,10,20,0,0,0,0,0,1000.000
42810,0.2783,0.3254,-178.53,0.3739,0.3250,5,1,0,0,1,10,20,0,0,0,0,0,1000.000
42820,0.2783,0.3254,-178.53,0.3739,0.3250,5,1,0,0,1,10,20,0,0,0,0,0,1000.000
42830,0.2783,0.3254,-178.53,0.3739,0.3250,5,1,0,0,1,10,20,0,0,0,0,0,1000.000
42840,0.2783,0.3254,-178.53,0.3739,0.3250,5,1,0,0,1,10,20,0,0,0,0,0,1000.000
42850,0.2783,0.3254,-178.54,0.3739,0.3250,5,1,0,0,1,10,20,0,0,0,0,0,1000.000
