t_ms,true_x,true_y,yaw_deg,map_x,map_y,seg,return_mode,single_axis,route_complete,return_complete,front_cm,left_cm,out_vx,out_vy,map_lim,front_lim,left_lim,clearance
0,0.3740,0.3085,0.00,0.0000,0.0000,0,0,0,0,0,20,15,0,0,0,0,0,1000.000
10,0.3740,0.3085,0.00,0.0000,0.0000,0,0,0,0,0,20,15,0,0,0,0,0,1000.000
20,0.3740,0.3085,0.00,0.0000,0.0000,0,0,0,0,0,20,15,0,0,0,0,0,1000.000
30,0.3740,0.3085,0.00,0.0000,0.0000,0,0,0,0,0,20,15,0,0,0,0,0,1000.000
40,0.3740,0.3085,0.00,0.0000,0.0000,0,0,0,0,0,20,15,0,0,0,0,0,1000.000
50,0.3740,0.3085,0.00,0.0000,0.0000,0,0,0,0,0,20,15,0,0,0,0,0,1000.000
60,0.3740,0.3085,0.00,0.0000,0.0000,0,0,0,0,0,20,15,0,0,0,0,0,1000.000
70,0.3740,0.3085,0.00,0.0000,0.0000,0,0,0,0,0,20,15,0,0,0,0,0,1000.000
80,0.3740,0.3085,0.00,0.0000,0.0000,0,0,0,0,0,20,15,0,0,0,0,0,1000.000
90,0.3740,0.3085,0.00,0.0000,0.0000,0,0,0,0,0,20,15,0,0,0,0,0,1000.000
100,0.3740,0.3085,0.00,0.0000,0.0000,0,0,0,0,0,20,15,0,0,0,0,0,1000.000
110,0.3740,0.3085,0.00,0.0000,0.0000,0,0,0,0,0,20,15,0,0,0,0,0,1000.000
120,0.3740,0.3085,0.00,0.0000,0.0000,0,0,0,0,0,20,15,0,0,0,0,0,1000.000
130,0.3740,0.3085,0.00,0.0000,0.0000,0,0,0,0,0,20,15,0,0,0,0,0,1000.000
140,0.3740,0.3085,0.00,0.0000,0.0000,0,0,0,0,0,20,15,0,0,0,0,0,1000.000
150,0.3740,0.3085,0.00,0.0000,0.0000,0,0,0,0,0,20,15,0,0,0,0,0,1000.000
160,0.3740,0.3085,0.00,0.0000,0.0000,0,0,0,0,0,20,15,0,0,0,0,0,1000.000
170,0.3740,0.3085,0.00,0.0000,0.0000,0,0,0,0,0,20,15,0,0,0,0,0,1000.000
180,0.3740,0.3085,0.00,0.0000,0.0000,0,0,0,0,0,20,15,0,0,0,0,0,1000.000
190,0.3740,0.3085,0.00,0.0000,0.0000,0,0,0,0,0,20,15,0,0,0,0,0,1000.000
200,0.3740,0.3085,0.00,0.0000,0.0000,0,0,0,0,0,20,15,0,0,0,0,0,1000.000
210,0.3740,0.3085,0.00,0.0000,0.0000,0,0,0,0,0,20,15,0,0,0,0,0,1000.000
220,0.3740,0.3085,0.00,0.0000,0.0000,0,0,0,0,0,20,15,0,0,0,0,0,1000.000
230,0.3740,0.3085,0.00,0.0000,0.0000,0,0,0,0,0,20,15,0,0,0,0,0,1000.000
240,0.3740,0.3085,0.00,0.0000,0.0000,0,0,0,0,0,20,15,0,0,0,0,0,1000.000
250,0.3740,0.3085,0.00,0.0000,0.0000,0,0,0,0,0,20,15,0,0,0,0,0,1000.000
260,0.3740,0.3085,0.00,0.0000,0.0000,0,0,0,0,0,20,15,0,0,0,0,0,1000.000
270,0.3740,0.3085,0.00,0.0000,0.0000,0,0,0,0,0,20,15,0,0,0,0,0,1000.000
280,0.3740,0.3085,0.00,0.0000,0.0000,0,0,0,0,0,20,15,0,0,0,0,0,1000.000
290,0.3740,0.3085,0.00,0.0000,0.0000,0,0,0,0,0,20,15,0,0,0,0,0,1000.000
300,0.3740,0.3085,0.00,0.0000,0.0000,0,0,0,0,0,20,15,0,0,0,0,0,1000.000
310,0.3740,0.3085,0.00,0.0000,0.0000,0,0,0,0,0,20,15,0,0,0,0,0,1000.000
320,0.3740,0.3085,0.00,0.0000,0.0000,0,0,0,0,0,20,15,0,0,0,0,0,1000.000
330,0.3740,0.3085,0.00,0.0000,0.0000,0,0,0,0,0,20,15,0,0,0,0,0,1000.000
340,0.3740,0.3085,0.00,0.0000,0.0000,0,0,0,0,0,20,15,0,0,0,0,0,1000.000
350,0.3740,0.3085,0.00,0.0000,0.0000,0,0,0,0,0,20,15,0,0,0,0,0,1000.000
360,0.3740,0.3085,0.00,0.0000,0.0000,0,0,0,0,0,20,15,0,0,0,0,0,1000.000
370,0.3740,0.3085,0.00,0.0000,0.0000,0,0,0,0,0,20,15,0,0,0,0,0,1000.000
380,0.3740,0.3085,0.00,0.0000,0.0000,0,0,0,0,0,20,15,0,0,0,0,0,1000.000
390,0.3740,0.3085,0.00,0.0000,0.0000,0,0,0,0,0,20,15,0,0,0,0,0,1000.000
400,0.3740,0.3085,0.00,0.0000,0.0000,0,0,0,0,0,20,15,0,0,0,0,0,1000.000
410,0.3740,0.3085,0.00,0.0000,0.0000,0,0,0,0,0,20,15,0,0,0,0,0,1000.000
420,0.3740,0.3085,0.00,0.0000,0.0000,0,0,0,0,0,20,15,0,0,0,0,0,1000.000
430,0.3740,0.3085,0.00,0.0000,0.0000,0,0,0,0,0,20,15,0,0,0,0,0,1000.000
440,0.3740,0.3085,0.00,0.0000,0.0000,0,0,0,0,0,20,15,0,0,0,0,0,1000.000
450,0.3740,0.3085,0.00,0.0000,0.0000,0,0,0,0,0,20,15,0,0,0,0,0,1000.000
460,0.3740,0.3085,0.00,0.0000,0.0000,0,0,0,0,0,20,15,0,0,0,0,0,1000.000
470,0.3740,0.3085,0.00,0.0000,0.0000,0,0,0,0,0,20,15,0,0,0,0,0,1000.000
480,0.3740,0.3085,0.00,0.0000,0.0000,0,0,0,0,0,20,15,0,0,0,0,0,1000.000
490,0.3740,0.3085,0.00,0.0000,0.0000,0,0,0,0,0,20,15,0,0,0,0,0,1000.000
500,0.3740,0.3085,0.00,0.0000,0.0000,0,0,0,0,0,20,15,0,0,0,0,0,1000.000
510,0.3740,0.3085,0.00,0.0000,0.0000,0,0,0,0,0,20,15,0,0,0,0,0,1000.000
520,0.3740,0.3085,0.00,0.0000,0.0000,0,0,0,0,0,20,15,0,0,0,0,0,1000.000
530,0.3740,0.3085,0.00,0.0000,0.0000,0,0,0,0,0,20,15,0,0,0,0,0,1000.000
540,0.3740,0.3085,0.00,0.0000,0.0000,0,0,0,0,0,20,15,0,0,0,0,0,1000.000
550,0.3740,0.3085,0.00,0.0000,0.0000,0,0,0,0,0,20,15,0,0,0,0,0,1000.000
560,0.3740,0.3085,0.00,0.0000,0.0000,0,0,0,0,0,20,15,0,0,0,0,0,1000.000
570,0.3740,0.3085,0.00,0.0000,0.0000,0,0,0,0,0,20,15,0,0,0,0,0,1000.000
580,0.3740,0.3085,0.00,0.0000,0.0000,0,0,0,0,0,20,15,0,0,0,0,0,1000.000
590,0.3740,0.3085,0.00,0.0000,0.0000,0,0,0,0,0,20,15,0,0,0,0,0,1000.000
600,0.3740,0.3085,0.00,0.0000,0.0000,0,0,0,0,0,20,15,0,0,0,0,0,1000.000
610,0.3740,0.3085,0.00,0.0000,0.0000,0,0,0,0,0,20,15,0,0,0,0,0,1000.000
620,0.3740,0.3085,0.00,0.0000,0.0000,0,0,0,0,0,20,15,0,0,0,0,0,1000.000
630,0.3740,0.3085,0.00,0.0000,0.0000,0,0,0,0,0,20,15,0,0,0,0,0,1000.000
640,0.3740,0.3085,0.00,0.0000,0.0000,0,0,0,0,0,20,15,0,0,0,0,0,1000.000
650,0.3740,0.3085,0.00,0.0000,0.0000,0,0,0,0,0,20,15,0,0,0,0,0,1000.000
660,0.3740,0.3085,0.00,0.0000,0.0000,0,0,0,0,0,20,15,0,0,0,0,0,1000.000
670,0.3740,0.3085,0.00,0.0000,0.0000,0,0,0,0,0,20,15,0,0,0,0,0,1000.000
680,0.3740,0.3085,0.00,0.0000,0.0000,0,0,0,0,0,20,15,0,0,0,0,0,1000.000
690,0.3740,0.3085,0.00,0.0000,0.0000,0,0,0,0,0,20,15,0,0,0,0,0,1000.000
700,0.3740,0.3085,0.00,0.0000,0.0000,0,0,0,0,0,20,15,0,0,0,0,0,1000.000
710,0.3740,0.3085,0.00,0.0000,0.0000,0,0,0,0,0,20,15,0,0,0,0,0,1000.000
720,0.3740,0.3085,0.00,0.0000,0.0000,0,0,0,0,0,20,15,0,0,0,0,0,1000.000
730,0.3740,0.3085,0.00,0.0000,0.0000,0,0,0,0,0,20,15,0,0,0,0,0,1000.000
740,0.3740,0.3085,0.00,0.0000,0.0000,0,0,0,0,0,20,15,0,0,0,0,0,1000.000
750,0.3740,0.3085,0.00,0.0000,0.0000,0,0,0,0,0,20,15,0,0,0,0,0,1000.000
760,0.3740,0.3085,0.00,0.0000,0.0000,0,0,0,0,0,20,15,0,0,0,0,0,1000.000
770,0.3740,0.3085,0.00,0.0000,0.0000,0,0,0,0,0,20,15,0,0,0,0,0,1000.000
780,0.3740,0.3085,0.00,0.0000,0.0000,0,0,0,0,0,20,15,0,0,0,0,0,1000.000
790,0.3740,0.3085,0.00,0.0000,0.0000,0,0,0,0,0,20,15,0,0,0,0,0,1000.000
800,0.3740,0.3085,0.00,0.0000,0.0000,0,0,0,0,0,20,15,0,0,0,0,0,1000.000
810,0.3740,0.3085,0.00,0.0000,0.0000,0,0,0,0,0,20,15,0,0,0,0,0,1000.000
820,0.3740,0.3085,0.00,0.0000,0.0000,0,0,0,0,0,20,15,0,0,0,0,0,1000.000
830,0.3740,0.3085,0.00,0.0000,0.0000,0,0,0,0,0,20,15,0,0,0,0,0,1000.000
840,0.3740,0.3085,0.00,0.0000,0.0000,0,0,0,0,0,20,15,0,0,0,0,0,1000.000
850,0.3740,0.3085,0.00,0.0000,0.0000,0,0,0,0,0,20,15,0,0,0,0,0,1000.000
860,0.3740,0.3085,0.00,0.0000,0.0000,0,0,0,0,0,20,15,0,0,0,0,0,1000.000
870,0.3740,0.3085,0.00,0.0000,0.0000,0,0,0,0,0,20,15,0,0,0,0,0,1000.000
880,0.3740,0.3085,0.00,0.0000,0.0000,0,0,0,0,0,20,15,0,0,0,0,0,1000.000
890,0.3740,0.3085,0.00,0.0000,0.0000,0,0,0,0,0,20,15,0,0,0,0,0,1000.000
900,0.3740,0.3085,0.00,0.0000,0.0000,0,0,0,0,0,20,15,0,0,0,0,0,1000.000
910,0.3740,0.3085,0.00,0.0000,0.0000,0,0,0,0,0,20,15,0,0,0,0,0,1000.000
920,0.3740,0.3085,0.00,0.0000,0.0000,0,0,0,0,0,20,15,0,0,0,0,0,1000.000
930,0.3740,0.3085,0.00,0.0000,0.0000,0,0,0,0,0,20,15,0,0,0,0,0,1000.000
940,0.3740,0.3085,0.00,0.0000,0.0000,0,0,0,0,0,20,15,0,0,0,0,0,1000.000
950,0.3740,0.3085,0.00,0.0000,0.0000,0,0,0,0,0,20,15,0,0,0,0,0,1000.000
960,0.3740,0.3085,0.00,0.0000,0.0000,0,0,0,0,0,20,15,0,0,0,0,0,1000.000
970,0.3740,0.3085,0.00,0.0000,0.0000,0,0,0,0,0,20,15,0,0,0,0,0,1000.000
980,0.3740,0.3085,0.00,0.0000,0.0000,0,0,0,0,0,20,15,0,0,0,0,0,1000.000
990,0.3740,0.3085,0.00,0.0000,0.0000,0,0,0,0,0,20,15,0,0,0,0,0,1000.000
1000,0.3740,0.3085,0.00,0.0000,0.0000,0,0,0,0,0,20,15,0,0,0,0,0,1000.000
1010,0.3740,0.3085,0.00,0.0000,0.0000,0,0,0,0,0,20,15,0,0,0,0,0,1000.000
1020,0.3740,0.3085,0.00,0.0000,0.0000,0,0,0,0,0,20,15,0,0,0,0,0,1000.000
1030,0.3740,0.3085,0.00,0.0000,0.0000,0,0,0,0,0,20,15,0,0,0,0,0,1000.000
1040,0.3740,0.3085,0.00,0.0000,0.0000,0,0,0,0,0,20,15,0,0,0,0,0,1000.000
1050,0.3740,0.3085,0.00,0.0000,0.0000,0,0,0,0,0,20,15,0,0,0,0,0,1000.000
1060,0.3740,0.3085,0.00,0.0000,0.0000,0,0,0,0,0,20,15,0,0,0,0,0,1000.000
1070,0.3740,0.3085,0.00,0.0000,0.0000,0,0,0,0,0,20,15,0,0,0,0,0,1000.000
1080,0.3740,0.3085,0.00,0.0000,0.0000,0,0,0,0,0,20,15,0,0,0,0,0,1000.000
1090,0.3740,0.3085,0.00,0.0000,0.0000,0,0,0,0,0,20,15,0,0,0,0,0,1000.000
1100,0.3740,0.3085,0.00,0.0000,0.0000,0,0,0,0,0,20,15,0,0,0,0,0,1000.000
1110,0.3740,0.3085,0.00,0.0000,0.0000,0,0,0,0,0,20,15,0,0,0,0,0,1000.000
1120,0.3740,0.3085,0.00,0.0000,0.0000,0,0,0,0,0,20,15,0,0,0,0,0,1000.000
1130,0.3740,0.3085,0.00,0.0000,0.0000,0,0,0,0,0,20,15,0,0,0,0,0,1000.000
1140,0.3740,0.3085,0.00,0.0000,0.0000,0,0,0,0,0,20,15,0,0,0,0,0,1000.000
1150,0.3740,0.3085,0.00,0.0000,0.0000,0,0,0,0,0,20,15,0,0,0,0,0,1000.000
1160,0.3740,0.3085,0.00,0.0000,0.0000,0,0,0,0,0,20,15,0,0,0,0,0,1000.000
1170,0.3740,0.3085,0.00,0.0000,0.0000,0,0,0,0,0,20,15,0,0,0,0,0,1000.000
1180,0.3740,0.3085,0.00,0.0000,0.0000,0,0,0,0,0,20,15,0,0,0,0,0,1000.000
1190,0.3740,0.3085,0.00,0.0000,0.0000,0,0,0,0,0,20,15,0,0,0,0,0,1000.000
1200,0.3740,0.3085,0.00,0.0000,0.0000,0,0,0,0,0,20,15,0,0,0,0,0,1000.000
1210,0.3740,0.3085,0.00,0.0000,0.0000,0,0,0,0,0,20,15,0,0,0,0,0,1000.000
1220,0.3740,0.3085,0.00,0.0000,0.0000,0,0,0,0,0,20,15,0,0,0,0,0,1000.000
1230,0.3740,0.3085,0.00,0.0000,0.0000,0,0,0,0,0,20,15,0,0,0,0,0,1000.000
1240,0.3740,0.3085,0.00,0.0000,0.0000,0,0,0,0,0,20,15,0,0,0,0,0,1000.000
1250,0.3740,0.3085,0.00,0.0000,0.0000,0,0,0,0,0,20,15,0,0,0,0,0,1000.000
1260,0.3740,0.3085,0.00,0.0000,0.0000,0,0,0,0,0,20,15,0,0,0,0,0,1000.000
1270,0.3740,0.3085,0.00,0.0000,0.0000,0,0,0,0,0,20,15,0,0,0,0,0,1000.000
1280,0.3740,0.3085,0.00,0.0000,0.0000,0,0,0,0,0,20,15,0,0,0,0,0,1000.000
1290,0.3740,0.3085,0.00,0.0000,0.0000,0,0,0,0,0,20,15,0,0,0,0,0,1000.000
1300,0.3740,0.3085,0.00,0.0000,0.0000,0,0,0,0,0,20,15,0,0,0,0,0,1000.000
1310,0.3740,0.3085,0.00,0.0000,0.0000,0,0,0,0,0,20,15,0,0,0,0,0,1000.000
1320,0.3740,0.3085,0.00,0.0000,0.0000,0,0,0,0,0,20,15,0,0,0,0,0,1000.000
1330,0.3740,0.3085,0.00,0.0000,0.0000,0,0,0,0,0,20,15,0,0,0,0,0,1000.000
1340,0.3740,0.3085,0.00,0.0000,0.0000,0,0,0,0,0,20,15,0,0,0,0,0,1000.000
1350,0.3740,0.3085,0.00,0.0000,0.0000,0,0,0,0,0,20,15,0,0,0,0,0,1000.000
1360,0.3740,0.3085,0.00,0.0000,0.0000,0,0,0,0,0,20,15,0,0,0,0,0,1000.000
1370,0.3740,0.3085,0.00,0.0000,0.0000,0,0,0,0,0,20,15,0,0,0,0,0,1000.000
1380,0.3740,0.3085,0.00,0.0000,0.0000,0,0,0,0,0,20,15,0,0,0,0,0,1000.000
1390,0.3740,0.3085,0.00,0.0000,0.0000,0,0,0,0,0,20,15,0,0,0,0,0,1000.000
1400,0.3740,0.3085,0.00,0.0000,0.0000,0,0,0,0,0,20,15,0,0,0,0,0,1000.000
1410,0.3740,0.3085,0.00,0.0000,0.0000,0,0,0,0,0,20,15,0,0,0,0,0,1000.000
1420,0.3740,0.3085,0.00,0.0000,0.0000,0,0,0,0,0,20,15,0,0,0,0,0,1000.000
1430,0.3740,0.3085,0.00,0.0000,0.0000,0,0,0,0,0,20,15,0,0,0,0,0,1000.000
1440,0.3740,0.3085,0.00,0.0000,0.0000,0,0,0,0,0,20,15,0,0,0,0,0,1000.000
1450,0.3740,0.3085,0.00,0.0000,0.0000,0,0,0,0,0,20,15,0,0,0,0,0,1000.000
1460,0.3740,0.3085,0.00,0.0000,0.0000,0,0,0,0,0,20,15,0,0,0,0,0,1000.000
1470,0.3740,0.3085,0.00,0.0000,0.0000,0,0,0,0,0,20,15,0,0,0,0,0,1000.000
1480,0.3740,0.3085,0.00,0.0000,0.0000,0,0,0,0,0,20,15,0,0,0,0,0,1000.000
1490,0.3740,0.3085,0.00,0.0000,0.0000,0,0,0,0,0,20,15,0,0,0,0,0,1000.000
1500,0.3740,0.3085,0.00,0.0000,0.0000,0,0,0,0,0,20,15,0,0,0,0,0,1000.000
1510,0.3740,0.3085,0.00,0.0000,0.0000,0,0,0,0,0,20,15,0,0,0,0,0,1000.000
1520,0.3740,0.3085,0.00,0.0000,0.0000,0,0,0,0,0,20,15,0,0,0,0,0,1000.000
1530,0.3740,0.3085,0.00,0.0000,0.0000,0,0,0,0,0,20,15,0,0,0,0,0,1000.000
1540,0.3740,0.3085,0.00,0.0000,0.0000,0,0,0,0,0,20,15,0,0,0,0,0,1000.000
1550,0.3740,0.3085,0.00,0.0000,0.0000,0,0,0,0,0,20,15,0,0,0,0,0,1000.000
1560,0.3740,0.3085,0.00,0.0000,0.0000,0,0,0,0,0,20,15,0,0,0,0,0,1000.000
1570,0.3740,0.3085,0.00,0.0000,0.0000,0,0,0,0,0,20,15,0,0,0,0,0,1000.000
1580,0.3740,0.3085,0.00,0.0000,0.0000,0,0,0,0,0,20,15,0,0,0,0,0,1000.000
1590,0.3740,0.3085,0.00,0.0000,0.0000,0,0,0,0,0,20,15,0,0,0,0,0,1000.000
1600,0.3740,0.3085,0.00,0.0000,0.0000,0,0,0,0,0,20,15,0,0,0,0,0,1000.000
1610,0.3740,0.3085,0.00,0.0000,0.0000,0,0,0,0,0,20,15,0,0,0,0,0,1000.000
1620,0.3740,0.3085,0.00,0.0000,0.0000,0,0,0,0,0,20,15,0,0,0,0,0,1000.000
1630,0.3740,0.3085,0.00,0.0000,0.0000,0,0,0,0,0,20,15,0,0,0,0,0,1000.000
1640,0.3740,0.3085,0.00,0.0000,0.0000,0,0,0,0,0,20,15,0,0,0,0,0,1000.000
1650,0.3740,0.3085,0.00,0.0000,0.0000,0,0,0,0,0,20,15,0,0,0,0,0,1000.000
1660,0.3740,0.3085,0.00,0.0000,0.0000,0,0,0,0,0,20,15,0,0,0,0,0,1000.000
1670,0.3740,0.3085,0.00,0.0000,0.0000,0,0,0,0,0,20,15,0,0,0,0,0,1000.000
1680,0.3740,0.3085,0.00,0.0000,0.0000,0,0,0,0,0,20,15,0,0,0,0,0,1000.000
1690,0.3740,0.3085,0.00,0.0000,0.0000,0,0,0,0,0,20,15,0,0,0,0,0,1000.000
1700,0.3740,0.3085,0.00,0.0000,0.0000,0,0,0,0,0,20,15,0,0,0,0,0,1000.000
1710,0.3740,0.3085,0.00,0.0000,0.0000,0,0,0,0,0,20,15,0,0,0,0,0,1000.000
1720,0.3740,0.3085,0.00,0.0000,0.0000,0,0,0,0,0,20,15,0,0,0,0,0,1000.000
1730,0.3740,0.3085,0.00,0.0000,0.0000,0,0,0,0,0,20,15,0,0,0,0,0,1000.000
1740,0.3740,0.3085,0.00,0.0000,0.0000,0,0,0,0,0,20,15,0,0,0,0,0,1000.000
1750,0.3740,0.3085,0.00,0.0000,0.0000,0,0,0,0,0,20,15,0,0,0,0,0,1000.000
1760,0.3740,0.3085,0.00,0.0000,0.0000,0,0,0,0,0,20,15,0,0,0,0,0,1000.000
1770,0.3740,0.3085,0.00,0.0000,0.0000,0,0,0,0,0,20,15,0,0,0,0,0,1000.000
1780,0.3740,0.3085,0.00,0.0000,0.0000,0,0,0,0,0,20,15,0,0,0,0,0,1000.000
1790,0.3740,0.3085,0.00,0.0000,0.0000,0,0,0,0,0,20,15,0,0,0,0,0,1000.000
1800,0.3740,0.3085,0.00,0.0000,0.0000,0,0,0,0,0,20,15,0,0,0,0,0,1000.000
1810,0.3740,0.3085,0.00,0.0000,0.0000,0,0,0,0,0,20,15,0,0,0,0,0,1000.000
1820,0.3740,0.3085,0.00,0.0000,0.0000,0,0,0,0,0,20,15,0,0,0,0,0,1000.000
1830,0.3740,0.3085,0.00,0.0000,0.0000,0,0,0,0,0,20,15,0,0,0,0,0,1000.000
1840,0.3740,0.3085,0.00,0.0000,0.0000,0,0,0,0,0,20,15,0,0,0,0,0,1000.000
1850,0.3740,0.3085,0.00,0.0000,0.0000,0,0,0,0,0,20,15,0,0,0,0,0,1000.000
1860,0.3740,0.3085,0.00,0.0000,0.0000,0,0,0,0,0,20,15,0,0,0,0,0,1000.000
1870,0.3740,0.3085,0.00,0.0000,0.0000,0,0,0,0,0,20,15,0,0,0,0,0,1000.000
1880,0.3740,0.3085,0.00,0.0000,0.0000,0,0,0,0,0,20,15,0,0,0,0,0,1000.000
1890,0.3740,0.3085,0.00,0.0000,0.0000,0,0,0,0,0,20,15,0,0,0,0,0,1000.000
1900,0.3740,0.3085,0.00,0.0000,0.0000,0,0,0,0,0,20,15,0,0,0,0,0,1000.000
1910,0.3740,0.3085,0.00,0.0000,0.0000,0,0,0,0,0,20,15,0,0,0,0,0,1000.000
1920,0.3740,0.3085,0.00,0.0000,0.0000,0,0,0,0,0,20,15,0,0,0,0,0,1000.000
1930,0.3740,0.3085,0.00,0.0000,0.0000,0,0,0,0,0,20,15,0,0,0,0,0,1000.000
1940,0.3740,0.3085,0.00,0.0000,0.0000,0,0,0,0,0,20,15,0,0,0,0,0,1000.000
1950,0.3740,0.3085,0.00,0.0000,0.0000,0,0,0,0,0,20,15,0,0,0,0,0,1000.000
1960,0.3740,0.3085,0.00,0.0000,0.0000,0,0,0,0,0,20,15,0,0,0,0,0,1000.000
1970,0.3740,0.3085,0.00,0.0000,0.0000,0,0,0,0,0,20,15,0,0,0,0,0,1000.000
1980,0.3740,0.3085,0.00,0.0000,0.0000,0,0,0,0,0,20,15,0,0,0,0,0,1000.000
1990,0.3740,0.3085,0.00,0.0000,0.0000,0,0,0,0,0,20,15,0,0,0,0,0,1000.000
2000,0.3740,0.3085,0.00,0.0000,0.0000,0,0,0,0,0,20,15,0,0,0,0,0,1000.000
2010,0.3740,0.3085,0.00,0.0000,0.0000,0,0,0,0,0,20,15,0,0,0,0,0,1000.000
2020,0.3740,0.3085,0.00,0.0000,0.0000,0,0,0,0,0,20,15,0,0,0,0,0,1000.000
2030,0.3740,0.3085,0.00,0.0000,0.0000,0,0,0,0,0,20,15,0,0,0,0,0,1000.000
2040,0.3740,0.3085,0.00,0.0000,0.0000,0,0,0,0,0,20,15,0,0,0,0,0,1000.000
2050,0.3740,0.3085,0.00,0.0000,0.0000,0,0,0,0,0,20,15,0,0,0,0,0,1000.000
2060,0.3740,0.3085,0.00,0.0000,0.0000,0,0,0,0,0,20,15,0,0,0,0,0,1000.000
2070,0.3740,0.3085,0.00,0.0000,0.0000,0,0,0,0,0,20,15,0,0,0,0,0,1000.000
2080,0.3740,0.3085,0.00,0.0000,0.0000,0,0,0,0,0,20,15,0,0,0,0,0,1000.000
2090,0.3740,0.3085,0.00,0.0000,0.0000,0,0,0,0,0,20,15,0,0,0,0,0,1000.000
2100,0.3740,0.3085,0.00,0.0000,0.0000,0,0,0,0,0,20,15,0,0,0,0,0,1000.000
2110,0.3740,0.3085,0.00,0.0000,0.0000,0,0,0,0,0,20,15,0,0,0,0,0,1000.000
2120,0.3740,0.3085,0.00,0.0000,0.0000,0,0,0,0,0,20,15,0,0,0,0,0,1000.000
2130,0.3740,0.3085,0.00,0.0000,0.0000,0,0,0,0,0,20,15,0,0,0,0,0,1000.000
2140,0.3740,0.3085,0.00,0.0000,0.0000,0,0,0,0,0,20,15,0,0,0,0,0,1000.000
2150,0.3740,0.3085,0.00,0.0000,0.0000,0,0,0,0,0,20,15,0,0,0,0,0,1000.000
2160,0.3740,0.3085,0.00,0.0000,0.0000,0,0,0,0,0,20,15,0,0,0,0,0,1000.000
2170,0.3740,0.3085,0.00,0.0000,0.0000,0,0,0,0,0,20,15,0,0,0,0,0,1000.000
2180,0.3740,0.3085,0.00,0.0000,0.0000,0,0,0,0,0,20,15,0,0,0,0,0,1000.000
2190,0.3740,0.3085,0.00,0.0000,0.0000,0,0,0,0,0,20,15,0,0,0,0,0,1000.000
2200,0.3740,0.3085,0.00,0.0000,0.0000,0,0,0,0,0,20,15,0,0,0,0,0,1000.000
2210,0.3740,0.3085,0.00,0.0000,0.0000,0,0,0,0,0,20,15,0,0,0,0,0,1000.000
2220,0.3740,0.3085,0.00,0.0000,0.0000,0,0,0,0,0,20,15,0,0,0,0,0,1000.000
2230,0.3740,0.3085,0.00,0.0000,0.0000,0,0,0,0,0,20,15,0,0,0,0,0,1000.000
2240,0.3740,0.3085,0.00,0.0000,0.0000,0,0,0,0,0,20,15,0,0,0,0,0,1000.000
2250,0.3740,0.3085,0.00,0.0000,0.0000,0,0,0,0,0,20,15,0,0,0,0,0,1000.000
2260,0.3740,0.3085,0.00,0.0000,0.0000,0,0,0,0,0,20,15,0,0,0,0,0,1000.000
2270,0.3740,0.3085,0.00,0.0000,0.0000,0,0,0,0,0,20,15,0,0,0,0,0,1000.000
2280,0.3740,0.3085,0.00,0.0000,0.0000,0,0,0,0,0,20,15,0,0,0,0,0,1000.000
2290,0.3740,0.3085,0.00,0.0000,0.0000,0,0,0,0,0,20,15,0,0,0,0,0,1000.000
2300,0.3740,0.3085,0.00,0.0000,0.0000,0,0,0,0,0,20,15,0,0,0,0,0,1000.000
2310,0.3740,0.3085,0.00,0.0000,0.0000,0,0,0,0,0,20,15,0,0,0,0,0,1000.000
2320,0.3740,0.3085,0.00,0.0000,0.0000,0,0,0,0,0,20,15,0,0,0,0,0,1000.000
2330,0.3740,0.3085,0.00,0.0000,0.0000,0,0,0,0,0,20,15,0,0,0,0,0,1000.000
2340,0.3740,0.3085,0.00,0.0000,0.0000,0,0,0,0,0,20,15,0,0,0,0,0,1000.000
2350,0.3740,0.3085,0.00,0.0000,0.0000,0,0,0,0,0,20,15,0,0,0,0,0,1000.000
2360,0.3740,0.3085,0.00,0.0000,0.0000,0,0,0,0,0,20,15,0,0,0,0,0,1000.000
2370,0.3740,0.3085,0.00,0.0000,0.0000,0,0,0,0,0,20,15,0,0,0,0,0,1000.000
2380,0.3740,0.3085,0.00,0.0000,0.0000,0,0,0,0,0,20,15,0,0,0,0,0,1000.000
2390,0.3740,0.3085,0.00,0.0000,0.0000,0,0,0,0,0,20,15,0,0,0,0,0,1000.000
2400,0.3740,0.3085,0.00,0.0000,0.0000,0,0,0,0,0,20,15,0,0,0,0,0,1000.000
2410,0.3740,0.3085,0.00,0.0000,0.0000,0,0,0,0,0,20,15,0,0,0,0,0,1000.000
2420,0.3740,0.3085,0.00,0.0000,0.0000,0,0,0,0,0,20,15,0,0,0,0,0,1000.000
2430,0.3740,0.3085,0.00,0.0000,0.0000,0,0,0,0,0,20,15,0,0,0,0,0,1000.000
2440,0.3740,0.3085,0.00,0.0000,0.0000,0,0,0,0,0,20,15,0,0,0,0,0,1000.000
2450,0.3740,0.3085,0.00,0.0000,0.0000,0,0,0,0,0,20,15,0,0,0,0,0,1000.000
2460,0.3740,0.3085,0.00,0.0000,0.0000,0,0,0,0,0,20,15,0,0,0,0,0,1000.000
2470,0.3740,0.3085,0.00,0.0000,0.0000,0,0,0,0,0,20,15,0,0,0,0,0,1000.000
2480,0.3740,0.3085,0.00,0.0000,0.0000,0,0,0,0,0,20,15,0,0,0,0,0,1000.000
2490,0.3740,0.3085,0.00,0.0000,0.0000,0,0,0,0,0,20,15,0,0,0,0,0,1000.000
2500,0.3740,0.3085,0.00,0.0000,0.0000,0,0,0,0,0,20,15,0,0,0,0,0,1000.000
2510,0.3740,0.3085,0.00,0.0000,0.0000,0,0,0,0,0,20,15,0,0,0,0,0,1000.000
2520,0.3740,0.3085,0.00,0.0000,0.0000,0,0,0,0,0,20,15,0,0,0,0,0,1000.000
2530,0.3740,0.3085,0.00,0.0000,0.0000,0,0,0,0,0,20,15,0,0,0,0,0,1000.000
2540,0.3740,0.3085,0.00,0.0000,0.0000,0,0,0,0,0,20,15,0,0,0,0,0,1000.000
2550,0.3740,0.3085,0.00,0.0000,0.0000,0,0,0,0,0,20,15,0,0,0,0,0,1000.000
2560,0.3740,0.3085,0.00,0.0000,0.0000,0,0,0,0,0,20,15,0,0,0,0,0,1000.000
2570,0.3740,0.3085,0.00,0.0000,0.0000,0,0,0,0,0,20,15,0,0,0,0,0,1000.000
2580,0.3740,0.3085,0.00,0.0000,0.0000,0,0,0,0,0,20,15,0,0,0,0,0,1000.000
2590,0.3740,0.3085,0.00,0.0000,0.0000,0,0,0,0,0,20,15,0,0,0,0,0,1000.000
2600,0.3740,0.3085,0.00,0.0000,0.0000,0,0,0,0,0,20,15,0,0,0,0,0,1000.000
2610,0.3740,0.3085,0.00,0.0000,0.0000,0,0,0,0,0,20,15,0,0,0,0,0,1000.000
2620,0.3740,0.3085,0.00,0.0000,0.0000,0,0,0,0,0,20,15,0,0,0,0,0,1000.000
2630,0.3740,0.3085,0.00,0.0000,0.0000,0,0,0,0,0,20,15,0,0,0,0,0,1000.000
2640,0.3740,0.3085,0.00,0.0000,0.0000,0,0,0,0,0,20,15,0,0,0,0,0,1000.000
2650,0.3740,0.3085,0.00,0.0000,0.0000,0,0,0,0,0,20,15,0,0,0,0,0,1000.000
2660,0.3740,0.3085,0.00,0.0000,0.0000,0,0,0,0,0,20,15,0,0,0,0,0,1000.000
2670,0.3740,0.3085,0.00,0.0000,0.0000,0,0,0,0,0,20,15,0,0,0,0,0,1000.000
2680,0.3740,0.3085,0.00,0.0000,0.0000,0,0,0,0,0,20,15,0,0,0,0,0,1000.000
2690,0.3740,0.3085,0.00,0.0000,0.0000,0,0,0,0,0,20,15,0,0,0,0,0,1000.000
2700,0.3740,0.3085,0.00,0.0000,0.0000,0,0,0,0,0,20,15,0,0,0,0,0,1000.000
2710,0.3740,0.3085,0.00,0.0000,0.0000,0,0,0,0,0,20,15,0,0,0,0,0,1000.000
2720,0.3740,0.3085,0.00,0.0000,0.0000,0,0,0,0,0,20,15,0,0,0,0,0,1000.000
2730,0.3740,0.3085,0.00,0.0000,0.0000,0,0,0,0,0,20,15,0,0,0,0,0,1000.000
2740,0.3740,0.3085,0.00,0.0000,0.0000,0,0,0,0,0,20,15,0,0,0,0,0,1000.000
2750,0.3740,0.3085,0.00,0.0000,0.0000,0,0,0,0,0,20,15,0,0,0,0,0,1000.000
2760,0.3740,0.3085,0.00,0.0000,0.0000,0,0,0,0,0,20,15,0,0,0,0,0,1000.000
2770,0.3740,0.3085,0.00,0.0000,0.0000,0,0,0,0,0,20,15,0,0,0,0,0,1000.000
2780,0.3740,0.3085,0.00,0.0000,0.0000,0,0,0,0,0,20,15,0,0,0,0,0,1000.000
2790,0.3740,0.3085,0.00,0.0000,0.0000,0,0,0,0,0,20,15,0,0,0,0,0,1000.000
2800,0.3740,0.3085,0.00,0.0000,0.0000,0,0,0,0,0,20,15,0,0,0,0,0,1000.000
2810,0.3740,0.3085,0.00,0.0000,0.0000,0,0,0,0,0,20,15,0,0,0,0,0,1000.000
2820,0.3740,0.3085,0.00,0.0000,0.0000,0,0,0,0,0,20,15,0,0,0,0,0,1000.000
2830,0.3740,0.3085,0.00,0.0000,0.0000,0,0,0,0,0,20,15,0,0,0,0,0,1000.000
2840,0.3740,0.3085,0.00,0.0000,0.0000,0,0,0,0,0,20,15,0,0,0,0,0,1000.000
2850,0.3740,0.3085,0.00,0.0000,0.0000,0,0,0,0,0,20,15,0,0,0,0,0,1000.000
2860,0.3740,0.3085,0.00,0.0000,0.0000,0,0,0,0,0,20,15,0,0,0,0,0,1000.000
2870,0.3740,0.3085,0.00,0.0000,0.0000,0,0,0,0,0,20,15,0,0,0,0,0,1000.000
2880,0.3740,0.3085,0.00,0.0000,0.0000,0,0,0,0,0,20,15,0,0,0,0,0,1000.000
2890,0.3740,0.3085,0.00,0.0000,0.0000,0,0,0,0,0,20,15,0,0,0,0,0,1000.000
2900,0.3740,0.3085,0.00,0.0000,0.0000,0,0,0,0,0,20,15,0,0,0,0,0,1000.000
2910,0.3740,0.3085,0.00,0.0000,0.0000,0,0,0,0,0,20,15,0,0,0,0,0,1000.000
2920,0.3740,0.3085,0.00,0.0000,0.0000,0,0,0,0,0,20,15,0,0,0,0,0,1000.000
2930,0.3740,0.3085,0.00,0.0000,0.0000,0,0,0,0,0,20,15,0,0,0,0,0,1000.000
2940,0.3740,0.3085,0.00,0.0000,0.0000,0,0,0,0,0,20,15,0,0,0,0,0,1000.000
2950,0.3740,0.3085,0.00,0.0000,0.0000,0,0,0,0,0,20,15,0,0,0,0,0,1000.000
2960,0.3740,0.3085,0.00,0.0000,0.0000,0,0,0,0,0,20,15,0,0,0,0,0,1000.000
2970,0.3740,0.3085,0.00,0.0000,0.0000,0,0,0,0,0,20,15,0,0,0,0,0,1000.000
2980,0.3740,0.3085,0.00,0.0000,0.0000,0,0,0,0,0,20,15,0,0,0,0,0,1000.000
2990,0.3740,0.3085,0.00,0.0000,0.0000,0,0,0,0,0,20,15,0,0,0,0,0,1000.000
3000,0.3740,0.3085,0.00,0.0000,0.0000,0,0,0,0,0,20,15,0,0,0,0,0,1000.000
3010,0.3740,0.3085,0.00,0.0000,0.0000,0,0,0,0,0,20,15,0,0,0,0,0,1000.000
3020,0.3740,0.3085,0.00,0.0000,0.0000,0,0,0,0,0,20,15,0,0,0,0,0,1000.000
3030,0.3740,0.3085,0.00,0.0000,0.0000,0,0,0,0,0,20,15,0,0,0,0,0,1000.000
3040,0.3740,0.3085,0.00,0.0000,0.0000,0,0,0,0,0,20,15,0,0,0,0,0,1000.000
3050,0.3740,0.3085,0.00,0.0000,0.0000,0,0,0,0,0,20,15,0,0,0,0,0,1000.000
3060,0.3740,0.3085,0.00,0.0000,0.0000,0,0,0,0,0,20,15,0,0,0,0,0,1000.000
3070,0.3740,0.3085,0.00,0.0000,0.0000,0,0,0,0,0,20,15,0,0,0,0,0,1000.000
3080,0.3740,0.3085,0.00,0.0000,0.0000,0,0,0,0,0,20,15,0,0,0,0,0,1000.000
3090,0.3740,0.3085,0.00,0.0000,0.0000,0,0,0,0,0,20,15,0,0,0,0,0,1000.000
3100,0.3740,0.3085,0.00,0.0000,0.0000,0,0,0,0,0,20,15,0,0,0,0,0,1000.000
3110,0.3740,0.3085,0.00,0.0000,0.0000,0,0,0,0,0,20,15,0,0,0,0,0,1000.000
3120,0.3740,0.3085,0.00,0.0000,0.0000,0,0,0,0,0,20,15,0,0,0,0,0,1000.000
3130,0.3740,0.3085,0.00,0.0000,0.0000,0,0,0,0,0,20,15,0,0,0,0,0,1000.000
3140,0.3740,0.3085,0.00,0.0000,0.0000,0,0,0,0,0,20,15,0,0,0,0,0,1000.000
3150,0.3740,0.3085,0.00,0.0000,0.0000,0,0,0,0,0,20,15,0,0,0,0,0,1000.000
3160,0.3740,0.3085,0.00,0.0000,0.0000,0,0,0,0,0,20,15,0,0,0,0,0,1000.000
3170,0.3740,0.3085,0.00,0.0000,0.0000,0,0,0,0,0,20,15,0,0,0,0,0,1000.000
3180,0.3740,0.3085,0.00,0.0000,0.0000,0,0,0,0,0,20,15,0,0,0,0,0,1000.000
3190,0.3740,0.3085,0.00,0.0000,0.0000,0,0,0,0,0,20,15,0,0,0,0,0,1000.000
3200,0.3740,0.3085,0.00,0.0000,0.0000,0,0,0,0,0,20,15,0,0,0,0,0,1000.000
3210,0.3740,0.3085,0.00,0.0000,0.0000,0,0,0,0,0,20,15,0,0,0,0,0,1000.000
3220,0.3740,0.3085,0.00,0.0000,0.0000,0,0,0,0,0,20,15,0,0,0,0,0,1000.000
3230,0.3740,0.3085,0.00,0.0000,0.0000,0,0,0,0,0,20,15,0,0,0,0,0,1000.000
3240,0.3740,0.3085,0.00,0.0000,0.0000,0,0,0,0,0,20,15,0,0,0,0,0,1000.000
3250,0.3740,0.3085,0.00,0.0000,0.0000,0,0,0,0,0,20,15,0,0,0,0,0,1000.000
3260,0.3740,0.3085,0.00,0.0000,0.0000,0,0,0,0,0,20,15,0,0,0,0,0,1000.000
3270,0.3740,0.3085,0.00,0.0000,0.0000,0,0,0,0,0,20,15,0,0,0,0,0,1000.000
3280,0.3740,0.3085,0.00,0.0000,0.0000,0,0,0,0,0,20,15,0,0,0,0,0,1000.000
3290,0.3740,0.3085,0.00,0.0000,0.0000,0,0,0,0,0,20,15,0,0,0,0,0,1000.000
3300,0.3740,0.3085,0.00,0.0000,0.0000,0,0,0,0,0,20,15,0,0,0,0,0,1000.000
3310,0.3740,0.3085,0.00,0.0000,0.0000,0,0,0,0,0,20,15,0,0,0,0,0,1000.000
3320,0.3740,0.3085,0.00,0.0000,0.0000,0,0,0,0,0,20,15,0,0,0,0,0,1000.000
3330,0.3740,0.3085,0.00,0.0000,0.0000,0,0,0,0,0,20,15,0,0,0,0,0,1000.000
3340,0.3740,0.3085,0.00,0.0000,0.0000,0,0,0,0,0,20,15,0,0,0,0,0,1000.000
3350,0.3740,0.3085,0.00,0.0000,0.0000,0,0,0,0,0,20,15,0,0,0,0,0,1000.000
3360,0.3740,0.3085,0.00,0.0000,0.0000,0,0,0,0,0,20,15,0,0,0,0,0,1000.000
3370,0.3740,0.3085,0.00,0.0000,0.0000,0,0,0,0,0,20,15,0,0,0,0,0,1000.000
3380,0.3740,0.3085,0.00,0.0000,0.0000,0,0,0,0,0,20,15,0,0,0,0,0,1000.000
3390,0.3740,0.3085,0.00,0.0000,0.0000,0,0,0,0,0,20,15,0,0,0,0,0,1000.000
3400,0.3740,0.3085,0.00,0.0000,0.0000,0,0,0,0,0,20,15,0,0,0,0,0,1000.000
3410,0.3740,0.3085,0.00,0.0000,0.0000,0,0,0,0,0,20,15,0,0,0,0,0,1000.000
3420,0.3740,0.3085,0.00,0.0000,0.0000,0,0,0,0,0,20,15,0,0,0,0,0,1000.000
3430,0.3740,0.3085,0.00,0.0000,0.0000,0,0,0,0,0,20,15,0,0,0,0,0,1000.000
3440,0.3740,0.3085,0.00,0.0000,0.0000,0,0,0,0,0,20,15,0,0,0,0,0,1000.000
3450,0.3740,0.3085,0.00,0.0000,0.0000,0,0,0,0,0,20,15,0,0,0,0,0,1000.000
3460,0.3740,0.3085,0.00,0.0000,0.0000,0,0,0,0,0,20,15,0,0,0,0,0,1000.000
3470,0.3740,0.3085,0.00,0.0000,0.0000,0,0,0,0,0,20,15,0,0,0,0,0,1000.000
3480,0.3740,0.3085,0.00,0.0000,0.0000,0,0,0,0,0,20,15,0,0,0,0,0,1000.000
3490,0.3740,0.3085,0.00,0.0000,0.0000,0,0,0,0,0,20,15,0,0,0,0,0,1000.000
3500,0.3740,0.3085,0.00,0.0000,0.0000,0,0,0,0,0,20,15,0,0,0,0,0,1000.000
3510,0.3740,0.3085,0.00,0.0000,0.0000,0,0,0,0,0,20,15,0,0,0,0,0,1000.000
3520,0.3740,0.3085,0.00,0.0000,0.0000,0,0,0,0,0,20,15,0,0,0,0,0,1000.000
3530,0.3740,0.3085,0.00,0.0000,0.0000,0,0,0,0,0,20,15,0,0,0,0,0,1000.000
3540,0.3740,0.3085,0.00,0.0000,0.0000,0,0,0,0,0,20,15,0,0,0,0,0,1000.000
3550,0.3740,0.3085,0.00,0.0000,0.0000,0,0,0,0,0,20,15,0,0,0,0,0,1000.000
3560,0.3740,0.3085,0.00,0.0000,0.0000,0,0,0,0,0,20,15,0,0,0,0,0,1000.000
3570,0.3740,0.3085,0.00,0.0000,0.0000,0,0,0,0,0,20,15,0,0,0,0,0,1000.000
3580,0.3740,0.3085,0.00,0.0000,0.0000,0,0,0,0,0,20,15,0,0,0,0,0,1000.000
3590,0.3740,0.3085,0.00,0.0000,0.0000,0,0,0,0,0,20,15,0,0,0,0,0,1000.000
3600,0.3740,0.3085,0.00,0.0000,0.0000,0,0,0,0,0,20,15,0,0,0,0,0,1000.000
3610,0.3740,0.3085,0.00,0.0000,0.0000,0,0,0,0,0,20,15,0,0,0,0,0,1000.000
3620,0.3740,0.3085,0.00,0.0000,0.0000,0,0,0,0,0,20,15,0,0,0,0,0,1000.000
3630,0.3740,0.3085,0.00,0.0000,0.0000,0,0,0,0,0,20,15,0,0,0,0,0,1000.000
3640,0.3740,0.3085,0.00,0.0000,0.0000,0,0,0,0,0,20,15,0,0,0,0,0,1000.000
3650,0.3740,0.3085,0.00,0.0000,0.0000,0,0,0,0,0,20,15,0,0,0,0,0,1000.000
3660,0.3740,0.3085,0.00,0.0000,0.0000,0,0,0,0,0,20,15,0,0,0,0,0,1000.000
3670,0.3740,0.3085,0.00,0.0000,0.0000,0,0,0,0,0,20,15,0,0,0,0,0,1000.000
3680,0.3740,0.3085,0.00,0.0000,0.0000,0,0,0,0,0,20,15,0,0,0,0,0,1000.000
3690,0.3740,0.3085,0.00,0.0000,0.0000,0,0,0,0,0,20,15,0,0,0,0,0,1000.000
3700,0.3740,0.3085,0.00,0.0000,0.0000,0,0,0,0,0,20,15,0,0,0,0,0,1000.000
3710,0.3740,0.3085,0.00,0.0000,0.0000,0,0,0,0,0,20,15,0,0,0,0,0,1000.000
3720,0.3740,0.3085,0.00,0.0000,0.0000,0,0,0,0,0,20,15,0,0,0,0,0,1000.000
3730,0.3740,0.3085,0.00,0.0000,0.0000,0,0,0,0,0,20,15,0,0,0,0,0,1000.000
3740,0.3740,0.3085,0.00,0.0000,0.0000,0,0,0,0,0,20,15,0,0,0,0,0,1000.000
3750,0.3740,0.3085,0.00,0.0000,0.0000,0,0,0,0,0,20,15,0,0,0,0,0,1000.000
3760,0.3740,0.3085,0.00,0.0000,0.0000,0,0,0,0,0,20,15,0,0,0,0,0,1000.000
3770,0.3740,0.3085,0.00,0.0000,0.0000,0,0,0,0,0,20,15,0,0,0,0,0,1000.000
3780,0.3740,0.3085,0.00,0.0000,0.0000,0,0,0,0,0,20,15,0,0,0,0,0,1000.000
3790,0.3740,0.3085,0.00,0.0000,0.0000,0,0,0,0,0,20,15,0,0,0,0,0,1000.000
3800,0.3740,0.3085,0.00,0.0000,0.0000,0,0,0,0,0,20,15,0,0,0,0,0,1000.000
3810,0.3740,0.3085,0.00,0.0000,0.0000,0,0,0,0,0,20,15,0,0,0,0,0,1000.000
3820,0.3740,0.3085,0.00,0.0000,0.0000,0,0,0,0,0,20,15,0,0,0,0,0,1000.000
3830,0.3740,0.3085,0.00,0.0000,0.0000,0,0,0,0,0,20,15,0,0,0,0,0,1000.000
3840,0.3740,0.3085,0.00,0.0000,0.0000,0,0,0,0,0,20,15,0,0,0,0,0,1000.000
3850,0.3740,0.3085,0.00,0.0000,0.0000,0,0,0,0,0,20,15,0,0,0,0,0,1000.000
3860,0.3740,0.3085,0.00,0.0000,0.0000,0,0,0,0,0,20,15,0,0,0,0,0,1000.000
3870,0.3740,0.3085,0.00,0.0000,0.0000,0,0,0,0,0,20,15,0,0,0,0,0,1000.000
3880,0.3740,0.3085,0.00,0.0000,0.0000,0,0,0,0,0,20,15,0,0,0,0,0,1000.000
3890,0.3740,0.3085,0.00,0.0000,0.0000,0,0,0,0,0,20,15,0,0,0,0,0,1000.000
3900,0.3740,0.3085,0.00,0.0000,0.0000,0,0,0,0,0,20,15,0,0,0,0,0,1000.000
3910,0.3740,0.3085,0.00,0.0000,0.0000,0,0,0,0,0,20,15,0,0,0,0,0,1000.000
3920,0.3740,0.3085,0.00,0.0000,0.0000,0,0,0,0,0,20,15,0,0,0,0,0,1000.000
3930,0.3740,0.3085,0.00,0.0000,0.0000,0,0,0,0,0,20,15,0,0,0,0,0,1000.000
3940,0.3740,0.3085,0.00,0.0000,0.0000,0,0,0,0,0,20,15,0,0,0,0,0,1000.000
3950,0.3740,0.3085,0.00,0.0000,0.0000,0,0,0,0,0,20,15,0,0,0,0,0,1000.000
3960,0.3740,0.3085,0.00,0.0000,0.0000,0,0,0,0,0,20,15,0,0,0,0,0,1000.000
3970,0.3740,0.3085,0.00,0.0000,0.0000,0,0,0,0,0,20,15,0,0,0,0,0,1000.000
3980,0.3740,0.3085,0.00,0.0000,0.0000,0,0,0,0,0,20,15,0,0,0,0,0,1000.000
3990,0.3740,0.3085,0.00,0.0000,0.0000,0,0,0,0,0,20,15,0,0,0,0,0,1000.000
4000,0.3740,0.3085,0.00,0.0000,0.0000,0,0,0,0,0,20,15,0,0,0,0,0,1000.000
4010,0.3740,0.3085,0.00,0.0000,0.0000,0,0,0,0,0,20,15,0,0,0,0,0,1000.000
4020,0.3740,0.3085,0.00,0.0000,0.0000,0,0,0,0,0,20,15,0,0,0,0,0,1000.000
4030,0.3740,0.3085,0.00,0.0000,0.0000,0,0,0,0,0,20,15,0,0,0,0,0,1000.000
4040,0.3740,0.3085,0.00,0.0000,0.0000,0,0,0,0,0,20,15,0,0,0,0,0,1000.000
4050,0.3740,0.3085,0.00,0.0000,0.0000,0,0,0,0,0,20,15,0,0,0,0,0,1000.000
4060,0.3740,0.3085,0.00,0.0000,0.0000,0,0,0,0,0,20,15,0,0,0,0,0,1000.000
4070,0.3740,0.3085,0.00,0.0000,0.0000,0,0,0,0,0,20,15,0,0,0,0,0,1000.000
4080,0.3740,0.3085,0.00,0.0000,0.0000,0,0,0,0,0,20,15,0,0,0,0,0,1000.000
4090,0.3740,0.3085,0.00,0.0000,0.0000,0,0,0,0,0,20,15,0,0,0,0,0,1000.000
4100,0.3740,0.3085,0.00,0.0000,0.0000,0,0,0,0,0,20,15,0,0,0,0,0,1000.000
4110,0.3740,0.3085,0.00,0.0000,0.0000,0,0,0,0,0,20,15,0,0,0,0,0,1000.000
4120,0.3740,0.3085,0.00,0.0000,0.0000,0,0,0,0,0,20,15,0,0,0,0,0,1000.000
4130,0.3740,0.3085,0.00,0.0000,0.0000,0,0,0,0,0,20,15,0,0,0,0,0,1000.000
4140,0.3740,0.3085,0.00,0.0000,0.0000,0,0,0,0,0,20,15,0,0,0,0,0,1000.000
4150,0.3740,0.3085,0.00,0.0000,0.0000,0,0,0,0,0,20,15,0,0,0,0,0,1000.000
4160,0.3740,0.3085,0.00,0.0000,0.0000,0,0,0,0,0,20,15,0,0,0,0,0,1000.000
4170,0.3740,0.3085,0.00,0.0000,0.0000,0,0,0,0,0,20,15,0,0,0,0,0,1000.000
4180,0.3740,0.3085,0.00,0.0000,0.0000,0,0,0,0,0,20,15,0,0,0,0,0,1000.000
4190,0.3740,0.3085,0.00,0.0000,0.0000,0,0,0,0,0,20,15,0,0,0,0,0,1000.000
4200,0.3740,0.3085,0.00,0.0000,0.0000,0,0,0,0,0,20,15,0,0,0,0,0,1000.000
4210,0.3740,0.3085,0.00,0.0000,0.0000,0,0,0,0,0,20,15,0,0,0,0,0,1000.000
4220,0.3740,0.3085,0.00,0.0000,0.0000,0,0,0,0,0,20,15,0,0,0,0,0,1000.000
4230,0.3740,0.3085,0.00,0.0000,0.0000,0,0,0,0,0,20,15,0,0,0,0,0,1000.000
4240,0.3740,0.3085,0.00,0.0000,0.0000,0,0,0,0,0,20,15,0,0,0,0,0,1000.000
4250,0.3740,0.3085,0.00,0.0000,0.0000,0,0,0,0,0,20,15,0,0,0,0,0,1000.000
4260,0.3740,0.3085,0.00,0.0000,0.0000,0,0,0,0,0,20,15,0,0,0,0,0,1000.000
4270,0.3740,0.3085,0.00,0.0000,0.0000,0,0,0,0,0,20,15,0,0,0,0,0,1000.000
4280,0.3740,0.3085,0.00,0.0000,0.0000,0,0,0,0,0,20,15,0,0,0,0,0,1000.000
4290,0.3740,0.3085,0.00,0.0000,0.0000,0,0,0,0,0,20,15,0,0,0,0,0,1000.000
4300,0.3740,0.3085,0.00,0.0000,0.0000,0,0,0,0,0,20,15,0,0,0,0,0,1000.000
4310,0.3740,0.3085,0.00,0.0000,0.0000,0,0,0,0,0,20,15,0,0,0,0,0,1000.000
4320,0.3740,0.3085,0.00,0.0000,0.0000,0,0,0,0,0,20,15,0,0,0,0,0,1000.000
4330,0.3740,0.3085,0.00,0.0000,0.0000,0,0,0,0,0,20,15,0,0,0,0,0,1000.000
4340,0.3740,0.3085,0.00,0.0000,0.0000,0,0,0,0,0,20,15,0,0,0,0,0,1000.000
4350,0.3740,0.3085,0.00,0.0000,0.0000,0,0,0,0,0,20,15,0,0,0,0,0,1000.000
4360,0.3740,0.3085,0.00,0.0000,0.0000,0,0,0,0,0,20,15,0,0,0,0,0,1000.000
4370,0.3740,0.3085,0.00,0.0000,0.0000,0,0,0,0,0,20,15,0,0,0,0,0,1000.000
4380,0.3740,0.3085,0.00,0.0000,0.0000,0,0,0,0,0,20,15,0,0,0,0,0,1000.000
4390,0.3740,0.3085,0.00,0.0000,0.0000,0,0,0,0,0,20,15,0,0,0,0,0,1000.000
4400,0.3740,0.3085,0.00,0.0000,0.0000,0,0,0,0,0,20,15,0,0,0,0,0,1000.000
4410,0.3740,0.3085,0.00,0.0000,0.0000,0,0,0,0,0,20,15,0,0,0,0,0,1000.000
4420,0.3740,0.3085,0.00,0.0000,0.0000,0,0,0,0,0,20,15,0,0,0,0,0,1000.000
4430,0.3740,0.3085,0.00,0.0000,0.0000,0,0,0,0,0,20,15,0,0,0,0,0,1000.000
4440,0.3740,0.3085,0.00,0.0000,0.0000,0,0,0,0,0,20,15,0,0,0,0,0,1000.000
4450,0.3740,0.3085,0.00,0.0000,0.0000,0,0,0,0,0,20,15,0,0,0,0,0,1000.000
4460,0.3740,0.3085,0.00,0.0000,0.0000,0,0,0,0,0,20,15,0,0,0,0,0,1000.000
4470,0.3740,0.3085,0.00,0.0000,0.0000,0,0,0,0,0,20,15,0,0,0,0,0,1000.000
4480,0.3740,0.3085,0.00,0.0000,0.0000,0,0,0,0,0,20,15,0,0,0,0,0,1000.000
4490,0.3740,0.3085,0.00,0.0000,0.0000,0,0,0,0,0,20,15,0,0,0,0,0,1000.000
4500,0.3740,0.3085,0.00,0.0000,0.0000,0,0,0,0,0,20,15,0,0,0,0,0,1000.000
4510,0.3740,0.3085,0.00,0.0000,0.0000,0,0,0,0,0,20,15,0,0,0,0,0,1000.000
4520,0.3740,0.3085,0.00,0.0000,0.0000,0,0,0,0,0,20,15,0,0,0,0,0,1000.000
4530,0.3740,0.3085,0.00,0.0000,0.0000,0,0,0,0,0,20,15,0,0,0,0,0,1000.000
4540,0.3740,0.3085,0.00,0.0000,0.0000,0,0,0,0,0,20,15,0,0,0,0,0,1000.000
4550,0.3740,0.3085,0.00,0.0000,0.0000,0,0,0,0,0,20,15,0,0,0,0,0,1000.000
4560,0.3740,0.3085,0.00,0.0000,0.0000,0,0,0,0,0,20,15,0,0,0,0,0,1000.000
4570,0.3740,0.3085,0.00,0.0000,0.0000,0,0,0,0,0,20,15,0,0,0,0,0,1000.000
4580,0.3740,0.3085,0.00,0.0000,0.0000,0,0,0,0,0,20,15,0,0,0,0,0,1000.000
4590,0.3740,0.3085,0.00,0.0000,0.0000,0,0,0,0,0,20,15,0,0,0,0,0,1000.000
4600,0.3740,0.3085,0.00,0.0000,0.0000,0,0,0,0,0,20,15,0,0,0,0,0,1000.000
4610,0.3740,0.3085,0.00,0.0000,0.0000,0,0,0,0,0,20,15,0,0,0,0,0,1000.000
4620,0.3740,0.3085,0.00,0.0000,0.0000,0,0,0,0,0,20,15,0,0,0,0,0,1000.000
4630,0.3740,0.3085,0.00,0.0000,0.0000,0,0,0,0,0,20,15,0,0,0,0,0,1000.000
4640,0.3740,0.3085,0.00,0.0000,0.0000,0,0,0,0,0,20,15,0,0,0,0,0,1000.000
4650,0.3740,0.3085,0.00,0.0000,0.0000,0,0,0,0,0,20,15,0,0,0,0,0,1000.000
4660,0.3740,0.3085,0.00,0.0000,0.0000,0,0,0,0,0,20,15,0,0,0,0,0,1000.000
4670,0.3740,0.3085,0.00,0.0000,0.0000,0,0,0,0,0,20,15,0,0,0,0,0,1000.000
4680,0.3740,0.3085,0.00,0.0000,0.0000,0,0,0,0,0,20,15,0,0,0,0,0,1000.000
4690,0.3740,0.3085,0.00,0.0000,0.0000,0,0,0,0,0,20,15,0,0,0,0,0,1000.000
4700,0.3740,0.3085,0.00,0.0000,0.0000,0,0,0,0,0,20,15,0,0,0,0,0,1000.000
4710,0.3740,0.3085,0.00,0.0000,0.0000,0,0,0,0,0,20,15,0,0,0,0,0,1000.000
4720,0.3740,0.3085,0.00,0.0000,0.0000,0,0,0,0,0,20,15,0,0,0,0,0,1000.000
4730,0.3740,0.3085,0.00,0.0000,0.0000,0,0,0,0,0,20,15,0,0,0,0,0,1000.000
4740,0.3740,0.3085,0.00,0.0000,0.0000,0,0,0,0,0,20,15,0,0,0,0,0,1000.000
4750,0.3740,0.3085,0.00,0.0000,0.0000,0,0,0,0,0,20,15,0,0,0,0,0,1000.000
4760,0.3740,0.3085,0.00,0.0000,0.0000,0,0,0,0,0,20,15,0,0,0,0,0,1000.000
4770,0.3740,0.3085,0.00,0.0000,0.0000,0,0,0,0,0,20,15,0,0,0,0,0,1000.000
4780,0.3740,0.3085,0.00,0.0000,0.0000,0,0,0,0,0,20,15,0,0,0,0,0,1000.000
4790,0.3740,0.3085,0.00,0.0000,0.0000,0,0,0,0,0,20,15,0,0,0,0,0,1000.000
4800,0.3740,0.3085,0.00,0.0000,0.0000,0,0,0,0,0,20,15,0,0,0,0,0,1000.000
4810,0.3740,0.3085,0.00,0.0000,0.0000,0,0,0,0,0,20,15,0,0,0,0,0,1000.000
4820,0.3740,0.3085,0.00,0.0000,0.0000,0,0,0,0,0,20,15,0,0,0,0,0,1000.000
4830,0.3740,0.3085,0.00,0.0000,0.0000,0,0,0,0,0,20,15,0,0,0,0,0,1000.000
4840,0.3740,0.3085,0.00,0.0000,0.0000,0,0,0,0,0,20,15,0,0,0,0,0,1000.000
4850,0.3740,0.3085,0.00,0.0000,0.0000,0,0,0,0,0,20,15,0,0,0,0,0,1000.000
4860,0.3740,0.3085,0.00,0.0000,0.0000,0,0,0,0,0,20,15,0,0,0,0,0,1000.000
4870,0.3740,0.3085,0.00,0.0000,0.0000,0,0,0,0,0,20,15,0,0,0,0,0,1000.000
4880,0.3740,0.3085,0.00,0.0000,0.0000,0,0,0,0,0,20,15,0,0,0,0,0,1000.000
4890,0.3740,0.3085,0.00,0.0000,0.0000,0,0,0,0,0,20,15,0,0,0,0,0,1000.000
4900,0.3740,0.3085,0.00,0.0000,0.0000,0,0,0,0,0,20,15,0,0,0,0,0,1000.000
4910,0.3740,0.3085,0.00,0.0000,0.0000,0,0,0,0,0,20,15,0,0,0,0,0,1000.000
4920,0.3740,0.3085,0.00,0.0000,0.0000,0,0,0,0,0,20,15,0,0,0,0,0,1000.000
4930,0.3740,0.3085,0.00,0.0000,0.0000,0,0,0,0,0,20,15,0,0,0,0,0,1000.000
4940,0.3740,0.3085,0.00,0.0000,0.0000,0,0,0,0,0,20,15,0,0,0,0,0,1000.000
4950,0.3740,0.3085,0.00,0.0000,0.0000,0,0,0,0,0,20,15,0,0,0,0,0,1000.000
4960,0.3740,0.3085,0.00,0.0000,0.0000,0,0,0,0,0,20,15,0,0,0,0,0,1000.000
4970,0.3740,0.3085,0.00,0.0000,0.0000,0,0,0,0,0,20,15,0,0,0,0,0,1000.000
4980,0.3740,0.3085,0.00,0.0000,0.0000,0,0,0,0,0,20,15,0,0,0,0,0,1000.000
4990,0.3740,0.3085,0.00,0.0000,0.0000,0,0,0,0,0,20,15,0,0,0,0,0,1000.000
5000,0.3740,0.3085,0.00,0.0000,0.0000,0,0,0,0,0,20,15,0,0,0,0,0,1000.000
5010,0.3740,0.3085,0.00,0.0000,0.0000,0,0,0,0,0,20,15,0,0,0,0,0,1000.000
5020,0.3740,0.3085,0.00,0.0000,0.0000,0,0,0,0,0,20,15,0,0,0,0,0,1000.000
5030,0.3740,0.3085,0.00,0.0000,0.0000,0,0,0,0,0,20,15,0,0,0,0,0,1000.000
5040,0.3740,0.3085,0.00,0.0000,0.0000,0,0,0,0,0,20,15,0,0,0,0,0,1000.000
5050,0.3740,0.3085,0.00,0.0000,0.0000,0,0,0,0,0,20,15,0,0,0,0,0,1000.000
5060,0.3740,0.3085,0.00,0.0000,0.0000,0,0,0,0,0,20,15,0,0,0,0,0,1000.000
5070,0.3740,0.3085,0.00,0.0000,0.0000,0,0,0,0,0,20,15,0,0,0,0,0,1000.000
5080,0.3740,0.3085,0.00,0.0000,0.0000,0,0,0,0,0,20,15,0,0,0,0,0,1000.000
5090,0.3740,0.3085,0.00,0.0000,0.0000,0,0,0,0,0,20,15,0,0,0,0,0,1000.000
5100,0.3740,0.3085,0.00,0.0000,0.0000,0,0,0,0,0,20,15,0,0,0,0,0,1000.000
5110,0.3740,0.3085,0.00,0.0000,0.0000,0,0,0,0,0,20,15,0,0,0,0,0,1000.000
5120,0.3740,0.3085,0.00,0.0000,0.0000,0,0,0,0,0,20,15,0,0,0,0,0,1000.000
5130,0.3740,0.3085,0.00,0.0000,0.0000,0,0,0,0,0,20,15,0,0,0,0,0,1000.000
5140,0.3740,0.3085,0.00,0.0000,0.0000,0,0,0,0,0,20,15,0,0,0,0,0,1000.000
5150,0.3740,0.3085,0.00,0.0000,0.0000,0,0,0,0,0,20,15,0,0,0,0,0,1000.000
5160,0.3740,0.3085,0.00,0.0000,0.0000,0,0,0,0,0,20,15,0,0,0,0,0,1000.000
5170,0.3740,0.3085,0.00,0.0000,0.0000,0,0,0,0,0,20,15,0,0,0,0,0,1000.000
5180,0.3740,0.3085,0.00,0.0000,0.0000,0,0,0,0,0,20,15,0,0,0,0,0,1000.000
5190,0.3740,0.3085,0.00,0.0000,0.0000,0,0,0,0,0,20,15,0,0,0,0,0,1000.000
5200,0.3740,0.3085,0.00,0.0000,0.0000,0,0,0,0,0,20,15,0,0,0,0,0,1000.000
5210,0.3740,0.3085,0.00,0.0000,0.0000,0,0,0,0,0,20,15,0,0,0,0,0,1000.000
5220,0.3740,0.3085,0.00,0.0000,0.0000,0,0,0,0,0,20,15,0,0,0,0,0,1000.000
5230,0.3740,0.3085,0.00,0.0000,0.0000,0,0,0,0,0,20,15,0,0,0,0,0,1000.000
5240,0.3740,0.3085,0.00,0.0000,0.0000,0,0,0,0,0,20,15,0,0,0,0,0,1000.000
5250,0.3740,0.3085,0.00,0.0000,0.0000,0,0,0,0,0,20,15,0,0,0,0,0,1000.000
5260,0.3740,0.3085,0.00,0.0000,0.0000,0,0,0,0,0,20,15,0,0,0,0,0,1000.000
5270,0.3740,0.3085,0.00,0.0000,0.0000,0,0,0,0,0,20,15,0,0,0,0,0,1000.000
5280,0.3740,0.3085,0.00,0.0000,0.0000,0,0,0,0,0,20,15,0,0,0,0,0,1000.000
5290,0.3740,0.3085,0.00,0.0000,0.0000,0,0,0,0,0,20,15,0,0,0,0,0,1000.000
5300,0.3740,0.3085,0.00,0.0000,0.0000,0,0,0,0,0,20,15,0,0,0,0,0,1000.000
5310,0.3740,0.3085,0.00,0.0000,0.0000,0,0,0,0,0,20,15,0,0,0,0,0,1000.000
5320,0.3740,0.3085,0.00,0.0000,0.0000,0,0,0,0,0,20,15,0,0,0,0,0,1000.000
5330,0.3740,0.3085,0.00,0.0000,0.0000,0,0,0,0,0,20,15,0,0,0,0,0,1000.000
5340,0.3740,0.3085,0.00,0.0000,0.0000,0,0,0,0,0,20,15,0,0,0,0,0,1000.000
5350,0.3740,0.3085,0.00,0.3740,0.3085,0,0,0,0,0,20,15,0,0,0,0,0,1000.000
5360,0.3740,0.3085,0.00,0.3740,0.3085,0,0,0,0,0,20,15,0,0,0,0,0,1000.000
5370,0.3740,0.3085,0.00,0.3740,0.3085,0,0,0,0,0,20,15,0,0,0,0,0,1000.000
5380,0.3740,0.3085,0.00,0.3740,0.3085,0,0,0,0,0,20,15,0,0,0,0,0,1000.000
5390,0.3740,0.3085,0.00,0.3740,0.3085,0,0,0,0,0,20,15,0,0,0,0,0,1000.000
5400,0.3740,0.3085,0.00,0.3740,0.3085,0,0,0,0,0,20,15,0,0,0,0,0,1000.000
5410,0.3740,0.3085,0.00,0.3740,0.3085,0,0,0,0,0,20,15,0,0,0,0,0,1000.000
5420,0.3740,0.3085,0.00,0.3740,0.3085,0,0,0,0,0,20,15,0,0,0,0,0,1000.000
5430,0.3740,0.3085,0.00,0.3740,0.3085,0,0,0,0,0,20,15,0,0,0,0,0,1000.000
5440,0.3740,0.3085,0.00,0.3740,0.3085,0,0,0,0,0,20,15,0,0,0,0,0,1000.000
5450,0.3740,0.3085,0.00,0.3740,0.3085,0,0,1,0,0,20,15,0,0,0,0,0,1000.000
5460,0.3740,0.3085,0.00,0.3740,0.3085,0,0,1,0,0,20,15,0,0,0,0,0,1000.000
5470,0.3740,0.3085,0.00,0.3740,0.3085,0,0,1,0,0,20,15,0,0,0,0,0,1000.000
5480,0.3740,0.3085,0.00,0.3740,0.3085,0,0,1,0,0,20,15,0,0,0,0,0,1000.000
5490,0.3740,0.3085,0.00,0.3740,0.3085,0,0,1,0,0,20,15,0,0,0,0,0,1000.000
5500,0.3740,0.3085,0.00,0.3740,0.3085,0,0,1,0,0,20,15,0,53,0,1,0,1.438
5510,0.3740,0.3086,0.00,0.3740,0.3086,0,0,1,0,0,20,15,0,53,0,1,0,1.438
5520,0.3740,0.3088,0.00,0.3740,0.3088,0,0,1,0,0,20,15,0,53,0,1,0,1.438
5530,0.3740,0.3091,0.00,0.3740,0.3091,0,0,1,0,0,20,15,0,53,0,1,0,1.437
5540,0.3740,0.3096,0.00,0.3740,0.3096,0,0,1,0,0,20,15,0,53,0,1,0,1.437
5550,0.3740,0.3102,0.00,0.3740,0.3102,0,0,1,0,0,20,15,0,53,0,1,0,1.436
5560,0.3740,0.3110,0.00,0.3740,0.3110,0,0,1,0,0,20,15,0,53,0,1,0,1.436
5570,0.3740,0.3119,0.00,0.3740,0.3119,0,0,1,0,0,20,15,0,53,0,1,0,1.435
5580,0.3740,0.3129,0.00,0.3740,0.3129,0,0,1,0,0,20,15,0,53,0,1,0,1.434
5590,0.3740,0.3141,0.00,0.3740,0.3141,0,0,1,0,0,20,15,0,53,0,1,0,1.432
5600,0.3740,0.3155,0.00,0.3740,0.3155,0,0,1,0,0,20,15,0,53,0,1,0,1.431
5610,0.3740,0.3169,0.00,0.3740,0.3169,0,0,1,0,0,20,15,0,53,0,1,0,1.430
5620,0.3740,0.3185,0.00,0.3740,0.3185,0,0,1,0,0,20,15,0,53,0,1,0,1.428
5630,0.3740,0.3203,0.00,0.3740,0.3203,0,0,1,0,0,20,15,0,53,0,1,0,1.426
5640,0.3740,0.3222,0.00,0.3740,0.3222,0,0,1,0,0,20,15,0,53,0,1,0,1.424
5650,0.3740,0.3242,0.00,0.3740,0.3242,0,0,1,0,0,20,15,0,53,0,1,0,1.422
5660,0.3740,0.3264,0.00,0.3740,0.3264,0,0,1,0,0,20,15,0,53,0,1,0,1.420
5670,0.3740,0.3287,0.00,0.3740,0.3287,0,0,1,0,0,20,15,0,53,0,1,0,1.418
5680,0.3740,0.3312,0.00,0.3740,0.3312,0,0,1,0,0,20,15,0,53,0,1,0,1.415
5690,0.3740,0.3337,0.00,0.3740,0.3337,0,0,1,0,0,20,15,0,53,0,1,0,1.413
5700,0.3740,0.3365,0.00,0.3740,0.3365,0,0,1,0,0,20,15,0,53,0,1,0,1.410
5710,0.3740,0.3394,0.00,0.3740,0.3394,0,0,1,0,0,20,15,0,53,0,1,0,1.407
5720,0.3740,0.3424,0.00,0.3740,0.3424,0,0,1,0,0,20,15,0,53,0,1,0,1.404
5730,0.3740,0.3455,0.00,0.3740,0.3455,0,0,1,0,0,20,15,0,53,0,1,0,1.401
5740,0.3740,0.3488,0.00,0.3740,0.3488,0,0,1,0,0,20,15,0,53,0,1,0,1.398
5750,0.3740,0.3523,0.00,0.3740,0.3523,0,0,1,0,0,20,15,0,53,0,1,0,1.394
5760,0.3740,0.3558,0.00,0.3740,0.3558,0,0,1,0,0,20,15,0,53,0,1,0,1.391
5770,0.3740,0.3596,0.00,0.3740,0.3596,0,0,1,0,0,20,15,0,53,0,1,0,1.387
5780,0.3740,0.3634,0.00,0.3740,0.3634,0,0,1,0,0,20,15,0,53,0,1,0,1.383
5790,0.3740,0.3674,0.00,0.3740,0.3674,0,0,1,0,0,20,15,0,53,0,1,0,1.379
5800,0.3740,0.3716,0.00,0.3740,0.3716,0,0,1,0,0,20,15,0,53,0,1,0,1.375
5810,0.3740,0.3758,0.00,0.3740,0.3758,0,0,1,0,0,20,15,0,53,0,1,0,1.371
5820,0.3740,0.3800,0.00,0.3740,0.3800,0,0,1,0,0,20,15,0,53,0,1,0,1.367
5830,0.3740,0.3842,0.00,0.3740,0.3842,0,0,1,0,0,20,15,0,53,0,1,0,1.362
5840,0.3740,0.3884,0.00,0.3740,0.3884,0,0,1,0,0,20,15,0,53,0,1,0,1.358
5850,0.3740,0.3927,0.00,0.3740,0.3927,0,0,1,0,0,20,15,0,53,0,1,0,1.354
5860,0.3740,0.3969,0.00,0.3740,0.3969,0,0,1,0,0,20,15,0,53,0,1,0,1.350
5870,0.3740,0.4011,0.00,0.3740,0.4011,0,0,1,0,0,20,15,0,53,0,1,0,1.345
5880,0.3740,0.4053,0.00,0.3740,0.4053,0,0,1,0,0,20,15,0,53,0,1,0,1.341
5890,0.3740,0.4095,0.00,0.3740,0.4095,0,0,1,0,0,20,15,0,53,0,1,0,1.337
5900,0.3740,0.4137,0.00,0.3740,0.4137,0,0,1,0,0,20,15,0,53,0,1,0,1.333
5910,0.3740,0.4180,0.00,0.3740,0.4180,0,0,1,0,0,20,15,0,53,0,1,0,1.329
5920,0.3740,0.4222,0.00,0.3740,0.4222,0,0,1,0,0,20,15,0,53,0,1,0,1.324
5930,0.3740,0.4264,0.00,0.3740,0.4264,0,0,1,0,0,20,15,0,53,0,1,0,1.320
5940,0.3740,0.4306,0.00,0.3740,0.4306,0,0,1,0,0,20,15,0,53,0,1,0,1.316
5950,0.3740,0.4348,0.00,0.3740,0.4348,0,0,1,0,0,20,15,0,53,0,1,0,1.312
5960,0.3740,0.4391,0.00,0.3740,0.4391,0,0,1,0,0,20,15,0,53,0,1,0,1.307
5970,0.3740,0.4433,0.00,0.3740,0.4433,0,0,1,0,0,20,15,0,53,0,1,0,1.303
5980,0.3740,0.4475,0.00,0.3740,0.4475,0,0,1,0,0,20,15,0,53,0,1,0,1.299
5990,0.3740,0.4517,0.00,0.3740,0.4517,0,0,1,0,0,20,15,0,53,0,1,0,1.295
6000,0.3740,0.4559,0.00,0.3740,0.4559,0,0,1,0,0,20,15,0,53,0,1,0,1.291
6010,0.3740,0.4601,0.00,0.3740,0.4601,0,0,1,0,0,20,15,0,53,0,1,0,1.286
6020,0.3740,0.4644,0.00,0.3740,0.4644,0,0,1,0,0,20,15,0,53,0,1,0,1.282
6030,0.3740,0.4686,0.00,0.3740,0.4686,0,0,1,0,0,20,15,0,53,0,1,0,1.278
6040,0.3740,0.4728,0.00,0.3740,0.4728,0,0,1,0,0,20,15,0,53,0,1,0,1.274
6050,0.3740,0.4770,0.00,0.3740,0.4770,0,0,1,0,0,20,15,0,53,0,1,0,1.269
6060,0.3740,0.4812,0.00,0.3740,0.4812,0,0,1,0,0,20,15,0,53,0,1,0,1.265
6070,0.3740,0.4854,0.00,0.3740,0.4854,0,0,1,0,0,20,15,0,53,0,1,0,1.261
6080,0.3740,0.4897,0.00,0.3740,0.4897,0,0,1,0,0,20,15,0,53,0,1,0,1.257
6090,0.3740,0.4939,0.00,0.3740,0.4939,0,0,1,0,0,20,15,0,53,0,1,0,1.253
6100,0.3740,0.4981,0.00,0.3740,0.4981,0,0,1,0,0,20,15,0,53,0,1,0,1.248
6110,0.3740,0.5023,0.00,0.3740,0.5023,0,0,1,0,0,20,15,0,53,0,1,0,1.244
6120,0.3740,0.5065,0.00,0.3740,0.5065,0,0,1,0,0,20,15,0,53,0,1,0,1.240
6130,0.3740,0.5108,0.00,0.3740,0.5108,0,0,1,0,0,20,15,0,53,0,1,0,1.236
6140,0.3740,0.5150,0.00,0.3740,0.5150,0,0,1,0,0,20,15,0,53,0,1,0,1.232
6150,0.3740,0.5192,0.00,0.3740,0.5192,0,0,1,0,0,20,15,0,53,0,1,0,1.227
6160,0.3740,0.5234,0.00,0.3740,0.5234,0,0,1,0,0,20,15,0,53,0,1,0,1.223
6170,0.3740,0.5276,0.00,0.3740,0.5276,0,0,1,0,0,20,15,0,53,0,1,0,1.219
6180,0.3740,0.5318,0.00,0.3740,0.5318,0,0,1,0,0,20,15,0,53,0,1,0,1.215
6190,0.3740,0.5361,0.00,0.3740,0.5361,0,0,1,0,0,20,15,0,53,0,1,0,1.210
6200,0.3740,0.5403,0.00,0.3740,0.5403,0,0,1,0,0,20,15,0,53,0,1,0,1.206
6210,0.3740,0.5445,0.00,0.3740,0.5445,0,0,1,0,0,20,15,0,53,0,1,0,1.202
6220,0.3740,0.5487,0.00,0.3740,0.5487,0,0,1,0,0,20,15,0,53,0,1,0,1.198
6230,0.3740,0.5529,0.00,0.3740,0.5529,0,0,1,0,0,20,15,0,53,0,1,0,1.194
6240,0.3740,0.5572,0.00,0.3740,0.5572,0,0,1,0,0,20,15,0,53,0,1,0,1.189
6250,0.3740,0.5614,0.00,0.3740,0.5614,0,0,1,0,0,20,15,0,53,0,1,0,1.185
6260,0.3740,0.5656,0.00,0.3740,0.5656,0,0,1,0,0,20,15,0,53,0,1,0,1.181
6270,0.3740,0.5698,0.00,0.3740,0.5698,0,0,1,0,0,20,15,0,53,0,1,0,1.177
6280,0.3740,0.5740,0.00,0.3740,0.5740,0,0,1,0,0,20,15,0,53,0,1,0,1.172
6290,0.3740,0.5782,0.00,0.3740,0.5782,0,0,1,0,0,20,15,0,53,0,1,0,1.168
6300,0.3740,0.5825,0.00,0.3740,0.5825,0,0,1,0,0,20,15,0,53,0,1,0,1.164
6310,0.3740,0.5867,0.00,0.3740,0.5867,0,0,1,0,0,20,15,0,53,0,1,0,1.160
6320,0.3740,0.5909,0.00,0.3740,0.5909,0,0,1,0,0,20,15,0,53,0,1,0,1.156
6330,0.3740,0.5951,0.00,0.3740,0.5951,0,0,1,0,0,20,15,0,53,0,1,0,1.151
6340,0.3740,0.5993,0.00,0.3740,0.5993,0,0,1,0,0,20,15,0,53,0,1,0,1.147
6350,0.3740,0.6036,0.00,0.3740,0.6036,0,0,1,0,0,20,15,0,53,0,1,0,1.143
6360,0.3740,0.6078,0.00,0.3740,0.6078,0,0,1,0,0,20,15,0,53,0,1,0,1.139
6370,0.3740,0.6120,0.00,0.3740,0.6120,0,0,1,0,0,20,15,0,53,0,1,0,1.135
6380,0.3740,0.6162,0.00,0.3740,0.6162,0,0,1,0,0,20,15,0,53,0,1,0,1.130
6390,0.3740,0.6204,0.00,0.3740,0.6204,0,0,1,0,0,20,15,0,53,0,1,0,1.126
6400,0.3740,0.6246,0.00,0.3740,0.6246,0,0,1,0,0,20,15,0,53,0,1,0,1.122
6410,0.3740,0.6289,0.00,0.3740,0.6289,0,0,1,0,0,20,15,0,53,0,1,0,1.118
6420,0.3740,0.6331,0.00,0.3740,0.6331,0,0,1,0,0,20,15,0,53,0,1,0,1.113
6430,0.3740,0.6373,0.00,0.3740,0.6373,0,0,1,0,0,20,15,0,53,0,1,0,1.109
6440,0.3740,0.6415,0.00,0.3740,0.6415,0,0,1,0,0,20,15,0,53,0,1,0,1.105
6450,0.3740,0.6457,0.00,0.3740,0.6457,0,0,1,0,0,20,15,0,53,0,1,0,1.101
6460,0.3740,0.6500,0.00,0.3740,0.6500,0,0,1,0,0,20,15,0,53,0,1,0,1.097
6470,0.3740,0.6542,0.00,0.3740,0.6542,0,0,1,0,0,20,15,0,53,0,1,0,1.092
6480,0.3740,0.6584,0.00,0.3740,0.6584,0,0,1,0,0,20,15,0,53,0,1,0,1.088
6490,0.3740,0.6626,0.00,0.3740,0.6626,0,0,1,0,0,20,15,0,53,0,1,0,1.084
6500,0.3740,0.6668,0.00,0.3740,0.6668,0,0,1,0,0,20,15,0,53,0,1,0,1.080
6510,0.3740,0.6710,0.00,0.3740,0.6710,0,0,1,0,0,20,15,0,53,0,1,0,1.075
6520,0.3740,0.6753,0.00,0.3740,0.6753,0,0,1,0,0,20,15,0,53,0,1,0,1.071
6530,0.3740,0.6795,0.00,0.3740,0.6795,0,0,1,0,0,20,15,0,53,0,1,0,1.067
6540,0.3740,0.6837,0.00,0.3740,0.6837,0,0,1,0,0,20,15,0,53,0,1,0,1.063
6550,0.3740,0.6879,0.00,0.3740,0.6879,0,0,1,0,0,20,15,0,53,0,1,0,1.059
6560,0.3740,0.6921,0.00,0.3740,0.6921,0,0,1,0,0,20,15,0,53,0,1,0,1.054
6570,0.3740,0.6964,0.00,0.3740,0.6964,0,0,1,0,0,20,15,0,53,0,1,0,1.050
6580,0.3740,0.7006,0.00,0.3740,0.7006,0,0,1,0,0,20,15,0,53,0,1,0,1.046
6590,0.3740,0.7048,0.00,0.3740,0.7048,0,0,1,0,0,20,15,0,53,0,1,0,1.042
6600,0.3740,0.7090,0.00,0.3740,0.7090,0,0,1,0,0,20,15,0,53,0,1,0,1.037
6610,0.3740,0.7132,0.00,0.3740,0.7132,0,0,1,0,0,20,15,0,53,0,1,0,1.033
6620,0.3740,0.7174,0.00,0.3740,0.7174,0,0,1,0,0,20,15,0,53,0,1,0,1.029
6630,0.3740,0.7217,0.00,0.3740,0.7217,0,0,1,0,0,20,15,0,53,0,1,0,1.025
6640,0.3740,0.7259,0.00,0.3740,0.7259,0,0,1,0,0,20,15,0,53,0,1,0,1.021
6650,0.3740,0.7301,0.00,0.3740,0.7301,0,0,1,0,0,20,15,0,53,0,1,0,1.016
6660,0.3740,0.7343,0.00,0.3740,0.7343,0,0,1,0,0,20,15,0,53,0,1,0,1.012
6670,0.3740,0.7385,0.00,0.3740,0.7385,0,0,1,0,0,20,15,0,53,0,1,0,1.008
6680,0.3740,0.7428,0.00,0.3740,0.7428,0,0,1,0,0,20,15,0,53,0,1,0,1.004
6690,0.3740,0.7470,0.00,0.3740,0.7470,0,0,1,0,0,20,15,0,53,0,1,0,1.000
6700,0.3740,0.7512,0.00,0.3740,0.7512,0,0,1,0,0,20,15,0,53,0,1,0,0.995
6710,0.3740,0.7554,0.00,0.3740,0.7554,0,0,1,0,0,20,15,0,53,0,1,0,0.991
6720,0.3740,0.7596,0.00,0.3740,0.7596,0,0,1,0,0,20,15,0,53,0,1,0,0.987
6730,0.3740,0.7638,0.00,0.3740,0.7638,0,0,1,0,0,20,15,0,53,0,1,0,0.983
6740,0.3740,0.7681,0.00,0.3740,0.7681,0,0,1,0,0,20,15,0,53,0,1,0,0.978
6750,0.3740,0.7723,0.00,0.3740,0.7723,0,0,1,0,0,20,15,0,53,0,1,0,0.974
6760,0.3740,0.7765,0.00,0.3740,0.7765,0,0,1,0,0,20,15,0,53,0,1,0,0.970
6770,0.3740,0.7807,0.00,0.3740,0.7807,0,0,1,0,0,20,15,0,53,0,1,0,0.966
6780,0.3740,0.7849,0.00,0.3740,0.7849,0,0,1,0,0,20,15,0,53,0,1,0,0.962
6790,0.3740,0.7892,0.00,0.3740,0.7892,0,0,1,0,0,20,15,0,53,0,1,0,0.957
6800,0.3740,0.7934,0.00,0.3740,0.7934,0,0,1,0,0,20,15,0,53,0,1,0,0.953
6810,0.3740,0.7976,0.00,0.3740,0.7976,0,0,1,0,0,20,15,0,53,0,1,0,0.949
6820,0.3740,0.8018,0.00,0.3740,0.8018,0,0,1,0,0,20,15,0,53,0,1,0,0.945
6830,0.3740,0.8060,0.00,0.3740,0.8060,0,0,1,0,0,20,15,0,53,0,1,0,0.940
6840,0.3740,0.8102,0.00,0.3740,0.8102,0,0,1,0,0,20,15,0,53,0,1,0,0.936
6850,0.3740,0.8145,0.00,0.3740,0.8145,0,0,1,0,0,20,15,0,53,0,1,0,0.932
6860,0.3740,0.8187,0.00,0.3740,0.8187,0,0,1,0,0,20,15,0,53,0,1,0,0.928
6870,0.3740,0.8229,0.00,0.3740,0.8229,0,0,1,0,0,20,15,0,53,0,1,0,0.924
6880,0.3740,0.8271,0.00,0.3740,0.8271,0,0,1,0,0,20,15,0,53,0,1,0,0.919
6890,0.3740,0.8313,0.00,0.3740,0.8313,0,0,1,0,0,20,15,0,53,0,1,0,0.915
6900,0.3740,0.8356,0.00,0.3740,0.8356,0,0,1,0,0,20,15,0,53,0,1,0,0.911
6910,0.3740,0.8398,0.00,0.3740,0.8398,0,0,1,0,0,20,15,0,53,0,1,0,0.907
6920,0.3740,0.8440,0.00,0.3740,0.8440,0,0,1,0,0,20,15,0,53,0,1,0,0.903
6930,0.3740,0.8482,0.00,0.3740,0.8482,0,0,1,0,0,20,15,0,53,0,1,0,0.898
6940,0.3740,0.8524,0.00,0.3740,0.8524,0,0,1,0,0,20,15,0,53,0,1,0,0.894
6950,0.3740,0.8566,0.00,0.3740,0.8566,0,0,1,0,0,20,15,0,53,0,1,0,0.890
6960,0.3740,0.8609,0.00,0.3740,0.8609,0,0,1,0,0,20,15,0,53,0,1,0,0.886
6970,0.3740,0.8651,0.00,0.3740,0.8651,0,0,1,0,0,20,15,0,53,0,1,0,0.881
6980,0.3740,0.8693,0.00,0.3740,0.8693,0,0,1,0,0,20,15,0,53,0,1,0,0.877
6990,0.3740,0.8735,0.00,0.3740,0.8735,0,0,1,0,0,20,15,0,53,0,1,0,0.873
7000,0.3740,0.8777,0.00,0.3740,0.8777,0,0,1,0,0,20,15,0,53,0,1,0,0.869
7010,0.3740,0.8820,0.00,0.3740,0.8820,0,0,1,0,0,20,15,0,53,0,1,0,0.865
7020,0.3740,0.8862,0.00,0.3740,0.8862,0,0,1,0,0,20,15,0,53,0,1,0,0.860
7030,0.3740,0.8904,0.00,0.3740,0.8904,0,0,1,0,0,20,15,0,53,0,1,0,0.856
7040,0.3740,0.8946,0.00,0.3740,0.8946,0,0,1,0,0,20,15,0,53,0,1,0,0.852
7050,0.3740,0.8988,0.00,0.3740,0.8988,0,0,1,0,0,20,15,0,53,0,1,0,0.848
7060,0.3740,0.9030,0.00,0.3740,0.9030,0,0,1,0,0,20,15,0,53,0,1,0,0.843
7070,0.3740,0.9073,0.00,0.3740,0.9073,0,0,1,0,0,20,15,0,53,0,1,0,0.839
7080,0.3740,0.9115,0.00,0.3740,0.9115,0,0,1,0,0,20,15,0,53,0,1,0,0.835
7090,0.3740,0.9157,0.00,0.3740,0.9157,0,0,1,0,0,20,15,0,53,0,1,0,0.831
7100,0.3740,0.9199,0.00,0.3740,0.9199,0,0,1,0,0,20,15,0,53,0,1,0,0.827
7110,0.3740,0.9241,0.00,0.3740,0.9241,0,0,1,0,0,20,15,0,53,0,1,0,0.822
7120,0.3740,0.9284,0.00,0.3740,0.9284,0,0,1,0,0,20,15,0,53,0,1,0,0.818
7130,0.3740,0.9326,0.00,0.3740,0.9326,0,0,1,0,0,20,15,0,53,0,1,0,0.814
7140,0.3740,0.9368,0.00,0.3740,0.9368,0,0,1,0,0,20,15,0,53,0,1,0,0.810
7150,0.3740,0.9410,0.00,0.3740,0.9410,0,0,1,0,0,20,15,0,53,0,1,0,0.805
7160,0.3740,0.9452,0.00,0.3740,0.9452,0,0,1,0,0,20,15,0,53,0,1,0,0.801
7170,0.3740,0.9494,0.00,0.3740,0.9494,0,0,1,0,0,20,15,0,53,0,1,0,0.797
7180,0.3740,0.9537,0.00,0.3740,0.9537,0,0,1,0,0,20,15,0,53,0,1,0,0.793
7190,0.3740,0.9579,0.00,0.3740,0.9579,0,0,1,0,0,20,15,0,53,0,1,0,0.789
7200,0.3740,0.9621,0.00,0.3740,0.9621,0,0,1,0,0,20,15,0,53,0,1,0,0.784
7210,0.3740,0.9663,0.00,0.3740,0.9663,0,0,1,0,0,20,15,0,53,0,1,0,0.780
7220,0.3740,0.9705,0.00,0.3740,0.9705,0,0,1,0,0,20,15,0,53,0,1,0,0.776
7230,0.3740,0.9748,0.00,0.3740,0.9748,0,0,1,0,0,20,15,0,53,0,1,0,0.772
7240,0.3740,0.9790,0.00,0.3740,0.9790,0,0,1,0,0,20,15,0,53,0,1,0,0.768
7250,0.3740,0.9832,0.00,0.3740,0.9832,0,0,1,0,0,20,15,0,53,0,1,0,0.763
7260,0.3740,0.9874,0.00,0.3740,0.9874,0,0,1,0,0,20,15,0,53,0,1,0,0.759
7270,0.3740,0.9916,0.00,0.3740,0.9916,0,0,1,0,0,20,15,0,53,0,1,0,0.755
7280,0.3740,0.9958,0.00,0.3740,0.9958,0,0,1,0,0,20,15,0,53,0,1,0,0.751
7290,0.3740,1.0001,0.00,0.3740,1.0001,0,0,1,0,0,20,15,0,53,0,1,0,0.746
7300,0.3740,1.0043,0.00,0.3740,1.0043,0,0,1,0,0,20,15,0,53,0,1,0,0.742
7310,0.3740,1.0085,0.00,0.3740,1.0085,0,0,1,0,0,20,15,0,53,0,1,0,0.738
7320,0.3740,1.0127,0.00,0.3740,1.0127,0,0,1,0,0,20,15,0,53,0,1,0,0.734
7330,0.3740,1.0169,0.00,0.3740,1.0169,0,0,1,0,0,20,15,0,53,0,1,0,0.730
7340,0.3740,1.0211,0.00,0.3740,1.0211,0,0,1,0,0,20,15,0,53,0,1,0,0.725
7350,0.3740,1.0254,0.00,0.3740,1.0254,0,0,1,0,0,20,15,0,53,0,1,0,0.721
7360,0.3740,1.0296,0.00,0.3740,1.0296,0,0,1,0,0,20,15,0,53,0,1,0,0.717
7370,0.3740,1.0338,0.00,0.3740,1.0338,0,0,1,0,0,20,15,0,53,0,1,0,0.713
7380,0.3740,1.0380,0.00,0.3740,1.0380,0,0,1,0,0,20,15,0,53,0,1,0,0.708
7390,0.3740,1.0422,0.00,0.3740,1.0422,0,0,1,0,0,20,15,0,53,0,1,0,0.704
7400,0.3740,1.0465,0.00,0.3740,1.0465,0,0,1,0,0,20,15,0,53,0,1,0,0.700
7410,0.3740,1.0507,0.00,0.3740,1.0507,0,0,1,0,0,20,15,0,53,0,1,0,0.696
7420,0.3740,1.0549,0.00,0.3740,1.0549,0,0,1,0,0,20,15,0,53,0,1,0,0.692
7430,0.3740,1.0591,0.00,0.3740,1.0591,0,0,1,0,0,20,15,0,53,0,1,0,0.687
7440,0.3740,1.0633,0.00,0.3740,1.0633,0,0,1,0,0,20,15,0,53,0,1,0,0.683
7450,0.3740,1.0675,0.00,0.3740,1.0675,0,0,1,0,0,20,15,0,53,0,1,0,0.679
7460,0.3740,1.0718,0.00,0.3740,1.0718,0,0,1,0,0,20,15,0,53,0,1,0,0.675
7470,0.3740,1.0760,0.00,0.3740,1.0760,0,0,1,0,0,20,15,0,53,0,1,0,0.671
7480,0.3740,1.0802,0.00,0.3740,1.0802,0,0,1,0,0,20,15,0,53,0,1,0,0.666
7490,0.3740,1.0844,0.00,0.3740,1.0844,0,0,1,0,0,20,15,0,53,0,1,0,0.662
7500,0.3740,1.0886,0.00,0.3740,1.0886,0,0,1,0,0,20,15,0,53,0,1,0,0.658
7510,0.3740,1.0929,0.00,0.3740,1.0929,0,0,1,0,0,20,15,0,53,0,1,0,0.654
7520,0.3740,1.0971,0.00,0.3740,1.0971,0,0,1,0,0,20,15,0,53,0,1,0,0.649
7530,0.3740,1.1013,0.00,0.3740,1.1013,0,0,1,0,0,20,15,0,53,0,1,0,0.645
7540,0.3740,1.1055,0.00,0.3740,1.1055,0,0,1,0,0,20,15,0,53,0,1,0,0.641
7550,0.3740,1.1097,0.00,0.3740,1.1097,0,0,1,0,0,20,15,0,53,0,1,0,0.637
7560,0.3740,1.1139,0.00,0.3740,1.1139,0,0,1,0,0,20,15,0,53,0,1,0,0.633
7570,0.3740,1.1182,0.00,0.3740,1.1182,0,0,1,0,0,20,15,0,53,0,1,0,0.628
7580,0.3740,1.1224,0.00,0.3740,1.1224,0,0,1,0,0,20,15,0,53,0,1,0,0.624
7590,0.3740,1.1266,0.00,0.3740,1.1266,0,0,1,0,0,20,15,0,53,0,1,0,0.620
7600,0.3740,1.1308,0.00,0.3740,1.1308,0,0,1,0,0,20,15,0,53,0,1,0,0.616
7610,0.3740,1.1350,0.00,0.3740,1.1350,0,0,1,0,0,20,15,0,53,0,1,0,0.611
7620,0.3740,1.1393,0.00,0.3740,1.1393,0,0,1,0,0,20,15,0,53,0,1,0,0.607
7630,0.3740,1.1435,0.00,0.3740,1.1435,0,0,1,0,0,20,15,0,53,0,1,0,0.603
7640,0.3740,1.1477,0.00,0.3740,1.1477,0,0,1,0,0,20,15,0,53,0,1,0,0.599
7650,0.3740,1.1519,0.00,0.3740,1.1519,0,0,1,0,0,20,15,0,53,0,1,0,0.595
7660,0.3740,1.1561,0.00,0.3740,1.1561,0,0,1,0,0,20,15,0,53,0,1,0,0.590
7670,0.3740,1.1603,0.00,0.3740,1.1603,0,0,1,0,0,20,15,0,53,0,1,0,0.586
7680,0.3740,1.1646,0.00,0.3740,1.1646,0,0,1,0,0,20,15,0,53,0,1,0,0.582
7690,0.3740,1.1688,0.00,0.3740,1.1688,0,0,1,0,0,20,15,0,53,0,1,0,0.578
7700,0.3740,1.1730,0.00,0.3740,1.1730,0,0,1,0,0,20,15,0,53,0,1,0,0.573
7710,0.3740,1.1772,0.00,0.3740,1.1772,0,0,1,0,0,20,15,0,53,0,1,0,0.569
7720,0.3740,1.1814,0.00,0.3740,1.1814,0,0,1,0,0,20,15,0,53,0,1,0,0.565
7730,0.3740,1.1857,0.00,0.3740,1.1857,0,0,1,0,0,20,15,0,53,0,1,0,0.561
7740,0.3740,1.1899,0.00,0.3740,1.1899,0,0,1,0,0,20,15,0,53,0,1,0,0.557
7750,0.3740,1.1941,0.00,0.3740,1.1941,0,0,1,0,0,20,15,0,53,0,1,0,0.552
7760,0.3740,1.1983,0.00,0.3740,1.1983,0,0,1,0,0,20,15,0,53,0,1,0,0.548
7770,0.3740,1.2025,0.00,0.3740,1.2025,0,0,1,0,0,20,15,0,53,0,1,0,0.544
7780,0.3740,1.2067,0.00,0.3740,1.2067,0,0,1,0,0,20,15,0,53,0,1,0,0.540
7790,0.3740,1.2110,0.00,0.3740,1.2110,0,0,1,0,0,20,15,0,53,0,1,0,0.536
7800,0.3740,1.2152,0.00,0.3740,1.2152,0,0,1,0,0,20,15,0,53,0,1,0,0.531
7810,0.3740,1.2194,0.00,0.3740,1.2194,0,0,1,0,0,20,15,0,53,0,1,0,0.527
7820,0.3740,1.2236,0.00,0.3740,1.2236,0,0,1,0,0,20,15,0,53,0,1,0,0.523
7830,0.3740,1.2278,0.00,0.3740,1.2278,0,0,1,0,0,20,15,0,53,0,1,0,0.519
7840,0.3740,1.2321,0.00,0.3740,1.2321,0,0,1,0,0,20,15,0,53,0,1,0,0.514
7850,0.3740,1.2363,0.00,0.3740,1.2363,0,0,1,0,0,20,15,0,53,0,1,0,0.510
7860,0.3740,1.2405,0.00,0.3740,1.2405,0,0,1,0,0,20,15,0,53,0,1,0,0.506
7870,0.3740,1.2447,0.00,0.3740,1.2447,0,0,1,0,0,20,15,0,53,0,1,0,0.502
7880,0.3740,1.2489,0.00,0.3740,1.2489,0,0,1,0,0,20,15,0,53,0,1,0,0.498
7890,0.3740,1.2531,0.00,0.3740,1.2531,0,0,1,0,0,20,15,0,53,0,1,0,0.493
7900,0.3740,1.2574,0.00,0.3740,1.2574,0,0,1,0,0,20,15,0,53,0,1,0,0.489
7910,0.3740,1.2616,0.00,0.3740,1.2616,0,0,1,0,0,20,15,0,53,0,1,0,0.485
7920,0.3740,1.2658,0.00,0.3740,1.2658,0,0,1,0,0,20,15,0,53,0,1,0,0.481
7930,0.3740,1.2700,0.00,0.3740,1.2700,0,0,1,0,0,20,15,0,53,0,1,0,0.476
7940,0.3740,1.2742,0.00,0.3740,1.2742,0,0,1,0,0,20,15,0,53,0,1,0,0.472
7950,0.3740,1.2785,0.00,0.3740,1.2785,0,0,1,0,0,20,15,0,53,0,1,0,0.468
7960,0.3740,1.2827,0.00,0.3740,1.2827,0,0,1,0,0,20,15,0,53,0,1,0,0.464
7970,0.3740,1.2869,0.00,0.3740,1.2869,0,0,1,0,0,20,15,0,53,0,1,0,0.460
7980,0.3740,1.2911,0.00,0.3740,1.2911,0,0,1,0,0,20,15,0,53,0,1,0,0.455
7990,0.3740,1.2953,0.00,0.3740,1.2953,0,0,1,0,0,20,15,0,53,0,1,0,0.451
8000,0.3740,1.2995,0.00,0.3740,1.2995,0,0,1,0,0,20,15,0,53,0,1,0,0.447
8010,0.3740,1.3038,0.00,0.3740,1.3038,0,0,1,0,0,20,15,0,53,0,1,0,0.443
8020,0.3740,1.3080,0.00,0.3740,1.3080,0,0,1,0,0,20,15,0,53,0,1,0,0.439
8030,0.3740,1.3122,0.00,0.3740,1.3122,0,0,1,0,0,20,15,0,53,0,1,0,0.434
8040,0.3740,1.3164,0.00,0.3740,1.3164,0,0,1,0,0,20,15,0,53,0,1,0,0.430
8050,0.3740,1.3206,0.00,0.3740,1.3206,0,0,1,0,0,20,15,0,53,0,1,0,0.426
8060,0.3740,1.3249,0.00,0.3740,1.3249,0,0,1,0,0,20,15,0,53,0,1,0,0.422
8070,0.3740,1.3291,0.00,0.3740,1.3291,0,0,1,0,0,20,15,0,53,0,1,0,0.417
8080,0.3740,1.3333,0.00,0.3740,1.3333,0,0,1,0,0,20,15,0,53,0,1,0,0.413
8090,0.3740,1.3375,0.00,0.3740,1.3375,0,0,1,0,0,20,15,0,53,0,1,0,0.409
8100,0.3740,1.3417,0.00,0.3740,1.3417,0,0,1,0,0,20,15,0,53,0,1,0,0.405
8110,0.3740,1.3459,0.00,0.3740,1.3459,0,0,1,0,0,20,15,0,53,0,1,0,0.401
8120,0.3740,1.3502,0.00,0.3740,1.3502,0,0,1,0,0,20,15,0,53,0,1,0,0.396
8130,0.3740,1.3544,0.00,0.3740,1.3544,0,0,1,0,0,20,15,0,53,0,1,0,0.392
8140,0.3740,1.3586,0.00,0.3740,1.3586,0,0,1,0,0,20,15,0,53,0,1,0,0.388
8150,0.3740,1.3628,0.00,0.3740,1.3628,0,0,1,0,0,20,15,0,53,0,1,0,0.384
8160,0.3740,1.3670,0.00,0.3740,1.3670,0,0,1,0,0,20,15,0,53,0,1,0,0.379
8170,0.3740,1.3713,0.00,0.3740,1.3713,0,0,1,0,0,20,15,0,53,0,1,0,0.375
8180,0.3740,1.3755,0.00,0.3740,1.3755,0,0,1,0,0,20,15,0,53,0,1,0,0.371
8190,0.3740,1.3797,0.00,0.3740,1.3797,0,0,1,0,0,20,15,0,53,0,1,0,0.367
8200,0.3740,1.3839,0.00,0.3740,1.3839,0,0,1,0,0,20,15,0,53,0,1,0,0.363
8210,0.3740,1.3881,0.00,0.3740,1.3881,0,0,1,0,0,20,15,0,53,0,1,0,0.358
8220,0.3740,1.3923,0.00,0.3740,1.3923,0,0,1,0,0,20,15,0,53,0,1,0,0.354
8230,0.3740,1.3966,0.00,0.3740,1.3966,0,0,1,0,0,20,15,0,53,0,1,0,0.350
8240,0.3740,1.4008,0.00,0.3740,1.4008,0,0,1,0,0,20,15,0,53,0,1,0,0.346
8250,0.3740,1.4050,0.00,0.3740,1.4050,0,0,1,0,0,20,15,0,53,0,1,0,0.342
8260,0.3740,1.4092,0.00,0.3740,1.4092,0,0,1,0,0,20,15,0,53,0,1,0,0.337
8270,0.3740,1.4134,0.00,0.3740,1.4134,0,0,1,0,0,20,15,0,53,0,1,0,0.333
8280,0.3740,1.4177,0.00,0.3740,1.4177,0,0,1,0,0,20,15,0,53,0,1,0,0.329
8290,0.3740,1.4219,0.00,0.3740,1.4219,0,0,1,0,0,20,15,0,53,0,1,0,0.325
8300,0.3740,1.4261,0.00,0.3740,1.4261,0,0,1,0,0,20,15,0,53,0,1,0,0.320
8310,0.3740,1.4303,0.00,0.3740,1.4303,0,0,1,0,0,20,15,0,53,0,1,0,0.316
8320,0.3740,1.4345,0.00,0.3740,1.4345,0,0,1,0,0,20,15,0,53,0,1,0,0.312
8330,0.3740,1.4387,0.00,0.3740,1.4387,0,0,1,0,0,20,15,0,53,0,1,0,0.308
8340,0.3740,1.4430,0.00,0.3740,1.4430,0,0,1,0,0,20,15,0,53,0,1,0,0.304
8350,0.3740,1.4472,0.00,0.3740,1.4472,0,0,1,0,0,20,15,0,53,0,1,0,0.299
8360,0.3740,1.4514,0.00,0.3740,1.4514,0,0,1,0,0,20,15,0,53,0,1,0,0.295
8370,0.3740,1.4556,0.00,0.3740,1.4556,0,0,1,0,0,20,15,0,53,0,1,0,0.291
8380,0.3740,1.4598,0.00,0.3740,1.4598,0,0,1,0,0,20,15,0,53,0,1,0,0.287
8390,0.3740,1.4641,0.00,0.3740,1.4641,0,0,1,0,0,20,15,0,53,0,1,0,0.282
8400,0.3740,1.4683,0.00,0.3740,1.4683,0,0,1,0,0,20,15,0,53,0,1,0,0.278
8410,0.3740,1.4725,0.00,0.3740,1.4725,0,0,1,0,0,20,15,0,53,0,1,0,0.274
8420,0.3740,1.4767,0.00,0.3740,1.4767,0,0,1,0,0,20,15,0,53,0,1,0,0.270
8430,0.3740,1.4809,0.00,0.3740,1.4809,0,0,1,0,0,20,15,0,53,0,1,0,0.266
8440,0.3740,1.4851,0.00,0.3740,1.4851,0,0,1,0,0,20,15,0,53,0,1,0,0.261
8450,0.3740,1.4894,0.00,0.3740,1.4894,0,0,1,0,0,20,15,0,53,0,1,0,0.257
8460,0.3740,1.4936,0.00,0.3740,1.4936,0,0,1,0,0,20,15,0,53,0,1,0,0.253
8470,0.3740,1.4978,0.00,0.3740,1.4978,0,0,1,0,0,20,15,0,53,0,1,0,0.249
8480,0.3740,1.5020,0.00,0.3740,1.5020,0,0,1,0,0,20,15,0,53,0,1,0,0.244
8490,0.3740,1.5062,0.00,0.3740,1.5062,0,0,1,0,0,20,15,0,53,0,1,0,0.240
8500,0.3740,1.5105,0.00,0.3740,1.5105,0,0,1,0,0,20,15,0,53,0,1,0,0.236
8510,0.3740,1.5147,0.00,0.3740,1.5147,0,0,1,0,0,20,15,0,53,0,1,0,0.232
8520,0.3740,1.5189,0.00,0.3740,1.5189,0,0,1,0,0,20,15,0,53,0,1,0,0.228
8530,0.3740,1.5231,0.00,0.3740,1.5231,0,0,1,0,0,20,15,0,53,0,1,0,0.223
8540,0.3740,1.5273,0.00,0.3740,1.5273,0,0,1,0,0,20,15,0,53,0,1,0,0.219
8550,0.3740,1.5315,0.00,0.3740,1.5315,0,0,1,0,0,20,15,0,53,0,1,0,0.215
8560,0.3740,1.5358,0.00,0.3740,1.5358,0,0,1,0,0,20,15,0,53,0,1,0,0.211
8570,0.3740,1.5400,0.00,0.3740,1.5400,0,0,1,0,0,20,15,0,53,0,1,0,0.207
8580,0.3740,1.5442,0.00,0.3740,1.5442,0,0,1,0,0,20,15,0,53,0,1,0,0.202
8590,0.3740,1.5484,0.00,0.3740,1.5484,0,0,1,0,0,20,15,0,53,0,1,0,0.198
8600,0.3740,1.5526,0.00,0.3740,1.5526,0,0,1,0,0,20,15,0,53,0,1,0,0.194
8610,0.3740,1.5569,0.00,0.3740,1.5569,0,0,1,0,0,20,15,0,53,0,1,0,0.190
8620,0.3740,1.5611,0.00,0.3740,1.5611,0,0,1,0,0,20,15,0,53,0,1,0,0.185
8630,0.3740,1.5653,0.00,0.3740,1.5653,0,0,1,0,0,20,15,0,53,0,1,0,0.181
8640,0.3740,1.5695,0.00,0.3740,1.5695,0,0,1,0,0,20,15,0,53,0,1,0,0.177
8650,0.3740,1.5737,0.00,0.3740,1.5737,0,0,1,0,0,20,15,0,53,0,1,0,0.173
8660,0.3740,1.5779,0.00,0.3740,1.5779,0,0,1,0,0,20,15,0,53,0,1,0,0.169
8670,0.3740,1.5822,0.00,0.3740,1.5822,0,0,1,0,0,20,15,0,53,0,1,0,0.164
8680,0.3740,1.5864,0.00,0.3740,1.5864,0,0,1,0,0,20,15,0,53,0,1,0,0.160
8690,0.3740,1.5906,0.00,0.3740,1.5906,0,0,1,0,0,20,15,0,53,1,1,0,0.156
8700,0.3740,1.5948,0.00,0.3740,1.5948,0,0,1,0,0,20,15,0,53,1,1,0,0.152
8710,0.3740,1.5990,0.00,0.3740,1.5990,0,0,1,0,0,20,15,0,53,1,1,0,0.147
8720,0.3740,1.6032,0.00,0.3740,1.6032,1,0,0,0,0,20,15,0,0,0,0,0,1000.000
8730,0.3740,1.6072,0.00,0.3740,1.6072,1,0,0,0,0,20,15,0,0,0,0,0,1000.000
8740,0.3740,1.6109,0.00,0.3740,1.6109,1,0,0,0,0,20,15,0,0,0,0,0,1000.000
8750,0.3740,1.6145,0.00,0.3740,1.6145,1,0,0,0,0,20,15,0,0,0,0,0,1000.000
8760,0.3740,1.6179,0.00,0.3740,1.6179,1,0,0,0,0,20,15,0,0,0,0,0,1000.000
8770,0.3740,1.6210,0.00,0.3740,1.6210,1,0,0,0,0,20,15,0,0,0,0,0,1000.000
8780,0.3740,1.6240,0.00,0.3740,1.6240,1,0,0,0,0,20,15,0,0,0,0,0,1000.000
8790,0.3740,1.6268,0.00,0.3740,1.6268,1,0,0,0,0,20,15,0,0,0,0,0,1000.000
8800,0.3740,1.6293,0.00,0.3740,1.6293,1,0,1,0,0,20,15,0,0,0,0,0,1000.000
8810,0.3740,1.6317,0.00,0.3740,1.6317,1,0,1,0,0,20,15,0,0,0,0,0,1000.000
8820,0.3740,1.6339,0.00,0.3740,1.6339,1,0,1,0,0,20,15,0,0,0,0,0,1000.000
8830,0.3740,1.6358,0.00,0.3740,1.6358,1,0,1,0,0,20,15,0,0,0,0,0,1000.000
8840,0.3740,1.6376,0.00,0.3740,1.6376,1,0,1,0,0,20,15,0,0,0,0,0,1000.000
8850,0.3740,1.6392,0.00,0.3740,1.6392,1,0,1,0,0,20,15,150,0,0,0,0,2.356
8860,0.3740,1.6405,0.00,0.3740,1.6405,1,0,1,0,0,20,15,150,0,0,0,0,2.356
8870,0.3740,1.6417,0.00,0.3740,1.6417,1,0,1,0,0,20,15,150,0,0,0,0,2.356
8880,0.3740,1.6427,0.00,0.3740,1.6427,1,0,1,0,0,20,15,150,0,0,0,0,2.356
8890,0.3742,1.6437,0.00,0.3742,1.6437,1,0,1,0,0,20,15,150,0,0,0,0,2.356
8900,0.3746,1.6447,0.00,0.3746,1.6447,1,0,1,0,0,20,15,150,0,0,0,0,2.355
8910,0.3753,1.6456,0.00,0.3753,1.6456,1,0,1,0,0,20,15,150,0,0,0,0,2.355
8920,0.3761,1.6466,0.00,0.3761,1.6466,1,0,1,0,0,20,15,150,0,0,0,0,2.354
8930,0.3771,1.6476,0.00,0.3771,1.6476,1,0,1,0,0,20,15,150,0,0,0,0,2.353
8940,0.3783,1.6486,0.00,0.3783,1.6486,1,0,1,0,0,20,15,150,0,0,0,0,2.352
8950,0.3797,1.6495,0.00,0.3797,1.6495,1,0,1,0,0,20,15,150,0,0,0,0,2.350
8960,0.3813,1.6505,0.00,0.3813,1.6505,1,0,1,0,0,20,15,150,0,0,0,0,2.349
8970,0.3831,1.6515,-0.00,0.3831,1.6515,1,0,1,0,0,20,15,150,0,0,0,0,2.347
8980,0.3851,1.6525,-0.00,0.3851,1.6525,1,0,1,0,0,20,15,150,0,0,0,0,2.345
8990,0.3873,1.6535,-0.00,0.3873,1.6535,1,0,1,0,0,20,15,150,0,0,0,0,2.343
9000,0.3897,1.6544,-0.00,0.3897,1.6544,1,0,1,0,0,19,15,150,0,0,0,0,2.340
9010,0.3923,1.6554,-0.00,0.3923,1.6554,1,0,1,0,0,19,15,150,0,0,0,0,2.338
9020,0.3951,1.6564,-0.00,0.3951,1.6564,1,0,1,0,0,19,15,150,0,0,0,0,2.335
9030,0.3982,1.6574,0.00,0.3982,1.6574,1,0,1,0,0,19,15,150,0,0,0,0,2.332
9040,0.4014,1.6583,0.00,0.4014,1.6583,1,0,1,0,0,19,15,150,0,0,0,0,2.329
9050,0.4048,1.6593,0.00,0.4048,1.6593,1,0,1,0,0,19,15,150,0,0,0,0,2.325
9060,0.4084,1.6603,0.00,0.4084,1.6603,1,0,1,0,0,19,15,150,0,0,0,0,2.322
9070,0.4122,1.6613,0.00,0.4122,1.6613,1,0,1,0,0,19,15,150,0,0,0,0,2.318
9080,0.4162,1.6622,-0.00,0.4162,1.6622,1,0,1,0,0,19,15,150,0,0,0,0,2.314
9090,0.4204,1.6632,0.00,0.4204,1.6632,1,0,1,0,0,19,15,150,0,0,0,0,2.310
9100,0.4248,1.6642,0.00,0.4248,1.6642,1,0,1,0,0,18,16,150,0,0,0,0,2.305
9110,0.4294,1.6652,0.00,0.4294,1.6652,1,0,1,0,0,18,16,150,0,0,0,0,2.301
9120,0.4342,1.6661,0.00,0.4342,1.6661,1,0,1,0,0,18,16,150,0,0,0,0,2.296
9130,0.4392,1.6671,0.00,0.4392,1.6671,1,0,1,0,0,18,16,150,0,0,0,0,2.291
9140,0.4444,1.6681,-0.00,0.4444,1.6681,1,0,1,0,0,18,16,150,0,0,0,0,2.286
9150,0.4499,1.6691,0.00,0.4499,1.6691,1,0,1,0,0,18,18,150,0,0,0,0,2.280
9160,0.4555,1.6701,-0.00,0.4555,1.6701,1,0,1,0,0,18,18,150,0,0,0,0,2.275
9170,0.4613,1.6710,-0.00,0.4613,1.6710,1,0,1,0,0,18,18,150,0,0,0,0,2.269
9180,0.4673,1.6720,0.00,0.4673,1.6720,1,0,1,0,0,18,18,150,0,0,0,0,2.263
9190,0.4735,1.6730,0.00,0.4735,1.6730,1,0,1,0,0,18,18,150,0,0,0,0,2.257
9200,0.4799,1.6740,0.00,0.4799,1.6740,1,0,1,0,0,17,20,150,0,0,0,0,2.250
9210,0.4865,1.6749,0.00,0.4865,1.6749,1,0,1,0,0,17,20,150,0,0,0,0,2.243
9220,0.4933,1.6759,-0.00,0.4933,1.6759,1,0,1,0,0,17,20,150,0,0,0,0,2.237
9230,0.5003,1.6769,-0.00,0.5003,1.6769,1,0,1,0,0,17,20,150,0,0,0,0,2.230
9240,0.5075,1.6779,-0.00,0.5075,1.6779,1,0,1,0,0,17,20,150,0,0,0,0,2.222
9250,0.5149,1.6788,-0.00,0.5149,1.6788,1,0,1,0,0,17,20,150,0,0,0,0,2.215
9260,0.5225,1.6798,0.00,0.5225,1.6798,1,0,1,0,0,17,20,150,0,0,0,0,2.207
9270,0.5304,1.6808,0.00,0.5304,1.6808,1,0,1,0,0,17,20,150,0,0,0,0,2.200
9280,0.5384,1.6818,0.00,0.5384,1.6818,1,0,1,0,0,17,20,150,0,0,0,0,2.192
9290,0.5466,1.6827,0.00,0.5466,1.6827,1,0,1,0,0,17,20,150,0,0,0,0,2.183
9300,0.5550,1.6837,0.00,0.5550,1.6837,1,0,1,0,0,16,20,150,0,0,0,0,2.175
9310,0.5636,1.6847,-0.00,0.5636,1.6847,1,0,1,0,0,16,20,150,0,0,0,0,2.166
9320,0.5724,1.6857,-0.00,0.5724,1.6857,1,0,1,0,0,16,20,150,0,0,0,0,2.158
9330,0.5814,1.6867,0.00,0.5814,1.6867,1,0,1,0,0,16,20,150,0,0,0,0,2.149
9340,0.5906,1.6876,0.00,0.5906,1.6876,1,0,1,0,0,16,20,150,0,0,0,0,2.139
9350,0.6000,1.6886,0.00,0.6000,1.6886,1,0,1,0,0,16,20,150,0,0,0,0,2.130
9360,0.6096,1.6896,0.00,0.6096,1.6896,1,0,1,0,0,16,20,150,0,0,0,0,2.120
9370,0.6194,1.6906,0.00,0.6194,1.6906,1,0,1,0,0,16,20,150,0,0,0,0,2.111
9380,0.6294,1.6915,0.00,0.6294,1.6915,1,0,1,0,0,16,20,150,0,0,0,0,2.101
9390,0.6397,1.6925,0.00,0.6397,1.6925,1,0,1,0,0,16,20,150,0,0,0,0,2.090
9400,0.6501,1.6935,-0.00,0.6501,1.6935,1,0,1,0,0,15,20,150,0,0,0,0,2.080
9410,0.6607,1.6945,-0.00,0.6607,1.6945,1,0,1,0,0,15,20,150,0,0,0,0,2.069
9420,0.6715,1.6954,0.00,0.6715,1.6954,1,0,1,0,0,15,20,150,0,0,0,0,2.059
9430,0.6825,1.6964,0.00,0.6825,1.6964,1,0,1,0,0,15,20,150,0,0,0,0,2.048
9440,0.6935,1.6972,0.00,0.6935,1.6972,1,0,1,0,0,15,20,150,0,0,0,0,2.036
9450,0.7047,1.6980,0.00,0.7047,1.6980,1,0,1,0,0,15,20,150,0,0,0,0,2.025
9460,0.7160,1.6987,0.00,0.7160,1.6987,1,0,1,0,0,15,20,150,0,0,0,0,2.014
9470,0.7274,1.6992,0.00,0.7274,1.6992,1,0,1,0,0,15,20,150,0,0,0,0,2.003
9480,0.7389,1.6997,0.00,0.7389,1.6997,1,0,1,0,0,15,20,150,0,0,0,0,1.991
9490,0.7505,1.7000,0.00,0.7505,1.7000,1,0,1,0,0,15,20,150,0,0,0,0,1.980
9500,0.7622,1.7003,0.00,0.7622,1.7003,1,0,1,0,0,14,20,150,0,0,0,0,1.968
9510,0.7739,1.7004,0.00,0.7739,1.7004,1,0,1,0,0,14,20,150,0,0,0,0,1.956
9520,0.7858,1.7005,0.00,0.7858,1.7005,1,0,1,0,0,14,20,150,0,0,0,0,1.944
9530,0.7978,1.7005,0.00,0.7978,1.7005,1,0,1,0,0,14,20,150,0,0,0,0,1.932
9540,0.8097,1.7005,0.00,0.8097,1.7005,1,0,1,0,0,14,20,150,0,0,0,0,1.920
9550,0.8216,1.7005,0.00,0.8216,1.7005,1,0,1,0,0,14,20,150,0,0,0,0,1.908
9560,0.8336,1.7005,0.00,0.8336,1.7005,1,0,1,0,0,14,20,150,0,0,0,0,1.896
9570,0.8455,1.7005,0.00,0.8455,1.7005,1,0,1,0,0,14,20,150,0,0,0,0,1.884
9580,0.8575,1.7005,0.00,0.8575,1.7005,1,0,1,0,0,14,20,150,0,0,0,0,1.873
9590,0.8694,1.7005,0.00,0.8694,1.7005,1,0,1,0,0,14,20,150,0,0,0,0,1.861
9600,0.8813,1.7005,0.00,0.8813,1.7005,1,0,1,0,0,14,20,150,0,0,0,0,1.849
9610,0.8933,1.7005,0.00,0.8933,1.7005,1,0,1,0,0,14,20,150,0,0,0,0,1.837
9620,0.9052,1.7005,0.00,0.9052,1.7005,1,0,1,0,0,14,20,150,0,0,0,0,1.825
9630,0.9171,1.7005,0.00,0.9171,1.7005,1,0,1,0,0,14,20,150,0,0,0,0,1.813
9640,0.9291,1.7005,0.00,0.9291,1.7005,1,0,1,0,0,14,20,150,0,0,0,0,1.801
9650,0.9410,1.7005,0.00,0.9410,1.7005,1,0,1,0,0,14,20,150,0,0,0,0,1.789
9660,0.9530,1.7005,0.00,0.9530,1.7005,1,0,1,0,0,14,20,150,0,0,0,0,1.777
9670,0.9649,1.7005,0.00,0.9649,1.7005,1,0,1,0,0,14,20,150,0,0,0,0,1.765
9680,0.9768,1.7005,0.00,0.9768,1.7005,1,0,1,0,0,14,20,150,0,0,0,0,1.753
9690,0.9888,1.7005,0.00,0.9888,1.7005,1,0,1,0,0,14,20,150,0,0,0,0,1.741
9700,1.0007,1.7005,0.00,1.0007,1.7005,1,0,1,0,0,14,20,150,0,0,0,0,1.729
9710,1.0126,1.7005,0.00,1.0127,1.7005,1,0,1,0,0,14,20,150,0,0,0,0,1.717
9720,1.0246,1.7005,0.00,1.0246,1.7005,1,0,1,0,0,14,20,150,0,0,0,0,1.705
9730,1.0365,1.7005,0.00,1.0365,1.7005,1,0,1,0,0,14,20,150,0,0,0,0,1.693
9740,1.0485,1.7005,0.00,1.0485,1.7005,1,0,1,0,0,14,20,150,0,0,0,0,1.682
9750,1.0604,1.7005,0.00,1.0604,1.7005,1,0,1,0,0,14,20,150,0,0,0,0,1.670
9760,1.0723,1.7005,0.00,1.0723,1.7005,1,0,1,0,0,14,20,150,0,0,0,0,1.658
9770,1.0843,1.7005,0.00,1.0843,1.7005,1,0,1,0,0,14,20,150,0,0,0,0,1.646
9780,1.0962,1.7005,0.00,1.0962,1.7005,1,0,1,0,0,14,20,150,0,0,0,0,1.634
9790,1.1082,1.7005,0.00,1.1082,1.7005,1,0,1,0,0,14,20,150,0,0,0,0,1.622
9800,1.1201,1.7005,0.00,1.1201,1.7005,1,0,1,0,0,14,20,150,0,0,0,0,1.610
9810,1.1320,1.7005,0.00,1.1320,1.7005,1,0,1,0,0,14,20,150,0,0,0,0,1.598
9820,1.1440,1.7005,0.00,1.1440,1.7005,1,0,1,0,0,14,20,150,0,0,0,0,1.586
9830,1.1559,1.7005,0.00,1.1559,1.7005,1,0,1,0,0,14,20,150,0,0,0,0,1.574
9840,1.1678,1.7005,0.00,1.1678,1.7005,1,0,1,0,0,14,20,150,0,0,0,0,1.562
9850,1.1798,1.7005,0.00,1.1798,1.7005,1,0,1,0,0,14,20,150,0,0,0,0,1.550
9860,1.1917,1.7005,0.00,1.1917,1.7005,1,0,1,0,0,14,20,150,0,0,0,0,1.538
9870,1.2037,1.7005,0.00,1.2037,1.7005,1,0,1,0,0,14,20,150,0,0,0,0,1.526
9880,1.2156,1.7005,0.00,1.2156,1.7005,1,0,1,0,0,14,20,150,0,0,0,0,1.514
9890,1.2275,1.7005,0.00,1.2275,1.7005,1,0,1,0,0,14,20,150,0,0,0,0,1.502
9900,1.2395,1.7005,0.00,1.2395,1.7005,1,0,1,0,0,14,20,150,0,0,0,0,1.491
9910,1.2514,1.7005,0.00,1.2514,1.7005,1,0,1,0,0,14,20,150,0,0,0,0,1.479
9920,1.2633,1.7005,0.00,1.2633,1.7005,1,0,1,0,0,14,20,150,0,0,0,0,1.467
9930,1.2753,1.7005,0.00,1.2753,1.7005,1,0,1,0,0,14,20,150,0,0,0,0,1.455
9940,1.2872,1.7005,0.00,1.2872,1.7005,1,0,1,0,0,14,20,150,0,0,0,0,1.443
9950,1.2992,1.7005,0.00,1.2992,1.7005,1,0,1,0,0,14,20,150,0,0,0,0,1.431
9960,1.3111,1.7005,0.00,1.3111,1.7005,1,0,1,0,0,14,20,150,0,0,0,0,1.419
9970,1.3230,1.7005,0.00,1.3230,1.7005,1,0,1,0,0,14,20,150,0,0,0,0,1.407
9980,1.3350,1.7005,0.00,1.3350,1.7005,1,0,1,0,0,14,20,150,0,0,0,0,1.395
9990,1.3469,1.7005,0.00,1.3469,1.7005,1,0,1,0,0,14,20,150,0,0,0,0,1.383
10000,1.3589,1.7005,0.00,1.3589,1.7005,1,0,1,0,0,14,20,150,0,0,0,0,1.371
10010,1.3708,1.7005,0.00,1.3708,1.7005,1,0,1,0,0,14,20,150,0,0,0,0,1.359
10020,1.3827,1.7005,0.00,1.3827,1.7005,1,0,1,0,0,14,20,150,0,0,0,0,1.347
10030,1.3947,1.7005,0.00,1.3947,1.7005,1,0,1,0,0,14,20,150,0,0,0,0,1.335
10040,1.4066,1.7005,0.00,1.4066,1.7005,1,0,1,0,0,14,20,150,0,0,0,0,1.323
10050,1.4185,1.7005,0.00,1.4185,1.7005,1,0,1,0,0,14,20,150,0,0,0,0,1.311
10060,1.4305,1.7005,0.00,1.4305,1.7005,1,0,1,0,0,14,20,150,0,0,0,0,1.300
10070,1.4424,1.7005,0.00,1.4424,1.7005,1,0,1,0,0,14,20,150,0,0,0,0,1.288
10080,1.4544,1.7005,0.00,1.4544,1.7005,1,0,1,0,0,14,20,150,0,0,0,0,1.276
10090,1.4663,1.7005,0.00,1.4663,1.7005,1,0,1,0,0,14,20,150,0,0,0,0,1.264
10100,1.4782,1.7005,0.00,1.4782,1.7005,1,0,1,0,0,14,20,150,0,0,0,0,1.252
10110,1.4902,1.7005,0.00,1.4902,1.7005,1,0,1,0,0,14,20,150,0,0,0,0,1.240
10120,1.5021,1.7005,0.00,1.5021,1.7005,1,0,1,0,0,14,20,150,0,0,0,0,1.228
10130,1.5140,1.7005,0.00,1.5140,1.7005,1,0,1,0,0,14,20,150,0,0,0,0,1.216
10140,1.5260,1.7005,0.00,1.5260,1.7005,1,0,1,0,0,14,20,150,0,0,0,0,1.204
10150,1.5379,1.7005,0.00,1.5379,1.7005,1,0,1,0,0,14,20,150,0,0,0,0,1.192
10160,1.5499,1.7005,0.00,1.5499,1.7005,1,0,1,0,0,14,20,150,0,0,0,0,1.180
10170,1.5618,1.7005,0.00,1.5618,1.7005,1,0,1,0,0,14,20,150,0,0,0,0,1.168
10180,1.5737,1.7005,0.00,1.5737,1.7005,1,0,1,0,0,14,20,150,0,0,0,0,1.156
10190,1.5857,1.7005,0.00,1.5857,1.7005,1,0,1,0,0,14,20,150,0,0,0,0,1.144
10200,1.5976,1.7005,0.00,1.5976,1.7005,1,0,1,0,0,14,20,150,0,0,0,0,1.132
10210,1.6096,1.7005,0.00,1.6096,1.7005,1,0,1,0,0,14,20,150,0,0,0,0,1.120
10220,1.6215,1.7005,0.00,1.6215,1.7005,1,0,1,0,0,14,20,150,0,0,0,0,1.109
10230,1.6334,1.7005,0.00,1.6334,1.7005,1,0,1,0,0,14,20,150,0,0,0,0,1.097
10240,1.6454,1.7005,0.00,1.6454,1.7005,1,0,1,0,0,14,20,150,0,0,0,0,1.085
10250,1.6573,1.7005,0.00,1.6573,1.7005,1,0,1,0,0,14,20,150,0,0,0,0,1.073
10260,1.6692,1.7005,0.00,1.6692,1.7005,1,0,1,0,0,14,20,150,0,0,0,0,1.061
10270,1.6812,1.7005,0.00,1.6812,1.7005,1,0,1,0,0,14,20,150,0,0,0,0,1.049
10280,1.6931,1.7005,0.00,1.6931,1.7005,1,0,1,0,0,14,20,150,0,0,0,0,1.037
10290,1.7051,1.7005,0.00,1.7051,1.7005,1,0,1,0,0,14,20,150,0,0,0,0,1.025
10300,1.7170,1.7005,0.00,1.7170,1.7005,1,0,1,0,0,14,20,150,0,0,0,0,1.013
10310,1.7289,1.7005,0.00,1.7289,1.7005,1,0,1,0,0,14,20,150,0,0,0,0,1.001
10320,1.7409,1.7005,0.00,1.7409,1.7005,1,0,1,0,0,14,20,150,0,0,0,0,0.989
10330,1.7528,1.7005,0.00,1.7528,1.7005,1,0,1,0,0,14,20,150,0,0,0,0,0.977
10340,1.7647,1.7005,0.00,1.7647,1.7005,1,0,1,0,0,14,20,150,0,0,0,0,0.965
10350,1.7767,1.7005,0.00,1.7767,1.7005,1,0,1,0,0,14,20,150,0,0,0,0,0.953
10360,1.7886,1.7005,0.00,1.7886,1.7005,1,0,1,0,0,14,20,150,0,0,0,0,0.941
10370,1.8006,1.7005,0.00,1.8006,1.7005,1,0,1,0,0,14,20,150,0,0,0,0,0.929
10380,1.8125,1.7005,0.00,1.8125,1.7005,1,0,1,0,0,14,20,150,0,0,0,0,0.918
10390,1.8244,1.7005,0.00,1.8244,1.7005,1,0,1,0,0,14,20,150,0,0,0,0,0.906
10400,1.8364,1.7005,0.00,1.8364,1.7005,1,0,1,0,0,14,20,150,0,0,0,0,0.894
10410,1.8483,1.7005,0.00,1.8483,1.7005,1,0,1,0,0,14,20,150,0,0,0,0,0.882
10420,1.8603,1.7005,0.00,1.8603,1.7005,1,0,1,0,0,14,20,150,0,0,0,0,0.870
10430,1.8722,1.7005,0.00,1.8722,1.7005,1,0,1,0,0,14,20,150,0,0,0,0,0.858
10440,1.8841,1.7005,0.00,1.8841,1.7005,1,0,1,0,0,14,20,150,0,0,0,0,0.846
10450,1.8961,1.7005,0.00,1.8961,1.7005,1,0,1,0,0,14,20,150,0,0,0,0,0.834
10460,1.9080,1.7005,0.00,1.9080,1.7005,1,0,1,0,0,14,20,150,0,0,0,0,0.822
10470,1.9199,1.7005,0.00,1.9199,1.7005,1,0,1,0,0,14,20,150,0,0,0,0,0.810
10480,1.9319,1.7005,0.00,1.9319,1.7005,1,0,1,0,0,14,20,150,0,0,0,0,0.798
10490,1.9438,1.7005,0.00,1.9438,1.7005,1,0,1,0,0,14,20,150,0,0,0,0,0.786
10500,1.9558,1.7005,0.00,1.9558,1.7005,1,0,1,0,0,14,20,150,0,0,0,0,0.774
10510,1.9677,1.7005,0.00,1.9677,1.7005,1,0,1,0,0,14,20,150,0,0,0,0,0.762
10520,1.9796,1.7005,0.00,1.9796,1.7005,1,0,1,0,0,14,20,150,0,0,0,0,0.750
10530,1.9916,1.7005,0.00,1.9916,1.7005,1,0,1,0,0,14,20,150,0,0,0,0,0.738
10540,2.0035,1.7005,0.00,2.0035,1.7005,1,0,1,0,0,14,20,150,0,0,0,0,0.726
10550,2.0154,1.7005,0.00,2.0154,1.7005,1,0,1,0,0,14,20,75,0,0,0,0,0.715
10560,2.0273,1.7005,0.00,2.0273,1.7005,1,0,1,0,0,14,20,75,0,0,0,0,0.703
10570,2.0389,1.7005,0.00,2.0389,1.7005,1,0,1,0,0,14,20,75,0,0,0,0,0.691
10580,2.0503,1.7005,0.00,2.0503,1.7005,1,0,1,0,0,14,20,75,0,0,0,0,0.680
10590,2.0616,1.7005,0.00,2.0616,1.7005,1,0,1,0,0,14,20,75,0,0,0,0,0.668
10600,2.0726,1.7005,0.00,2.0726,1.7005,1,0,1,0,0,14,20,75,0,0,0,0,0.657
10610,2.0834,1.7005,0.00,2.0834,1.7005,1,0,1,0,0,14,20,75,0,0,0,0,0.647
10620,2.0940,1.7005,0.00,2.0940,1.7005,1,0,1,0,0,14,20,75,0,0,0,0,0.636
10630,2.1045,1.7005,0.00,2.1045,1.7005,1,0,1,0,0,14,20,75,0,0,0,0,0.626
10640,2.1147,1.7005,0.00,2.1147,1.7005,1,0,1,0,0,14,20,75,0,0,0,0,0.615
10650,2.1247,1.7005,0.00,2.1247,1.7005,1,0,1,0,0,20,20,75,0,0,0,0,0.605
10660,2.1346,1.7005,0.00,2.1346,1.7005,1,0,1,0,0,20,20,75,0,0,0,0,0.595
10670,2.1442,1.7005,0.00,2.1442,1.7005,1,0,1,0,0,20,20,75,0,0,0,0,0.586
10680,2.1536,1.7005,0.00,2.1536,1.7005,1,0,1,0,0,20,20,75,0,0,0,0,0.576
10690,2.1628,1.7005,0.00,2.1628,1.7005,1,0,1,0,0,20,20,75,0,0,0,0,0.567
10700,2.1719,1.7005,0.00,2.1719,1.7005,1,0,1,0,0,20,20,75,0,0,0,0,0.558
10710,2.1807,1.7005,0.00,2.1807,1.7005,1,0,1,0,0,20,20,75,0,0,0,0,0.549
10720,2.1893,1.7005,0.00,2.1893,1.7005,1,0,1,0,0,20,20,75,0,0,0,0,0.541
10730,2.1978,1.7005,0.00,2.1978,1.7005,1,0,1,0,0,20,20,75,0,0,0,0,0.532
10740,2.2060,1.7005,0.00,2.2060,1.7005,1,0,1,0,0,20,20,75,0,0,0,0,0.524
10750,2.2140,1.7005,0.00,2.2140,1.7005,1,0,1,0,0,20,20,75,0,0,0,0,0.516
10760,2.2218,1.7005,0.00,2.2218,1.7005,1,0,1,0,0,20,20,75,0,0,0,0,0.508
10770,2.2295,1.7005,0.00,2.2295,1.7005,1,0,1,0,0,20,20,75,0,0,0,0,0.501
10780,2.2369,1.7005,0.00,2.2369,1.7005,1,0,1,0,0,20,20,75,0,0,0,0,0.493
10790,2.2441,1.7005,0.00,2.2441,1.7005,1,0,1,0,0,20,20,75,0,0,0,0,0.486
10800,2.2511,1.7005,0.00,2.2511,1.7005,1,0,1,0,0,20,20,75,0,0,0,0,0.479
10810,2.2580,1.7005,0.00,2.2580,1.7005,1,0,1,0,0,20,20,75,0,0,0,0,0.472
10820,2.2646,1.7005,0.00,2.2646,1.7005,1,0,1,0,0,20,20,75,0,0,0,0,0.465
10830,2.2710,1.7005,0.00,2.2710,1.7005,1,0,1,0,0,20,20,75,0,0,0,0,0.459
10840,2.2773,1.7005,0.00,2.2773,1.7005,1,0,1,0,0,20,20,75,0,0,0,0,0.453
10850,2.2833,1.7005,0.00,2.2833,1.7005,1,0,1,0,0,20,20,75,0,0,0,0,0.447
10860,2.2893,1.7005,0.00,2.2893,1.7005,1,0,1,0,0,20,20,75,0,0,0,0,0.441
10870,2.2952,1.7005,0.00,2.2952,1.7005,1,0,1,0,0,20,20,75,0,0,0,0,0.435
10880,2.3012,1.7005,0.00,2.3012,1.7005,1,0,1,0,0,20,20,75,0,0,0,0,0.429
10890,2.3072,1.7005,0.00,2.3072,1.7005,1,0,1,0,0,20,20,75,0,0,0,0,0.423
10900,2.3131,1.7005,0.00,2.3131,1.7005,1,0,1,0,0,20,20,75,0,0,0,0,0.417
10910,2.3191,1.7005,0.00,2.3191,1.7005,1,0,1,0,0,20,20,75,0,0,0,0,0.411
10920,2.3251,1.7005,0.00,2.3251,1.7005,1,0,1,0,0,20,20,75,0,0,0,0,0.405
10930,2.3310,1.7005,0.00,2.3310,1.7005,1,0,1,0,0,20,20,75,0,0,0,0,0.399
10940,2.3370,1.7005,0.00,2.3370,1.7005,1,0,1,0,0,20,20,75,0,0,0,0,0.393
10950,2.3430,1.7005,0.00,2.3430,1.7005,1,0,1,0,0,20,20,75,0,0,0,0,0.387
10960,2.3490,1.7005,0.00,2.3490,1.7005,1,0,1,0,0,20,20,75,0,0,0,0,0.381
10970,2.3549,1.7005,0.00,2.3549,1.7005,1,0,1,0,0,20,20,75,0,0,0,0,0.375
10980,2.3609,1.7005,0.00,2.3609,1.7005,1,0,1,0,0,20,20,75,0,0,0,0,0.369
10990,2.3669,1.7005,0.00,2.3669,1.7005,1,0,1,0,0,20,20,75,0,0,0,0,0.363
11000,2.3728,1.7005,0.00,2.3728,1.7005,1,0,1,0,0,20,20,75,0,0,0,0,0.357
11010,2.3788,1.7005,0.00,2.3788,1.7005,1,0,1,0,0,20,20,75,0,0,0,0,0.351
11020,2.3848,1.7005,0.00,2.3848,1.7005,1,0,1,0,0,20,20,75,0,0,0,0,0.345
11030,2.3907,1.7005,0.00,2.3907,1.7005,1,0,1,0,0,20,20,75,0,0,0,0,0.339
11040,2.3967,1.7005,0.00,2.3967,1.7005,1,0,1,0,0,20,20,75,0,0,0,0,0.333
11050,2.4027,1.7005,0.00,2.4027,1.7005,1,0,1,0,0,20,20,75,0,0,0,0,0.327
11060,2.4086,1.7005,0.00,2.4086,1.7005,1,0,1,0,0,20,20,75,0,0,0,0,0.321
11070,2.4146,1.7005,0.00,2.4146,1.7005,1,0,1,0,0,20,20,75,0,0,0,0,0.315
11080,2.4206,1.7005,0.00,2.4206,1.7005,1,0,1,0,0,20,20,75,0,0,0,0,0.309
11090,2.4265,1.7005,0.00,2.4265,1.7005,1,0,1,0,0,20,20,75,0,0,0,0,0.303
11100,2.4325,1.7005,0.00,2.4325,1.7005,1,0,1,0,0,20,20,75,0,0,0,0,0.297
11110,2.4385,1.7005,0.00,2.4385,1.7005,1,0,1,0,0,20,20,75,0,0,0,0,0.292
11120,2.4445,1.7005,0.00,2.4445,1.7005,1,0,1,0,0,20,20,75,0,0,0,0,0.286
11130,2.4504,1.7005,0.00,2.4504,1.7005,1,0,1,0,0,20,20,75,0,0,0,0,0.280
11140,2.4564,1.7005,0.00,2.4564,1.7005,1,0,1,0,0,20,20,75,0,0,0,0,0.274
11150,2.4624,1.7005,0.00,2.4624,1.7005,1,0,1,0,0,20,20,75,0,0,0,0,0.268
11160,2.4683,1.7005,0.00,2.4683,1.7005,1,0,1,0,0,20,20,75,0,0,0,0,0.262
11170,2.4743,1.7005,0.00,2.4743,1.7005,1,0,1,0,0,20,20,75,0,0,0,0,0.256
11180,2.4803,1.7005,0.00,2.4803,1.7005,2,0,0,0,0,20,20,0,0,0,0,0,1000.000
11190,2.4861,1.7005,0.00,2.4861,1.7005,2,0,0,0,0,20,20,0,0,0,0,0,1000.000
11200,2.4918,1.7005,0.00,2.4918,1.7005,2,0,0,0,0,20,20,0,0,0,0,0,1000.000
11210,2.4972,1.7005,0.00,2.4972,1.7005,2,0,0,0,0,20,20,0,0,0,0,0,1000.000
11220,2.5025,1.7005,0.00,2.5025,1.7005,2,0,0,0,0,20,20,0,0,0,0,0,1000.000
11230,2.5076,1.7005,0.00,2.5076,1.7005,2,0,0,0,0,20,20,0,0,0,0,0,1000.000
11240,2.5124,1.7005,0.00,2.5124,1.7005,2,0,0,0,0,20,20,0,0,0,0,0,1000.000
11250,2.5171,1.7005,0.00,2.5171,1.7005,2,0,1,0,0,20,20,0,0,0,0,0,1000.000
11260,2.5215,1.7005,0.00,2.5215,1.7005,2,0,1,0,0,20,20,0,0,0,0,0,1000.000
11270,2.5258,1.7005,0.00,2.5258,1.7005,2,0,1,0,0,20,20,0,0,0,0,0,1000.000
11280,2.5299,1.7005,0.00,2.5299,1.7005,2,0,1,0,0,20,20,0,0,0,0,0,1000.000
11290,2.5337,1.7005,0.00,2.5337,1.7005,2,0,1,0,0,20,20,0,0,0,0,0,1000.000
11300,2.5374,1.7005,0.00,2.5374,1.7005,2,0,1,0,0,20,20,0,53,0,1,0,1.046
11310,2.5408,1.7005,0.00,2.5408,1.7005,2,0,1,0,0,20,20,0,53,0,1,0,1.046
11320,2.5441,1.7005,0.00,2.5441,1.7005,2,0,1,0,0,20,20,0,53,0,1,0,1.046
11330,2.5472,1.7005,0.00,2.5472,1.7005,2,0,1,0,0,20,20,0,53,0,1,0,1.046
11340,2.5500,1.7005,0.00,2.5500,1.7005,2,0,1,0,0,20,20,0,53,0,1,0,1.046
11350,2.5527,1.7005,0.00,2.5527,1.7005,2,0,1,0,0,20,20,0,53,0,1,0,1.046
11360,2.5551,1.7005,0.00,2.5551,1.7005,2,0,1,0,0,20,20,0,53,0,1,0,1.046
11370,2.5574,1.7005,0.00,2.5574,1.7005,2,0,1,0,0,20,20,0,53,0,1,0,1.046
11380,2.5595,1.7005,0.00,2.5595,1.7005,2,0,1,0,0,20,20,0,53,0,1,0,1.046
11390,2.5613,1.7005,0.00,2.5613,1.7005,2,0,1,0,0,20,20,0,53,0,1,0,1.046
11400,2.5630,1.7005,0.00,2.5630,1.7005,2,0,1,0,0,20,20,0,53,0,1,0,1.046
11410,2.5645,1.7005,0.00,2.5645,1.7005,2,0,1,0,0,20,20,0,53,0,1,0,1.046
11420,2.5659,1.7007,0.00,2.5659,1.7007,2,0,1,0,0,20,20,0,53,0,1,0,1.046
11430,2.5673,1.7010,0.00,2.5673,1.7010,2,0,1,0,0,20,20,0,53,0,1,0,1.045
11440,2.5687,1.7015,0.00,2.5687,1.7015,2,0,1,0,0,20,20,0,53,0,1,0,1.045
11450,2.5700,1.7022,0.00,2.5700,1.7022,2,0,1,0,0,20,20,0,53,0,1,0,1.044
11460,2.5713,1.7031,0.00,2.5713,1.7031,2,0,1,0,0,20,20,0,53,0,1,0,1.043
11470,2.5726,1.7041,0.00,2.5726,1.7041,2,0,1,0,0,20,20,0,53,0,1,0,1.042
11480,2.5739,1.7053,0.00,2.5739,1.7053,2,0,1,0,0,20,20,0,53,0,1,0,1.041
11490,2.5751,1.7067,0.00,2.5751,1.7067,2,0,1,0,0,20,20,0,53,0,1,0,1.040
11500,2.5763,1.7082,0.00,2.5763,1.7082,2,0,1,0,0,20,20,0,53,0,1,0,1.038
11510,2.5775,1.7099,0.00,2.5775,1.7099,2,0,1,0,0,20,20,0,53,0,1,0,1.037
11520,2.5786,1.7118,0.00,2.5786,1.7118,2,0,1,0,0,20,20,0,53,0,1,0,1.035
11530,2.5797,1.7138,0.00,2.5797,1.7138,2,0,1,0,0,20,20,0,53,0,1,0,1.033
11540,2.5808,1.7161,0.00,2.5808,1.7161,2,0,1,0,0,20,20,0,53,0,1,0,1.030
11550,2.5818,1.7184,0.00,2.5818,1.7184,2,0,1,0,0,20,20,0,53,0,1,0,1.028
11560,2.5829,1.7210,0.00,2.5829,1.7210,2,0,1,0,0,20,20,0,53,0,1,0,1.025
11570,2.5838,1.7237,0.00,2.5838,1.7237,2,0,1,0,0,20,20,0,53,0,1,0,1.023
11580,2.5848,1.7266,0.00,2.5848,1.7266,2,0,1,0,0,20,20,0,53,0,1,0,1.020
11590,2.5857,1.7297,0.00,2.5857,1.7297,2,0,1,0,0,20,20,0,53,0,1,0,1.017
11600,2.5866,1.7329,0.00,2.5866,1.7329,2,0,1,0,0,20,20,0,53,0,1,0,1.014
11610,2.5875,1.7363,0.00,2.5875,1.7363,2,0,1,0,0,20,20,0,53,0,1,0,1.010
11620,2.5882,1.7398,0.00,2.5882,1.7398,2,0,1,0,0,20,20,0,53,0,1,0,1.007
11630,2.5888,1.7434,0.00,2.5888,1.7434,2,0,1,0,0,20,20,0,53,0,1,0,1.003
11640,2.5894,1.7471,0.00,2.5894,1.7471,2,0,1,0,0,20,20,0,53,0,1,0,0.999
11650,2.5898,1.7508,0.00,2.5898,1.7508,2,0,1,0,0,20,20,0,53,0,1,0,0.996
11660,2.5902,1.7547,0.00,2.5902,1.7547,2,0,1,0,0,20,20,0,53,0,1,0,0.992
11670,2.5904,1.7587,0.00,2.5904,1.7587,2,0,1,0,0,20,20,0,53,0,1,0,0.988
11680,2.5905,1.7628,0.00,2.5905,1.7628,2,0,1,0,0,20,20,0,53,0,1,0,0.984
11690,2.5906,1.7670,0.00,2.5906,1.7670,2,0,1,0,0,20,20,0,53,0,1,0,0.980
11700,2.5906,1.7712,0.00,2.5906,1.7712,2,0,1,0,0,20,20,0,53,0,1,0,0.975
11710,2.5906,1.7754,0.00,2.5906,1.7754,2,0,1,0,0,20,20,0,53,0,1,0,0.971
11720,2.5906,1.7796,0.00,2.5906,1.7796,2,0,1,0,0,20,20,0,53,0,1,0,0.967
11730,2.5906,1.7838,0.00,2.5906,1.7838,2,0,1,0,0,20,20,0,53,0,1,0,0.963
11740,2.5906,1.7881,0.00,2.5906,1.7881,2,0,1,0,0,20,20,0,53,0,1,0,0.958
11750,2.5906,1.7923,0.00,2.5906,1.7923,2,0,1,0,0,20,20,0,53,0,1,0,0.954
11760,2.5906,1.7965,0.00,2.5906,1.7965,2,0,1,0,0,20,20,0,53,0,1,0,0.950
11770,2.5906,1.8007,0.00,2.5906,1.8007,2,0,1,0,0,20,20,0,53,0,1,0,0.946
11780,2.5906,1.8049,0.00,2.5906,1.8049,2,0,1,0,0,20,20,0,53,0,1,0,0.942
11790,2.5906,1.8091,0.00,2.5906,1.8091,2,0,1,0,0,20,20,0,53,0,1,0,0.937
11800,2.5906,1.8134,0.00,2.5906,1.8134,2,0,1,0,0,20,20,0,53,0,1,0,0.933
11810,2.5906,1.8176,0.00,2.5906,1.8176,2,0,1,0,0,20,20,0,53,0,1,0,0.929
11820,2.5906,1.8218,0.00,2.5906,1.8218,2,0,1,0,0,20,20,0,53,0,1,0,0.925
11830,2.5906,1.8260,0.00,2.5906,1.8260,2,0,1,0,0,20,20,0,53,0,1,0,0.920
11840,2.5906,1.8302,0.00,2.5906,1.8302,2,0,1,0,0,20,20,0,53,0,1,0,0.916
11850,2.5906,1.8345,0.00,2.5906,1.8345,2,0,1,0,0,20,20,0,53,0,1,0,0.912
11860,2.5906,1.8387,0.00,2.5906,1.8387,2,0,1,0,0,20,20,0,53,0,1,0,0.908
11870,2.5906,1.8429,0.00,2.5906,1.8429,2,0,1,0,0,20,20,0,53,0,1,0,0.904
11880,2.5906,1.8471,0.00,2.5906,1.8471,2,0,1,0,0,20,20,0,53,0,1,0,0.899
11890,2.5906,1.8513,0.00,2.5906,1.8513,2,0,1,0,0,20,20,0,53,0,1,0,0.895
11900,2.5906,1.8555,0.00,2.5906,1.8555,2,0,1,0,0,20,20,0,53,0,1,0,0.891
11910,2.5906,1.8598,0.00,2.5906,1.8598,2,0,1,0,0,20,20,0,53,0,1,0,0.887
11920,2.5906,1.8640,0.00,2.5906,1.8640,2,0,1,0,0,20,20,0,53,0,1,0,0.883
11930,2.5906,1.8682,0.00,2.5906,1.8682,2,0,1,0,0,20,20,0,53,0,1,0,0.878
11940,2.5906,1.8724,0.00,2.5906,1.8724,2,0,1,0,0,20,20,0,53,0,1,0,0.874
11950,2.5906,1.8766,0.00,2.5906,1.8766,2,0,1,0,0,20,20,0,53,0,1,0,0.870
11960,2.5906,1.8809,0.00,2.5906,1.8809,2,0,1,0,0,20,20,0,53,0,1,0,0.866
11970,2.5906,1.8851,0.00,2.5906,1.8851,2,0,1,0,0,20,20,0,53,0,1,0,0.861
11980,2.5906,1.8893,0.00,2.5906,1.8893,2,0,1,0,0,20,20,0,53,0,1,0,0.857
11990,2.5906,1.8935,0.00,2.5906,1.8935,2,0,1,0,0,20,20,0,53,0,1,0,0.853
12000,2.5906,1.8977,0.00,2.5906,1.8977,2,0,1,0,0,20,20,0,53,0,1,0,0.849
12010,2.5906,1.9019,0.00,2.5906,1.9019,2,0,1,0,0,20,20,0,53,0,1,0,0.845
12020,2.5906,1.9062,0.00,2.5906,1.9062,2,0,1,0,0,20,20,0,53,0,1,0,0.840
12030,2.5906,1.9104,0.00,2.5906,1.9104,2,0,1,0,0,20,20,0,53,0,1,0,0.836
12040,2.5906,1.9146,0.00,2.5906,1.9146,2,0,1,0,0,20,20,0,53,0,1,0,0.832
12050,2.5906,1.9188,0.00,2.5906,1.9188,2,0,1,0,0,20,20,0,53,0,1,0,0.828
12060,2.5906,1.9230,0.00,2.5906,1.9230,2,0,1,0,0,20,20,0,53,0,1,0,0.823
12070,2.5906,1.9273,0.00,2.5906,1.9273,2,0,1,0,0,20,20,0,53,0,1,0,0.819
12080,2.5906,1.9315,0.00,2.5906,1.9315,2,0,1,0,0,20,20,0,53,0,1,0,0.815
12090,2.5906,1.9357,0.00,2.5906,1.9357,2,0,1,0,0,20,20,0,53,0,1,0,0.811
12100,2.5906,1.9399,0.00,2.5906,1.9399,2,0,1,0,0,20,20,0,53,0,1,0,0.807
12110,2.5906,1.9441,0.00,2.5906,1.9441,2,0,1,0,0,20,20,0,53,0,1,0,0.802
12120,2.5906,1.9483,0.00,2.5906,1.9483,2,0,1,0,0,20,20,0,53,0,1,0,0.798
12130,2.5906,1.9526,0.00,2.5906,1.9526,2,0,1,0,0,20,20,0,53,0,1,0,0.794
12140,2.5906,1.9568,0.00,2.5906,1.9568,2,0,1,0,0,20,20,0,53,0,1,0,0.790
12150,2.5906,1.9610,0.00,2.5906,1.9610,2,0,1,0,0,20,20,0,53,0,1,0,0.786
12160,2.5906,1.9652,0.00,2.5906,1.9652,2,0,1,0,0,20,20,0,53,0,1,0,0.781
12170,2.5906,1.9694,0.00,2.5906,1.9694,2,0,1,0,0,20,20,0,53,0,1,0,0.777
12180,2.5906,1.9737,0.00,2.5906,1.9737,2,0,1,0,0,20,20,0,53,0,1,0,0.773
12190,2.5906,1.9779,0.00,2.5906,1.9779,2,0,1,0,0,20,20,0,53,0,1,0,0.769
12200,2.5906,1.9821,0.00,2.5906,1.9821,2,0,1,0,0,20,20,0,53,0,1,0,0.764
12210,2.5906,1.9863,0.00,2.5906,1.9863,2,0,1,0,0,20,20,0,53,0,1,0,0.760
12220,2.5906,1.9905,0.00,2.5906,1.9905,2,0,1,0,0,20,20,0,53,0,1,0,0.756
12230,2.5906,1.9947,0.00,2.5906,1.9947,2,0,1,0,0,20,20,0,53,0,1,0,0.752
12240,2.5906,1.9990,0.00,2.5906,1.9990,2,0,1,0,0,20,20,0,53,0,1,0,0.748
12250,2.5906,2.0032,0.00,2.5906,2.0032,2,0,1,0,0,20,20,0,53,0,1,0,0.743
12260,2.5906,2.0074,0.00,2.5906,2.0074,2,0,1,0,0,20,20,0,53,0,1,0,0.739
12270,2.5906,2.0116,0.00,2.5906,2.0116,2,0,1,0,0,20,20,0,53,0,1,0,0.735
12280,2.5906,2.0158,0.00,2.5906,2.0158,2,0,1,0,0,20,20,0,53,0,1,0,0.731
12290,2.5906,2.0201,0.00,2.5906,2.0201,2,0,1,0,0,20,20,0,53,0,1,0,0.726
12300,2.5906,2.0243,0.00,2.5906,2.0243,2,0,1,0,0,20,20,0,53,0,1,0,0.722
12310,2.5906,2.0285,0.00,2.5906,2.0285,2,0,1,0,0,20,20,0,53,0,1,0,0.718
12320,2.5906,2.0327,0.00,2.5906,2.0327,2,0,1,0,0,20,20,0,53,0,1,0,0.714
12330,2.5906,2.0369,0.00,2.5906,2.0369,2,0,1,0,0,20,20,0,53,0,1,0,0.710
12340,2.5906,2.0411,0.00,2.5906,2.0411,2,0,1,0,0,20,20,0,53,0,1,0,0.705
12350,2.5906,2.0454,0.00,2.5906,2.0454,2,0,1,0,0,20,20,0,53,0,1,0,0.701
12360,2.5906,2.0496,0.00,2.5906,2.0496,2,0,1,0,0,20,20,0,53,0,1,0,0.697
12370,2.5906,2.0538,0.00,2.5906,2.0538,2,0,1,0,0,20,20,0,53,0,1,0,0.693
12380,2.5906,2.0580,0.00,2.5906,2.0580,2,0,1,0,0,20,20,0,53,0,1,0,0.688
12390,2.5906,2.0622,0.00,2.5906,2.0622,2,0,1,0,0,20,20,0,53,0,1,0,0.684
12400,2.5906,2.0664,0.00,2.5906,2.0664,2,0,1,0,0,20,20,0,53,0,1,0,0.680
12410,2.5906,2.0707,0.00,2.5906,2.0707,2,0,1,0,0,20,20,0,53,0,1,0,0.676
12420,2.5906,2.0749,0.00,2.5906,2.0749,2,0,1,0,0,20,20,0,53,0,1,0,0.672
12430,2.5906,2.0791,0.00,2.5906,2.0791,2,0,1,0,0,20,20,0,53,0,1,0,0.667
12440,2.5906,2.0833,0.00,2.5906,2.0833,2,0,1,0,0,20,20,0,53,0,1,0,0.663
12450,2.5906,2.0875,0.00,2.5906,2.0875,2,0,1,0,0,20,20,0,53,0,1,0,0.659
12460,2.5906,2.0918,0.00,2.5906,2.0918,2,0,1,0,0,20,20,0,53,0,1,0,0.655
12470,2.5906,2.0960,0.00,2.5906,2.0960,2,0,1,0,0,20,20,0,53,0,1,0,0.651
12480,2.5906,2.1002,0.00,2.5906,2.1002,2,0,1,0,0,20,20,0,53,0,1,0,0.646
12490,2.5906,2.1044,0.00,2.5906,2.1044,2,0,1,0,0,20,20,0,53,0,1,0,0.642
12500,2.5906,2.1086,0.00,2.5906,2.1086,2,0,1,0,0,20,20,0,53,0,1,0,0.638
12510,2.5906,2.1128,0.00,2.5906,2.1128,2,0,1,0,0,20,20,0,53,0,1,0,0.634
12520,2.5906,2.1171,0.00,2.5906,2.1171,2,0,1,0,0,20,20,0,53,0,1,0,0.629
12530,2.5906,2.1213,0.00,2.5906,2.1213,2,0,1,0,0,20,20,0,53,0,1,0,0.625
12540,2.5906,2.1255,0.00,2.5906,2.1255,2,0,1,0,0,20,20,0,53,0,1,0,0.621
12550,2.5906,2.1297,0.00,2.5906,2.1297,2,0,1,0,0,20,20,0,53,0,1,0,0.617
12560,2.5906,2.1339,0.00,2.5906,2.1339,2,0,1,0,0,20,20,0,53,0,1,0,0.613
12570,2.5906,2.1382,0.00,2.5906,2.1382,2,0,1,0,0,20,20,0,53,0,1,0,0.608
12580,2.5906,2.1424,0.00,2.5906,2.1424,2,0,1,0,0,20,20,0,53,0,1,0,0.604
12590,2.5906,2.1466,0.00,2.5906,2.1466,2,0,1,0,0,20,20,0,53,0,1,0,0.600
12600,2.5906,2.1508,0.00,2.5906,2.1508,2,0,1,0,0,20,20,0,53,0,1,0,0.596
12610,2.5906,2.1550,0.00,2.5906,2.1550,2,0,1,0,0,20,20,0,53,0,1,0,0.591
12620,2.5906,2.1592,0.00,2.5906,2.1592,2,0,1,0,0,20,20,0,53,0,1,0,0.587
12630,2.5906,2.1635,0.00,2.5906,2.1635,2,0,1,0,0,20,20,0,53,0,1,0,0.583
12640,2.5906,2.1677,0.00,2.5906,2.1677,2,0,1,0,0,20,20,0,53,0,1,0,0.579
12650,2.5906,2.1719,0.00,2.5906,2.1719,2,0,1,0,0,20,20,0,53,0,1,0,0.575
12660,2.5906,2.1761,0.00,2.5906,2.1761,2,0,1,0,0,20,20,0,53,0,1,0,0.570
12670,2.5906,2.1803,0.00,2.5906,2.1803,2,0,1,0,0,20,20,0,53,0,1,0,0.566
12680,2.5906,2.1846,0.00,2.5906,2.1846,2,0,1,0,0,20,20,0,53,0,1,0,0.562
12690,2.5906,2.1888,0.00,2.5906,2.1888,2,0,1,0,0,20,20,0,53,0,1,0,0.558
12700,2.5906,2.1930,0.00,2.5906,2.1930,2,0,1,0,0,20,20,0,53,0,1,0,0.554
12710,2.5906,2.1972,0.00,2.5906,2.1972,2,0,1,0,0,20,20,0,53,0,1,0,0.549
12720,2.5906,2.2014,0.00,2.5906,2.2014,2,0,1,0,0,20,20,0,53,0,1,0,0.545
12730,2.5906,2.2056,0.00,2.5906,2.2056,2,0,1,0,0,20,20,0,53,0,1,0,0.541
12740,2.5906,2.2099,0.00,2.5906,2.2099,2,0,1,0,0,20,20,0,53,0,1,0,0.537
12750,2.5906,2.2141,0.00,2.5906,2.2141,2,0,1,0,0,20,20,0,53,0,1,0,0.532
12760,2.5906,2.2183,0.00,2.5906,2.2183,2,0,1,0,0,20,20,0,53,0,1,0,0.528
12770,2.5906,2.2225,0.00,2.5906,2.2225,2,0,1,0,0,20,20,0,53,0,1,0,0.524
12780,2.5906,2.2267,0.00,2.5906,2.2267,2,0,1,0,0,20,20,0,53,0,1,0,0.520
12790,2.5906,2.2310,0.00,2.5906,2.2310,2,0,1,0,0,20,20,0,53,0,1,0,0.516
12800,2.5906,2.2352,0.00,2.5906,2.2352,2,0,1,0,0,20,20,0,53,0,1,0,0.511
12810,2.5906,2.2394,0.00,2.5906,2.2394,2,0,1,0,0,20,20,0,53,0,1,0,0.507
12820,2.5906,2.2436,0.00,2.5906,2.2436,2,0,1,0,0,20,20,0,53,0,1,0,0.503
12830,2.5906,2.2478,0.00,2.5906,2.2478,2,0,1,0,0,20,20,0,53,0,1,0,0.499
12840,2.5906,2.2520,0.00,2.5906,2.2520,2,0,1,0,0,20,20,0,53,0,1,0,0.494
12850,2.5906,2.2563,0.00,2.5906,2.2563,2,0,1,0,0,20,20,0,53,0,1,0,0.490
12860,2.5906,2.2605,0.00,2.5906,2.2605,2,0,1,0,0,20,20,0,53,0,1,0,0.486
12870,2.5906,2.2647,0.00,2.5906,2.2647,2,0,1,0,0,20,20,0,53,0,1,0,0.482
12880,2.5906,2.2689,0.00,2.5906,2.2689,2,0,1,0,0,20,20,0,53,0,1,0,0.478
12890,2.5906,2.2731,0.00,2.5906,2.2731,2,0,1,0,0,20,20,0,53,0,1,0,0.473
12900,2.5906,2.2774,0.00,2.5906,2.2774,2,0,1,0,0,20,20,0,53,0,1,0,0.469
12910,2.5906,2.2816,0.00,2.5906,2.2816,2,0,1,0,0,20,20,0,53,0,1,0,0.465
12920,2.5906,2.2858,0.00,2.5906,2.2858,2,0,1,0,0,20,20,0,53,0,1,0,0.461
12930,2.5906,2.2900,0.00,2.5906,2.2900,2,0,1,0,0,20,20,0,53,0,1,0,0.456
12940,2.5906,2.2942,0.00,2.5906,2.2942,2,0,1,0,0,20,20,0,53,0,1,0,0.452
12950,2.5906,2.2984,0.00,2.5906,2.2984,2,0,1,0,0,20,20,0,53,0,1,0,0.448
12960,2.5906,2.3027,0.00,2.5906,2.3027,2,0,1,0,0,20,20,0,53,0,1,0,0.444
12970,2.5906,2.3069,0.00,2.5906,2.3069,2,0,1,0,0,20,20,0,53,0,1,0,0.440
12980,2.5906,2.3111,0.00,2.5906,2.3111,2,0,1,0,0,20,20,0,53,0,1,0,0.435
12990,2.5906,2.3153,0.00,2.5906,2.3153,2,0,1,0,0,20,20,0,53,0,1,0,0.431
13000,2.5906,2.3195,0.00,2.5906,2.3195,2,0,1,0,0,20,20,0,53,0,1,0,0.427
13010,2.5906,2.3238,0.00,2.5906,2.3238,2,0,1,0,0,20,20,0,53,0,1,0,0.423
13020,2.5906,2.3280,0.00,2.5906,2.3280,2,0,1,0,0,20,20,0,53,0,1,0,0.419
13030,2.5906,2.3322,0.00,2.5906,2.3322,2,0,1,0,0,20,20,0,53,0,1,0,0.414
13040,2.5906,2.3364,0.00,2.5906,2.3364,2,0,1,0,0,20,20,0,53,0,1,0,0.410
13050,2.5906,2.3406,0.00,2.5906,2.3406,2,0,1,0,0,20,20,0,53,0,1,0,0.406
13060,2.5906,2.3448,0.00,2.5906,2.3448,2,0,1,0,0,20,20,0,53,0,1,0,0.402
13070,2.5906,2.3491,0.00,2.5906,2.3491,2,0,1,0,0,20,20,0,53,0,1,0,0.397
13080,2.5906,2.3533,0.00,2.5906,2.3533,2,0,1,0,0,20,20,0,53,0,1,0,0.393
13090,2.5906,2.3575,0.00,2.5906,2.3575,2,0,1,0,0,20,20,0,53,0,1,0,0.389
13100,2.5906,2.3617,0.00,2.5906,2.3617,2,0,1,0,0,20,20,0,53,0,1,0,0.385
13110,2.5906,2.3659,0.00,2.5906,2.3659,2,0,1,0,0,20,20,0,53,0,1,0,0.381
13120,2.5906,2.3702,0.00,2.5906,2.3702,2,0,1,0,0,20,20,0,53,0,1,0,0.376
13130,2.5906,2.3744,0.00,2.5906,2.3744,2,0,1,0,0,20,20,0,53,0,1,0,0.372
13140,2.5906,2.3786,0.00,2.5906,2.3786,2,0,1,0,0,20,20,0,53,0,1,0,0.368
13150,2.5906,2.3828,0.00,2.5906,2.3828,2,0,1,0,0,20,20,0,53,0,1,0,0.364
13160,2.5906,2.3870,0.00,2.5906,2.3870,2,0,1,0,0,20,20,0,53,0,1,0,0.359
13170,2.5906,2.3912,0.00,2.5906,2.3912,2,0,1,0,0,20,20,0,53,0,1,0,0.355
13180,2.5906,2.3955,0.00,2.5906,2.3955,2,0,1,0,0,20,20,0,53,0,1,0,0.351
13190,2.5906,2.3997,0.00,2.5906,2.3997,2,0,1,0,0,20,20,0,53,0,1,0,0.347
13200,2.5906,2.4039,0.00,2.5906,2.4039,2,0,1,0,0,20,20,0,53,0,1,0,0.343
13210,2.5906,2.4081,0.00,2.5906,2.4081,2,0,1,0,0,20,20,0,53,0,1,0,0.338
13220,2.5906,2.4123,0.00,2.5906,2.4123,2,0,1,0,0,20,20,0,53,0,1,0,0.334
13230,2.5906,2.4166,0.00,2.5906,2.4166,2,0,1,0,0,20,20,0,53,0,1,0,0.330
13240,2.5906,2.4208,0.00,2.5906,2.4208,2,0,1,0,0,20,20,0,53,0,1,0,0.326
13250,2.5906,2.4250,0.00,2.5906,2.4250,2,0,1,0,0,20,20,0,53,0,1,0,0.322
13260,2.5906,2.4292,0.00,2.5906,2.4292,2,0,1,0,0,20,20,0,53,0,1,0,0.317
13270,2.5906,2.4334,0.00,2.5906,2.4334,2,0,1,0,0,20,20,0,53,0,1,0,0.313
13280,2.5906,2.4376,0.00,2.5906,2.4376,2,0,1,0,0,20,20,0,53,0,1,0,0.309
13290,2.5906,2.4419,0.00,2.5906,2.4419,2,0,1,0,0,20,20,0,53,0,1,0,0.305
13300,2.5906,2.4461,0.00,2.5906,2.4461,2,0,1,0,0,20,20,0,53,0,1,0,0.300
13310,2.5906,2.4503,0.00,2.5906,2.4503,2,0,1,0,0,20,20,0,53,0,1,0,0.296
13320,2.5906,2.4545,0.00,2.5906,2.4545,2,0,1,0,0,20,20,0,53,0,1,0,0.292
13330,2.5906,2.4587,0.00,2.5906,2.4587,2,0,1,0,0,20,20,0,53,0,1,0,0.288
13340,2.5906,2.4630,0.00,2.5906,2.4630,2,0,1,0,0,20,20,0,53,0,1,0,0.284
13350,2.5906,2.4672,0.00,2.5906,2.4672,2,0,1,0,0,20,20,0,53,0,1,0,0.279
13360,2.5906,2.4714,0.00,2.5906,2.4714,2,0,1,0,0,20,20,0,53,0,1,0,0.275
13370,2.5906,2.4756,0.00,2.5906,2.4756,2,0,1,0,0,20,20,0,53,0,1,0,0.271
13380,2.5906,2.4798,0.00,2.5906,2.4798,2,0,1,0,0,20,20,0,53,0,1,0,0.267
13390,2.5906,2.4840,0.00,2.5906,2.4840,2,0,1,0,0,20,20,0,53,0,1,0,0.262
13400,2.5906,2.4883,0.00,2.5906,2.4883,2,0,1,0,0,20,20,0,53,0,1,0,0.258
13410,2.5906,2.4925,0.00,2.5906,2.4925,2,0,1,0,0,20,20,0,53,0,1,0,0.254
13420,2.5906,2.4967,0.00,2.5906,2.4967,2,0,1,0,0,20,20,0,53,0,1,0,0.250
13430,2.5906,2.5009,0.00,2.5906,2.5009,2,0,1,0,0,20,20,0,53,0,1,0,0.246
13440,2.5906,2.5051,0.00,2.5906,2.5051,2,0,1,0,0,20,20,0,53,0,1,0,0.241
13450,2.5906,2.5094,0.00,2.5906,2.5094,2,0,1,0,0,20,20,0,53,0,1,0,0.237
13460,2.5906,2.5136,0.00,2.5906,2.5136,2,0,1,0,0,20,20,0,53,0,1,0,0.233
13470,2.5906,2.5178,0.00,2.5906,2.5178,2,0,1,0,0,20,20,0,53,0,1,0,0.229
13480,2.5906,2.5220,0.00,2.5906,2.5220,2,0,1,0,0,20,20,0,53,0,1,0,0.224
13490,2.5906,2.5262,0.00,2.5906,2.5262,2,0,1,0,0,20,20,0,53,0,1,0,0.220
13500,2.5906,2.5304,0.00,2.5906,2.5304,2,0,1,0,0,20,20,0,53,0,1,0,0.216
13510,2.5906,2.5347,0.00,2.5906,2.5347,2,0,1,0,0,20,20,0,53,0,1,0,0.212
13520,2.5906,2.5389,0.00,2.5906,2.5389,2,0,1,0,0,20,20,0,53,0,1,0,0.208
13530,2.5906,2.5431,0.00,2.5906,2.5431,2,0,1,0,0,20,20,0,53,0,1,0,0.203
13540,2.5906,2.5473,0.00,2.5906,2.5473,2,0,1,0,0,20,20,0,53,0,1,0,0.199
13550,2.5906,2.5515,0.00,2.5906,2.5515,2,0,1,0,0,20,20,0,53,0,1,0,0.195
13560,2.5906,2.5558,0.00,2.5906,2.5558,2,0,1,0,0,20,20,0,53,0,1,0,0.191
13570,2.5906,2.5600,0.00,2.5906,2.5600,2,0,1,0,0,20,20,0,53,0,1,0,0.187
13580,2.5906,2.5642,0.00,2.5906,2.5642,2,0,1,0,0,20,20,0,53,0,1,0,0.182
13590,2.5906,2.5684,0.00,2.5906,2.5684,2,0,1,0,0,20,20,0,53,0,1,0,0.178
13600,2.5906,2.5726,0.00,2.5906,2.5726,2,0,1,0,0,20,20,0,53,0,1,0,0.174
13610,2.5906,2.5768,0.00,2.5906,2.5768,2,0,1,0,0,20,20,0,53,0,1,0,0.170
13620,2.5906,2.5811,0.00,2.5906,2.5811,2,0,1,0,0,20,20,0,53,0,1,0,0.165
13630,2.5906,2.5853,0.00,2.5906,2.5853,2,0,1,0,0,20,20,0,53,0,1,0,0.161
13640,2.5906,2.5895,0.00,2.5906,2.5895,2,0,1,0,0,20,20,0,53,1,1,0,0.157
13650,2.5906,2.5937,0.00,2.5906,2.5937,2,0,1,0,0,20,20,0,53,1,1,0,0.153
13660,2.5906,2.5979,0.00,2.5906,2.5979,2,0,1,0,0,20,20,0,53,1,1,0,0.149
13670,2.5906,2.6021,0.00,2.5906,2.6021,3,0,0,0,0,20,20,0,0,0,0,0,1000.000
13680,2.5906,2.6061,0.00,2.5906,2.6061,3,0,0,0,0,20,20,0,0,0,0,0,1000.000
13690,2.5906,2.6099,0.00,2.5906,2.6099,3,0,0,0,0,20,20,0,0,0,0,0,1000.000
13700,2.5906,2.6135,0.00,2.5906,2.6135,3,0,0,0,0,20,20,0,0,0,0,0,1000.000
13710,2.5906,2.6170,0.00,2.5906,2.6170,3,0,0,0,0,20,20,0,0,0,0,0,1000.000
13720,2.5906,2.6202,0.00,2.5906,2.6202,3,0,0,0,0,20,20,0,0,0,0,0,1000.000
13730,2.5906,2.6232,0.00,2.5906,2.6232,3,0,0,0,0,20,20,0,0,0,0,0,1000.000
13740,2.5906,2.6260,0.00,2.5906,2.6260,3,0,0,0,0,20,20,0,0,0,0,0,1000.000
13750,2.5906,2.6286,0.00,2.5906,2.6286,3,0,1,0,0,20,20,0,0,0,0,0,1000.000
13760,2.5906,2.6310,0.00,2.5906,2.6310,3,0,1,0,0,20,20,0,0,0,0,0,1000.000
13770,2.5906,2.6332,0.00,2.5906,2.6332,3,0,1,0,0,20,20,0,0,0,0,0,1000.000
13780,2.5906,2.6352,0.00,2.5906,2.6352,3,0,1,0,0,20,20,0,0,0,0,0,1000.000
13790,2.5906,2.6370,0.00,2.5906,2.6370,3,0,1,0,0,20,20,0,0,0,0,0,1000.000
13800,2.5906,2.6386,0.00,2.5906,2.6386,3,0,1,0,0,20,20,-61,0,0,0,1,2.321
13810,2.5906,2.6400,0.00,2.5906,2.6400,3,0,1,0,0,20,20,-61,0,0,0,1,2.321
13820,2.5906,2.6412,0.00,2.5906,2.6412,3,0,1,0,0,20,20,-61,0,0,0,1,2.321
13830,2.5906,2.6422,0.00,2.5906,2.6422,3,0,1,0,0,20,20,-61,0,0,0,1,2.321
13840,2.5906,2.6431,0.00,2.5906,2.6431,3,0,1,0,0,20,20,-61,0,0,0,1,2.321
13850,2.5905,2.6437,0.00,2.5905,2.6437,3,0,1,0,0,20,20,-61,0,0,0,1,2.321
13860,2.5903,2.6444,0.00,2.5903,2.6444,3,0,1,0,0,20,20,-61,0,0,0,1,2.320
13870,2.5899,2.6450,0.00,2.5899,2.6450,3,0,1,0,0,20,20,-61,0,0,0,1,2.320
13880,2.5893,2.6456,0.00,2.5893,2.6456,3,0,1,0,0,20,20,-61,0,0,0,1,2.319
13890,2.5885,2.6462,0.00,2.5885,2.6462,3,0,1,0,0,20,20,-61,0,0,0,1,2.318
13900,2.5875,2.6468,0.00,2.5875,2.6468,3,0,1,0,0,20,20,-61,0,0,0,1,2.318
13910,2.5864,2.6473,0.00,2.5864,2.6473,3,0,1,0,0,20,20,-61,0,0,0,1,2.316
13920,2.5851,2.6478,0.00,2.5851,2.6478,3,0,1,0,0,20,20,-61,0,0,0,1,2.315
13930,2.5836,2.6484,0.00,2.5836,2.6484,3,0,1,0,0,20,20,-61,0,0,0,1,2.314
13940,2.5819,2.6488,0.00,2.5819,2.6488,3,0,1,0,0,20,20,-61,0,0,0,1,2.312
13950,2.5800,2.6493,0.00,2.5800,2.6493,3,0,1,0,0,20,20,-61,0,0,0,1,2.310
13960,2.5780,2.6498,0.00,2.5780,2.6498,3,0,1,0,0,20,20,-61,0,0,0,1,2.308
13970,2.5757,2.6502,0.00,2.5757,2.6502,3,0,1,0,0,20,20,-61,0,0,0,1,2.306
13980,2.5733,2.6506,0.00,2.5733,2.6506,3,0,1,0,0,20,20,-61,0,0,0,1,2.303
13990,2.5707,2.6510,0.00,2.5707,2.6510,3,0,1,0,0,20,20,-61,0,0,0,1,2.301
14000,2.5680,2.6514,0.00,2.5680,2.6514,3,0,1,0,0,19,20,-61,0,0,0,1,2.298
14010,2.5650,2.6518,0.00,2.5650,2.6518,3,0,1,0,0,19,20,-61,0,0,0,1,2.295
14020,2.5619,2.6521,0.00,2.5619,2.6521,3,0,1,0,0,19,20,-61,0,0,0,1,2.292
14030,2.5586,2.6524,0.00,2.5586,2.6524,3,0,1,0,0,19,20,-61,0,0,0,1,2.289
14040,2.5551,2.6527,0.00,2.5551,2.6527,3,0,1,0,0,19,20,-61,0,0,0,1,2.285
14050,2.5514,2.6530,0.00,2.5514,2.6530,3,0,1,0,0,19,20,-61,0,0,0,1,2.281
14060,2.5475,2.6533,0.00,2.5475,2.6533,3,0,1,0,0,19,20,-61,0,0,0,1,2.278
14070,2.5435,2.6535,0.00,2.5435,2.6535,3,0,1,0,0,19,20,-61,0,0,0,1,2.274
14080,2.5393,2.6537,0.00,2.5393,2.6537,3,0,1,0,0,19,20,-61,0,0,0,1,2.269
14090,2.5349,2.6539,0.00,2.5349,2.6539,3,0,1,0,0,19,20,-61,0,0,0,1,2.265
14100,2.5303,2.6541,0.00,2.5303,2.6541,3,0,1,0,0,19,20,-61,0,0,0,1,2.260
14110,2.5256,2.6543,0.00,2.5256,2.6543,3,0,1,0,0,19,20,-61,0,0,0,1,2.256
14120,2.5208,2.6543,0.00,2.5208,2.6543,3,0,1,0,0,19,20,-61,0,0,0,1,2.251
14130,2.5159,2.6543,0.00,2.5159,2.6543,3,0,1,0,0,19,20,-61,0,0,0,1,2.246
14140,2.5111,2.6543,0.00,2.5111,2.6543,3,0,1,0,0,19,20,-61,0,0,0,1,2.241
14150,2.5062,2.6543,0.00,2.5062,2.6543,3,0,1,0,0,19,20,-61,0,0,0,1,2.236
14160,2.5014,2.6543,0.00,2.5014,2.6543,3,0,1,0,0,19,20,-61,0,0,0,1,2.231
14170,2.4965,2.6543,0.00,2.4965,2.6543,3,0,1,0,0,19,20,-61,0,0,0,1,2.227
14180,2.4916,2.6543,0.00,2.4916,2.6543,3,0,1,0,0,19,20,-61,0,0,0,1,2.222
14190,2.4868,2.6543,0.00,2.4868,2.6543,3,0,1,0,0,19,20,-61,0,0,0,1,2.217
14200,2.4819,2.6543,0.00,2.4819,2.6543,3,0,1,0,0,19,20,-61,0,0,0,1,2.212
14210,2.4771,2.6543,0.00,2.4771,2.6543,3,0,1,0,0,19,20,-61,0,0,0,1,2.207
14220,2.4722,2.6543,0.00,2.4722,2.6543,3,0,1,0,0,19,20,-61,0,0,0,1,2.202
14230,2.4674,2.6543,0.00,2.4674,2.6543,3,0,1,0,0,19,20,-61,0,0,0,1,2.197
14240,2.4625,2.6543,0.00,2.4625,2.6543,3,0,1,0,0,19,20,-61,0,0,0,1,2.193
14250,2.4577,2.6543,0.00,2.4577,2.6543,3,0,1,0,0,19,20,-61,0,0,0,1,2.188
14260,2.4528,2.6543,0.00,2.4528,2.6543,3,0,1,0,0,19,20,-61,0,0,0,1,2.183
14270,2.4480,2.6543,0.00,2.4480,2.6543,3,0,1,0,0,19,20,-61,0,0,0,1,2.178
14280,2.4431,2.6543,0.00,2.4431,2.6543,3,0,1,0,0,19,20,-61,0,0,0,1,2.173
14290,2.4382,2.6543,0.00,2.4382,2.6543,3,0,1,0,0,19,20,-61,0,0,0,1,2.168
14300,2.4334,2.6543,0.00,2.4334,2.6543,3,0,1,0,0,19,20,-61,0,0,0,1,2.163
14310,2.4285,2.6543,0.00,2.4285,2.6543,3,0,1,0,0,19,20,-61,0,0,0,1,2.159
14320,2.4237,2.6543,0.00,2.4237,2.6543,3,0,1,0,0,19,20,-61,0,0,0,1,2.154
14330,2.4188,2.6543,0.00,2.4188,2.6543,3,0,1,0,0,19,20,-61,0,0,0,1,2.149
14340,2.4140,2.6543,0.00,2.4140,2.6543,3,0,1,0,0,19,20,-61,0,0,0,1,2.144
14350,2.4091,2.6543,0.00,2.4091,2.6543,3,0,1,0,0,19,20,-61,0,0,0,1,2.139
14360,2.4043,2.6543,0.00,2.4043,2.6543,3,0,1,0,0,19,20,-61,0,0,0,1,2.134
14370,2.3994,2.6543,0.00,2.3994,2.6543,3,0,1,0,0,19,20,-61,0,0,0,1,2.129
14380,2.3945,2.6543,0.00,2.3945,2.6543,3,0,1,0,0,19,20,-61,0,0,0,1,2.125
14390,2.3897,2.6543,0.00,2.3897,2.6543,3,0,1,0,0,19,20,-61,0,0,0,1,2.120
14400,2.3848,2.6543,0.00,2.3848,2.6543,3,0,1,0,0,19,20,-61,0,0,0,1,2.115
14410,2.3800,2.6543,0.00,2.3800,2.6543,3,0,1,0,0,19,20,-61,0,0,0,1,2.110
14420,2.3751,2.6543,0.00,2.3751,2.6543,3,0,1,0,0,19,20,-61,0,0,0,1,2.105
14430,2.3703,2.6543,0.00,2.3703,2.6543,3,0,1,0,0,19,20,-61,0,0,0,1,2.100
14440,2.3654,2.6543,0.00,2.3654,2.6543,3,0,1,0,0,19,20,-61,0,0,0,1,2.095
14450,2.3606,2.6543,0.00,2.3606,2.6543,3,0,1,0,0,19,20,-61,0,0,0,1,2.091
14460,2.3557,2.6543,0.00,2.3557,2.6543,3,0,1,0,0,19,20,-61,0,0,0,1,2.086
14470,2.3509,2.6543,0.00,2.3509,2.6543,3,0,1,0,0,19,20,-61,0,0,0,1,2.081
14480,2.3460,2.6543,0.00,2.3460,2.6543,3,0,1,0,0,19,20,-61,0,0,0,1,2.076
14490,2.3411,2.6543,0.00,2.3411,2.6543,3,0,1,0,0,19,20,-61,0,0,0,1,2.071
14500,2.3363,2.6543,0.00,2.3363,2.6543,3,0,1,0,0,19,20,-61,0,0,0,1,2.066
14510,2.3314,2.6543,0.00,2.3314,2.6543,3,0,1,0,0,19,20,-61,0,0,0,1,2.061
14520,2.3266,2.6543,0.00,2.3266,2.6543,3,0,1,0,0,19,20,-61,0,0,0,1,2.057
14530,2.3217,2.6543,0.00,2.3217,2.6543,3,0,1,0,0,19,20,-61,0,0,0,1,2.052
14540,2.3169,2.6543,0.00,2.3169,2.6543,3,0,1,0,0,19,20,-61,0,0,0,1,2.047
14550,2.3120,2.6543,0.00,2.3120,2.6543,3,0,1,0,0,19,20,-61,0,0,0,1,2.042
14560,2.3072,2.6543,0.00,2.3072,2.6543,3,0,1,0,0,19,20,-61,0,0,0,1,2.037
14570,2.3023,2.6543,0.00,2.3023,2.6543,3,0,1,0,0,19,20,-61,0,0,0,1,2.032
14580,2.2975,2.6543,0.00,2.2975,2.6543,3,0,1,0,0,19,20,-61,0,0,0,1,2.027
14590,2.2926,2.6543,0.00,2.2926,2.6543,3,0,1,0,0,19,20,-61,0,0,0,1,2.023
14600,2.2877,2.6543,0.00,2.2877,2.6543,3,0,1,0,0,19,20,-61,0,0,0,1,2.018
14610,2.2829,2.6543,0.00,2.2829,2.6543,3,0,1,0,0,19,20,-61,0,0,0,1,2.013
14620,2.2780,2.6543,0.00,2.2780,2.6543,3,0,1,0,0,19,20,-61,0,0,0,1,2.008
14630,2.2732,2.6543,0.00,2.2732,2.6543,3,0,1,0,0,19,20,-61,0,0,0,1,2.003
14640,2.2683,2.6543,0.00,2.2683,2.6543,3,0,1,0,0,19,20,-61,0,0,0,1,1.998
14650,2.2635,2.6543,0.00,2.2635,2.6543,3,0,1,0,0,19,20,-61,0,0,0,1,1.993
14660,2.2586,2.6543,0.00,2.2586,2.6543,3,0,1,0,0,19,20,-61,0,0,0,1,1.989
14670,2.2538,2.6543,0.00,2.2538,2.6543,3,0,1,0,0,19,20,-61,0,0,0,1,1.984
14680,2.2489,2.6543,0.00,2.2489,2.6543,3,0,1,0,0,19,20,-61,0,0,0,1,1.979
14690,2.2441,2.6543,0.00,2.2441,2.6543,3,0,1,0,0,19,20,-61,0,0,0,1,1.974
14700,2.2392,2.6543,0.00,2.2392,2.6543,3,0,1,0,0,19,20,-61,0,0,0,1,1.969
14710,2.2343,2.6543,0.00,2.2343,2.6543,3,0,1,0,0,19,20,-61,0,0,0,1,1.964
14720,2.2295,2.6543,0.00,2.2295,2.6543,3,0,1,0,0,19,20,-61,0,0,0,1,1.959
14730,2.2246,2.6543,0.00,2.2246,2.6543,3,0,1,0,0,19,20,-61,0,0,0,1,1.955
14740,2.2198,2.6543,0.00,2.2198,2.6543,3,0,1,0,0,19,20,-61,0,0,0,1,1.950
14750,2.2149,2.6543,0.00,2.2149,2.6543,3,0,1,0,0,19,20,-61,0,0,0,1,1.945
14760,2.2101,2.6543,0.00,2.2101,2.6543,3,0,1,0,0,19,20,-61,0,0,0,1,1.940
14770,2.2052,2.6543,0.00,2.2052,2.6543,3,0,1,0,0,19,20,-61,0,0,0,1,1.935
14780,2.2004,2.6543,0.00,2.2004,2.6543,3,0,1,0,0,19,20,-61,0,0,0,1,1.930
14790,2.1955,2.6543,0.00,2.1955,2.6543,3,0,1,0,0,19,20,-61,0,0,0,1,1.926
14800,2.1906,2.6543,0.00,2.1906,2.6543,3,0,1,0,0,19,20,-61,0,0,0,1,1.921
14810,2.1858,2.6543,0.00,2.1858,2.6543,3,0,1,0,0,19,20,-61,0,0,0,1,1.916
14820,2.1809,2.6543,0.00,2.1809,2.6543,3,0,1,0,0,19,20,-61,0,0,0,1,1.911
14830,2.1761,2.6543,0.00,2.1761,2.6543,3,0,1,0,0,19,20,-61,0,0,0,1,1.906
14840,2.1712,2.6543,0.00,2.1712,2.6543,3,0,1,0,0,19,20,-61,0,0,0,1,1.901
14850,2.1664,2.6543,0.00,2.1664,2.6543,3,0,1,0,0,19,20,-61,0,0,0,1,1.896
14860,2.1615,2.6543,0.00,2.1615,2.6543,3,0,1,0,0,19,20,-61,0,0,0,1,1.892
14870,2.1567,2.6543,0.00,2.1567,2.6543,3,0,1,0,0,19,20,-61,0,0,0,1,1.887
14880,2.1518,2.6543,0.00,2.1518,2.6543,3,0,1,0,0,19,20,-61,0,0,0,1,1.882
14890,2.1470,2.6543,0.00,2.1470,2.6543,3,0,1,0,0,19,20,-61,0,0,0,1,1.877
14900,2.1421,2.6543,0.00,2.1421,2.6543,3,0,1,0,0,19,20,-61,0,0,0,1,1.872
14910,2.1372,2.6543,0.00,2.1372,2.6543,3,0,1,0,0,19,20,-61,0,0,0,1,1.867
14920,2.1324,2.6543,0.00,2.1324,2.6543,3,0,1,0,0,19,20,-61,0,0,0,1,1.862
14930,2.1275,2.6543,0.00,2.1275,2.6543,3,0,1,0,0,19,20,-61,0,0,0,1,1.858
14940,2.1227,2.6543,0.00,2.1227,2.6543,3,0,1,0,0,19,20,-61,0,0,0,1,1.853
14950,2.1178,2.6543,0.00,2.1178,2.6543,3,0,1,0,0,19,20,-61,0,0,0,1,1.848
14960,2.1130,2.6543,0.00,2.1130,2.6543,3,0,1,0,0,19,20,-61,0,0,0,1,1.843
14970,2.1081,2.6543,0.00,2.1081,2.6543,3,0,1,0,0,19,20,-61,0,0,0,1,1.838
14980,2.1033,2.6543,0.00,2.1033,2.6543,3,0,1,0,0,19,20,-61,0,0,0,1,1.833
14990,2.0984,2.6543,0.00,2.0984,2.6543,3,0,1,0,0,19,20,-61,0,0,0,1,1.828
15000,2.0936,2.6543,0.00,2.0936,2.6543,3,0,1,0,0,19,20,-61,0,0,0,1,1.824
15010,2.0887,2.6543,0.00,2.0887,2.6543,3,0,1,0,0,19,20,-61,0,0,0,1,1.819
15020,2.0838,2.6543,0.00,2.0838,2.6543,3,0,1,0,0,19,20,-61,0,0,0,1,1.814
15030,2.0790,2.6543,0.00,2.0790,2.6543,3,0,1,0,0,19,20,-61,0,0,0,1,1.809
15040,2.0741,2.6543,0.00,2.0741,2.6543,3,0,1,0,0,19,20,-61,0,0,0,1,1.804
15050,2.0693,2.6543,0.00,2.0693,2.6543,3,0,1,0,0,19,20,-61,0,0,0,1,1.799
15060,2.0644,2.6543,0.00,2.0644,2.6543,3,0,1,0,0,19,20,-61,0,0,0,1,1.794
15070,2.0596,2.6543,0.00,2.0596,2.6543,3,0,1,0,0,19,20,-61,0,0,0,1,1.790
15080,2.0547,2.6543,0.00,2.0547,2.6543,3,0,1,0,0,19,20,-61,0,0,0,1,1.785
15090,2.0499,2.6543,0.00,2.0499,2.6543,3,0,1,0,0,19,20,-61,0,0,0,1,1.780
15100,2.0450,2.6543,0.00,2.0450,2.6543,3,0,1,0,0,19,20,-61,0,0,0,1,1.775
15110,2.0401,2.6543,0.00,2.0401,2.6543,3,0,1,0,0,19,20,-61,0,0,0,1,1.770
15120,2.0353,2.6543,0.00,2.0353,2.6543,3,0,1,0,0,19,20,-61,0,0,0,1,1.765
15130,2.0304,2.6543,0.00,2.0304,2.6543,3,0,1,0,0,19,20,-61,0,0,0,1,1.760
15140,2.0256,2.6543,0.00,2.0256,2.6543,3,0,1,0,0,19,20,-61,0,0,0,1,1.756
15150,2.0207,2.6543,0.00,2.0207,2.6543,3,0,1,0,0,19,20,-61,0,0,0,1,1.751
15160,2.0159,2.6543,0.00,2.0159,2.6543,3,0,1,0,0,19,20,-61,0,0,0,1,1.746
15170,2.0110,2.6543,0.00,2.0110,2.6543,3,0,1,0,0,19,20,-61,0,0,0,1,1.741
15180,2.0062,2.6543,0.00,2.0062,2.6543,3,0,1,0,0,19,20,-61,0,0,0,1,1.736
15190,2.0013,2.6543,0.00,2.0013,2.6543,3,0,1,0,0,19,20,-61,0,0,0,1,1.731
15200,1.9965,2.6543,0.00,1.9965,2.6543,3,0,1,0,0,19,20,-61,0,0,0,1,1.726
15210,1.9916,2.6543,0.00,1.9916,2.6543,3,0,1,0,0,19,20,-61,0,0,0,1,1.722
15220,1.9867,2.6543,0.00,1.9867,2.6543,3,0,1,0,0,19,20,-61,0,0,0,1,1.717
15230,1.9819,2.6543,0.00,1.9819,2.6543,3,0,1,0,0,19,20,-61,0,0,0,1,1.712
15240,1.9770,2.6543,0.00,1.9770,2.6543,3,0,1,0,0,19,20,-61,0,0,0,1,1.707
15250,1.9722,2.6543,0.00,1.9722,2.6543,3,0,1,0,0,19,20,-61,0,0,0,1,1.702
15260,1.9673,2.6543,0.00,1.9673,2.6543,3,0,1,0,0,19,20,-61,0,0,0,1,1.697
15270,1.9625,2.6543,0.00,1.9625,2.6543,3,0,1,0,0,19,20,-61,0,0,0,1,1.692
15280,1.9576,2.6543,0.00,1.9576,2.6543,3,0,1,0,0,19,20,-61,0,0,0,1,1.688
15290,1.9528,2.6543,0.00,1.9528,2.6543,3,0,1,0,0,19,20,-61,0,0,0,1,1.683
15300,1.9479,2.6543,0.00,1.9479,2.6543,3,0,1,0,0,19,20,-61,0,0,0,1,1.678
15310,1.9431,2.6543,0.00,1.9431,2.6543,3,0,1,0,0,19,20,-61,0,0,0,1,1.673
15320,1.9382,2.6543,0.00,1.9382,2.6543,3,0,1,0,0,19,20,-61,0,0,0,1,1.668
15330,1.9333,2.6543,0.00,1.9333,2.6543,3,0,1,0,0,19,20,-61,0,0,0,1,1.663
15340,1.9285,2.6543,0.00,1.9285,2.6543,3,0,1,0,0,19,20,-61,0,0,0,1,1.658
15350,1.9236,2.6543,0.00,1.9236,2.6543,3,0,1,0,0,19,20,-61,0,0,0,1,1.654
15360,1.9188,2.6543,0.00,1.9188,2.6543,3,0,1,0,0,19,20,-61,0,0,0,1,1.649
15370,1.9139,2.6543,0.00,1.9139,2.6543,3,0,1,0,0,19,20,-61,0,0,0,1,1.644
15380,1.9091,2.6543,0.00,1.9091,2.6543,3,0,1,0,0,19,20,-61,0,0,0,1,1.639
15390,1.9042,2.6543,0.00,1.9042,2.6543,3,0,1,0,0,19,20,-61,0,0,0,1,1.634
15400,1.8994,2.6543,0.00,1.8994,2.6543,3,0,1,0,0,19,20,-61,0,0,0,1,1.629
15410,1.8945,2.6543,0.00,1.8945,2.6543,3,0,1,0,0,19,20,-61,0,0,0,1,1.625
15420,1.8896,2.6543,0.00,1.8896,2.6543,3,0,1,0,0,19,20,-61,0,0,0,1,1.620
15430,1.8848,2.6543,0.00,1.8848,2.6543,3,0,1,0,0,19,20,-61,0,0,0,1,1.615
15440,1.8799,2.6543,0.00,1.8799,2.6543,3,0,1,0,0,19,20,-61,0,0,0,1,1.610
15450,1.8751,2.6543,0.00,1.8751,2.6543,3,0,1,0,0,19,20,-61,0,0,0,1,1.605
15460,1.8702,2.6543,0.00,1.8702,2.6543,3,0,1,0,0,19,20,-61,0,0,0,1,1.600
15470,1.8654,2.6543,0.00,1.8654,2.6543,3,0,1,0,0,19,20,-61,0,0,0,1,1.595
15480,1.8605,2.6543,0.00,1.8605,2.6543,3,0,1,0,0,19,20,-61,0,0,0,1,1.591
15490,1.8557,2.6543,0.00,1.8557,2.6543,3,0,1,0,0,19,20,-61,0,0,0,1,1.586
15500,1.8508,2.6543,0.00,1.8508,2.6543,3,0,1,0,0,19,20,-61,0,0,0,1,1.581
15510,1.8460,2.6543,0.00,1.8460,2.6543,3,0,1,0,0,19,20,-61,0,0,0,1,1.576
15520,1.8411,2.6543,0.00,1.8411,2.6543,3,0,1,0,0,19,20,-61,0,0,0,1,1.571
15530,1.8362,2.6543,0.00,1.8362,2.6543,3,0,1,0,0,19,20,-61,0,0,0,1,1.566
15540,1.8314,2.6543,0.00,1.8314,2.6543,3,0,1,0,0,19,20,-61,0,0,0,1,1.561
15550,1.8265,2.6543,0.00,1.8265,2.6543,3,0,1,0,0,19,20,-61,0,0,0,1,1.557
15560,1.8217,2.6543,0.00,1.8217,2.6543,3,0,1,0,0,19,20,-61,0,0,0,1,1.552
15570,1.8168,2.6543,0.00,1.8168,2.6543,3,0,1,0,0,19,20,-61,0,0,0,1,1.547
15580,1.8120,2.6543,0.00,1.8120,2.6543,3,0,1,0,0,19,20,-61,0,0,0,1,1.542
15590,1.8071,2.6543,0.00,1.8071,2.6543,3,0,1,0,0,19,20,-61,0,0,0,1,1.537
15600,1.8023,2.6543,0.00,1.8023,2.6543,3,0,1,0,0,19,20,-61,0,0,0,1,1.532
15610,1.7974,2.6543,0.00,1.7974,2.6543,3,0,1,0,0,19,20,-61,0,0,0,1,1.527
15620,1.7926,2.6543,0.00,1.7926,2.6543,3,0,1,0,0,19,20,-61,0,0,0,1,1.523
15630,1.7877,2.6543,0.00,1.7877,2.6543,3,0,1,0,0,19,20,-61,0,0,0,1,1.518
15640,1.7828,2.6543,0.00,1.7828,2.6543,3,0,1,0,0,19,20,-61,0,0,0,1,1.513
15650,1.7780,2.6543,0.00,1.7780,2.6543,3,0,1,0,0,19,20,-61,0,0,0,1,1.508
15660,1.7731,2.6543,0.00,1.7731,2.6543,3,0,1,0,0,19,20,-61,0,0,0,1,1.503
15670,1.7683,2.6543,0.00,1.7683,2.6543,3,0,1,0,0,19,20,-61,0,0,0,1,1.498
15680,1.7634,2.6543,0.00,1.7634,2.6543,3,0,1,0,0,19,20,-61,0,0,0,1,1.493
15690,1.7586,2.6543,0.00,1.7586,2.6543,3,0,1,0,0,19,20,-61,0,0,0,1,1.489
15700,1.7537,2.6543,0.00,1.7537,2.6543,3,0,1,0,0,19,20,-61,0,0,0,1,1.484
15710,1.7489,2.6543,0.00,1.7489,2.6543,3,0,1,0,0,19,20,-61,0,0,0,1,1.479
15720,1.7440,2.6543,0.00,1.7440,2.6543,3,0,1,0,0,19,20,-61,0,0,0,1,1.474
15730,1.7392,2.6543,0.00,1.7392,2.6543,3,0,1,0,0,19,20,-61,0,0,0,1,1.469
15740,1.7343,2.6543,0.00,1.7343,2.6543,3,0,1,0,0,19,20,-61,0,0,0,1,1.464
15750,1.7294,2.6543,0.00,1.7294,2.6543,3,0,1,0,0,19,20,-61,0,0,0,1,1.459
15760,1.7246,2.6543,0.00,1.7246,2.6543,3,0,1,0,0,19,20,-61,0,0,0,1,1.455
15770,1.7197,2.6543,0.00,1.7197,2.6543,3,0,1,0,0,19,20,-61,0,0,0,1,1.450
15780,1.7149,2.6543,0.00,1.7149,2.6543,3,0,1,0,0,19,20,-61,0,0,0,1,1.445
15790,1.7100,2.6543,0.00,1.7100,2.6543,3,0,1,0,0,19,20,-61,0,0,0,1,1.440
15800,1.7052,2.6543,0.00,1.7052,2.6543,3,0,1,0,0,19,20,-61,0,0,0,1,1.435
15810,1.7003,2.6543,0.00,1.7003,2.6543,3,0,1,0,0,19,20,-61,0,0,0,1,1.430
15820,1.6955,2.6543,0.00,1.6955,2.6543,3,0,1,0,0,19,20,-61,0,0,0,1,1.425
15830,1.6906,2.6543,0.00,1.6906,2.6543,3,0,1,0,0,19,20,-61,0,0,0,1,1.421
15840,1.6857,2.6543,0.00,1.6857,2.6543,3,0,1,0,0,19,20,-61,0,0,0,1,1.416
15850,1.6809,2.6543,0.00,1.6809,2.6543,3,0,1,0,0,19,20,-61,0,0,0,1,1.411
15860,1.6760,2.6543,0.00,1.6760,2.6543,3,0,1,0,0,19,20,-61,0,0,0,1,1.406
15870,1.6712,2.6543,0.00,1.6712,2.6543,3,0,1,0,0,19,20,-61,0,0,0,1,1.401
15880,1.6663,2.6543,0.00,1.6663,2.6543,3,0,1,0,0,19,20,-61,0,0,0,1,1.396
15890,1.6615,2.6543,0.00,1.6615,2.6543,3,0,1,0,0,19,20,-61,0,0,0,1,1.391
15900,1.6566,2.6543,0.00,1.6566,2.6543,3,0,1,0,0,19,20,-61,0,0,0,1,1.387
15910,1.6518,2.6543,0.00,1.6518,2.6543,3,0,1,0,0,19,20,-61,0,0,0,1,1.382
15920,1.6469,2.6543,0.00,1.6469,2.6543,3,0,1,0,0,19,20,-61,0,0,0,1,1.377
15930,1.6421,2.6543,0.00,1.6421,2.6543,3,0,1,0,0,19,20,-61,0,0,0,1,1.372
15940,1.6372,2.6543,0.00,1.6372,2.6543,3,0,1,0,0,19,20,-61,0,0,0,1,1.367
15950,1.6323,2.6543,0.00,1.6323,2.6543,3,0,1,0,0,19,20,-61,0,0,0,1,1.362
15960,1.6275,2.6543,0.00,1.6275,2.6543,3,0,1,0,0,19,20,-61,0,0,0,1,1.357
15970,1.6226,2.6543,0.00,1.6226,2.6543,3,0,1,0,0,19,20,-61,0,0,0,1,1.353
15980,1.6178,2.6543,0.00,1.6178,2.6543,3,0,1,0,0,19,20,-61,0,0,0,1,1.348
15990,1.6129,2.6543,0.00,1.6129,2.6543,3,0,1,0,0,19,20,-61,0,0,0,1,1.343
16000,1.6081,2.6543,0.00,1.6081,2.6543,3,0,1,0,0,19,20,-61,0,0,0,1,1.338
16010,1.6032,2.6543,0.00,1.6032,2.6543,3,0,1,0,0,19,20,-61,0,0,0,1,1.333
16020,1.5984,2.6543,0.00,1.5984,2.6543,3,0,1,0,0,19,20,-61,0,0,0,1,1.328
16030,1.5935,2.6543,0.00,1.5935,2.6543,3,0,1,0,0,19,20,-61,0,0,0,1,1.324
16040,1.5887,2.6543,0.00,1.5887,2.6543,3,0,1,0,0,19,20,-61,0,0,0,1,1.319
16050,1.5838,2.6543,0.00,1.5838,2.6543,3,0,1,0,0,19,20,-61,0,0,0,1,1.314
16060,1.5789,2.6543,0.00,1.5789,2.6543,3,0,1,0,0,19,20,-61,0,0,0,1,1.309
16070,1.5741,2.6543,0.00,1.5741,2.6543,3,0,1,0,0,19,20,-61,0,0,0,1,1.304
16080,1.5692,2.6543,0.00,1.5692,2.6543,3,0,1,0,0,19,20,-61,0,0,0,1,1.299
16090,1.5644,2.6543,0.00,1.5644,2.6543,3,0,1,0,0,19,20,-61,0,0,0,1,1.294
16100,1.5595,2.6543,0.00,1.5595,2.6543,3,0,1,0,0,19,20,-61,0,0,0,1,1.290
16110,1.5547,2.6543,0.00,1.5547,2.6543,3,0,1,0,0,19,20,-61,0,0,0,1,1.285
16120,1.5498,2.6543,0.00,1.5498,2.6543,3,0,1,0,0,19,20,-61,0,0,0,1,1.280
16130,1.5450,2.6543,0.00,1.5450,2.6543,3,0,1,0,0,19,20,-61,0,0,0,1,1.275
16140,1.5401,2.6543,0.00,1.5401,2.6543,3,0,1,0,0,19,20,-61,0,0,0,1,1.270
16150,1.5352,2.6543,0.00,1.5352,2.6543,3,0,1,0,0,19,20,-61,0,0,0,1,1.265
16160,1.5304,2.6543,0.00,1.5304,2.6543,3,0,1,0,0,19,20,-61,0,0,0,1,1.260
16170,1.5255,2.6543,0.00,1.5255,2.6543,3,0,1,0,0,19,20,-61,0,0,0,1,1.256
16180,1.5207,2.6543,0.00,1.5207,2.6543,3,0,1,0,0,19,20,-61,0,0,0,1,1.251
16190,1.5158,2.6543,0.00,1.5158,2.6543,3,0,1,0,0,19,20,-61,0,0,0,1,1.246
16200,1.5110,2.6543,0.00,1.5110,2.6543,3,0,1,0,0,19,20,-61,0,0,0,1,1.241
16210,1.5061,2.6543,0.00,1.5061,2.6543,3,0,1,0,0,19,20,-61,0,0,0,1,1.236
16220,1.5013,2.6543,0.00,1.5013,2.6543,3,0,1,0,0,19,20,-61,0,0,0,1,1.231
16230,1.4964,2.6543,0.00,1.4964,2.6543,3,0,1,0,0,19,20,-61,0,0,0,1,1.226
16240,1.4916,2.6543,0.00,1.4916,2.6543,3,0,1,0,0,19,20,-61,0,0,0,1,1.222
16250,1.4867,2.6543,0.00,1.4867,2.6543,3,0,1,0,0,19,20,-61,0,0,0,1,1.217
16260,1.4818,2.6543,0.00,1.4818,2.6543,3,0,1,0,0,19,20,-61,0,0,0,1,1.212
16270,1.4770,2.6543,0.00,1.4770,2.6543,3,0,1,0,0,19,20,-61,0,0,0,1,1.207
16280,1.4721,2.6543,0.00,1.4721,2.6543,3,0,1,0,0,19,20,-61,0,0,0,1,1.202
16290,1.4673,2.6543,0.00,1.4673,2.6543,3,0,1,0,0,19,20,-61,0,0,0,1,1.197
16300,1.4624,2.6543,0.00,1.4624,2.6543,3,0,1,0,0,19,20,-61,0,0,0,1,1.192
16310,1.4576,2.6543,0.00,1.4576,2.6543,3,0,1,0,0,19,20,-61,0,0,0,1,1.188
16320,1.4527,2.6543,0.00,1.4527,2.6543,3,0,1,0,0,19,20,-61,0,0,0,1,1.183
16330,1.4479,2.6543,0.00,1.4479,2.6543,3,0,1,0,0,19,20,-61,0,0,0,1,1.178
16340,1.4430,2.6543,0.00,1.4430,2.6543,3,0,1,0,0,19,20,-61,0,0,0,1,1.173
16350,1.4382,2.6543,0.00,1.4382,2.6543,3,0,1,0,0,19,20,-61,0,0,0,1,1.168
16360,1.4333,2.6543,0.00,1.4333,2.6543,3,0,1,0,0,19,20,-61,0,0,0,1,1.163
16370,1.4284,2.6543,0.00,1.4284,2.6543,3,0,1,0,0,19,20,-61,0,0,0,1,1.158
16380,1.4236,2.6543,0.00,1.4236,2.6543,3,0,1,0,0,19,20,-61,0,0,0,1,1.154
16390,1.4187,2.6543,0.00,1.4187,2.6543,3,0,1,0,0,19,20,-61,0,0,0,1,1.149
16400,1.4139,2.6543,0.00,1.4139,2.6543,3,0,1,0,0,19,20,-61,0,0,0,1,1.144
16410,1.4090,2.6543,0.00,1.4090,2.6543,3,0,1,0,0,19,20,-61,0,0,0,1,1.139
16420,1.4042,2.6543,0.00,1.4042,2.6543,3,0,1,0,0,19,20,-61,0,0,0,1,1.134
16430,1.3993,2.6543,0.00,1.3993,2.6543,3,0,1,0,0,19,20,-61,0,0,0,1,1.129
16440,1.3945,2.6543,0.00,1.3945,2.6543,3,0,1,0,0,19,20,-61,0,0,0,1,1.124
16450,1.3896,2.6543,0.00,1.3896,2.6543,3,0,1,0,0,19,20,-61,0,0,0,1,1.120
16460,1.3847,2.6543,0.00,1.3847,2.6543,3,0,1,0,0,19,20,-61,0,0,0,1,1.115
16470,1.3799,2.6543,0.00,1.3799,2.6543,3,0,1,0,0,19,20,-61,0,0,0,1,1.110
16480,1.3750,2.6543,0.00,1.3750,2.6543,3,0,1,0,0,19,20,-61,0,0,0,1,1.105
16490,1.3702,2.6543,0.00,1.3702,2.6543,3,0,1,0,0,19,20,-61,0,0,0,1,1.100
16500,1.3653,2.6543,0.00,1.3653,2.6543,3,0,1,0,0,19,20,-61,0,0,0,1,1.095
16510,1.3605,2.6543,0.00,1.3605,2.6543,3,0,1,0,0,19,20,-61,0,0,0,1,1.090
16520,1.3556,2.6543,0.00,1.3556,2.6543,3,0,1,0,0,19,20,-61,0,0,0,1,1.086
16530,1.3508,2.6543,0.00,1.3508,2.6543,3,0,1,0,0,19,20,-61,0,0,0,1,1.081
16540,1.3459,2.6543,0.00,1.3459,2.6543,3,0,1,0,0,19,20,-61,0,0,0,1,1.076
16550,1.3411,2.6543,0.00,1.3411,2.6543,3,0,1,0,0,19,20,-61,0,0,0,1,1.071
16560,1.3362,2.6543,0.00,1.3362,2.6543,3,0,1,0,0,19,20,-61,0,0,0,1,1.066
16570,1.3313,2.6543,0.00,1.3313,2.6543,3,0,1,0,0,19,20,-61,0,0,0,1,1.061
16580,1.3265,2.6543,0.00,1.3265,2.6543,3,0,1,0,0,19,20,-61,0,0,0,1,1.056
16590,1.3216,2.6543,0.00,1.3216,2.6543,3,0,1,0,0,19,20,-61,0,0,0,1,1.052
16600,1.3168,2.6543,0.00,1.3168,2.6543,3,0,1,0,0,19,20,-61,0,0,0,1,1.047
16610,1.3119,2.6543,0.00,1.3119,2.6543,3,0,1,0,0,19,20,-61,0,0,0,1,1.042
16620,1.3071,2.6543,0.00,1.3071,2.6543,3,0,1,0,0,19,20,-61,0,0,0,1,1.037
16630,1.3022,2.6543,0.00,1.3022,2.6543,3,0,1,0,0,19,20,-61,0,0,0,1,1.032
16640,1.2974,2.6543,0.00,1.2974,2.6543,3,0,1,0,0,19,20,-61,0,0,0,1,1.027
16650,1.2925,2.6543,0.00,1.2925,2.6543,3,0,1,0,0,19,20,-61,0,0,0,1,1.023
16660,1.2877,2.6543,0.00,1.2877,2.6543,3,0,1,0,0,19,20,-61,0,0,0,1,1.018
16670,1.2828,2.6543,0.00,1.2828,2.6543,3,0,1,0,0,19,20,-61,0,0,0,1,1.013
16680,1.2779,2.6543,0.00,1.2779,2.6543,3,0,1,0,0,19,20,-61,0,0,0,1,1.008
16690,1.2731,2.6543,0.00,1.2731,2.6543,3,0,1,0,0,19,20,-61,0,0,0,1,1.003
16700,1.2682,2.6543,0.00,1.2682,2.6543,3,0,1,0,0,19,20,-61,0,0,0,1,0.998
16710,1.2634,2.6543,0.00,1.2634,2.6543,3,0,1,0,0,19,20,-61,0,0,0,1,0.993
16720,1.2585,2.6543,0.00,1.2585,2.6543,3,0,1,0,0,19,20,-61,0,0,0,1,0.989
16730,1.2537,2.6543,0.00,1.2537,2.6543,3,0,1,0,0,19,20,-61,0,0,0,1,0.984
16740,1.2488,2.6543,0.00,1.2488,2.6543,3,0,1,0,0,19,20,-61,0,0,0,1,0.979
16750,1.2440,2.6543,0.00,1.2440,2.6543,3,0,1,0,0,19,20,-61,0,0,0,1,0.974
16760,1.2391,2.6543,0.00,1.2391,2.6543,3,0,1,0,0,19,20,-61,0,0,0,1,0.969
16770,1.2343,2.6543,0.00,1.2343,2.6543,3,0,1,0,0,19,20,-61,0,0,0,1,0.964
16780,1.2294,2.6543,0.00,1.2294,2.6543,3,0,1,0,0,19,20,-61,0,0,0,1,0.959
16790,1.2245,2.6543,0.00,1.2245,2.6543,3,0,1,0,0,19,20,-61,0,0,0,1,0.955
16800,1.2197,2.6543,0.00,1.2197,2.6543,3,0,1,0,0,19,20,-61,0,0,0,1,0.950
16810,1.2148,2.6543,0.00,1.2148,2.6543,3,0,1,0,0,19,20,-61,0,0,0,1,0.945
16820,1.2100,2.6543,0.00,1.2100,2.6543,3,0,1,0,0,19,20,-61,0,0,0,1,0.940
16830,1.2051,2.6543,0.00,1.2051,2.6543,3,0,1,0,0,19,20,-61,0,0,0,1,0.935
16840,1.2003,2.6543,0.00,1.2003,2.6543,3,0,1,0,0,19,20,-61,0,0,0,1,0.930
16850,1.1954,2.6543,0.00,1.1954,2.6543,3,0,1,0,0,19,20,-61,0,0,0,1,0.925
16860,1.1906,2.6543,0.00,1.1906,2.6543,3,0,1,0,0,19,20,-61,0,0,0,1,0.921
16870,1.1857,2.6543,0.00,1.1857,2.6543,3,0,1,0,0,19,20,-61,0,0,0,1,0.916
16880,1.1808,2.6543,0.00,1.1808,2.6543,3,0,1,0,0,19,20,-61,0,0,0,1,0.911
16890,1.1760,2.6543,0.00,1.1760,2.6543,3,0,1,0,0,19,20,-61,0,0,0,1,0.906
16900,1.1711,2.6543,0.00,1.1711,2.6543,3,0,1,0,0,19,20,-61,0,0,0,1,0.901
16910,1.1663,2.6543,0.00,1.1663,2.6543,3,0,1,0,0,19,20,-61,0,0,0,1,0.896
16920,1.1614,2.6543,0.00,1.1614,2.6543,3,0,1,0,0,19,20,-61,0,0,0,1,0.891
16930,1.1566,2.6543,0.00,1.1566,2.6543,3,0,1,0,0,19,20,-61,0,0,0,1,0.887
16940,1.1517,2.6543,0.00,1.1517,2.6543,3,0,1,0,0,19,20,-61,0,0,0,1,0.882
16950,1.1469,2.6543,0.00,1.1469,2.6543,3,0,1,0,0,19,20,-61,0,0,0,1,0.877
16960,1.1420,2.6543,0.00,1.1420,2.6543,3,0,1,0,0,19,20,-61,0,0,0,1,0.872
16970,1.1372,2.6543,0.00,1.1372,2.6543,3,0,1,0,0,19,20,-61,0,0,0,1,0.867
16980,1.1323,2.6543,0.00,1.1323,2.6543,3,0,1,0,0,19,20,-61,0,0,0,1,0.862
16990,1.1274,2.6543,0.00,1.1274,2.6543,3,0,1,0,0,19,20,-61,0,0,0,1,0.857
17000,1.1226,2.6543,0.00,1.1226,2.6543,3,0,1,0,0,19,20,-61,0,0,0,1,0.853
17010,1.1177,2.6543,0.00,1.1177,2.6543,3,0,1,0,0,19,20,-61,0,0,0,1,0.848
17020,1.1129,2.6543,0.00,1.1129,2.6543,3,0,1,0,0,19,20,-61,0,0,0,1,0.843
17030,1.1080,2.6543,0.00,1.1080,2.6543,3,0,1,0,0,19,20,-61,0,0,0,1,0.838
17040,1.1032,2.6543,0.00,1.1032,2.6543,3,0,1,0,0,19,20,-61,0,0,0,1,0.833
17050,1.0983,2.6543,0.00,1.0983,2.6543,3,0,1,0,0,19,20,-61,0,0,0,1,0.828
17060,1.0935,2.6543,0.00,1.0935,2.6543,3,0,1,0,0,19,20,-61,0,0,0,1,0.823
17070,1.0886,2.6543,0.00,1.0886,2.6543,3,0,1,0,0,19,20,-61,0,0,0,1,0.819
17080,1.0838,2.6543,0.00,1.0838,2.6543,3,0,1,0,0,19,20,-61,0,0,0,1,0.814
17090,1.0789,2.6543,0.00,1.0789,2.6543,3,0,1,0,0,19,20,-61,0,0,0,1,0.809
17100,1.0740,2.6543,0.00,1.0740,2.6543,3,0,1,0,0,19,20,-61,0,0,0,1,0.804
17110,1.0692,2.6543,0.00,1.0692,2.6543,3,0,1,0,0,19,20,-61,0,0,0,1,0.799
17120,1.0643,2.6543,0.00,1.0643,2.6543,3,0,1,0,0,19,20,-61,0,0,0,1,0.794
17130,1.0595,2.6543,0.00,1.0595,2.6543,3,0,1,0,0,19,20,-61,0,0,0,1,0.789
17140,1.0546,2.6543,0.00,1.0546,2.6543,3,0,1,0,0,19,20,-61,0,0,0,1,0.785
17150,1.0498,2.6543,0.00,1.0498,2.6543,3,0,1,0,0,19,20,-61,0,0,0,1,0.780
17160,1.0449,2.6543,0.00,1.0449,2.6543,3,0,1,0,0,19,20,-61,0,0,0,1,0.775
17170,1.0401,2.6543,0.00,1.0401,2.6543,3,0,1,0,0,19,20,-61,0,0,0,1,0.770
17180,1.0352,2.6543,0.00,1.0352,2.6543,3,0,1,0,0,19,20,-61,0,0,0,1,0.765
17190,1.0303,2.6543,0.00,1.0303,2.6543,3,0,1,0,0,19,20,-61,0,0,0,1,0.760
17200,1.0255,2.6543,0.00,1.0255,2.6543,3,0,1,0,0,19,20,-61,0,0,0,1,0.755
17210,1.0206,2.6543,0.00,1.0206,2.6543,3,0,1,0,0,19,20,-61,0,0,0,1,0.751
17220,1.0158,2.6543,0.00,1.0158,2.6543,3,0,1,0,0,19,20,-61,0,0,0,1,0.746
17230,1.0109,2.6543,0.00,1.0109,2.6543,3,0,1,0,0,19,20,-61,0,0,0,1,0.741
17240,1.0061,2.6543,0.00,1.0061,2.6543,3,0,1,0,0,19,20,-61,0,0,0,1,0.736
17250,1.0012,2.6543,0.00,1.0012,2.6543,3,0,1,0,0,19,20,-61,0,0,0,1,0.731
17260,0.9964,2.6543,0.00,0.9964,2.6543,3,0,1,0,0,19,20,-61,0,0,0,1,0.726
17270,0.9915,2.6543,0.00,0.9915,2.6543,3,0,1,0,0,19,20,-61,0,0,0,1,0.722
17280,0.9867,2.6543,0.00,0.9867,2.6543,3,0,1,0,0,19,20,-61,0,0,0,1,0.717
17290,0.9818,2.6543,0.00,0.9818,2.6543,3,0,1,0,0,19,20,-61,0,0,0,1,0.712
17300,0.9769,2.6543,0.00,0.9769,2.6543,3,0,1,0,0,20,20,-61,0,0,0,1,0.707
17310,0.9721,2.6543,0.00,0.9721,2.6543,3,0,1,0,0,20,20,-61,0,0,0,1,0.702
17320,0.9672,2.6543,0.00,0.9672,2.6543,3,0,1,0,0,20,20,-61,0,0,0,1,0.697
17330,0.9624,2.6543,0.00,0.9624,2.6543,3,0,1,0,0,20,20,-61,0,0,0,1,0.692
17340,0.9575,2.6543,0.00,0.9575,2.6543,3,0,1,0,0,20,20,-61,0,0,0,1,0.688
17350,0.9527,2.6543,0.00,0.9527,2.6543,3,0,1,0,0,20,20,-61,0,0,0,1,0.683
17360,0.9478,2.6543,0.00,0.9478,2.6543,3,0,1,0,0,20,20,-61,0,0,0,1,0.678
17370,0.9430,2.6543,0.00,0.9430,2.6543,3,0,1,0,0,20,20,-61,0,0,0,1,0.673
17380,0.9381,2.6543,0.00,0.9381,2.6543,3,0,1,0,0,20,20,-61,0,0,0,1,0.668
17390,0.9333,2.6543,0.00,0.9333,2.6543,3,0,1,0,0,20,20,-61,0,0,0,1,0.663
17400,0.9284,2.6543,0.00,0.9284,2.6543,3,0,1,0,0,20,20,-61,0,0,0,1,0.658
17410,0.9235,2.6543,0.00,0.9235,2.6543,3,0,1,0,0,20,20,-61,0,0,0,1,0.654
17420,0.9187,2.6543,0.00,0.9187,2.6543,3,0,1,0,0,20,20,-61,0,0,0,1,0.649
17430,0.9138,2.6543,0.00,0.9138,2.6543,3,0,1,0,0,20,20,-61,0,0,0,1,0.644
17440,0.9090,2.6543,0.00,0.9090,2.6543,3,0,1,0,0,20,20,-61,0,0,0,1,0.639
17450,0.9041,2.6543,0.00,0.9041,2.6543,3,0,1,0,0,20,20,-61,0,0,0,1,0.634
17460,0.8993,2.6543,0.00,0.8993,2.6543,3,0,1,0,0,20,20,-61,0,0,0,1,0.629
17470,0.8944,2.6543,0.00,0.8944,2.6543,3,0,1,0,0,20,20,-61,0,0,0,1,0.624
17480,0.8896,2.6543,0.00,0.8896,2.6543,3,0,1,0,0,20,20,-61,0,0,0,1,0.620
17490,0.8847,2.6543,0.00,0.8847,2.6543,3,0,1,0,0,20,20,-61,0,0,0,1,0.615
17500,0.8798,2.6543,0.00,0.8798,2.6543,3,0,1,0,0,20,20,-61,0,0,0,1,0.610
17510,0.8750,2.6543,0.00,0.8750,2.6543,3,0,1,0,0,20,20,-61,0,0,0,1,0.605
17520,0.8701,2.6543,0.00,0.8701,2.6543,3,0,1,0,0,20,20,-61,0,0,0,1,0.600
17530,0.8653,2.6543,0.00,0.8653,2.6543,3,0,1,0,0,20,20,-61,0,0,0,1,0.595
17540,0.8604,2.6543,0.00,0.8604,2.6543,3,0,1,0,0,20,20,-61,0,0,0,1,0.590
17550,0.8556,2.6543,0.00,0.8556,2.6543,3,0,1,0,0,20,20,-61,0,0,0,1,0.586
17560,0.8507,2.6543,0.00,0.8507,2.6543,3,0,1,0,0,20,20,-61,0,0,0,1,0.581
17570,0.8459,2.6543,0.00,0.8459,2.6543,3,0,1,0,0,20,20,-61,0,0,0,1,0.576
17580,0.8410,2.6543,0.00,0.8410,2.6543,3,0,1,0,0,20,20,-61,0,0,0,1,0.571
17590,0.8362,2.6543,0.00,0.8362,2.6543,3,0,1,0,0,20,20,-61,0,0,0,1,0.566
17600,0.8313,2.6543,0.00,0.8313,2.6543,3,0,1,0,0,20,20,-61,0,0,0,1,0.561
17610,0.8264,2.6543,0.00,0.8264,2.6543,3,0,1,0,0,20,20,-61,0,0,0,1,0.556
17620,0.8216,2.6543,0.00,0.8216,2.6543,3,0,1,0,0,20,20,-61,0,0,0,1,0.552
17630,0.8167,2.6543,0.00,0.8167,2.6543,3,0,1,0,0,20,20,-61,0,0,0,1,0.547
17640,0.8119,2.6543,0.00,0.8119,2.6543,3,0,1,0,0,20,20,-61,0,0,0,1,0.542
17650,0.8070,2.6543,0.00,0.8070,2.6543,3,0,1,0,0,20,20,-61,0,0,0,1,0.537
17660,0.8022,2.6543,0.00,0.8022,2.6543,3,0,1,0,0,20,20,-61,0,0,0,1,0.532
17670,0.7973,2.6543,0.00,0.7973,2.6543,3,0,1,0,0,20,20,-61,0,0,0,1,0.527
17680,0.7925,2.6543,0.00,0.7925,2.6543,3,0,1,0,0,20,20,-61,0,0,0,1,0.522
17690,0.7876,2.6543,0.00,0.7876,2.6543,3,0,1,0,0,20,20,-61,0,0,0,1,0.518
17700,0.7828,2.6543,0.00,0.7828,2.6543,3,0,1,0,0,20,20,-61,0,0,0,1,0.513
17710,0.7779,2.6543,0.00,0.7779,2.6543,3,0,1,0,0,20,20,-61,0,0,0,1,0.508
17720,0.7730,2.6543,0.00,0.7730,2.6543,3,0,1,0,0,20,20,-61,0,0,0,1,0.503
17730,0.7682,2.6543,0.00,0.7682,2.6543,3,0,1,0,0,20,20,-61,0,0,0,1,0.498
17740,0.7633,2.6543,0.00,0.7633,2.6543,3,0,1,0,0,20,20,-61,0,0,0,1,0.493
17750,0.7585,2.6543,0.00,0.7585,2.6543,3,0,1,0,0,20,20,-61,0,0,0,1,0.488
17760,0.7536,2.6543,0.00,0.7536,2.6543,3,0,1,0,0,20,20,-61,0,0,0,1,0.484
17770,0.7488,2.6543,0.00,0.7488,2.6543,3,0,1,0,0,20,20,-61,0,0,0,1,0.479
17780,0.7439,2.6543,0.00,0.7439,2.6543,3,0,1,0,0,20,20,-61,0,0,0,1,0.474
17790,0.7391,2.6543,0.00,0.7391,2.6543,3,0,1,0,0,20,20,-61,0,0,0,1,0.469
17800,0.7342,2.6543,0.00,0.7342,2.6543,3,0,1,0,0,20,20,-61,0,0,0,1,0.464
17810,0.7294,2.6543,0.00,0.7294,2.6543,3,0,1,0,0,20,20,-61,0,0,0,1,0.459
17820,0.7245,2.6543,0.00,0.7245,2.6543,3,0,1,0,0,20,20,-61,0,0,0,1,0.454
17830,0.7196,2.6543,0.00,0.7196,2.6543,3,0,1,0,0,20,20,-61,0,0,0,1,0.450
17840,0.7148,2.6543,0.00,0.7148,2.6543,3,0,1,0,0,20,20,-61,0,0,0,1,0.445
17850,0.7099,2.6543,0.00,0.7099,2.6543,3,0,1,0,0,20,20,-61,0,0,0,1,0.440
17860,0.7051,2.6543,0.00,0.7051,2.6543,3,0,1,0,0,20,20,-61,0,0,0,1,0.435
17870,0.7002,2.6543,0.00,0.7002,2.6543,3,0,1,0,0,20,20,-61,0,0,0,1,0.430
17880,0.6954,2.6543,0.00,0.6954,2.6543,3,0,1,0,0,20,20,-61,0,0,0,1,0.425
17890,0.6905,2.6543,0.00,0.6905,2.6543,3,0,1,0,0,20,20,-61,0,0,0,1,0.421
17900,0.6857,2.6543,0.00,0.6857,2.6543,3,0,1,0,0,20,20,-61,0,0,0,1,0.416
17910,0.6808,2.6543,0.00,0.6808,2.6543,3,0,1,0,0,20,20,-61,0,0,0,1,0.411
17920,0.6759,2.6543,0.00,0.6759,2.6543,3,0,1,0,0,20,20,-61,0,0,0,1,0.406
17930,0.6711,2.6543,0.00,0.6711,2.6543,3,0,1,0,0,20,20,-61,0,0,0,1,0.401
17940,0.6662,2.6543,0.00,0.6662,2.6543,3,0,1,0,0,20,20,-61,0,0,0,1,0.396
17950,0.6614,2.6543,0.00,0.6614,2.6543,3,0,1,0,0,20,20,-61,0,0,0,1,0.391
17960,0.6565,2.6543,0.00,0.6565,2.6543,3,0,1,0,0,20,20,-61,0,0,0,1,0.387
17970,0.6517,2.6543,0.00,0.6517,2.6543,3,0,1,0,0,20,20,-61,0,0,0,1,0.382
17980,0.6468,2.6543,0.00,0.6468,2.6543,3,0,1,0,0,20,20,-61,0,0,0,1,0.377
17990,0.6420,2.6543,0.00,0.6420,2.6543,3,0,1,0,0,20,20,-61,0,0,0,1,0.372
18000,0.6371,2.6543,0.00,0.6371,2.6543,3,0,1,0,0,20,20,-61,0,0,0,1,0.367
18010,0.6323,2.6543,0.00,0.6323,2.6543,3,0,1,0,0,20,20,-61,0,0,0,1,0.362
18020,0.6274,2.6543,0.00,0.6274,2.6543,3,0,1,0,0,20,20,-61,0,0,0,1,0.357
18030,0.6225,2.6543,0.00,0.6225,2.6543,3,0,1,0,0,20,20,-61,0,0,0,1,0.353
18040,0.6177,2.6543,0.00,0.6177,2.6543,3,0,1,0,0,20,20,-61,0,0,0,1,0.348
18050,0.6128,2.6543,0.00,0.6128,2.6543,3,0,1,0,0,20,20,-61,0,0,0,1,0.343
18060,0.6080,2.6543,0.00,0.6080,2.6543,3,0,1,0,0,20,20,-61,0,0,0,1,0.338
18070,0.6031,2.6543,0.00,0.6031,2.6543,3,0,1,0,0,20,20,-61,0,0,0,1,0.333
18080,0.5983,2.6543,0.00,0.5983,2.6543,3,0,1,0,0,20,20,-61,0,0,0,1,0.328
18090,0.5934,2.6543,0.00,0.5934,2.6543,3,0,1,0,0,20,20,-61,0,0,0,1,0.323
18100,0.5886,2.6543,0.00,0.5886,2.6543,3,0,1,0,0,20,20,-61,0,0,0,1,0.319
18110,0.5837,2.6543,0.00,0.5837,2.6543,3,0,1,0,0,20,20,-61,0,0,0,1,0.314
18120,0.5789,2.6543,0.00,0.5789,2.6543,3,0,1,0,0,20,20,-61,0,0,0,1,0.309
18130,0.5740,2.6543,0.00,0.5740,2.6543,3,0,1,0,0,20,20,-61,0,0,0,1,0.304
18140,0.5691,2.6543,0.00,0.5691,2.6543,3,0,1,0,0,20,20,-61,0,0,0,1,0.299
18150,0.5643,2.6543,0.00,0.5643,2.6543,3,0,1,0,0,20,20,-61,0,0,0,1,0.294
18160,0.5594,2.6543,0.00,0.5594,2.6543,3,0,1,0,0,20,20,-61,0,0,0,1,0.289
18170,0.5546,2.6543,0.00,0.5546,2.6543,3,0,1,0,0,20,20,-61,0,0,0,1,0.285
18180,0.5497,2.6543,0.00,0.5497,2.6543,3,0,1,0,0,20,20,-61,0,0,0,1,0.280
18190,0.5449,2.6543,0.00,0.5449,2.6543,3,0,1,0,0,20,20,-61,0,0,0,1,0.275
18200,0.5400,2.6543,0.00,0.5400,2.6543,3,0,1,0,0,20,20,-61,0,0,0,1,0.270
18210,0.5352,2.6543,0.00,0.5352,2.6543,3,0,1,0,0,20,20,-61,0,0,0,1,0.265
18220,0.5303,2.6543,0.00,0.5303,2.6543,3,0,1,0,0,20,20,-61,0,0,0,1,0.260
18230,0.5254,2.6543,0.00,0.5254,2.6543,3,0,1,0,0,20,20,-61,0,0,0,1,0.255
18240,0.5206,2.6543,0.00,0.5206,2.6543,3,0,1,0,0,20,20,-61,0,0,0,1,0.251
18250,0.5157,2.6543,0.00,0.5157,2.6543,3,0,1,0,0,20,20,-61,0,0,0,1,0.246
18260,0.5109,2.6543,0.00,0.5109,2.6543,3,0,1,0,0,20,20,-61,0,0,0,1,0.241
18270,0.5060,2.6543,0.00,0.5060,2.6543,3,0,1,0,0,20,20,-61,0,0,0,1,0.236
18280,0.5012,2.6543,0.00,0.5012,2.6543,3,0,1,0,0,20,20,-61,0,0,0,1,0.231
18290,0.4963,2.6543,0.00,0.4963,2.6543,3,0,1,0,0,20,20,-61,0,0,0,1,0.226
18300,0.4915,2.6543,0.00,0.4915,2.6543,3,0,1,0,0,20,20,-61,0,0,0,1,0.221
18310,0.4866,2.6543,0.00,0.4866,2.6543,3,0,1,0,0,20,20,-61,0,0,0,1,0.217
18320,0.4818,2.6543,0.00,0.4818,2.6543,3,0,1,0,0,20,20,-61,0,0,0,1,0.212
18330,0.4769,2.6543,0.00,0.4769,2.6543,3,0,1,0,0,20,20,-61,0,0,0,1,0.207
18340,0.4720,2.6543,0.00,0.4720,2.6543,3,0,1,0,0,20,20,-61,0,0,0,1,0.202
18350,0.4672,2.6543,0.00,0.4672,2.6543,3,0,1,0,0,20,20,-61,0,0,0,1,0.197
18360,0.4623,2.6543,0.00,0.4623,2.6543,3,0,1,0,0,20,20,-61,0,0,0,1,0.192
18370,0.4575,2.6543,0.00,0.4575,2.6543,3,0,1,0,0,20,20,-61,0,0,0,1,0.187
18380,0.4526,2.6543,0.00,0.4526,2.6543,3,0,1,0,0,20,20,-61,0,0,0,1,0.183
18390,0.4478,2.6543,0.00,0.4478,2.6543,3,0,1,0,0,20,20,-61,0,0,0,1,0.178
18400,0.4429,2.6543,0.00,0.4429,2.6543,3,0,1,0,0,20,20,-61,0,0,0,1,0.173
18410,0.4381,2.6543,0.00,0.4381,2.6543,3,0,1,0,0,20,20,-61,0,0,0,1,0.168
18420,0.4332,2.6543,0.00,0.4332,2.6543,3,0,1,0,0,20,20,-61,0,0,0,1,0.163
18430,0.4284,2.6543,0.00,0.4284,2.6543,3,0,1,0,0,20,20,-61,0,1,0,1,0.158
18440,0.4235,2.6543,0.00,0.4235,2.6543,3,0,1,0,0,20,20,-61,0,1,0,1,0.153
18450,0.4186,2.6543,0.00,0.4186,2.6543,3,0,1,0,0,20,19,-57,0,1,0,1,0.149
18460,0.4139,2.6543,0.00,0.4139,2.6543,3,0,1,0,0,20,19,-57,0,1,0,1,0.144
18470,0.4093,2.6543,0.00,0.4093,2.6543,3,0,1,0,0,20,19,-57,0,1,0,1,0.139
18480,0.4048,2.6543,0.00,0.4048,2.6543,3,0,1,0,0,20,19,-57,0,1,0,1,0.135
18490,0.4003,2.6543,0.00,0.4003,2.6543,3,0,1,0,0,20,19,-57,0,1,0,1,0.130
18500,0.3957,2.6543,0.00,0.3957,2.6543,3,0,1,0,0,20,17,0,0,1,0,1,0.126
18510,0.3913,2.6543,0.00,0.3913,2.6543,3,0,1,0,0,20,17,0,0,1,0,1,0.121
18520,0.3871,2.6543,0.00,0.3871,2.6543,3,0,1,0,0,20,17,-49,0,1,0,1,0.117
18530,0.3830,2.6543,0.00,0.3830,2.6543,3,0,1,0,0,20,17,-49,0,1,0,1,0.113
18540,0.3792,2.6543,0.00,0.3792,2.6543,3,0,1,0,0,20,17,-49,0,1,0,1,0.109
18550,0.3756,2.6543,0.00,0.3756,2.6543,3,0,1,0,0,20,15,0,0,1,0,1,0.106
18560,0.3722,2.6543,0.00,0.3722,2.6543,3,0,1,0,0,20,15,-39,0,1,0,1,0.102
18570,0.3689,2.6543,0.00,0.3689,2.6543,3,0,1,0,0,20,15,-39,0,1,0,1,0.099
18580,0.3659,2.6543,0.00,0.3659,2.6543,3,0,1,0,0,20,15,-39,0,1,0,1,0.096
18590,0.3631,2.6543,0.00,0.3631,2.6543,3,0,1,0,0,20,15,-39,0,1,0,1,0.093
18600,0.3605,2.6543,0.00,0.3605,2.6543,3,0,1,0,0,20,13,0,0,1,0,1,0.090
18610,0.3580,2.6543,0.00,0.3580,2.6543,4,0,0,0,0,20,13,0,0,0,0,0,1000.000
18620,0.3558,2.6543,0.00,0.3558,2.6543,4,0,0,0,0,20,13,0,0,0,0,0,1000.000
18630,0.3538,2.6543,0.00,0.3538,2.6543,4,0,0,0,0,20,13,0,0,0,0,0,1000.000
18640,0.3520,2.6543,0.00,0.3520,2.6543,4,0,0,0,0,20,13,0,0,0,0,0,1000.000
18650,0.3503,2.6543,0.00,0.3503,2.6543,4,0,0,0,0,20,12,0,0,0,0,0,1000.000
18660,0.3489,2.6543,0.00,0.3489,2.6543,4,0,0,0,0,20,12,0,0,0,0,0,1000.000
18670,0.3477,2.6543,0.00,0.3477,2.6543,4,0,0,0,0,20,12,0,0,0,0,0,1000.000
18680,0.3466,2.6543,0.00,0.3466,2.6543,4,0,0,0,0,20,12,0,0,0,0,0,1000.000
18690,0.3458,2.6543,0.00,0.3458,2.6543,4,0,0,0,0,20,12,0,0,0,0,0,1000.000
18700,0.3452,2.6543,0.00,0.3452,2.6543,4,0,1,0,0,20,12,0,0,0,0,0,1000.000
18710,0.3448,2.6543,0.00,0.3448,2.6543,4,0,1,0,0,20,12,0,0,0,0,0,1000.000
18720,0.3445,2.6543,0.00,0.3445,2.6543,4,0,1,0,0,20,12,0,0,0,0,0,1000.000
18730,0.3445,2.6543,0.00,0.3445,2.6543,4,0,1,0,0,20,12,0,0,0,0,0,1000.000
18740,0.3445,2.6543,0.00,0.3445,2.6543,4,0,1,0,0,20,12,0,0,0,0,0,1000.000
18750,0.3445,2.6543,0.00,0.3445,2.6543,4,0,1,0,0,20,12,0,53,0,1,0,3.017
18760,0.3445,2.6544,0.00,0.3445,2.6544,4,0,1,0,0,20,12,0,53,0,1,0,3.017
18770,0.3445,2.6546,0.00,0.3445,2.6546,4,0,1,0,0,20,12,0,53,0,1,0,3.017
18780,0.3445,2.6549,0.00,0.3445,2.6549,4,0,1,0,0,20,12,0,53,0,1,0,3.017
18790,0.3445,2.6554,0.00,0.3445,2.6554,4,0,1,0,0,20,12,0,53,0,1,0,3.016
18800,0.3445,2.6560,0.00,0.3445,2.6560,4,0,1,0,0,20,12,0,53,0,1,0,3.015
18810,0.3445,2.6568,0.00,0.3445,2.6568,4,0,1,0,0,20,12,0,53,0,1,0,3.015
18820,0.3445,2.6577,0.00,0.3445,2.6577,4,0,1,0,0,20,12,0,53,0,1,0,3.014
18830,0.3445,2.6587,0.00,0.3445,2.6587,4,0,1,0,0,20,12,0,53,0,1,0,3.013
18840,0.3445,2.6599,0.00,0.3445,2.6599,4,0,1,0,0,20,12,0,53,0,1,0,3.012
18850,0.3445,2.6612,0.00,0.3445,2.6612,4,0,1,0,0,20,12,0,53,0,1,0,3.010
18860,0.3445,2.6627,0.00,0.3445,2.6627,4,0,1,0,0,20,12,0,53,0,1,0,3.009
18870,0.3445,2.6643,0.00,0.3445,2.6643,4,0,1,0,0,20,12,0,53,0,1,0,3.007
18880,0.3445,2.6661,0.00,0.3445,2.6661,4,0,1,0,0,20,12,0,53,0,1,0,3.005
18890,0.3445,2.6680,0.00,0.3445,2.6680,4,0,1,0,0,20,12,0,53,0,1,0,3.004
18900,0.3445,2.6700,0.00,0.3445,2.6700,4,0,1,0,0,20,12,0,53,0,1,0,3.001
18910,0.3445,2.6722,0.00,0.3445,2.6722,4,0,1,0,0,20,12,0,53,0,1,0,2.999
18920,0.3445,2.6745,0.00,0.3445,2.6745,4,0,1,0,0,20,12,0,53,0,1,0,2.997
18930,0.3445,2.6769,0.00,0.3445,2.6769,4,0,1,0,0,20,12,0,53,0,1,0,2.995
18940,0.3445,2.6795,0.00,0.3445,2.6795,4,0,1,0,0,20,12,0,53,0,1,0,2.992
18950,0.3445,2.6823,0.00,0.3445,2.6823,4,0,1,0,0,20,12,0,53,0,1,0,2.989
18960,0.3445,2.6851,0.00,0.3445,2.6851,4,0,1,0,0,20,12,0,53,0,1,0,2.986
18970,0.3445,2.6882,0.00,0.3445,2.6882,4,0,1,0,0,20,12,0,53,0,1,0,2.983
18980,0.3445,2.6913,0.00,0.3445,2.6913,4,0,1,0,0,20,12,0,53,0,1,0,2.980
18990,0.3445,2.6946,0.00,0.3445,2.6946,4,0,1,0,0,20,12,0,53,0,1,0,2.977
19000,0.3445,2.6981,0.00,0.3445,2.6981,4,0,1,0,0,20,12,0,53,0,1,0,2.973
19010,0.3445,2.7016,0.00,0.3445,2.7016,4,0,1,0,0,20,12,0,53,0,1,0,2.970
19020,0.3445,2.7053,0.00,0.3445,2.7053,4,0,1,0,0,20,12,0,53,0,1,0,2.966
19030,0.3445,2.7092,0.00,0.3445,2.7092,4,0,1,0,0,20,12,0,53,0,1,0,2.962
19040,0.3445,2.7132,0.00,0.3445,2.7132,4,0,1,0,0,20,12,0,53,0,1,0,2.958
19050,0.3445,2.7174,0.00,0.3445,2.7174,4,0,1,0,0,20,12,0,53,0,1,0,2.954
19060,0.3445,2.7216,0.00,0.3445,2.7216,4,0,1,0,0,20,12,0,53,0,1,0,2.950
19070,0.3445,2.7258,0.00,0.3445,2.7258,4,0,1,0,0,20,12,0,53,0,1,0,2.946
19080,0.3445,2.7300,0.00,0.3445,2.7300,4,0,1,0,0,20,12,0,53,0,1,0,2.941
19090,0.3445,2.7342,0.00,0.3445,2.7342,4,0,1,0,0,20,12,0,53,0,1,0,2.937
19100,0.3445,2.7384,0.00,0.3445,2.7384,4,0,1,0,0,20,12,0,53,0,1,0,2.933
19110,0.3445,2.7427,0.00,0.3445,2.7427,4,0,1,0,0,20,12,0,53,0,1,0,2.929
19120,0.3445,2.7469,0.00,0.3445,2.7469,4,0,1,0,0,20,12,0,53,0,1,0,2.925
19130,0.3445,2.7511,0.00,0.3445,2.7511,4,0,1,0,0,20,12,0,53,0,1,0,2.920
19140,0.3445,2.7553,0.00,0.3445,2.7553,4,0,1,0,0,20,12,0,53,0,1,0,2.916
19150,0.3445,2.7595,0.00,0.3445,2.7595,4,0,1,0,0,20,12,0,53,0,1,0,2.912
19160,0.3445,2.7637,0.00,0.3445,2.7637,4,0,1,0,0,20,12,0,53,0,1,0,2.908
19170,0.3445,2.7680,0.00,0.3445,2.7680,4,0,1,0,0,20,12,0,53,0,1,0,2.904
19180,0.3445,2.7722,0.00,0.3445,2.7722,4,0,1,0,0,20,12,0,53,0,1,0,2.899
19190,0.3445,2.7764,0.00,0.3445,2.7764,4,0,1,0,0,20,12,0,53,0,1,0,2.895
19200,0.3445,2.7806,0.00,0.3445,2.7806,4,0,1,0,0,20,12,0,53,0,1,0,2.891
19210,0.3445,2.7848,0.00,0.3445,2.7848,4,0,1,0,0,20,12,0,53,0,1,0,2.887
19220,0.3445,2.7891,0.00,0.3445,2.7891,4,0,1,0,0,20,12,0,53,0,1,0,2.882
19230,0.3445,2.7933,0.00,0.3445,2.7933,4,0,1,0,0,20,12,0,53,0,1,0,2.878
19240,0.3445,2.7975,0.00,0.3445,2.7975,4,0,1,0,0,20,12,0,53,0,1,0,2.874
19250,0.3445,2.8017,0.00,0.3445,2.8017,4,0,1,0,0,20,12,0,53,0,1,0,2.870
19260,0.3445,2.8059,0.00,0.3445,2.8059,4,0,1,0,0,20,12,0,53,0,1,0,2.866
19270,0.3445,2.8101,0.00,0.3445,2.8101,4,0,1,0,0,20,12,0,53,0,1,0,2.861
19280,0.3445,2.8144,0.00,0.3445,2.8144,4,0,1,0,0,20,12,0,53,0,1,0,2.857
19290,0.3445,2.8186,0.00,0.3445,2.8186,4,0,1,0,0,20,12,0,53,0,1,0,2.853
19300,0.3445,2.8228,0.00,0.3445,2.8228,4,0,1,0,0,20,12,0,53,0,1,0,2.849
19310,0.3445,2.8270,0.00,0.3445,2.8270,4,0,1,0,0,20,12,0,53,0,1,0,2.844
19320,0.3445,2.8312,0.00,0.3445,2.8312,4,0,1,0,0,20,12,0,53,0,1,0,2.840
19330,0.3445,2.8355,0.00,0.3445,2.8355,4,0,1,0,0,20,12,0,53,0,1,0,2.836
19340,0.3445,2.8397,0.00,0.3445,2.8397,4,0,1,0,0,20,12,0,53,0,1,0,2.832
19350,0.3445,2.8439,0.00,0.3445,2.8439,4,0,1,0,0,20,12,0,53,0,1,0,2.828
19360,0.3445,2.8481,0.00,0.3445,2.8481,4,0,1,0,0,20,12,0,53,0,1,0,2.823
19370,0.3445,2.8523,0.00,0.3445,2.8523,4,0,1,0,0,20,12,0,53,0,1,0,2.819
19380,0.3445,2.8565,0.00,0.3445,2.8565,4,0,1,0,0,20,12,0,53,0,1,0,2.815
19390,0.3445,2.8608,0.00,0.3445,2.8608,4,0,1,0,0,20,12,0,53,0,1,0,2.811
19400,0.3445,2.8650,0.00,0.3445,2.8650,4,0,1,0,0,20,12,0,53,0,1,0,2.807
19410,0.3445,2.8692,0.00,0.3445,2.8692,4,0,1,0,0,20,12,0,53,0,1,0,2.802
19420,0.3445,2.8734,0.00,0.3445,2.8734,4,0,1,0,0,20,12,0,53,0,1,0,2.798
19430,0.3445,2.8776,0.00,0.3445,2.8776,4,0,1,0,0,20,12,0,53,0,1,0,2.794
19440,0.3445,2.8819,0.00,0.3445,2.8819,4,0,1,0,0,20,12,0,53,0,1,0,2.790
19450,0.3445,2.8861,0.00,0.3445,2.8861,4,0,1,0,0,20,12,0,53,0,1,0,2.785
19460,0.3445,2.8903,0.00,0.3445,2.8903,4,0,1,0,0,20,12,0,53,0,1,0,2.781
19470,0.3445,2.8945,0.00,0.3445,2.8945,4,0,1,0,0,20,12,0,53,0,1,0,2.777
19480,0.3445,2.8987,0.00,0.3445,2.8987,4,0,1,0,0,20,12,0,53,0,1,0,2.773
19490,0.3445,2.9029,0.00,0.3445,2.9029,4,0,1,0,0,20,12,0,53,0,1,0,2.769
19500,0.3445,2.9072,0.00,0.3445,2.9072,4,0,1,0,0,20,12,0,53,0,1,0,2.764
19510,0.3445,2.9114,0.00,0.3445,2.9114,4,0,1,0,0,20,12,0,53,0,1,0,2.760
19520,0.3445,2.9156,0.00,0.3445,2.9156,4,0,1,0,0,20,12,0,53,0,1,0,2.756
19530,0.3445,2.9198,0.00,0.3445,2.9198,4,0,1,0,0,20,12,0,53,0,1,0,2.752
19540,0.3445,2.9240,0.00,0.3445,2.9240,4,0,1,0,0,20,12,0,53,0,1,0,2.747
19550,0.3445,2.9283,0.00,0.3445,2.9283,4,0,1,0,0,20,12,0,53,0,1,0,2.743
19560,0.3445,2.9325,0.00,0.3445,2.9325,4,0,1,0,0,20,12,0,53,0,1,0,2.739
19570,0.3445,2.9367,0.00,0.3445,2.9367,4,0,1,0,0,20,12,0,53,0,1,0,2.735
19580,0.3445,2.9409,0.00,0.3445,2.9409,4,0,1,0,0,20,12,0,53,0,1,0,2.731
19590,0.3445,2.9451,0.00,0.3445,2.9451,4,0,1,0,0,20,12,0,53,0,1,0,2.726
19600,0.3445,2.9493,0.00,0.3445,2.9493,4,0,1,0,0,20,12,0,53,0,1,0,2.722
19610,0.3445,2.9536,0.00,0.3445,2.9536,4,0,1,0,0,20,12,0,53,0,1,0,2.718
19620,0.3445,2.9578,0.00,0.3445,2.9578,4,0,1,0,0,20,12,0,53,0,1,0,2.714
19630,0.3445,2.9620,0.00,0.3445,2.9620,4,0,1,0,0,20,12,0,53,0,1,0,2.709
19640,0.3445,2.9662,0.00,0.3445,2.9662,4,0,1,0,0,20,12,0,53,0,1,0,2.705
19650,0.3445,2.9704,0.00,0.3445,2.9704,4,0,1,0,0,20,12,0,53,0,1,0,2.701
19660,0.3445,2.9747,0.00,0.3445,2.9747,4,0,1,0,0,20,12,0,53,0,1,0,2.697
19670,0.3445,2.9789,0.00,0.3445,2.9789,4,0,1,0,0,20,12,0,53,0,1,0,2.693
19680,0.3445,2.9831,0.00,0.3445,2.9831,4,0,1,0,0,20,12,0,53,0,1,0,2.688
19690,0.3445,2.9873,0.00,0.3445,2.9873,4,0,1,0,0,20,12,0,53,0,1,0,2.684
19700,0.3445,2.9915,0.00,0.3445,2.9915,4,0,1,0,0,20,12,0,53,0,1,0,2.680
19710,0.3445,2.9957,0.00,0.3445,2.9957,4,0,1,0,0,20,12,0,53,0,1,0,2.676
19720,0.3445,3.0000,0.00,0.3445,3.0000,4,0,1,0,0,20,12,0,53,0,1,0,2.672
19730,0.3445,3.0042,0.00,0.3445,3.0042,4,0,1,0,0,20,12,0,53,0,1,0,2.667
19740,0.3445,3.0084,0.00,0.3445,3.0084,4,0,1,0,0,20,12,0,53,0,1,0,2.663
19750,0.3445,3.0126,0.00,0.3445,3.0126,4,0,1,0,0,20,12,0,53,0,1,0,2.659
19760,0.3445,3.0168,0.00,0.3445,3.0168,4,0,1,0,0,20,12,0,53,0,1,0,2.655
19770,0.3445,3.0211,0.00,0.3445,3.0211,4,0,1,0,0,20,12,0,53,0,1,0,2.650
19780,0.3445,3.0253,0.00,0.3445,3.0253,4,0,1,0,0,20,12,0,53,0,1,0,2.646
19790,0.3445,3.0295,0.00,0.3445,3.0295,4,0,1,0,0,20,12,0,53,0,1,0,2.642
19800,0.3445,3.0337,0.00,0.3445,3.0337,4,0,1,0,0,20,12,0,53,0,1,0,2.638
19810,0.3445,3.0379,0.00,0.3445,3.0379,4,0,1,0,0,20,12,0,53,0,1,0,2.634
19820,0.3445,3.0421,0.00,0.3445,3.0421,4,0,1,0,0,20,12,0,53,0,1,0,2.629
19830,0.3445,3.0464,0.00,0.3445,3.0464,4,0,1,0,0,20,12,0,53,0,1,0,2.625
19840,0.3445,3.0506,0.00,0.3445,3.0506,4,0,1,0,0,20,12,0,53,0,1,0,2.621
19850,0.3445,3.0548,0.00,0.3445,3.0548,4,0,1,0,0,20,12,0,53,0,1,0,2.617
19860,0.3445,3.0590,0.00,0.3445,3.0590,4,0,1,0,0,20,12,0,53,0,1,0,2.612
19870,0.3445,3.0632,0.00,0.3445,3.0632,4,0,1,0,0,20,12,0,53,0,1,0,2.608
19880,0.3445,3.0675,0.00,0.3445,3.0675,4,0,1,0,0,20,12,0,53,0,1,0,2.604
19890,0.3445,3.0717,0.00,0.3445,3.0717,4,0,1,0,0,20,12,0,53,0,1,0,2.600
19900,0.3445,3.0759,0.00,0.3445,3.0759,4,0,1,0,0,20,12,0,53,0,1,0,2.596
19910,0.3445,3.0801,0.00,0.3445,3.0801,4,0,1,0,0,20,12,0,53,0,1,0,2.591
19920,0.3445,3.0843,0.00,0.3445,3.0843,4,0,1,0,0,20,12,0,53,0,1,0,2.587
19930,0.3445,3.0885,0.00,0.3445,3.0885,4,0,1,0,0,20,12,0,53,0,1,0,2.583
19940,0.3445,3.0928,0.00,0.3445,3.0928,4,0,1,0,0,20,12,0,53,0,1,0,2.579
19950,0.3445,3.0970,0.00,0.3445,3.0970,4,0,1,0,0,20,12,0,53,0,1,0,2.575
19960,0.3445,3.1012,0.00,0.3445,3.1012,4,0,1,0,0,20,12,0,53,0,1,0,2.570
19970,0.3445,3.1054,0.00,0.3445,3.1054,4,0,1,0,0,20,12,0,53,0,1,0,2.566
19980,0.3445,3.1096,0.00,0.3445,3.1096,4,0,1,0,0,20,12,0,53,0,1,0,2.562
19990,0.3445,3.1139,0.00,0.3445,3.1139,4,0,1,0,0,20,12,0,53,0,1,0,2.558
20000,0.3445,3.1181,0.00,0.3445,3.1181,4,0,1,0,0,20,12,0,53,0,1,0,2.553
20010,0.3445,3.1223,0.00,0.3445,3.1223,4,0,1,0,0,20,12,0,53,0,1,0,2.549
20020,0.3445,3.1265,0.00,0.3445,3.1265,4,0,1,0,0,20,12,0,53,0,1,0,2.545
20030,0.3445,3.1307,0.00,0.3445,3.1307,4,0,1,0,0,20,12,0,53,0,1,0,2.541
20040,0.3445,3.1349,0.00,0.3445,3.1349,4,0,1,0,0,20,12,0,53,0,1,0,2.537
20050,0.3445,3.1392,0.00,0.3445,3.1392,4,0,1,0,0,20,12,0,53,0,1,0,2.532
20060,0.3445,3.1434,0.00,0.3445,3.1434,4,0,1,0,0,20,12,0,53,0,1,0,2.528
20070,0.3445,3.1476,0.00,0.3445,3.1476,4,0,1,0,0,20,12,0,53,0,1,0,2.524
20080,0.3445,3.1518,0.00,0.3445,3.1518,4,0,1,0,0,20,12,0,53,0,1,0,2.520
20090,0.3445,3.1560,0.00,0.3445,3.1560,4,0,1,0,0,20,12,0,53,0,1,0,2.515
20100,0.3445,3.1603,0.00,0.3445,3.1603,4,0,1,0,0,20,12,0,53,0,1,0,2.511
20110,0.3445,3.1645,0.00,0.3445,3.1645,4,0,1,0,0,20,12,0,53,0,1,0,2.507
20120,0.3445,3.1687,0.00,0.3445,3.1687,4,0,1,0,0,20,12,0,53,0,1,0,2.503
20130,0.3445,3.1729,0.00,0.3445,3.1729,4,0,1,0,0,20,12,0,53,0,1,0,2.499
20140,0.3445,3.1771,0.00,0.3445,3.1771,4,0,1,0,0,20,12,0,53,0,1,0,2.494
20150,0.3445,3.1813,0.00,0.3445,3.1813,4,0,1,0,0,20,12,0,53,0,1,0,2.490
20160,0.3445,3.1856,0.00,0.3445,3.1856,4,0,1,0,0,20,12,0,53,0,1,0,2.486
20170,0.3445,3.1898,0.00,0.3445,3.1898,4,0,1,0,0,20,12,0,53,0,1,0,2.482
20180,0.3445,3.1940,0.00,0.3445,3.1940,4,0,1,0,0,20,12,0,53,0,1,0,2.478
20190,0.3445,3.1982,0.00,0.3445,3.1982,4,0,1,0,0,20,12,0,53,0,1,0,2.473
20200,0.3445,3.2024,0.00,0.3445,3.2024,4,0,1,0,0,20,12,0,53,0,1,0,2.469
20210,0.3445,3.2067,0.00,0.3445,3.2067,4,0,1,0,0,20,12,0,53,0,1,0,2.465
20220,0.3445,3.2109,0.00,0.3445,3.2109,4,0,1,0,0,20,12,0,53,0,1,0,2.461
20230,0.3445,3.2151,0.00,0.3445,3.2151,4,0,1,0,0,20,12,0,53,0,1,0,2.456
20240,0.3445,3.2193,0.00,0.3445,3.2193,4,0,1,0,0,20,12,0,53,0,1,0,2.452
20250,0.3445,3.2235,0.00,0.3445,3.2235,4,0,1,0,0,20,12,0,53,0,1,0,2.448
20260,0.3445,3.2277,0.00,0.3445,3.2277,4,0,1,0,0,20,12,0,53,0,1,0,2.444
20270,0.3445,3.2320,0.00,0.3445,3.2320,4,0,1,0,0,20,12,0,53,0,1,0,2.440
20280,0.3445,3.2362,0.00,0.3445,3.2362,4,0,1,0,0,20,12,0,53,0,1,0,2.435
20290,0.3445,3.2404,0.00,0.3445,3.2404,4,0,1,0,0,20,12,0,53,0,1,0,2.431
20300,0.3445,3.2446,0.00,0.3445,3.2446,4,0,1,0,0,20,12,0,53,0,1,0,2.427
20310,0.3445,3.2488,0.00,0.3445,3.2488,4,0,1,0,0,20,12,0,53,0,1,0,2.423
20320,0.3445,3.2531,0.00,0.3445,3.2531,4,0,1,0,0,20,12,0,53,0,1,0,2.418
20330,0.3445,3.2573,0.00,0.3445,3.2573,4,0,1,0,0,20,12,0,53,0,1,0,2.414
20340,0.3445,3.2615,0.00,0.3445,3.2615,4,0,1,0,0,20,12,0,53,0,1,0,2.410
20350,0.3445,3.2657,0.00,0.3445,3.2657,4,0,1,0,0,20,12,0,53,0,1,0,2.406
20360,0.3445,3.2699,0.00,0.3445,3.2699,4,0,1,0,0,20,12,0,53,0,1,0,2.402
20370,0.3445,3.2741,0.00,0.3445,3.2741,4,0,1,0,0,20,12,0,53,0,1,0,2.397
20380,0.3445,3.2784,0.00,0.3445,3.2784,4,0,1,0,0,20,12,0,53,0,1,0,2.393
20390,0.3445,3.2826,0.00,0.3445,3.2826,4,0,1,0,0,20,12,0,53,0,1,0,2.389
20400,0.3445,3.2868,0.00,0.3445,3.2868,4,0,1,0,0,20,12,0,53,0,1,0,2.385
20410,0.3445,3.2910,0.00,0.3445,3.2910,4,0,1,0,0,20,12,0,53,0,1,0,2.380
20420,0.3445,3.2952,0.00,0.3445,3.2952,4,0,1,0,0,20,12,0,53,0,1,0,2.376
20430,0.3445,3.2994,0.00,0.3445,3.2994,4,0,1,0,0,20,12,0,53,0,1,0,2.372
20440,0.3445,3.3037,0.00,0.3445,3.3037,4,0,1,0,0,20,12,0,53,0,1,0,2.368
20450,0.3445,3.3079,0.00,0.3445,3.3079,4,0,1,0,0,20,12,0,53,0,1,0,2.364
20460,0.3445,3.3121,0.00,0.3445,3.3121,4,0,1,0,0,20,12,0,53,0,1,0,2.359
20470,0.3445,3.3163,0.00,0.3445,3.3163,4,0,1,0,0,20,12,0,53,0,1,0,2.355
20480,0.3445,3.3205,0.00,0.3445,3.3205,4,0,1,0,0,20,12,0,53,0,1,0,2.351
20490,0.3445,3.3248,0.00,0.3445,3.3248,4,0,1,0,0,20,12,0,53,0,1,0,2.347
20500,0.3445,3.3290,0.00,0.3445,3.3290,4,0,1,0,0,20,12,0,53,0,1,0,2.343
20510,0.3445,3.3332,0.00,0.3445,3.3332,4,0,1,0,0,20,12,0,53,0,1,0,2.338
20520,0.3445,3.3374,0.00,0.3445,3.3374,4,0,1,0,0,20,12,0,53,0,1,0,2.334
20530,0.3445,3.3416,0.00,0.3445,3.3416,4,0,1,0,0,20,12,0,53,0,1,0,2.330
20540,0.3445,3.3458,0.00,0.3445,3.3458,4,0,1,0,0,20,12,0,53,0,1,0,2.326
20550,0.3445,3.3501,0.00,0.3445,3.3501,4,0,1,0,0,20,12,0,53,0,1,0,2.321
20560,0.3445,3.3543,0.00,0.3445,3.3543,4,0,1,0,0,20,12,0,53,0,1,0,2.317
20570,0.3445,3.3585,0.00,0.3445,3.3585,4,0,1,0,0,20,12,0,53,0,1,0,2.313
20580,0.3445,3.3627,0.00,0.3445,3.3627,4,0,1,0,0,20,12,0,53,0,1,0,2.309
20590,0.3445,3.3669,0.00,0.3445,3.3669,4,0,1,0,0,20,12,0,53,0,1,0,2.305
20600,0.3445,3.3712,0.00,0.3445,3.3712,4,0,1,0,0,20,12,0,53,0,1,0,2.300
20610,0.3445,3.3754,0.00,0.3445,3.3754,4,0,1,0,0,20,12,0,53,0,1,0,2.296
20620,0.3445,3.3796,0.00,0.3445,3.3796,4,0,1,0,0,20,12,0,53,0,1,0,2.292
20630,0.3445,3.3838,0.00,0.3445,3.3838,4,0,1,0,0,20,12,0,53,0,1,0,2.288
20640,0.3445,3.3880,0.00,0.3445,3.3880,4,0,1,0,0,20,12,0,53,0,1,0,2.283
20650,0.3445,3.3922,0.00,0.3445,3.3922,4,0,1,0,0,20,12,0,53,0,1,0,2.279
20660,0.3445,3.3965,0.00,0.3445,3.3965,4,0,1,0,0,20,12,0,53,0,1,0,2.275
20670,0.3445,3.4007,0.00,0.3445,3.4007,4,0,1,0,0,20,12,0,53,0,1,0,2.271
20680,0.3445,3.4049,0.00,0.3445,3.4049,4,0,1,0,0,20,12,0,53,0,1,0,2.267
20690,0.3445,3.4091,0.00,0.3445,3.4091,4,0,1,0,0,20,12,0,53,0,1,0,2.262
20700,0.3445,3.4133,0.00,0.3445,3.4133,4,0,1,0,0,20,12,0,53,0,1,0,2.258
20710,0.3445,3.4176,0.00,0.3445,3.4176,4,0,1,0,0,20,12,0,53,0,1,0,2.254
20720,0.3445,3.4218,0.00,0.3445,3.4218,4,0,1,0,0,20,12,0,53,0,1,0,2.250
20730,0.3445,3.4260,0.00,0.3445,3.4260,4,0,1,0,0,20,12,0,53,0,1,0,2.246
20740,0.3445,3.4302,0.00,0.3445,3.4302,4,0,1,0,0,20,12,0,53,0,1,0,2.241
20750,0.3445,3.4344,0.00,0.3445,3.4344,4,0,1,0,0,20,12,0,53,0,1,0,2.237
20760,0.3445,3.4386,0.00,0.3445,3.4386,4,0,1,0,0,20,12,0,53,0,1,0,2.233
20770,0.3445,3.4429,0.00,0.3445,3.4429,4,0,1,0,0,20,12,0,53,0,1,0,2.229
20780,0.3445,3.4471,0.00,0.3445,3.4471,4,0,1,0,0,20,12,0,53,0,1,0,2.224
20790,0.3445,3.4513,0.00,0.3445,3.4513,4,0,1,0,0,20,12,0,53,0,1,0,2.220
20800,0.3445,3.4555,0.00,0.3445,3.4555,4,0,1,0,0,20,12,0,53,0,1,0,2.216
20810,0.3445,3.4597,0.00,0.3445,3.4597,4,0,1,0,0,20,12,0,53,0,1,0,2.212
20820,0.3445,3.4640,0.00,0.3445,3.4640,4,0,1,0,0,20,12,0,53,0,1,0,2.208
20830,0.3445,3.4682,0.00,0.3445,3.4682,4,0,1,0,0,20,12,0,53,0,1,0,2.203
20840,0.3445,3.4724,0.00,0.3445,3.4724,4,0,1,0,0,20,12,0,53,0,1,0,2.199
20850,0.3445,3.4766,0.00,0.3445,3.4766,4,0,1,0,0,20,12,0,53,0,1,0,2.195
20860,0.3445,3.4808,0.00,0.3445,3.4808,4,0,1,0,0,20,12,0,53,0,1,0,2.191
20870,0.3445,3.4850,0.00,0.3445,3.4850,4,0,1,0,0,20,12,0,53,0,1,0,2.186
20880,0.3445,3.4893,0.00,0.3445,3.4893,4,0,1,0,0,20,12,0,53,0,1,0,2.182
20890,0.3445,3.4935,0.00,0.3445,3.4935,4,0,1,0,0,20,12,0,53,0,1,0,2.178
20900,0.3445,3.4977,0.00,0.3445,3.4977,4,0,1,0,0,20,12,0,53,0,1,0,2.174
20910,0.3445,3.5019,0.00,0.3445,3.5019,4,0,1,0,0,20,12,0,53,0,1,0,2.170
20920,0.3445,3.5061,0.00,0.3445,3.5061,4,0,1,0,0,20,12,0,53,0,1,0,2.165
20930,0.3445,3.5104,0.00,0.3445,3.5104,4,0,1,0,0,20,12,0,53,0,1,0,2.161
20940,0.3445,3.5146,0.00,0.3445,3.5146,4,0,1,0,0,20,12,0,53,0,1,0,2.157
20950,0.3445,3.5188,0.00,0.3445,3.5188,4,0,1,0,0,20,12,0,53,0,1,0,2.153
20960,0.3445,3.5230,0.00,0.3445,3.5230,4,0,1,0,0,20,12,0,53,0,1,0,2.148
20970,0.3445,3.5272,0.00,0.3445,3.5272,4,0,1,0,0,20,12,0,53,0,1,0,2.144
20980,0.3445,3.5314,0.00,0.3445,3.5314,4,0,1,0,0,20,12,0,53,0,1,0,2.140
20990,0.3445,3.5357,0.00,0.3445,3.5357,4,0,1,0,0,20,12,0,53,0,1,0,2.136
21000,0.3445,3.5399,0.00,0.3445,3.5399,4,0,1,0,0,20,12,0,53,0,1,0,2.132
21010,0.3445,3.5441,0.00,0.3445,3.5441,4,0,1,0,0,20,12,0,53,0,1,0,2.127
21020,0.3445,3.5483,0.00,0.3445,3.5483,4,0,1,0,0,20,12,0,53,0,1,0,2.123
21030,0.3445,3.5525,0.00,0.3445,3.5525,4,0,1,0,0,20,12,0,53,0,1,0,2.119
21040,0.3445,3.5568,0.00,0.3445,3.5568,4,0,1,0,0,20,12,0,53,0,1,0,2.115
21050,0.3445,3.5610,0.00,0.3445,3.5610,4,0,1,0,0,20,12,0,53,0,1,0,2.111
21060,0.3445,3.5652,0.00,0.3445,3.5652,4,0,1,0,0,20,12,0,53,0,1,0,2.106
21070,0.3445,3.5694,0.00,0.3445,3.5694,4,0,1,0,0,20,12,0,53,0,1,0,2.102
21080,0.3445,3.5736,0.00,0.3445,3.5736,4,0,1,0,0,20,12,0,53,0,1,0,2.098
21090,0.3445,3.5778,0.00,0.3445,3.5778,4,0,1,0,0,20,12,0,53,0,1,0,2.094
21100,0.3445,3.5821,0.00,0.3445,3.5821,4,0,1,0,0,20,12,0,53,0,1,0,2.089
21110,0.3445,3.5863,0.00,0.3445,3.5863,4,0,1,0,0,20,12,0,53,0,1,0,2.085
21120,0.3445,3.5905,0.00,0.3445,3.5905,4,0,1,0,0,20,12,0,53,0,1,0,2.081
21130,0.3445,3.5947,0.00,0.3445,3.5947,4,0,1,0,0,20,12,0,53,0,1,0,2.077
21140,0.3445,3.5989,0.00,0.3445,3.5989,4,0,1,0,0,20,12,0,53,0,1,0,2.073
21150,0.3445,3.6032,0.00,0.3445,3.6032,4,0,1,0,0,20,12,0,53,0,1,0,2.068
21160,0.3445,3.6074,0.00,0.3445,3.6074,4,0,1,0,0,20,12,0,53,0,1,0,2.064
21170,0.3445,3.6116,0.00,0.3445,3.6116,4,0,1,0,0,20,12,0,53,0,1,0,2.060
21180,0.3445,3.6158,0.00,0.3445,3.6158,4,0,1,0,0,20,12,0,53,0,1,0,2.056
21190,0.3445,3.6200,0.00,0.3445,3.6200,4,0,1,0,0,20,12,0,53,0,1,0,2.051
21200,0.3445,3.6242,0.00,0.3445,3.6242,4,0,1,0,0,20,12,0,53,0,1,0,2.047
21210,0.3445,3.6285,0.00,0.3445,3.6285,4,0,1,0,0,20,12,0,53,0,1,0,2.043
21220,0.3445,3.6327,0.00,0.3445,3.6327,4,0,1,0,0,20,12,0,53,0,1,0,2.039
21230,0.3445,3.6369,0.00,0.3445,3.6369,4,0,1,0,0,20,12,0,53,0,1,0,2.035
21240,0.3445,3.6411,0.00,0.3445,3.6411,4,0,1,0,0,20,12,0,53,0,1,0,2.030
21250,0.3445,3.6453,0.00,0.3445,3.6453,4,0,1,0,0,20,12,0,53,0,1,0,2.026
21260,0.3445,3.6496,0.00,0.3445,3.6496,4,0,1,0,0,20,12,0,53,0,1,0,2.022
21270,0.3445,3.6538,0.00,0.3445,3.6538,4,0,1,0,0,20,12,0,53,0,1,0,2.018
21280,0.3445,3.6580,0.00,0.3445,3.6580,4,0,1,0,0,20,12,0,53,0,1,0,2.014
21290,0.3445,3.6622,0.00,0.3445,3.6622,4,0,1,0,0,20,12,0,53,0,1,0,2.009
21300,0.3445,3.6664,0.00,0.3445,3.6664,4,0,1,0,0,20,12,0,53,0,1,0,2.005
21310,0.3445,3.6706,0.00,0.3445,3.6706,4,0,1,0,0,20,12,0,53,0,1,0,2.001
21320,0.3445,3.6749,0.00,0.3445,3.6749,4,0,1,0,0,20,12,0,53,0,1,0,1.997
21330,0.3445,3.6791,0.00,0.3445,3.6791,4,0,1,0,0,20,12,0,53,0,1,0,1.992
21340,0.3445,3.6833,0.00,0.3445,3.6833,4,0,1,0,0,20,12,0,53,0,1,0,1.988
21350,0.3445,3.6875,0.00,0.3445,3.6875,4,0,1,0,0,20,12,0,53,0,1,0,1.984
21360,0.3445,3.6917,0.00,0.3445,3.6917,4,0,1,0,0,20,12,0,53,0,1,0,1.980
21370,0.3445,3.6960,0.00,0.3445,3.6960,4,0,1,0,0,20,12,0,53,0,1,0,1.976
21380,0.3445,3.7002,0.00,0.3445,3.7002,5,0,0,0,0,20,12,0,0,0,0,0,1000.000
21390,0.3445,3.7043,0.00,0.3445,3.7043,5,0,0,0,0,20,12,0,0,0,0,0,1000.000
21400,0.3445,3.7082,0.00,0.3445,3.7082,5,0,0,0,0,20,12,0,0,0,0,0,1000.000
21410,0.3445,3.7119,0.00,0.3445,3.7119,5,0,0,0,0,20,12,0,0,0,0,0,1000.000
21420,0.3445,3.7154,0.00,0.3445,3.7154,5,0,0,0,0,20,12,0,0,0,0,0,1000.000
21430,0.3445,3.7187,0.00,0.3445,3.7187,5,0,0,0,0,20,12,0,0,0,0,0,1000.000
21440,0.3445,3.7218,0.00,0.3445,3.7218,5,0,0,0,0,20,12,0,0,0,0,0,1000.000
21450,0.3445,3.7247,0.00,0.3445,3.7247,5,0,1,0,0,20,12,0,0,0,0,0,1000.000
21460,0.3445,3.7274,0.00,0.3445,3.7274,5,0,1,0,0,20,12,0,0,0,0,0,1000.000
21470,0.3445,3.7299,0.00,0.3445,3.7299,5,0,1,0,0,20,12,0,0,0,0,0,1000.000
21480,0.3445,3.7323,0.00,0.3445,3.7323,5,0,1,0,0,20,12,0,0,0,0,0,1000.000
21490,0.3445,3.7344,0.00,0.3445,3.7344,5,0,1,0,0,20,12,0,0,0,0,0,1000.000
21500,0.3445,3.7363,0.00,0.3445,3.7363,5,0,1,0,0,20,12,75,0,0,0,0,2.385
21510,0.3445,3.7380,0.00,0.3445,3.7380,5,0,1,0,0,20,12,75,0,0,0,0,2.385
21520,0.3445,3.7395,0.00,0.3445,3.7395,5,0,1,0,0,20,12,75,0,0,0,0,2.385
21530,0.3445,3.7408,0.00,0.3445,3.7408,5,0,1,0,0,20,12,75,0,0,0,0,2.385
21540,0.3445,3.7419,0.00,0.3445,3.7419,5,0,1,0,0,20,12,75,0,0,0,0,2.385
21550,0.3445,3.7428,0.00,0.3445,3.7428,5,0,1,0,0,20,12,75,0,0,0,0,2.385
21560,0.3447,3.7437,0.00,0.3447,3.7437,5,0,1,0,0,20,12,75,0,0,0,0,2.385
21570,0.3451,3.7446,0.00,0.3451,3.7446,5,0,1,0,0,20,12,75,0,0,0,0,2.385
21580,0.3457,3.7455,0.00,0.3457,3.7455,5,0,1,0,0,20,12,75,0,0,0,0,2.384
21590,0.3465,3.7464,0.00,0.3465,3.7464,5,0,1,0,0,20,12,75,0,0,0,0,2.384
21600,0.3475,3.7473,0.00,0.3475,3.7473,5,0,1,0,0,20,12,75,0,0,0,0,2.383
21610,0.3486,3.7482,0.00,0.3486,3.7482,5,0,1,0,0,20,12,75,0,0,0,0,2.381
21620,0.3500,3.7491,0.00,0.3500,3.7491,5,0,1,0,0,20,12,75,0,0,0,0,2.380
21630,0.3516,3.7500,0.00,0.3516,3.7500,5,0,1,0,0,20,12,75,0,0,0,0,2.378
21640,0.3534,3.7509,0.00,0.3534,3.7509,5,0,1,0,0,20,12,75,0,0,0,0,2.377
21650,0.3554,3.7518,0.00,0.3554,3.7518,5,0,1,0,0,20,12,75,0,0,0,0,2.375
21660,0.3576,3.7527,0.00,0.3576,3.7527,5,0,1,0,0,20,12,75,0,0,0,0,2.372
21670,0.3599,3.7535,0.00,0.3599,3.7535,5,0,1,0,0,20,12,75,0,0,0,0,2.370
21680,0.3625,3.7544,0.00,0.3625,3.7544,5,0,1,0,0,20,12,75,0,0,0,0,2.367
21690,0.3653,3.7553,0.00,0.3653,3.7553,5,0,1,0,0,20,12,75,0,0,0,0,2.365
21700,0.3683,3.7562,0.00,0.3683,3.7562,5,0,1,0,0,20,12,75,0,0,0,0,2.362
21710,0.3715,3.7571,0.00,0.3715,3.7571,5,0,1,0,0,20,12,75,0,0,0,0,2.359
21720,0.3748,3.7580,0.00,0.3748,3.7580,5,0,1,0,0,20,12,75,0,0,0,0,2.355
21730,0.3784,3.7589,0.00,0.3784,3.7589,5,0,1,0,0,20,12,75,0,0,0,0,2.352
21740,0.3822,3.7598,0.00,0.3822,3.7598,5,0,1,0,0,20,12,75,0,0,0,0,2.348
21750,0.3862,3.7607,0.00,0.3862,3.7607,5,0,1,0,0,20,13,75,0,0,0,0,2.344
21760,0.3904,3.7615,0.00,0.3904,3.7615,5,0,1,0,0,20,13,75,0,0,0,0,2.340
21770,0.3947,3.7624,0.00,0.3947,3.7624,5,0,1,0,0,20,13,75,0,0,0,0,2.335
21780,0.3993,3.7633,0.00,0.3993,3.7633,5,0,1,0,0,20,13,75,0,0,0,0,2.331
21790,0.4041,3.7642,0.00,0.4041,3.7642,5,0,1,0,0,20,13,75,0,0,0,0,2.326
21800,0.4091,3.7651,0.00,0.4091,3.7651,5,0,1,0,0,20,14,75,0,0,0,0,2.321
21810,0.4142,3.7659,0.00,0.4142,3.7659,5,0,1,0,0,20,14,75,0,0,0,0,2.316
21820,0.4194,3.7667,0.00,0.4194,3.7667,5,0,1,0,0,20,14,75,0,0,0,0,2.311
21830,0.4248,3.7673,0.00,0.4248,3.7673,5,0,1,0,0,20,14,75,0,0,0,0,2.305
21840,0.4302,3.7678,0.00,0.4302,3.7678,5,0,1,0,0,20,14,75,0,0,0,0,2.300
21850,0.4357,3.7683,0.00,0.4357,3.7683,5,0,1,0,0,20,16,75,0,0,0,0,2.294
21860,0.4414,3.7686,0.00,0.4414,3.7686,5,0,1,0,0,20,16,75,0,0,0,0,2.289
21870,0.4471,3.7688,0.00,0.4471,3.7688,5,0,1,0,0,20,16,75,0,0,0,0,2.283
21880,0.4529,3.7690,0.00,0.4529,3.7690,5,0,1,0,0,20,16,75,0,0,0,0,2.277
21890,0.4588,3.7690,0.00,0.4588,3.7690,5,0,1,0,0,20,16,75,0,0,0,0,2.271
21900,0.4648,3.7690,0.00,0.4648,3.7690,5,0,1,0,0,20,18,75,0,0,0,0,2.265
21910,0.4708,3.7690,0.00,0.4708,3.7690,5,0,1,0,0,20,18,75,0,0,0,0,2.259
21920,0.4767,3.7690,0.00,0.4767,3.7690,5,0,1,0,0,20,18,75,0,0,0,0,2.253
21930,0.4827,3.7690,0.00,0.4827,3.7690,5,0,1,0,0,20,18,75,0,0,0,0,2.247
21940,0.4887,3.7690,0.00,0.4887,3.7690,5,0,1,0,0,20,18,75,0,0,0,0,2.241
21950,0.4947,3.7690,0.00,0.4947,3.7690,5,0,1,0,0,20,20,75,0,0,0,0,2.235
21960,0.5006,3.7690,0.00,0.5006,3.7690,6,0,0,1,0,20,20,0,0,0,0,0,1000.000
21970,0.5065,3.7690,0.00,0.5065,3.7690,6,0,0,1,0,20,20,0,0,0,0,0,1000.000
21980,0.5121,3.7690,0.00,0.5121,3.7690,6,0,0,1,0,20,20,0,0,0,0,0,1000.000
21990,0.5175,3.7690,0.00,0.5175,3.7690,6,0,0,1,0,20,20,0,0,0,0,0,1000.000
22000,0.5228,3.7690,0.00,0.5228,3.7690,6,0,0,1,0,20,20,0,0,0,0,0,1000.000
22010,0.5278,3.7690,0.00,0.5278,3.7690,6,0,0,1,0,20,20,0,0,0,0,0,1000.000
22020,0.5327,3.7690,0.00,0.5327,3.7690,6,0,0,1,0,20,20,0,0,0,0,0,1000.000
22030,0.5373,3.7690,0.00,0.5373,3.7690,6,0,0,1,0,20,20,0,0,0,0,0,1000.000
22040,0.5417,3.7690,0.00,0.5417,3.7690,6,0,0,1,0,20,20,0,0,0,0,0,1000.000
22050,0.5460,3.7690,0.00,0.5460,3.7690,6,0,0,1,0,20,20,0,0,0,0,0,1000.000
22060,0.5500,3.7690,0.00,0.5500,3.7690,6,0,0,1,0,20,20,0,0,0,0,0,1000.000
22070,0.5539,3.7690,0.00,0.5539,3.7690,6,0,0,1,0,20,20,0,0,0,0,0,1000.000
22080,0.5575,3.7690,0.00,0.5575,3.7690,6,0,0,1,0,20,20,0,0,0,0,0,1000.000
22090,0.5609,3.7690,0.00,0.5609,3.7690,6,0,0,1,0,20,20,0,0,0,0,0,1000.000
22100,0.5642,3.7690,0.00,0.5642,3.7690,6,0,0,1,0,20,20,0,0,0,0,0,1000.000
22110,0.5672,3.7690,0.00,0.5672,3.7690,6,0,0,1,0,20,20,0,0,0,0,0,1000.000
22120,0.5700,3.7690,0.00,0.5700,3.7690,6,0,0,1,0,20,20,0,0,0,0,0,1000.000
22130,0.5727,3.7690,0.00,0.5727,3.7690,6,0,0,1,0,20,20,0,0,0,0,0,1000.000
22140,0.5751,3.7690,0.00,0.5751,3.7690,6,0,0,1,0,20,20,0,0,0,0,0,1000.000
22150,0.5774,3.7690,0.00,0.5774,3.7690,6,0,0,1,0,20,20,0,0,0,0,0,1000.000
22160,0.5794,3.7690,0.00,0.5794,3.7690,6,0,0,1,0,20,20,0,0,0,0,0,1000.000
22170,0.5812,3.7690,0.00,0.5812,3.7690,6,0,0,1,0,20,20,0,0,0,0,0,1000.000
22180,0.5829,3.7690,0.00,0.5829,3.7690,6,0,0,1,0,20,20,0,0,0,0,0,1000.000
22190,0.5843,3.7690,0.00,0.5843,3.7690,6,0,0,1,0,20,20,0,0,0,0,0,1000.000
22200,0.5856,3.7690,0.00,0.5856,3.7690,6,0,0,1,0,20,20,0,0,0,0,0,1000.000
22210,0.5866,3.7690,0.00,0.5866,3.7690,6,0,0,1,0,20,20,0,0,0,0,0,1000.000
22220,0.5874,3.7690,0.00,0.5874,3.7690,6,0,0,1,0,20,20,0,0,0,0,0,1000.000
22230,0.5881,3.7690,0.00,0.5881,3.7690,6,0,0,1,0,20,20,0,0,0,0,0,1000.000
22240,0.5885,3.7690,0.00,0.5885,3.7690,6,0,0,1,0,20,20,0,0,0,0,0,1000.000
22250,0.5888,3.7690,0.00,0.5888,3.7690,6,0,0,1,0,20,20,0,0,0,0,0,1000.000
22260,0.5888,3.7690,0.00,0.5888,3.7690,6,0,0,1,0,20,20,0,0,0,0,0,1000.000
22270,0.5888,3.7690,0.00,0.5888,3.7690,6,0,0,1,0,20,20,0,0,0,0,0,1000.000
22280,0.5888,3.7690,0.00,0.5888,3.7690,6,0,0,1,0,20,20,0,0,0,0,0,1000.000
22290,0.5888,3.7690,0.00,0.5888,3.7690,6,0,0,1,0,20,20,0,0,0,0,0,1000.000
22300,0.5888,3.7690,0.00,0.5888,3.7690,6,0,0,1,0,20,20,0,0,0,0,0,1000.000
22310,0.5888,3.7690,0.00,0.5888,3.7690,6,0,0,1,0,20,20,0,0,0,0,0,1000.000
22320,0.5888,3.7690,0.00,0.5888,3.7690,6,0,0,1,0,20,20,0,0,0,0,0,1000.000
22330,0.5888,3.7690,0.00,0.5888,3.7690,6,0,0,1,0,20,20,0,0,0,0,0,1000.000
22340,0.5888,3.7690,0.00,0.5888,3.7690,6,0,0,1,0,20,20,0,0,0,0,0,1000.000
22350,0.5888,3.7690,0.00,0.5888,3.7690,6,0,0,1,0,20,20,0,0,0,0,0,1000.000
22360,0.5888,3.7690,0.00,0.5888,3.7690,6,0,0,1,0,20,20,0,0,0,0,0,1000.000
22370,0.5888,3.7690,0.00,0.5888,3.7690,6,0,0,1,0,20,20,0,0,0,0,0,1000.000
22380,0.5888,3.7690,0.00,0.5888,3.7690,6,0,0,1,0,20,20,0,0,0,0,0,1000.000
22390,0.5888,3.7690,0.00,0.5888,3.7690,6,0,0,1,0,20,20,0,0,0,0,0,1000.000
22400,0.5888,3.7690,0.00,0.5888,3.7690,6,0,0,1,0,20,20,0,0,0,0,0,1000.000
22410,0.5888,3.7690,0.00,0.5888,3.7690,6,0,0,1,0,20,20,0,0,0,0,0,1000.000
22420,0.5888,3.7690,0.00,0.5888,3.7690,6,0,0,1,0,20,20,0,0,0,0,0,1000.000
22430,0.5888,3.7690,0.00,0.5888,3.7690,6,0,0,1,0,20,20,0,0,0,0,0,1000.000
22440,0.5888,3.7690,0.00,0.5888,3.7690,6,0,0,1,0,20,20,0,0,0,0,0,1000.000
22450,0.5888,3.7690,0.00,0.5888,3.7690,6,0,0,1,0,20,20,0,0,0,0,0,1000.000
22460,0.5888,3.7690,0.00,0.5888,3.7690,6,0,0,1,0,20,20,0,0,0,0,0,1000.000
22470,0.5888,3.7690,0.00,0.5888,3.7690,6,0,0,1,0,20,20,0,0,0,0,0,1000.000
22480,0.5888,3.7690,0.00,0.5888,3.7690,6,0,0,1,0,20,20,0,0,0,0,0,1000.000
22490,0.5888,3.7690,0.00,0.5888,3.7690,6,0,0,1,0,20,20,0,0,0,0,0,1000.000
22500,0.5888,3.7690,0.00,0.5888,3.7690,6,0,0,1,0,20,20,0,0,0,0,0,1000.000
22510,0.5888,3.7690,0.00,0.5888,3.7690,6,0,0,1,0,20,20,0,0,0,0,0,1000.000
22520,0.5888,3.7690,0.00,0.5888,3.7690,6,0,0,1,0,20,20,0,0,0,0,0,1000.000
22530,0.5888,3.7690,0.00,0.5888,3.7690,6,0,0,1,0,20,20,0,0,0,0,0,1000.000
22540,0.5888,3.7690,0.00,0.5888,3.7690,6,0,0,1,0,20,20,0,0,0,0,0,1000.000
22550,0.5888,3.7690,0.00,0.5888,3.7690,0,1,0,0,0,20,20,0,0,0,0,0,1000.000
22560,0.5888,3.7690,0.01,0.5888,3.7690,0,1,0,0,0,20,20,0,0,0,0,0,1000.000
22570,0.5888,3.7690,0.04,0.5888,3.7690,0,1,0,0,0,20,20,0,0,0,0,0,1000.000
22580,0.5888,3.7690,0.09,0.5888,3.7690,0,1,0,0,0,20,20,0,0,0,0,0,1000.000
22590,0.5888,3.7690,0.16,0.5888,3.7690,0,1,0,0,0,20,20,0,0,0,0,0,1000.000
22600,0.5888,3.7690,0.25,0.5888,3.7690,0,1,0,0,0,20,20,0,0,0,0,0,1000.000
22610,0.5888,3.7690,0.37,0.5888,3.7690,0,1,0,0,0,20,20,0,0,0,0,0,1000.000
22620,0.5888,3.7690,0.51,0.5888,3.7690,0,1,0,0,0,20,20,0,0,0,0,0,1000.000
22630,0.5888,3.7690,0.67,0.5888,3.7690,0,1,0,0,0,20,20,0,0,0,0,0,1000.000
22640,0.5888,3.7690,0.85,0.5888,3.7690,0,1,0,0,0,20,20,0,0,0,0,0,1000.000
22650,0.5888,3.7690,1.05,0.5888,3.7690,0,1,0,0,0,20,20,0,0,0,0,0,1000.000
22660,0.5888,3.7690,1.28,0.5888,3.7690,0,1,0,0,0,20,20,0,0,0,0,0,1000.000
22670,0.5888,3.7690,1.52,0.5888,3.7690,0,1,0,0,0,20,20,0,0,0,0,0,1000.000
22680,0.5888,3.7690,1.79,0.5888,3.7690,0,1,0,0,0,20,20,0,0,0,0,0,1000.000
22690,0.5888,3.7690,2.08,0.5888,3.7690,0,1,0,0,0,20,20,0,0,0,0,0,1000.000
22700,0.5888,3.7690,2.39,0.5888,3.7690,0,1,0,0,0,20,20,0,0,0,0,0,1000.000
22710,0.5888,3.7690,2.71,0.5888,3.7690,0,1,0,0,0,20,20,0,0,0,0,0,1000.000
22720,0.5888,3.7690,3.00,0.5888,3.7690,0,1,0,0,0,20,20,0,0,0,0,0,1000.000
22730,0.5888,3.7690,3.28,0.5888,3.7690,0,1,0,0,0,20,20,0,0,0,0,0,1000.000
22740,0.5888,3.7690,3.53,0.5888,3.7690,0,1,0,0,0,20,20,0,0,0,0,0,1000.000
22750,0.5888,3.7690,3.78,0.5888,3.7690,0,1,0,0,0,20,20,0,0,0,0,0,1000.000
22760,0.5888,3.7690,4.05,0.5888,3.7690,0,1,0,0,0,20,20,0,0,0,0,0,1000.000
22770,0.5888,3.7690,4.33,0.5888,3.7690,0,1,0,0,0,20,20,0,0,0,0,0,1000.000
22780,0.5888,3.7690,4.61,0.5888,3.7690,0,1,0,0,0,20,20,0,0,0,0,0,1000.000
22790,0.5888,3.7690,4.86,0.5888,3.7690,0,1,0,0,0,20,20,0,0,0,0,0,1000.000
22800,0.5888,3.7690,5.13,0.5888,3.7690,0,1,0,0,0,20,20,0,0,0,0,0,1000.000
22810,0.5888,3.7690,5.40,0.5888,3.7690,0,1,0,0,0,20,20,0,0,0,0,0,1000.000
22820,0.5888,3.7690,5.67,0.5888,3.7690,0,1,0,0,0,20,20,0,0,0,0,0,1000.000
22830,0.5888,3.7690,5.95,0.5888,3.7690,0,1,0,0,0,20,20,0,0,0,0,0,1000.000
22840,0.5888,3.7690,6.20,0.5888,3.7690,0,1,0,0,0,20,20,0,0,0,0,0,1000.000
22850,0.5888,3.7690,6.47,0.5888,3.7690,0,1,0,0,0,20,20,0,0,0,0,0,1000.000
22860,0.5888,3.7690,6.74,0.5888,3.7690,0,1,0,0,0,20,20,0,0,0,0,0,1000.000
22870,0.5888,3.7690,7.01,0.5888,3.7690,0,1,0,0,0,20,20,0,0,0,0,0,1000.000
22880,0.5888,3.7690,7.26,0.5888,3.7690,0,1,0,0,0,20,20,0,0,0,0,0,1000.000
22890,0.5888,3.7690,7.53,0.5888,3.7690,0,1,0,0,0,20,20,0,0,0,0,0,1000.000
22900,0.5888,3.7690,7.80,0.5888,3.7690,0,1,0,0,0,20,20,0,0,0,0,0,1000.000
22910,0.5888,3.7690,8.06,0.5888,3.7690,0,1,0,0,0,20,20,0,0,0,0,0,1000.000
22920,0.5888,3.7690,8.33,0.5888,3.7690,0,1,0,0,0,20,20,0,0,0,0,0,1000.000
22930,0.5888,3.7690,8.60,0.5888,3.7690,0,1,0,0,0,20,20,0,0,0,0,0,1000.000
22940,0.5888,3.7690,8.86,0.5888,3.7690,0,1,0,0,0,20,20,0,0,0,0,0,1000.000
22950,0.5888,3.7690,9.12,0.5888,3.7690,0,1,0,0,0,20,20,0,0,0,0,0,1000.000
22960,0.5888,3.7690,9.38,0.5888,3.7690,0,1,0,0,0,20,20,0,0,0,0,0,1000.000
22970,0.5888,3.7690,9.64,0.5888,3.7690,0,1,0,0,0,20,20,0,0,0,0,0,1000.000
22980,0.5888,3.7690,9.91,0.5888,3.7690,0,1,0,0,0,20,20,0,0,0,0,0,1000.000
22990,0.5888,3.7690,10.16,0.5888,3.7690,0,1,0,0,0,20,20,0,0,0,0,0,1000.000
23000,0.5888,3.7690,10.43,0.5888,3.7690,0,1,0,0,0,20,20,0,0,0,0,0,1000.000
23010,0.5888,3.7690,10.68,0.5888,3.7690,0,1,0,0,0,20,20,0,0,0,0,0,1000.000
23020,0.5888,3.7690,10.95,0.5888,3.7690,0,1,0,0,0,20,20,0,0,0,0,0,1000.000
23030,0.5888,3.7690,11.20,0.5888,3.7690,0,1,0,0,0,20,20,0,0,0,0,0,1000.000
23040,0.5888,3.7690,11.47,0.5888,3.7690,0,1,0,0,0,20,20,0,0,0,0,0,1000.000
23050,0.5888,3.7690,11.72,0.5888,3.7690,0,1,0,0,0,20,20,0,0,0,0,0,1000.000
23060,0.5888,3.7690,11.99,0.5888,3.7690,0,1,0,0,0,20,20,0,0,0,0,0,1000.000
23070,0.5888,3.7690,12.24,0.5888,3.7690,0,1,0,0,0,20,20,0,0,0,0,0,1000.000
23080,0.5888,3.7690,12.49,0.5888,3.7690,0,1,0,0,0,20,20,0,0,0,0,0,1000.000
23090,0.5888,3.7690,12.75,0.5888,3.7690,0,1,0,0,0,20,20,0,0,0,0,0,1000.000
23100,0.5888,3.7690,13.01,0.5888,3.7690,0,1,0,0,0,20,20,0,0,0,0,0,1000.000
23110,0.5888,3.7690,13.27,0.5888,3.7690,0,1,0,0,0,20,20,0,0,0,0,0,1000.000
23120,0.5888,3.7690,13.53,0.5888,3.7690,0,1,0,0,0,20,20,0,0,0,0,0,1000.000
23130,0.5888,3.7690,13.77,0.5888,3.7690,0,1,0,0,0,20,20,0,0,0,0,0,1000.000
23140,0.5888,3.7690,14.04,0.5888,3.7690,0,1,0,0,0,20,20,0,0,0,0,0,1000.000
23150,0.5888,3.7690,14.29,0.5888,3.7690,0,1,0,0,0,20,20,0,0,0,0,0,1000.000
23160,0.5888,3.7690,14.54,0.5888,3.7690,0,1,0,0,0,20,20,0,0,0,0,0,1000.000
23170,0.5888,3.7690,14.80,0.5888,3.7690,0,1,0,0,0,20,20,0,0,0,0,0,1000.000
23180,0.5888,3.7690,15.05,0.5888,3.7690,0,1,0,0,0,20,20,0,0,0,0,0,1000.000
23190,0.5888,3.7690,15.30,0.5888,3.7690,0,1,0,0,0,20,20,0,0,0,0,0,1000.000
23200,0.5888,3.7690,15.56,0.5888,3.7690,0,1,0,0,0,20,20,0,0,0,0,0,1000.000
23210,0.5888,3.7690,15.81,0.5888,3.7690,0,1,0,0,0,20,20,0,0,0,0,0,1000.000
23220,0.5888,3.7690,16.05,0.5888,3.7690,0,1,0,0,0,20,20,0,0,0,0,0,1000.000
23230,0.5888,3.7690,16.32,0.5888,3.7690,0,1,0,0,0,20,20,0,0,0,0,0,1000.000
23240,0.5888,3.7690,16.57,0.5888,3.7690,0,1,0,0,0,20,20,0,0,0,0,0,1000.000
23250,0.5888,3.7690,16.81,0.5888,3.7690,0,1,0,0,0,20,20,0,0,0,0,0,1000.000
23260,0.5888,3.7690,17.06,0.5888,3.7690,0,1,0,0,0,20,20,0,0,0,0,0,1000.000
23270,0.5888,3.7690,17.32,0.5888,3.7690,0,1,0,0,0,20,20,0,0,0,0,0,1000.000
23280,0.5888,3.7690,17.56,0.5888,3.7690,0,1,0,0,0,20,20,0,0,0,0,0,1000.000
23290,0.5888,3.7690,17.81,0.5888,3.7690,0,1,0,0,0,20,20,0,0,0,0,0,1000.000
23300,0.5888,3.7690,18.06,0.5888,3.7690,0,1,0,0,0,20,20,0,0,0,0,0,1000.000
23310,0.5888,3.7690,18.32,0.5888,3.7690,0,1,0,0,0,20,20,0,0,0,0,0,1000.000
23320,0.5888,3.7690,18.56,0.5888,3.7690,0,1,0,0,0,20,20,0,0,0,0,0,1000.000
23330,0.5888,3.7690,18.81,0.5888,3.7690,0,1,0,0,0,20,20,0,0,0,0,0,1000.000
23340,0.5888,3.7690,19.07,0.5888,3.7690,0,1,0,0,0,20,20,0,0,0,0,0,1000.000
23350,0.5888,3.7690,19.31,0.5888,3.7690,0,1,0,0,0,20,20,0,0,0,0,0,1000.000
23360,0.5888,3.7690,19.55,0.5888,3.7690,0,1,0,0,0,20,20,0,0,0,0,0,1000.000
23370,0.5888,3.7690,19.80,0.5888,3.7690,0,1,0,0,0,20,20,0,0,0,0,0,1000.000
23380,0.5888,3.7690,20.04,0.5888,3.7690,0,1,0,0,0,20,20,0,0,0,0,0,1000.000
23390,0.5888,3.7690,20.29,0.5888,3.7690,0,1,0,0,0,20,20,0,0,0,0,0,1000.000
23400,0.5888,3.7690,20.53,0.5888,3.7690,0,1,0,0,0,20,20,0,0,0,0,0,1000.000
23410,0.5888,3.7690,20.78,0.5888,3.7690,0,1,0,0,0,20,20,0,0,0,0,0,1000.000
23420,0.5888,3.7690,21.02,0.5888,3.7690,0,1,0,0,0,20,20,0,0,0,0,0,1000.000
23430,0.5888,3.7690,21.26,0.5888,3.7690,0,1,0,0,0,20,20,0,0,0,0,0,1000.000
23440,0.5888,3.7690,21.51,0.5888,3.7690,0,1,0,0,0,20,20,0,0,0,0,0,1000.000
23450,0.5888,3.7690,21.75,0.5888,3.7690,0,1,0,0,0,20,20,0,0,0,0,0,1000.000
23460,0.5888,3.7690,22.00,0.5888,3.7690,0,1,0,0,0,20,20,0,0,0,0,0,1000.000
23470,0.5888,3.7690,22.24,0.5888,3.7690,0,1,0,0,0,20,20,0,0,0,0,0,1000.000
23480,0.5888,3.7690,22.48,0.5888,3.7690,0,1,0,0,0,20,20,0,0,0,0,0,1000.000
23490,0.5888,3.7690,22.73,0.5888,3.7690,0,1,0,0,0,20,20,0,0,0,0,0,1000.000
23500,0.5888,3.7690,22.96,0.5888,3.7690,0,1,0,0,0,20,20,0,0,0,0,0,1000.000
23510,0.5888,3.7690,23.20,0.5888,3.7690,0,1,0,0,0,20,20,0,0,0,0,0,1000.000
23520,0.5888,3.7690,23.44,0.5888,3.7690,0,1,0,0,0,20,20,0,0,0,0,0,1000.000
23530,0.5888,3.7690,23.68,0.5888,3.7690,0,1,0,0,0,20,20,0,0,0,0,0,1000.000
23540,0.5888,3.7690,23.92,0.5888,3.7690,0,1,0,0,0,20,20,0,0,0,0,0,1000.000
23550,0.5888,3.7690,24.16,0.5888,3.7690,0,1,0,0,0,20,20,0,0,0,0,0,1000.000
23560,0.5888,3.7690,24.40,0.5888,3.7690,0,1,0,0,0,20,20,0,0,0,0,0,1000.000
23570,0.5888,3.7690,24.64,0.5888,3.7690,0,1,0,0,0,20,20,0,0,0,0,0,1000.000
23580,0.5888,3.7690,24.88,0.5888,3.7690,0,1,0,0,0,20,20,0,0,0,0,0,1000.000
23590,0.5888,3.7690,25.11,0.5888,3.7690,0,1,0,0,0,20,20,0,0,0,0,0,1000.000
23600,0.5888,3.7690,25.35,0.5888,3.7690,0,1,0,0,0,20,20,0,0,0,0,0,1000.000
23610,0.5888,3.7690,25.59,0.5888,3.7690,0,1,0,0,0,20,20,0,0,0,0,0,1000.000
23620,0.5888,3.7690,25.83,0.5888,3.7690,0,1,0,0,0,20,20,0,0,0,0,0,1000.000
23630,0.5888,3.7690,26.06,0.5888,3.7690,0,1,0,0,0,20,20,0,0,0,0,0,1000.000
23640,0.5888,3.7690,26.30,0.5888,3.7690,0,1,0,0,0,20,20,0,0,0,0,0,1000.000
23650,0.5888,3.7690,26.53,0.5888,3.7690,0,1,0,0,0,20,20,0,0,0,0,0,1000.000
23660,0.5888,3.7690,26.77,0.5888,3.7690,0,1,0,0,0,20,20,0,0,0,0,0,1000.000
23670,0.5888,3.7690,27.01,0.5888,3.7690,0,1,0,0,0,20,20,0,0,0,0,0,1000.000
23680,0.5888,3.7690,27.24,0.5888,3.7690,0,1,0,0,0,20,20,0,0,0,0,0,1000.000
23690,0.5888,3.7690,27.48,0.5888,3.7690,0,1,0,0,0,20,20,0,0,0,0,0,1000.000
23700,0.5888,3.7690,27.71,0.5888,3.7690,0,1,0,0,0,20,20,0,0,0,0,0,1000.000
23710,0.5888,3.7690,27.95,0.5888,3.7690,0,1,0,0,0,20,20,0,0,0,0,0,1000.000
23720,0.5888,3.7690,28.18,0.5888,3.7690,0,1,0,0,0,20,20,0,0,0,0,0,1000.000
23730,0.5888,3.7690,28.41,0.5888,3.7690,0,1,0,0,0,20,20,0,0,0,0,0,1000.000
23740,0.5888,3.7690,28.64,0.5888,3.7690,0,1,0,0,0,20,20,0,0,0,0,0,1000.000
23750,0.5888,3.7690,28.88,0.5888,3.7690,0,1,0,0,0,20,20,0,0,0,0,0,1000.000
23760,0.5888,3.7690,29.11,0.5888,3.7690,0,1,0,0,0,20,20,0,0,0,0,0,1000.000
23770,0.5888,3.7690,29.34,0.5888,3.7690,0,1,0,0,0,20,20,0,0,0,0,0,1000.000
23780,0.5888,3.7690,29.57,0.5888,3.7690,0,1,0,0,0,20,20,0,0,0,0,0,1000.000
23790,0.5888,3.7690,29.81,0.5888,3.7690,0,1,0,0,0,20,20,0,0,0,0,0,1000.000
23800,0.5888,3.7690,30.04,0.5888,3.7690,0,1,0,0,0,20,20,0,0,0,0,0,1000.000
23810,0.5888,3.7690,30.27,0.5888,3.7690,0,1,0,0,0,20,20,0,0,0,0,0,1000.000
23820,0.5888,3.7690,30.50,0.5888,3.7690,0,1,0,0,0,20,20,0,0,0,0,0,1000.000
23830,0.5888,3.7690,30.73,0.5888,3.7690,0,1,0,0,0,20,20,0,0,0,0,0,1000.000
23840,0.5888,3.7690,30.96,0.5888,3.7690,0,1,0,0,0,20,20,0,0,0,0,0,1000.000
23850,0.5888,3.7690,31.19,0.5888,3.7690,0,1,0,0,0,20,20,0,0,0,0,0,1000.000
23860,0.5888,3.7690,31.41,0.5888,3.7690,0,1,0,0,0,20,20,0,0,0,0,0,1000.000
23870,0.5888,3.7690,31.64,0.5888,3.7690,0,1,0,0,0,20,20,0,0,0,0,0,1000.000
23880,0.5888,3.7690,31.87,0.5888,3.7690,0,1,0,0,0,20,20,0,0,0,0,0,1000.000
23890,0.5888,3.7690,32.10,0.5888,3.7690,0,1,0,0,0,20,20,0,0,0,0,0,1000.000
23900,0.5888,3.7690,32.32,0.5888,3.7690,0,1,0,0,0,20,20,0,0,0,0,0,1000.000
23910,0.5888,3.7690,32.55,0.5888,3.7690,0,1,0,0,0,20,20,0,0,0,0,0,1000.000
23920,0.5888,3.7690,32.77,0.5888,3.7690,0,1,0,0,0,20,20,0,0,0,0,0,1000.000
23930,0.5888,3.7690,33.00,0.5888,3.7690,0,1,0,0,0,20,20,0,0,0,0,0,1000.000
23940,0.5888,3.7690,33.23,0.5888,3.7690,0,1,0,0,0,20,20,0,0,0,0,0,1000.000
23950,0.5888,3.7690,33.45,0.5888,3.7690,0,1,0,0,0,20,20,0,0,0,0,0,1000.000
23960,0.5888,3.7690,33.68,0.5888,3.7690,0,1,0,0,0,20,20,0,0,0,0,0,1000.000
23970,0.5888,3.7690,33.90,0.5888,3.7690,0,1,0,0,0,20,20,0,0,0,0,0,1000.000
23980,0.5888,3.7690,34.13,0.5888,3.7690,0,1,0,0,0,20,20,0,0,0,0,0,1000.000
23990,0.5888,3.7690,34.35,0.5888,3.7690,0,1,0,0,0,20,20,0,0,0,0,0,1000.000
24000,0.5888,3.7690,34.58,0.5888,3.7690,0,1,0,0,0,20,20,0,0,0,0,0,1000.000
24010,0.5888,3.7690,34.80,0.5888,3.7690,0,1,0,0,0,20,20,0,0,0,0,0,1000.000
24020,0.5888,3.7690,35.02,0.5888,3.7690,0,1,0,0,0,20,20,0,0,0,0,0,1000.000
24030,0.5888,3.7690,35.24,0.5888,3.7690,0,1,0,0,0,20,20,0,0,0,0,0,1000.000
24040,0.5888,3.7690,35.47,0.5888,3.7690,0,1,0,0,0,20,20,0,0,0,0,0,1000.000
24050,0.5888,3.7690,35.69,0.5888,3.7690,0,1,0,0,0,20,20,0,0,0,0,0,1000.000
24060,0.5888,3.7690,35.90,0.5888,3.7690,0,1,0,0,0,20,20,0,0,0,0,0,1000.000
24070,0.5888,3.7690,36.13,0.5888,3.7690,0,1,0,0,0,20,20,0,0,0,0,0,1000.000
24080,0.5888,3.7690,36.36,0.5888,3.7690,0,1,0,0,0,20,20,0,0,0,0,0,1000.000
24090,0.5888,3.7690,36.56,0.5888,3.7690,0,1,0,0,0,20,20,0,0,0,0,0,1000.000
24100,0.5888,3.7690,36.78,0.5888,3.7690,0,1,0,0,0,20,20,0,0,0,0,0,1000.000
24110,0.5888,3.7690,37.01,0.5888,3.7690,0,1,0,0,0,20,20,0,0,0,0,0,1000.000
24120,0.5888,3.7690,37.23,0.5888,3.7690,0,1,0,0,0,20,20,0,0,0,0,0,1000.000
24130,0.5888,3.7690,37.45,0.5888,3.7690,0,1,0,0,0,20,20,0,0,0,0,0,1000.000
24140,0.5888,3.7690,37.68,0.5888,3.7690,0,1,0,0,0,20,20,0,0,0,0,0,1000.000
24150,0.5888,3.7690,37.89,0.5888,3.7690,0,1,0,0,0,20,20,0,0,0,0,0,1000.000
24160,0.5888,3.7690,38.11,0.5888,3.7690,0,1,0,0,0,20,20,0,0,0,0,0,1000.000
24170,0.5888,3.7690,38.33,0.5888,3.7690,0,1,0,0,0,20,20,0,0,0,0,0,1000.000
24180,0.5888,3.7690,38.54,0.5888,3.7690,0,1,0,0,0,20,20,0,0,0,0,0,1000.000
24190,0.5888,3.7690,38.76,0.5888,3.7690,0,1,0,0,0,20,20,0,0,0,0,0,1000.000
24200,0.5888,3.7690,38.99,0.5888,3.7690,0,1,0,0,0,20,20,0,0,0,0,0,1000.000
24210,0.5888,3.7690,39.20,0.5888,3.7690,0,1,0,0,0,20,20,0,0,0,0,0,1000.000
24220,0.5888,3.7690,39.42,0.5888,3.7690,0,1,0,0,0,20,20,0,0,0,0,0,1000.000
24230,0.5888,3.7690,39.64,0.5888,3.7690,0,1,0,0,0,20,20,0,0,0,0,0,1000.000
24240,0.5888,3.7690,39.85,0.5888,3.7690,0,1,0,0,0,20,20,0,0,0,0,0,1000.000
24250,0.5888,3.7690,40.07,0.5888,3.7690,0,1,0,0,0,20,20,0,0,0,0,0,1000.000
24260,0.5888,3.7690,40.28,0.5888,3.7690,0,1,0,0,0,20,20,0,0,0,0,0,1000.000
24270,0.5888,3.7690,40.49,0.5888,3.7690,0,1,0,0,0,20,20,0,0,0,0,0,1000.000
24280,0.5888,3.7690,40.71,0.5888,3.7690,0,1,0,0,0,20,20,0,0,0,0,0,1000.000
24290,0.5888,3.7690,40.92,0.5888,3.7690,0,1,0,0,0,20,20,0,0,0,0,0,1000.000
24300,0.5888,3.7690,41.14,0.5888,3.7690,0,1,0,0,0,20,20,0,0,0,0,0,1000.000
24310,0.5888,3.7690,41.35,0.5888,3.7690,0,1,0,0,0,20,20,0,0,0,0,0,1000.000
24320,0.5888,3.7690,41.57,0.5888,3.7690,0,1,0,0,0,20,20,0,0,0,0,0,1000.000
24330,0.5888,3.7690,41.77,0.5888,3.7690,0,1,0,0,0,20,20,0,0,0,0,0,1000.000
24340,0.5888,3.7690,41.99,0.5888,3.7690,0,1,0,0,0,20,20,0,0,0,0,0,1000.000
24350,0.5888,3.7690,42.20,0.5888,3.7690,0,1,0,0,0,20,20,0,0,0,0,0,1000.000
24360,0.5888,3.7690,42.42,0.5888,3.7690,0,1,0,0,0,20,20,0,0,0,0,0,1000.000
24370,0.5888,3.7690,42.62,0.5888,3.7690,0,1,0,0,0,20,20,0,0,0,0,0,1000.000
24380,0.5888,3.7690,42.82,0.5888,3.7690,0,1,0,0,0,20,20,0,0,0,0,0,1000.000
24390,0.5888,3.7690,43.04,0.5888,3.7690,0,1,0,0,0,20,20,0,0,0,0,0,1000.000
24400,0.5888,3.7690,43.27,0.5888,3.7690,0,1,0,0,0,20,20,0,0,0,0,0,1000.000
24410,0.5888,3.7690,43.47,0.5888,3.7690,0,1,0,0,0,20,20,0,0,0,0,0,1000.000
24420,0.5888,3.7690,43.67,0.5888,3.7690,0,1,0,0,0,20,20,0,0,0,0,0,1000.000
24430,0.5888,3.7690,43.89,0.5888,3.7690,0,1,0,0,0,20,20,0,0,0,0,0,1000.000
24440,0.5888,3.7690,44.10,0.5888,3.7690,0,1,0,0,0,20,20,0,0,0,0,0,1000.000
24450,0.5888,3.7690,44.30,0.5888,3.7690,0,1,0,0,0,20,20,0,0,0,0,0,1000.000
24460,0.5888,3.7690,44.51,0.5888,3.7690,0,1,0,0,0,20,20,0,0,0,0,0,1000.000
24470,0.5888,3.7690,44.72,0.5888,3.7690,0,1,0,0,0,20,20,0,0,0,0,0,1000.000
24480,0.5888,3.7690,44.92,0.5888,3.7690,0,1,0,0,0,20,20,0,0,0,0,0,1000.000
24490,0.5888,3.7690,45.14,0.5888,3.7690,0,1,0,0,0,20,20,0,0,0,0,0,1000.000
24500,0.5888,3.7690,45.34,0.5888,3.7690,0,1,0,0,0,20,20,0,0,0,0,0,1000.000
24510,0.5888,3.7690,45.54,0.5888,3.7690,0,1,0,0,0,20,20,0,0,0,0,0,1000.000
24520,0.5888,3.7690,45.76,0.5888,3.7690,0,1,0,0,0,20,20,0,0,0,0,0,1000.000
24530,0.5888,3.7690,45.97,0.5888,3.7690,0,1,0,0,0,20,20,0,0,0,0,0,1000.000
24540,0.5888,3.7690,46.17,0.5888,3.7690,0,1,0,0,0,20,20,0,0,0,0,0,1000.000
24550,0.5888,3.7690,46.38,0.5888,3.7690,0,1,0,0,0,20,20,0,0,0,0,0,1000.000
24560,0.5888,3.7690,46.59,0.5888,3.7690,0,1,0,0,0,20,20,0,0,0,0,0,1000.000
24570,0.5888,3.7690,46.79,0.5888,3.7690,0,1,0,0,0,20,20,0,0,0,0,0,1000.000
24580,0.5888,3.7690,46.99,0.5888,3.7690,0,1,0,0,0,20,20,0,0,0,0,0,1000.000
24590,0.5888,3.7690,47.19,0.5888,3.7690,0,1,0,0,0,20,20,0,0,0,0,0,1000.000
24600,0.5888,3.7690,47.40,0.5888,3.7690,0,1,0,0,0,20,20,0,0,0,0,0,1000.000
24610,0.5888,3.7690,47.60,0.5888,3.7690,0,1,0,0,0,20,20,0,0,0,0,0,1000.000
24620,0.5888,3.7690,47.80,0.5888,3.7690,0,1,0,0,0,20,20,0,0,0,0,0,1000.000
24630,0.5888,3.7690,48.01,0.5888,3.7690,0,1,0,0,0,20,20,0,0,0,0,0,1000.000
24640,0.5888,3.7690,48.21,0.5888,3.7690,0,1,0,0,0,20,20,0,0,0,0,0,1000.000
24650,0.5888,3.7690,48.41,0.5888,3.7690,0,1,0,0,0,20,20,0,0,0,0,0,1000.000
24660,0.5888,3.7690,48.61,0.5888,3.7690,0,1,0,0,0,20,20,0,0,0,0,0,1000.000
24670,0.5888,3.7690,48.82,0.5888,3.7690,0,1,0,0,0,20,20,0,0,0,0,0,1000.000
24680,0.5888,3.7690,49.02,0.5888,3.7690,0,1,0,0,0,20,20,0,0,0,0,0,1000.000
24690,0.5888,3.7690,49.22,0.5888,3.7690,0,1,0,0,0,20,20,0,0,0,0,0,1000.000
24700,0.5888,3.7690,49.42,0.5888,3.7690,0,1,0,0,0,20,20,0,0,0,0,0,1000.000
24710,0.5888,3.7690,49.63,0.5888,3.7690,0,1,0,0,0,20,20,0,0,0,0,0,1000.000
24720,0.5888,3.7690,49.81,0.5888,3.7690,0,1,0,0,0,20,20,0,0,0,0,0,1000.000
24730,0.5888,3.7690,50.01,0.5888,3.7690,0,1,0,0,0,20,20,0,0,0,0,0,1000.000
24740,0.5888,3.7690,50.22,0.5888,3.7690,0,1,0,0,0,20,20,0,0,0,0,0,1000.000
24750,0.5888,3.7690,50.42,0.5888,3.7690,0,1,0,0,0,20,20,0,0,0,0,0,1000.000
24760,0.5888,3.7690,50.62,0.5888,3.7690,0,1,0,0,0,20,20,0,0,0,0,0,1000.000
24770,0.5888,3.7690,50.81,0.5888,3.7690,0,1,0,0,0,20,20,0,0,0,0,0,1000.000
24780,0.5888,3.7690,51.01,0.5888,3.7690,0,1,0,0,0,20,20,0,0,0,0,0,1000.000
24790,0.5888,3.7690,51.21,0.5888,3.7690,0,1,0,0,0,20,20,0,0,0,0,0,1000.000
24800,0.5888,3.7690,51.40,0.5888,3.7690,0,1,0,0,0,20,20,0,0,0,0,0,1000.000
24810,0.5888,3.7690,51.60,0.5888,3.7690,0,1,0,0,0,20,20,0,0,0,0,0,1000.000
24820,0.5888,3.7690,51.80,0.5888,3.7690,0,1,0,0,0,20,20,0,0,0,0,0,1000.000
24830,0.5888,3.7690,51.99,0.5888,3.7690,0,1,0,0,0,20,20,0,0,0,0,0,1000.000
24840,0.5888,3.7690,52.19,0.5888,3.7690,0,1,0,0,0,20,20,0,0,0,0,0,1000.000
24850,0.5888,3.7690,52.39,0.5888,3.7690,0,1,0,0,0,20,20,0,0,0,0,0,1000.000
24860,0.5888,3.7690,52.58,0.5888,3.7690,0,1,0,0,0,20,20,0,0,0,0,0,1000.000
24870,0.5888,3.7690,52.77,0.5888,3.7690,0,1,0,0,0,20,20,0,0,0,0,0,1000.000
24880,0.5888,3.7690,52.97,0.5888,3.7690,0,1,0,0,0,20,20,0,0,0,0,0,1000.000
24890,0.5888,3.7690,53.17,0.5888,3.7690,0,1,0,0,0,20,20,0,0,0,0,0,1000.000
24900,0.5888,3.7690,53.35,0.5888,3.7690,0,1,0,0,0,20,20,0,0,0,0,0,1000.000
24910,0.5888,3.7690,53.55,0.5888,3.7690,0,1,0,0,0,20,20,0,0,0,0,0,1000.000
24920,0.5888,3.7690,53.76,0.5888,3.7690,0,1,0,0,0,20,20,0,0,0,0,0,1000.000
24930,0.5888,3.7690,53.94,0.5888,3.7690,0,1,0,0,0,20,20,0,0,0,0,0,1000.000
24940,0.5888,3.7690,54.13,0.5888,3.7690,0,1,0,0,0,20,20,0,0,0,0,0,1000.000
24950,0.5888,3.7690,54.33,0.5888,3.7690,0,1,0,0,0,20,20,0,0,0,0,0,1000.000
24960,0.5888,3.7690,54.52,0.5888,3.7690,0,1,0,0,0,20,20,0,0,0,0,0,1000.000
24970,0.5888,3.7690,54.70,0.5888,3.7690,0,1,0,0,0,20,20,0,0,0,0,0,1000.000
24980,0.5888,3.7690,54.91,0.5888,3.7690,0,1,0,0,0,20,20,0,0,0,0,0,1000.000
24990,0.5888,3.7690,55.10,0.5888,3.7690,0,1,0,0,0,20,20,0,0,0,0,0,1000.000
25000,0.5888,3.7690,55.28,0.5888,3.7690,0,1,0,0,0,20,20,0,0,0,0,0,1000.000
25010,0.5888,3.7690,55.48,0.5888,3.7690,0,1,0,0,0,20,20,0,0,0,0,0,1000.000
25020,0.5888,3.7690,55.67,0.5888,3.7690,0,1,0,0,0,20,20,0,0,0,0,0,1000.000
25030,0.5888,3.7690,55.86,0.5888,3.7690,0,1,0,0,0,20,20,0,0,0,0,0,1000.000
25040,0.5888,3.7690,56.05,0.5888,3.7690,0,1,0,0,0,20,20,0,0,0,0,0,1000.000
25050,0.5888,3.7690,56.24,0.5888,3.7690,0,1,0,0,0,20,20,0,0,0,0,0,1000.000
25060,0.5888,3.7690,56.42,0.5888,3.7690,0,1,0,0,0,20,20,0,0,0,0,0,1000.000
25070,0.5888,3.7690,56.61,0.5888,3.7690,0,1,0,0,0,20,20,0,0,0,0,0,1000.000
25080,0.5888,3.7690,56.80,0.5888,3.7690,0,1,0,0,0,20,20,0,0,0,0,0,1000.000
25090,0.5888,3.7690,56.99,0.5888,3.7690,0,1,0,0,0,20,20,0,0,0,0,0,1000.000
25100,0.5888,3.7690,57.18,0.5888,3.7690,0,1,0,0,0,20,20,0,0,0,0,0,1000.000
25110,0.5888,3.7690,57.36,0.5888,3.7690,0,1,0,0,0,20,20,0,0,0,0,0,1000.000
25120,0.5888,3.7690,57.55,0.5888,3.7690,0,1,0,0,0,20,20,0,0,0,0,0,1000.000
25130,0.5888,3.7690,57.74,0.5888,3.7690,0,1,0,0,0,20,20,0,0,0,0,0,1000.000
25140,0.5888,3.7690,57.93,0.5888,3.7690,0,1,0,0,0,20,20,0,0,0,0,0,1000.000
25150,0.5888,3.7690,58.12,0.5888,3.7690,0,1,0,0,0,20,20,0,0,0,0,0,1000.000
25160,0.5888,3.7690,58.30,0.5888,3.7690,0,1,0,0,0,20,20,0,0,0,0,0,1000.000
25170,0.5888,3.7690,58.49,0.5888,3.7690,0,1,0,0,0,20,20,0,0,0,0,0,1000.000
25180,0.5888,3.7690,58.68,0.5888,3.7690,0,1,0,0,0,20,20,0,0,0,0,0,1000.000
25190,0.5888,3.7690,58.87,0.5888,3.7690,0,1,0,0,0,20,20,0,0,0,0,0,1000.000
25200,0.5888,3.7690,59.04,0.5888,3.7690,0,1,0,0,0,20,20,0,0,0,0,0,1000.000
25210,0.5888,3.7690,59.23,0.5888,3.7690,0,1,0,0,0,20,20,0,0,0,0,0,1000.000
25220,0.5888,3.7690,59.42,0.5888,3.7690,0,1,0,0,0,20,20,0,0,0,0,0,1000.000
25230,0.5888,3.7690,59.60,0.5888,3.7690,0,1,0,0,0,20,20,0,0,0,0,0,1000.000
25240,0.5888,3.7690,59.79,0.5888,3.7690,0,1,0,0,0,20,20,0,0,0,0,0,1000.000
25250,0.5888,3.7690,59.97,0.5888,3.7690,0,1,0,0,0,20,20,0,0,0,0,0,1000.000
25260,0.5888,3.7690,60.15,0.5888,3.7690,0,1,0,0,0,20,20,0,0,0,0,0,1000.000
25270,0.5888,3.7690,60.34,0.5888,3.7690,0,1,0,0,0,20,20,0,0,0,0,0,1000.000
25280,0.5888,3.7690,60.53,0.5888,3.7690,0,1,0,0,0,20,20,0,0,0,0,0,1000.000
25290,0.5888,3.7690,60.70,0.5888,3.7690,0,1,0,0,0,20,20,0,0,0,0,0,1000.000
25300,0.5888,3.7690,60.89,0.5888,3.7690,0,1,0,0,0,20,20,0,0,0,0,0,1000.000
25310,0.5888,3.7690,61.07,0.5888,3.7690,0,1,0,0,0,20,20,0,0,0,0,0,1000.000
25320,0.5888,3.7690,61.25,0.5888,3.7690,0,1,0,0,0,20,20,0,0,0,0,0,1000.000
25330,0.5888,3.7690,61.43,0.5888,3.7690,0,1,0,0,0,20,20,0,0,0,0,0,1000.000
25340,0.5888,3.7690,61.61,0.5888,3.7690,0,1,0,0,0,20,20,0,0,0,0,0,1000.000
25350,0.5888,3.7690,61.80,0.5888,3.7690,0,1,0,0,0,20,20,0,0,0,0,0,1000.000
25360,0.5888,3.7690,61.98,0.5888,3.7690,0,1,0,0,0,20,20,0,0,0,0,0,1000.000
25370,0.5888,3.7690,62.15,0.5888,3.7690,0,1,0,0,0,20,20,0,0,0,0,0,1000.000
25380,0.5888,3.7690,62.34,0.5888,3.7690,0,1,0,0,0,20,20,0,0,0,0,0,1000.000
25390,0.5888,3.7690,62.52,0.5888,3.7690,0,1,0,0,0,20,20,0,0,0,0,0,1000.000
25400,0.5888,3.7690,62.70,0.5888,3.7690,0,1,0,0,0,20,20,0,0,0,0,0,1000.000
25410,0.5888,3.7690,62.87,0.5888,3.7690,0,1,0,0,0,20,20,0,0,0,0,0,1000.000
25420,0.5888,3.7690,63.05,0.5888,3.7690,0,1,0,0,0,20,20,0,0,0,0,0,1000.000
25430,0.5888,3.7690,63.24,0.5888,3.7690,0,1,0,0,0,20,20,0,0,0,0,0,1000.000
25440,0.5888,3.7690,63.41,0.5888,3.7690,0,1,0,0,0,20,20,0,0,0,0,0,1000.000
25450,0.5888,3.7690,63.59,0.5888,3.7690,0,1,0,0,0,20,20,0,0,0,0,0,1000.000
25460,0.5888,3.7690,63.77,0.5888,3.7690,0,1,0,0,0,20,20,0,0,0,0,0,1000.000
25470,0.5888,3.7690,63.95,0.5888,3.7690,0,1,0,0,0,20,20,0,0,0,0,0,1000.000
25480,0.5888,3.7690,64.13,0.5888,3.7690,0,1,0,0,0,20,20,0,0,0,0,0,1000.000
25490,0.5888,3.7690,64.30,0.5888,3.7690,0,1,0,0,0,20,20,0,0,0,0,0,1000.000
25500,0.5888,3.7690,64.48,0.5888,3.7690,0,1,0,0,0,20,20,0,0,0,0,0,1000.000
25510,0.5888,3.7690,64.65,0.5888,3.7690,0,1,0,0,0,20,20,0,0,0,0,0,1000.000
25520,0.5888,3.7690,64.83,0.5888,3.7690,0,1,0,0,0,20,20,0,0,0,0,0,1000.000
25530,0.5888,3.7690,65.01,0.5888,3.7690,0,1,0,0,0,20,20,0,0,0,0,0,1000.000
25540,0.5888,3.7690,65.18,0.5888,3.7690,0,1,0,0,0,20,20,0,0,0,0,0,1000.000
25550,0.5888,3.7690,65.36,0.5888,3.7690,0,1,0,0,0,20,20,0,0,0,0,0,1000.000
25560,0.5888,3.7690,65.54,0.5888,3.7690,0,1,0,0,0,20,20,0,0,0,0,0,1000.000
25570,0.5888,3.7690,65.71,0.5888,3.7690,0,1,0,0,0,20,20,0,0,0,0,0,1000.000
25580,0.5888,3.7690,65.89,0.5888,3.7690,0,1,0,0,0,20,20,0,0,0,0,0,1000.000
25590,0.5888,3.7690,66.06,0.5888,3.7690,0,1,0,0,0,20,20,0,0,0,0,0,1000.000
25600,0.5888,3.7690,66.24,0.5888,3.7690,0,1,0,0,0,20,20,0,0,0,0,0,1000.000
25610,0.5888,3.7690,66.41,0.5888,3.7690,0,1,0,0,0,20,20,0,0,0,0,0,1000.000
25620,0.5888,3.7690,66.59,0.5888,3.7690,0,1,0,0,0,20,20,0,0,0,0,0,1000.000
25630,0.5888,3.7690,66.76,0.5888,3.7690,0,1,0,0,0,20,20,0,0,0,0,0,1000.000
25640,0.5888,3.7690,66.94,0.5888,3.7690,0,1,0,0,0,20,20,0,0,0,0,0,1000.000
25650,0.5888,3.7690,67.11,0.5888,3.7690,0,1,0,0,0,20,20,0,0,0,0,0,1000.000
25660,0.5888,3.7690,67.28,0.5888,3.7690,0,1,0,0,0,20,20,0,0,0,0,0,1000.000
25670,0.5888,3.7690,67.45,0.5888,3.7690,0,1,0,0,0,20,20,0,0,0,0,0,1000.000
25680,0.5888,3.7690,67.63,0.5888,3.7690,0,1,0,0,0,20,20,0,0,0,0,0,1000.000
25690,0.5888,3.7690,67.80,0.5888,3.7690,0,1,0,0,0,20,20,0,0,0,0,0,1000.000
25700,0.5888,3.7690,67.97,0.5888,3.7690,0,1,0,0,0,20,20,0,0,0,0,0,1000.000
25710,0.5888,3.7690,68.15,0.5888,3.7690,0,1,0,0,0,20,20,0,0,0,0,0,1000.000
25720,0.5888,3.7690,68.32,0.5888,3.7690,0,1,0,0,0,20,20,0,0,0,0,0,1000.000
25730,0.5888,3.7690,68.49,0.5888,3.7690,0,1,0,0,0,20,20,0,0,0,0,0,1000.000
25740,0.5888,3.7690,68.66,0.5888,3.7690,0,1,0,0,0,20,20,0,0,0,0,0,1000.000
25750,0.5888,3.7690,68.83,0.5888,3.7690,0,1,0,0,0,20,20,0,0,0,0,0,1000.000
25760,0.5888,3.7690,69.01,0.5888,3.7690,0,1,0,0,0,20,20,0,0,0,0,0,1000.000
25770,0.5888,3.7690,69.18,0.5888,3.7690,0,1,0,0,0,20,20,0,0,0,0,0,1000.000
25780,0.5888,3.7690,69.35,0.5888,3.7690,0,1,0,0,0,20,20,0,0,0,0,0,1000.000
25790,0.5888,3.7690,69.52,0.5888,3.7690,0,1,0,0,0,20,20,0,0,0,0,0,1000.000
25800,0.5888,3.7690,69.69,0.5888,3.7690,0,1,0,0,0,20,20,0,0,0,0,0,1000.000
25810,0.5888,3.7690,69.86,0.5888,3.7690,0,1,0,0,0,20,20,0,0,0,0,0,1000.000
25820,0.5888,3.7690,70.03,0.5888,3.7690,0,1,0,0,0,20,20,0,0,0,0,0,1000.000
25830,0.5888,3.7690,70.19,0.5888,3.7690,0,1,0,0,0,20,20,0,0,0,0,0,1000.000
25840,0.5888,3.7690,70.36,0.5888,3.7690,0,1,0,0,0,20,20,0,0,0,0,0,1000.000
25850,0.5888,3.7690,70.53,0.5888,3.7690,0,1,0,0,0,20,20,0,0,0,0,0,1000.000
25860,0.5888,3.7690,70.70,0.5888,3.7690,0,1,0,0,0,20,20,0,0,0,0,0,1000.000
25870,0.5888,3.7690,70.86,0.5888,3.7690,0,1,0,0,0,20,20,0,0,0,0,0,1000.000
25880,0.5888,3.7690,71.04,0.5888,3.7690,0,1,0,0,0,20,20,0,0,0,0,0,1000.000
25890,0.5888,3.7690,71.20,0.5888,3.7690,0,1,0,0,0,20,20,0,0,0,0,0,1000.000
25900,0.5888,3.7690,71.37,0.5888,3.7690,0,1,0,0,0,20,20,0,0,0,0,0,1000.000
25910,0.5888,3.7690,71.54,0.5888,3.7690,0,1,0,0,0,20,20,0,0,0,0,0,1000.000
25920,0.5888,3.7690,71.70,0.5888,3.7690,0,1,0,0,0,20,20,0,0,0,0,0,1000.000
25930,0.5888,3.7690,71.87,0.5888,3.7690,0,1,0,0,0,20,20,0,0,0,0,0,1000.000
25940,0.5888,3.7690,72.03,0.5888,3.7690,0,1,0,0,0,20,20,0,0,0,0,0,1000.000
25950,0.5888,3.7690,72.20,0.5888,3.7690,0,1,0,0,0,20,20,0,0,0,0,0,1000.000
25960,0.5888,3.7690,72.36,0.5888,3.7690,0,1,0,0,0,20,20,0,0,0,0,0,1000.000
25970,0.5888,3.7690,72.53,0.5888,3.7690,0,1,0,0,0,20,20,0,0,0,0,0,1000.000
25980,0.5888,3.7690,72.69,0.5888,3.7690,0,1,0,0,0,20,20,0,0,0,0,0,1000.000
25990,0.5888,3.7690,72.86,0.5888,3.7690,0,1,0,0,0,20,20,0,0,0,0,0,1000.000
26000,0.5888,3.7690,73.02,0.5888,3.7690,0,1,0,0,0,20,20,0,0,0,0,0,1000.000
26010,0.5888,3.7690,73.19,0.5888,3.7690,0,1,0,0,0,20,20,0,0,0,0,0,1000.000
26020,0.5888,3.7690,73.35,0.5888,3.7690,0,1,0,0,0,20,20,0,0,0,0,0,1000.000
26030,0.5888,3.7690,73.52,0.5888,3.7690,0,1,0,0,0,20,20,0,0,0,0,0,1000.000
26040,0.5888,3.7690,73.68,0.5888,3.7690,0,1,0,0,0,20,20,0,0,0,0,0,1000.000
26050,0.5888,3.7690,73.85,0.5888,3.7690,0,1,0,0,0,20,20,0,0,0,0,0,1000.000
26060,0.5888,3.7690,74.01,0.5888,3.7690,0,1,0,0,0,20,20,0,0,0,0,0,1000.000
26070,0.5888,3.7690,74.16,0.5888,3.7690,0,1,0,0,0,20,20,0,0,0,0,0,1000.000
26080,0.5888,3.7690,74.33,0.5888,3.7690,0,1,0,0,0,20,20,0,0,0,0,0,1000.000
26090,0.5888,3.7690,74.50,0.5888,3.7690,0,1,0,0,0,20,20,0,0,0,0,0,1000.000
26100,0.5888,3.7690,74.65,0.5888,3.7690,0,1,0,0,0,20,20,0,0,0,0,0,1000.000
26110,0.5888,3.7690,74.81,0.5888,3.7690,0,1,0,0,0,20,20,0,0,0,0,0,1000.000
26120,0.5888,3.7690,74.98,0.5888,3.7690,0,1,0,0,0,20,20,0,0,0,0,0,1000.000
26130,0.5888,3.7690,75.13,0.5888,3.7690,0,1,0,0,0,20,20,0,0,0,0,0,1000.000
26140,0.5888,3.7690,75.29,0.5888,3.7690,0,1,0,0,0,20,20,0,0,0,0,0,1000.000
26150,0.5888,3.7690,75.46,0.5888,3.7690,0,1,0,0,0,20,20,0,0,0,0,0,1000.000
26160,0.5888,3.7690,75.62,0.5888,3.7690,0,1,0,0,0,20,20,0,0,0,0,0,1000.000
26170,0.5888,3.7690,75.78,0.5888,3.7690,0,1,0,0,0,20,20,0,0,0,0,0,1000.000
26180,0.5888,3.7690,75.94,0.5888,3.7690,0,1,0,0,0,20,20,0,0,0,0,0,1000.000
26190,0.5888,3.7690,76.10,0.5888,3.7690,0,1,0,0,0,20,20,0,0,0,0,0,1000.000
26200,0.5888,3.7690,76.26,0.5888,3.7690,0,1,0,0,0,20,20,0,0,0,0,0,1000.000
26210,0.5888,3.7690,76.42,0.5888,3.7690,0,1,0,0,0,20,20,0,0,0,0,0,1000.000
26220,0.5888,3.7690,76.58,0.5888,3.7690,0,1,0,0,0,20,20,0,0,0,0,0,1000.000
26230,0.5888,3.7690,76.73,0.5888,3.7690,0,1,0,0,0,20,20,0,0,0,0,0,1000.000
26240,0.5888,3.7690,76.89,0.5888,3.7690,0,1,0,0,0,20,20,0,0,0,0,0,1000.000
26250,0.5888,3.7690,77.04,0.5888,3.7690,0,1,0,0,0,20,20,0,0,0,0,0,1000.000
26260,0.5888,3.7690,77.21,0.5888,3.7690,0,1,0,0,0,20,20,0,0,0,0,0,1000.000
26270,0.5888,3.7690,77.37,0.5888,3.7690,0,1,0,0,0,20,20,0,0,0,0,0,1000.000
26280,0.5888,3.7690,77.52,0.5888,3.7690,0,1,0,0,0,20,20,0,0,0,0,0,1000.000
26290,0.5888,3.7690,77.68,0.5888,3.7690,0,1,0,0,0,20,20,0,0,0,0,0,1000.000
26300,0.5888,3.7690,77.84,0.5888,3.7690,0,1,0,0,0,20,20,0,0,0,0,0,1000.000
26310,0.5888,3.7690,77.99,0.5888,3.7690,0,1,0,0,0,20,20,0,0,0,0,0,1000.000
26320,0.5888,3.7690,78.15,0.5888,3.7690,0,1,0,0,0,20,20,0,0,0,0,0,1000.000
26330,0.5888,3.7690,78.32,0.5888,3.7690,0,1,0,0,0,20,20,0,0,0,0,0,1000.000
26340,0.5888,3.7690,78.47,0.5888,3.7690,0,1,0,0,0,20,20,0,0,0,0,0,1000.000
26350,0.5888,3.7690,78.61,0.5888,3.7690,0,1,0,0,0,20,20,0,0,0,0,0,1000.000
26360,0.5888,3.7690,78.77,0.5888,3.7690,0,1,0,0,0,20,20,0,0,0,0,0,1000.000
26370,0.5888,3.7690,78.94,0.5888,3.7690,0,1,0,0,0,20,20,0,0,0,0,0,1000.000
26380,0.5888,3.7690,79.09,0.5888,3.7690,0,1,0,0,0,20,20,0,0,0,0,0,1000.000
26390,0.5888,3.7690,79.23,0.5888,3.7690,0,1,0,0,0,20,20,0,0,0,0,0,1000.000
26400,0.5888,3.7690,79.39,0.5888,3.7690,0,1,0,0,0,20,20,0,0,0,0,0,1000.000
26410,0.5888,3.7690,79.56,0.5888,3.7690,0,1,0,0,0,20,20,0,0,0,0,0,1000.000
26420,0.5888,3.7690,79.70,0.5888,3.7690,0,1,0,0,0,20,20,0,0,0,0,0,1000.000
26430,0.5888,3.7690,79.84,0.5888,3.7690,0,1,0,0,0,20,20,0,0,0,0,0,1000.000
26440,0.5888,3.7690,80.01,0.5888,3.7690,0,1,0,0,0,20,20,0,0,0,0,0,1000.000
26450,0.5888,3.7690,80.17,0.5888,3.7690,0,1,0,0,0,20,20,0,0,0,0,0,1000.000
26460,0.5888,3.7690,80.32,0.5888,3.7690,0,1,0,0,0,20,20,0,0,0,0,0,1000.000
26470,0.5888,3.7690,80.46,0.5888,3.7690,0,1,0,0,0,20,20,0,0,0,0,0,1000.000
26480,0.5888,3.7690,80.62,0.5888,3.7690,0,1,0,0,0,20,20,0,0,0,0,0,1000.000
26490,0.5888,3.7690,80.79,0.5888,3.7690,0,1,0,0,0,20,20,0,0,0,0,0,1000.000
26500,0.5888,3.7690,80.94,0.5888,3.7690,0,1,0,0,0,20,20,0,0,0,0,0,1000.000
26510,0.5888,3.7690,81.08,0.5888,3.7690,0,1,0,0,0,20,20,0,0,0,0,0,1000.000
26520,0.5888,3.7690,81.24,0.5888,3.7690,0,1,0,0,0,20,20,0,0,0,0,0,1000.000
26530,0.5888,3.7690,81.38,0.5888,3.7690,0,1,0,0,0,20,20,0,0,0,0,0,1000.000
26540,0.5888,3.7690,81.52,0.5888,3.7690,0,1,0,0,0,20,20,0,0,0,0,0,1000.000
26550,0.5888,3.7690,81.68,0.5888,3.7690,0,1,0,0,0,20,20,0,0,0,0,0,1000.000
26560,0.5888,3.7690,81.83,0.5888,3.7690,0,1,0,0,0,20,20,0,0,0,0,0,1000.000
26570,0.5888,3.7690,81.99,0.5888,3.7690,0,1,0,0,0,20,20,0,0,0,0,0,1000.000
26580,0.5888,3.7690,82.14,0.5888,3.7690,0,1,0,0,0,20,20,0,0,0,0,0,1000.000
26590,0.5888,3.7690,82.28,0.5888,3.7690,0,1,0,0,0,20,20,0,0,0,0,0,1000.000
26600,0.5888,3.7690,82.44,0.5888,3.7690,0,1,0,0,0,20,20,0,0,0,0,0,1000.000
26610,0.5888,3.7690,82.59,0.5888,3.7690,0,1,0,0,0,20,20,0,0,0,0,0,1000.000
26620,0.5888,3.7690,82.73,0.5888,3.7690,0,1,0,0,0,20,20,0,0,0,0,0,1000.000
26630,0.5888,3.7690,82.89,0.5888,3.7690,0,1,0,0,0,20,20,0,0,0,0,0,1000.000
26640,0.5888,3.7690,83.03,0.5888,3.7690,0,1,0,0,0,20,20,0,0,0,0,0,1000.000
26650,0.5888,3.7690,83.17,0.5888,3.7690,0,1,0,0,0,20,20,0,0,0,0,0,1000.000
26660,0.5888,3.7690,83.33,0.5888,3.7690,0,1,0,0,0,20,20,0,0,0,0,0,1000.000
26670,0.5888,3.7690,83.48,0.5888,3.7690,0,1,0,0,0,20,20,0,0,0,0,0,1000.000
26680,0.5888,3.7690,83.62,0.5888,3.7690,0,1,0,0,0,20,20,0,0,0,0,0,1000.000
26690,0.5888,3.7690,83.78,0.5888,3.7690,0,1,0,0,0,20,20,0,0,0,0,0,1000.000
26700,0.5888,3.7690,83.93,0.5888,3.7690,0,1,0,0,0,20,20,0,0,0,0,0,1000.000
26710,0.5888,3.7690,84.07,0.5888,3.7690,0,1,0,0,0,20,20,0,0,0,0,0,1000.000
26720,0.5888,3.7690,84.22,0.5888,3.7690,0,1,0,0,0,20,20,0,0,0,0,0,1000.000
26730,0.5888,3.7690,84.37,0.5888,3.7690,0,1,0,0,0,20,20,0,0,0,0,0,1000.000
26740,0.5888,3.7690,84.51,0.5888,3.7690,0,1,0,0,0,20,20,0,0,0,0,0,1000.000
26750,0.5888,3.7690,84.65,0.5888,3.7690,0,1,0,0,0,20,20,0,0,0,0,0,1000.000
26760,0.5888,3.7690,84.81,0.5888,3.7690,0,1,0,0,0,20,20,0,0,0,0,0,1000.000
26770,0.5888,3.7690,84.96,0.5888,3.7690,0,1,0,0,0,20,20,0,0,0,0,0,1000.000
26780,0.5888,3.7690,85.10,0.5888,3.7690,0,1,0,0,0,20,20,0,0,0,0,0,1000.000
26790,0.5888,3.7690,85.24,0.5888,3.7690,0,1,0,0,0,20,20,0,0,0,0,0,1000.000
26800,0.5888,3.7690,85.40,0.5888,3.7690,0,1,0,0,0,20,20,0,0,0,0,0,1000.000
26810,0.5888,3.7690,85.54,0.5888,3.7690,0,1,0,0,0,20,20,0,0,0,0,0,1000.000
26820,0.5888,3.7690,85.67,0.5888,3.7690,0,1,0,0,0,20,20,0,0,0,0,0,1000.000
26830,0.5888,3.7690,85.81,0.5888,3.7690,0,1,0,0,0,20,20,0,0,0,0,0,1000.000
26840,0.5888,3.7690,85.97,0.5888,3.7690,0,1,0,0,0,20,20,0,0,0,0,0,1000.000
26850,0.5888,3.7690,86.12,0.5888,3.7690,0,1,0,0,0,20,20,0,0,0,0,0,1000.000
26860,0.5888,3.7690,86.24,0.5888,3.7690,0,1,0,0,0,20,20,0,0,0,0,0,1000.000
26870,0.5888,3.7690,86.38,0.5888,3.7690,0,1,0,0,0,20,20,0,0,0,0,0,1000.000
26880,0.5888,3.7690,86.54,0.5888,3.7690,0,1,0,0,0,20,20,0,0,0,0,0,1000.000
26890,0.5888,3.7690,86.69,0.5888,3.7690,0,1,0,0,0,20,20,0,0,0,0,0,1000.000
26900,0.5888,3.7690,86.82,0.5888,3.7690,0,1,0,0,0,20,20,0,0,0,0,0,1000.000
26910,0.5888,3.7690,86.96,0.5888,3.7690,0,1,0,0,0,20,20,0,0,0,0,0,1000.000
26920,0.5888,3.7690,87.12,0.5888,3.7690,0,1,0,0,0,20,20,0,0,0,0,0,1000.000
26930,0.5888,3.7690,87.26,0.5888,3.7690,0,1,0,0,0,20,20,0,0,0,0,0,1000.000
26940,0.5888,3.7690,87.39,0.5888,3.7690,0,1,0,0,0,20,20,0,0,0,0,0,1000.000
26950,0.5888,3.7690,87.53,0.5888,3.7690,0,1,0,0,0,20,20,0,0,0,0,0,1000.000
26960,0.5888,3.7690,87.68,0.5888,3.7690,0,1,0,0,0,20,20,0,0,0,0,0,1000.000
26970,0.5888,3.7690,87.82,0.5888,3.7690,0,1,0,0,0,20,20,0,0,0,0,0,1000.000
26980,0.5888,3.7690,87.97,0.5888,3.7690,0,1,0,0,0,20,20,0,0,0,0,0,1000.000
26990,0.5888,3.7690,88.09,0.5888,3.7690,0,1,0,0,0,20,20,0,0,0,0,0,1000.000
27000,0.5888,3.7690,88.23,0.5888,3.7690,0,1,0,0,0,20,20,0,0,0,0,0,1000.000
27010,0.5888,3.7690,88.38,0.5888,3.7690,0,1,0,0,0,20,20,0,0,0,0,0,1000.000
27020,0.5888,3.7690,88.52,0.5888,3.7690,0,1,0,0,0,20,20,0,0,0,0,0,1000.000
27030,0.5888,3.7690,88.66,0.5888,3.7690,0,1,0,0,0,20,20,0,0,0,0,0,1000.000
27040,0.5888,3.7690,88.81,0.5888,3.7690,0,1,0,0,0,20,20,0,0,0,0,0,1000.000
27050,0.5888,3.7690,88.93,0.5888,3.7690,0,1,0,0,0,20,20,0,0,0,0,0,1000.000
27060,0.5888,3.7690,89.07,0.5888,3.7690,0,1,0,0,0,20,20,0,0,0,0,0,1000.000
27070,0.5888,3.7690,89.22,0.5888,3.7690,0,1,0,0,0,20,20,0,0,0,0,0,1000.000
27080,0.5888,3.7690,89.35,0.5888,3.7690,0,1,0,0,0,20,20,0,0,0,0,0,1000.000
27090,0.5888,3.7690,89.49,0.5888,3.7690,0,1,0,0,0,20,20,0,0,0,0,0,1000.000
27100,0.5888,3.7690,89.63,0.5888,3.7690,0,1,0,0,0,20,20,0,0,0,0,0,1000.000
27110,0.5888,3.7690,89.76,0.5888,3.7690,0,1,0,0,0,20,20,0,0,0,0,0,1000.000
27120,0.5888,3.7690,89.90,0.5888,3.7690,0,1,0,0,0,20,20,0,0,0,0,0,1000.000
27130,0.5888,3.7690,90.05,0.5888,3.7690,0,1,0,0,0,20,20,0,0,0,0,0,1000.000
27140,0.5888,3.7690,90.18,0.5888,3.7690,0,1,0,0,0,20,20,0,0,0,0,0,1000.000
27150,0.5888,3.7690,90.32,0.5888,3.7690,0,1,0,0,0,20,20,0,0,0,0,0,1000.000
27160,0.5888,3.7690,90.46,0.5888,3.7690,0,1,0,0,0,20,20,0,0,0,0,0,1000.000
27170,0.5888,3.7690,90.59,0.5888,3.7690,0,1,0,0,0,20,20,0,0,0,0,0,1000.000
27180,0.5888,3.7690,90.73,0.5888,3.7690,0,1,0,0,0,20,20,0,0,0,0,0,1000.000
27190,0.5888,3.7690,90.87,0.5888,3.7690,0,1,0,0,0,20,20,0,0,0,0,0,1000.000
27200,0.5888,3.7690,90.99,0.5888,3.7690,0,1,0,0,0,20,20,0,0,0,0,0,1000.000
27210,0.5888,3.7690,91.13,0.5888,3.7690,0,1,0,0,0,20,20,0,0,0,0,0,1000.000
27220,0.5888,3.7690,91.28,0.5888,3.7690,0,1,0,0,0,20,20,0,0,0,0,0,1000.000
27230,0.5888,3.7690,91.41,0.5888,3.7690,0,1,0,0,0,20,20,0,0,0,0,0,1000.000
27240,0.5888,3.7690,91.55,0.5888,3.7690,0,1,0,0,0,20,20,0,0,0,0,0,1000.000
27250,0.5888,3.7690,91.67,0.5888,3.7690,0,1,0,0,0,20,20,0,0,0,0,0,1000.000
27260,0.5888,3.7690,91.81,0.5888,3.7690,0,1,0,0,0,20,20,0,0,0,0,0,1000.000
27270,0.5888,3.7690,91.96,0.5888,3.7690,0,1,0,0,0,20,20,0,0,0,0,0,1000.000
27280,0.5888,3.7690,92.08,0.5888,3.7690,0,1,0,0,0,20,20,0,0,0,0,0,1000.000
27290,0.5888,3.7690,92.21,0.5888,3.7690,0,1,0,0,0,20,20,0,0,0,0,0,1000.000
27300,0.5888,3.7690,92.35,0.5888,3.7690,0,1,0,0,0,20,20,0,0,0,0,0,1000.000
27310,0.5888,3.7690,92.49,0.5888,3.7690,0,1,0,0,0,20,20,0,0,0,0,0,1000.000
27320,0.5888,3.7690,92.61,0.5888,3.7690,0,1,0,0,0,20,20,0,0,0,0,0,1000.000
27330,0.5888,3.7690,92.75,0.5888,3.7690,0,1,0,0,0,20,20,0,0,0,0,0,1000.000
27340,0.5888,3.7690,92.89,0.5888,3.7690,0,1,0,0,0,20,20,0,0,0,0,0,1000.000
27350,0.5888,3.7690,93.01,0.5888,3.7690,0,1,0,0,0,20,20,0,0,0,0,0,1000.000
27360,0.5888,3.7690,93.16,0.5888,3.7690,0,1,0,0,0,20,20,0,0,0,0,0,1000.000
27370,0.5888,3.7690,93.29,0.5888,3.7690,0,1,0,0,0,20,20,0,0,0,0,0,1000.000
27380,0.5888,3.7690,93.41,0.5888,3.7690,0,1,0,0,0,20,20,0,0,0,0,0,1000.000
27390,0.5888,3.7690,93.56,0.5888,3.7690,0,1,0,0,0,20,20,0,0,0,0,0,1000.000
27400,0.5888,3.7690,93.69,0.5888,3.7690,0,1,0,0,0,20,20,0,0,0,0,0,1000.000
27410,0.5888,3.7690,93.81,0.5888,3.7690,0,1,0,0,0,20,20,0,0,0,0,0,1000.000
27420,0.5888,3.7690,93.94,0.5888,3.7690,0,1,0,0,0,20,20,0,0,0,0,0,1000.000
27430,0.5888,3.7690,94.07,0.5888,3.7690,0,1,0,0,0,20,20,0,0,0,0,0,1000.000
27440,0.5888,3.7690,94.21,0.5888,3.7690,0,1,0,0,0,20,20,0,0,0,0,0,1000.000
27450,0.5888,3.7690,94.34,0.5888,3.7690,0,1,0,0,0,20,20,0,0,0,0,0,1000.000
27460,0.5888,3.7690,94.47,0.5888,3.7690,0,1,0,0,0,20,20,0,0,0,0,0,1000.000
27470,0.5888,3.7690,94.60,0.5888,3.7690,0,1,0,0,0,20,20,0,0,0,0,0,1000.000
27480,0.5888,3.7690,94.73,0.5888,3.7690,0,1,0,0,0,20,20,0,0,0,0,0,1000.000
27490,0.5888,3.7690,94.87,0.5888,3.7690,0,1,0,0,0,20,20,0,0,0,0,0,1000.000
27500,0.5888,3.7690,95.00,0.5888,3.7690,0,1,0,0,0,20,20,0,0,0,0,0,1000.000
27510,0.5888,3.7690,95.12,0.5888,3.7690,0,1,0,0,0,20,20,0,0,0,0,0,1000.000
27520,0.5888,3.7690,95.25,0.5888,3.7690,0,1,0,0,0,20,20,0,0,0,0,0,1000.000
27530,0.5888,3.7690,95.38,0.5888,3.7690,0,1,0,0,0,20,20,0,0,0,0,0,1000.000
27540,0.5888,3.7690,95.51,0.5888,3.7690,0,1,0,0,0,20,20,0,0,0,0,0,1000.000
27550,0.5888,3.7690,95.64,0.5888,3.7690,0,1,0,0,0,20,20,0,0,0,0,0,1000.000
27560,0.5888,3.7690,95.77,0.5888,3.7690,0,1,0,0,0,20,20,0,0,0,0,0,1000.000
27570,0.5888,3.7690,95.90,0.5888,3.7690,0,1,0,0,0,20,20,0,0,0,0,0,1000.000
27580,0.5888,3.7690,96.02,0.5888,3.7690,0,1,0,0,0,20,20,0,0,0,0,0,1000.000
27590,0.5888,3.7690,96.16,0.5888,3.7690,0,1,0,0,0,20,20,0,0,0,0,0,1000.000
27600,0.5888,3.7690,96.28,0.5888,3.7690,0,1,0,0,0,20,20,0,0,0,0,0,1000.000
27610,0.5888,3.7690,96.41,0.5888,3.7690,0,1,0,0,0,20,20,0,0,0,0,0,1000.000
27620,0.5888,3.7690,96.54,0.5888,3.7690,0,1,0,0,0,20,20,0,0,0,0,0,1000.000
27630,0.5888,3.7690,96.67,0.5888,3.7690,0,1,0,0,0,20,20,0,0,0,0,0,1000.000
27640,0.5888,3.7690,96.79,0.5888,3.7690,0,1,0,0,0,20,20,0,0,0,0,0,1000.000
27650,0.5888,3.7690,96.93,0.5888,3.7690,0,1,0,0,0,20,20,0,0,0,0,0,1000.000
27660,0.5888,3.7690,97.05,0.5888,3.7690,0,1,0,0,0,20,20,0,0,0,0,0,1000.000
27670,0.5888,3.7690,97.17,0.5888,3.7690,0,1,0,0,0,20,20,0,0,0,0,0,1000.000
27680,0.5888,3.7690,97.30,0.5888,3.7690,0,1,0,0,0,20,20,0,0,0,0,0,1000.000
27690,0.5888,3.7690,97.43,0.5888,3.7690,0,1,0,0,0,20,20,0,0,0,0,0,1000.000
27700,0.5888,3.7690,97.55,0.5888,3.7690,0,1,0,0,0,20,20,0,0,0,0,0,1000.000
27710,0.5888,3.7690,97.68,0.5888,3.7690,0,1,0,0,0,20,20,0,0,0,0,0,1000.000
27720,0.5888,3.7690,97.80,0.5888,3.7690,0,1,0,0,0,20,20,0,0,0,0,0,1000.000
27730,0.5888,3.7690,97.94,0.5888,3.7690,0,1,0,0,0,20,20,0,0,0,0,0,1000.000
27740,0.5888,3.7690,98.06,0.5888,3.7690,0,1,0,0,0,20,20,0,0,0,0,0,1000.000
27750,0.5888,3.7690,98.18,0.5888,3.7690,0,1,0,0,0,20,20,0,0,0,0,0,1000.000
27760,0.5888,3.7690,98.30,0.5888,3.7690,0,1,0,0,0,20,20,0,0,0,0,0,1000.000
27770,0.5888,3.7690,98.44,0.5888,3.7690,0,1,0,0,0,20,20,0,0,0,0,0,1000.000
27780,0.5888,3.7690,98.55,0.5888,3.7690,0,1,0,0,0,20,20,0,0,0,0,0,1000.000
27790,0.5888,3.7690,98.68,0.5888,3.7690,0,1,0,0,0,20,20,0,0,0,0,0,1000.000
27800,0.5888,3.7690,98.81,0.5888,3.7690,0,1,0,0,0,20,20,0,0,0,0,0,1000.000
27810,0.5888,3.7690,98.93,0.5888,3.7690,0,1,0,0,0,20,20,0,0,0,0,0,1000.000
27820,0.5888,3.7690,99.05,0.5888,3.7690,0,1,0,0,0,20,20,0,0,0,0,0,1000.000
27830,0.5888,3.7690,99.17,0.5888,3.7690,0,1,0,0,0,20,20,0,0,0,0,0,1000.000
27840,0.5888,3.7690,99.30,0.5888,3.7690,0,1,0,0,0,20,20,0,0,0,0,0,1000.000
27850,0.5888,3.7690,99.43,0.5888,3.7690,0,1,0,0,0,20,20,0,0,0,0,0,1000.000
27860,0.5888,3.7690,99.55,0.5888,3.7690,0,1,0,0,0,20,20,0,0,0,0,0,1000.000
27870,0.5888,3.7690,99.67,0.5888,3.7690,0,1,0,0,0,20,20,0,0,0,0,0,1000.000
27880,0.5888,3.7690,99.80,0.5888,3.7690,0,1,0,0,0,20,20,0,0,0,0,0,1000.000
27890,0.5888,3.7690,99.92,0.5888,3.7690,0,1,0,0,0,20,20,0,0,0,0,0,1000.000
27900,0.5888,3.7690,100.04,0.5888,3.7690,0,1,0,0,0,20,20,0,0,0,0,0,1000.000
27910,0.5888,3.7690,100.16,0.5888,3.7690,0,1,0,0,0,20,20,0,0,0,0,0,1000.000
27920,0.5888,3.7690,100.28,0.5888,3.7690,0,1,0,0,0,20,20,0,0,0,0,0,1000.000
27930,0.5888,3.7690,100.40,0.5888,3.7690,0,1,0,0,0,20,20,0,0,0,0,0,1000.000
27940,0.5888,3.7690,100.52,0.5888,3.7690,0,1,0,0,0,20,20,0,0,0,0,0,1000.000
27950,0.5888,3.7690,100.65,0.5888,3.7690,0,1,0,0,0,20,20,0,0,0,0,0,1000.000
27960,0.5888,3.7690,100.76,0.5888,3.7690,0,1,0,0,0,20,20,0,0,0,0,0,1000.000
27970,0.5888,3.7690,100.89,0.5888,3.7690,0,1,0,0,0,20,20,0,0,0,0,0,1000.000
27980,0.5888,3.7690,101.01,0.5888,3.7690,0,1,0,0,0,20,20,0,0,0,0,0,1000.000
27990,0.5888,3.7690,101.13,0.5888,3.7690,0,1,0,0,0,20,20,0,0,0,0,0,1000.000
28000,0.5888,3.7690,101.25,0.5888,3.7690,0,1,0,0,0,20,20,0,0,0,0,0,1000.000
28010,0.5888,3.7690,101.37,0.5888,3.7690,0,1,0,0,0,20,20,0,0,0,0,0,1000.000
28020,0.5888,3.7690,101.49,0.5888,3.7690,0,1,0,0,0,20,20,0,0,0,0,0,1000.000
28030,0.5888,3.7690,101.61,0.5888,3.7690,0,1,0,0,0,20,20,0,0,0,0,0,1000.000
28040,0.5888,3.7690,101.73,0.5888,3.7690,0,1,0,0,0,20,20,0,0,0,0,0,1000.000
28050,0.5888,3.7690,101.85,0.5888,3.7690,0,1,0,0,0,20,20,0,0,0,0,0,1000.000
28060,0.5888,3.7690,101.97,0.5888,3.7690,0,1,0,0,0,20,20,0,0,0,0,0,1000.000
28070,0.5888,3.7690,102.09,0.5888,3.7690,0,1,0,0,0,20,20,0,0,0,0,0,1000.000
28080,0.5888,3.7690,102.20,0.5888,3.7690,0,1,0,0,0,20,20,0,0,0,0,0,1000.000
28090,0.5888,3.7690,102.32,0.5888,3.7690,0,1,0,0,0,20,20,0,0,0,0,0,1000.000
28100,0.5888,3.7690,102.44,0.5888,3.7690,0,1,0,0,0,20,20,0,0,0,0,0,1000.000
28110,0.5888,3.7690,102.56,0.5888,3.7690,0,1,0,0,0,20,20,0,0,0,0,0,1000.000
28120,0.5888,3.7690,102.68,0.5888,3.7690,0,1,0,0,0,20,20,0,0,0,0,0,1000.000
28130,0.5888,3.7690,102.80,0.5888,3.7690,0,1,0,0,0,20,20,0,0,0,0,0,1000.000
28140,0.5888,3.7690,102.91,0.5888,3.7690,0,1,0,0,0,20,20,0,0,0,0,0,1000.000
28150,0.5888,3.7690,103.03,0.5888,3.7690,0,1,0,0,0,20,20,0,0,0,0,0,1000.000
28160,0.5888,3.7690,103.15,0.5888,3.7690,0,1,0,0,0,20,20,0,0,0,0,0,1000.000
28170,0.5888,3.7690,103.27,0.5888,3.7690,0,1,0,0,0,20,20,0,0,0,0,0,1000.000
28180,0.5888,3.7690,103.38,0.5888,3.7690,0,1,0,0,0,20,20,0,0,0,0,0,1000.000
28190,0.5888,3.7690,103.50,0.5888,3.7690,0,1,0,0,0,20,20,0,0,0,0,0,1000.000
28200,0.5888,3.7690,103.62,0.5888,3.7690,0,1,0,0,0,20,20,0,0,0,0,0,1000.000
28210,0.5888,3.7690,103.73,0.5888,3.7690,0,1,0,0,0,20,20,0,0,0,0,0,1000.000
28220,0.5888,3.7690,103.85,0.5888,3.7690,0,1,0,0,0,20,20,0,0,0,0,0,1000.000
28230,0.5888,3.7690,103.97,0.5888,3.7690,0,1,0,0,0,20,20,0,0,0,0,0,1000.000
28240,0.5888,3.7690,104.09,0.5888,3.7690,0,1,0,0,0,20,20,0,0,0,0,0,1000.000
28250,0.5888,3.7690,104.20,0.5888,3.7690,0,1,0,0,0,20,20,0,0,0,0,0,1000.000
28260,0.5888,3.7690,104.32,0.5888,3.7690,0,1,0,0,0,20,20,0,0,0,0,0,1000.000
28270,0.5888,3.7690,104.44,0.5888,3.7690,0,1,0,0,0,20,20,0,0,0,0,0,1000.000
28280,0.5888,3.7690,104.55,0.5888,3.7690,0,1,0,0,0,20,20,0,0,0,0,0,1000.000
28290,0.5888,3.7690,104.67,0.5888,3.7690,0,1,0,0,0,20,20,0,0,0,0,0,1000.000
28300,0.5888,3.7690,104.78,0.5888,3.7690,0,1,0,0,0,20,20,0,0,0,0,0,1000.000
28310,0.5888,3.7690,104.90,0.5888,3.7690,0,1,0,0,0,20,20,0,0,0,0,0,1000.000
28320,0.5888,3.7690,105.01,0.5888,3.7690,0,1,0,0,0,20,20,0,0,0,0,0,1000.000
28330,0.5888,3.7690,105.13,0.5888,3.7690,0,1,0,0,0,20,20,0,0,0,0,0,1000.000
28340,0.5888,3.7690,105.24,0.5888,3.7690,0,1,0,0,0,20,20,0,0,0,0,0,1000.000
28350,0.5888,3.7690,105.36,0.5888,3.7690,0,1,0,0,0,20,20,0,0,0,0,0,1000.000
28360,0.5888,3.7690,105.47,0.5888,3.7690,0,1,0,0,0,20,20,0,0,0,0,0,1000.000
28370,0.5888,3.7690,105.59,0.5888,3.7690,0,1,0,0,0,20,20,0,0,0,0,0,1000.000
28380,0.5888,3.7690,105.70,0.5888,3.7690,0,1,0,0,0,20,20,0,0,0,0,0,1000.000
28390,0.5888,3.7690,105.81,0.5888,3.7690,0,1,0,0,0,20,20,0,0,0,0,0,1000.000
28400,0.5888,3.7690,105.93,0.5888,3.7690,0,1,0,0,0,20,20,0,0,0,0,0,1000.000
28410,0.5888,3.7690,106.04,0.5888,3.7690,0,1,0,0,0,20,20,0,0,0,0,0,1000.000
28420,0.5888,3.7690,106.16,0.5888,3.7690,0,1,0,0,0,20,20,0,0,0,0,0,1000.000
28430,0.5888,3.7690,106.27,0.5888,3.7690,0,1,0,0,0,20,20,0,0,0,0,0,1000.000
28440,0.5888,3.7690,106.38,0.5888,3.7690,0,1,0,0,0,20,20,0,0,0,0,0,1000.000
28450,0.5888,3.7690,106.50,0.5888,3.7690,0,1,0,0,0,20,20,0,0,0,0,0,1000.000
28460,0.5888,3.7690,106.61,0.5888,3.7690,0,1,0,0,0,20,20,0,0,0,0,0,1000.000
28470,0.5888,3.7690,106.72,0.5888,3.7690,0,1,0,0,0,20,20,0,0,0,0,0,1000.000
28480,0.5888,3.7690,106.83,0.5888,3.7690,0,1,0,0,0,20,20,0,0,0,0,0,1000.000
28490,0.5888,3.7690,106.95,0.5888,3.7690,0,1,0,0,0,20,20,0,0,0,0,0,1000.000
28500,0.5888,3.7690,107.05,0.5888,3.7690,0,1,0,0,0,20,20,0,0,0,0,0,1000.000
28510,0.5888,3.7690,107.16,0.5888,3.7690,0,1,0,0,0,20,20,0,0,0,0,0,1000.000
28520,0.5888,3.7690,107.28,0.5888,3.7690,0,1,0,0,0,20,20,0,0,0,0,0,1000.000
28530,0.5888,3.7690,107.39,0.5888,3.7690,0,1,0,0,0,20,20,0,0,0,0,0,1000.000
28540,0.5888,3.7690,107.50,0.5888,3.7690,0,1,0,0,0,20,20,0,0,0,0,0,1000.000
28550,0.5888,3.7690,107.61,0.5888,3.7690,0,1,0,0,0,20,20,0,0,0,0,0,1000.000
28560,0.5888,3.7690,107.72,0.5888,3.7690,0,1,0,0,0,20,20,0,0,0,0,0,1000.000
28570,0.5888,3.7690,107.83,0.5888,3.7690,0,1,0,0,0,20,20,0,0,0,0,0,1000.000
28580,0.5888,3.7690,107.95,0.5888,3.7690,0,1,0,0,0,20,20,0,0,0,0,0,1000.000
28590,0.5888,3.7690,108.06,0.5888,3.7690,0,1,0,0,0,20,20,0,0,0,0,0,1000.000
28600,0.5888,3.7690,108.17,0.5888,3.7690,0,1,0,0,0,20,20,0,0,0,0,0,1000.000
28610,0.5888,3.7690,108.27,0.5888,3.7690,0,1,0,0,0,20,20,0,0,0,0,0,1000.000
28620,0.5888,3.7690,108.39,0.5888,3.7690,0,1,0,0,0,20,20,0,0,0,0,0,1000.000
28630,0.5888,3.7690,108.50,0.5888,3.7690,0,1,0,0,0,20,20,0,0,0,0,0,1000.000
28640,0.5888,3.7690,108.60,0.5888,3.7690,0,1,0,0,0,20,20,0,0,0,0,0,1000.000
28650,0.5888,3.7690,108.71,0.5888,3.7690,0,1,0,0,0,20,20,0,0,0,0,0,1000.000
28660,0.5888,3.7690,108.82,0.5888,3.7690,0,1,0,0,0,20,20,0,0,0,0,0,1000.000
28670,0.5888,3.7690,108.93,0.5888,3.7690,0,1,0,0,0,20,20,0,0,0,0,0,1000.000
28680,0.5888,3.7690,109.04,0.5888,3.7690,0,1,0,0,0,20,20,0,0,0,0,0,1000.000
28690,0.5888,3.7690,109.14,0.5888,3.7690,0,1,0,0,0,20,20,0,0,0,0,0,1000.000
28700,0.5888,3.7690,109.26,0.5888,3.7690,0,1,0,0,0,20,20,0,0,0,0,0,1000.000
28710,0.5888,3.7690,109.37,0.5888,3.7690,0,1,0,0,0,20,20,0,0,0,0,0,1000.000
28720,0.5888,3.7690,109.47,0.5888,3.7690,0,1,0,0,0,20,20,0,0,0,0,0,1000.000
28730,0.5888,3.7690,109.58,0.5888,3.7690,0,1,0,0,0,20,20,0,0,0,0,0,1000.000
28740,0.5888,3.7690,109.69,0.5888,3.7690,0,1,0,0,0,20,20,0,0,0,0,0,1000.000
28750,0.5888,3.7690,109.80,0.5888,3.7690,0,1,0,0,0,20,20,0,0,0,0,0,1000.000
28760,0.5888,3.7690,109.91,0.5888,3.7690,0,1,0,0,0,20,20,0,0,0,0,0,1000.000
28770,0.5888,3.7690,110.02,0.5888,3.7690,0,1,0,0,0,20,20,0,0,0,0,0,1000.000
28780,0.5888,3.7690,110.12,0.5888,3.7690,0,1,0,0,0,20,20,0,0,0,0,0,1000.000
28790,0.5888,3.7690,110.23,0.5888,3.7690,0,1,0,0,0,20,20,0,0,0,0,0,1000.000
28800,0.5888,3.7690,110.33,0.5888,3.7690,0,1,0,0,0,20,20,0,0,0,0,0,1000.000
28810,0.5888,3.7690,110.44,0.5888,3.7690,0,1,0,0,0,20,20,0,0,0,0,0,1000.000
28820,0.5888,3.7690,110.55,0.5888,3.7690,0,1,0,0,0,20,20,0,0,0,0,0,1000.000
28830,0.5888,3.7690,110.66,0.5888,3.7690,0,1,0,0,0,20,20,0,0,0,0,0,1000.000
28840,0.5888,3.7690,110.76,0.5888,3.7690,0,1,0,0,0,20,20,0,0,0,0,0,1000.000
28850,0.5888,3.7690,110.87,0.5888,3.7690,0,1,0,0,0,20,20,0,0,0,0,0,1000.000
28860,0.5888,3.7690,110.97,0.5888,3.7690,0,1,0,0,0,20,20,0,0,0,0,0,1000.000
28870,0.5888,3.7690,111.08,0.5888,3.7690,0,1,0,0,0,20,20,0,0,0,0,0,1000.000
28880,0.5888,3.7690,111.18,0.5888,3.7690,0,1,0,0,0,20,20,0,0,0,0,0,1000.000
28890,0.5888,3.7690,111.29,0.5888,3.7690,0,1,0,0,0,20,20,0,0,0,0,0,1000.000
28900,0.5888,3.7690,111.40,0.5888,3.7690,0,1,0,0,0,20,20,0,0,0,0,0,1000.000
28910,0.5888,3.7690,111.51,0.5888,3.7690,0,1,0,0,0,20,20,0,0,0,0,0,1000.000
28920,0.5888,3.7690,111.61,0.5888,3.7690,0,1,0,0,0,20,20,0,0,0,0,0,1000.000
28930,0.5888,3.7690,111.72,0.5888,3.7690,0,1,0,0,0,20,20,0,0,0,0,0,1000.000
28940,0.5888,3.7690,111.82,0.5888,3.7690,0,1,0,0,0,20,20,0,0,0,0,0,1000.000
28950,0.5888,3.7690,111.93,0.5888,3.7690,0,1,0,0,0,20,20,0,0,0,0,0,1000.000
28960,0.5888,3.7690,112.02,0.5888,3.7690,0,1,0,0,0,20,20,0,0,0,0,0,1000.000
28970,0.5888,3.7690,112.13,0.5888,3.7690,0,1,0,0,0,20,20,0,0,0,0,0,1000.000
28980,0.5888,3.7690,112.24,0.5888,3.7690,0,1,0,0,0,20,20,0,0,0,0,0,1000.000
28990,0.5888,3.7690,112.34,0.5888,3.7690,0,1,0,0,0,20,20,0,0,0,0,0,1000.000
29000,0.5888,3.7690,112.45,0.5888,3.7690,0,1,0,0,0,20,20,0,0,0,0,0,1000.000
29010,0.5888,3.7690,112.55,0.5888,3.7690,0,1,0,0,0,20,20,0,0,0,0,0,1000.000
29020,0.5888,3.7690,112.65,0.5888,3.7690,0,1,0,0,0,20,20,0,0,0,0,0,1000.000
29030,0.5888,3.7690,112.76,0.5888,3.7690,0,1,0,0,0,20,20,0,0,0,0,0,1000.000
29040,0.5888,3.7690,112.86,0.5888,3.7690,0,1,0,0,0,20,20,0,0,0,0,0,1000.000
29050,0.5888,3.7690,112.96,0.5888,3.7690,0,1,0,0,0,20,20,0,0,0,0,0,1000.000
29060,0.5888,3.7690,113.06,0.5888,3.7690,0,1,0,0,0,20,20,0,0,0,0,0,1000.000
29070,0.5888,3.7690,113.17,0.5888,3.7690,0,1,0,0,0,20,20,0,0,0,0,0,1000.000
29080,0.5888,3.7690,113.26,0.5888,3.7690,0,1,0,0,0,20,20,0,0,0,0,0,1000.000
29090,0.5888,3.7690,113.36,0.5888,3.7690,0,1,0,0,0,20,20,0,0,0,0,0,1000.000
29100,0.5888,3.7690,113.47,0.5888,3.7690,0,1,0,0,0,20,20,0,0,0,0,0,1000.000
29110,0.5888,3.7690,113.57,0.5888,3.7690,0,1,0,0,0,20,20,0,0,0,0,0,1000.000
29120,0.5888,3.7690,113.67,0.5888,3.7690,0,1,0,0,0,20,20,0,0,0,0,0,1000.000
29130,0.5888,3.7690,113.78,0.5888,3.7690,0,1,0,0,0,20,20,0,0,0,0,0,1000.000
29140,0.5888,3.7690,113.89,0.5888,3.7690,0,1,0,0,0,20,20,0,0,0,0,0,1000.000
29150,0.5888,3.7690,113.98,0.5888,3.7690,0,1,0,0,0,20,20,0,0,0,0,0,1000.000
29160,0.5888,3.7690,114.08,0.5888,3.7690,0,1,0,0,0,20,20,0,0,0,0,0,1000.000
29170,0.5888,3.7690,114.19,0.5888,3.7690,0,1,0,0,0,20,20,0,0,0,0,0,1000.000
29180,0.5888,3.7690,114.28,0.5888,3.7690,0,1,0,0,0,20,20,0,0,0,0,0,1000.000
29190,0.5888,3.7690,114.38,0.5888,3.7690,0,1,0,0,0,20,20,0,0,0,0,0,1000.000
29200,0.5888,3.7690,114.49,0.5888,3.7690,0,1,0,0,0,20,20,0,0,0,0,0,1000.000
29210,0.5888,3.7690,114.58,0.5888,3.7690,0,1,0,0,0,20,20,0,0,0,0,0,1000.000
29220,0.5888,3.7690,114.69,0.5888,3.7690,0,1,0,0,0,20,20,0,0,0,0,0,1000.000
29230,0.5888,3.7690,114.80,0.5888,3.7690,0,1,0,0,0,20,20,0,0,0,0,0,1000.000
29240,0.5888,3.7690,114.89,0.5888,3.7690,0,1,0,0,0,20,20,0,0,0,0,0,1000.000
29250,0.5888,3.7690,114.99,0.5888,3.7690,0,1,0,0,0,20,20,0,0,0,0,0,1000.000
29260,0.5888,3.7690,115.10,0.5888,3.7690,0,1,0,0,0,20,20,0,0,0,0,0,1000.000
29270,0.5888,3.7690,115.19,0.5888,3.7690,0,1,0,0,0,20,20,0,0,0,0,0,1000.000
29280,0.5888,3.7690,115.29,0.5888,3.7690,0,1,0,0,0,20,20,0,0,0,0,0,1000.000
29290,0.5888,3.7690,115.39,0.5888,3.7690,0,1,0,0,0,20,20,0,0,0,0,0,1000.000
29300,0.5888,3.7690,115.48,0.5888,3.7690,0,1,0,0,0,20,20,0,0,0,0,0,1000.000
29310,0.5888,3.7690,115.59,0.5888,3.7690,0,1,0,0,0,20,20,0,0,0,0,0,1000.000
29320,0.5888,3.7690,115.70,0.5888,3.7690,0,1,0,0,0,20,20,0,0,0,0,0,1000.000
29330,0.5888,3.7690,115.79,0.5888,3.7690,0,1,0,0,0,20,20,0,0,0,0,0,1000.000
29340,0.5888,3.7690,115.89,0.5888,3.7690,0,1,0,0,0,20,20,0,0,0,0,0,1000.000
29350,0.5888,3.7690,115.98,0.5888,3.7690,0,1,0,0,0,20,20,0,0,0,0,0,1000.000
29360,0.5888,3.7690,116.08,0.5888,3.7690,0,1,0,0,0,20,20,0,0,0,0,0,1000.000
29370,0.5888,3.7690,116.19,0.5888,3.7690,0,1,0,0,0,20,20,0,0,0,0,0,1000.000
29380,0.5888,3.7690,116.28,0.5888,3.7690,0,1,0,0,0,20,20,0,0,0,0,0,1000.000
29390,0.5888,3.7690,116.36,0.5888,3.7690,0,1,0,0,0,20,20,0,0,0,0,0,1000.000
29400,0.5888,3.7690,116.46,0.5888,3.7690,0,1,0,0,0,20,20,0,0,0,0,0,1000.000
29410,0.5888,3.7690,116.57,0.5888,3.7690,0,1,0,0,0,20,20,0,0,0,0,0,1000.000
29420,0.5888,3.7690,116.66,0.5888,3.7690,0,1,0,0,0,20,20,0,0,0,0,0,1000.000
29430,0.5888,3.7690,116.76,0.5888,3.7690,0,1,0,0,0,20,20,0,0,0,0,0,1000.000
29440,0.5888,3.7690,116.85,0.5888,3.7690,0,1,0,0,0,20,20,0,0,0,0,0,1000.000
29450,0.5888,3.7690,116.95,0.5888,3.7690,0,1,0,0,0,20,20,0,0,0,0,0,1000.000
29460,0.5888,3.7690,117.05,0.5888,3.7690,0,1,0,0,0,20,20,0,0,0,0,0,1000.000
29470,0.5888,3.7690,117.15,0.5888,3.7690,0,1,0,0,0,20,20,0,0,0,0,0,1000.000
29480,0.5888,3.7690,117.24,0.5888,3.7690,0,1,0,0,0,20,20,0,0,0,0,0,1000.000
29490,0.5888,3.7690,117.34,0.5888,3.7690,0,1,0,0,0,20,20,0,0,0,0,0,1000.000
29500,0.5888,3.7690,117.43,0.5888,3.7690,0,1,0,0,0,20,20,0,0,0,0,0,1000.000
29510,0.5888,3.7690,117.53,0.5888,3.7690,0,1,0,0,0,20,20,0,0,0,0,0,1000.000
29520,0.5888,3.7690,117.62,0.5888,3.7690,0,1,0,0,0,20,20,0,0,0,0,0,1000.000
29530,0.5888,3.7690,117.72,0.5888,3.7690,0,1,0,0,0,20,20,0,0,0,0,0,1000.000
29540,0.5888,3.7690,117.81,0.5888,3.7690,0,1,0,0,0,20,20,0,0,0,0,0,1000.000
29550,0.5888,3.7690,117.91,0.5888,3.7690,0,1,0,0,0,20,20,0,0,0,0,0,1000.000
29560,0.5888,3.7690,118.00,0.5888,3.7690,0,1,0,0,0,20,20,0,0,0,0,0,1000.000
29570,0.5888,3.7690,118.10,0.5888,3.7690,0,1,0,0,0,20,20,0,0,0,0,0,1000.000
29580,0.5888,3.7690,118.19,0.5888,3.7690,0,1,0,0,0,20,20,0,0,0,0,0,1000.000
29590,0.5888,3.7690,118.28,0.5888,3.7690,0,1,0,0,0,20,20,0,0,0,0,0,1000.000
29600,0.5888,3.7690,118.38,0.5888,3.7690,0,1,0,0,0,20,20,0,0,0,0,0,1000.000
29610,0.5888,3.7690,118.48,0.5888,3.7690,0,1,0,0,0,20,20,0,0,0,0,0,1000.000
29620,0.5888,3.7690,118.58,0.5888,3.7690,0,1,0,0,0,20,20,0,0,0,0,0,1000.000
29630,0.5888,3.7690,118.67,0.5888,3.7690,0,1,0,0,0,20,20,0,0,0,0,0,1000.000
29640,0.5888,3.7690,118.77,0.5888,3.7690,0,1,0,0,0,20,20,0,0,0,0,0,1000.000
29650,0.5888,3.7690,118.86,0.5888,3.7690,0,1,0,0,0,20,20,0,0,0,0,0,1000.000
29660,0.5888,3.7690,118.94,0.5888,3.7690,0,1,0,0,0,20,20,0,0,0,0,0,1000.000
29670,0.5888,3.7690,119.04,0.5888,3.7690,0,1,0,0,0,20,20,0,0,0,0,0,1000.000
29680,0.5888,3.7690,119.13,0.5888,3.7690,0,1,0,0,0,20,20,0,0,0,0,0,1000.000
29690,0.5888,3.7690,119.23,0.5888,3.7690,0,1,0,0,0,20,20,0,0,0,0,0,1000.000
29700,0.5888,3.7690,119.32,0.5888,3.7690,0,1,0,0,0,20,20,0,0,0,0,0,1000.000
29710,0.5888,3.7690,119.41,0.5888,3.7690,0,1,0,0,0,20,20,0,0,0,0,0,1000.000
29720,0.5888,3.7690,119.50,0.5888,3.7690,0,1,0,0,0,20,20,0,0,0,0,0,1000.000
29730,0.5888,3.7690,119.60,0.5888,3.7690,0,1,0,0,0,20,20,0,0,0,0,0,1000.000
29740,0.5888,3.7690,119.69,0.5888,3.7690,0,1,0,0,0,20,20,0,0,0,0,0,1000.000
29750,0.5888,3.7690,119.77,0.5888,3.7690,0,1,0,0,0,20,20,0,0,0,0,0,1000.000
29760,0.5888,3.7690,119.87,0.5888,3.7690,0,1,0,0,0,20,20,0,0,0,0,0,1000.000
29770,0.5888,3.7690,119.96,0.5888,3.7690,0,1,0,0,0,20,20,0,0,0,0,0,1000.000
29780,0.5888,3.7690,120.05,0.5888,3.7690,0,1,0,0,0,20,20,0,0,0,0,0,1000.000
29790,0.5888,3.7690,120.14,0.5888,3.7690,0,1,0,0,0,20,20,0,0,0,0,0,1000.000
29800,0.5888,3.7690,120.23,0.5888,3.7690,0,1,0,0,0,20,20,0,0,0,0,0,1000.000
29810,0.5888,3.7690,120.33,0.5888,3.7690,0,1,0,0,0,20,20,0,0,0,0,0,1000.000
29820,0.5888,3.7690,120.42,0.5888,3.7690,0,1,0,0,0,20,20,0,0,0,0,0,1000.000
29830,0.5888,3.7690,120.50,0.5888,3.7690,0,1,0,0,0,20,20,0,0,0,0,0,1000.000
29840,0.5888,3.7690,120.60,0.5888,3.7690,0,1,0,0,0,20,20,0,0,0,0,0,1000.000
29850,0.5888,3.7690,120.69,0.5888,3.7690,0,1,0,0,0,20,20,0,0,0,0,0,1000.000
29860,0.5888,3.7690,120.77,0.5888,3.7690,0,1,0,0,0,20,20,0,0,0,0,0,1000.000
29870,0.5888,3.7690,120.88,0.5888,3.7690,0,1,0,0,0,20,20,0,0,0,0,0,1000.000
29880,0.5888,3.7690,120.96,0.5888,3.7690,0,1,0,0,0,20,20,0,0,0,0,0,1000.000
29890,0.5888,3.7690,121.05,0.5888,3.7690,0,1,0,0,0,20,20,0,0,0,0,0,1000.000
29900,0.5888,3.7690,121.15,0.5888,3.7690,0,1,0,0,0,20,20,0,0,0,0,0,1000.000
29910,0.5888,3.7690,121.23,0.5888,3.7690,0,1,0,0,0,20,20,0,0,0,0,0,1000.000
29920,0.5888,3.7690,121.32,0.5888,3.7690,0,1,0,0,0,20,20,0,0,0,0,0,1000.000
29930,0.5888,3.7690,121.42,0.5888,3.7690,0,1,0,0,0,20,20,0,0,0,0,0,1000.000
29940,0.5888,3.7690,121.50,0.5888,3.7690,0,1,0,0,0,20,20,0,0,0,0,0,1000.000
29950,0.5888,3.7690,121.59,0.5888,3.7690,0,1,0,0,0,20,20,0,0,0,0,0,1000.000
29960,0.5888,3.7690,121.69,0.5888,3.7690,0,1,0,0,0,20,20,0,0,0,0,0,1000.000
29970,0.5888,3.7690,121.78,0.5888,3.7690,0,1,0,0,0,20,20,0,0,0,0,0,1000.000
29980,0.5888,3.7690,121.86,0.5888,3.7690,0,1,0,0,0,20,20,0,0,0,0,0,1000.000
29990,0.5888,3.7690,121.95,0.5888,3.7690,0,1,0,0,0,20,20,0,0,0,0,0,1000.000
30000,0.5888,3.7690,122.04,0.5888,3.7690,0,1,0,0,0,20,20,0,0,0,0,0,1000.000
30010,0.5888,3.7690,122.12,0.5888,3.7690,0,1,0,0,0,20,20,0,0,0,0,0,1000.000
30020,0.5888,3.7690,122.22,0.5888,3.7690,0,1,0,0,0,20,20,0,0,0,0,0,1000.000
30030,0.5888,3.7690,122.31,0.5888,3.7690,0,1,0,0,0,20,20,0,0,0,0,0,1000.000
30040,0.5888,3.7690,122.39,0.5888,3.7690,0,1,0,0,0,20,20,0,0,0,0,0,1000.000
30050,0.5888,3.7690,122.48,0.5888,3.7690,0,1,0,0,0,20,20,0,0,0,0,0,1000.000
30060,0.5888,3.7690,122.57,0.5888,3.7690,0,1,0,0,0,20,20,0,0,0,0,0,1000.000
30070,0.5888,3.7690,122.65,0.5888,3.7690,0,1,0,0,0,20,20,0,0,0,0,0,1000.000
30080,0.5888,3.7690,122.75,0.5888,3.7690,0,1,0,0,0,20,20,0,0,0,0,0,1000.000
30090,0.5888,3.7690,122.84,0.5888,3.7690,0,1,0,0,0,20,20,0,0,0,0,0,1000.000
30100,0.5888,3.7690,122.92,0.5888,3.7690,0,1,0,0,0,20,20,0,0,0,0,0,1000.000
30110,0.5888,3.7690,123.01,0.5888,3.7690,0,1,0,0,0,20,20,0,0,0,0,0,1000.000
30120,0.5888,3.7690,123.09,0.5888,3.7690,0,1,0,0,0,20,20,0,0,0,0,0,1000.000
30130,0.5888,3.7690,123.19,0.5888,3.7690,0,1,0,0,0,20,20,0,0,0,0,0,1000.000
30140,0.5888,3.7690,123.28,0.5888,3.7690,0,1,0,0,0,20,20,0,0,0,0,0,1000.000
30150,0.5888,3.7690,123.35,0.5888,3.7690,0,1,0,0,0,20,20,0,0,0,0,0,1000.000
30160,0.5888,3.7690,123.43,0.5888,3.7690,0,1,0,0,0,20,20,0,0,0,0,0,1000.000
30170,0.5888,3.7690,123.53,0.5888,3.7690,0,1,0,0,0,20,20,0,0,0,0,0,1000.000
30180,0.5888,3.7690,123.62,0.5888,3.7690,0,1,0,0,0,20,20,0,0,0,0,0,1000.000
30190,0.5888,3.7690,123.70,0.5888,3.7690,0,1,0,0,0,20,20,0,0,0,0,0,1000.000
30200,0.5888,3.7690,123.79,0.5888,3.7690,0,1,0,0,0,20,20,0,0,0,0,0,1000.000
30210,0.5888,3.7690,123.87,0.5888,3.7690,0,1,0,0,0,20,20,0,0,0,0,0,1000.000
30220,0.5888,3.7690,123.96,0.5888,3.7690,0,1,0,0,0,20,20,0,0,0,0,0,1000.000
30230,0.5888,3.7690,124.04,0.5888,3.7690,0,1,0,0,0,20,20,0,0,0,0,0,1000.000
30240,0.5888,3.7690,124.13,0.5888,3.7690,0,1,0,0,0,20,20,0,0,0,0,0,1000.000
30250,0.5888,3.7690,124.21,0.5888,3.7690,0,1,0,0,0,20,20,0,0,0,0,0,1000.000
30260,0.5888,3.7690,124.29,0.5888,3.7690,0,1,0,0,0,20,20,0,0,0,0,0,1000.000
30270,0.5888,3.7690,124.38,0.5888,3.7690,0,1,0,0,0,20,20,0,0,0,0,0,1000.000
30280,0.5888,3.7690,124.46,0.5888,3.7690,0,1,0,0,0,20,20,0,0,0,0,0,1000.000
30290,0.5888,3.7690,124.55,0.5888,3.7690,0,1,0,0,0,20,20,0,0,0,0,0,1000.000
30300,0.5888,3.7690,124.63,0.5888,3.7690,0,1,0,0,0,20,20,0,0,0,0,0,1000.000
30310,0.5888,3.7690,124.72,0.5888,3.7690,0,1,0,0,0,20,20,0,0,0,0,0,1000.000
30320,0.5888,3.7690,124.80,0.5888,3.7690,0,1,0,0,0,20,20,0,0,0,0,0,1000.000
30330,0.5888,3.7690,124.89,0.5888,3.7690,0,1,0,0,0,20,20,0,0,0,0,0,1000.000
30340,0.5888,3.7690,124.97,0.5888,3.7690,0,1,0,0,0,20,20,0,0,0,0,0,1000.000
30350,0.5888,3.7690,125.05,0.5888,3.7690,0,1,0,0,0,20,20,0,0,0,0,0,1000.000
30360,0.5888,3.7690,125.13,0.5888,3.7690,0,1,0,0,0,20,20,0,0,0,0,0,1000.000
30370,0.5888,3.7690,125.22,0.5888,3.7690,0,1,0,0,0,20,20,0,0,0,0,0,1000.000
30380,0.5888,3.7690,125.30,0.5888,3.7690,0,1,0,0,0,20,20,0,0,0,0,0,1000.000
30390,0.5888,3.7690,125.39,0.5888,3.7690,0,1,0,0,0,20,20,0,0,0,0,0,1000.000
30400,0.5888,3.7690,125.47,0.5888,3.7690,0,1,0,0,0,20,20,0,0,0,0,0,1000.000
30410,0.5888,3.7690,125.55,0.5888,3.7690,0,1,0,0,0,20,20,0,0,0,0,0,1000.000
30420,0.5888,3.7690,125.64,0.5888,3.7690,0,1,0,0,0,20,20,0,0,0,0,0,1000.000
30430,0.5888,3.7690,125.71,0.5888,3.7690,0,1,0,0,0,20,20,0,0,0,0,0,1000.000
30440,0.5888,3.7690,125.79,0.5888,3.7690,0,1,0,0,0,20,20,0,0,0,0,0,1000.000
30450,0.5888,3.7690,125.88,0.5888,3.7690,0,1,0,0,0,20,20,0,0,0,0,0,1000.000
30460,0.5888,3.7690,125.96,0.5888,3.7690,0,1,0,0,0,20,20,0,0,0,0,0,1000.000
30470,0.5888,3.7690,126.05,0.5888,3.7690,0,1,0,0,0,20,20,0,0,0,0,0,1000.000
30480,0.5888,3.7690,126.12,0.5888,3.7690,0,1,0,0,0,20,20,0,0,0,0,0,1000.000
30490,0.5888,3.7690,126.20,0.5888,3.7690,0,1,0,0,0,20,20,0,0,0,0,0,1000.000
30500,0.5888,3.7690,126.30,0.5888,3.7690,0,1,0,0,0,20,20,0,0,0,0,0,1000.000
30510,0.5888,3.7690,126.39,0.5888,3.7690,0,1,0,0,0,20,20,0,0,0,0,0,1000.000
30520,0.5888,3.7690,126.46,0.5888,3.7690,0,1,0,0,0,20,20,0,0,0,0,0,1000.000
30530,0.5888,3.7690,126.54,0.5888,3.7690,0,1,0,0,0,20,20,0,0,0,0,0,1000.000
30540,0.5888,3.7690,126.63,0.5888,3.7690,0,1,0,0,0,20,20,0,0,0,0,0,1000.000
30550,0.5888,3.7690,126.70,0.5888,3.7690,0,1,0,0,0,20,20,0,0,0,0,0,1000.000
30560,0.5888,3.7690,126.78,0.5888,3.7690,0,1,0,0,0,20,20,0,0,0,0,0,1000.000
30570,0.5888,3.7690,126.86,0.5888,3.7690,0,1,0,0,0,20,20,0,0,0,0,0,1000.000
30580,0.5888,3.7690,126.93,0.5888,3.7690,0,1,0,0,0,20,20,0,0,0,0,0,1000.000
30590,0.5888,3.7690,127.02,0.5888,3.7690,0,1,0,0,0,20,20,0,0,0,0,0,1000.000
30600,0.5888,3.7690,127.10,0.5888,3.7690,0,1,0,0,0,20,20,0,0,0,0,0,1000.000
30610,0.5888,3.7690,127.17,0.5888,3.7690,0,1,0,0,0,20,20,0,0,0,0,0,1000.000
30620,0.5888,3.7690,127.25,0.5888,3.7690,0,1,0,0,0,20,20,0,0,0,0,0,1000.000
30630,0.5888,3.7690,127.34,0.5888,3.7690,0,1,0,0,0,20,20,0,0,0,0,0,1000.000
30640,0.5888,3.7690,127.41,0.5888,3.7690,0,1,0,0,0,20,20,0,0,0,0,0,1000.000
30650,0.5888,3.7690,127.49,0.5888,3.7690,0,1,0,0,0,20,20,0,0,0,0,0,1000.000
30660,0.5888,3.7690,127.58,0.5888,3.7690,0,1,0,0,0,20,20,0,0,0,0,0,1000.000
30670,0.5888,3.7690,127.65,0.5888,3.7690,0,1,0,0,0,20,20,0,0,0,0,0,1000.000
30680,0.5888,3.7690,127.73,0.5888,3.7690,0,1,0,0,0,20,20,0,0,0,0,0,1000.000
30690,0.5888,3.7690,127.82,0.5888,3.7690,0,1,0,0,0,20,20,0,0,0,0,0,1000.000
30700,0.5888,3.7690,127.89,0.5888,3.7690,0,1,0,0,0,20,20,0,0,0,0,0,1000.000
30710,0.5888,3.7690,127.97,0.5888,3.7690,0,1,0,0,0,20,20,0,0,0,0,0,1000.000
30720,0.5888,3.7690,128.06,0.5888,3.7690,0,1,0,0,0,20,20,0,0,0,0,0,1000.000
30730,0.5888,3.7690,128.12,0.5888,3.7690,0,1,0,0,0,20,20,0,0,0,0,0,1000.000
30740,0.5888,3.7690,128.21,0.5888,3.7690,0,1,0,0,0,20,20,0,0,0,0,0,1000.000
30750,0.5888,3.7690,128.29,0.5888,3.7690,0,1,0,0,0,20,20,0,0,0,0,0,1000.000
30760,0.5888,3.7690,128.36,0.5888,3.7690,0,1,0,0,0,20,20,0,0,0,0,0,1000.000
30770,0.5888,3.7690,128.44,0.5888,3.7690,0,1,0,0,0,20,20,0,0,0,0,0,1000.000
30780,0.5888,3.7690,128.53,0.5888,3.7690,0,1,0,0,0,20,20,0,0,0,0,0,1000.000
30790,0.5888,3.7690,128.60,0.5888,3.7690,0,1,0,0,0,20,20,0,0,0,0,0,1000.000
30800,0.5888,3.7690,128.68,0.5888,3.7690,0,1,0,0,0,20,20,0,0,0,0,0,1000.000
30810,0.5888,3.7690,128.77,0.5888,3.7690,0,1,0,0,0,20,20,0,0,0,0,0,1000.000
30820,0.5888,3.7690,128.84,0.5888,3.7690,0,1,0,0,0,20,20,0,0,0,0,0,1000.000
30830,0.5888,3.7690,128.92,0.5888,3.7690,0,1,0,0,0,20,20,0,0,0,0,0,1000.000
30840,0.5888,3.7690,129.00,0.5888,3.7690,0,1,0,0,0,20,20,0,0,0,0,0,1000.000
30850,0.5888,3.7690,129.07,0.5888,3.7690,0,1,0,0,0,20,20,0,0,0,0,0,1000.000
30860,0.5888,3.7690,129.15,0.5888,3.7690,0,1,0,0,0,20,20,0,0,0,0,0,1000.000
30870,0.5888,3.7690,129.24,0.5888,3.7690,0,1,0,0,0,20,20,0,0,0,0,0,1000.000
30880,0.5888,3.7690,129.30,0.5888,3.7690,0,1,0,0,0,20,20,0,0,0,0,0,1000.000
30890,0.5888,3.7690,129.38,0.5888,3.7690,0,1,0,0,0,20,20,0,0,0,0,0,1000.000
30900,0.5888,3.7690,129.45,0.5888,3.7690,0,1,0,0,0,20,20,0,0,0,0,0,1000.000
30910,0.5888,3.7690,129.53,0.5888,3.7690,0,1,0,0,0,20,20,0,0,0,0,0,1000.000
30920,0.5888,3.7690,129.62,0.5888,3.7690,0,1,0,0,0,20,20,0,0,0,0,0,1000.000
30930,0.5888,3.7690,129.69,0.5888,3.7690,0,1,0,0,0,20,20,0,0,0,0,0,1000.000
30940,0.5888,3.7690,129.77,0.5888,3.7690,0,1,0,0,0,20,20,0,0,0,0,0,1000.000
30950,0.5888,3.7690,129.84,0.5888,3.7690,0,1,0,0,0,20,20,0,0,0,0,0,1000.000
30960,0.5888,3.7690,129.92,0.5888,3.7690,0,1,0,0,0,20,20,0,0,0,0,0,1000.000
30970,0.5888,3.7690,130.01,0.5888,3.7690,0,1,0,0,0,20,20,0,0,0,0,0,1000.000
30980,0.5888,3.7690,130.07,0.5888,3.7690,0,1,0,0,0,20,20,0,0,0,0,0,1000.000
30990,0.5888,3.7690,130.14,0.5888,3.7690,0,1,0,0,0,20,20,0,0,0,0,0,1000.000
31000,0.5888,3.7690,130.23,0.5888,3.7690,0,1,0,0,0,20,20,0,0,0,0,0,1000.000
31010,0.5888,3.7690,130.30,0.5888,3.7690,0,1,0,0,0,20,20,0,0,0,0,0,1000.000
31020,0.5888,3.7690,130.37,0.5888,3.7690,0,1,0,0,0,20,20,0,0,0,0,0,1000.000
31030,0.5888,3.7690,130.45,0.5888,3.7690,0,1,0,0,0,20,20,0,0,0,0,0,1000.000
31040,0.5888,3.7690,130.52,0.5888,3.7690,0,1,0,0,0,20,20,0,0,0,0,0,1000.000
31050,0.5888,3.7690,130.59,0.5888,3.7690,0,1,0,0,0,20,20,0,0,0,0,0,1000.000
31060,0.5888,3.7690,130.68,0.5888,3.7690,0,1,0,0,0,20,20,0,0,0,0,0,1000.000
31070,0.5888,3.7690,130.75,0.5888,3.7690,0,1,0,0,0,20,20,0,0,0,0,0,1000.000
31080,0.5888,3.7690,130.82,0.5888,3.7690,0,1,0,0,0,20,20,0,0,0,0,0,1000.000
31090,0.5888,3.7690,130.90,0.5888,3.7690,0,1,0,0,0,20,20,0,0,0,0,0,1000.000
31100,0.5888,3.7690,130.97,0.5888,3.7690,0,1,0,0,0,20,20,0,0,0,0,0,1000.000
31110,0.5888,3.7690,131.04,0.5888,3.7690,0,1,0,0,0,20,20,0,0,0,0,0,1000.000
31120,0.5888,3.7690,131.13,0.5888,3.7690,0,1,0,0,0,20,20,0,0,0,0,0,1000.000
31130,0.5888,3.7690,131.20,0.5888,3.7690,0,1,0,0,0,20,20,0,0,0,0,0,1000.000
31140,0.5888,3.7690,131.26,0.5888,3.7690,0,1,0,0,0,20,20,0,0,0,0,0,1000.000
31150,0.5888,3.7690,131.34,0.5888,3.7690,0,1,0,0,0,20,20,0,0,0,0,0,1000.000
31160,0.5888,3.7690,131.41,0.5888,3.7690,0,1,0,0,0,20,20,0,0,0,0,0,1000.000
31170,0.5888,3.7690,131.49,0.5888,3.7690,0,1,0,0,0,20,20,0,0,0,0,0,1000.000
31180,0.5888,3.7690,131.55,0.5888,3.7690,0,1,0,0,0,20,20,0,0,0,0,0,1000.000
31190,0.5888,3.7690,131.64,0.5888,3.7690,0,1,0,0,0,20,20,0,0,0,0,0,1000.000
31200,0.5888,3.7690,131.71,0.5888,3.7690,0,1,0,0,0,20,20,0,0,0,0,0,1000.000
31210,0.5888,3.7690,131.78,0.5888,3.7690,0,1,0,0,0,20,20,0,0,0,0,0,1000.000
31220,0.5888,3.7690,131.86,0.5888,3.7690,0,1,0,0,0,20,20,0,0,0,0,0,1000.000
31230,0.5888,3.7690,131.94,0.5888,3.7690,0,1,0,0,0,20,20,0,0,0,0,0,1000.000
31240,0.5888,3.7690,132.00,0.5888,3.7690,0,1,0,0,0,20,20,0,0,0,0,0,1000.000
31250,0.5888,3.7690,132.07,0.5888,3.7690,0,1,0,0,0,20,20,0,0,0,0,0,1000.000
31260,0.5888,3.7690,132.16,0.5888,3.7690,0,1,0,0,0,20,20,0,0,0,0,0,1000.000
31270,0.5888,3.7690,132.22,0.5888,3.7690,0,1,0,0,0,20,20,0,0,0,0,0,1000.000
31280,0.5888,3.7690,132.30,0.5888,3.7690,0,1,0,0,0,20,20,0,0,0,0,0,1000.000
31290,0.5888,3.7690,132.37,0.5888,3.7690,0,1,0,0,0,20,20,0,0,0,0,0,1000.000
31300,0.5888,3.7690,132.44,0.5888,3.7690,0,1,0,0,0,20,20,0,0,0,0,0,1000.000
31310,0.5888,3.7690,132.51,0.5888,3.7690,0,1,0,0,0,20,20,0,0,0,0,0,1000.000
31320,0.5888,3.7690,132.60,0.5888,3.7690,0,1,0,0,0,20,20,0,0,0,0,0,1000.000
31330,0.5888,3.7690,132.66,0.5888,3.7690,0,1,0,0,0,20,20,0,0,0,0,0,1000.000
31340,0.5888,3.7690,132.73,0.5888,3.7690,0,1,0,0,0,20,20,0,0,0,0,0,1000.000
31350,0.5888,3.7690,132.80,0.5888,3.7690,0,1,0,0,0,20,20,0,0,0,0,0,1000.000
31360,0.5888,3.7690,132.87,0.5888,3.7690,0,1,0,0,0,20,20,0,0,0,0,0,1000.000
31370,0.5888,3.7690,132.94,0.5888,3.7690,0,1,0,0,0,20,20,0,0,0,0,0,1000.000
31380,0.5888,3.7690,133.01,0.5888,3.7690,0,1,0,0,0,20,20,0,0,0,0,0,1000.000
31390,0.5888,3.7690,133.09,0.5888,3.7690,0,1,0,0,0,20,20,0,0,0,0,0,1000.000
31400,0.5888,3.7690,133.15,0.5888,3.7690,0,1,0,0,0,20,20,0,0,0,0,0,1000.000
31410,0.5888,3.7690,133.23,0.5888,3.7690,0,1,0,0,0,20,20,0,0,0,0,0,1000.000
31420,0.5888,3.7690,133.29,0.5888,3.7690,0,1,0,0,0,20,20,0,0,0,0,0,1000.000
31430,0.5888,3.7690,133.36,0.5888,3.7690,0,1,0,0,0,20,20,0,0,0,0,0,1000.000
31440,0.5888,3.7690,133.43,0.5888,3.7690,0,1,0,0,0,20,20,0,0,0,0,0,1000.000
31450,0.5888,3.7690,133.50,0.5888,3.7690,0,1,0,0,0,20,20,0,0,0,0,0,1000.000
31460,0.5888,3.7690,133.57,0.5888,3.7690,0,1,0,0,0,20,20,0,0,0,0,0,1000.000
31470,0.5888,3.7690,133.64,0.5888,3.7690,0,1,0,0,0,20,20,0,0,0,0,0,1000.000
31480,0.5888,3.7690,133.71,0.5888,3.7690,0,1,0,0,0,20,20,0,0,0,0,0,1000.000
31490,0.5888,3.7690,133.78,0.5888,3.7690,0,1,0,0,0,20,20,0,0,0,0,0,1000.000
31500,0.5888,3.7690,133.85,0.5888,3.7690,0,1,0,0,0,20,20,0,0,0,0,0,1000.000
31510,0.5888,3.7690,133.92,0.5888,3.7690,0,1,0,0,0,20,20,0,0,0,0,0,1000.000
31520,0.5888,3.7690,133.99,0.5888,3.7690,0,1,0,0,0,20,20,0,0,0,0,0,1000.000
31530,0.5888,3.7690,134.06,0.5888,3.7690,0,1,0,0,0,20,20,0,0,0,0,0,1000.000
31540,0.5888,3.7690,134.13,0.5888,3.7690,0,1,0,0,0,20,20,0,0,0,0,0,1000.000
31550,0.5888,3.7690,134.20,0.5888,3.7690,0,1,0,0,0,20,20,0,0,0,0,0,1000.000
31560,0.5888,3.7690,134.27,0.5888,3.7690,0,1,0,0,0,20,20,0,0,0,0,0,1000.000
31570,0.5888,3.7690,134.34,0.5888,3.7690,0,1,0,0,0,20,20,0,0,0,0,0,1000.000
31580,0.5888,3.7690,134.40,0.5888,3.7690,0,1,0,0,0,20,20,0,0,0,0,0,1000.000
31590,0.5888,3.7690,134.48,0.5888,3.7690,0,1,0,0,0,20,20,0,0,0,0,0,1000.000
31600,0.5888,3.7690,134.54,0.5888,3.7690,0,1,0,0,0,20,20,0,0,0,0,0,1000.000
31610,0.5888,3.7690,134.62,0.5888,3.7690,0,1,0,0,0,20,20,0,0,0,0,0,1000.000
31620,0.5888,3.7690,134.68,0.5888,3.7690,0,1,0,0,0,20,20,0,0,0,0,0,1000.000
31630,0.5888,3.7690,134.76,0.5888,3.7690,0,1,0,0,0,20,20,0,0,0,0,0,1000.000
31640,0.5888,3.7690,134.82,0.5888,3.7690,0,1,0,0,0,20,20,0,0,0,0,0,1000.000
31650,0.5888,3.7690,134.89,0.5888,3.7690,0,1,0,0,0,20,20,0,0,0,0,0,1000.000
31660,0.5888,3.7690,134.96,0.5888,3.7690,0,1,0,0,0,20,20,0,0,0,0,0,1000.000
31670,0.5888,3.7690,135.03,0.5888,3.7690,0,1,0,0,0,20,20,0,0,0,0,0,1000.000
31680,0.5888,3.7690,135.09,0.5888,3.7690,0,1,0,0,0,20,20,0,0,0,0,0,1000.000
31690,0.5888,3.7690,135.17,0.5888,3.7690,0,1,0,0,0,20,20,0,0,0,0,0,1000.000
31700,0.5888,3.7690,135.23,0.5888,3.7690,0,1,0,0,0,20,20,0,0,0,0,0,1000.000
31710,0.5888,3.7690,135.30,0.5888,3.7690,0,1,0,0,0,20,20,0,0,0,0,0,1000.000
31720,0.5888,3.7690,135.37,0.5888,3.7690,0,1,0,0,0,20,20,0,0,0,0,0,1000.000
31730,0.5888,3.7690,135.44,0.5888,3.7690,0,1,0,0,0,20,20,0,0,0,0,0,1000.000
31740,0.5888,3.7690,135.50,0.5888,3.7690,0,1,0,0,0,20,20,0,0,0,0,0,1000.000
31750,0.5888,3.7690,135.57,0.5888,3.7690,0,1,0,0,0,20,20,0,0,0,0,0,1000.000
31760,0.5888,3.7690,135.64,0.5888,3.7690,0,1,0,0,0,20,20,0,0,0,0,0,1000.000
31770,0.5888,3.7690,135.70,0.5888,3.7690,0,1,0,0,0,20,20,0,0,0,0,0,1000.000
31780,0.5888,3.7690,135.77,0.5888,3.7690,0,1,0,0,0,20,20,0,0,0,0,0,1000.000
31790,0.5888,3.7690,135.84,0.5888,3.7690,0,1,0,0,0,20,20,0,0,0,0,0,1000.000
31800,0.5888,3.7690,135.90,0.5888,3.7690,0,1,0,0,0,20,20,0,0,0,0,0,1000.000
31810,0.5888,3.7690,135.97,0.5888,3.7690,0,1,0,0,0,20,20,0,0,0,0,0,1000.000
31820,0.5888,3.7690,136.04,0.5888,3.7690,0,1,0,0,0,20,20,0,0,0,0,0,1000.000
31830,0.5888,3.7690,136.10,0.5888,3.7690,0,1,0,0,0,20,20,0,0,0,0,0,1000.000
31840,0.5888,3.7690,136.18,0.5888,3.7690,0,1,0,0,0,20,20,0,0,0,0,0,1000.000
31850,0.5888,3.7690,136.24,0.5888,3.7690,0,1,0,0,0,20,20,0,0,0,0,0,1000.000
31860,0.5888,3.7690,136.31,0.5888,3.7690,0,1,0,0,0,20,20,0,0,0,0,0,1000.000
31870,0.5888,3.7690,136.37,0.5888,3.7690,0,1,0,0,0,20,20,0,0,0,0,0,1000.000
31880,0.5888,3.7690,136.44,0.5888,3.7690,0,1,0,0,0,20,20,0,0,0,0,0,1000.000
31890,0.5888,3.7690,136.51,0.5888,3.7690,0,1,0,0,0,20,20,0,0,0,0,0,1000.000
31900,0.5888,3.7690,136.57,0.5888,3.7690,0,1,0,0,0,20,20,0,0,0,0,0,1000.000
31910,0.5888,3.7690,136.63,0.5888,3.7690,0,1,0,0,0,20,20,0,0,0,0,0,1000.000
31920,0.5888,3.7690,136.71,0.5888,3.7690,0,1,0,0,0,20,20,0,0,0,0,0,1000.000
31930,0.5888,3.7690,136.77,0.5888,3.7690,0,1,0,0,0,20,20,0,0,0,0,0,1000.000
31940,0.5888,3.7690,136.83,0.5888,3.7690,0,1,0,0,0,20,20,0,0,0,0,0,1000.000
31950,0.5888,3.7690,136.90,0.5888,3.7690,0,1,0,0,0,20,20,0,0,0,0,0,1000.000
31960,0.5888,3.7690,136.96,0.5888,3.7690,0,1,0,0,0,20,20,0,0,0,0,0,1000.000
31970,0.5888,3.7690,137.03,0.5888,3.7690,0,1,0,0,0,20,20,0,0,0,0,0,1000.000
31980,0.5888,3.7690,137.09,0.5888,3.7690,0,1,0,0,0,20,20,0,0,0,0,0,1000.000
31990,0.5888,3.7690,137.15,0.5888,3.7690,0,1,0,0,0,20,20,0,0,0,0,0,1000.000
32000,0.5888,3.7690,137.22,0.5888,3.7690,0,1,0,0,0,20,20,0,0,0,0,0,1000.000
32010,0.5888,3.7690,137.28,0.5888,3.7690,0,1,0,0,0,20,20,0,0,0,0,0,1000.000
32020,0.5888,3.7690,137.35,0.5888,3.7690,0,1,0,0,0,20,20,0,0,0,0,0,1000.000
32030,0.5888,3.7690,137.41,0.5888,3.7690,0,1,0,0,0,20,20,0,0,0,0,0,1000.000
32040,0.5888,3.7690,137.48,0.5888,3.7690,0,1,0,0,0,20,20,0,0,0,0,0,1000.000
32050,0.5888,3.7690,137.54,0.5888,3.7690,0,1,0,0,0,20,20,0,0,0,0,0,1000.000
32060,0.5888,3.7690,137.60,0.5888,3.7690,0,1,0,0,0,20,20,0,0,0,0,0,1000.000
32070,0.5888,3.7690,137.67,0.5888,3.7690,0,1,0,0,0,20,20,0,0,0,0,0,1000.000
32080,0.5888,3.7690,137.73,0.5888,3.7690,0,1,0,0,0,20,20,0,0,0,0,0,1000.000
32090,0.5888,3.7690,137.80,0.5888,3.7690,0,1,0,0,0,20,20,0,0,0,0,0,1000.000
32100,0.5888,3.7690,137.86,0.5888,3.7690,0,1,0,0,0,20,20,0,0,0,0,0,1000.000
32110,0.5888,3.7690,137.92,0.5888,3.7690,0,1,0,0,0,20,20,0,0,0,0,0,1000.000
32120,0.5888,3.7690,137.99,0.5888,3.7690,0,1,0,0,0,20,20,0,0,0,0,0,1000.000
32130,0.5888,3.7690,138.05,0.5888,3.7690,0,1,0,0,0,20,20,0,0,0,0,0,1000.000
32140,0.5888,3.7690,138.12,0.5888,3.7690,0,1,0,0,0,20,20,0,0,0,0,0,1000.000
32150,0.5888,3.7690,138.18,0.5888,3.7690,0,1,0,0,0,20,20,0,0,0,0,0,1000.000
32160,0.5888,3.7690,138.24,0.5888,3.7690,0,1,0,0,0,20,20,0,0,0,0,0,1000.000
32170,0.5888,3.7690,138.30,0.5888,3.7690,0,1,0,0,0,20,20,0,0,0,0,0,1000.000
32180,0.5888,3.7690,138.36,0.5888,3.7690,0,1,0,0,0,20,20,0,0,0,0,0,1000.000
32190,0.5888,3.7690,138.43,0.5888,3.7690,0,1,0,0,0,20,20,0,0,0,0,0,1000.000
32200,0.5888,3.7690,138.49,0.5888,3.7690,0,1,0,0,0,20,20,0,0,0,0,0,1000.000
32210,0.5888,3.7690,138.55,0.5888,3.7690,0,1,0,0,0,20,20,0,0,0,0,0,1000.000
32220,0.5888,3.7690,138.61,0.5888,3.7690,0,1,0,0,0,20,20,0,0,0,0,0,1000.000
32230,0.5888,3.7690,138.68,0.5888,3.7690,0,1,0,0,0,20,20,0,0,0,0,0,1000.000
32240,0.5888,3.7690,138.74,0.5888,3.7690,0,1,0,0,0,20,20,0,0,0,0,0,1000.000
32250,0.5888,3.7690,138.80,0.5888,3.7690,0,1,0,0,0,20,20,0,0,0,0,0,1000.000
32260,0.5888,3.7690,138.86,0.5888,3.7690,0,1,0,0,0,20,20,0,0,0,0,0,1000.000
32270,0.5888,3.7690,138.92,0.5888,3.7690,0,1,0,0,0,20,20,0,0,0,0,0,1000.000
32280,0.5888,3.7690,138.99,0.5888,3.7690,0,1,0,0,0,20,20,0,0,0,0,0,1000.000
32290,0.5888,3.7690,139.05,0.5888,3.7690,0,1,0,0,0,20,20,0,0,0,0,0,1000.000
32300,0.5888,3.7690,139.11,0.5888,3.7690,0,1,0,0,0,20,20,0,0,0,0,0,1000.000
32310,0.5888,3.7690,139.17,0.5888,3.7690,0,1,0,0,0,20,20,0,0,0,0,0,1000.000
32320,0.5888,3.7690,139.24,0.5888,3.7690,0,1,0,0,0,20,20,0,0,0,0,0,1000.000
32330,0.5888,3.7690,139.30,0.5888,3.7690,0,1,0,0,0,20,20,0,0,0,0,0,1000.000
32340,0.5888,3.7690,139.36,0.5888,3.7690,0,1,0,0,0,20,20,0,0,0,0,0,1000.000
32350,0.5888,3.7690,139.42,0.5888,3.7690,0,1,0,0,0,20,20,0,0,0,0,0,1000.000
32360,0.5888,3.7690,139.48,0.5888,3.7690,0,1,0,0,0,20,20,0,0,0,0,0,1000.000
32370,0.5888,3.7690,139.54,0.5888,3.7690,0,1,0,0,0,20,20,0,0,0,0,0,1000.000
32380,0.5888,3.7690,139.60,0.5888,3.7690,0,1,0,0,0,20,20,0,0,0,0,0,1000.000
32390,0.5888,3.7690,139.66,0.5888,3.7690,0,1,0,0,0,20,20,0,0,0,0,0,1000.000
32400,0.5888,3.7690,139.72,0.5888,3.7690,0,1,0,0,0,20,20,0,0,0,0,0,1000.000
32410,0.5888,3.7690,139.79,0.5888,3.7690,0,1,0,0,0,20,20,0,0,0,0,0,1000.000
32420,0.5888,3.7690,139.85,0.5888,3.7690,0,1,0,0,0,20,20,0,0,0,0,0,1000.000
32430,0.5888,3.7690,139.91,0.5888,3.7690,0,1,0,0,0,20,20,0,0,0,0,0,1000.000
32440,0.5888,3.7690,139.97,0.5888,3.7690,0,1,0,0,0,20,20,0,0,0,0,0,1000.000
32450,0.5888,3.7690,140.03,0.5888,3.7690,0,1,0,0,0,20,20,0,0,0,0,0,1000.000
32460,0.5888,3.7690,140.09,0.5888,3.7690,0,1,0,0,0,20,20,0,0,0,0,0,1000.000
32470,0.5888,3.7690,140.15,0.5888,3.7690,0,1,0,0,0,20,20,0,0,0,0,0,1000.000
32480,0.5888,3.7690,140.21,0.5888,3.7690,0,1,0,0,0,20,20,0,0,0,0,0,1000.000
32490,0.5888,3.7690,140.27,0.5888,3.7690,0,1,0,0,0,20,20,0,0,0,0,0,1000.000
32500,0.5888,3.7690,140.33,0.5888,3.7690,0,1,0,0,0,20,20,0,0,0,0,0,1000.000
32510,0.5888,3.7690,140.39,0.5888,3.7690,0,1,0,0,0,20,20,0,0,0,0,0,1000.000
32520,0.5888,3.7690,140.45,0.5888,3.7690,0,1,0,0,0,20,20,0,0,0,0,0,1000.000
32530,0.5888,3.7690,140.51,0.5888,3.7690,0,1,0,0,0,20,20,0,0,0,0,0,1000.000
32540,0.5888,3.7690,140.57,0.5888,3.7690,0,1,0,0,0,20,20,0,0,0,0,0,1000.000
32550,0.5888,3.7690,140.63,0.5888,3.7690,0,1,0,0,0,20,20,0,0,0,0,0,1000.000
32560,0.5888,3.7690,140.69,0.5888,3.7690,0,1,0,0,0,20,20,0,0,0,0,0,1000.000
32570,0.5888,3.7690,140.75,0.5888,3.7690,0,1,0,0,0,20,20,0,0,0,0,0,1000.000
32580,0.5888,3.7690,140.81,0.5888,3.7690,0,1,0,0,0,20,20,0,0,0,0,0,1000.000
32590,0.5888,3.7690,140.86,0.5888,3.7690,0,1,0,0,0,20,20,0,0,0,0,0,1000.000
32600,0.5888,3.7690,140.92,0.5888,3.7690,0,1,0,0,0,20,20,0,0,0,0,0,1000.000
32610,0.5888,3.7690,140.98,0.5888,3.7690,0,1,0,0,0,20,20,0,0,0,0,0,1000.000
32620,0.5888,3.7690,141.04,0.5888,3.7690,0,1,0,0,0,20,20,0,0,0,0,0,1000.000
32630,0.5888,3.7690,141.10,0.5888,3.7690,0,1,0,0,0,20,20,0,0,0,0,0,1000.000
32640,0.5888,3.7690,141.16,0.5888,3.7690,0,1,0,0,0,20,20,0,0,0,0,0,1000.000
32650,0.5888,3.7690,141.22,0.5888,3.7690,0,1,0,0,0,20,20,0,0,0,0,0,1000.000
32660,0.5888,3.7690,141.28,0.5888,3.7690,0,1,0,0,0,20,20,0,0,0,0,0,1000.000
32670,0.5888,3.7690,141.33,0.5888,3.7690,0,1,0,0,0,20,20,0,0,0,0,0,1000.000
32680,0.5888,3.7690,141.39,0.5888,3.7690,0,1,0,0,0,20,20,0,0,0,0,0,1000.000
32690,0.5888,3.7690,141.45,0.5888,3.7690,0,1,0,0,0,20,20,0,0,0,0,0,1000.000
32700,0.5888,3.7690,141.51,0.5888,3.7690,0,1,0,0,0,20,20,0,0,0,0,0,1000.000
32710,0.5888,3.7690,141.57,0.5888,3.7690,0,1,0,0,0,20,20,0,0,0,0,0,1000.000
32720,0.5888,3.7690,141.63,0.5888,3.7690,0,1,0,0,0,20,20,0,0,0,0,0,1000.000
32730,0.5888,3.7690,141.69,0.5888,3.7690,0,1,0,0,0,20,20,0,0,0,0,0,1000.000
32740,0.5888,3.7690,141.75,0.5888,3.7690,0,1,0,0,0,20,20,0,0,0,0,0,1000.000
32750,0.5888,3.7690,141.80,0.5888,3.7690,0,1,0,0,0,20,20,0,0,0,0,0,1000.000
32760,0.5888,3.7690,141.86,0.5888,3.7690,0,1,0,0,0,20,20,0,0,0,0,0,1000.000
32770,0.5888,3.7690,141.92,0.5888,3.7690,0,1,0,0,0,20,20,0,0,0,0,0,1000.000
32780,0.5888,3.7690,141.97,0.5888,3.7690,0,1,0,0,0,20,20,0,0,0,0,0,1000.000
32790,0.5888,3.7690,142.03,0.5888,3.7690,0,1,0,0,0,20,20,0,0,0,0,0,1000.000
32800,0.5888,3.7690,142.09,0.5888,3.7690,0,1,0,0,0,20,20,0,0,0,0,0,1000.000
32810,0.5888,3.7690,142.15,0.5888,3.7690,0,1,0,0,0,20,20,0,0,0,0,0,1000.000
32820,0.5888,3.7690,142.21,0.5888,3.7690,0,1,0,0,0,20,20,0,0,0,0,0,1000.000
32830,0.5888,3.7690,142.27,0.5888,3.7690,0,1,0,0,0,20,20,0,0,0,0,0,1000.000
32840,0.5888,3.7690,142.32,0.5888,3.7690,0,1,0,0,0,20,20,0,0,0,0,0,1000.000
32850,0.5888,3.7690,142.38,0.5888,3.7690,0,1,0,0,0,20,20,0,0,0,0,0,1000.000
32860,0.5888,3.7690,142.44,0.5888,3.7690,0,1,0,0,0,20,20,0,0,0,0,0,1000.000
32870,0.5888,3.7690,142.50,0.5888,3.7690,0,1,0,0,0,20,20,0,0,0,0,0,1000.000
32880,0.5888,3.7690,142.55,0.5888,3.7690,0,1,0,0,0,20,20,0,0,0,0,0,1000.000
32890,0.5888,3.7690,142.61,0.5888,3.7690,0,1,0,0,0,20,20,0,0,0,0,0,1000.000
32900,0.5888,3.7690,142.67,0.5888,3.7690,0,1,0,0,0,20,20,0,0,0,0,0,1000.000
32910,0.5888,3.7690,142.72,0.5888,3.7690,0,1,0,0,0,20,20,0,0,0,0,0,1000.000
32920,0.5888,3.7690,142.78,0.5888,3.7690,0,1,0,0,0,20,20,0,0,0,0,0,1000.000
32930,0.5888,3.7690,142.84,0.5888,3.7690,0,1,0,0,0,20,20,0,0,0,0,0,1000.000
32940,0.5888,3.7690,142.89,0.5888,3.7690,0,1,0,0,0,20,20,0,0,0,0,0,1000.000
32950,0.5888,3.7690,142.95,0.5888,3.7690,0,1,0,0,0,20,20,0,0,0,0,0,1000.000
32960,0.5888,3.7690,143.01,0.5888,3.7690,0,1,0,0,0,20,20,0,0,0,0,0,1000.000
32970,0.5888,3.7690,143.06,0.5888,3.7690,0,1,0,0,0,20,20,0,0,0,0,0,1000.000
32980,0.5888,3.7690,143.12,0.5888,3.7690,0,1,0,0,0,20,20,0,0,0,0,0,1000.000
32990,0.5888,3.7690,143.17,0.5888,3.7690,0,1,0,0,0,20,20,0,0,0,0,0,1000.000
33000,0.5888,3.7690,143.23,0.5888,3.7690,0,1,0,0,0,20,20,0,0,0,0,0,1000.000
33010,0.5888,3.7690,143.29,0.5888,3.7690,0,1,0,0,0,20,20,0,0,0,0,0,1000.000
33020,0.5888,3.7690,143.34,0.5888,3.7690,0,1,0,0,0,20,20,0,0,0,0,0,1000.000
33030,0.5888,3.7690,143.40,0.5888,3.7690,0,1,0,0,0,20,20,0,0,0,0,0,1000.000
33040,0.5888,3.7690,143.46,0.5888,3.7690,0,1,0,0,0,20,20,0,0,0,0,0,1000.000
33050,0.5888,3.7690,143.51,0.5888,3.7690,0,1,0,0,0,20,20,0,0,0,0,0,1000.000
33060,0.5888,3.7690,143.57,0.5888,3.7690,0,1,0,0,0,20,20,0,0,0,0,0,1000.000
33070,0.5888,3.7690,143.62,0.5888,3.7690,0,1,0,0,0,20,20,0,0,0,0,0,1000.000
33080,0.5888,3.7690,143.68,0.5888,3.7690,0,1,0,0,0,20,20,0,0,0,0,0,1000.000
33090,0.5888,3.7690,143.73,0.5888,3.7690,0,1,0,0,0,20,20,0,0,0,0,0,1000.000
33100,0.5888,3.7690,143.79,0.5888,3.7690,0,1,0,0,0,20,20,0,0,0,0,0,1000.000
33110,0.5888,3.7690,143.84,0.5888,3.7690,0,1,0,0,0,20,20,0,0,0,0,0,1000.000
33120,0.5888,3.7690,143.90,0.5888,3.7690,0,1,0,0,0,20,20,0,0,0,0,0,1000.000
33130,0.5888,3.7690,143.95,0.5888,3.7690,0,1,0,0,0,20,20,0,0,0,0,0,1000.000
33140,0.5888,3.7690,144.01,0.5888,3.7690,0,1,0,0,0,20,20,0,0,0,0,0,1000.000
33150,0.5888,3.7690,144.06,0.5888,3.7690,0,1,0,0,0,20,20,0,0,0,0,0,1000.000
33160,0.5888,3.7690,144.12,0.5888,3.7690,0,1,0,0,0,20,20,0,0,0,0,0,1000.000
33170,0.5888,3.7690,144.17,0.5888,3.7690,0,1,0,0,0,20,20,0,0,0,0,0,1000.000
33180,0.5888,3.7690,144.23,0.5888,3.7690,0,1,0,0,0,20,20,0,0,0,0,0,1000.000
33190,0.5888,3.7690,144.28,0.5888,3.7690,0,1,0,0,0,20,20,0,0,0,0,0,1000.000
33200,0.5888,3.7690,144.34,0.5888,3.7690,0,1,0,0,0,20,20,0,0,0,0,0,1000.000
33210,0.5888,3.7690,144.39,0.5888,3.7690,0,1,0,0,0,20,20,0,0,0,0,0,1000.000
33220,0.5888,3.7690,144.45,0.5888,3.7690,0,1,0,0,0,20,20,0,0,0,0,0,1000.000
33230,0.5888,3.7690,144.50,0.5888,3.7690,0,1,0,0,0,20,20,0,0,0,0,0,1000.000
33240,0.5888,3.7690,144.55,0.5888,3.7690,0,1,0,0,0,20,20,0,0,0,0,0,1000.000
33250,0.5888,3.7690,144.61,0.5888,3.7690,0,1,0,0,0,20,20,0,0,0,0,0,1000.000
33260,0.5888,3.7690,144.66,0.5888,3.7690,0,1,0,0,0,20,20,0,0,0,0,0,1000.000
33270,0.5888,3.7690,144.72,0.5888,3.7690,0,1,0,0,0,20,20,0,0,0,0,0,1000.000
33280,0.5888,3.7690,144.77,0.5888,3.7690,0,1,0,0,0,20,20,0,0,0,0,0,1000.000
33290,0.5888,3.7690,144.83,0.5888,3.7690,0,1,0,0,0,20,20,0,0,0,0,0,1000.000
33300,0.5888,3.7690,144.88,0.5888,3.7690,0,1,0,0,0,20,20,0,0,0,0,0,1000.000
33310,0.5888,3.7690,144.94,0.5888,3.7690,0,1,0,0,0,20,20,0,0,0,0,0,1000.000
33320,0.5888,3.7690,144.99,0.5888,3.7690,0,1,0,0,0,20,20,0,0,0,0,0,1000.000
33330,0.5888,3.7690,145.04,0.5888,3.7690,0,1,0,0,0,20,20,0,0,0,0,0,1000.000
33340,0.5888,3.7690,145.10,0.5888,3.7690,0,1,0,0,0,20,20,0,0,0,0,0,1000.000
33350,0.5888,3.7690,145.15,0.5888,3.7690,0,1,0,0,0,20,20,0,0,0,0,0,1000.000
33360,0.5888,3.7690,145.20,0.5888,3.7690,0,1,0,0,0,20,20,0,0,0,0,0,1000.000
33370,0.5888,3.7690,145.26,0.5888,3.7690,0,1,0,0,0,20,20,0,0,0,0,0,1000.000
33380,0.5888,3.7690,145.31,0.5888,3.7690,0,1,0,0,0,20,20,0,0,0,0,0,1000.000
33390,0.5888,3.7690,145.36,0.5888,3.7690,0,1,0,0,0,20,20,0,0,0,0,0,1000.000
33400,0.5888,3.7690,145.42,0.5888,3.7690,0,1,0,0,0,20,20,0,0,0,0,0,1000.000
33410,0.5888,3.7690,145.47,0.5888,3.7690,0,1,0,0,0,20,20,0,0,0,0,0,1000.000
33420,0.5888,3.7690,145.52,0.5888,3.7690,0,1,0,0,0,20,20,0,0,0,0,0,1000.000
33430,0.5888,3.7690,145.58,0.5888,3.7690,0,1,0,0,0,20,20,0,0,0,0,0,1000.000
33440,0.5888,3.7690,145.63,0.5888,3.7690,0,1,0,0,0,20,20,0,0,0,0,0,1000.000
33450,0.5888,3.7690,145.67,0.5888,3.7690,0,1,0,0,0,20,20,0,0,0,0,0,1000.000
33460,0.5888,3.7690,145.73,0.5888,3.7690,0,1,0,0,0,20,20,0,0,0,0,0,1000.000
33470,0.5888,3.7690,145.78,0.5888,3.7690,0,1,0,0,0,20,20,0,0,0,0,0,1000.000
33480,0.5888,3.7690,145.83,0.5888,3.7690,0,1,0,0,0,20,20,0,0,0,0,0,1000.000
33490,0.5888,3.7690,145.89,0.5888,3.7690,0,1,0,0,0,20,20,0,0,0,0,0,1000.000
33500,0.5888,3.7690,145.94,0.5888,3.7690,0,1,0,0,0,20,20,0,0,0,0,0,1000.000
33510,0.5888,3.7690,145.99,0.5888,3.7690,0,1,0,0,0,20,20,0,0,0,0,0,1000.000
33520,0.5888,3.7690,146.04,0.5888,3.7690,0,1,0,0,0,20,20,0,0,0,0,0,1000.000
33530,0.5888,3.7690,146.09,0.5888,3.7690,0,1,0,0,0,20,20,0,0,0,0,0,1000.000
33540,0.5888,3.7690,146.14,0.5888,3.7690,0,1,0,0,0,20,20,0,0,0,0,0,1000.000
33550,0.5888,3.7690,146.20,0.5888,3.7690,0,1,0,0,0,20,20,0,0,0,0,0,1000.000
33560,0.5888,3.7690,146.25,0.5888,3.7690,0,1,0,0,0,20,20,0,0,0,0,0,1000.000
33570,0.5888,3.7690,146.29,0.5888,3.7690,0,1,0,0,0,20,20,0,0,0,0,0,1000.000
33580,0.5888,3.7690,146.35,0.5888,3.7690,0,1,0,0,0,20,20,0,0,0,0,0,1000.000
33590,0.5888,3.7690,146.40,0.5888,3.7690,0,1,0,0,0,20,20,0,0,0,0,0,1000.000
33600,0.5888,3.7690,146.44,0.5888,3.7690,0,1,0,0,0,20,20,0,0,0,0,0,1000.000
33610,0.5888,3.7690,146.50,0.5888,3.7690,0,1,0,0,0,20,20,0,0,0,0,0,1000.000
33620,0.5888,3.7690,146.55,0.5888,3.7690,0,1,0,0,0,20,20,0,0,0,0,0,1000.000
33630,0.5888,3.7690,146.60,0.5888,3.7690,0,1,0,0,0,20,20,0,0,0,0,0,1000.000
33640,0.5888,3.7690,146.65,0.5888,3.7690,0,1,0,0,0,20,20,0,0,0,0,0,1000.000
33650,0.5888,3.7690,146.70,0.5888,3.7690,0,1,0,0,0,20,20,0,0,0,0,0,1000.000
33660,0.5888,3.7690,146.76,0.5888,3.7690,0,1,0,0,0,20,20,0,0,0,0,0,1000.000
33670,0.5888,3.7690,146.80,0.5888,3.7690,0,1,0,0,0,20,20,0,0,0,0,0,1000.000
33680,0.5888,3.7690,146.86,0.5888,3.7690,0,1,0,0,0,20,20,0,0,0,0,0,1000.000
33690,0.5888,3.7690,146.91,0.5888,3.7690,0,1,0,0,0,20,20,0,0,0,0,0,1000.000
33700,0.5888,3.7690,146.95,0.5888,3.7690,0,1,0,0,0,20,20,0,0,0,0,0,1000.000
33710,0.5888,3.7690,147.01,0.5888,3.7690,0,1,0,0,0,20,20,0,0,0,0,0,1000.000
33720,0.5888,3.7690,147.06,0.5888,3.7690,0,1,0,0,0,20,20,0,0,0,0,0,1000.000
33730,0.5888,3.7690,147.10,0.5888,3.7690,0,1,0,0,0,20,20,0,0,0,0,0,1000.000
33740,0.5888,3.7690,147.16,0.5888,3.7690,0,1,0,0,0,20,20,0,0,0,0,0,1000.000
33750,0.5888,3.7690,147.21,0.5888,3.7690,0,1,0,0,0,20,20,0,0,0,0,0,1000.000
33760,0.5888,3.7690,147.25,0.5888,3.7690,0,1,0,0,0,20,20,0,0,0,0,0,1000.000
33770,0.5888,3.7690,147.31,0.5888,3.7690,0,1,0,0,0,20,20,0,0,0,0,0,1000.000
33780,0.5888,3.7690,147.35,0.5888,3.7690,0,1,0,0,0,20,20,0,0,0,0,0,1000.000
33790,0.5888,3.7690,147.41,0.5888,3.7690,0,1,0,0,0,20,20,0,0,0,0,0,1000.000
33800,0.5888,3.7690,147.46,0.5888,3.7690,0,1,0,0,0,20,20,0,0,0,0,0,1000.000
33810,0.5888,3.7690,147.50,0.5888,3.7690,0,1,0,0,0,20,20,0,0,0,0,0,1000.000
33820,0.5888,3.7690,147.55,0.5888,3.7690,0,1,0,0,0,20,20,0,0,0,0,0,1000.000
33830,0.5888,3.7690,147.60,0.5888,3.7690,0,1,0,0,0,20,20,0,0,0,0,0,1000.000
33840,0.5888,3.7690,147.65,0.5888,3.7690,0,1,0,0,0,20,20,0,0,0,0,0,1000.000
33850,0.5888,3.7690,147.70,0.5888,3.7690,0,1,0,0,0,20,20,0,0,0,0,0,1000.000
33860,0.5888,3.7690,147.75,0.5888,3.7690,0,1,0,0,0,20,20,0,0,0,0,0,1000.000
33870,0.5888,3.7690,147.80,0.5888,3.7690,0,1,0,0,0,20,20,0,0,0,0,0,1000.000
33880,0.5888,3.7690,147.84,0.5888,3.7690,0,1,0,0,0,20,20,0,0,0,0,0,1000.000
33890,0.5888,3.7690,147.90,0.5888,3.7690,0,1,0,0,0,20,20,0,0,0,0,0,1000.000
33900,0.5888,3.7690,147.94,0.5888,3.7690,0,1,0,0,0,20,20,0,0,0,0,0,1000.000
33910,0.5888,3.7690,148.00,0.5888,3.7690,0,1,0,0,0,20,20,0,0,0,0,0,1000.000
33920,0.5888,3.7690,148.04,0.5888,3.7690,0,1,0,0,0,20,20,0,0,0,0,0,1000.000
33930,0.5888,3.7690,148.09,0.5888,3.7690,0,1,0,0,0,20,20,0,0,0,0,0,1000.000
33940,0.5888,3.7690,148.14,0.5888,3.7690,0,1,0,0,0,20,20,0,0,0,0,0,1000.000
33950,0.5888,3.7690,148.19,0.5888,3.7690,0,1,0,0,0,20,20,0,0,0,0,0,1000.000
33960,0.5888,3.7690,148.24,0.5888,3.7690,0,1,0,0,0,20,20,0,0,0,0,0,1000.000
33970,0.5888,3.7690,148.28,0.5888,3.7690,0,1,0,0,0,20,20,0,0,0,0,0,1000.000
33980,0.5888,3.7690,148.34,0.5888,3.7690,0,1,0,0,0,20,20,0,0,0,0,0,1000.000
33990,0.5888,3.7690,148.38,0.5888,3.7690,0,1,0,0,0,20,20,0,0,0,0,0,1000.000
34000,0.5888,3.7690,148.43,0.5888,3.7690,0,1,0,0,0,20,20,0,0,0,0,0,1000.000
34010,0.5888,3.7690,148.47,0.5888,3.7690,0,1,0,0,0,20,20,0,0,0,0,0,1000.000
34020,0.5888,3.7690,148.53,0.5888,3.7690,0,1,0,0,0,20,20,0,0,0,0,0,1000.000
34030,0.5888,3.7690,148.57,0.5888,3.7690,0,1,0,0,0,20,20,0,0,0,0,0,1000.000
34040,0.5888,3.7690,148.62,0.5888,3.7690,0,1,0,0,0,20,20,0,0,0,0,0,1000.000
34050,0.5888,3.7690,148.67,0.5888,3.7690,0,1,0,0,0,20,20,0,0,0,0,0,1000.000
34060,0.5888,3.7690,148.72,0.5888,3.7690,0,1,0,0,0,20,20,0,0,0,0,0,1000.000
34070,0.5888,3.7690,148.76,0.5888,3.7690,0,1,0,0,0,20,20,0,0,0,0,0,1000.000
34080,0.5888,3.7690,148.81,0.5888,3.7690,0,1,0,0,0,20,20,0,0,0,0,0,1000.000
34090,0.5888,3.7690,148.86,0.5888,3.7690,0,1,0,0,0,20,20,0,0,0,0,0,1000.000
34100,0.5888,3.7690,148.91,0.5888,3.7690,0,1,0,0,0,20,20,0,0,0,0,0,1000.000
34110,0.5888,3.7690,148.95,0.5888,3.7690,0,1,0,0,0,20,20,0,0,0,0,0,1000.000
34120,0.5888,3.7690,149.01,0.5888,3.7690,0,1,0,0,0,20,20,0,0,0,0,0,1000.000
34130,0.5888,3.7690,149.05,0.5888,3.7690,0,1,0,0,0,20,20,0,0,0,0,0,1000.000
34140,0.5888,3.7690,149.10,0.5888,3.7690,0,1,0,0,0,20,20,0,0,0,0,0,1000.000
34150,0.5888,3.7690,149.14,0.5888,3.7690,0,1,0,0,0,20,20,0,0,0,0,0,1000.000
34160,0.5888,3.7690,149.20,0.5888,3.7690,0,1,0,0,0,20,20,0,0,0,0,0,1000.000
34170,0.5888,3.7690,149.24,0.5888,3.7690,0,1,0,0,0,20,20,0,0,0,0,0,1000.000
34180,0.5888,3.7690,149.29,0.5888,3.7690,0,1,0,0,0,20,20,0,0,0,0,0,1000.000
34190,0.5888,3.7690,149.34,0.5888,3.7690,0,1,0,0,0,20,20,0,0,0,0,0,1000.000
34200,0.5888,3.7690,149.39,0.5888,3.7690,0,1,0,0,0,20,20,0,0,0,0,0,1000.000
34210,0.5888,3.7690,149.43,0.5888,3.7690,0,1,0,0,0,20,20,0,0,0,0,0,1000.000
34220,0.5888,3.7690,149.46,0.5888,3.7690,0,1,0,0,0,20,20,0,0,0,0,0,1000.000
34230,0.5888,3.7690,149.52,0.5888,3.7690,0,1,0,0,0,20,20,0,0,0,0,0,1000.000
34240,0.5888,3.7690,149.57,0.5888,3.7690,0,1,0,0,0,20,20,0,0,0,0,0,1000.000
34250,0.5888,3.7690,149.61,0.5888,3.7690,0,1,0,0,0,20,20,0,0,0,0,0,1000.000
34260,0.5888,3.7690,149.66,0.5888,3.7690,0,1,0,0,0,20,20,0,0,0,0,0,1000.000
34270,0.5888,3.7690,149.71,0.5888,3.7690,0,1,0,0,0,20,20,0,0,0,0,0,1000.000
34280,0.5888,3.7690,149.75,0.5888,3.7690,0,1,0,0,0,20,20,0,0,0,0,0,1000.000
34290,0.5888,3.7690,149.80,0.5888,3.7690,0,1,0,0,0,20,20,0,0,0,0,0,1000.000
34300,0.5888,3.7690,149.85,0.5888,3.7690,0,1,0,0,0,20,20,0,0,0,0,0,1000.000
34310,0.5888,3.7690,149.90,0.5888,3.7690,0,1,0,0,0,20,20,0,0,0,0,0,1000.000
34320,0.5888,3.7690,149.94,0.5888,3.7690,0,1,0,0,0,20,20,0,0,0,0,0,1000.000
34330,0.5888,3.7690,149.98,0.5888,3.7690,0,1,0,0,0,20,20,0,0,0,0,0,1000.000
34340,0.5888,3.7690,150.04,0.5888,3.7690,0,1,0,0,0,20,20,0,0,0,0,0,1000.000
34350,0.5888,3.7690,150.07,0.5888,3.7690,0,1,0,0,0,20,20,0,0,0,0,0,1000.000
34360,0.5888,3.7690,150.11,0.5888,3.7690,0,1,0,0,0,20,20,0,0,0,0,0,1000.000
34370,0.5888,3.7690,150.16,0.5888,3.7690,0,1,0,0,0,20,20,0,0,0,0,0,1000.000
34380,0.5888,3.7690,150.21,0.5888,3.7690,0,1,0,0,0,20,20,0,0,0,0,0,1000.000
34390,0.5888,3.7690,150.26,0.5888,3.7690,0,1,0,0,0,20,20,0,0,0,0,0,1000.000
34400,0.5888,3.7690,150.29,0.5888,3.7690,0,1,0,0,0,20,20,0,0,0,0,0,1000.000
34410,0.5888,3.7690,150.33,0.5888,3.7690,0,1,0,0,0,20,20,0,0,0,0,0,1000.000
34420,0.5888,3.7690,150.39,0.5888,3.7690,0,1,0,0,0,20,20,0,0,0,0,0,1000.000
34430,0.5888,3.7690,150.43,0.5888,3.7690,0,1,0,0,0,20,20,0,0,0,0,0,1000.000
34440,0.5888,3.7690,150.47,0.5888,3.7690,0,1,0,0,0,20,20,0,0,0,0,0,1000.000
34450,0.5888,3.7690,150.52,0.5888,3.7690,0,1,0,0,0,20,20,0,0,0,0,0,1000.000
34460,0.5888,3.7690,150.56,0.5888,3.7690,0,1,0,0,0,20,20,0,0,0,0,0,1000.000
34470,0.5888,3.7690,150.61,0.5888,3.7690,0,1,0,0,0,20,20,0,0,0,0,0,1000.000
34480,0.5888,3.7690,150.65,0.5888,3.7690,0,1,0,0,0,20,20,0,0,0,0,0,1000.000
34490,0.5888,3.7690,150.69,0.5888,3.7690,0,1,0,0,0,20,20,0,0,0,0,0,1000.000
34500,0.5888,3.7690,150.74,0.5888,3.7690,0,1,0,0,0,20,20,0,0,0,0,0,1000.000
34510,0.5888,3.7690,150.78,0.5888,3.7690,0,1,0,0,0,20,20,0,0,0,0,0,1000.000
34520,0.5888,3.7690,150.83,0.5888,3.7690,0,1,0,0,0,20,20,0,0,0,0,0,1000.000
34530,0.5888,3.7690,150.88,0.5888,3.7690,0,1,0,0,0,20,20,0,0,0,0,0,1000.000
34540,0.5888,3.7690,150.92,0.5888,3.7690,0,1,0,0,0,20,20,0,0,0,0,0,1000.000
34550,0.5888,3.7690,150.95,0.5888,3.7690,0,1,0,0,0,20,20,0,0,0,0,0,1000.000
34560,0.5888,3.7690,151.01,0.5888,3.7690,0,1,0,0,0,20,20,0,0,0,0,0,1000.000
34570,0.5888,3.7690,151.05,0.5888,3.7690,0,1,0,0,0,20,20,0,0,0,0,0,1000.000
34580,0.5888,3.7690,151.09,0.5888,3.7690,0,1,0,0,0,20,20,0,0,0,0,0,1000.000
34590,0.5888,3.7690,151.15,0.5888,3.7690,0,1,0,0,0,20,20,0,0,0,0,0,1000.000
34600,0.5888,3.7690,151.19,0.5888,3.7690,0,1,0,0,0,20,20,0,0,0,0,0,1000.000
34610,0.5888,3.7690,151.22,0.5888,3.7690,0,1,0,0,0,20,20,0,0,0,0,0,1000.000
34620,0.5888,3.7690,151.27,0.5888,3.7690,0,1,0,0,0,20,20,0,0,0,0,0,1000.000
34630,0.5888,3.7690,151.31,0.5888,3.7690,0,1,0,0,0,20,20,0,0,0,0,0,1000.000
34640,0.5888,3.7690,151.35,0.5888,3.7690,0,1,0,0,0,20,20,0,0,0,0,0,1000.000
34650,0.5888,3.7690,151.40,0.5888,3.7690,0,1,0,0,0,20,20,0,0,0,0,0,1000.000
34660,0.5888,3.7690,151.44,0.5888,3.7690,0,1,0,0,0,20,20,0,0,0,0,0,1000.000
34670,0.5888,3.7690,151.47,0.5888,3.7690,0,1,0,0,0,20,20,0,0,0,0,0,1000.000
34680,0.5888,3.7690,151.53,0.5888,3.7690,0,1,0,0,0,20,20,0,0,0,0,0,1000.000
34690,0.5888,3.7690,151.57,0.5888,3.7690,0,1,0,0,0,20,20,0,0,0,0,0,1000.000
34700,0.5888,3.7690,151.60,0.5888,3.7690,0,1,0,0,0,20,20,0,0,0,0,0,1000.000
34710,0.5888,3.7690,151.65,0.5888,3.7690,0,1,0,0,0,20,20,0,0,0,0,0,1000.000
34720,0.5888,3.7690,151.69,0.5888,3.7690,0,1,0,0,0,20,20,0,0,0,0,0,1000.000
34730,0.5888,3.7690,151.73,0.5888,3.7690,0,1,0,0,0,20,20,0,0,0,0,0,1000.000
34740,0.5888,3.7690,151.78,0.5888,3.7690,0,1,0,0,0,20,20,0,0,0,0,0,1000.000
34750,0.5888,3.7690,151.82,0.5888,3.7690,0,1,0,0,0,20,20,0,0,0,0,0,1000.000
34760,0.5888,3.7690,151.86,0.5888,3.7690,0,1,0,0,0,20,20,0,0,0,0,0,1000.000
34770,0.5888,3.7690,151.91,0.5888,3.7690,0,1,0,0,0,20,20,0,0,0,0,0,1000.000
34780,0.5888,3.7690,151.95,0.5888,3.7690,0,1,0,0,0,20,20,0,0,0,0,0,1000.000
34790,0.5888,3.7690,151.98,0.5888,3.7690,0,1,0,0,0,20,20,0,0,0,0,0,1000.000
34800,0.5888,3.7690,152.04,0.5888,3.7690,0,1,0,0,0,20,20,0,0,0,0,0,1000.000
34810,0.5888,3.7690,152.08,0.5888,3.7690,0,1,0,0,0,20,20,0,0,0,0,0,1000.000
34820,0.5888,3.7690,152.11,0.5888,3.7690,0,1,0,0,0,20,20,0,0,0,0,0,1000.000
34830,0.5888,3.7690,152.16,0.5888,3.7690,0,1,0,0,0,20,20,0,0,0,0,0,1000.000
34840,0.5888,3.7690,152.20,0.5888,3.7690,0,1,0,0,0,20,20,0,0,0,0,0,1000.000
34850,0.5888,3.7690,152.24,0.5888,3.7690,0,1,0,0,0,20,20,0,0,0,0,0,1000.000
34860,0.5888,3.7690,152.29,0.5888,3.7690,0,1,0,0,0,20,20,0,0,0,0,0,1000.000
34870,0.5888,3.7690,152.33,0.5888,3.7690,0,1,0,0,0,20,20,0,0,0,0,0,1000.000
34880,0.5888,3.7690,152.36,0.5888,3.7690,0,1,0,0,0,20,20,0,0,0,0,0,1000.000
34890,0.5888,3.7690,152.42,0.5888,3.7690,0,1,0,0,0,20,20,0,0,0,0,0,1000.000
34900,0.5888,3.7690,152.46,0.5888,3.7690,0,1,0,0,0,20,20,0,0,0,0,0,1000.000
34910,0.5888,3.7690,152.49,0.5888,3.7690,0,1,0,0,0,20,20,0,0,0,0,0,1000.000
34920,0.5888,3.7690,152.54,0.5888,3.7690,0,1,0,0,0,20,20,0,0,0,0,0,1000.000
34930,0.5888,3.7690,152.59,0.5888,3.7690,0,1,0,0,0,20,20,0,0,0,0,0,1000.000
34940,0.5888,3.7690,152.62,0.5888,3.7690,0,1,0,0,0,20,20,0,0,0,0,0,1000.000
34950,0.5888,3.7690,152.67,0.5888,3.7690,0,1,0,0,0,20,20,0,0,0,0,0,1000.000
34960,0.5888,3.7690,152.71,0.5888,3.7690,0,1,0,0,0,20,20,0,0,0,0,0,1000.000
34970,0.5888,3.7690,152.75,0.5888,3.7690,0,1,0,0,0,20,20,0,0,0,0,0,1000.000
34980,0.5888,3.7690,152.80,0.5888,3.7690,0,1,0,0,0,20,20,0,0,0,0,0,1000.000
34990,0.5888,3.7690,152.84,0.5888,3.7690,0,1,0,0,0,20,20,0,0,0,0,0,1000.000
35000,0.5888,3.7690,152.87,0.5888,3.7690,0,1,0,0,0,20,20,0,0,0,0,0,1000.000
35010,0.5888,3.7690,152.93,0.5888,3.7690,0,1,0,0,0,20,20,0,0,0,0,0,1000.000
35020,0.5888,3.7690,152.97,0.5888,3.7690,0,1,0,0,0,20,20,0,0,0,0,0,1000.000
35030,0.5888,3.7690,153.00,0.5888,3.7690,0,1,0,0,0,20,20,0,0,0,0,0,1000.000
35040,0.5888,3.7690,153.05,0.5888,3.7690,0,1,0,0,0,20,20,0,0,0,0,0,1000.000
35050,0.5888,3.7690,153.09,0.5888,3.7690,0,1,0,0,0,20,20,0,0,0,0,0,1000.000
35060,0.5888,3.7690,153.13,0.5888,3.7690,0,1,0,0,0,20,20,0,0,0,0,0,1000.000
35070,0.5888,3.7690,153.17,0.5888,3.7690,0,1,0,0,0,20,20,0,0,0,0,0,1000.000
35080,0.5888,3.7690,153.21,0.5888,3.7690,0,1,0,0,0,20,20,0,0,0,0,0,1000.000
35090,0.5888,3.7690,153.24,0.5888,3.7690,0,1,0,0,0,20,20,0,0,0,0,0,1000.000
35100,0.5888,3.7690,153.30,0.5888,3.7690,0,1,0,0,0,20,20,0,0,0,0,0,1000.000
35110,0.5888,3.7690,153.34,0.5888,3.7690,0,1,0,0,0,20,20,0,0,0,0,0,1000.000
35120,0.5888,3.7690,153.37,0.5888,3.7690,0,1,0,0,0,20,20,0,0,0,0,0,1000.000
35130,0.5888,3.7690,153.41,0.5888,3.7690,0,1,0,0,0,20,20,0,0,0,0,0,1000.000
35140,0.5888,3.7690,153.45,0.5888,3.7690,0,1,0,0,0,20,20,0,0,0,0,0,1000.000
35150,0.5888,3.7690,153.49,0.5888,3.7690,0,1,0,0,0,20,20,0,0,0,0,0,1000.000
35160,0.5888,3.7690,153.54,0.5888,3.7690,0,1,0,0,0,20,20,0,0,0,0,0,1000.000
35170,0.5888,3.7690,153.58,0.5888,3.7690,0,1,0,0,0,20,20,0,0,0,0,0,1000.000
35180,0.5888,3.7690,153.62,0.5888,3.7690,0,1,0,0,0,20,20,0,0,0,0,0,1000.000
35190,0.5888,3.7690,153.66,0.5888,3.7690,0,1,0,0,0,20,20,0,0,0,0,0,1000.000
35200,0.5888,3.7690,153.70,0.5888,3.7690,0,1,0,0,0,20,20,0,0,0,0,0,1000.000
35210,0.5888,3.7690,153.73,0.5888,3.7690,0,1,0,0,0,20,20,0,0,0,0,0,1000.000
35220,0.5888,3.7690,153.78,0.5888,3.7690,0,1,0,0,0,20,20,0,0,0,0,0,1000.000
35230,0.5888,3.7690,153.82,0.5888,3.7690,0,1,0,0,0,20,20,0,0,0,0,0,1000.000
35240,0.5888,3.7690,153.85,0.5888,3.7690,0,1,0,0,0,20,20,0,0,0,0,0,1000.000
35250,0.5888,3.7690,153.88,0.5888,3.7690,0,1,0,0,0,20,20,0,0,0,0,0,1000.000
35260,0.5888,3.7690,153.93,0.5888,3.7690,0,1,0,0,0,20,20,0,0,0,0,0,1000.000
35270,0.5888,3.7690,153.97,0.5888,3.7690,0,1,0,0,0,20,20,0,0,0,0,0,1000.000
35280,0.5888,3.7690,154.01,0.5888,3.7690,0,1,0,0,0,20,20,0,0,0,0,0,1000.000
35290,0.5888,3.7690,154.05,0.5888,3.7690,0,1,0,0,0,20,20,0,0,0,0,0,1000.000
35300,0.5888,3.7690,154.09,0.5888,3.7690,0,1,0,0,0,20,20,0,0,0,0,0,1000.000
35310,0.5888,3.7690,154.12,0.5888,3.7690,0,1,0,0,0,20,20,0,0,0,0,0,1000.000
35320,0.5888,3.7690,154.18,0.5888,3.7690,0,1,0,0,0,20,20,0,0,0,0,0,1000.000
35330,0.5888,3.7690,154.22,0.5888,3.7690,0,1,0,0,0,20,20,0,0,0,0,0,1000.000
35340,0.5888,3.7690,154.25,0.5888,3.7690,0,1,0,0,0,20,20,0,0,0,0,0,1000.000
35350,0.5888,3.7690,154.29,0.5888,3.7690,0,1,0,0,0,20,20,0,0,0,0,0,1000.000
35360,0.5888,3.7690,154.32,0.5888,3.7690,0,1,0,0,0,20,20,0,0,0,0,0,1000.000
35370,0.5888,3.7690,154.38,0.5888,3.7690,0,1,0,0,0,20,20,0,0,0,0,0,1000.000
35380,0.5888,3.7690,154.42,0.5888,3.7690,0,1,0,0,0,20,20,0,0,0,0,0,1000.000
35390,0.5888,3.7690,154.44,0.5888,3.7690,0,1,0,0,0,20,20,0,0,0,0,0,1000.000
35400,0.5888,3.7690,154.47,0.5888,3.7690,0,1,0,0,0,20,20,0,0,0,0,0,1000.000
35410,0.5888,3.7690,154.53,0.5888,3.7690,0,1,0,0,0,20,20,0,0,0,0,0,1000.000
35420,0.5888,3.7690,154.57,0.5888,3.7690,0,1,0,0,0,20,20,0,0,0,0,0,1000.000
35430,0.5888,3.7690,154.60,0.5888,3.7690,0,1,0,0,0,20,20,0,0,0,0,0,1000.000
35440,0.5888,3.7690,154.64,0.5888,3.7690,0,1,0,0,0,20,20,0,0,0,0,0,1000.000
35450,0.5888,3.7690,154.67,0.5888,3.7690,0,1,0,0,0,20,20,0,0,0,0,0,1000.000
35460,0.5888,3.7690,154.71,0.5888,3.7690,0,1,0,0,0,20,20,0,0,0,0,0,1000.000
35470,0.5888,3.7690,154.75,0.5888,3.7690,0,1,0,0,0,20,20,0,0,0,0,0,1000.000
35480,0.5888,3.7690,154.79,0.5888,3.7690,0,1,0,0,0,20,20,0,0,0,0,0,1000.000
35490,0.5888,3.7690,154.83,0.5888,3.7690,0,1,0,0,0,20,20,0,0,0,0,0,1000.000
35500,0.5888,3.7690,154.86,0.5888,3.7690,0,1,0,0,0,20,20,0,0,0,0,0,1000.000
35510,0.5888,3.7690,154.90,0.5888,3.7690,0,1,0,0,0,20,20,0,0,0,0,0,1000.000
35520,0.5888,3.7690,154.94,0.5888,3.7690,0,1,0,0,0,20,20,0,0,0,0,0,1000.000
35530,0.5888,3.7690,154.98,0.5888,3.7690,0,1,0,0,0,20,20,0,0,0,0,0,1000.000
35540,0.5888,3.7690,155.02,0.5888,3.7690,0,1,0,0,0,20,20,0,0,0,0,0,1000.000
35550,0.5888,3.7690,155.05,0.5888,3.7690,0,1,0,0,0,20,20,0,0,0,0,0,1000.000
35560,0.5888,3.7690,155.09,0.5888,3.7690,0,1,0,0,0,20,20,0,0,0,0,0,1000.000
35570,0.5888,3.7690,155.13,0.5888,3.7690,0,1,0,0,0,20,20,0,0,0,0,0,1000.000
35580,0.5888,3.7690,155.17,0.5888,3.7690,0,1,0,0,0,20,20,0,0,0,0,0,1000.000
35590,0.5888,3.7690,155.20,0.5888,3.7690,0,1,0,0,0,20,20,0,0,0,0,0,1000.000
35600,0.5888,3.7690,155.24,0.5888,3.7690,0,1,0,0,0,20,20,0,0,0,0,0,1000.000
35610,0.5888,3.7690,155.28,0.5888,3.7690,0,1,0,0,0,20,20,0,0,0,0,0,1000.000
35620,0.5888,3.7690,155.32,0.5888,3.7690,0,1,0,0,0,20,20,0,0,0,0,0,1000.000
35630,0.5888,3.7690,155.35,0.5888,3.7690,0,1,0,0,0,20,20,0,0,0,0,0,1000.000
35640,0.5888,3.7690,155.39,0.5888,3.7690,0,1,0,0,0,20,20,0,0,0,0,0,1000.000
35650,0.5888,3.7690,155.42,0.5888,3.7690,0,1,0,0,0,20,20,0,0,0,0,0,1000.000
35660,0.5888,3.7690,155.46,0.5888,3.7690,0,1,0,0,0,20,20,0,0,0,0,0,1000.000
35670,0.5888,3.7690,155.50,0.5888,3.7690,0,1,0,0,0,20,20,0,0,0,0,0,1000.000
35680,0.5888,3.7690,155.54,0.5888,3.7690,0,1,0,0,0,20,20,0,0,0,0,0,1000.000
35690,0.5888,3.7690,155.57,0.5888,3.7690,0,1,0,0,0,20,20,0,0,0,0,0,1000.000
35700,0.5888,3.7690,155.61,0.5888,3.7690,0,1,0,0,0,20,20,0,0,0,0,0,1000.000
35710,0.5888,3.7690,155.65,0.5888,3.7690,0,1,0,0,0,20,20,0,0,0,0,0,1000.000
35720,0.5888,3.7690,155.69,0.5888,3.7690,0,1,0,0,0,20,20,0,0,0,0,0,1000.000
35730,0.5888,3.7690,155.72,0.5888,3.7690,0,1,0,0,0,20,20,0,0,0,0,0,1000.000
35740,0.5888,3.7690,155.76,0.5888,3.7690,0,1,0,0,0,20,20,0,0,0,0,0,1000.000
35750,0.5888,3.7690,155.79,0.5888,3.7690,0,1,0,0,0,20,20,0,0,0,0,0,1000.000
35760,0.5888,3.7690,155.83,0.5888,3.7690,0,1,0,0,0,20,20,0,0,0,0,0,1000.000
35770,0.5888,3.7690,155.87,0.5888,3.7690,0,1,0,0,0,20,20,0,0,0,0,0,1000.000
35780,0.5888,3.7690,155.91,0.5888,3.7690,0,1,0,0,0,20,20,0,0,0,0,0,1000.000
35790,0.5888,3.7690,155.94,0.5888,3.7690,0,1,0,0,0,20,20,0,0,0,0,0,1000.000
35800,0.5888,3.7690,155.98,0.5888,3.7690,0,1,0,0,0,20,20,0,0,0,0,0,1000.000
35810,0.5888,3.7690,156.02,0.5888,3.7690,0,1,0,0,0,20,20,0,0,0,0,0,1000.000
35820,0.5888,3.7690,156.06,0.5888,3.7690,0,1,0,0,0,20,20,0,0,0,0,0,1000.000
35830,0.5888,3.7690,156.09,0.5888,3.7690,0,1,0,0,0,20,20,0,0,0,0,0,1000.000
35840,0.5888,3.7690,156.13,0.5888,3.7690,0,1,0,0,0,20,20,0,0,0,0,0,1000.000
35850,0.5888,3.7690,156.16,0.5888,3.7690,0,1,0,0,0,20,20,0,0,0,0,0,1000.000
35860,0.5888,3.7690,156.20,0.5888,3.7690,0,1,0,0,0,20,20,0,0,0,0,0,1000.000
35870,0.5888,3.7690,156.24,0.5888,3.7690,0,1,0,0,0,20,20,0,0,0,0,0,1000.000
35880,0.5888,3.7690,156.28,0.5888,3.7690,0,1,0,0,0,20,20,0,0,0,0,0,1000.000
35890,0.5888,3.7690,156.30,0.5888,3.7690,0,1,0,0,0,20,20,0,0,0,0,0,1000.000
35900,0.5888,3.7690,156.33,0.5888,3.7690,0,1,0,0,0,20,20,0,0,0,0,0,1000.000
35910,0.5888,3.7690,156.39,0.5888,3.7690,0,1,0,0,0,20,20,0,0,0,0,0,1000.000
35920,0.5888,3.7690,156.43,0.5888,3.7690,0,1,0,0,0,20,20,0,0,0,0,0,1000.000
35930,0.5888,3.7690,156.45,0.5888,3.7690,0,1,0,0,0,20,20,0,0,0,0,0,1000.000
35940,0.5888,3.7690,156.48,0.5888,3.7690,0,1,0,0,0,20,20,0,0,0,0,0,1000.000
35950,0.5888,3.7690,156.52,0.5888,3.7690,0,1,0,0,0,20,20,0,0,0,0,0,1000.000
35960,0.5888,3.7690,156.55,0.5888,3.7690,0,1,0,0,0,20,20,0,0,0,0,0,1000.000
35970,0.5888,3.7690,156.59,0.5888,3.7690,0,1,0,0,0,20,20,0,0,0,0,0,1000.000
35980,0.5888,3.7690,156.63,0.5888,3.7690,0,1,0,0,0,20,20,0,0,0,0,0,1000.000
35990,0.5888,3.7690,156.67,0.5888,3.7690,0,1,0,0,0,20,20,0,0,0,0,0,1000.000
36000,0.5888,3.7690,156.70,0.5888,3.7690,0,1,0,0,0,20,20,0,0,0,0,0,1000.000
36010,0.5888,3.7690,156.73,0.5888,3.7690,0,1,0,0,0,20,20,0,0,0,0,0,1000.000
36020,0.5888,3.7690,156.77,0.5888,3.7690,0,1,0,0,0,20,20,0,0,0,0,0,1000.000
36030,0.5888,3.7690,156.81,0.5888,3.7690,0,1,0,0,0,20,20,0,0,0,0,0,1000.000
36040,0.5888,3.7690,156.85,0.5888,3.7690,0,1,0,0,0,20,20,0,0,0,0,0,1000.000
36050,0.5888,3.7690,156.88,0.5888,3.7690,0,1,0,0,0,20,20,0,0,0,0,0,1000.000
36060,0.5888,3.7690,156.91,0.5888,3.7690,0,1,0,0,0,20,20,0,0,0,0,0,1000.000
36070,0.5888,3.7690,156.95,0.5888,3.7690,0,1,0,0,0,20,20,0,0,0,0,0,1000.000
36080,0.5888,3.7690,156.97,0.5888,3.7690,0,1,0,0,0,20,20,0,0,0,0,0,1000.000
36090,0.5888,3.7690,157.01,0.5888,3.7690,0,1,0,0,0,20,20,0,0,0,0,0,1000.000
36100,0.5888,3.7690,157.05,0.5888,3.7690,0,1,0,0,0,20,20,0,0,0,0,0,1000.000
36110,0.5888,3.7690,157.08,0.5888,3.7690,0,1,0,0,0,20,20,0,0,0,0,0,1000.000
36120,0.5888,3.7690,157.12,0.5888,3.7690,0,1,0,0,0,20,20,0,0,0,0,0,1000.000
36130,0.5888,3.7690,157.14,0.5888,3.7690,0,1,0,0,0,20,20,0,0,0,0,0,1000.000
36140,0.5888,3.7690,157.18,0.5888,3.7690,0,1,0,0,0,20,20,0,0,0,0,0,1000.000
36150,0.5888,3.7690,157.22,0.5888,3.7690,0,1,0,0,0,20,20,0,0,0,0,0,1000.000
36160,0.5888,3.7690,157.25,0.5888,3.7690,0,1,0,0,0,20,20,0,0,0,0,0,1000.000
36170,0.5888,3.7690,157.29,0.5888,3.7690,0,1,0,0,0,20,20,0,0,0,0,0,1000.000
36180,0.5888,3.7690,157.31,0.5888,3.7690,0,1,0,0,0,20,20,0,0,0,0,0,1000.000
36190,0.5888,3.7690,157.35,0.5888,3.7690,0,1,0,0,0,20,20,0,0,0,0,0,1000.000
36200,0.5888,3.7690,157.39,0.5888,3.7690,0,1,0,0,0,20,20,0,0,0,0,0,1000.000
36210,0.5888,3.7690,157.42,0.5888,3.7690,0,1,0,0,0,20,20,0,0,0,0,0,1000.000
36220,0.5888,3.7690,157.46,0.5888,3.7690,0,1,0,0,0,20,20,0,0,0,0,0,1000.000
36230,0.5888,3.7690,157.48,0.5888,3.7690,0,1,0,0,0,20,20,0,0,0,0,0,1000.000
36240,0.5888,3.7690,157.51,0.5888,3.7690,0,1,0,0,0,20,20,0,0,0,0,0,1000.000
36250,0.5888,3.7690,157.55,0.5888,3.7690,0,1,0,0,0,20,20,0,0,0,0,0,1000.000
36260,0.5888,3.7690,157.59,0.5888,3.7690,0,1,0,0,0,20,20,0,0,0,0,0,1000.000
36270,0.5888,3.7690,157.62,0.5888,3.7690,0,1,0,0,0,20,20,0,0,0,0,0,1000.000
36280,0.5888,3.7690,157.66,0.5888,3.7690,0,1,0,0,0,20,20,0,0,0,0,0,1000.000
36290,0.5888,3.7690,157.68,0.5888,3.7690,0,1,0,0,0,20,20,0,0,0,0,0,1000.000
36300,0.5888,3.7690,157.71,0.5888,3.7690,0,1,0,0,0,20,20,0,0,0,0,0,1000.000
36310,0.5888,3.7690,157.75,0.5888,3.7690,0,1,0,0,0,20,20,0,0,0,0,0,1000.000
36320,0.5888,3.7690,157.79,0.5888,3.7690,0,1,0,0,0,20,20,0,0,0,0,0,1000.000
36330,0.5888,3.7690,157.82,0.5888,3.7690,0,1,0,0,0,20,20,0,0,0,0,0,1000.000
36340,0.5888,3.7690,157.86,0.5888,3.7690,0,1,0,0,0,20,20,0,0,0,0,0,1000.000
36350,0.5888,3.7690,157.88,0.5888,3.7690,0,1,0,0,0,20,20,0,0,0,0,0,1000.000
36360,0.5888,3.7690,157.92,0.5888,3.7690,0,1,0,0,0,20,20,0,0,0,0,0,1000.000
36370,0.5888,3.7690,157.95,0.5888,3.7690,0,1,0,0,0,20,20,0,0,0,0,0,1000.000
36380,0.5888,3.7690,157.99,0.5888,3.7690,0,1,0,0,0,20,20,0,0,0,0,0,1000.000
36390,0.5888,3.7690,158.02,0.5888,3.7690,0,1,0,0,0,20,20,0,0,0,0,0,1000.000
36400,0.5888,3.7690,158.06,0.5888,3.7690,0,1,0,0,0,20,20,0,0,0,0,0,1000.000
36410,0.5888,3.7690,158.08,0.5888,3.7690,0,1,0,0,0,20,20,0,0,0,0,0,1000.000
36420,0.5888,3.7690,158.12,0.5888,3.7690,0,1,0,0,0,20,20,0,0,0,0,0,1000.000
36430,0.5888,3.7690,158.16,0.5888,3.7690,0,1,0,0,0,20,20,0,0,0,0,0,1000.000
36440,0.5888,3.7690,158.18,0.5888,3.7690,0,1,0,0,0,20,20,0,0,0,0,0,1000.000
36450,0.5888,3.7690,158.21,0.5888,3.7690,0,1,0,0,0,20,20,0,0,0,0,0,1000.000
36460,0.5888,3.7690,158.25,0.5888,3.7690,0,1,0,0,0,20,20,0,0,0,0,0,1000.000
36470,0.5888,3.7690,158.27,0.5888,3.7690,0,1,0,0,0,20,20,0,0,0,0,0,1000.000
36480,0.5888,3.7690,158.30,0.5888,3.7690,0,1,0,0,0,20,20,0,0,0,0,0,1000.000
36490,0.5888,3.7690,158.34,0.5888,3.7690,0,1,0,0,0,20,20,0,0,0,0,0,1000.000
36500,0.5888,3.7690,158.37,0.5888,3.7690,0,1,0,0,0,20,20,0,0,0,0,0,1000.000
36510,0.5888,3.7690,158.40,0.5888,3.7690,0,1,0,0,0,20,20,0,0,0,0,0,1000.000
36520,0.5888,3.7690,158.44,0.5888,3.7690,0,1,0,0,0,20,20,0,0,0,0,0,1000.000
36530,0.5888,3.7690,158.46,0.5888,3.7690,0,1,0,0,0,20,20,0,0,0,0,0,1000.000
36540,0.5888,3.7690,158.49,0.5888,3.7690,0,1,0,0,0,20,20,0,0,0,0,0,1000.000
36550,0.5888,3.7690,158.53,0.5888,3.7690,0,1,0,0,0,20,20,0,0,0,0,0,1000.000
36560,0.5888,3.7690,158.56,0.5888,3.7690,0,1,0,0,0,20,20,0,0,0,0,0,1000.000
36570,0.5888,3.7690,158.59,0.5888,3.7690,0,1,0,0,0,20,20,0,0,0,0,0,1000.000
36580,0.5888,3.7690,158.63,0.5888,3.7690,0,1,0,0,0,20,20,0,0,0,0,0,1000.000
36590,0.5888,3.7690,158.65,0.5888,3.7690,0,1,0,0,0,20,20,0,0,0,0,0,1000.000
36600,0.5888,3.7690,158.68,0.5888,3.7690,0,1,0,0,0,20,20,0,0,0,0,0,1000.000
36610,0.5888,3.7690,158.72,0.5888,3.7690,0,1,0,0,0,20,20,0,0,0,0,0,1000.000
36620,0.5888,3.7690,158.74,0.5888,3.7690,0,1,0,0,0,20,20,0,0,0,0,0,1000.000
36630,0.5888,3.7690,158.78,0.5888,3.7690,0,1,0,0,0,20,20,0,0,0,0,0,1000.000
36640,0.5888,3.7690,158.82,0.5888,3.7690,0,1,0,0,0,20,20,0,0,0,0,0,1000.000
36650,0.5888,3.7690,158.84,0.5888,3.7690,0,1,0,0,0,20,20,0,0,0,0,0,1000.000
36660,0.5888,3.7690,158.87,0.5888,3.7690,0,1,0,0,0,20,20,0,0,0,0,0,1000.000
36670,0.5888,3.7690,158.91,0.5888,3.7690,0,1,0,0,0,20,20,0,0,0,0,0,1000.000
36680,0.5888,3.7690,158.93,0.5888,3.7690,0,1,0,0,0,20,20,0,0,0,0,0,1000.000
36690,0.5888,3.7690,158.97,0.5888,3.7690,0,1,0,0,0,20,20,0,0,0,0,0,1000.000
36700,0.5888,3.7690,159.01,0.5888,3.7690,0,1,0,0,0,20,20,0,0,0,0,0,1000.000
36710,0.5888,3.7690,159.03,0.5888,3.7690,0,1,0,0,0,20,20,0,0,0,0,0,1000.000
36720,0.5888,3.7690,159.06,0.5888,3.7690,0,1,0,0,0,20,20,0,0,0,0,0,1000.000
36730,0.5888,3.7690,159.10,0.5888,3.7690,0,1,0,0,0,20,20,0,0,0,0,0,1000.000
36740,0.5888,3.7690,159.12,0.5888,3.7690,0,1,0,0,0,20,20,0,0,0,0,0,1000.000
36750,0.5888,3.7690,159.16,0.5888,3.7690,0,1,0,0,0,20,20,0,0,0,0,0,1000.000
36760,0.5888,3.7690,159.20,0.5888,3.7690,0,1,0,0,0,20,20,0,0,0,0,0,1000.000
36770,0.5888,3.7690,159.22,0.5888,3.7690,0,1,0,0,0,20,20,0,0,0,0,0,1000.000
36780,0.5888,3.7690,159.25,0.5888,3.7690,0,1,0,0,0,20,20,0,0,0,0,0,1000.000
36790,0.5888,3.7690,159.29,0.5888,3.7690,0,1,0,0,0,20,20,0,0,0,0,0,1000.000
36800,0.5888,3.7690,159.31,0.5888,3.7690,0,1,0,0,0,20,20,0,0,0,0,0,1000.000
36810,0.5888,3.7690,159.35,0.5888,3.7690,0,1,0,0,0,20,20,0,0,0,0,0,1000.000
36820,0.5888,3.7690,159.39,0.5888,3.7690,0,1,0,0,0,20,20,0,0,0,0,0,1000.000
36830,0.5888,3.7690,159.41,0.5888,3.7690,0,1,0,0,0,20,20,0,0,0,0,0,1000.000
36840,0.5888,3.7690,159.44,0.5888,3.7690,0,1,0,0,0,20,20,0,0,0,0,0,1000.000
36850,0.5888,3.7690,159.48,0.5888,3.7690,0,1,0,0,0,20,20,0,0,0,0,0,1000.000
36860,0.5888,3.7690,159.50,0.5888,3.7690,0,1,0,0,0,20,20,0,0,0,0,0,1000.000
36870,0.5888,3.7690,159.54,0.5888,3.7690,0,1,0,0,0,20,20,0,0,0,0,0,1000.000
36880,0.5888,3.7690,159.58,0.5888,3.7690,0,1,0,0,0,20,20,0,0,0,0,0,1000.000
36890,0.5888,3.7690,159.60,0.5888,3.7690,0,1,0,0,0,20,20,0,0,0,0,0,1000.000
36900,0.5888,3.7690,159.63,0.5888,3.7690,0,1,0,0,0,20,20,0,0,0,0,0,1000.000
36910,0.5888,3.7690,159.67,0.5888,3.7690,0,1,0,0,0,20,20,0,0,0,0,0,1000.000
36920,0.5888,3.7690,159.69,0.5888,3.7690,0,1,0,0,0,20,20,0,0,0,0,0,1000.000
36930,0.5888,3.7690,159.73,0.5888,3.7690,0,1,0,0,0,20,20,0,0,0,0,0,1000.000
36940,0.5888,3.7690,159.77,0.5888,3.7690,0,1,0,0,0,20,20,0,0,0,0,0,1000.000
36950,0.5888,3.7690,159.79,0.5888,3.7690,0,1,0,0,0,20,20,0,0,0,0,0,1000.000
36960,0.5888,3.7690,159.82,0.5888,3.7690,0,1,0,0,0,20,20,0,0,0,0,0,1000.000
36970,0.5888,3.7690,159.86,0.5888,3.7690,0,1,0,0,0,20,20,0,0,0,0,0,1000.000
36980,0.5888,3.7690,159.88,0.5888,3.7690,0,1,0,0,0,20,20,0,0,0,0,0,1000.000
36990,0.5888,3.7690,159.91,0.5888,3.7690,0,1,0,0,0,20,20,0,0,0,0,0,1000.000
37000,0.5888,3.7690,159.95,0.5888,3.7690,0,1,0,0,0,20,20,0,0,0,0,0,1000.000
37010,0.5888,3.7690,159.98,0.5888,3.7690,0,1,0,0,0,20,20,0,0,0,0,0,1000.000
37020,0.5888,3.7690,160.01,0.5888,3.7690,0,1,0,0,0,20,20,0,0,0,0,0,1000.000
37030,0.5888,3.7690,160.05,0.5888,3.7690,0,1,0,0,0,20,20,0,0,0,0,0,1000.000
37040,0.5888,3.7690,160.07,0.5888,3.7690,0,1,0,0,0,20,20,0,0,0,0,0,1000.000
37050,0.5888,3.7690,160.10,0.5888,3.7690,0,1,0,0,0,20,20,0,0,0,0,0,1000.000
37060,0.5888,3.7690,160.13,0.5888,3.7690,0,1,0,0,0,20,20,0,0,0,0,0,1000.000
37070,0.5888,3.7690,160.15,0.5888,3.7690,0,1,0,0,0,20,20,0,0,0,0,0,1000.000
37080,0.5888,3.7690,160.19,0.5888,3.7690,0,1,0,0,0,20,20,0,0,0,0,0,1000.000
37090,0.5888,3.7690,160.23,0.5888,3.7690,0,1,0,0,0,20,20,0,0,0,0,0,1000.000
37100,0.5888,3.7690,160.25,0.5888,3.7690,0,1,0,0,0,20,20,0,0,0,0,0,1000.000
37110,0.5888,3.7690,160.28,0.5888,3.7690,0,1,0,0,0,20,20,0,0,0,0,0,1000.000
37120,0.5888,3.7690,160.31,0.5888,3.7690,0,1,0,0,0,20,20,0,0,0,0,0,1000.000
37130,0.5888,3.7690,160.33,0.5888,3.7690,0,1,0,0,0,20,20,0,0,0,0,0,1000.000
37140,0.5888,3.7690,160.37,0.5888,3.7690,0,1,0,0,0,20,20,0,0,0,0,0,1000.000
37150,0.5888,3.7690,160.41,0.5888,3.7690,0,1,0,0,0,20,20,0,0,0,0,0,1000.000
37160,0.5888,3.7690,160.43,0.5888,3.7690,0,1,0,0,0,20,20,0,0,0,0,0,1000.000
37170,0.5888,3.7690,160.46,0.5888,3.7690,0,1,0,0,0,20,20,0,0,0,0,0,1000.000
37180,0.5888,3.7690,160.49,0.5888,3.7690,0,1,0,0,0,20,20,0,0,0,0,0,1000.000
37190,0.5888,3.7690,160.51,0.5888,3.7690,0,1,0,0,0,20,20,0,0,0,0,0,1000.000
37200,0.5888,3.7690,160.55,0.5888,3.7690,0,1,0,0,0,20,20,0,0,0,0,0,1000.000
37210,0.5888,3.7690,160.58,0.5888,3.7690,0,1,0,0,0,20,20,0,0,0,0,0,1000.000
37220,0.5888,3.7690,160.61,0.5888,3.7690,0,1,0,0,0,20,20,0,0,0,0,0,1000.000
37230,0.5888,3.7690,160.64,0.5888,3.7690,0,1,0,0,0,20,20,0,0,0,0,0,1000.000
37240,0.5888,3.7690,160.66,0.5888,3.7690,0,1,0,0,0,20,20,0,0,0,0,0,1000.000
37250,0.5888,3.7690,160.69,0.5888,3.7690,0,1,0,0,0,20,20,0,0,0,0,0,1000.000
37260,0.5888,3.7690,160.73,0.5888,3.7690,0,1,0,0,0,20,20,0,0,0,0,0,1000.000
37270,0.5888,3.7690,160.75,0.5888,3.7690,0,1,0,0,0,20,20,0,0,0,0,0,1000.000
37280,0.5888,3.7690,160.76,0.5888,3.7690,0,1,0,0,0,20,20,0,0,0,0,0,1000.000
37290,0.5888,3.7690,160.80,0.5888,3.7690,0,1,0,0,0,20,20,0,0,0,0,0,1000.000
37300,0.5888,3.7690,160.84,0.5888,3.7690,0,1,0,0,0,20,20,0,0,0,0,0,1000.000
37310,0.5888,3.7690,160.86,0.5888,3.7690,0,1,0,0,0,20,20,0,0,0,0,0,1000.000
37320,0.5888,3.7690,160.89,0.5888,3.7690,0,1,0,0,0,20,20,0,0,0,0,0,1000.000
37330,0.5888,3.7690,160.91,0.5888,3.7690,0,1,0,0,0,20,20,0,0,0,0,0,1000.000
37340,0.5888,3.7690,160.94,0.5888,3.7690,0,1,0,0,0,20,20,0,0,0,0,0,1000.000
37350,0.5888,3.7690,160.98,0.5888,3.7690,0,1,0,0,0,20,20,0,0,0,0,0,1000.000
37360,0.5888,3.7690,161.00,0.5888,3.7690,0,1,0,0,0,20,20,0,0,0,0,0,1000.000
37370,0.5888,3.7690,161.04,0.5888,3.7690,0,1,0,0,0,20,20,0,0,0,0,0,1000.000
37380,0.5888,3.7690,161.06,0.5888,3.7690,0,1,0,0,0,20,20,0,0,0,0,0,1000.000
37390,0.5888,3.7690,161.09,0.5888,3.7690,0,1,0,0,0,20,20,0,0,0,0,0,1000.000
37400,0.5888,3.7690,161.13,0.5888,3.7690,0,1,0,0,0,20,20,0,0,0,0,0,1000.000
37410,0.5888,3.7690,161.15,0.5888,3.7690,0,1,0,0,0,20,20,0,0,0,0,0,1000.000
37420,0.5888,3.7690,161.16,0.5888,3.7690,0,1,0,0,0,20,20,0,0,0,0,0,1000.000
37430,0.5888,3.7690,161.20,0.5888,3.7690,0,1,0,0,0,20,20,0,0,0,0,0,1000.000
37440,0.5888,3.7690,161.24,0.5888,3.7690,0,1,0,0,0,20,20,0,0,0,0,0,1000.000
37450,0.5888,3.7690,161.26,0.5888,3.7690,0,1,0,0,0,20,20,0,0,0,0,0,1000.000
37460,0.5888,3.7690,161.29,0.5888,3.7690,0,1,0,0,0,20,20,0,0,0,0,0,1000.000
37470,0.5888,3.7690,161.31,0.5888,3.7690,0,1,0,0,0,20,20,0,0,0,0,0,1000.000
37480,0.5888,3.7690,161.34,0.5888,3.7690,0,1,0,0,0,20,20,0,0,0,0,0,1000.000
37490,0.5888,3.7690,161.36,0.5888,3.7690,0,1,0,0,0,20,20,0,0,0,0,0,1000.000
37500,0.5888,3.7690,161.39,0.5888,3.7690,0,1,0,0,0,20,20,0,0,0,0,0,1000.000
37510,0.5888,3.7690,161.42,0.5888,3.7690,0,1,0,0,0,20,20,0,0,0,0,0,1000.000
37520,0.5888,3.7690,161.44,0.5888,3.7690,0,1,0,0,0,20,20,0,0,0,0,0,1000.000
37530,0.5888,3.7690,161.48,0.5888,3.7690,0,1,0,0,0,20,20,0,0,0,0,0,1000.000
37540,0.5888,3.7690,161.50,0.5888,3.7690,0,1,0,0,0,20,20,0,0,0,0,0,1000.000
37550,0.5888,3.7690,161.53,0.5888,3.7690,0,1,0,0,0,20,20,0,0,0,0,0,1000.000
37560,0.5888,3.7690,161.56,0.5888,3.7690,0,1,0,0,0,20,20,0,0,0,0,0,1000.000
37570,0.5888,3.7690,161.58,0.5888,3.7690,0,1,0,0,0,20,20,0,0,0,0,0,1000.000
37580,0.5888,3.7690,161.61,0.5888,3.7690,0,1,0,0,0,20,20,0,0,0,0,0,1000.000
37590,0.5888,3.7690,161.63,0.5888,3.7690,0,1,0,0,0,20,20,0,0,0,0,0,1000.000
37600,0.5888,3.7690,161.66,0.5888,3.7690,0,1,0,0,0,20,20,0,0,0,0,0,1000.000
37610,0.5888,3.7690,161.70,0.5888,3.7690,0,1,0,0,0,20,20,0,0,0,0,0,1000.000
37620,0.5888,3.7690,161.72,0.5888,3.7690,0,1,0,0,0,20,20,0,0,0,0,0,1000.000
37630,0.5888,3.7690,161.75,0.5888,3.7690,0,1,0,0,0,20,20,0,0,0,0,0,1000.000
37640,0.5888,3.7690,161.77,0.5888,3.7690,0,1,0,0,0,20,20,0,0,0,0,0,1000.000
37650,0.5888,3.7690,161.80,0.5888,3.7690,0,1,0,0,0,20,20,0,0,0,0,0,1000.000
37660,0.5888,3.7690,161.83,0.5888,3.7690,0,1,0,0,0,20,20,0,0,0,0,0,1000.000
37670,0.5888,3.7690,161.85,0.5888,3.7690,0,1,0,0,0,20,20,0,0,0,0,0,1000.000
37680,0.5888,3.7690,161.88,0.5888,3.7690,0,1,0,0,0,20,20,0,0,0,0,0,1000.000
37690,0.5888,3.7690,161.91,0.5888,3.7690,0,1,0,0,0,20,20,0,0,0,0,0,1000.000
37700,0.5888,3.7690,161.94,0.5888,3.7690,0,1,0,0,0,20,20,0,0,0,0,0,1000.000
37710,0.5888,3.7690,161.96,0.5888,3.7690,0,1,0,0,0,20,20,0,0,0,0,0,1000.000
37720,0.5888,3.7690,161.99,0.5888,3.7690,0,1,0,0,0,20,20,0,0,0,0,0,1000.000
37730,0.5888,3.7690,162.01,0.5888,3.7690,0,1,0,0,0,20,20,0,0,0,0,0,1000.000
37740,0.5888,3.7690,162.04,0.5888,3.7690,0,1,0,0,0,20,20,0,0,0,0,0,1000.000
37750,0.5888,3.7690,162.06,0.5888,3.7690,0,1,0,0,0,20,20,0,0,0,0,0,1000.000
37760,0.5888,3.7690,162.09,0.5888,3.7690,0,1,0,0,0,20,20,0,0,0,0,0,1000.000
37770,0.5888,3.7690,162.11,0.5888,3.7690,0,1,0,0,0,20,20,0,0,0,0,0,1000.000
37780,0.5888,3.7690,162.15,0.5888,3.7690,0,1,0,0,0,20,20,0,0,0,0,0,1000.000
37790,0.5888,3.7690,162.17,0.5888,3.7690,0,1,0,0,0,20,20,0,0,0,0,0,1000.000
37800,0.5888,3.7690,162.20,0.5888,3.7690,0,1,0,0,0,20,20,0,0,0,0,0,1000.000
37810,0.5888,3.7690,162.22,0.5888,3.7690,0,1,0,0,0,20,20,0,0,0,0,0,1000.000
37820,0.5888,3.7690,162.25,0.5888,3.7690,0,1,0,0,0,20,20,0,0,0,0,0,1000.000
37830,0.5888,3.7690,162.27,0.5888,3.7690,0,1,0,0,0,20,20,0,0,0,0,0,1000.000
37840,0.5888,3.7690,162.30,0.5888,3.7690,0,1,0,0,0,20,20,0,0,0,0,0,1000.000
37850,0.5888,3.7690,162.32,0.5888,3.7690,0,1,0,0,0,20,20,0,0,0,0,0,1000.000
37860,0.5888,3.7690,162.36,0.5888,3.7690,0,1,0,0,0,20,20,0,0,0,0,0,1000.000
37870,0.5888,3.7690,162.38,0.5888,3.7690,0,1,0,0,0,20,20,0,0,0,0,0,1000.000
37880,0.5888,3.7690,162.41,0.5888,3.7690,0,1,0,0,0,20,20,0,0,0,0,0,1000.000
37890,0.5888,3.7690,162.43,0.5888,3.7690,0,1,0,0,0,20,20,0,0,0,0,0,1000.000
37900,0.5888,3.7690,162.46,0.5888,3.7690,0,1,0,0,0,20,20,0,0,0,0,0,1000.000
37910,0.5888,3.7690,162.48,0.5888,3.7690,0,1,0,0,0,20,20,0,0,0,0,0,1000.000
37920,0.5888,3.7690,162.51,0.5888,3.7690,0,1,0,0,0,20,20,0,0,0,0,0,1000.000
37930,0.5888,3.7690,162.53,0.5888,3.7690,0,1,0,0,0,20,20,0,0,0,0,0,1000.000
37940,0.5888,3.7690,162.56,0.5888,3.7690,0,1,0,0,0,20,20,0,0,0,0,0,1000.000
37950,0.5888,3.7690,162.59,0.5888,3.7690,0,1,0,0,0,20,20,0,0,0,0,0,1000.000
37960,0.5888,3.7690,162.62,0.5888,3.7690,0,1,0,0,0,20,20,0,0,0,0,0,1000.000
37970,0.5888,3.7690,162.64,0.5888,3.7690,0,1,0,0,0,20,20,0,0,0,0,0,1000.000
37980,0.5888,3.7690,162.67,0.5888,3.7690,0,1,0,0,0,20,20,0,0,0,0,0,1000.000
37990,0.5888,3.7690,162.69,0.5888,3.7690,0,1,0,0,0,20,20,0,0,0,0,0,1000.000
38000,0.5888,3.7690,162.72,0.5888,3.7690,0,1,0,0,0,20,20,0,0,0,0,0,1000.000
38010,0.5888,3.7690,162.74,0.5888,3.7690,0,1,0,0,0,20,20,0,0,0,0,0,1000.000
38020,0.5888,3.7690,162.77,0.5888,3.7690,0,1,0,0,0,20,20,0,0,0,0,0,1000.000
38030,0.5888,3.7690,162.79,0.5888,3.7690,0,1,0,0,0,20,20,0,0,0,0,0,1000.000
38040,0.5888,3.7690,162.83,0.5888,3.7690,0,1,0,0,0,20,20,0,0,0,0,0,1000.000
38050,0.5888,3.7690,162.85,0.5888,3.7690,0,1,0,0,0,20,20,0,0,0,0,0,1000.000
38060,0.5888,3.7690,162.88,0.5888,3.7690,0,1,0,0,0,20,20,0,0,0,0,0,1000.000
38070,0.5888,3.7690,162.90,0.5888,3.7690,0,1,0,0,0,20,20,0,0,0,0,0,1000.000
38080,0.5888,3.7690,162.93,0.5888,3.7690,0,1,0,0,0,20,20,0,0,0,0,0,1000.000
38090,0.5888,3.7690,162.95,0.5888,3.7690,0,1,0,0,0,20,20,0,0,0,0,0,1000.000
38100,0.5888,3.7690,162.98,0.5888,3.7690,0,1,0,0,0,20,20,0,0,0,0,0,1000.000
38110,0.5888,3.7690,163.00,0.5888,3.7690,0,1,0,0,0,20,20,0,0,0,0,0,1000.000
38120,0.5888,3.7690,163.03,0.5888,3.7690,0,1,0,0,0,20,20,0,0,0,0,0,1000.000
38130,0.5888,3.7690,163.06,0.5888,3.7690,0,1,0,0,0,20,20,0,0,0,0,0,1000.000
38140,0.5888,3.7690,163.09,0.5888,3.7690,0,1,0,0,0,20,20,0,0,0,0,0,1000.000
38150,0.5888,3.7690,163.11,0.5888,3.7690,0,1,0,0,0,20,20,0,0,0,0,0,1000.000
38160,0.5888,3.7690,163.14,0.5888,3.7690,0,1,0,0,0,20,20,0,0,0,0,0,1000.000
38170,0.5888,3.7690,163.16,0.5888,3.7690,0,1,0,0,0,20,20,0,0,0,0,0,1000.000
38180,0.5888,3.7690,163.17,0.5888,3.7690,0,1,0,0,0,20,20,0,0,0,0,0,1000.000
38190,0.5888,3.7690,163.20,0.5888,3.7690,0,1,0,0,0,20,20,0,0,0,0,0,1000.000
38200,0.5888,3.7690,163.24,0.5888,3.7690,0,1,0,0,0,20,20,0,0,0,0,0,1000.000
38210,0.5888,3.7690,163.26,0.5888,3.7690,0,1,0,0,0,20,20,0,0,0,0,0,1000.000
38220,0.5888,3.7690,163.28,0.5888,3.7690,0,1,0,0,0,20,20,0,0,0,0,0,1000.000
38230,0.5888,3.7690,163.31,0.5888,3.7690,0,1,0,0,0,20,20,0,0,0,0,0,1000.000
38240,0.5888,3.7690,163.33,0.5888,3.7690,0,1,0,0,0,20,20,0,0,0,0,0,1000.000
38250,0.5888,3.7690,163.36,0.5888,3.7690,0,1,0,0,0,20,20,0,0,0,0,0,1000.000
38260,0.5888,3.7690,163.38,0.5888,3.7690,0,1,0,0,0,20,20,0,0,0,0,0,1000.000
38270,0.5888,3.7690,163.40,0.5888,3.7690,0,1,0,0,0,20,20,0,0,0,0,0,1000.000
38280,0.5888,3.7690,163.43,0.5888,3.7690,0,1,0,0,0,20,20,0,0,0,0,0,1000.000
38290,0.5888,3.7690,163.45,0.5888,3.7690,0,1,0,0,0,20,20,0,0,0,0,0,1000.000
38300,0.5888,3.7690,163.48,0.5888,3.7690,0,1,0,0,0,20,20,0,0,0,0,0,1000.000
38310,0.5888,3.7690,163.51,0.5888,3.7690,0,1,0,0,0,20,20,0,0,0,0,0,1000.000
38320,0.5888,3.7690,163.53,0.5888,3.7690,0,1,0,0,0,20,20,0,0,0,0,0,1000.000
38330,0.5888,3.7690,163.56,0.5888,3.7690,0,1,0,0,0,20,20,0,0,0,0,0,1000.000
38340,0.5888,3.7690,163.58,0.5888,3.7690,0,1,0,0,0,20,20,0,0,0,0,0,1000.000
38350,0.5888,3.7690,163.61,0.5888,3.7690,0,1,0,0,0,20,20,0,0,0,0,0,1000.000
38360,0.5888,3.7690,163.63,0.5888,3.7690,0,1,0,0,0,20,20,0,0,0,0,0,1000.000
38370,0.5888,3.7690,163.64,0.5888,3.7690,0,1,0,0,0,20,20,0,0,0,0,0,1000.000
38380,0.5888,3.7690,163.67,0.5888,3.7690,0,1,0,0,0,20,20,0,0,0,0,0,1000.000
38390,0.5888,3.7690,163.71,0.5888,3.7690,0,1,0,0,0,20,20,0,0,0,0,0,1000.000
38400,0.5888,3.7690,163.73,0.5888,3.7690,0,1,0,0,0,20,20,0,0,0,0,0,1000.000
38410,0.5888,3.7690,163.74,0.5888,3.7690,0,1,0,0,0,20,20,0,0,0,0,0,1000.000
38420,0.5888,3.7690,163.78,0.5888,3.7690,0,1,0,0,0,20,20,0,0,0,0,0,1000.000
38430,0.5888,3.7690,163.80,0.5888,3.7690,0,1,0,0,0,20,20,0,0,0,0,0,1000.000
38440,0.5888,3.7690,163.82,0.5888,3.7690,0,1,0,0,0,20,20,0,0,0,0,0,1000.000
38450,0.5888,3.7690,163.85,0.5888,3.7690,0,1,0,0,0,20,20,0,0,0,0,0,1000.000
38460,0.5888,3.7690,163.87,0.5888,3.7690,0,1,0,0,0,20,20,0,0,0,0,0,1000.000
38470,0.5888,3.7690,163.88,0.5888,3.7690,0,1,0,0,0,20,20,0,0,0,0,0,1000.000
38480,0.5888,3.7690,163.91,0.5888,3.7690,0,1,0,0,0,20,20,0,0,0,0,0,1000.000
38490,0.5888,3.7690,163.93,0.5888,3.7690,0,1,0,0,0,20,20,0,0,0,0,0,1000.000
38500,0.5888,3.7690,163.96,0.5888,3.7690,0,1,0,0,0,20,20,0,0,0,0,0,1000.000
38510,0.5888,3.7690,163.98,0.5888,3.7690,0,1,0,0,0,20,20,0,0,0,0,0,1000.000
38520,0.5888,3.7690,163.99,0.5888,3.7690,0,1,0,0,0,20,20,0,0,0,0,0,1000.000
38530,0.5888,3.7690,164.03,0.5888,3.7690,0,1,0,0,0,20,20,0,0,0,0,0,1000.000
38540,0.5888,3.7690,164.05,0.5888,3.7690,0,1,0,0,0,20,20,0,0,0,0,0,1000.000
38550,0.5888,3.7690,164.08,0.5888,3.7690,0,1,0,0,0,20,20,0,0,0,0,0,1000.000
38560,0.5888,3.7690,164.10,0.5888,3.7690,0,1,0,0,0,20,20,0,0,0,0,0,1000.000
38570,0.5888,3.7690,164.11,0.5888,3.7690,0,1,0,0,0,20,20,0,0,0,0,0,1000.000
38580,0.5888,3.7690,164.14,0.5888,3.7690,0,1,0,0,0,20,20,0,0,0,0,0,1000.000
38590,0.5888,3.7690,164.16,0.5888,3.7690,0,1,0,0,0,20,20,0,0,0,0,0,1000.000
38600,0.5888,3.7690,164.19,0.5888,3.7690,0,1,0,0,0,20,20,0,0,0,0,0,1000.000
38610,0.5888,3.7690,164.21,0.5888,3.7690,0,1,0,0,0,20,20,0,0,0,0,0,1000.000
38620,0.5888,3.7690,164.22,0.5888,3.7690,0,1,0,0,0,20,20,0,0,0,0,0,1000.000
38630,0.5888,3.7690,164.25,0.5888,3.7690,0,1,0,0,0,20,20,0,0,0,0,0,1000.000
38640,0.5888,3.7690,164.28,0.5888,3.7690,0,1,0,0,0,20,20,0,0,0,0,0,1000.000
38650,0.5888,3.7690,164.31,0.5888,3.7690,0,1,0,0,0,20,20,0,0,0,0,0,1000.000
38660,0.5888,3.7690,164.33,0.5888,3.7690,0,1,0,0,0,20,20,0,0,0,0,0,1000.000
38670,0.5888,3.7690,164.34,0.5888,3.7690,0,1,0,0,0,20,20,0,0,0,0,0,1000.000
38680,0.5888,3.7690,164.37,0.5888,3.7690,0,1,0,0,0,20,20,0,0,0,0,0,1000.000
38690,0.5888,3.7690,164.39,0.5888,3.7690,0,1,0,0,0,20,20,0,0,0,0,0,1000.000
38700,0.5888,3.7690,164.41,0.5888,3.7690,0,1,0,0,0,20,20,0,0,0,0,0,1000.000
38710,0.5888,3.7690,164.43,0.5888,3.7690,0,1,0,0,0,20,20,0,0,0,0,0,1000.000
38720,0.5888,3.7690,164.46,0.5888,3.7690,0,1,0,0,0,20,20,0,0,0,0,0,1000.000
38730,0.5888,3.7690,164.48,0.5888,3.7690,0,1,0,0,0,20,20,0,0,0,0,0,1000.000
38740,0.5888,3.7690,164.49,0.5888,3.7690,0,1,0,0,0,20,20,0,0,0,0,0,1000.000
38750,0.5888,3.7690,164.53,0.5888,3.7690,0,1,0,0,0,20,20,0,0,0,0,0,1000.000
38760,0.5888,3.7690,164.55,0.5888,3.7690,0,1,0,0,0,20,20,0,0,0,0,0,1000.000
38770,0.5888,3.7690,164.57,0.5888,3.7690,0,1,0,0,0,20,20,0,0,0,0,0,1000.000
38780,0.5888,3.7690,164.60,0.5888,3.7690,0,1,0,0,0,20,20,0,0,0,0,0,1000.000
38790,0.5888,3.7690,164.62,0.5888,3.7690,0,1,0,0,0,20,20,0,0,0,0,0,1000.000
38800,0.5888,3.7690,164.63,0.5888,3.7690,0,1,0,0,0,20,20,0,0,0,0,0,1000.000
38810,0.5888,3.7690,164.66,0.5888,3.7690,0,1,0,0,0,20,20,0,0,0,0,0,1000.000
38820,0.5888,3.7690,164.68,0.5888,3.7690,0,1,0,0,0,20,20,0,0,0,0,0,1000.000
38830,0.5888,3.7690,164.70,0.5888,3.7690,0,1,0,0,0,20,20,0,0,0,0,0,1000.000
38840,0.5888,3.7690,164.73,0.5888,3.7690,0,1,0,0,0,20,20,0,0,0,0,0,1000.000
38850,0.5888,3.7690,164.75,0.5888,3.7690,0,1,0,0,0,20,20,0,0,0,0,0,1000.000
38860,0.5888,3.7690,164.76,0.5888,3.7690,0,1,0,0,0,20,20,0,0,0,0,0,1000.000
38870,0.5888,3.7690,164.80,0.5888,3.7690,0,1,0,0,0,20,20,0,0,0,0,0,1000.000
38880,0.5888,3.7690,164.82,0.5888,3.7690,0,1,0,0,0,20,20,0,0,0,0,0,1000.000
38890,0.5888,3.7690,164.84,0.5888,3.7690,0,1,0,0,0,20,20,0,0,0,0,0,1000.000
38900,0.5888,3.7690,164.87,0.5888,3.7690,0,1,0,0,0,20,20,0,0,0,0,0,1000.000
38910,0.5888,3.7690,164.89,0.5888,3.7690,0,1,0,0,0,20,20,0,0,0,0,0,1000.000
38920,0.5888,3.7690,164.90,0.5888,3.7690,0,1,0,0,0,20,20,0,0,0,0,0,1000.000
38930,0.5888,3.7690,164.93,0.5888,3.7690,0,1,0,0,0,20,20,0,0,0,0,0,1000.000
38940,0.5888,3.7690,164.95,0.5888,3.7690,0,1,0,0,0,20,20,0,0,0,0,0,1000.000
38950,0.5888,3.7690,164.97,0.5888,3.7690,0,1,0,0,0,20,20,0,0,0,0,0,1000.000
38960,0.5888,3.7690,165.00,0.5888,3.7690,0,1,0,0,0,20,20,0,0,0,0,0,1000.000
38970,0.5888,3.7690,165.02,0.5888,3.7690,0,1,0,0,0,20,20,0,0,0,0,0,1000.000
38980,0.5888,3.7690,165.03,0.5888,3.7690,0,1,0,0,0,20,20,0,0,0,0,0,1000.000
38990,0.5888,3.7690,165.07,0.5888,3.7690,0,1,0,0,0,20,20,0,0,0,0,0,1000.000
39000,0.5888,3.7690,165.08,0.5888,3.7690,0,1,0,0,0,20,20,0,0,0,0,0,1000.000
39010,0.5888,3.7690,165.10,0.5888,3.7690,0,1,0,0,0,20,20,0,0,0,0,0,1000.000
39020,0.5888,3.7690,165.13,0.5888,3.7690,0,1,0,0,0,20,20,0,0,0,0,0,1000.000
39030,0.5888,3.7690,165.15,0.5888,3.7690,0,1,0,0,0,20,20,0,0,0,0,0,1000.000
39040,0.5888,3.7690,165.16,0.5888,3.7690,0,1,0,0,0,20,20,0,0,0,0,0,1000.000
39050,0.5888,3.7690,165.19,0.5888,3.7690,0,1,0,0,0,20,20,0,0,0,0,0,1000.000
39060,0.5888,3.7690,165.21,0.5888,3.7690,0,1,0,0,0,20,20,0,0,0,0,0,1000.000
39070,0.5888,3.7690,165.22,0.5888,3.7690,0,1,0,0,0,20,20,0,0,0,0,0,1000.000
39080,0.5888,3.7690,165.25,0.5888,3.7690,0,1,0,0,0,20,20,0,0,0,0,0,1000.000
39090,0.5888,3.7690,165.27,0.5888,3.7690,0,1,0,0,0,20,20,0,0,0,0,0,1000.000
39100,0.5888,3.7690,165.28,0.5888,3.7690,0,1,0,0,0,20,20,0,0,0,0,0,1000.000
39110,0.5888,3.7690,165.31,0.5888,3.7690,0,1,0,0,0,20,20,0,0,0,0,0,1000.000
39120,0.5888,3.7690,165.33,0.5888,3.7690,0,1,0,0,0,20,20,0,0,0,0,0,1000.000
39130,0.5888,3.7690,165.35,0.5888,3.7690,0,1,0,0,0,20,20,0,0,0,0,0,1000.000
39140,0.5888,3.7690,165.38,0.5888,3.7690,0,1,0,0,0,20,20,0,0,0,0,0,1000.000
39150,0.5888,3.7690,165.40,0.5888,3.7690,0,1,0,0,0,20,20,0,0,0,0,0,1000.000
39160,0.5888,3.7690,165.41,0.5888,3.7690,0,1,0,0,0,20,20,0,0,0,0,0,1000.000
39170,0.5888,3.7690,165.44,0.5888,3.7690,0,1,0,0,0,20,20,0,0,0,0,0,1000.000
39180,0.5888,3.7690,165.46,0.5888,3.7690,0,1,0,0,0,20,20,0,0,0,0,0,1000.000
39190,0.5888,3.7690,165.47,0.5888,3.7690,0,1,0,0,0,20,20,0,0,0,0,0,1000.000
39200,0.5888,3.7690,165.50,0.5888,3.7690,0,1,0,0,0,20,20,0,0,0,0,0,1000.000
39210,0.5888,3.7690,165.52,0.5888,3.7690,0,1,0,0,0,20,20,0,0,0,0,0,1000.000
39220,0.5888,3.7690,165.53,0.5888,3.7690,0,1,0,0,0,20,20,0,0,0,0,0,1000.000
39230,0.5888,3.7690,165.56,0.5888,3.7690,0,1,0,0,0,20,20,0,0,0,0,0,1000.000
39240,0.5888,3.7690,165.58,0.5888,3.7690,0,1,0,0,0,20,20,0,0,0,0,0,1000.000
39250,0.5888,3.7690,165.59,0.5888,3.7690,0,1,0,0,0,20,20,0,0,0,0,0,1000.000
39260,0.5888,3.7690,165.63,0.5888,3.7690,0,1,0,0,0,20,20,0,0,0,0,0,1000.000
39270,0.5888,3.7690,165.64,0.5888,3.7690,0,1,0,0,0,20,20,0,0,0,0,0,1000.000
39280,0.5888,3.7690,165.66,0.5888,3.7690,0,1,0,0,0,20,20,0,0,0,0,0,1000.000
39290,0.5888,3.7690,165.69,0.5888,3.7690,0,1,0,0,0,20,20,0,0,0,0,0,1000.000
39300,0.5888,3.7690,165.71,0.5888,3.7690,0,1,0,0,0,20,20,0,0,0,0,0,1000.000
39310,0.5888,3.7690,165.72,0.5888,3.7690,0,1,0,0,0,20,20,0,0,0,0,0,1000.000
39320,0.5888,3.7690,165.75,0.5888,3.7690,0,1,0,0,0,20,20,0,0,0,0,0,1000.000
39330,0.5888,3.7690,165.77,0.5888,3.7690,0,1,0,0,0,20,20,0,0,0,0,0,1000.000
39340,0.5888,3.7690,165.78,0.5888,3.7690,0,1,0,0,0,20,20,0,0,0,0,0,1000.000
39350,0.5888,3.7690,165.81,0.5888,3.7690,0,1,0,0,0,20,20,0,0,0,0,0,1000.000
39360,0.5888,3.7690,165.83,0.5888,3.7690,0,1,0,0,0,20,20,0,0,0,0,0,1000.000
39370,0.5888,3.7690,165.84,0.5888,3.7690,0,1,0,0,0,20,20,0,0,0,0,0,1000.000
39380,0.5888,3.7690,165.87,0.5888,3.7690,0,1,0,0,0,20,20,0,0,0,0,0,1000.000
39390,0.5888,3.7690,165.89,0.5888,3.7690,0,1,0,0,0,20,20,0,0,0,0,0,1000.000
39400,0.5888,3.7690,165.91,0.5888,3.7690,0,1,0,0,0,20,20,0,0,0,0,0,1000.000
39410,0.5888,3.7690,165.94,0.5888,3.7690,0,1,0,0,0,20,20,0,0,0,0,0,1000.000
39420,0.5888,3.7690,165.95,0.5888,3.7690,0,1,0,0,0,20,20,0,0,0,0,0,1000.000
39430,0.5888,3.7690,165.97,0.5888,3.7690,0,1,0,0,0,20,20,0,0,0,0,0,1000.000
39440,0.5888,3.7690,166.00,0.5888,3.7690,0,1,0,0,0,20,20,0,0,0,0,0,1000.000
39450,0.5888,3.7690,166.02,0.5888,3.7690,0,1,0,0,0,20,20,0,0,0,0,0,1000.000
39460,0.5888,3.7690,166.03,0.5888,3.7690,0,1,0,0,0,20,20,0,0,0,0,0,1000.000
39470,0.5888,3.7690,166.06,0.5888,3.7690,0,1,0,0,0,20,20,0,0,0,0,0,1000.000
39480,0.5888,3.7690,166.08,0.5888,3.7690,0,1,0,0,0,20,20,0,0,0,0,0,1000.000
39490,0.5888,3.7690,166.09,0.5888,3.7690,0,1,0,0,0,20,20,0,0,0,0,0,1000.000
39500,0.5888,3.7690,166.12,0.5888,3.7690,0,1,0,0,0,20,20,0,0,0,0,0,1000.000
39510,0.5888,3.7690,166.14,0.5888,3.7690,0,1,0,0,0,20,20,0,0,0,0,0,1000.000
39520,0.5888,3.7690,166.15,0.5888,3.7690,0,1,0,0,0,20,20,0,0,0,0,0,1000.000
39530,0.5888,3.7690,166.19,0.5888,3.7690,0,1,0,0,0,20,20,0,0,0,0,0,1000.000
39540,0.5888,3.7690,166.20,0.5888,3.7690,0,1,0,0,0,20,20,0,0,0,0,0,1000.000
39550,0.5888,3.7690,166.22,0.5888,3.7690,0,1,0,0,0,20,20,0,0,0,0,0,1000.000
39560,0.5888,3.7690,166.25,0.5888,3.7690,0,1,0,0,0,20,20,0,0,0,0,0,1000.000
39570,0.5888,3.7690,166.27,0.5888,3.7690,0,1,0,0,0,20,20,0,0,0,0,0,1000.000
39580,0.5888,3.7690,166.28,0.5888,3.7690,0,1,0,0,0,20,20,0,0,0,0,0,1000.000
39590,0.5888,3.7690,166.31,0.5888,3.7690,0,1,0,0,0,20,20,0,0,0,0,0,1000.000
39600,0.5888,3.7690,166.33,0.5888,3.7690,0,1,0,0,0,20,20,0,0,0,0,0,1000.000
39610,0.5888,3.7690,166.34,0.5888,3.7690,0,1,0,0,0,20,20,0,0,0,0,0,1000.000
39620,0.5888,3.7690,166.37,0.5888,3.7690,0,1,0,0,0,20,20,0,0,0,0,0,1000.000
39630,0.5888,3.7690,166.39,0.5888,3.7690,0,1,0,0,0,20,20,0,0,0,0,0,1000.000
39640,0.5888,3.7690,166.40,0.5888,3.7690,0,1,0,0,0,20,20,0,0,0,0,0,1000.000
39650,0.5888,3.7690,166.43,0.5888,3.7690,0,1,0,0,0,20,20,0,0,0,0,0,1000.000
39660,0.5888,3.7690,166.45,0.5888,3.7690,0,1,0,0,0,20,20,0,0,0,0,0,1000.000
39670,0.5888,3.7690,166.46,0.5888,3.7690,0,1,0,0,0,20,20,0,0,0,0,0,1000.000
39680,0.5888,3.7690,166.50,0.5888,3.7690,0,1,0,0,0,20,20,0,0,0,0,0,1000.000
39690,0.5888,3.7690,166.51,0.5888,3.7690,0,1,0,0,0,20,20,0,0,0,0,0,1000.000
39700,0.5888,3.7690,166.53,0.5888,3.7690,0,1,0,0,0,20,20,0,0,0,0,0,1000.000
39710,0.5888,3.7690,166.56,0.5888,3.7690,0,1,0,0,0,20,20,0,0,0,0,0,1000.000
39720,0.5888,3.7690,166.58,0.5888,3.7690,0,1,0,0,0,20,20,0,0,0,0,0,1000.000
39730,0.5888,3.7690,166.59,0.5888,3.7690,0,1,0,0,0,20,20,0,0,0,0,0,1000.000
39740,0.5888,3.7690,166.62,0.5888,3.7690,0,1,0,0,0,20,20,0,0,0,0,0,1000.000
39750,0.5888,3.7690,166.64,0.5888,3.7690,0,1,0,0,0,20,20,0,0,0,0,0,1000.000
39760,0.5888,3.7690,166.65,0.5888,3.7690,0,1,0,0,0,20,20,0,0,0,0,0,1000.000
39770,0.5888,3.7690,166.68,0.5888,3.7690,0,1,0,0,0,20,20,0,0,0,0,0,1000.000
39780,0.5888,3.7690,166.70,0.5888,3.7690,0,1,0,0,0,20,20,0,0,0,0,0,1000.000
39790,0.5888,3.7690,166.71,0.5888,3.7690,0,1,0,0,0,20,20,0,0,0,0,0,1000.000
39800,0.5888,3.7690,166.74,0.5888,3.7690,0,1,0,0,0,20,20,0,0,0,0,0,1000.000
39810,0.5888,3.7690,166.76,0.5888,3.7690,0,1,0,0,0,20,20,0,0,0,0,0,1000.000
39820,0.5888,3.7690,166.78,0.5888,3.7690,0,1,0,0,0,20,20,0,0,0,0,0,1000.000
39830,0.5888,3.7690,166.81,0.5888,3.7690,0,1,0,0,0,20,20,0,0,0,0,0,1000.000
39840,0.5888,3.7690,166.83,0.5888,3.7690,0,1,0,0,0,20,20,0,0,0,0,0,1000.000
39850,0.5888,3.7690,166.84,0.5888,3.7690,0,1,0,0,0,20,20,0,0,0,0,0,1000.000
39860,0.5888,3.7690,166.87,0.5888,3.7690,0,1,0,0,0,20,20,0,0,0,0,0,1000.000
39870,0.5888,3.7690,166.89,0.5888,3.7690,0,1,0,0,0,20,20,0,0,0,0,0,1000.000
39880,0.5888,3.7690,166.90,0.5888,3.7690,0,1,0,0,0,20,20,0,0,0,0,0,1000.000
39890,0.5888,3.7690,166.92,0.5888,3.7690,0,1,0,0,0,20,20,0,0,0,0,0,1000.000
39900,0.5888,3.7690,166.93,0.5888,3.7690,0,1,0,0,0,20,20,0,0,0,0,0,1000.000
39910,0.5888,3.7690,166.96,0.5888,3.7690,0,1,0,0,0,20,20,0,0,0,0,0,1000.000
39920,0.5888,3.7690,166.98,0.5888,3.7690,0,1,0,0,0,20,20,0,0,0,0,0,1000.000
39930,0.5888,3.7690,166.99,0.5888,3.7690,0,1,0,0,0,20,20,0,0,0,0,0,1000.000
39940,0.5888,3.7690,167.01,0.5888,3.7690,0,1,0,0,0,20,20,0,0,0,0,0,1000.000
39950,0.5888,3.7690,167.03,0.5888,3.7690,0,1,0,0,0,20,20,0,0,0,0,0,1000.000
39960,0.5888,3.7690,167.04,0.5888,3.7690,0,1,0,0,0,20,20,0,0,0,0,0,1000.000
39970,0.5888,3.7690,167.08,0.5888,3.7690,0,1,0,0,0,20,20,0,0,0,0,0,1000.000
39980,0.5888,3.7690,167.09,0.5888,3.7690,0,1,0,0,0,20,20,0,0,0,0,0,1000.000
39990,0.5888,3.7690,167.11,0.5888,3.7690,0,1,0,0,0,20,20,0,0,0,0,0,1000.000
40000,0.5888,3.7690,167.13,0.5888,3.7690,0,1,0,0,0,20,20,0,0,0,0,0,1000.000
40010,0.5888,3.7690,167.15,0.5888,3.7690,0,1,0,0,0,20,20,0,0,0,0,0,1000.000
40020,0.5888,3.7690,167.16,0.5888,3.7690,0,1,0,0,0,20,20,0,0,0,0,0,1000.000
40030,0.5888,3.7690,167.19,0.5888,3.7690,0,1,0,0,0,20,20,0,0,0,0,0,1000.000
40040,0.5888,3.7690,167.21,0.5888,3.7690,0,1,0,0,0,20,20,0,0,0,0,0,1000.000
40050,0.5888,3.7690,167.22,0.5888,3.7690,0,1,0,0,0,20,20,0,0,0,0,0,1000.000
40060,0.5888,3.7690,167.24,0.5888,3.7690,0,1,0,0,0,20,20,0,0,0,0,0,1000.000
40070,0.5888,3.7690,167.26,0.5888,3.7690,0,1,0,0,0,20,20,0,0,0,0,0,1000.000
40080,0.5888,3.7690,167.27,0.5888,3.7690,0,1,0,0,0,20,20,0,0,0,0,0,1000.000
40090,0.5888,3.7690,167.30,0.5888,3.7690,0,1,0,0,0,20,20,0,0,0,0,0,1000.000
40100,0.5888,3.7690,167.32,0.5888,3.7690,0,1,0,0,0,20,20,0,0,0,0,0,1000.000
40110,0.5888,3.7690,167.33,0.5888,3.7690,0,1,0,0,0,20,20,0,0,0,0,0,1000.000
40120,0.5888,3.7690,167.35,0.5888,3.7690,0,1,0,0,0,20,20,0,0,0,0,0,1000.000
40130,0.5888,3.7690,167.37,0.5888,3.7690,0,1,0,0,0,20,20,0,0,0,0,0,1000.000
40140,0.5888,3.7690,167.38,0.5888,3.7690,0,1,0,0,0,20,20,0,0,0,0,0,1000.000
40150,0.5888,3.7690,167.42,0.5888,3.7690,0,1,0,0,0,20,20,0,0,0,0,0,1000.000
40160,0.5888,3.7690,167.43,0.5888,3.7690,0,1,0,0,0,20,20,0,0,0,0,0,1000.000
40170,0.5888,3.7690,167.45,0.5888,3.7690,0,1,0,0,0,20,20,0,0,0,0,0,1000.000
40180,0.5888,3.7690,167.47,0.5888,3.7690,0,1,0,0,0,20,20,0,0,0,0,0,1000.000
40190,0.5888,3.7690,167.49,0.5888,3.7690,0,1,0,0,0,20,20,0,0,0,0,0,1000.000
40200,0.5888,3.7690,167.50,0.5888,3.7690,0,1,0,0,0,20,20,0,0,0,0,0,1000.000
40210,0.5888,3.7690,167.52,0.5888,3.7690,0,1,0,0,0,20,20,0,0,0,0,0,1000.000
40220,0.5888,3.7690,167.54,0.5888,3.7690,0,1,0,0,0,20,20,0,0,0,0,0,1000.000
40230,0.5888,3.7690,167.55,0.5888,3.7690,0,1,0,0,0,20,20,0,0,0,0,0,1000.000
40240,0.5888,3.7690,167.57,0.5888,3.7690,0,1,0,0,0,20,20,0,0,0,0,0,1000.000
40250,0.5888,3.7690,167.59,0.5888,3.7690,0,1,0,0,0,20,20,0,0,0,0,0,1000.000
40260,0.5888,3.7690,167.60,0.5888,3.7690,0,1,0,0,0,20,20,0,0,0,0,0,1000.000
40270,0.5888,3.7690,167.62,0.5888,3.7690,0,1,0,0,0,20,20,0,0,0,0,0,1000.000
40280,0.5888,3.7690,167.64,0.5888,3.7690,0,1,0,0,0,20,20,0,0,0,0,0,1000.000
40290,0.5888,3.7690,167.65,0.5888,3.7690,0,1,0,0,0,20,20,0,0,0,0,0,1000.000
40300,0.5888,3.7690,167.67,0.5888,3.7690,0,1,0,0,0,20,20,0,0,0,0,0,1000.000
40310,0.5888,3.7690,167.69,0.5888,3.7690,0,1,0,0,0,20,20,0,0,0,0,0,1000.000
40320,0.5888,3.7690,167.70,0.5888,3.7690,0,1,0,0,0,20,20,0,0,0,0,0,1000.000
40330,0.5888,3.7690,167.72,0.5888,3.7690,0,1,0,0,0,20,20,0,0,0,0,0,1000.000
40340,0.5888,3.7690,167.74,0.5888,3.7690,0,1,0,0,0,20,20,0,0,0,0,0,1000.000
40350,0.5888,3.7690,167.76,0.5888,3.7690,0,1,0,0,0,20,20,0,0,0,0,0,1000.000
40360,0.5888,3.7690,167.78,0.5888,3.7690,0,1,0,0,0,20,20,0,0,0,0,0,1000.000
40370,0.5888,3.7690,167.79,0.5888,3.7690,0,1,0,0,0,20,20,0,0,0,0,0,1000.000
40380,0.5888,3.7690,167.81,0.5888,3.7690,0,1,0,0,0,20,20,0,0,0,0,0,1000.000
40390,0.5888,3.7690,167.83,0.5888,3.7690,0,1,0,0,0,20,20,0,0,0,0,0,1000.000
40400,0.5888,3.7690,167.85,0.5888,3.7690,0,1,0,0,0,20,20,0,0,0,0,0,1000.000
40410,0.5888,3.7690,167.86,0.5888,3.7690,0,1,0,0,0,20,20,0,0,0,0,0,1000.000
40420,0.5888,3.7690,167.88,0.5888,3.7690,0,1,0,0,0,20,20,0,0,0,0,0,1000.000
40430,0.5888,3.7690,167.90,0.5888,3.7690,0,1,0,0,0,20,20,0,0,0,0,0,1000.000
40440,0.5888,3.7690,167.91,0.5888,3.7690,0,1,0,0,0,20,20,0,0,0,0,0,1000.000
40450,0.5888,3.7690,167.93,0.5888,3.7690,0,1,0,0,0,20,20,0,0,0,0,0,1000.000
40460,0.5888,3.7690,167.95,0.5888,3.7690,0,1,0,0,0,20,20,0,0,0,0,0,1000.000
40470,0.5888,3.7690,167.96,0.5888,3.7690,0,1,0,0,0,20,20,0,0,0,0,0,1000.000
40480,0.5888,3.7690,167.98,0.5888,3.7690,0,1,0,0,0,20,20,0,0,0,0,0,1000.000
40490,0.5888,3.7690,168.00,0.5888,3.7690,0,1,0,0,0,20,20,0,0,0,0,0,1000.000
40500,0.5888,3.7690,168.01,0.5888,3.7690,0,1,0,0,0,20,20,0,0,0,0,0,1000.000
40510,0.5888,3.7690,168.03,0.5888,3.7690,0,1,0,0,0,20,20,0,0,0,0,0,1000.000
40520,0.5888,3.7690,168.05,0.5888,3.7690,0,1,0,0,0,20,20,0,0,0,0,0,1000.000
40530,0.5888,3.7690,168.06,0.5888,3.7690,0,1,0,0,0,20,20,0,0,0,0,0,1000.000
40540,0.5888,3.7690,168.08,0.5888,3.7690,0,1,0,0,0,20,20,0,0,0,0,0,1000.000
40550,0.5888,3.7690,168.10,0.5888,3.7690,0,1,0,0,0,20,20,0,0,0,0,0,1000.000
40560,0.5888,3.7690,168.11,0.5888,3.7690,0,1,0,0,0,20,20,0,0,0,0,0,1000.000
40570,0.5888,3.7690,168.13,0.5888,3.7690,0,1,0,0,0,20,20,0,0,0,0,0,1000.000
40580,0.5888,3.7690,168.15,0.5888,3.7690,0,1,0,0,0,20,20,0,0,0,0,0,1000.000
40590,0.5888,3.7690,168.16,0.5888,3.7690,0,1,0,0,0,20,20,0,0,0,0,0,1000.000
40600,0.5888,3.7690,168.18,0.5888,3.7690,0,1,0,0,0,20,20,0,0,0,0,0,1000.000
40610,0.5888,3.7690,168.20,0.5888,3.7690,0,1,0,0,0,20,20,0,0,0,0,0,1000.000
40620,0.5888,3.7690,168.21,0.5888,3.7690,0,1,0,0,0,20,20,0,0,0,0,0,1000.000
40630,0.5888,3.7690,168.23,0.5888,3.7690,0,1,0,0,0,20,20,0,0,0,0,0,1000.000
40640,0.5888,3.7690,168.25,0.5888,3.7690,0,1,0,0,0,20,20,0,0,0,0,0,1000.000
40650,0.5888,3.7690,168.26,0.5888,3.7690,0,1,0,0,0,20,20,0,0,0,0,0,1000.000
40660,0.5888,3.7690,168.28,0.5888,3.7690,0,1,0,0,0,20,20,0,0,0,0,0,1000.000
40670,0.5888,3.7690,168.29,0.5888,3.7690,0,1,0,0,0,20,20,0,0,0,0,0,1000.000
40680,0.5888,3.7690,168.31,0.5888,3.7690,0,1,0,0,0,20,20,0,0,0,0,0,1000.000
40690,0.5888,3.7690,168.33,0.5888,3.7690,0,1,0,0,0,20,20,0,0,0,0,0,1000.000
40700,0.5888,3.7690,168.34,0.5888,3.7690,0,1,0,0,0,20,20,0,0,0,0,0,1000.000
40710,0.5888,3.7690,168.36,0.5888,3.7690,0,1,0,0,0,20,20,0,0,0,0,0,1000.000
40720,0.5888,3.7690,168.37,0.5888,3.7690,0,1,0,0,0,20,20,0,0,0,0,0,1000.000
40730,0.5888,3.7690,168.39,0.5888,3.7690,0,1,0,0,0,20,20,0,0,0,0,0,1000.000
40740,0.5888,3.7690,168.40,0.5888,3.7690,0,1,0,0,0,20,20,0,0,0,0,0,1000.000
40750,0.5888,3.7690,168.42,0.5888,3.7690,0,1,0,0,0,20,20,0,0,0,0,0,1000.000
40760,0.5888,3.7690,168.44,0.5888,3.7690,0,1,0,0,0,20,20,0,0,0,0,0,1000.000
40770,0.5888,3.7690,168.45,0.5888,3.7690,0,1,0,0,0,20,20,0,0,0,0,0,1000.000
40780,0.5888,3.7690,168.47,0.5888,3.7690,0,1,0,0,0,20,20,0,0,0,0,0,1000.000
40790,0.5888,3.7690,168.48,0.5888,3.7690,0,1,0,0,0,20,20,0,0,0,0,0,1000.000
40800,0.5888,3.7690,168.50,0.5888,3.7690,0,1,0,0,0,20,20,0,0,0,0,0,1000.000
40810,0.5888,3.7690,168.51,0.5888,3.7690,0,1,0,0,0,20,20,0,0,0,0,0,1000.000
40820,0.5888,3.7690,168.53,0.5888,3.7690,0,1,0,0,0,20,20,0,0,0,0,0,1000.000
40830,0.5888,3.7690,168.55,0.5888,3.7690,0,1,0,0,0,20,20,0,0,0,0,0,1000.000
40840,0.5888,3.7690,168.56,0.5888,3.7690,0,1,0,0,0,20,20,0,0,0,0,0,1000.000
40850,0.5888,3.7690,168.58,0.5888,3.7690,0,1,0,0,0,20,20,0,0,0,0,0,1000.000
40860,0.5888,3.7690,168.60,0.5888,3.7690,0,1,0,0,0,20,20,0,0,0,0,0,1000.000
40870,0.5888,3.7690,168.61,0.5888,3.7690,0,1,0,0,0,20,20,0,0,0,0,0,1000.000
40880,0.5888,3.7690,168.63,0.5888,3.7690,0,1,0,0,0,20,20,0,0,0,0,0,1000.000
40890,0.5888,3.7690,168.65,0.5888,3.7690,0,1,0,0,0,20,20,0,0,0,0,0,1000.000
40900,0.5888,3.7690,168.66,0.5888,3.7690,0,1,0,0,0,20,20,0,0,0,0,0,1000.000
40910,0.5888,3.7690,168.68,0.5888,3.7690,0,1,0,0,0,20,20,0,0,0,0,0,1000.000
40920,0.5888,3.7690,168.70,0.5888,3.7690,0,1,0,0,0,20,20,0,0,0,0,0,1000.000
40930,0.5888,3.7690,168.71,0.5888,3.7690,0,1,0,0,0,20,20,0,0,0,0,0,1000.000
40940,0.5888,3.7690,168.73,0.5888,3.7690,0,1,0,0,0,20,20,0,0,0,0,0,1000.000
40950,0.5888,3.7690,168.74,0.5888,3.7690,0,1,0,0,0,20,20,0,0,0,0,0,1000.000
40960,0.5888,3.7690,168.76,0.5888,3.7690,0,1,0,0,0,20,20,0,0,0,0,0,1000.000
40970,0.5888,3.7690,168.77,0.5888,3.7690,0,1,0,0,0,20,20,0,0,0,0,0,1000.000
40980,0.5888,3.7690,168.79,0.5888,3.7690,0,1,0,0,0,20,20,0,0,0,0,0,1000.000
40990,0.5888,3.7690,168.80,0.5888,3.7690,0,1,0,0,0,20,20,0,0,0,0,0,1000.000
41000,0.5888,3.7690,168.82,0.5888,3.7690,0,1,0,0,0,20,20,0,0,0,0,0,1000.000
41010,0.5888,3.7690,168.83,0.5888,3.7690,0,1,0,0,0,20,20,0,0,0,0,0,1000.000
41020,0.5888,3.7690,168.85,0.5888,3.7690,0,1,0,0,0,20,20,0,0,0,0,0,1000.000
41030,0.5888,3.7690,168.86,0.5888,3.7690,0,1,0,0,0,20,20,0,0,0,0,0,1000.000
41040,0.5888,3.7690,168.88,0.5888,3.7690,0,1,0,0,0,20,20,0,0,0,0,0,1000.000
41050,0.5888,3.7690,168.89,0.5888,3.7690,0,1,0,0,0,20,20,0,0,0,0,0,1000.000
41060,0.5888,3.7690,168.91,0.5888,3.7690,0,1,0,0,0,20,20,0,0,0,0,0,1000.000
41070,0.5888,3.7690,168.92,0.5888,3.7690,0,1,0,0,0,20,20,0,0,0,0,0,1000.000
41080,0.5888,3.7690,168.94,0.5888,3.7690,0,1,0,0,0,20,20,0,0,0,0,0,1000.000
41090,0.5888,3.7690,168.95,0.5888,3.7690,0,1,0,0,0,20,20,0,0,0,0,0,1000.000
41100,0.5888,3.7690,168.97,0.5888,3.7690,0,1,0,0,0,20,20,0,0,0,0,0,1000.000
41110,0.5888,3.7690,168.98,0.5888,3.7690,0,1,0,0,0,20,20,0,0,0,0,0,1000.000
41120,0.5888,3.7690,169.00,0.5888,3.7690,0,1,0,0,0,20,20,0,0,0,0,0,1000.000
41130,0.5888,3.7690,169.01,0.5888,3.7690,0,1,0,0,0,20,20,0,0,0,0,0,1000.000
41140,0.5888,3.7690,169.03,0.5888,3.7690,0,1,0,0,0,20,20,0,0,0,0,0,1000.000
41150,0.5888,3.7690,169.04,0.5888,3.7690,0,1,0,0,0,20,20,0,0,0,0,0,1000.000
41160,0.5888,3.7690,169.06,0.5888,3.7690,0,1,0,0,0,20,20,0,0,0,0,0,1000.000
41170,0.5888,3.7690,169.08,0.5888,3.7690,0,1,0,0,0,20,20,0,0,0,0,0,1000.000
41180,0.5888,3.7690,169.09,0.5888,3.7690,0,1,0,0,0,20,20,0,0,0,0,0,1000.000
41190,0.5888,3.7690,169.11,0.5888,3.7690,0,1,0,0,0,20,20,0,0,0,0,0,1000.000
41200,0.5888,3.7690,169.12,0.5888,3.7690,0,1,0,0,0,20,20,0,0,0,0,0,1000.000
41210,0.5888,3.7690,169.14,0.5888,3.7690,0,1,0,0,0,20,20,0,0,0,0,0,1000.000
41220,0.5888,3.7690,169.15,0.5888,3.7690,0,1,0,0,0,20,20,0,0,0,0,0,1000.000
41230,0.5888,3.7690,169.17,0.5888,3.7690,0,1,0,0,0,20,20,0,0,0,0,0,1000.000
41240,0.5888,3.7690,169.19,0.5888,3.7690,0,1,0,0,0,20,20,0,0,0,0,0,1000.000
41250,0.5888,3.7690,169.20,0.5888,3.7690,0,1,0,0,0,20,20,0,0,0,0,0,1000.000
41260,0.5888,3.7690,169.22,0.5888,3.7690,0,1,0,0,0,20,20,0,0,0,0,0,1000.000
41270,0.5888,3.7690,169.23,0.5888,3.7690,0,1,0,0,0,20,20,0,0,0,0,0,1000.000
41280,0.5888,3.7690,169.25,0.5888,3.7690,0,1,0,0,0,20,20,0,0,0,0,0,1000.000
41290,0.5888,3.7690,169.26,0.5888,3.7690,0,1,0,0,0,20,20,0,0,0,0,0,1000.000
41300,0.5888,3.7690,169.28,0.5888,3.7690,0,1,0,0,0,20,20,0,0,0,0,0,1000.000
41310,0.5888,3.7690,169.29,0.5888,3.7690,0,1,0,0,0,20,20,0,0,0,0,0,1000.000
41320,0.5888,3.7690,169.31,0.5888,3.7690,0,1,0,0,0,20,20,0,0,0,0,0,1000.000
41330,0.5888,3.7690,169.32,0.5888,3.7690,0,1,0,0,0,20,20,0,0,0,0,0,1000.000
41340,0.5888,3.7690,169.34,0.5888,3.7690,0,1,0,0,0,20,20,0,0,0,0,0,1000.000
41350,0.5888,3.7690,169.35,0.5888,3.7690,0,1,0,0,0,20,20,0,0,0,0,0,1000.000
41360,0.5888,3.7690,169.37,0.5888,3.7690,0,1,0,0,0,20,20,0,0,0,0,0,1000.000
41370,0.5888,3.7690,169.38,0.5888,3.7690,0,1,0,0,0,20,20,0,0,0,0,0,1000.000
41380,0.5888,3.7690,169.40,0.5888,3.7690,0,1,0,0,0,20,20,0,0,0,0,0,1000.000
41390,0.5888,3.7690,169.41,0.5888,3.7690,0,1,0,0,0,20,20,0,0,0,0,0,1000.000
41400,0.5888,3.7690,169.43,0.5888,3.7690,0,1,0,0,0,20,20,0,0,0,0,0,1000.000
41410,0.5888,3.7690,169.44,0.5888,3.7690,0,1,0,0,0,20,20,0,0,0,0,0,1000.000
41420,0.5888,3.7690,169.46,0.5888,3.7690,0,1,0,0,0,20,20,0,0,0,0,0,1000.000
41430,0.5888,3.7690,169.47,0.5888,3.7690,0,1,0,0,0,20,20,0,0,0,0,0,1000.000
41440,0.5888,3.7690,169.49,0.5888,3.7690,0,1,0,0,0,20,20,0,0,0,0,0,1000.000
41450,0.5888,3.7690,169.50,0.5888,3.7690,0,1,0,0,0,20,20,0,0,0,0,0,1000.000
41460,0.5888,3.7690,169.52,0.5888,3.7690,0,1,0,0,0,20,20,0,0,0,0,0,1000.000
41470,0.5888,3.7690,169.53,0.5888,3.7690,0,1,0,0,0,20,20,0,0,0,0,0,1000.000
41480,0.5888,3.7690,169.55,0.5888,3.7690,0,1,0,0,0,20,20,0,0,0,0,0,1000.000
41490,0.5888,3.7690,169.57,0.5888,3.7690,0,1,0,0,0,20,20,0,0,0,0,0,1000.000
41500,0.5888,3.7690,169.58,0.5888,3.7690,0,1,0,0,0,20,20,0,0,0,0,0,1000.000
41510,0.5888,3.7690,169.60,0.5888,3.7690,0,1,0,0,0,20,20,0,0,0,0,0,1000.000
41520,0.5888,3.7690,169.61,0.5888,3.7690,0,1,0,0,0,20,20,0,0,0,0,0,1000.000
41530,0.5888,3.7690,169.63,0.5888,3.7690,0,1,0,0,0,20,20,0,0,0,0,0,1000.000
41540,0.5888,3.7690,169.64,0.5888,3.7690,0,1,0,0,0,20,20,0,0,0,0,0,1000.000
41550,0.5888,3.7690,169.66,0.5888,3.7690,0,1,0,0,0,20,20,0,0,0,0,0,1000.000
41560,0.5888,3.7690,169.68,0.5888,3.7690,0,1,0,0,0,20,20,0,0,0,0,0,1000.000
41570,0.5888,3.7690,169.69,0.5888,3.7690,0,1,0,0,0,20,20,0,0,0,0,0,1000.000
41580,0.5888,3.7690,169.71,0.5888,3.7690,0,1,0,0,0,20,20,0,0,0,0,0,1000.000
41590,0.5888,3.7690,169.72,0.5888,3.7690,0,1,0,0,0,20,20,0,0,0,0,0,1000.000
41600,0.5888,3.7690,169.74,0.5888,3.7690,0,1,0,0,0,20,20,0,0,0,0,0,1000.000
41610,0.5888,3.7690,169.75,0.5888,3.7690,0,1,0,0,0,20,20,0,0,0,0,0,1000.000
41620,0.5888,3.7690,169.77,0.5888,3.7690,0,1,0,0,0,20,20,0,0,0,0,0,1000.000
41630,0.5888,3.7690,169.78,0.5888,3.7690,0,1,0,0,0,20,20,0,0,0,0,0,1000.000
41640,0.5888,3.7690,169.80,0.5888,3.7690,0,1,0,0,0,20,20,0,0,0,0,0,1000.000
41650,0.5888,3.7690,169.81,0.5888,3.7690,0,1,0,0,0,20,20,0,0,0,0,0,1000.000
41660,0.5888,3.7690,169.83,0.5888,3.7690,0,1,0,0,0,20,20,0,0,0,0,0,1000.000
41670,0.5888,3.7690,169.84,0.5888,3.7690,0,1,0,0,0,20,20,0,0,0,0,0,1000.000
41680,0.5888,3.7690,169.86,0.5888,3.7690,0,1,0,0,0,20,20,0,0,0,0,0,1000.000
41690,0.5888,3.7690,169.87,0.5888,3.7690,0,1,0,0,0,20,20,0,0,0,0,0,1000.000
41700,0.5888,3.7690,169.89,0.5888,3.7690,0,1,0,0,0,20,20,0,0,0,0,0,1000.000
41710,0.5888,3.7690,169.90,0.5888,3.7690,0,1,0,0,0,20,20,0,0,0,0,0,1000.000
41720,0.5888,3.7690,169.92,0.5888,3.7690,0,1,0,0,0,20,20,0,0,0,0,0,1000.000
41730,0.5888,3.7690,169.93,0.5888,3.7690,0,1,0,0,0,20,20,0,0,0,0,0,1000.000
41740,0.5888,3.7690,169.95,0.5888,3.7690,0,1,0,0,0,20,20,0,0,0,0,0,1000.000
41750,0.5888,3.7690,169.96,0.5888,3.7690,0,1,0,0,0,20,20,0,0,0,0,0,1000.000
41760,0.5888,3.7690,169.98,0.5888,3.7690,0,1,0,0,0,20,20,0,0,0,0,0,1000.000
41770,0.5888,3.7690,169.99,0.5888,3.7690,0,1,0,0,0,20,20,0,0,0,0,0,1000.000
41780,0.5888,3.7690,170.01,0.5888,3.7690,0,1,0,0,0,20,20,0,0,0,0,0,1000.000
41790,0.5888,3.7690,170.01,0.5888,3.7690,0,1,0,0,0,20,20,0,0,0,0,0,1000.000
41800,0.5888,3.7690,170.03,0.5888,3.7690,0,1,0,0,0,20,20,0,0,0,0,0,1000.000
41810,0.5888,3.7690,170.06,0.5888,3.7690,0,1,0,0,0,20,20,0,0,0,0,0,1000.000
41820,0.5888,3.7690,170.06,0.5888,3.7690,0,1,0,0,0,20,20,0,0,0,0,0,1000.000
41830,0.5888,3.7690,170.08,0.5888,3.7690,0,1,0,0,0,20,20,0,0,0,0,0,1000.000
41840,0.5888,3.7690,170.09,0.5888,3.7690,0,1,0,0,0,20,20,0,0,0,0,0,1000.000
41850,0.5888,3.7690,170.10,0.5888,3.7690,0,1,0,0,0,20,20,0,0,0,0,0,1000.000
41860,0.5888,3.7690,170.13,0.5888,3.7690,0,1,0,0,0,20,20,0,0,0,0,0,1000.000
41870,0.5888,3.7690,170.13,0.5888,3.7690,0,1,0,0,0,20,20,0,0,0,0,0,1000.000
41880,0.5888,3.7690,170.15,0.5888,3.7690,0,1,0,0,0,20,20,0,0,0,0,0,1000.000
41890,0.5888,3.7690,170.16,0.5888,3.7690,0,1,0,0,0,20,20,0,0,0,0,0,1000.000
41900,0.5888,3.7690,170.17,0.5888,3.7690,0,1,0,0,0,20,20,0,0,0,0,0,1000.000
41910,0.5888,3.7690,170.20,0.5888,3.7690,0,1,0,0,0,20,20,0,0,0,0,0,1000.000
41920,0.5888,3.7690,170.20,0.5888,3.7690,0,1,0,0,0,20,20,0,0,0,0,0,1000.000
41930,0.5888,3.7690,170.22,0.5888,3.7690,0,1,0,0,0,20,20,0,0,0,0,0,1000.000
41940,0.5888,3.7690,170.23,0.5888,3.7690,0,1,0,0,0,20,20,0,0,0,0,0,1000.000
41950,0.5888,3.7690,170.24,0.5888,3.7690,0,1,0,0,0,20,20,0,0,0,0,0,1000.000
41960,0.5888,3.7690,170.27,0.5888,3.7690,0,1,0,0,0,20,20,0,0,0,0,0,1000.000
41970,0.5888,3.7690,170.27,0.5888,3.7690,0,1,0,0,0,20,20,0,0,0,0,0,1000.000
41980,0.5888,3.7690,170.29,0.5888,3.7690,0,1,0,0,0,20,20,0,0,0,0,0,1000.000
41990,0.5888,3.7690,170.30,0.5888,3.7690,0,1,0,0,0,20,20,0,0,0,0,0,1000.000
42000,0.5888,3.7690,170.31,0.5888,3.7690,0,1,0,0,0,20,20,0,0,0,0,0,1000.000
42010,0.5888,3.7690,170.34,0.5888,3.7690,0,1,0,0,0,20,20,0,0,0,0,0,1000.000
42020,0.5888,3.7690,170.35,0.5888,3.7690,0,1,0,0,0,20,20,0,0,0,0,0,1000.000
42030,0.5888,3.7690,170.36,0.5888,3.7690,0,1,0,0,0,20,20,0,0,0,0,0,1000.000
42040,0.5888,3.7690,170.37,0.5888,3.7690,0,1,0,0,0,20,20,0,0,0,0,0,1000.000
42050,0.5888,3.7690,170.39,0.5888,3.7690,0,1,0,0,0,20,20,0,0,0,0,0,1000.000
42060,0.5888,3.7690,170.41,0.5888,3.7690,0,1,0,0,0,20,20,0,0,0,0,0,1000.000
42070,0.5888,3.7690,170.42,0.5888,3.7690,0,1,0,0,0,20,20,0,0,0,0,0,1000.000
42080,0.5888,3.7690,170.43,0.5888,3.7690,0,1,0,0,0,20,20,0,0,0,0,0,1000.000
42090,0.5888,3.7690,170.44,0.5888,3.7690,0,1,0,0,0,20,20,0,0,0,0,0,1000.000
42100,0.5888,3.7690,170.46,0.5888,3.7690,0,1,0,0,0,20,20,0,0,0,0,0,1000.000
42110,0.5888,3.7690,170.48,0.5888,3.7690,0,1,0,0,0,20,20,0,0,0,0,0,1000.000
42120,0.5888,3.7690,170.49,0.5888,3.7690,0,1,0,0,0,20,20,0,0,0,0,0,1000.000
42130,0.5888,3.7690,170.50,0.5888,3.7690,0,1,0,0,0,20,20,0,0,0,0,0,1000.000
42140,0.5888,3.7690,170.51,0.5888,3.7690,0,1,0,0,0,20,20,0,0,0,0,0,1000.000
42150,0.5888,3.7690,170.53,0.5888,3.7690,0,1,0,0,0,20,20,0,0,0,0,0,1000.000
42160,0.5888,3.7690,170.55,0.5888,3.7690,0,1,0,0,0,20,20,0,0,0,0,0,1000.000
42170,0.5888,3.7690,170.56,0.5888,3.7690,0,1,0,0,0,20,20,0,0,0,0,0,1000.000
42180,0.5888,3.7690,170.57,0.5888,3.7690,0,1,0,0,0,20,20,0,0,0,0,0,1000.000
42190,0.5888,3.7690,170.58,0.5888,3.7690,0,1,0,0,0,20,20,0,0,0,0,0,1000.000
42200,0.5888,3.7690,170.60,0.5888,3.7690,0,1,0,0,0,20,20,0,0,0,0,0,1000.000
42210,0.5888,3.7690,170.62,0.5888,3.7690,0,1,0,0,0,20,20,0,0,0,0,0,1000.000
42220,0.5888,3.7690,170.63,0.5888,3.7690,0,1,0,0,0,20,20,0,0,0,0,0,1000.000
42230,0.5888,3.7690,170.63,0.5888,3.7690,0,1,0,0,0,20,20,0,0,0,0,0,1000.000
42240,0.5888,3.7690,170.65,0.5888,3.7690,0,1,0,0,0,20,20,0,0,0,0,0,1000.000
42250,0.5888,3.7690,170.66,0.5888,3.7690,0,1,0,0,0,20,20,0,0,0,0,0,1000.000
42260,0.5888,3.7690,170.67,0.5888,3.7690,0,1,0,0,0,20,20,0,0,0,0,0,1000.000
42270,0.5888,3.7690,170.69,0.5888,3.7690,0,1,0,0,0,20,20,0,0,0,0,0,1000.000
42280,0.5888,3.7690,170.69,0.5888,3.7690,0,1,0,0,0,20,20,0,0,0,0,0,1000.000
42290,0.5888,3.7690,170.71,0.5888,3.7690,0,1,0,0,0,20,20,0,0,0,0,0,1000.000
42300,0.5888,3.7690,170.72,0.5888,3.7690,0,1,0,0,0,20,20,0,0,0,0,0,1000.000
42310,0.5888,3.7690,170.73,0.5888,3.7690,0,1,0,0,0,20,20,0,0,0,0,0,1000.000
42320,0.5888,3.7690,170.74,0.5888,3.7690,0,1,0,0,0,20,20,0,0,0,0,0,1000.000
42330,0.5888,3.7690,170.75,0.5888,3.7690,0,1,0,0,0,20,20,0,0,0,0,0,1000.000
42340,0.5888,3.7690,170.78,0.5888,3.7690,0,1,0,0,0,20,20,0,0,0,0,0,1000.000
42350,0.5888,3.7690,170.79,0.5888,3.7690,0,1,0,0,0,20,20,0,0,0,0,0,1000.000
42360,0.5888,3.7690,170.80,0.5888,3.7690,0,1,0,0,0,20,20,0,0,0,0,0,1000.000
42370,0.5888,3.7690,170.81,0.5888,3.7690,0,1,0,0,0,20,20,0,0,0,0,0,1000.000
42380,0.5888,3.7690,170.83,0.5888,3.7690,0,1,0,0,0,20,20,0,0,0,0,0,1000.000
42390,0.5888,3.7690,170.83,0.5888,3.7690,0,1,0,0,0,20,20,0,0,0,0,0,1000.000
42400,0.5888,3.7690,170.85,0.5888,3.7690,0,1,0,0,0,20,20,0,0,0,0,0,1000.000
42410,0.5888,3.7690,170.85,0.5888,3.7690,0,1,0,0,0,20,20,0,0,0,0,0,1000.000
42420,0.5888,3.7690,170.87,0.5888,3.7690,0,1,0,0,0,20,20,0,0,0,0,0,1000.000
42430,0.5888,3.7690,170.89,0.5888,3.7690,0,1,0,0,0,20,20,0,0,0,0,0,1000.000
42440,0.5888,3.7690,170.89,0.5888,3.7690,0,1,0,0,0,20,20,0,0,0,0,0,1000.000
42450,0.5888,3.7690,170.91,0.5888,3.7690,0,1,0,0,0,20,20,0,0,0,0,0,1000.000
42460,0.5888,3.7690,170.91,0.5888,3.7690,0,1,0,0,0,20,20,0,0,0,0,0,1000.000
42470,0.5888,3.7690,170.93,0.5888,3.7690,0,1,0,0,0,20,20,0,0,0,0,0,1000.000
42480,0.5888,3.7690,170.96,0.5888,3.7690,0,1,0,0,0,20,20,0,0,0,0,0,1000.000
42490,0.5888,3.7690,170.96,0.5888,3.7690,0,1,0,0,0,20,20,0,0,0,0,0,1000.000
42500,0.5888,3.7690,170.97,0.5888,3.7690,0,1,0,0,0,20,20,0,0,0,0,0,1000.000
42510,0.5888,3.7690,170.99,0.5888,3.7690,0,1,0,0,0,20,20,0,0,0,0,0,1000.000
42520,0.5888,3.7690,171.00,0.5888,3.7690,0,1,0,0,0,20,20,0,0,0,0,0,1000.000
42530,0.5888,3.7690,171.01,0.5888,3.7690,0,1,0,0,0,20,20,0,0,0,0,0,1000.000
42540,0.5888,3.7690,171.02,0.5888,3.7690,0,1,0,0,0,20,20,0,0,0,0,0,1000.000
42550,0.5888,3.7690,171.03,0.5888,3.7690,0,1,0,0,0,20,20,0,0,0,0,0,1000.000
42560,0.5888,3.7690,171.05,0.5888,3.7690,0,1,0,0,0,20,20,0,0,0,0,0,1000.000
42570,0.5888,3.7690,171.06,0.5888,3.7690,0,1,0,0,0,20,20,0,0,0,0,0,1000.000
42580,0.5888,3.7690,171.07,0.5888,3.7690,0,1,0,0,0,20,20,0,0,0,0,0,1000.000
42590,0.5888,3.7690,171.08,0.5888,3.7690,0,1,0,0,0,20,20,0,0,0,0,0,1000.000
42600,0.5888,3.7690,171.09,0.5888,3.7690,0,1,0,0,0,20,20,0,0,0,0,0,1000.000
42610,0.5888,3.7690,171.12,0.5888,3.7690,0,1,0,0,0,20,20,0,0,0,0,0,1000.000
42620,0.5888,3.7690,171.13,0.5888,3.7690,0,1,0,0,0,20,20,0,0,0,0,0,1000.000
42630,0.5888,3.7690,171.13,0.5888,3.7690,0,1,0,0,0,20,20,0,0,0,0,0,1000.000
42640,0.5888,3.7690,171.15,0.5888,3.7690,0,1,0,0,0,20,20,0,0,0,0,0,1000.000
42650,0.5888,3.7690,171.16,0.5888,3.7690,0,1,0,0,0,20,20,0,0,0,0,0,1000.000
42660,0.5888,3.7690,171.17,0.5888,3.7690,0,1,0,0,0,20,20,0,0,0,0,0,1000.000
42670,0.5888,3.7690,171.18,0.5888,3.7690,0,1,0,0,0,20,20,0,0,0,0,0,1000.000
42680,0.5888,3.7690,171.19,0.5888,3.7690,0,1,0,0,0,20,20,0,0,0,0,0,1000.000
42690,0.5888,3.7690,171.21,0.5888,3.7690,0,1,0,0,0,20,20,0,0,0,0,0,1000.000
42700,0.5888,3.7690,171.22,0.5888,3.7690,0,1,0,0,0,20,20,0,0,0,0,0,1000.000
42710,0.5888,3.7690,171.23,0.5888,3.7690,0,1,0,0,0,20,20,0,0,0,0,0,1000.000
42720,0.5888,3.7690,171.24,0.5888,3.7690,0,1,0,0,0,20,20,0,0,0,0,0,1000.000
42730,0.5888,3.7690,171.25,0.5888,3.7690,0,1,0,0,0,20,20,0,0,0,0,0,1000.000
42740,0.5888,3.7690,171.27,0.5888,3.7690,0,1,0,0,0,20,20,0,0,0,0,0,1000.000
42750,0.5888,3.7690,171.27,0.5888,3.7690,0,1,0,0,0,20,20,0,0,0,0,0,1000.000
42760,0.5888,3.7690,171.29,0.5888,3.7690,0,1,0,0,0,20,20,0,0,0,0,0,1000.000
42770,0.5888,3.7690,171.29,0.5888,3.7690,0,1,0,0,0,20,20,0,0,0,0,0,1000.000
42780,0.5888,3.7690,171.31,0.5888,3.7690,0,1,0,0,0,20,20,0,0,0,0,0,1000.000
42790,0.5888,3.7690,171.32,0.5888,3.7690,0,1,0,0,0,20,20,0,0,0,0,0,1000.000
42800,0.5888,3.7690,171.33,0.5888,3.7690,0,1,0,0,0,20,20,0,0,0,0,0,1000.000
42810,0.5888,3.7690,171.34,0.5888,3.7690,0,1,0,0,0,20,20,0,0,0,0,0,1000.000
42820,0.5888,3.7690,171.35,0.5888,3.7690,0,1,0,0,0,20,20,0,0,0,0,0,1000.000
42830,0.5888,3.7690,171.36,0.5888,3.7690,0,1,0,0,0,20,20,0,0,0,0,0,1000.000
42840,0.5888,3.7690,171.37,0.5888,3.7690,0,1,0,0,0,20,20,0,0,0,0,0,1000.000
42850,0.5888,3.7690,171.38,0.5888,3.7690,0,1,0,0,0,20,20,0,0,0,0,0,1000.000
42860,0.5888,3.7690,171.40,0.5888,3.7690,0,1,0,0,0,20,20,0,0,0,0,0,1000.000
42870,0.5888,3.7690,171.40,0.5888,3.7690,0,1,0,0,0,20,20,0,0,0,0,0,1000.000
42880,0.5888,3.7690,171.42,0.5888,3.7690,0,1,0,0,0,20,20,0,0,0,0,0,1000.000
42890,0.5888,3.7690,171.42,0.5888,3.7690,0,1,0,0,0,20,20,0,0,0,0,0,1000.000
42900,0.5888,3.7690,171.44,0.5888,3.7690,0,1,0,0,0,20,20,0,0,0,0,0,1000.000
42910,0.5888,3.7690,171.45,0.5888,3.7690,0,1,0,0,0,20,20,0,0,0,0,0,1000.000
42920,0.5888,3.7690,171.46,0.5888,3.7690,0,1,0,0,0,20,20,0,0,0,0,0,1000.000
42930,0.5888,3.7690,171.47,0.5888,3.7690,0,1,0,0,0,20,20,0,0,0,0,0,1000.000
42940,0.5888,3.7690,171.48,0.5888,3.7690,0,1,0,0,0,20,20,0,0,0,0,0,1000.000
42950,0.5888,3.7690,171.49,0.5888,3.7690,0,1,0,0,0,20,20,0,0,0,0,0,1000.000
42960,0.5888,3.7690,171.50,0.5888,3.7690,0,1,0,0,0,20,20,0,0,0,0,0,1000.000
42970,0.5888,3.7690,171.51,0.5888,3.7690,0,1,0,0,0,20,20,0,0,0,0,0,1000.000
42980,0.5888,3.7690,171.53,0.5888,3.7690,0,1,0,0,0,20,20,0,0,0,0,0,1000.000
42990,0.5888,3.7690,171.53,0.5888,3.7690,0,1,0,0,0,20,20,0,0,0,0,0,1000.000
43000,0.5888,3.7690,171.55,0.5888,3.7690,0,1,0,0,0,20,20,0,0,0,0,0,1000.000
43010,0.5888,3.7690,171.55,0.5888,3.7690,0,1,0,0,0,20,20,0,0,0,0,0,1000.000
43020,0.5888,3.7690,171.57,0.5888,3.7690,0,1,0,0,0,20,20,0,0,0,0,0,1000.000
43030,0.5888,3.7690,171.58,0.5888,3.7690,0,1,0,0,0,20,20,0,0,0,0,0,1000.000
43040,0.5888,3.7690,171.59,0.5888,3.7690,0,1,0,0,0,20,20,0,0,0,0,0,1000.000
43050,0.5888,3.7690,171.60,0.5888,3.7690,0,1,0,0,0,20,20,0,0,0,0,0,1000.000
43060,0.5888,3.7690,171.61,0.5888,3.7690,0,1,0,0,0,20,20,0,0,0,0,0,1000.000
43070,0.5888,3.7690,171.62,0.5888,3.7690,0,1,0,0,0,20,20,0,0,0,0,0,1000.000
43080,0.5888,3.7690,171.63,0.5888,3.7690,0,1,0,0,0,20,20,0,0,0,0,0,1000.000
43090,0.5888,3.7690,171.64,0.5888,3.7690,0,1,0,0,0,20,20,0,0,0,0,0,1000.000
43100,0.5888,3.7690,171.66,0.5888,3.7690,0,1,0,0,0,20,20,0,0,0,0,0,1000.000
43110,0.5888,3.7690,171.66,0.5888,3.7690,0,1,0,0,0,20,20,0,0,0,0,0,1000.000
43120,0.5888,3.7690,171.68,0.5888,3.7690,0,1,0,0,0,20,20,0,0,0,0,0,1000.000
43130,0.5888,3.7690,171.68,0.5888,3.7690,0,1,0,0,0,20,20,0,0,0,0,0,1000.000
43140,0.5888,3.7690,171.70,0.5888,3.7690,0,1,0,0,0,20,20,0,0,0,0,0,1000.000
43150,0.5888,3.7690,171.71,0.5888,3.7690,0,1,0,0,0,20,20,0,0,0,0,0,1000.000
43160,0.5888,3.7690,171.72,0.5888,3.7690,0,1,0,0,0,20,20,0,0,0,0,0,1000.000
43170,0.5888,3.7690,171.73,0.5888,3.7690,0,1,0,0,0,20,20,0,0,0,0,0,1000.000
43180,0.5888,3.7690,171.74,0.5888,3.7690,0,1,0,0,0,20,20,0,0,0,0,0,1000.000
43190,0.5888,3.7690,171.75,0.5888,3.7690,0,1,0,0,0,20,20,0,0,0,0,0,1000.000
43200,0.5888,3.7690,171.76,0.5888,3.7690,0,1,0,0,0,20,20,0,0,0,0,0,1000.000
43210,0.5888,3.7690,171.77,0.5888,3.7690,0,1,0,0,0,20,20,0,0,0,0,0,1000.000
43220,0.5888,3.7690,171.79,0.5888,3.7690,0,1,0,0,0,20,20,0,0,0,0,0,1000.000
43230,0.5888,3.7690,171.79,0.5888,3.7690,0,1,0,0,0,20,20,0,0,0,0,0,1000.000
43240,0.5888,3.7690,171.81,0.5888,3.7690,0,1,0,0,0,20,20,0,0,0,0,0,1000.000
43250,0.5888,3.7690,171.81,0.5888,3.7690,0,1,0,0,0,20,20,0,0,0,0,0,1000.000
43260,0.5888,3.7690,171.83,0.5888,3.7690,0,1,0,0,0,20,20,0,0,0,0,0,1000.000
43270,0.5888,3.7690,171.84,0.5888,3.7690,0,1,0,0,0,20,20,0,0,0,0,0,1000.000
43280,0.5888,3.7690,171.85,0.5888,3.7690,0,1,0,0,0,20,20,0,0,0,0,0,1000.000
43290,0.5888,3.7690,171.86,0.5888,3.7690,0,1,0,0,0,20,20,0,0,0,0,0,1000.000
43300,0.5888,3.7690,171.87,0.5888,3.7690,0,1,0,0,0,20,20,0,0,0,0,0,1000.000
43310,0.5888,3.7690,171.88,0.5888,3.7690,0,1,0,0,0,20,20,0,0,0,0,0,1000.000
43320,0.5888,3.7690,171.90,0.5888,3.7690,0,1,0,0,0,20,20,0,0,0,0,0,1000.000
43330,0.5888,3.7690,171.90,0.5888,3.7690,0,1,0,0,0,20,20,0,0,0,0,0,1000.000
43340,0.5888,3.7690,171.92,0.5888,3.7690,0,1,0,0,0,20,20,0,0,0,0,0,1000.000
43350,0.5888,3.7690,171.92,0.5888,3.7690,0,1,0,0,0,20,20,0,0,0,0,0,1000.000
43360,0.5888,3.7690,171.94,0.5888,3.7690,0,1,0,0,0,20,20,0,0,0,0,0,1000.000
43370,0.5888,3.7690,171.94,0.5888,3.7690,0,1,0,0,0,20,20,0,0,0,0,0,1000.000
43380,0.5888,3.7690,171.96,0.5888,3.7690,0,1,0,0,0,20,20,0,0,0,0,0,1000.000
43390,0.5888,3.7690,171.97,0.5888,3.7690,0,1,0,0,0,20,20,0,0,0,0,0,1000.000
43400,0.5888,3.7690,171.98,0.5888,3.7690,0,1,0,0,0,20,20,0,0,0,0,0,1000.000
43410,0.5888,3.7690,171.99,0.5888,3.7690,0,1,0,0,0,20,20,0,0,0,0,0,1000.000
43420,0.5888,3.7690,172.00,0.5888,3.7690,0,1,0,0,0,20,20,0,0,0,0,0,1000.000
43430,0.5888,3.7690,172.01,0.5888,3.7690,0,1,0,0,0,20,20,0,0,0,0,0,1000.000
43440,0.5888,3.7690,172.03,0.5888,3.7690,0,1,0,0,0,20,20,0,0,0,0,0,1000.000
43450,0.5888,3.7690,172.03,0.5888,3.7690,0,1,0,0,0,20,20,0,0,0,0,0,1000.000
43460,0.5888,3.7690,172.05,0.5888,3.7690,0,1,0,0,0,20,20,0,0,0,0,0,1000.000
43470,0.5888,3.7690,172.05,0.5888,3.7690,0,1,0,0,0,20,20,0,0,0,0,0,1000.000
43480,0.5888,3.7690,172.07,0.5888,3.7690,0,1,0,0,0,20,20,0,0,0,0,0,1000.000
43490,0.5888,3.7690,172.07,0.5888,3.7690,0,1,0,0,0,20,20,0,0,0,0,0,1000.000
43500,0.5888,3.7690,172.09,0.5888,3.7690,0,1,0,0,0,20,20,0,0,0,0,0,1000.000
43510,0.5888,3.7690,172.10,0.5888,3.7690,0,1,0,0,0,20,20,0,0,0,0,0,1000.000
43520,0.5888,3.7690,172.11,0.5888,3.7690,0,1,0,0,0,20,20,0,0,0,0,0,1000.000
43530,0.5888,3.7690,172.12,0.5888,3.7690,0,1,0,0,0,20,20,0,0,0,0,0,1000.000
43540,0.5888,3.7690,172.13,0.5888,3.7690,0,1,0,0,0,20,20,0,0,0,0,0,1000.000
43550,0.5888,3.7690,172.14,0.5888,3.7690,0,1,0,0,0,20,20,0,0,0,0,0,1000.000
43560,0.5888,3.7690,172.16,0.5888,3.7690,0,1,0,0,0,20,20,0,0,0,0,0,1000.000
43570,0.5888,3.7690,172.16,0.5888,3.7690,0,1,0,0,0,20,20,0,0,0,0,0,1000.000
43580,0.5888,3.7690,172.18,0.5888,3.7690,0,1,0,0,0,20,20,0,0,0,0,0,1000.000
43590,0.5888,3.7690,172.18,0.5888,3.7690,0,1,0,0,0,20,20,0,0,0,0,0,1000.000
43600,0.5888,3.7690,172.20,0.5888,3.7690,0,1,0,0,0,20,20,0,0,0,0,0,1000.000
43610,0.5888,3.7690,172.20,0.5888,3.7690,0,1,0,0,0,20,20,0,0,0,0,0,1000.000
43620,0.5888,3.7690,172.22,0.5888,3.7690,0,1,0,0,0,20,20,0,0,0,0,0,1000.000
43630,0.5888,3.7690,172.23,0.5888,3.7690,0,1,0,0,0,20,20,0,0,0,0,0,1000.000
43640,0.5888,3.7690,172.24,0.5888,3.7690,0,1,0,0,0,20,20,0,0,0,0,0,1000.000
43650,0.5888,3.7690,172.25,0.5888,3.7690,0,1,0,0,0,20,20,0,0,0,0,0,1000.000
43660,0.5888,3.7690,172.26,0.5888,3.7690,0,1,0,0,0,20,20,0,0,0,0,0,1000.000
43670,0.5888,3.7690,172.27,0.5888,3.7690,0,1,0,0,0,20,20,0,0,0,0,0,1000.000
43680,0.5888,3.7690,172.29,0.5888,3.7690,0,1,0,0,0,20,20,0,0,0,0,0,1000.000
43690,0.5888,3.7690,172.29,0.5888,3.7690,0,1,0,0,0,20,20,0,0,0,0,0,1000.000
43700,0.5888,3.7690,172.31,0.5888,3.7690,0,1,0,0,0,20,20,0,0,0,0,0,1000.000
43710,0.5888,3.7690,172.31,0.5888,3.7690,0,1,0,0,0,20,20,0,0,0,0,0,1000.000
43720,0.5888,3.7690,172.33,0.5888,3.7690,0,1,0,0,0,20,20,0,0,0,0,0,1000.000
43730,0.5888,3.7690,172.33,0.5888,3.7690,0,1,0,0,0,20,20,0,0,0,0,0,1000.000
43740,0.5888,3.7690,172.35,0.5888,3.7690,0,1,0,0,0,20,20,0,0,0,0,0,1000.000
43750,0.5888,3.7690,172.36,0.5888,3.7690,0,1,0,0,0,20,20,0,0,0,0,0,1000.000
43760,0.5888,3.7690,172.37,0.5888,3.7690,0,1,0,0,0,20,20,0,0,0,0,0,1000.000
43770,0.5888,3.7690,172.38,0.5888,3.7690,0,1,0,0,0,20,20,0,0,0,0,0,1000.000
43780,0.5888,3.7690,172.39,0.5888,3.7690,0,1,0,0,0,20,20,0,0,0,0,0,1000.000
43790,0.5888,3.7690,172.40,0.5888,3.7690,0,1,0,0,0,20,20,0,0,0,0,0,1000.000
43800,0.5888,3.7690,172.42,0.5888,3.7690,0,1,0,0,0,20,20,0,0,0,0,0,1000.000
43810,0.5888,3.7690,172.42,0.5888,3.7690,0,1,0,0,0,20,20,0,0,0,0,0,1000.000
43820,0.5888,3.7690,172.44,0.5888,3.7690,0,1,0,0,0,20,20,0,0,0,0,0,1000.000
43830,0.5888,3.7690,172.44,0.5888,3.7690,0,1,0,0,0,20,20,0,0,0,0,0,1000.000
43840,0.5888,3.7690,172.46,0.5888,3.7690,0,1,0,0,0,20,20,0,0,0,0,0,1000.000
43850,0.5888,3.7690,172.46,0.5888,3.7690,0,1,0,0,0,20,20,0,0,0,0,0,1000.000
43860,0.5888,3.7690,172.48,0.5888,3.7690,0,1,0,0,0,20,20,0,0,0,0,0,1000.000
43870,0.5888,3.7690,172.49,0.5888,3.7690,0,1,0,0,0,20,20,0,0,0,0,0,1000.000
43880,0.5888,3.7690,172.50,0.5888,3.7690,0,1,0,0,0,20,20,0,0,0,0,0,1000.000
43890,0.5888,3.7690,172.51,0.5888,3.7690,0,1,0,0,0,20,20,0,0,0,0,0,1000.000
43900,0.5888,3.7690,172.51,0.5888,3.7690,0,1,0,0,0,20,20,0,0,0,0,0,1000.000
43910,0.5888,3.7690,172.53,0.5888,3.7690,0,1,0,0,0,20,20,0,0,0,0,0,1000.000
43920,0.5888,3.7690,172.54,0.5888,3.7690,0,1,0,0,0,20,20,0,0,0,0,0,1000.000
43930,0.5888,3.7690,172.55,0.5888,3.7690,0,1,0,0,0,20,20,0,0,0,0,0,1000.000
43940,0.5888,3.7690,172.56,0.5888,3.7690,0,1,0,0,0,20,20,0,0,0,0,0,1000.000
43950,0.5888,3.7690,172.56,0.5888,3.7690,0,1,0,0,0,20,20,0,0,0,0,0,1000.000
43960,0.5888,3.7690,172.58,0.5888,3.7690,0,1,0,0,0,20,20,0,0,0,0,0,1000.000
43970,0.5888,3.7690,172.59,0.5888,3.7690,0,1,0,0,0,20,20,0,0,0,0,0,1000.000
43980,0.5888,3.7690,172.60,0.5888,3.7690,0,1,0,0,0,20,20,0,0,0,0,0,1000.000
43990,0.5888,3.7690,172.60,0.5888,3.7690,0,1,0,0,0,20,20,0,0,0,0,0,1000.000
44000,0.5888,3.7690,172.61,0.5888,3.7690,0,1,0,0,0,20,20,0,0,0,0,0,1000.000
44010,0.5888,3.7690,172.63,0.5888,3.7690,0,1,0,0,0,20,20,0,0,0,0,0,1000.000
44020,0.5888,3.7690,172.63,0.5888,3.7690,0,1,0,0,0,20,20,0,0,0,0,0,1000.000
44030,0.5888,3.7690,172.65,0.5888,3.7690,0,1,0,0,0,20,20,0,0,0,0,0,1000.000
44040,0.5888,3.7690,172.65,0.5888,3.7690,0,1,0,0,0,20,20,0,0,0,0,0,1000.000
44050,0.5888,3.7690,172.66,0.5888,3.7690,0,1,0,0,0,20,20,0,0,0,0,0,1000.000
44060,0.5888,3.7690,172.67,0.5888,3.7690,0,1,0,0,0,20,20,0,0,0,0,0,1000.000
44070,0.5888,3.7690,172.68,0.5888,3.7690,0,1,0,0,0,20,20,0,0,0,0,0,1000.000
44080,0.5888,3.7690,172.70,0.5888,3.7690,0,1,0,0,0,20,20,0,0,0,0,0,1000.000
44090,0.5888,3.7690,172.70,0.5888,3.7690,0,1,0,0,0,20,20,0,0,0,0,0,1000.000
44100,0.5888,3.7690,172.71,0.5888,3.7690,0,1,0,0,0,20,20,0,0,0,0,0,1000.000
44110,0.5888,3.7690,172.72,0.5888,3.7690,0,1,0,0,0,20,20,0,0,0,0,0,1000.000
44120,0.5888,3.7690,172.73,0.5888,3.7690,0,1,0,0,0,20,20,0,0,0,0,0,1000.000
44130,0.5888,3.7690,172.75,0.5888,3.7690,0,1,0,0,0,20,20,0,0,0,0,0,1000.000
44140,0.5888,3.7690,172.75,0.5888,3.7690,0,1,0,0,0,20,20,0,0,0,0,0,1000.000
44150,0.5888,3.7690,172.76,0.5888,3.7690,0,1,0,0,0,20,20,0,0,0,0,0,1000.000
44160,0.5888,3.7690,172.77,0.5888,3.7690,0,1,0,0,0,20,20,0,0,0,0,0,1000.000
44170,0.5888,3.7690,172.78,0.5888,3.7690,0,1,0,0,0,20,20,0,0,0,0,0,1000.000
44180,0.5888,3.7690,172.79,0.5888,3.7690,0,1,0,0,0,20,20,0,0,0,0,0,1000.000
44190,0.5888,3.7690,172.80,0.5888,3.7690,0,1,0,0,0,20,20,0,0,0,0,0,1000.000
44200,0.5888,3.7690,172.81,0.5888,3.7690,0,1,0,0,0,20,20,0,0,0,0,0,1000.000
44210,0.5888,3.7690,172.82,0.5888,3.7690,0,1,0,0,0,20,20,0,0,0,0,0,1000.000
44220,0.5888,3.7690,172.83,0.5888,3.7690,0,1,0,0,0,20,20,0,0,0,0,0,1000.000
44230,0.5888,3.7690,172.84,0.5888,3.7690,0,1,0,0,0,20,20,0,0,0,0,0,1000.000
44240,0.5888,3.7690,172.85,0.5888,3.7690,0,1,0,0,0,20,20,0,0,0,0,0,1000.000
44250,0.5888,3.7690,172.86,0.5888,3.7690,0,1,0,0,0,20,20,0,0,0,0,0,1000.000
44260,0.5888,3.7690,172.87,0.5888,3.7690,0,1,0,0,0,20,20,0,0,0,0,0,1000.000
44270,0.5888,3.7690,172.88,0.5888,3.7690,0,1,0,0,0,20,20,0,0,0,0,0,1000.000
44280,0.5888,3.7690,172.89,0.5888,3.7690,0,1,0,0,0,20,20,0,0,0,0,0,1000.000
44290,0.5888,3.7690,172.90,0.5888,3.7690,0,1,0,0,0,20,20,0,0,0,0,0,1000.000
44300,0.5888,3.7690,172.90,0.5888,3.7690,0,1,0,0,0,20,20,0,0,0,0,0,1000.000
44310,0.5888,3.7690,172.92,0.5888,3.7690,0,1,0,0,0,20,20,0,0,0,0,0,1000.000
44320,0.5888,3.7690,172.93,0.5888,3.7690,0,1,0,0,0,20,20,0,0,0,0,0,1000.000
44330,0.5888,3.7690,172.94,0.5888,3.7690,0,1,0,0,0,20,20,0,0,0,0,0,1000.000
44340,0.5888,3.7690,172.95,0.5888,3.7690,0,1,0,0,0,20,20,0,0,0,0,0,1000.000
44350,0.5888,3.7690,172.95,0.5888,3.7690,0,1,0,0,0,20,20,0,0,0,0,0,1000.000
44360,0.5888,3.7690,172.97,0.5888,3.7690,0,1,0,0,0,20,20,0,0,0,0,0,1000.000
44370,0.5888,3.7690,172.98,0.5888,3.7690,0,1,0,0,0,20,20,0,0,0,0,0,1000.000
44380,0.5888,3.7690,172.99,0.5888,3.7690,0,1,0,0,0,20,20,0,0,0,0,0,1000.000
44390,0.5888,3.7690,172.99,0.5888,3.7690,0,1,0,0,0,20,20,0,0,0,0,0,1000.000
44400,0.5888,3.7690,173.00,0.5888,3.7690,0,1,0,0,0,20,20,0,0,0,0,0,1000.000
44410,0.5888,3.7690,173.02,0.5888,3.7690,0,1,0,0,0,20,20,0,0,0,0,0,1000.000
44420,0.5888,3.7690,173.02,0.5888,3.7690,0,1,0,0,0,20,20,0,0,0,0,0,1000.000
44430,0.5888,3.7690,173.04,0.5888,3.7690,0,1,0,0,0,20,20,0,0,0,0,0,1000.000
44440,0.5888,3.7690,173.04,0.5888,3.7690,0,1,0,0,0,20,20,0,0,0,0,0,1000.000
44450,0.5888,3.7690,173.05,0.5888,3.7690,0,1,0,0,0,20,20,0,0,0,0,0,1000.000
44460,0.5888,3.7690,173.06,0.5888,3.7690,0,1,0,0,0,20,20,0,0,0,0,0,1000.000
44470,0.5888,3.7690,173.07,0.5888,3.7690,0,1,0,0,0,20,20,0,0,0,0,0,1000.000
44480,0.5888,3.7690,173.09,0.5888,3.7690,0,1,0,0,0,20,20,0,0,0,0,0,1000.000
44490,0.5888,3.7690,173.09,0.5888,3.7690,0,1,0,0,0,20,20,0,0,0,0,0,1000.000
44500,0.5888,3.7690,173.10,0.5888,3.7690,0,1,0,0,0,20,20,0,0,0,0,0,1000.000
44510,0.5888,3.7690,173.11,0.5888,3.7690,0,1,0,0,0,20,20,0,0,0,0,0,1000.000
44520,0.5888,3.7690,173.12,0.5888,3.7690,0,1,0,0,0,20,20,0,0,0,0,0,1000.000
44530,0.5888,3.7690,173.14,0.5888,3.7690,0,1,0,0,0,20,20,0,0,0,0,0,1000.000
44540,0.5888,3.7690,173.14,0.5888,3.7690,0,1,0,0,0,20,20,0,0,0,0,0,1000.000
44550,0.5888,3.7690,173.15,0.5888,3.7690,0,1,0,0,0,20,20,0,0,0,0,0,1000.000
44560,0.5888,3.7690,173.16,0.5888,3.7690,0,1,0,0,0,20,20,0,0,0,0,0,1000.000
44570,0.5888,3.7690,173.17,0.5888,3.7690,0,1,0,0,0,20,20,0,0,0,0,0,1000.000
44580,0.5888,3.7690,173.18,0.5888,3.7690,0,1,0,0,0,20,20,0,0,0,0,0,1000.000
44590,0.5888,3.7690,173.18,0.5888,3.7690,0,1,0,0,0,20,20,0,0,0,0,0,1000.000
44600,0.5888,3.7690,173.19,0.5888,3.7690,0,1,0,0,0,20,20,0,0,0,0,0,1000.000
44610,0.5888,3.7690,173.21,0.5888,3.7690,0,1,0,0,0,20,20,0,0,0,0,0,1000.000
44620,0.5888,3.7690,173.21,0.5888,3.7690,0,1,0,0,0,20,20,0,0,0,0,0,1000.000
44630,0.5888,3.7690,173.22,0.5888,3.7690,0,1,0,0,0,20,20,0,0,0,0,0,1000.000
44640,0.5888,3.7690,173.23,0.5888,3.7690,0,1,0,0,0,20,20,0,0,0,0,0,1000.000
44650,0.5888,3.7690,173.23,0.5888,3.7690,0,1,0,0,0,20,20,0,0,0,0,0,1000.000
44660,0.5888,3.7690,173.25,0.5888,3.7690,0,1,0,0,0,20,20,0,0,0,0,0,1000.000
44670,0.5888,3.7690,173.25,0.5888,3.7690,0,1,0,0,0,20,20,0,0,0,0,0,1000.000
44680,0.5888,3.7690,173.26,0.5888,3.7690,0,1,0,0,0,20,20,0,0,0,0,0,1000.000
44690,0.5888,3.7690,173.28,0.5888,3.7690,0,1,0,0,0,20,20,0,0,0,0,0,1000.000
44700,0.5888,3.7690,173.28,0.5888,3.7690,0,1,0,0,0,20,20,0,0,0,0,0,1000.000
44710,0.5888,3.7690,173.29,0.5888,3.7690,0,1,0,0,0,20,20,0,0,0,0,0,1000.000
44720,0.5888,3.7690,173.30,0.5888,3.7690,0,1,0,0,0,20,20,0,0,0,0,0,1000.000
44730,0.5888,3.7690,173.30,0.5888,3.7690,0,1,0,0,0,20,20,0,0,0,0,0,1000.000
44740,0.5888,3.7690,173.32,0.5888,3.7690,0,1,0,0,0,20,20,0,0,0,0,0,1000.000
44750,0.5888,3.7690,173.33,0.5888,3.7690,0,1,0,0,0,20,20,0,0,0,0,0,1000.000
44760,0.5888,3.7690,173.33,0.5888,3.7690,0,1,0,0,0,20,20,0,0,0,0,0,1000.000
44770,0.5888,3.7690,173.35,0.5888,3.7690,0,1,0,0,0,20,20,0,0,0,0,0,1000.000
44780,0.5888,3.7690,173.35,0.5888,3.7690,0,1,0,0,0,20,20,0,0,0,0,0,1000.000
44790,0.5888,3.7690,173.36,0.5888,3.7690,0,1,0,0,0,20,20,0,0,0,0,0,1000.000
44800,0.5888,3.7690,173.37,0.5888,3.7690,0,1,0,0,0,20,20,0,0,0,0,0,1000.000
44810,0.5888,3.7690,173.38,0.5888,3.7690,0,1,0,0,0,20,20,0,0,0,0,0,1000.000
44820,0.5888,3.7690,173.39,0.5888,3.7690,0,1,0,0,0,20,20,0,0,0,0,0,1000.000
44830,0.5888,3.7690,173.40,0.5888,3.7690,0,1,0,0,0,20,20,0,0,0,0,0,1000.000
44840,0.5888,3.7690,173.40,0.5888,3.7690,0,1,0,0,0,20,20,0,0,0,0,0,1000.000
44850,0.5888,3.7690,173.42,0.5888,3.7690,0,1,0,0,0,20,20,0,0,0,0,0,1000.000
44860,0.5888,3.7690,173.42,0.5888,3.7690,0,1,0,0,0,20,20,0,0,0,0,0,1000.000
44870,0.5888,3.7690,173.43,0.5888,3.7690,0,1,0,0,0,20,20,0,0,0,0,0,1000.000
44880,0.5888,3.7690,173.45,0.5888,3.7690,0,1,0,0,0,20,20,0,0,0,0,0,1000.000
44890,0.5888,3.7690,173.45,0.5888,3.7690,0,1,0,0,0,20,20,0,0,0,0,0,1000.000
44900,0.5888,3.7690,173.46,0.5888,3.7690,0,1,0,0,0,20,20,0,0,0,0,0,1000.000
44910,0.5888,3.7690,173.47,0.5888,3.7690,0,1,0,0,0,20,20,0,0,0,0,0,1000.000
44920,0.5888,3.7690,173.48,0.5888,3.7690,0,1,0,0,0,20,20,0,0,0,0,0,1000.000
44930,0.5888,3.7690,173.48,0.5888,3.7690,0,1,0,0,0,20,20,0,0,0,0,0,1000.000
44940,0.5888,3.7690,173.50,0.5888,3.7690,0,1,0,0,0,20,20,0,0,0,0,0,1000.000
44950,0.5888,3.7690,173.50,0.5888,3.7690,0,1,0,0,0,20,20,0,0,0,0,0,1000.000
44960,0.5888,3.7690,173.52,0.5888,3.7690,0,1,0,0,0,20,20,0,0,0,0,0,1000.000
44970,0.5888,3.7690,173.52,0.5888,3.7690,0,1,0,0,0,20,20,0,0,0,0,0,1000.000
44980,0.5888,3.7690,173.53,0.5888,3.7690,0,1,0,0,0,20,20,0,0,0,0,0,1000.000
44990,0.5888,3.7690,173.54,0.5888,3.7690,0,1,0,0,0,20,20,0,0,0,0,0,1000.000
45000,0.5888,3.7690,173.55,0.5888,3.7690,0,1,0,0,0,20,20,0,0,0,0,0,1000.000
45010,0.5888,3.7690,173.56,0.5888,3.7690,0,1,0,0,0,20,20,0,0,0,0,0,1000.000
45020,0.5888,3.7690,173.57,0.5888,3.7690,0,1,0,0,0,20,20,0,0,0,0,0,1000.000
45030,0.5888,3.7690,173.57,0.5888,3.7690,0,1,0,0,0,20,20,0,0,0,0,0,1000.000
45040,0.5888,3.7690,173.58,0.5888,3.7690,0,1,0,0,0,20,20,0,0,0,0,0,1000.000
45050,0.5888,3.7690,173.60,0.5888,3.7690,0,1,0,0,0,20,20,0,0,0,0,0,1000.000
45060,0.5888,3.7690,173.60,0.5888,3.7690,0,1,0,0,0,20,20,0,0,0,0,0,1000.000
45070,0.5888,3.7690,173.61,0.5888,3.7690,0,1,0,0,0,20,20,0,0,0,0,0,1000.000
45080,0.5888,3.7690,173.62,0.5888,3.7690,0,1,0,0,0,20,20,0,0,0,0,0,1000.000
45090,0.5888,3.7690,173.62,0.5888,3.7690,0,1,0,0,0,20,20,0,0,0,0,0,1000.000
45100,0.5888,3.7690,173.64,0.5888,3.7690,0,1,0,0,0,20,20,0,0,0,0,0,1000.000
45110,0.5888,3.7690,173.65,0.5888,3.7690,0,1,0,0,0,20,20,0,0,0,0,0,1000.000
45120,0.5888,3.7690,173.65,0.5888,3.7690,0,1,0,0,0,20,20,0,0,0,0,0,1000.000
45130,0.5888,3.7690,173.67,0.5888,3.7690,0,1,0,0,0,20,20,0,0,0,0,0,1000.000
45140,0.5888,3.7690,173.67,0.5888,3.7690,0,1,0,0,0,20,20,0,0,0,0,0,1000.000
45150,0.5888,3.7690,173.68,0.5888,3.7690,0,1,0,0,0,20,20,0,0,0,0,0,1000.000
45160,0.5888,3.7690,173.69,0.5888,3.7690,0,1,0,0,0,20,20,0,0,0,0,0,1000.000
45170,0.5888,3.7690,173.70,0.5888,3.7690,0,1,0,0,0,20,20,0,0,0,0,0,1000.000
45180,0.5888,3.7690,173.71,0.5888,3.7690,0,1,0,0,0,20,20,0,0,0,0,0,1000.000
45190,0.5888,3.7690,173.72,0.5888,3.7690,0,1,0,0,0,20,20,0,0,0,0,0,1000.000
45200,0.5888,3.7690,173.72,0.5888,3.7690,0,1,0,0,0,20,20,0,0,0,0,0,1000.000
45210,0.5888,3.7690,173.74,0.5888,3.7690,0,1,0,0,0,20,20,0,0,0,0,0,1000.000
45220,0.5888,3.7690,173.74,0.5888,3.7690,0,1,0,0,0,20,20,0,0,0,0,0,1000.000
45230,0.5888,3.7690,173.75,0.5888,3.7690,0,1,0,0,0,20,20,0,0,0,0,0,1000.000
45240,0.5888,3.7690,173.76,0.5888,3.7690,0,1,0,0,0,20,20,0,0,0,0,0,1000.000
45250,0.5888,3.7690,173.77,0.5888,3.7690,0,1,0,0,0,20,20,0,0,0,0,0,1000.000
45260,0.5888,3.7690,173.77,0.5888,3.7690,0,1,0,0,0,20,20,0,0,0,0,0,1000.000
45270,0.5888,3.7690,173.79,0.5888,3.7690,0,1,0,0,0,20,20,0,0,0,0,0,1000.000
45280,0.5888,3.7690,173.79,0.5888,3.7690,0,1,0,0,0,20,20,0,0,0,0,0,1000.000
45290,0.5888,3.7690,173.80,0.5888,3.7690,0,1,0,0,0,20,20,0,0,0,0,0,1000.000
45300,0.5888,3.7690,173.81,0.5888,3.7690,0,1,0,0,0,20,20,0,0,0,0,0,1000.000
45310,0.5888,3.7690,173.81,0.5888,3.7690,0,1,0,0,0,20,20,0,0,0,0,0,1000.000
45320,0.5888,3.7690,173.83,0.5888,3.7690,0,1,0,0,0,20,20,0,0,0,0,0,1000.000
45330,0.5888,3.7690,173.83,0.5888,3.7690,0,1,0,0,0,20,20,0,0,0,0,0,1000.000
45340,0.5888,3.7690,173.84,0.5888,3.7690,0,1,0,0,0,20,20,0,0,0,0,0,1000.000
45350,0.5888,3.7690,173.85,0.5888,3.7690,0,1,0,0,0,20,20,0,0,0,0,0,1000.000
45360,0.5888,3.7690,173.86,0.5888,3.7690,0,1,0,0,0,20,20,0,0,0,0,0,1000.000
45370,0.5888,3.7690,173.86,0.5888,3.7690,0,1,0,0,0,20,20,0,0,0,0,0,1000.000
45380,0.5888,3.7690,173.88,0.5888,3.7690,0,1,0,0,0,20,20,0,0,0,0,0,1000.000
45390,0.5888,3.7690,173.88,0.5888,3.7690,0,1,0,0,0,20,20,0,0,0,0,0,1000.000
45400,0.5888,3.7690,173.89,0.5888,3.7690,0,1,0,0,0,20,20,0,0,0,0,0,1000.000
45410,0.5888,3.7690,173.91,0.5888,3.7690,0,1,0,0,0,20,20,0,0,0,0,0,1000.000
45420,0.5888,3.7690,173.91,0.5888,3.7690,0,1,0,0,0,20,20,0,0,0,0,0,1000.000
45430,0.5888,3.7690,173.92,0.5888,3.7690,0,1,0,0,0,20,20,0,0,0,0,0,1000.000
45440,0.5888,3.7690,173.93,0.5888,3.7690,0,1,0,0,0,20,20,0,0,0,0,0,1000.000
45450,0.5888,3.7690,173.93,0.5888,3.7690,0,1,0,0,0,20,20,0,0,0,0,0,1000.000
45460,0.5888,3.7690,173.94,0.5888,3.7690,0,1,0,0,0,20,20,0,0,0,0,0,1000.000
45470,0.5888,3.7690,173.95,0.5888,3.7690,0,1,0,0,0,20,20,0,0,0,0,0,1000.000
45480,0.5888,3.7690,173.96,0.5888,3.7690,0,1,0,0,0,20,20,0,0,0,0,0,1000.000
45490,0.5888,3.7690,173.97,0.5888,3.7690,0,1,0,0,0,20,20,0,0,0,0,0,1000.000
45500,0.5888,3.7690,173.98,0.5888,3.7690,0,1,0,0,0,20,20,0,0,0,0,0,1000.000
45510,0.5888,3.7690,173.98,0.5888,3.7690,0,1,0,0,0,20,20,0,0,0,0,0,1000.000
45520,0.5888,3.7690,174.00,0.5888,3.7690,0,1,0,0,0,20,20,0,0,0,0,0,1000.000
45530,0.5888,3.7690,174.00,0.5888,3.7690,0,1,0,0,0,20,20,0,0,0,0,0,1000.000
45540,0.5888,3.7690,174.01,0.5888,3.7690,0,1,0,0,0,20,20,0,0,0,0,0,1000.000
45550,0.5888,3.7690,174.02,0.5888,3.7690,0,1,0,0,0,20,20,0,0,0,0,0,1000.000
45560,0.5888,3.7690,174.02,0.5888,3.7690,0,1,0,0,0,20,20,0,0,0,0,0,1000.000
45570,0.5888,3.7690,174.03,0.5888,3.7690,0,1,0,0,0,20,20,0,0,0,0,0,1000.000
45580,0.5888,3.7690,174.05,0.5888,3.7690,0,1,0,0,0,20,20,0,0,0,0,0,1000.000
45590,0.5888,3.7690,174.05,0.5888,3.7690,0,1,0,0,0,20,20,0,0,0,0,0,1000.000
45600,0.5888,3.7690,174.06,0.5888,3.7690,0,1,0,0,0,20,20,0,0,0,0,0,1000.000
45610,0.5888,3.7690,174.07,0.5888,3.7690,0,1,0,0,0,20,20,0,0,0,0,0,1000.000
45620,0.5888,3.7690,174.08,0.5888,3.7690,0,1,0,0,0,20,20,0,0,0,0,0,1000.000
45630,0.5888,3.7690,174.09,0.5888,3.7690,0,1,0,0,0,20,20,0,0,0,0,0,1000.000
45640,0.5888,3.7690,174.09,0.5888,3.7690,0,1,0,0,0,20,20,0,0,0,0,0,1000.000
45650,0.5888,3.7690,174.11,0.5888,3.7690,0,1,0,0,0,20,20,0,0,0,0,0,1000.000
45660,0.5888,3.7690,174.11,0.5888,3.7690,0,1,0,0,0,20,20,0,0,0,0,0,1000.000
45670,0.5888,3.7690,174.12,0.5888,3.7690,0,1,0,0,0,20,20,0,0,0,0,0,1000.000
45680,0.5888,3.7690,174.12,0.5888,3.7690,0,1,0,0,0,20,20,0,0,0,0,0,1000.000
45690,0.5888,3.7690,174.14,0.5888,3.7690,0,1,0,0,0,20,20,0,0,0,0,0,1000.000
45700,0.5888,3.7690,174.14,0.5888,3.7690,0,1,0,0,0,20,20,0,0,0,0,0,1000.000
45710,0.5888,3.7690,174.16,0.5888,3.7690,0,1,0,0,0,20,20,0,0,0,0,0,1000.000
45720,0.5888,3.7690,174.16,0.5888,3.7690,0,1,0,0,0,20,20,0,0,0,0,0,1000.000
45730,0.5888,3.7690,174.17,0.5888,3.7690,0,1,0,0,0,20,20,0,0,0,0,0,1000.000
45740,0.5888,3.7690,174.18,0.5888,3.7690,0,1,0,0,0,20,20,0,0,0,0,0,1000.000
45750,0.5888,3.7690,174.18,0.5888,3.7690,0,1,0,0,0,20,20,0,0,0,0,0,1000.000
45760,0.5888,3.7690,174.20,0.5888,3.7690,0,1,0,0,0,20,20,0,0,0,0,0,1000.000
45770,0.5888,3.7690,174.20,0.5888,3.7690,0,1,0,0,0,20,20,0,0,0,0,0,1000.000
45780,0.5888,3.7690,174.21,0.5888,3.7690,0,1,0,0,0,20,20,0,0,0,0,0,1000.000
45790,0.5888,3.7690,174.22,0.5888,3.7690,0,1,0,0,0,20,20,0,0,0,0,0,1000.000
45800,0.5888,3.7690,174.23,0.5888,3.7690,0,1,0,0,0,20,20,0,0,0,0,0,1000.000
45810,0.5888,3.7690,174.23,0.5888,3.7690,0,1,0,0,0,20,20,0,0,0,0,0,1000.000
45820,0.5888,3.7690,174.25,0.5888,3.7690,0,1,0,0,0,20,20,0,0,0,0,0,1000.000
45830,0.5888,3.7690,174.25,0.5888,3.7690,0,1,0,0,0,20,20,0,0,0,0,0,1000.000
45840,0.5888,3.7690,174.26,0.5888,3.7690,0,1,0,0,0,20,20,0,0,0,0,0,1000.000
45850,0.5888,3.7690,174.27,0.5888,3.7690,0,1,0,0,0,20,20,0,0,0,0,0,1000.000
45860,0.5888,3.7690,174.28,0.5888,3.7690,0,1,0,0,0,20,20,0,0,0,0,0,1000.000
45870,0.5888,3.7690,174.29,0.5888,3.7690,0,1,0,0,0,20,20,0,0,0,0,0,1000.000
45880,0.5888,3.7690,174.30,0.5888,3.7690,0,1,0,0,0,20,20,0,0,0,0,0,1000.000
45890,0.5888,3.7690,174.30,0.5888,3.7690,0,1,0,0,0,20,20,0,0,0,0,0,1000.000
45900,0.5888,3.7690,174.31,0.5888,3.7690,0,1,0,0,0,20,20,0,0,0,0,0,1000.000
45910,0.5888,3.7690,174.32,0.5888,3.7690,0,1,0,0,0,20,20,0,0,0,0,0,1000.000
45920,0.5888,3.7690,174.32,0.5888,3.7690,0,1,0,0,0,20,20,0,0,0,0,0,1000.000
45930,0.5888,3.7690,174.34,0.5888,3.7690,0,1,0,0,0,20,20,0,0,0,0,0,1000.000
45940,0.5888,3.7690,174.34,0.5888,3.7690,0,1,0,0,0,20,20,0,0,0,0,0,1000.000
45950,0.5888,3.7690,174.35,0.5888,3.7690,0,1,0,0,0,20,20,0,0,0,0,0,1000.000
45960,0.5888,3.7690,174.37,0.5888,3.7690,0,1,0,0,0,20,20,0,0,0,0,0,1000.000
45970,0.5888,3.7690,174.37,0.5888,3.7690,0,1,0,0,0,20,20,0,0,0,0,0,1000.000
45980,0.5888,3.7690,174.38,0.5888,3.7690,0,1,0,0,0,20,20,0,0,0,0,0,1000.000
45990,0.5888,3.7690,174.39,0.5888,3.7690,0,1,0,0,0,20,20,0,0,0,0,0,1000.000
46000,0.5888,3.7690,174.39,0.5888,3.7690,0,1,0,0,0,20,20,0,0,0,0,0,1000.000
46010,0.5888,3.7690,174.40,0.5888,3.7690,0,1,0,0,0,20,20,0,0,0,0,0,1000.000
46020,0.5888,3.7690,174.41,0.5888,3.7690,0,1,0,0,0,20,20,0,0,0,0,0,1000.000
46030,0.5888,3.7690,174.41,0.5888,3.7690,0,1,0,0,0,20,20,0,0,0,0,0,1000.000
46040,0.5888,3.7690,174.42,0.5888,3.7690,0,1,0,0,0,20,20,0,0,0,0,0,1000.000
46050,0.5888,3.7690,174.43,0.5888,3.7690,0,1,0,0,0,20,20,0,0,0,0,0,1000.000
46060,0.5888,3.7690,174.44,0.5888,3.7690,0,1,0,0,0,20,20,0,0,0,0,0,1000.000
46070,0.5888,3.7690,174.44,0.5888,3.7690,0,1,0,0,0,20,20,0,0,0,0,0,1000.000
46080,0.5888,3.7690,174.45,0.5888,3.7690,0,1,0,0,0,20,20,0,0,0,0,0,1000.000
46090,0.5888,3.7690,174.45,0.5888,3.7690,0,1,0,0,0,20,20,0,0,0,0,0,1000.000
46100,0.5888,3.7690,174.47,0.5888,3.7690,0,1,0,0,0,20,20,0,0,0,0,0,1000.000
46110,0.5888,3.7690,174.47,0.5888,3.7690,0,1,0,0,0,20,20,0,0,0,0,0,1000.000
46120,0.5888,3.7690,174.48,0.5888,3.7690,0,1,0,0,0,20,20,0,0,0,0,0,1000.000
46130,0.5888,3.7690,174.49,0.5888,3.7690,0,1,0,0,0,20,20,0,0,0,0,0,1000.000
46140,0.5888,3.7690,174.49,0.5888,3.7690,0,1,0,0,0,20,20,0,0,0,0,0,1000.000
46150,0.5888,3.7690,174.51,0.5888,3.7690,0,1,0,0,0,20,20,0,0,0,0,0,1000.000
46160,0.5888,3.7690,174.51,0.5888,3.7690,0,1,0,0,0,20,20,0,0,0,0,0,1000.000
46170,0.5888,3.7690,174.51,0.5888,3.7690,0,1,0,0,0,20,20,0,0,0,0,0,1000.000
46180,0.5888,3.7690,174.52,0.5888,3.7690,0,1,0,0,0,20,20,0,0,0,0,0,1000.000
46190,0.5888,3.7690,174.53,0.5888,3.7690,0,1,0,0,0,20,20,0,0,0,0,0,1000.000
46200,0.5888,3.7690,174.54,0.5888,3.7690,0,1,0,0,0,20,20,0,0,0,0,0,1000.000
46210,0.5888,3.7690,174.54,0.5888,3.7690,0,1,0,0,0,20,20,0,0,0,0,0,1000.000
46220,0.5888,3.7690,174.55,0.5888,3.7690,0,1,0,0,0,20,20,0,0,0,0,0,1000.000
46230,0.5888,3.7690,174.56,0.5888,3.7690,0,1,0,0,0,20,20,0,0,0,0,0,1000.000
46240,0.5888,3.7690,174.57,0.5888,3.7690,0,1,0,0,0,20,20,0,0,0,0,0,1000.000
46250,0.5888,3.7690,174.57,0.5888,3.7690,0,1,0,0,0,20,20,0,0,0,0,0,1000.000
46260,0.5888,3.7690,174.58,0.5888,3.7690,0,1,0,0,0,20,20,0,0,0,0,0,1000.000
46270,0.5888,3.7690,174.58,0.5888,3.7690,0,1,0,0,0,20,20,0,0,0,0,0,1000.000
46280,0.5888,3.7690,174.60,0.5888,3.7690,0,1,0,0,0,20,20,0,0,0,0,0,1000.000
46290,0.5888,3.7690,174.60,0.5888,3.7690,0,1,0,0,0,20,20,0,0,0,0,0,1000.000
46300,0.5888,3.7690,174.61,0.5888,3.7690,0,1,0,0,0,20,20,0,0,0,0,0,1000.000
46310,0.5888,3.7690,174.62,0.5888,3.7690,0,1,0,0,0,20,20,0,0,0,0,0,1000.000
46320,0.5888,3.7690,174.62,0.5888,3.7690,0,1,0,0,0,20,20,0,0,0,0,0,1000.000
46330,0.5888,3.7690,174.64,0.5888,3.7690,0,1,0,0,0,20,20,0,0,0,0,0,1000.000
46340,0.5888,3.7690,174.64,0.5888,3.7690,0,1,0,0,0,20,20,0,0,0,0,0,1000.000
46350,0.5888,3.7690,174.64,0.5888,3.7690,0,1,0,0,0,20,20,0,0,0,0,0,1000.000
46360,0.5888,3.7690,174.65,0.5888,3.7690,0,1,0,0,0,20,20,0,0,0,0,0,1000.000
46370,0.5888,3.7690,174.66,0.5888,3.7690,0,1,0,0,0,20,20,0,0,0,0,0,1000.000
46380,0.5888,3.7690,174.67,0.5888,3.7690,0,1,0,0,0,20,20,0,0,0,0,0,1000.000
46390,0.5888,3.7690,174.67,0.5888,3.7690,0,1,0,0,0,20,20,0,0,0,0,0,1000.000
46400,0.5888,3.7690,174.68,0.5888,3.7690,0,1,0,0,0,20,20,0,0,0,0,0,1000.000
46410,0.5888,3.7690,174.69,0.5888,3.7690,0,1,0,0,0,20,20,0,0,0,0,0,1000.000
46420,0.5888,3.7690,174.70,0.5888,3.7690,0,1,0,0,0,20,20,0,0,0,0,0,1000.000
46430,0.5888,3.7690,174.70,0.5888,3.7690,0,1,0,0,0,20,20,0,0,0,0,0,1000.000
46440,0.5888,3.7690,174.71,0.5888,3.7690,0,1,0,0,0,20,20,0,0,0,0,0,1000.000
46450,0.5888,3.7690,174.71,0.5888,3.7690,0,1,0,0,0,20,20,0,0,0,0,0,1000.000
46460,0.5888,3.7690,174.73,0.5888,3.7690,0,1,0,0,0,20,20,0,0,0,0,0,1000.000
46470,0.5888,3.7690,174.73,0.5888,3.7690,0,1,0,0,0,20,20,0,0,0,0,0,1000.000
46480,0.5888,3.7690,174.74,0.5888,3.7690,0,1,0,0,0,20,20,0,0,0,0,0,1000.000
46490,0.5888,3.7690,174.75,0.5888,3.7690,0,1,0,0,0,20,20,0,0,0,0,0,1000.000
46500,0.5888,3.7690,174.75,0.5888,3.7690,0,1,0,0,0,20,20,0,0,0,0,0,1000.000
46510,0.5888,3.7690,174.77,0.5888,3.7690,0,1,0,0,0,20,20,0,0,0,0,0,1000.000
46520,0.5888,3.7690,174.77,0.5888,3.7690,0,1,0,0,0,20,20,0,0,0,0,0,1000.000
46530,0.5888,3.7690,174.77,0.5888,3.7690,0,1,0,0,0,20,20,0,0,0,0,0,1000.000
46540,0.5888,3.7690,174.78,0.5888,3.7690,0,1,0,0,0,20,20,0,0,0,0,0,1000.000
46550,0.5888,3.7690,174.80,0.5888,3.7690,0,1,0,0,0,20,20,0,0,0,0,0,1000.000
46560,0.5888,3.7690,174.80,0.5888,3.7690,0,1,0,0,0,20,20,0,0,0,0,0,1000.000
46570,0.5888,3.7690,174.80,0.5888,3.7690,0,1,0,0,0,20,20,0,0,0,0,0,1000.000
46580,0.5888,3.7690,174.81,0.5888,3.7690,0,1,0,0,0,20,20,0,0,0,0,0,1000.000
46590,0.5888,3.7690,174.82,0.5888,3.7690,0,1,0,0,0,20,20,0,0,0,0,0,1000.000
46600,0.5888,3.7690,174.83,0.5888,3.7690,0,1,0,0,0,20,20,0,0,0,0,0,1000.000
46610,0.5888,3.7690,174.83,0.5888,3.7690,0,1,0,0,0,20,20,0,0,0,0,0,1000.000
46620,0.5888,3.7690,174.84,0.5888,3.7690,0,1,0,0,0,20,20,0,0,0,0,0,1000.000
46630,0.5888,3.7690,174.84,0.5888,3.7690,0,1,0,0,0,20,20,0,0,0,0,0,1000.000
46640,0.5888,3.7690,174.86,0.5888,3.7690,0,1,0,0,0,20,20,0,0,0,0,0,1000.000
46650,0.5888,3.7690,174.86,0.5888,3.7690,0,1,0,0,0,20,20,0,0,0,0,0,1000.000
46660,0.5888,3.7690,174.87,0.5888,3.7690,0,1,0,0,0,20,20,0,0,0,0,0,1000.000
46670,0.5888,3.7690,174.88,0.5888,3.7690,0,1,0,0,0,20,20,0,0,0,0,0,1000.000
46680,0.5888,3.7690,174.88,0.5888,3.7690,0,1,0,0,0,20,20,0,0,0,0,0,1000.000
46690,0.5888,3.7690,174.90,0.5888,3.7690,0,1,0,0,0,20,20,0,0,0,0,0,1000.000
46700,0.5888,3.7690,174.90,0.5888,3.7690,0,1,0,0,0,20,20,0,0,0,0,0,1000.000
46710,0.5888,3.7690,174.90,0.5888,3.7690,0,1,0,0,0,20,20,0,0,0,0,0,1000.000
46720,0.5888,3.7690,174.91,0.5888,3.7690,0,1,0,0,0,20,20,0,0,0,0,0,1000.000
46730,0.5888,3.7690,174.93,0.5888,3.7690,0,1,0,0,0,20,20,0,0,0,0,0,1000.000
46740,0.5888,3.7690,174.93,0.5888,3.7690,0,1,0,0,0,20,20,0,0,0,0,0,1000.000
46750,0.5888,3.7690,174.93,0.5888,3.7690,0,1,0,0,0,20,20,0,0,0,0,0,1000.000
46760,0.5888,3.7690,174.94,0.5888,3.7690,0,1,0,0,0,20,20,0,0,0,0,0,1000.000
46770,0.5888,3.7690,174.95,0.5888,3.7690,0,1,0,0,0,20,20,0,0,0,0,0,1000.000
46780,0.5888,3.7690,174.96,0.5888,3.7690,0,1,0,0,0,20,20,0,0,0,0,0,1000.000
46790,0.5888,3.7690,174.96,0.5888,3.7690,0,1,0,0,0,20,20,0,0,0,0,0,1000.000
46800,0.5888,3.7690,174.97,0.5888,3.7690,0,1,0,0,0,20,20,0,0,0,0,0,1000.000
46810,0.5888,3.7690,174.97,0.5888,3.7690,0,1,0,0,0,20,20,0,0,0,0,0,1000.000
46820,0.5888,3.7690,174.99,0.5888,3.7690,0,1,0,0,0,20,20,0,0,0,0,0,1000.000
46830,0.5888,3.7690,174.99,0.5888,3.7690,0,1,0,0,0,20,20,0,0,0,0,0,1000.000
46840,0.5888,3.7690,175.00,0.5888,3.7690,0,1,0,0,0,20,20,0,0,0,0,0,1000.000
46850,0.5888,3.7690,175.00,0.5888,3.7690,0,1,1,0,0,20,20,0,0,0,0,0,1000.000
46860,0.5888,3.7690,175.01,0.5888,3.7690,0,1,1,0,0,20,20,0,0,0,0,0,1000.000
46870,0.5888,3.7690,175.01,0.5888,3.7690,0,1,1,0,0,20,20,0,0,0,0,0,1000.000
46880,0.5888,3.7690,175.02,0.5888,3.7690,0,1,1,0,0,20,20,0,0,0,0,0,1000.000
46890,0.5888,3.7690,175.02,0.5888,3.7690,0,1,1,0,0,20,20,0,0,0,0,0,1000.000
46900,0.5888,3.7690,175.03,0.5888,3.7690,0,1,1,0,0,20,20,75,7,0,0,0,0.319
46910,0.5887,3.7690,175.03,0.5887,3.7690,0,1,1,0,0,20,20,75,7,0,0,0,0.319
46920,0.5885,3.7690,175.04,0.5885,3.7690,0,1,1,0,0,20,20,75,7,0,0,0,0.319
46930,0.5881,3.7691,175.04,0.5881,3.7691,0,1,1,0,0,20,20,75,7,0,0,0,0.318
46940,0.5874,3.7691,175.04,0.5874,3.7691,0,1,1,0,0,20,20,75,7,0,0,0,0.317
46950,0.5866,3.7692,175.05,0.5866,3.7692,0,1,1,0,0,20,20,75,6,0,0,0,0.317
46960,0.5856,3.7692,175.05,0.5856,3.7692,0,1,1,0,0,20,20,75,6,0,0,0,0.316
46970,0.5844,3.7693,175.05,0.5844,3.7693,0,1,1,0,0,20,20,75,6,0,0,0,0.314
46980,0.5830,3.7694,175.05,0.5830,3.7694,0,1,1,0,0,20,20,75,6,0,0,0,0.313
46990,0.5814,3.7694,175.06,0.5814,3.7694,0,1,1,0,0,20,20,75,6,0,0,0,0.311
47000,0.5796,3.7695,175.06,0.5796,3.7695,0,1,1,0,0,20,20,75,6,0,0,0,0.310
47010,0.5776,3.7696,175.06,0.5776,3.7696,0,1,1,0,0,20,20,75,6,0,0,0,0.308
47020,0.5754,3.7697,175.06,0.5754,3.7697,0,1,1,0,0,20,20,75,6,0,0,0,0.305
47030,0.5730,3.7699,175.07,0.5730,3.7699,0,1,1,0,0,20,20,75,6,0,0,0,0.303
47040,0.5705,3.7700,175.07,0.5705,3.7700,0,1,1,0,0,20,20,75,6,0,0,0,0.300
47050,0.5677,3.7701,175.07,0.5677,3.7701,0,1,1,0,0,20,20,75,6,0,0,0,0.298
47060,0.5648,3.7703,175.07,0.5648,3.7703,0,1,1,0,0,20,20,75,6,0,0,0,0.295
47070,0.5617,3.7704,175.07,0.5617,3.7704,0,1,1,0,0,20,20,75,6,0,0,0,0.292
47080,0.5583,3.7706,175.08,0.5583,3.7706,0,1,1,0,0,20,20,75,6,0,0,0,0.288
47090,0.5548,3.7707,175.08,0.5548,3.7707,0,1,1,0,0,20,20,75,6,0,0,0,0.285
47100,0.5511,3.7709,175.08,0.5511,3.7709,0,1,1,0,0,20,20,75,6,0,0,0,0.281
47110,0.5472,3.7711,175.08,0.5472,3.7711,0,1,1,0,0,20,20,75,6,0,0,0,0.277
47120,0.5431,3.7713,175.09,0.5431,3.7713,0,1,1,0,0,20,20,75,6,0,0,0,0.273
47130,0.5389,3.7715,175.09,0.5389,3.7715,0,1,1,0,0,20,20,75,6,0,0,0,0.269
47140,0.5344,3.7717,175.09,0.5344,3.7717,0,1,1,0,0,20,20,75,6,0,0,0,0.264
47150,0.5297,3.7719,175.09,0.5297,3.7719,0,1,1,0,0,20,20,75,6,0,0,0,0.260
47160,0.5249,3.7721,175.10,0.5249,3.7721,0,1,1,0,0,20,20,75,6,0,0,0,0.255
47170,0.5198,3.7723,175.10,0.5198,3.7723,0,1,1,0,0,20,20,75,6,0,0,0,0.250
47180,0.5146,3.7726,175.10,0.5146,3.7726,0,1,1,0,0,20,20,75,6,0,0,0,0.245
47190,0.5092,3.7728,175.10,0.5092,3.7728,0,1,1,0,0,20,20,75,6,0,0,0,0.239
47200,0.5035,3.7730,175.11,0.5035,3.7730,0,1,1,0,0,20,20,75,6,0,0,0,0.234
47210,0.4978,3.7733,175.11,0.4978,3.7733,0,1,1,0,0,20,20,75,6,0,0,0,0.228
47220,0.4919,3.7734,175.11,0.4919,3.7734,0,1,1,0,0,20,20,75,6,0,0,0,0.222
47230,0.4859,3.7734,175.11,0.4859,3.7734,0,1,1,0,0,20,20,75,6,0,0,0,0.216
47240,0.4799,3.7735,175.11,0.4799,3.7735,0,1,1,0,0,20,20,75,6,0,0,0,0.210
47250,0.4739,3.7735,175.12,0.4739,3.7735,0,1,1,0,0,20,20,75,6,0,0,0,0.204
47260,0.4679,3.7735,175.12,0.4679,3.7735,0,1,1,0,0,20,20,75,6,0,0,0,0.198
47270,0.4619,3.7736,175.12,0.4619,3.7736,0,1,1,0,0,20,20,75,6,0,0,0,0.192
47280,0.4560,3.7736,175.12,0.4560,3.7736,0,1,1,0,0,20,20,75,6,0,0,0,0.186
47290,0.4500,3.7736,175.12,0.4500,3.7736,0,1,1,0,0,20,20,75,6,0,0,0,0.180
47300,0.4440,3.7736,175.13,0.4440,3.7736,0,1,1,0,0,20,20,75,6,0,0,0,0.174
47310,0.4380,3.7737,175.13,0.4380,3.7737,0,1,1,0,0,20,20,75,6,0,0,0,0.168
47320,0.4320,3.7737,175.13,0.4320,3.7737,0,1,1,0,0,20,20,75,6,0,0,0,0.162
47330,0.4260,3.7738,175.13,0.4260,3.7738,0,1,1,0,0,20,20,73,5,1,0,0,0.156
47340,0.4202,3.7738,175.13,0.4202,3.7738,0,1,1,0,0,20,20,72,5,1,0,0,0.150
47350,0.4144,3.7739,175.14,0.4144,3.7739,0,1,1,0,0,20,20,70,5,1,0,0,0.144
47360,0.4088,3.7740,175.15,0.4088,3.7740,0,1,1,0,0,20,20,68,5,1,0,0,0.139
47370,0.4034,3.7741,175.15,0.4034,3.7741,0,1,1,0,0,20,20,67,5,1,0,0,0.133
47380,0.3981,3.7741,175.15,0.3981,3.7741,0,1,1,0,0,20,20,65,5,1,0,0,0.128
47390,0.3929,3.7742,175.15,0.3929,3.7742,0,1,1,0,0,20,20,64,5,1,0,0,0.123
47400,0.3878,3.7742,175.16,0.3878,3.7742,0,1,1,0,0,20,20,62,5,1,0,0,0.118
47410,0.3829,3.7743,175.16,0.3829,3.7743,0,1,1,0,0,20,20,60,4,1,0,0,0.113
47420,0.3781,3.7743,175.16,0.3781,3.7743,0,1,1,0,0,20,20,59,4,1,0,0,0.108
47430,0.3734,3.7744,175.16,0.3734,3.7744,0,1,1,0,0,20,20,57,4,1,0,0,0.103
47440,0.3689,3.7745,175.17,0.3689,3.7745,0,1,1,0,0,20,20,56,4,1,0,0,0.099
47450,0.3644,3.7745,175.17,0.3644,3.7745,0,1,1,0,0,20,20,54,4,1,0,0,0.094
47460,0.3601,3.7746,175.18,0.3601,3.7746,0,1,1,0,0,20,20,53,4,1,0,0,0.090
47470,0.3559,3.7746,175.18,0.3559,3.7746,1,1,0,0,0,20,20,0,0,0,0,0,1000.000
47480,0.3520,3.7746,175.18,0.3520,3.7746,1,1,0,0,0,20,20,0,0,0,0,0,1000.000
47490,0.3483,3.7746,175.18,0.3483,3.7746,1,1,0,0,0,20,20,0,0,0,0,0,1000.000
47500,0.3447,3.7746,175.18,0.3447,3.7746,1,1,0,0,0,20,20,0,0,0,0,0,1000.000
47510,0.3414,3.7745,175.18,0.3414,3.7745,1,1,0,0,0,20,20,0,0,0,0,0,1000.000
47520,0.3382,3.7745,175.18,0.3382,3.7745,1,1,0,0,0,20,20,0,0,0,0,0,1000.000
47530,0.3353,3.7744,175.18,0.3353,3.7744,1,1,0,0,0,20,20,0,0,0,0,0,1000.000
47540,0.3325,3.7743,175.18,0.3325,3.7743,1,1,0,0,0,20,20,0,0,0,0,0,1000.000
47550,0.3300,3.7742,175.18,0.3300,3.7742,1,1,1,0,0,20,20,0,0,0,0,0,1000.000
47560,0.3276,3.7741,175.18,0.3276,3.7741,1,1,1,0,0,20,20,0,0,0,0,0,1000.000
47570,0.3255,3.7740,175.18,0.3255,3.7740,1,1,1,0,0,20,20,0,0,0,0,0,1000.000
47580,0.3235,3.7738,175.18,0.3235,3.7738,1,1,1,0,0,20,20,0,0,0,0,0,1000.000
47590,0.3218,3.7737,175.18,0.3218,3.7737,1,1,1,0,0,20,20,0,0,0,0,0,1000.000
47600,0.3201,3.7736,175.19,0.3201,3.7736,1,1,1,0,0,20,20,-13,53,0,1,0,1.320
47610,0.3187,3.7734,175.20,0.3187,3.7734,1,1,1,0,0,20,20,-13,53,0,1,0,1.320
47620,0.3175,3.7733,175.20,0.3175,3.7733,1,1,1,0,0,20,20,-13,53,0,1,0,1.320
47630,0.3165,3.7731,175.21,0.3165,3.7731,1,1,1,0,0,20,20,-12,53,0,1,0,1.320
47640,0.3157,3.7729,175.22,0.3157,3.7729,1,1,1,0,0,20,20,-12,53,0,1,0,1.319
47650,0.3151,3.7727,175.23,0.3151,3.7727,1,1,1,0,0,20,20,-12,53,0,1,0,1.319
47660,0.3147,3.7725,175.23,0.3147,3.7725,1,1,1,0,0,20,20,-12,53,0,1,0,1.319
47670,0.3143,3.7722,175.24,0.3143,3.7722,1,1,1,0,0,20,20,-12,53,0,1,0,1.319
47680,0.3140,3.7717,175.24,0.3140,3.7717,1,1,1,0,0,20,20,-12,53,0,1,0,1.318
47690,0.3137,3.7710,175.25,0.3137,3.7710,1,1,1,0,0,20,20,-12,53,0,1,0,1.318
47700,0.3135,3.7702,175.25,0.3135,3.7702,1,1,1,0,0,20,20,-12,53,0,1,0,1.317
47710,0.3133,3.7692,175.26,0.3133,3.7692,1,1,1,0,0,20,20,-12,53,0,1,0,1.316
47720,0.3131,3.7681,175.26,0.3131,3.7681,1,1,1,0,0,20,20,-12,53,0,1,0,1.315
47730,0.3130,3.7668,175.27,0.3130,3.7668,1,1,1,0,0,20,20,-12,53,0,1,0,1.313
47740,0.3129,3.7654,175.27,0.3129,3.7654,1,1,1,0,0,20,20,-12,53,0,1,0,1.312
47750,0.3128,3.7638,175.28,0.3128,3.7638,1,1,1,0,0,20,20,-12,53,0,1,0,1.310
47760,0.3128,3.7620,175.28,0.3128,3.7620,1,1,1,0,0,20,20,-12,53,0,1,0,1.309
47770,0.3128,3.7601,175.29,0.3128,3.7601,1,1,1,0,0,20,20,-12,53,0,1,0,1.307
47780,0.3128,3.7580,175.29,0.3128,3.7580,1,1,1,0,0,20,20,-12,53,0,1,0,1.305
47790,0.3128,3.7558,175.30,0.3128,3.7558,1,1,1,0,0,20,20,-12,53,0,1,0,1.302
47800,0.3129,3.7534,175.30,0.3129,3.7534,1,1,1,0,0,20,20,-12,53,0,1,0,1.300
47810,0.3131,3.7509,175.31,0.3131,3.7509,1,1,1,0,0,20,20,-12,53,0,1,0,1.297
47820,0.3132,3.7482,175.31,0.3132,3.7482,1,1,1,0,0,20,20,-12,53,0,1,0,1.295
47830,0.3134,3.7453,175.32,0.3134,3.7453,1,1,1,0,0,20,20,-12,53,0,1,0,1.292
47840,0.3136,3.7423,175.32,0.3136,3.7423,1,1,1,0,0,20,20,-12,53,0,1,0,1.289
47850,0.3139,3.7391,175.33,0.3139,3.7391,1,1,1,0,0,20,20,-12,53,0,1,0,1.286
47860,0.3142,3.7358,175.33,0.3142,3.7358,1,1,1,0,0,20,20,-12,53,0,1,0,1.282
47870,0.3145,3.7323,175.34,0.3145,3.7323,1,1,1,0,0,20,20,-12,53,0,1,0,1.279
47880,0.3148,3.7287,175.34,0.3148,3.7287,1,1,1,0,0,20,20,-12,53,0,1,0,1.275
47890,0.3152,3.7249,175.35,0.3152,3.7249,1,1,1,0,0,20,20,-12,53,0,1,0,1.271
47900,0.3155,3.7209,175.35,0.3155,3.7209,1,1,1,0,0,20,20,-12,53,0,1,0,1.267
47910,0.3160,3.7168,175.36,0.3160,3.7168,1,1,1,0,0,20,20,-12,53,0,1,0,1.263
47920,0.3165,3.7126,175.36,0.3165,3.7126,1,1,1,0,0,20,20,-12,53,0,1,0,1.259
47930,0.3171,3.7084,175.36,0.3171,3.7084,1,1,1,0,0,20,20,-12,53,0,1,0,1.255
47940,0.3178,3.7041,175.36,0.3178,3.7041,1,1,1,0,0,20,20,-12,53,0,1,0,1.251
47950,0.3184,3.6998,175.36,0.3184,3.6998,1,1,1,0,0,20,20,-12,53,0,1,0,1.246
47960,0.3190,3.6955,175.37,0.3190,3.6955,1,1,1,0,0,20,20,-12,53,0,1,0,1.242
47970,0.3196,3.6912,175.37,0.3196,3.6912,1,1,1,0,0,20,20,-12,53,0,1,0,1.238
47980,0.3202,3.6870,175.37,0.3202,3.6870,1,1,1,0,0,20,20,-12,53,0,1,0,1.233
47990,0.3208,3.6827,175.38,0.3208,3.6827,1,1,1,0,0,20,20,-12,53,0,1,0,1.229
48000,0.3214,3.6784,175.38,0.3214,3.6784,1,1,1,0,0,20,20,-12,53,0,1,0,1.225
48010,0.3220,3.6741,175.38,0.3220,3.6741,1,1,1,0,0,20,20,-12,53,0,1,0,1.221
48020,0.3226,3.6698,175.38,0.3226,3.6698,1,1,1,0,0,20,20,-12,53,0,1,0,1.216
48030,0.3233,3.6655,175.38,0.3233,3.6655,1,1,1,0,0,20,20,-12,53,0,1,0,1.212
48040,0.3239,3.6613,175.39,0.3239,3.6613,1,1,1,0,0,20,20,-12,53,0,1,0,1.208
48050,0.3245,3.6570,175.39,0.3245,3.6570,1,1,1,0,0,20,20,-12,53,0,1,0,1.203
48060,0.3251,3.6527,175.39,0.3251,3.6527,1,1,1,0,0,20,20,-12,53,0,1,0,1.199
48070,0.3257,3.6484,175.39,0.3257,3.6484,1,1,1,0,0,20,20,-12,53,0,1,0,1.195
48080,0.3263,3.6441,175.39,0.3263,3.6441,1,1,1,0,0,20,20,-12,53,0,1,0,1.191
48090,0.3269,3.6399,175.40,0.3269,3.6399,1,1,1,0,0,20,20,-12,53,0,1,0,1.186
48100,0.3275,3.6356,175.40,0.3275,3.6356,1,1,1,0,0,20,20,-12,53,0,1,0,1.182
48110,0.3282,3.6313,175.40,0.3282,3.6313,1,1,1,0,0,20,20,-12,53,0,1,0,1.178
48120,0.3288,3.6270,175.40,0.3288,3.6270,1,1,1,0,0,20,20,-12,53,0,1,0,1.174
48130,0.3294,3.6227,175.40,0.3294,3.6227,1,1,1,0,0,20,20,-12,53,0,1,0,1.169
48140,0.3300,3.6185,175.41,0.3300,3.6185,1,1,1,0,0,20,20,-12,53,0,1,0,1.165
48150,0.3306,3.6142,175.41,0.3306,3.6142,1,1,1,0,0,20,20,-12,53,0,1,0,1.161
48160,0.3312,3.6099,175.41,0.3312,3.6099,1,1,1,0,0,20,20,-12,53,0,1,0,1.156
48170,0.3318,3.6056,175.41,0.3318,3.6056,1,1,1,0,0,20,20,-12,53,0,1,0,1.152
48180,0.3325,3.6013,175.42,0.3325,3.6013,1,1,1,0,0,20,20,-12,53,0,1,0,1.148
48190,0.3331,3.5971,175.42,0.3331,3.5971,1,1,1,0,0,20,20,-12,53,0,1,0,1.144
48200,0.3337,3.5928,175.42,0.3337,3.5928,1,1,1,0,0,20,20,-12,53,0,1,0,1.139
48210,0.3343,3.5885,175.42,0.3343,3.5885,1,1,1,0,0,20,20,-12,53,0,1,0,1.135
48220,0.3349,3.5842,175.42,0.3349,3.5842,1,1,1,0,0,20,20,-12,53,0,1,0,1.131
48230,0.3355,3.5799,175.43,0.3355,3.5799,1,1,1,0,0,20,20,-12,53,0,1,0,1.126
48240,0.3362,3.5756,175.43,0.3362,3.5756,1,1,1,0,0,20,20,-12,53,0,1,0,1.122
48250,0.3368,3.5714,175.43,0.3368,3.5714,1,1,1,0,0,20,20,-12,53,0,1,0,1.118
48260,0.3374,3.5671,175.44,0.3374,3.5671,1,1,1,0,0,20,20,-12,53,0,1,0,1.114
48270,0.3380,3.5628,175.44,0.3380,3.5628,1,1,1,0,0,20,20,-12,53,0,1,0,1.109
48280,0.3386,3.5585,175.44,0.3386,3.5585,1,1,1,0,0,20,20,-12,53,0,1,0,1.105
48290,0.3392,3.5542,175.44,0.3392,3.5542,1,1,1,0,0,20,20,-12,53,0,1,0,1.101
48300,0.3399,3.5500,175.44,0.3399,3.5500,1,1,1,0,0,20,20,-12,53,0,1,0,1.096
48310,0.3405,3.5457,175.45,0.3405,3.5457,1,1,1,0,0,20,20,-12,53,0,1,0,1.092
48320,0.3411,3.5414,175.45,0.3411,3.5414,1,1,1,0,0,20,20,-12,53,0,1,0,1.088
48330,0.3417,3.5371,175.45,0.3417,3.5371,1,1,1,0,0,20,20,-12,53,0,1,0,1.084
48340,0.3423,3.5328,175.45,0.3423,3.5328,1,1,1,0,0,20,20,-12,53,0,1,0,1.079
48350,0.3429,3.5286,175.45,0.3429,3.5286,1,1,1,0,0,20,20,-12,53,0,1,0,1.075
48360,0.3436,3.5243,175.46,0.3436,3.5243,1,1,1,0,0,20,20,-12,53,0,1,0,1.071
48370,0.3442,3.5200,175.46,0.3442,3.5200,1,1,1,0,0,20,20,-12,53,0,1,0,1.066
48380,0.3448,3.5157,175.46,0.3448,3.5157,1,1,1,0,0,20,20,-12,53,0,1,0,1.062
48390,0.3454,3.5114,175.46,0.3454,3.5114,1,1,1,0,0,20,20,-12,53,0,1,0,1.058
48400,0.3460,3.5072,175.46,0.3460,3.5072,1,1,1,0,0,20,20,-12,53,0,1,0,1.054
48410,0.3466,3.5029,175.47,0.3466,3.5029,1,1,1,0,0,20,20,-12,53,0,1,0,1.049
48420,0.3473,3.4986,175.47,0.3473,3.4986,1,1,1,0,0,20,20,-12,53,0,1,0,1.045
48430,0.3479,3.4943,175.47,0.3479,3.4943,1,1,1,0,0,20,20,-12,53,0,1,0,1.041
48440,0.3485,3.4900,175.47,0.3485,3.4900,1,1,1,0,0,20,20,-12,53,0,1,0,1.037
48450,0.3491,3.4858,175.47,0.3491,3.4858,1,1,1,0,0,20,20,-12,53,0,1,0,1.032
48460,0.3497,3.4815,175.48,0.3497,3.4815,1,1,1,0,0,20,20,-12,53,0,1,0,1.028
48470,0.3504,3.4772,175.48,0.3504,3.4772,1,1,1,0,0,20,20,-12,53,0,1,0,1.024
48480,0.3510,3.4729,175.48,0.3510,3.4729,1,1,1,0,0,20,20,-12,53,0,1,0,1.019
48490,0.3516,3.4686,175.48,0.3516,3.4686,1,1,1,0,0,20,20,-12,53,0,1,0,1.015
48500,0.3522,3.4644,175.48,0.3522,3.4644,1,1,1,0,0,20,20,-12,53,0,1,0,1.011
48510,0.3528,3.4601,175.49,0.3528,3.4601,1,1,1,0,0,20,20,-12,53,0,1,0,1.007
48520,0.3535,3.4558,175.49,0.3535,3.4558,1,1,1,0,0,20,20,-12,53,0,1,0,1.002
48530,0.3541,3.4515,175.49,0.3541,3.4515,1,1,1,0,0,20,20,-12,53,0,1,0,0.998
48540,0.3547,3.4472,175.49,0.3547,3.4472,1,1,1,0,0,20,20,-12,53,0,1,0,0.994
48550,0.3553,3.4430,175.49,0.3553,3.4430,1,1,1,0,0,20,20,-12,53,0,1,0,0.989
48560,0.3559,3.4387,175.50,0.3559,3.4387,1,1,1,0,0,20,20,-12,53,0,1,0,0.985
48570,0.3566,3.4344,175.50,0.3566,3.4344,1,1,1,0,0,20,20,-12,53,0,1,0,0.981
48580,0.3572,3.4301,175.50,0.3572,3.4301,1,1,1,0,0,20,20,-12,53,0,1,0,0.977
48590,0.3578,3.4258,175.51,0.3578,3.4258,1,1,1,0,0,20,20,-12,53,0,1,0,0.972
48600,0.3584,3.4216,175.51,0.3584,3.4216,1,1,1,0,0,20,20,-12,53,0,1,0,0.968
48610,0.3591,3.4173,175.51,0.3591,3.4173,1,1,1,0,0,20,20,-12,53,0,1,0,0.964
48620,0.3597,3.4130,175.51,0.3597,3.4130,1,1,1,0,0,20,20,-12,53,0,1,0,0.959
48630,0.3603,3.4087,175.51,0.3603,3.4087,1,1,1,0,0,20,20,-12,53,0,1,0,0.955
48640,0.3609,3.4044,175.52,0.3609,3.4044,1,1,1,0,0,20,20,-12,53,0,1,0,0.951
48650,0.3615,3.4002,175.52,0.3615,3.4002,1,1,1,0,0,20,20,-12,53,0,1,0,0.947
48660,0.3622,3.3959,175.52,0.3622,3.3959,1,1,1,0,0,20,20,-12,53,0,1,0,0.942
48670,0.3628,3.3916,175.52,0.3628,3.3916,1,1,1,0,0,20,20,-12,53,0,1,0,0.938
48680,0.3634,3.3873,175.52,0.3634,3.3873,1,1,1,0,0,20,20,-12,53,0,1,0,0.934
48690,0.3640,3.3830,175.53,0.3640,3.3830,1,1,1,0,0,20,20,-12,53,0,1,0,0.930
48700,0.3647,3.3788,175.53,0.3647,3.3788,1,1,1,0,0,20,20,-12,53,0,1,0,0.925
48710,0.3653,3.3745,175.53,0.3653,3.3745,1,1,1,0,0,20,20,-12,53,0,1,0,0.921
48720,0.3659,3.3702,175.53,0.3659,3.3702,1,1,1,0,0,20,20,-12,53,0,1,0,0.917
48730,0.3665,3.3659,175.54,0.3665,3.3659,1,1,1,0,0,20,20,-12,53,0,1,0,0.912
48740,0.3672,3.3616,175.54,0.3672,3.3616,1,1,1,0,0,20,20,-12,53,0,1,0,0.908
48750,0.3678,3.3574,175.54,0.3678,3.3574,1,1,1,0,0,20,20,-12,53,0,1,0,0.904
48760,0.3684,3.3531,175.54,0.3684,3.3531,1,1,1,0,0,20,20,-12,53,0,1,0,0.900
48770,0.3690,3.3488,175.54,0.3690,3.3488,1,1,1,0,0,20,20,-12,53,0,1,0,0.895
48780,0.3696,3.3445,175.55,0.3696,3.3445,1,1,1,0,0,20,20,-12,53,0,1,0,0.891
48790,0.3703,3.3402,175.55,0.3703,3.3402,1,1,1,0,0,20,20,-12,53,0,1,0,0.887
48800,0.3709,3.3360,175.55,0.3709,3.3360,1,1,1,0,0,20,20,-12,53,0,1,0,0.882
48810,0.3715,3.3317,175.55,0.3715,3.3317,1,1,1,0,0,20,20,-12,53,0,1,0,0.878
48820,0.3721,3.3274,175.55,0.3721,3.3274,1,1,1,0,0,20,20,-12,53,0,1,0,0.874
48830,0.3728,3.3231,175.56,0.3728,3.3231,1,1,1,0,0,20,20,-12,53,0,1,0,0.870
48840,0.3734,3.3188,175.56,0.3734,3.3188,1,1,1,0,0,20,20,-12,53,0,1,0,0.865
48850,0.3740,3.3146,175.56,0.3740,3.3146,1,1,1,0,0,20,20,-12,53,0,1,0,0.861
48860,0.3747,3.3103,175.57,0.3747,3.3103,1,1,1,0,0,20,20,-12,53,0,1,0,0.857
48870,0.3753,3.3060,175.57,0.3753,3.3060,1,1,1,0,0,20,20,-12,53,0,1,0,0.853
48880,0.3759,3.3017,175.57,0.3759,3.3017,1,1,1,0,0,20,20,-12,53,0,1,0,0.848
48890,0.3765,3.2974,175.57,0.3765,3.2974,1,1,1,0,0,20,20,-12,53,0,1,0,0.844
48900,0.3772,3.2932,175.57,0.3772,3.2932,1,1,1,0,0,20,20,-12,53,0,1,0,0.840
48910,0.3778,3.2889,175.58,0.3778,3.2889,1,1,1,0,0,20,20,-12,53,0,1,0,0.835
48920,0.3784,3.2846,175.58,0.3784,3.2846,1,1,1,0,0,20,20,-12,53,0,1,0,0.831
48930,0.3790,3.2803,175.58,0.3790,3.2803,1,1,1,0,0,20,20,-12,53,0,1,0,0.827
48940,0.3797,3.2760,175.58,0.3797,3.2760,1,1,1,0,0,20,20,-12,53,0,1,0,0.823
48950,0.3803,3.2718,175.58,0.3803,3.2718,1,1,1,0,0,20,20,-12,53,0,1,0,0.818
48960,0.3809,3.2675,175.59,0.3809,3.2675,1,1,1,0,0,20,20,-12,53,0,1,0,0.814
48970,0.3815,3.2632,175.59,0.3815,3.2632,1,1,1,0,0,20,20,-12,53,0,1,0,0.810
48980,0.3822,3.2589,175.59,0.3822,3.2589,1,1,1,0,0,20,20,-12,53,0,1,0,0.805
48990,0.3828,3.2547,175.59,0.3828,3.2547,1,1,1,0,0,20,20,-12,53,0,1,0,0.801
49000,0.3834,3.2504,175.59,0.3834,3.2504,1,1,1,0,0,20,20,-12,53,0,1,0,0.797
49010,0.3841,3.2461,175.60,0.3841,3.2461,1,1,1,0,0,20,20,-12,53,0,1,0,0.793
49020,0.3847,3.2418,175.60,0.3847,3.2418,1,1,1,0,0,20,20,-12,53,0,1,0,0.788
49030,0.3853,3.2375,175.60,0.3853,3.2375,1,1,1,0,0,20,20,-12,53,0,1,0,0.784
49040,0.3859,3.2333,175.60,0.3859,3.2333,1,1,1,0,0,20,20,-12,53,0,1,0,0.780
49050,0.3866,3.2290,175.60,0.3866,3.2290,1,1,1,0,0,20,20,-12,53,0,1,0,0.775
49060,0.3872,3.2247,175.61,0.3872,3.2247,1,1,1,0,0,20,20,-12,53,0,1,0,0.771
49070,0.3878,3.2204,175.61,0.3878,3.2204,1,1,1,0,0,20,20,-12,53,0,1,0,0.767
49080,0.3885,3.2161,175.61,0.3885,3.2161,1,1,1,0,0,20,20,-12,53,0,1,0,0.763
49090,0.3891,3.2119,175.61,0.3891,3.2119,1,1,1,0,0,20,20,-12,53,0,1,0,0.758
49100,0.3897,3.2076,175.61,0.3897,3.2076,1,1,1,0,0,20,20,-12,53,0,1,0,0.754
49110,0.3903,3.2033,175.62,0.3903,3.2033,1,1,1,0,0,20,20,-11,53,0,1,0,0.750
49120,0.3909,3.1990,175.62,0.3909,3.1990,1,1,1,0,0,20,20,-11,53,0,1,0,0.746
49130,0.3915,3.1948,175.62,0.3915,3.1948,1,1,1,0,0,20,20,-11,53,0,1,0,0.741
49140,0.3920,3.1905,175.63,0.3920,3.1905,1,1,1,0,0,20,20,-11,53,0,1,0,0.737
49150,0.3926,3.1862,175.63,0.3926,3.1862,1,1,1,0,0,20,20,-11,53,0,1,0,0.733
49160,0.3931,3.1819,175.63,0.3931,3.1819,1,1,1,0,0,20,20,-11,53,0,1,0,0.728
49170,0.3937,3.1777,175.63,0.3937,3.1777,1,1,1,0,0,20,20,-11,53,0,1,0,0.724
49180,0.3942,3.1734,175.63,0.3942,3.1734,1,1,1,0,0,20,20,-11,53,0,1,0,0.720
49190,0.3948,3.1691,175.64,0.3948,3.1691,1,1,1,0,0,20,20,-11,53,0,1,0,0.716
49200,0.3953,3.1649,175.64,0.3953,3.1649,1,1,1,0,0,20,20,-11,53,0,1,0,0.711
49210,0.3959,3.1606,175.64,0.3959,3.1606,1,1,1,0,0,20,20,-11,53,0,1,0,0.707
49220,0.3964,3.1563,175.64,0.3964,3.1563,1,1,1,0,0,20,20,-11,53,0,1,0,0.703
49230,0.3970,3.1520,175.64,0.3970,3.1520,1,1,1,0,0,20,20,-11,53,0,1,0,0.699
49240,0.3975,3.1478,175.65,0.3975,3.1478,1,1,1,0,0,20,20,-11,53,0,1,0,0.694
49250,0.3981,3.1435,175.65,0.3981,3.1435,1,1,1,0,0,20,20,-11,53,0,1,0,0.690
49260,0.3986,3.1392,175.65,0.3986,3.1392,1,1,1,0,0,20,20,-11,53,0,1,0,0.686
49270,0.3992,3.1349,175.65,0.3992,3.1349,1,1,1,0,0,20,20,-11,53,0,1,0,0.681
49280,0.3997,3.1307,175.65,0.3997,3.1307,1,1,1,0,0,20,20,-11,53,0,1,0,0.677
49290,0.4003,3.1264,175.66,0.4003,3.1264,1,1,1,0,0,20,20,-11,53,0,1,0,0.673
49300,0.4008,3.1221,175.66,0.4008,3.1221,1,1,1,0,0,20,20,-11,53,0,1,0,0.669
49310,0.4014,3.1179,175.66,0.4014,3.1179,1,1,1,0,0,20,20,-11,53,0,1,0,0.664
49320,0.4020,3.1136,175.66,0.4020,3.1136,1,1,1,0,0,20,20,-11,53,0,1,0,0.660
49330,0.4025,3.1093,175.66,0.4025,3.1093,1,1,1,0,0,20,20,-11,53,0,1,0,0.656
49340,0.4031,3.1050,175.67,0.4031,3.1050,1,1,1,0,0,20,20,-11,53,0,1,0,0.652
49350,0.4036,3.1008,175.67,0.4036,3.1008,1,1,1,0,0,20,20,-11,53,0,1,0,0.647
49360,0.4042,3.0965,175.67,0.4042,3.0965,1,1,1,0,0,20,20,-11,53,0,1,0,0.643
49370,0.4047,3.0922,175.68,0.4047,3.0922,1,1,1,0,0,20,20,-11,53,0,1,0,0.639
49380,0.4053,3.0880,175.68,0.4053,3.0880,1,1,1,0,0,20,20,-11,53,0,1,0,0.634
49390,0.4058,3.0837,175.68,0.4058,3.0837,1,1,1,0,0,20,20,-11,53,0,1,0,0.630
49400,0.4064,3.0794,175.68,0.4064,3.0794,1,1,1,0,0,20,20,-6,53,0,1,0,0.626
49410,0.4069,3.0751,175.68,0.4069,3.0751,1,1,1,0,0,20,20,-6,53,0,1,0,0.622
49420,0.4072,3.0709,175.69,0.4072,3.0709,1,1,1,0,0,20,20,-6,53,0,1,0,0.617
49430,0.4074,3.0666,175.70,0.4074,3.0666,1,1,1,0,0,20,20,-6,53,0,1,0,0.613
49440,0.4076,3.0624,175.70,0.4076,3.0624,1,1,1,0,0,20,20,-6,53,0,1,0,0.609
49450,0.4077,3.0582,175.70,0.4077,3.0582,1,1,1,0,0,20,20,-6,53,0,1,0,0.605
49460,0.4079,3.0539,175.70,0.4079,3.0539,1,1,1,0,0,20,20,-6,53,0,1,0,0.600
49470,0.4081,3.0497,175.70,0.4081,3.0497,1,1,1,0,0,20,20,-6,53,0,1,0,0.596
49480,0.4082,3.0454,175.70,0.4082,3.0454,1,1,1,0,0,20,20,-6,53,0,1,0,0.592
49490,0.4084,3.0412,175.71,0.4084,3.0412,1,1,1,0,0,20,20,-6,53,0,1,0,0.588
49500,0.4086,3.0369,175.71,0.4086,3.0369,1,1,1,0,0,20,20,-6,53,0,1,0,0.583
49510,0.4087,3.0327,175.71,0.4087,3.0327,1,1,1,0,0,20,20,-6,53,0,1,0,0.579
49520,0.4089,3.0285,175.71,0.4089,3.0285,1,1,1,0,0,20,20,-6,53,0,1,0,0.575
49530,0.4090,3.0242,175.71,0.4090,3.0242,1,1,1,0,0,20,20,-6,53,0,1,0,0.571
49540,0.4092,3.0200,175.72,0.4092,3.0200,1,1,1,0,0,20,20,-6,53,0,1,0,0.566
49550,0.4094,3.0157,175.72,0.4094,3.0157,1,1,1,0,0,20,20,-6,53,0,1,0,0.562
49560,0.4095,3.0115,175.72,0.4095,3.0115,1,1,1,0,0,20,20,-6,53,0,1,0,0.558
49570,0.4097,3.0073,175.72,0.4097,3.0073,1,1,1,0,0,20,20,-6,53,0,1,0,0.554
49580,0.4098,3.0030,175.73,0.4098,3.0030,1,1,1,0,0,20,20,-6,53,0,1,0,0.550
49590,0.4100,2.9988,175.73,0.4100,2.9988,1,1,1,0,0,20,20,-6,53,0,1,0,0.545
49600,0.4102,2.9945,175.73,0.4102,2.9945,1,1,1,0,0,20,20,-6,53,0,1,0,0.541
49610,0.4103,2.9903,175.73,0.4103,2.9903,1,1,1,0,0,20,20,-6,53,0,1,0,0.537
49620,0.4105,2.9860,175.73,0.4105,2.9860,1,1,1,0,0,20,20,-6,53,0,1,0,0.533
49630,0.4107,2.9818,175.74,0.4107,2.9818,1,1,1,0,0,20,20,-6,53,0,1,0,0.528
49640,0.4108,2.9776,175.74,0.4108,2.9776,1,1,1,0,0,20,20,-6,53,0,1,0,0.524
49650,0.4110,2.9733,175.74,0.4110,2.9733,1,1,1,0,0,20,20,-6,53,0,1,0,0.520
49660,0.4111,2.9691,175.74,0.4111,2.9691,1,1,1,0,0,20,20,-6,53,0,1,0,0.516
49670,0.4113,2.9648,175.74,0.4113,2.9648,1,1,1,0,0,20,20,-6,53,0,1,0,0.511
49680,0.4115,2.9606,175.75,0.4115,2.9606,1,1,1,0,0,20,20,-6,53,0,1,0,0.507
49690,0.4116,2.9563,175.75,0.4116,2.9563,1,1,1,0,0,20,20,-6,53,0,1,0,0.503
49700,0.4118,2.9521,175.75,0.4118,2.9521,1,1,1,0,0,20,20,-6,53,0,1,0,0.499
49710,0.4120,2.9479,175.76,0.4120,2.9479,1,1,1,0,0,20,20,-6,53,0,1,0,0.494
49720,0.4121,2.9436,175.76,0.4121,2.9436,1,1,1,0,0,20,20,-6,53,0,1,0,0.490
49730,0.4123,2.9394,175.76,0.4123,2.9394,1,1,1,0,0,20,20,-6,53,0,1,0,0.486
49740,0.4124,2.9351,175.76,0.4124,2.9351,1,1,1,0,0,20,20,-6,53,0,1,0,0.482
49750,0.4126,2.9309,175.76,0.4126,2.9309,1,1,1,0,0,20,20,-6,53,0,1,0,0.477
49760,0.4128,2.9267,175.77,0.4128,2.9267,1,1,1,0,0,20,20,-6,53,0,1,0,0.473
49770,0.4129,2.9224,175.77,0.4129,2.9224,1,1,1,0,0,20,20,-6,53,0,1,0,0.469
49780,0.4131,2.9182,175.77,0.4131,2.9182,1,1,1,0,0,20,20,-6,53,0,1,0,0.465
49790,0.4133,2.9139,175.77,0.4133,2.9139,1,1,1,0,0,20,20,-6,53,0,1,0,0.460
49800,0.4134,2.9097,175.77,0.4134,2.9097,1,1,1,0,0,20,20,-6,53,0,1,0,0.456
49810,0.4136,2.9054,175.78,0.4136,2.9054,1,1,1,0,0,20,20,-6,53,0,1,0,0.452
49820,0.4138,2.9012,175.78,0.4138,2.9012,1,1,1,0,0,20,20,-6,53,0,1,0,0.448
49830,0.4139,2.8970,175.78,0.4139,2.8970,1,1,1,0,0,20,20,-6,53,0,1,0,0.443
49840,0.4141,2.8927,175.78,0.4141,2.8927,1,1,1,0,0,20,20,-6,53,0,1,0,0.439
49850,0.4143,2.8885,175.78,0.4143,2.8885,1,1,1,0,0,20,20,-6,53,0,1,0,0.435
49860,0.4144,2.8842,175.79,0.4144,2.8842,1,1,1,0,0,20,20,-6,53,0,1,0,0.431
49870,0.4146,2.8800,175.79,0.4146,2.8800,1,1,1,0,0,20,20,-6,53,0,1,0,0.427
49880,0.4148,2.8758,175.79,0.4148,2.8758,1,1,1,0,0,20,20,-6,53,0,1,0,0.422
49890,0.4149,2.8715,175.79,0.4149,2.8715,1,1,1,0,0,20,20,-6,53,0,1,0,0.418
49900,0.4151,2.8673,175.79,0.4151,2.8673,1,1,1,0,0,20,20,-6,53,0,1,0,0.414
49910,0.4153,2.8630,175.80,0.4153,2.8630,1,1,1,0,0,20,20,-6,53,0,1,0,0.410
49920,0.4154,2.8588,175.80,0.4154,2.8588,1,1,1,0,0,20,20,-6,53,0,1,0,0.405
49930,0.4156,2.8545,175.80,0.4156,2.8545,1,1,1,0,0,20,20,-6,53,0,1,0,0.401
49940,0.4158,2.8503,175.80,0.4158,2.8503,1,1,1,0,0,20,20,-6,53,0,1,0,0.397
49950,0.4159,2.8461,175.80,0.4159,2.8461,1,1,1,0,0,20,20,-5,53,0,1,0,0.393
49960,0.4161,2.8418,175.81,0.4161,2.8418,1,1,1,0,0,20,20,-5,53,0,1,0,0.388
49970,0.4162,2.8376,175.81,0.4162,2.8376,1,1,1,0,0,20,20,-5,53,0,1,0,0.384
49980,0.4163,2.8333,175.81,0.4163,2.8333,1,1,1,0,0,20,20,-5,53,0,1,0,0.380
49990,0.4164,2.8291,175.82,0.4164,2.8291,1,1,1,0,0,20,20,-5,53,0,1,0,0.376
50000,0.4164,2.8249,175.82,0.4164,2.8249,1,1,1,0,0,20,20,-5,53,0,1,0,0.371
50010,0.4165,2.8206,175.82,0.4165,2.8206,1,1,1,0,0,20,20,-5,53,0,1,0,0.367
50020,0.4166,2.8164,175.82,0.4166,2.8164,1,1,1,0,0,20,20,-5,53,0,1,0,0.363
50030,0.4167,2.8122,175.82,0.4167,2.8122,1,1,1,0,0,20,20,-5,53,0,1,0,0.359
50040,0.4168,2.8079,175.83,0.4168,2.8079,1,1,1,0,0,20,20,-5,53,0,1,0,0.354
50050,0.4169,2.8037,175.83,0.4169,2.8037,1,1,1,0,0,20,20,-5,53,0,1,0,0.350
50060,0.4170,2.7995,175.83,0.4170,2.7995,1,1,1,0,0,20,20,-5,53,0,1,0,0.346
50070,0.4171,2.7952,175.83,0.4171,2.7952,1,1,1,0,0,20,20,-5,53,0,1,0,0.342
50080,0.4172,2.7910,175.83,0.4172,2.7910,1,1,1,0,0,20,20,-5,53,0,1,0,0.337
50090,0.4173,2.7868,175.84,0.4173,2.7868,1,1,1,0,0,20,20,-5,53,0,1,0,0.333
50100,0.4173,2.7825,175.84,0.4173,2.7825,1,1,1,0,0,20,20,-5,53,0,1,0,0.329
50110,0.4174,2.7783,175.84,0.4174,2.7783,1,1,1,0,0,20,20,-5,53,0,1,0,0.325
50120,0.4175,2.7740,175.84,0.4175,2.7740,1,1,1,0,0,20,20,-5,53,0,1,0,0.321
50130,0.4176,2.7698,175.84,0.4176,2.7698,1,1,1,0,0,20,20,-5,53,0,1,0,0.316
50140,0.4177,2.7656,175.85,0.4177,2.7656,1,1,1,0,0,20,20,-5,53,0,1,0,0.312
50150,0.4178,2.7613,175.85,0.4178,2.7613,1,1,1,0,0,20,20,-5,53,0,1,0,0.308
50160,0.4179,2.7571,175.85,0.4179,2.7571,1,1,1,0,0,20,20,-5,53,0,1,0,0.304
50170,0.4180,2.7529,175.85,0.4180,2.7529,1,1,1,0,0,20,20,-5,53,0,1,0,0.299
50180,0.4181,2.7486,175.85,0.4181,2.7486,1,1,1,0,0,20,20,-5,53,0,1,0,0.295
50190,0.4182,2.7444,175.86,0.4182,2.7444,1,1,1,0,0,20,20,-5,53,0,1,0,0.291
50200,0.4183,2.7402,175.86,0.4183,2.7402,1,1,1,0,0,20,20,-5,53,0,1,0,0.287
50210,0.4184,2.7359,175.86,0.4184,2.7359,1,1,1,0,0,20,20,-5,53,0,1,0,0.282
50220,0.4184,2.7317,175.87,0.4184,2.7317,1,1,1,0,0,20,20,-5,53,0,1,0,0.278
50230,0.4185,2.7275,175.87,0.4185,2.7275,1,1,1,0,0,20,20,-5,53,0,1,0,0.274
50240,0.4186,2.7232,175.87,0.4186,2.7232,1,1,1,0,0,20,20,-5,53,0,1,0,0.270
50250,0.4187,2.7190,175.87,0.4187,2.7190,1,1,1,0,0,20,20,-5,53,0,1,0,0.265
50260,0.4188,2.7147,175.87,0.4188,2.7147,1,1,1,0,0,20,20,-5,53,0,1,0,0.261
50270,0.4189,2.7105,175.88,0.4189,2.7105,1,1,1,0,0,20,20,-5,53,0,1,0,0.257
50280,0.4190,2.7063,175.88,0.4190,2.7063,1,1,1,0,0,20,20,-5,53,0,1,0,0.253
50290,0.4191,2.7020,175.88,0.4191,2.7020,1,1,1,0,0,20,20,-5,53,0,1,0,0.249
50300,0.4192,2.6978,175.88,0.4192,2.6978,1,1,1,0,0,20,20,-5,53,0,1,0,0.244
50310,0.4193,2.6936,175.88,0.4193,2.6936,1,1,1,0,0,20,20,-5,53,0,1,0,0.240
50320,0.4194,2.6893,175.89,0.4194,2.6893,1,1,1,0,0,20,20,-5,53,0,1,0,0.236
50330,0.4195,2.6851,175.89,0.4195,2.6851,1,1,1,0,0,20,20,-5,53,0,1,0,0.232
50340,0.4196,2.6809,175.89,0.4196,2.6809,1,1,1,0,0,20,20,-5,53,0,1,0,0.227
50350,0.4197,2.6766,175.89,0.4197,2.6766,1,1,1,0,0,20,20,-5,53,0,1,0,0.223
50360,0.4198,2.6724,175.89,0.4198,2.6724,1,1,1,0,0,20,20,-5,53,0,1,0,0.219
50370,0.4199,2.6682,175.90,0.4199,2.6682,1,1,1,0,0,20,20,-5,53,0,1,0,0.215
50380,0.4199,2.6639,175.90,0.4199,2.6639,1,1,1,0,0,20,20,-5,53,0,1,0,0.210
50390,0.4200,2.6597,175.90,0.4200,2.6597,1,1,1,0,0,20,20,-5,53,0,1,0,0.206
50400,0.4201,2.6554,175.90,0.4201,2.6554,1,1,1,0,0,20,20,-5,53,0,1,0,0.202
50410,0.4202,2.6512,175.91,0.4202,2.6512,1,1,1,0,0,20,20,-5,53,0,1,0,0.198
50420,0.4203,2.6470,175.91,0.4203,2.6470,1,1,1,0,0,20,20,-5,53,0,1,0,0.193
50430,0.4204,2.6427,175.91,0.4204,2.6427,1,1,1,0,0,20,20,-5,53,0,1,0,0.189
50440,0.4205,2.6385,175.91,0.4205,2.6385,1,1,1,0,0,20,20,-5,53,0,1,0,0.185
50450,0.4206,2.6343,175.91,0.4206,2.6343,1,1,1,0,0,20,20,-5,53,0,1,0,0.181
50460,0.4207,2.6300,175.92,0.4207,2.6300,1,1,1,0,0,20,20,-5,53,0,1,0,0.177
50470,0.4208,2.6258,175.92,0.4208,2.6258,1,1,1,0,0,20,20,-5,53,0,1,0,0.172
50480,0.4209,2.6216,175.92,0.4209,2.6216,1,1,1,0,0,20,20,-5,53,0,1,0,0.168
50490,0.4210,2.6173,175.92,0.4210,2.6173,1,1,1,0,0,20,20,-5,53,0,1,0,0.164
50500,0.4211,2.6131,175.92,0.4211,2.6131,1,1,1,0,0,20,20,-4,53,1,1,0,0.160
50510,0.4211,2.6089,175.93,0.4211,2.6089,1,1,1,0,0,20,20,-4,53,1,1,0,0.155
50520,0.4212,2.6046,175.93,0.4212,2.6046,1,1,1,0,0,20,20,-4,53,1,1,0,0.151
50530,0.4212,2.6004,175.93,0.4212,2.6004,1,1,1,0,0,20,20,-4,53,1,1,0,0.147
50540,0.4212,2.5963,175.93,0.4212,2.5963,2,1,0,0,0,20,20,0,0,0,0,0,1000.000
50550,0.4212,2.5923,175.93,0.4212,2.5923,2,1,0,0,0,20,20,0,0,0,0,0,1000.000
50560,0.4213,2.5886,175.93,0.4213,2.5886,2,1,0,0,0,20,20,0,0,0,0,0,1000.000
50570,0.4214,2.5850,175.93,0.4214,2.5850,2,1,0,0,0,20,20,0,0,0,0,0,1000.000
50580,0.4214,2.5817,175.93,0.4214,2.5817,2,1,0,0,0,20,20,0,0,0,0,0,1000.000
50590,0.4215,2.5785,175.93,0.4215,2.5785,2,1,0,0,0,20,20,0,0,0,0,0,1000.000
50600,0.4216,2.5756,175.93,0.4216,2.5756,2,1,1,0,0,20,20,0,0,0,0,0,1000.000
50610,0.4218,2.5729,175.93,0.4218,2.5729,2,1,1,0,0,20,20,0,0,0,0,0,1000.000
50620,0.4219,2.5703,175.93,0.4219,2.5703,2,1,1,0,0,20,20,0,0,0,0,0,1000.000
50630,0.4221,2.5680,175.93,0.4221,2.5680,2,1,1,0,0,20,20,0,0,0,0,0,1000.000
50640,0.4222,2.5658,175.93,0.4222,2.5658,2,1,1,0,0,20,20,0,0,0,0,0,1000.000
50650,0.4224,2.5639,175.93,0.4224,2.5639,2,1,1,0,0,20,20,-150,-11,0,0,0,2.308
50660,0.4226,2.5621,175.93,0.4226,2.5621,2,1,1,0,0,20,20,-150,-11,0,0,0,2.307
50670,0.4227,2.5605,175.94,0.4227,2.5605,2,1,1,0,0,20,20,-150,-11,0,0,0,2.307
50680,0.4229,2.5591,175.94,0.4229,2.5591,2,1,1,0,0,20,20,-150,-11,0,0,0,2.307
50690,0.4231,2.5580,175.94,0.4231,2.5580,2,1,1,0,0,20,20,-150,-11,0,0,0,2.307
50700,0.4235,2.5568,175.95,0.4235,2.5568,2,1,1,0,0,20,20,-150,-11,0,0,0,2.307
50710,0.4240,2.5557,175.95,0.4240,2.5557,2,1,1,0,0,20,20,-150,-11,0,0,0,2.306
50720,0.4248,2.5545,175.95,0.4248,2.5545,2,1,1,0,0,20,20,-150,-11,0,0,0,2.305
50730,0.4257,2.5534,175.96,0.4257,2.5534,2,1,1,0,0,20,20,-150,-11,0,0,0,2.304
50740,0.4269,2.5522,175.96,0.4269,2.5522,2,1,1,0,0,20,20,-150,-11,0,0,0,2.303
50750,0.4282,2.5510,175.96,0.4282,2.5510,2,1,1,0,0,20,20,-150,-11,0,0,0,2.302
50760,0.4298,2.5498,175.97,0.4298,2.5498,2,1,1,0,0,20,20,-150,-11,0,0,0,2.300
50770,0.4315,2.5485,175.97,0.4315,2.5485,2,1,1,0,0,20,20,-150,-11,0,0,0,2.298
50780,0.4335,2.5473,175.97,0.4335,2.5473,2,1,1,0,0,20,20,-150,-11,0,0,0,2.297
50790,0.4356,2.5460,175.98,0.4356,2.5460,2,1,1,0,0,20,20,-150,-11,0,0,0,2.294
50800,0.4380,2.5448,175.98,0.4380,2.5448,2,1,1,0,0,19,20,-150,-11,0,0,0,2.292
50810,0.4405,2.5435,175.98,0.4405,2.5435,2,1,1,0,0,19,20,-150,-11,0,0,0,2.289
50820,0.4433,2.5422,175.99,0.4433,2.5422,2,1,1,0,0,19,20,-150,-11,0,0,0,2.287
50830,0.4462,2.5409,175.99,0.4462,2.5409,2,1,1,0,0,19,20,-150,-11,0,0,0,2.284
50840,0.4493,2.5396,175.99,0.4493,2.5396,2,1,1,0,0,19,20,-150,-11,0,0,0,2.281
50850,0.4527,2.5382,176.00,0.4527,2.5382,2,1,1,0,0,18,20,-150,-10,0,0,0,2.277
50860,0.4562,2.5369,176.00,0.4562,2.5369,2,1,1,0,0,18,20,-150,-10,0,0,0,2.274
50870,0.4600,2.5355,176.00,0.4600,2.5355,2,1,1,0,0,18,20,-150,-10,0,0,0,2.270
50880,0.4639,2.5341,176.01,0.4639,2.5341,2,1,1,0,0,18,20,-150,-10,0,0,0,2.266
50890,0.4681,2.5327,176.01,0.4681,2.5327,2,1,1,0,0,18,20,-150,-10,0,0,0,2.262
50900,0.4724,2.5313,176.01,0.4724,2.5313,2,1,1,0,0,18,20,-150,-10,0,0,0,2.258
50910,0.4770,2.5299,176.02,0.4770,2.5299,2,1,1,0,0,18,20,-150,-10,0,0,0,2.253
50920,0.4817,2.5285,176.02,0.4817,2.5285,2,1,1,0,0,18,20,-150,-10,0,0,0,2.248
50930,0.4866,2.5270,176.02,0.4866,2.5270,2,1,1,0,0,18,20,-150,-10,0,0,0,2.243
50940,0.4918,2.5256,176.03,0.4918,2.5256,2,1,1,0,0,18,20,-150,-10,0,0,0,2.238
50950,0.4971,2.5241,176.03,0.4971,2.5241,2,1,1,0,0,17,20,-150,-10,0,0,0,2.233
50960,0.5027,2.5226,176.04,0.5027,2.5226,2,1,1,0,0,17,20,-150,-10,0,0,0,2.227
50970,0.5084,2.5211,176.04,0.5084,2.5211,2,1,1,0,0,17,20,-150,-10,0,0,0,2.222
50980,0.5143,2.5196,176.04,0.5143,2.5196,2,1,1,0,0,17,20,-150,-10,0,0,0,2.216
50990,0.5205,2.5180,176.05,0.5205,2.5180,2,1,1,0,0,17,20,-150,-10,0,0,0,2.210
51000,0.5268,2.5165,176.05,0.5268,2.5165,2,1,1,0,0,16,20,-150,-10,0,0,0,2.203
51010,0.5334,2.5150,176.05,0.5334,2.5150,2,1,1,0,0,16,20,-150,-10,0,0,0,2.197
51020,0.5401,2.5134,176.06,0.5401,2.5134,2,1,1,0,0,16,20,-150,-10,0,0,0,2.190
51030,0.5470,2.5118,176.06,0.5470,2.5118,2,1,1,0,0,16,20,-150,-10,0,0,0,2.183
51040,0.5542,2.5102,176.06,0.5542,2.5102,2,1,1,0,0,16,20,-150,-10,0,0,0,2.176
51050,0.5615,2.5086,176.07,0.5615,2.5086,2,1,1,0,0,15,20,-150,-10,0,0,0,2.169
51060,0.5690,2.5070,176.07,0.5690,2.5070,2,1,1,0,0,15,20,-150,-10,0,0,0,2.161
51070,0.5768,2.5053,176.07,0.5768,2.5053,2,1,1,0,0,15,20,-150,-10,0,0,0,2.153
51080,0.5847,2.5037,176.08,0.5847,2.5037,2,1,1,0,0,15,20,-150,-10,0,0,0,2.145
51090,0.5928,2.5020,176.08,0.5928,2.5020,2,1,1,0,0,15,20,-150,-10,0,0,0,2.137
51100,0.6012,2.5004,176.08,0.6012,2.5004,2,1,1,0,0,15,20,-150,-10,0,0,0,2.129
51110,0.6097,2.4987,176.09,0.6097,2.4987,2,1,1,0,0,15,20,-150,-10,0,0,0,2.120
51120,0.6184,2.4970,176.09,0.6184,2.4970,2,1,1,0,0,15,20,-150,-10,0,0,0,2.112
51130,0.6274,2.4952,176.09,0.6274,2.4952,2,1,1,0,0,15,20,-150,-10,0,0,0,2.103
51140,0.6365,2.4935,176.10,0.6365,2.4935,2,1,1,0,0,15,20,-150,-10,0,0,0,2.093
51150,0.6458,2.4918,176.10,0.6458,2.4918,2,1,1,0,0,14,20,-150,-10,0,0,0,2.084
51160,0.6554,2.4900,176.10,0.6554,2.4900,2,1,1,0,0,14,20,-150,-10,0,0,0,2.075
51170,0.6651,2.4883,176.11,0.6651,2.4883,2,1,1,0,0,14,20,-150,-10,0,0,0,2.065
51180,0.6750,2.4865,176.11,0.6750,2.4865,2,1,1,0,0,14,20,-150,-10,0,0,0,2.055
51190,0.6851,2.4848,176.11,0.6851,2.4848,2,1,1,0,0,14,20,-150,-10,0,0,0,2.045
51200,0.6952,2.4832,176.12,0.6952,2.4832,2,1,1,0,0,13,20,-150,-10,0,0,0,2.035
51210,0.7055,2.4817,176.12,0.7055,2.4817,2,1,1,0,0,13,20,-150,-10,0,0,0,2.025
51220,0.7158,2.4803,176.12,0.7158,2.4803,2,1,1,0,0,13,20,-150,-10,0,0,0,2.014
51230,0.7263,2.4790,176.13,0.7263,2.4790,2,1,1,0,0,13,20,-150,-10,0,0,0,2.004
51240,0.7369,2.4777,176.13,0.7369,2.4777,2,1,1,0,0,13,20,-150,-10,0,0,0,1.993
51250,0.7476,2.4766,176.13,0.7476,2.4766,2,1,1,0,0,12,20,-150,-10,0,0,0,1.982
51260,0.7584,2.4756,176.14,0.7584,2.4756,2,1,1,0,0,12,20,-150,-10,0,0,0,1.972
51270,0.7693,2.4746,176.14,0.7693,2.4746,2,1,1,0,0,12,20,-150,-10,0,0,0,1.961
51280,0.7803,2.4738,176.14,0.7803,2.4738,2,1,1,0,0,12,20,-150,-10,0,0,0,1.950
51290,0.7914,2.4730,176.15,0.7914,2.4730,2,1,1,0,0,12,20,-150,-10,0,0,0,1.939
51300,0.8026,2.4724,176.15,0.8026,2.4724,2,1,1,0,0,12,20,-150,-10,0,0,0,1.927
51310,0.8139,2.4718,176.15,0.8139,2.4718,2,1,1,0,0,12,20,-150,-10,0,0,0,1.916
51320,0.8253,2.4713,176.16,0.8253,2.4713,2,1,1,0,0,12,20,-150,-10,0,0,0,1.905
51330,0.8369,2.4709,176.16,0.8369,2.4709,2,1,1,0,0,12,20,-150,-10,0,0,0,1.893
51340,0.8485,2.4707,176.16,0.8485,2.4707,2,1,1,0,0,12,20,-150,-10,0,0,0,1.881
51350,0.8603,2.4705,176.17,0.8603,2.4705,2,1,1,0,0,12,20,-150,-10,0,0,0,1.870
51360,0.8721,2.4704,176.17,0.8721,2.4704,2,1,1,0,0,12,20,-150,-10,0,0,0,1.858
51370,0.8841,2.4703,176.17,0.8841,2.4703,2,1,1,0,0,12,20,-150,-10,0,0,0,1.846
51380,0.8960,2.4703,176.17,0.8960,2.4703,2,1,1,0,0,12,20,-150,-10,0,0,0,1.834
51390,0.9080,2.4703,176.17,0.9080,2.4703,2,1,1,0,0,12,20,-150,-10,0,0,0,1.822
51400,0.9200,2.4703,176.18,0.9200,2.4703,2,1,1,0,0,12,20,-150,-10,0,0,0,1.810
51410,0.9319,2.4703,176.18,0.9319,2.4703,2,1,1,0,0,12,20,-150,-10,0,0,0,1.798
51420,0.9439,2.4703,176.18,0.9439,2.4703,2,1,1,0,0,12,20,-150,-10,0,0,0,1.786
51430,0.9559,2.4703,176.18,0.9559,2.4703,2,1,1,0,0,12,20,-150,-10,0,0,0,1.774
51440,0.9678,2.4703,176.18,0.9678,2.4703,2,1,1,0,0,12,20,-150,-10,0,0,0,1.762
51450,0.9798,2.4703,176.19,0.9798,2.4703,2,1,1,0,0,12,20,-150,-10,0,0,0,1.750
51460,0.9918,2.4703,176.19,0.9918,2.4703,2,1,1,0,0,12,20,-150,-10,0,0,0,1.738
51470,1.0037,2.4703,176.19,1.0037,2.4703,2,1,1,0,0,12,20,-150,-10,0,0,0,1.726
51480,1.0157,2.4703,176.19,1.0157,2.4703,2,1,1,0,0,12,20,-150,-10,0,0,0,1.714
51490,1.0276,2.4703,176.19,1.0276,2.4703,2,1,1,0,0,12,20,-150,-10,0,0,0,1.702
51500,1.0396,2.4703,176.20,1.0396,2.4703,2,1,1,0,0,12,20,-150,-10,0,0,0,1.690
51510,1.0516,2.4703,176.20,1.0516,2.4703,2,1,1,0,0,12,20,-150,-10,0,0,0,1.678
51520,1.0635,2.4703,176.20,1.0635,2.4703,2,1,1,0,0,12,20,-150,-10,0,0,0,1.666
51530,1.0755,2.4703,176.20,1.0755,2.4703,2,1,1,0,0,12,20,-150,-10,0,0,0,1.654
51540,1.0875,2.4703,176.21,1.0875,2.4703,2,1,1,0,0,12,20,-150,-10,0,0,0,1.643
51550,1.0994,2.4704,176.21,1.0994,2.4704,2,1,1,0,0,12,20,-150,-10,0,0,0,1.631
51560,1.1114,2.4704,176.21,1.1114,2.4704,2,1,1,0,0,12,20,-150,-10,0,0,0,1.619
51570,1.1234,2.4704,176.21,1.1234,2.4704,2,1,1,0,0,12,20,-150,-10,0,0,0,1.607
51580,1.1353,2.4704,176.21,1.1353,2.4704,2,1,1,0,0,12,20,-150,-10,0,0,0,1.595
51590,1.1473,2.4704,176.22,1.1473,2.4704,2,1,1,0,0,12,20,-150,-10,0,0,0,1.583
51600,1.1593,2.4704,176.22,1.1593,2.4704,2,1,1,0,0,12,20,-150,-10,0,0,0,1.571
51610,1.1712,2.4704,176.22,1.1712,2.4704,2,1,1,0,0,12,20,-150,-10,0,0,0,1.559
51620,1.1832,2.4704,176.23,1.1832,2.4704,2,1,1,0,0,12,20,-150,-10,0,0,0,1.547
51630,1.1951,2.4704,176.23,1.1951,2.4704,2,1,1,0,0,12,20,-150,-10,0,0,0,1.535
51640,1.2071,2.4704,176.23,1.2071,2.4704,2,1,1,0,0,12,20,-150,-10,0,0,0,1.523
51650,1.2191,2.4704,176.23,1.2191,2.4704,2,1,1,0,0,12,20,-150,-10,0,0,0,1.511
51660,1.2310,2.4704,176.23,1.2310,2.4704,2,1,1,0,0,12,20,-150,-10,0,0,0,1.499
51670,1.2430,2.4704,176.24,1.2430,2.4704,2,1,1,0,0,12,20,-150,-10,0,0,0,1.487
51680,1.2550,2.4704,176.24,1.2550,2.4704,2,1,1,0,0,12,20,-150,-10,0,0,0,1.475
51690,1.2669,2.4705,176.24,1.2669,2.4705,2,1,1,0,0,12,20,-150,-10,0,0,0,1.463
51700,1.2789,2.4705,176.24,1.2789,2.4705,2,1,1,0,0,12,20,-150,-10,0,0,0,1.451
51710,1.2909,2.4705,176.24,1.2909,2.4705,2,1,1,0,0,12,20,-150,-10,0,0,0,1.439
51720,1.3028,2.4705,176.25,1.3028,2.4705,2,1,1,0,0,12,20,-150,-10,0,0,0,1.427
51730,1.3148,2.4705,176.25,1.3148,2.4705,2,1,1,0,0,12,20,-150,-10,0,0,0,1.415
51740,1.3268,2.4705,176.25,1.3268,2.4705,2,1,1,0,0,12,20,-150,-10,0,0,0,1.403
51750,1.3387,2.4705,176.25,1.3387,2.4705,2,1,1,0,0,12,20,-150,-10,0,0,0,1.391
51760,1.3507,2.4705,176.25,1.3507,2.4705,2,1,1,0,0,12,20,-150,-10,0,0,0,1.379
51770,1.3627,2.4706,176.25,1.3627,2.4706,2,1,1,0,0,12,20,-150,-10,0,0,0,1.367
51780,1.3746,2.4706,176.25,1.3746,2.4706,2,1,1,0,0,12,20,-150,-10,0,0,0,1.355
51790,1.3866,2.4706,176.25,1.3866,2.4706,2,1,1,0,0,12,20,-150,-10,0,0,0,1.343
51800,1.3985,2.4706,176.26,1.3985,2.4706,2,1,1,0,0,12,20,-150,-10,0,0,0,1.331
51810,1.4105,2.4706,176.26,1.4105,2.4706,2,1,1,0,0,12,20,-150,-10,0,0,0,1.319
51820,1.4225,2.4706,176.26,1.4225,2.4706,2,1,1,0,0,12,20,-150,-10,0,0,0,1.308
51830,1.4344,2.4707,176.26,1.4344,2.4707,2,1,1,0,0,12,20,-150,-10,0,0,0,1.296
51840,1.4464,2.4707,176.26,1.4464,2.4707,2,1,1,0,0,12,20,-150,-10,0,0,0,1.284
51850,1.4584,2.4707,176.26,1.4584,2.4707,2,1,1,0,0,12,20,-150,-10,0,0,0,1.272
51860,1.4703,2.4707,176.26,1.4703,2.4707,2,1,1,0,0,12,20,-150,-10,0,0,0,1.260
51870,1.4823,2.4707,176.26,1.4823,2.4707,2,1,1,0,0,12,20,-150,-10,0,0,0,1.248
51880,1.4943,2.4707,176.27,1.4943,2.4707,2,1,1,0,0,12,20,-150,-10,0,0,0,1.236
51890,1.5062,2.4707,176.27,1.5062,2.4707,2,1,1,0,0,12,20,-150,-10,0,0,0,1.224
51900,1.5182,2.4708,176.27,1.5182,2.4708,2,1,1,0,0,12,20,-150,-10,0,0,0,1.212
51910,1.5302,2.4708,176.27,1.5302,2.4708,2,1,1,0,0,12,20,-150,-10,0,0,0,1.200
51920,1.5421,2.4708,176.27,1.5421,2.4708,2,1,1,0,0,12,20,-150,-10,0,0,0,1.188
51930,1.5541,2.4708,176.27,1.5541,2.4708,2,1,1,0,0,12,20,-150,-10,0,0,0,1.176
51940,1.5660,2.4708,176.27,1.5660,2.4708,2,1,1,0,0,12,20,-150,-10,0,0,0,1.164
51950,1.5780,2.4709,176.27,1.5780,2.4709,2,1,1,0,0,12,20,-150,-10,0,0,0,1.152
51960,1.5900,2.4709,176.27,1.5900,2.4709,2,1,1,0,0,12,20,-150,-10,0,0,0,1.140
51970,1.6019,2.4709,176.28,1.6019,2.4709,2,1,1,0,0,12,20,-150,-10,0,0,0,1.128
51980,1.6139,2.4709,176.28,1.6139,2.4709,2,1,1,0,0,12,20,-150,-10,0,0,0,1.116
51990,1.6259,2.4709,176.28,1.6259,2.4709,2,1,1,0,0,12,20,-150,-10,0,0,0,1.104
52000,1.6378,2.4709,176.28,1.6378,2.4709,2,1,1,0,0,12,20,-150,-10,0,0,0,1.092
52010,1.6498,2.4710,176.28,1.6498,2.4710,2,1,1,0,0,12,20,-150,-10,0,0,0,1.080
52020,1.6618,2.4710,176.28,1.6618,2.4710,2,1,1,0,0,12,20,-150,-10,0,0,0,1.068
52030,1.6737,2.4710,176.28,1.6737,2.4710,2,1,1,0,0,12,20,-150,-10,0,0,0,1.056
52040,1.6857,2.4710,176.28,1.6857,2.4710,2,1,1,0,0,12,20,-150,-10,0,0,0,1.044
52050,1.6977,2.4711,176.28,1.6977,2.4711,2,1,1,0,0,12,20,-150,-10,0,0,0,1.032
52060,1.7096,2.4711,176.29,1.7096,2.4711,2,1,1,0,0,12,20,-150,-10,0,0,0,1.020
52070,1.7216,2.4711,176.29,1.7216,2.4711,2,1,1,0,0,12,20,-150,-10,0,0,0,1.008
52080,1.7336,2.4711,176.29,1.7336,2.4711,2,1,1,0,0,12,20,-150,-10,0,0,0,0.996
52090,1.7455,2.4711,176.29,1.7455,2.4711,2,1,1,0,0,12,20,-150,-10,0,0,0,0.984
52100,1.7575,2.4712,176.29,1.7575,2.4712,2,1,1,0,0,12,20,-150,-10,0,0,0,0.973
52110,1.7694,2.4712,176.30,1.7694,2.4712,2,1,1,0,0,12,20,-150,-10,0,0,0,0.961
52120,1.7814,2.4712,176.30,1.7814,2.4712,2,1,1,0,0,12,20,-150,-10,0,0,0,0.949
52130,1.7934,2.4712,176.30,1.7934,2.4712,2,1,1,0,0,12,20,-150,-10,0,0,0,0.937
52140,1.8053,2.4712,176.30,1.8053,2.4712,2,1,1,0,0,12,20,-150,-10,0,0,0,0.925
52150,1.8173,2.4713,176.30,1.8173,2.4713,2,1,1,0,0,12,20,-150,-10,0,0,0,0.913
52160,1.8293,2.4713,176.30,1.8293,2.4713,2,1,1,0,0,12,20,-150,-10,0,0,0,0.901
52170,1.8412,2.4713,176.30,1.8412,2.4713,2,1,1,0,0,12,20,-150,-10,0,0,0,0.889
52180,1.8532,2.4713,176.30,1.8532,2.4713,2,1,1,0,0,12,20,-150,-10,0,0,0,0.877
52190,1.8652,2.4714,176.30,1.8652,2.4714,2,1,1,0,0,12,20,-150,-10,0,0,0,0.865
52200,1.8771,2.4714,176.31,1.8771,2.4714,2,1,1,0,0,12,20,-150,-10,0,0,0,0.853
52210,1.8891,2.4714,176.31,1.8891,2.4714,2,1,1,0,0,12,20,-150,-10,0,0,0,0.841
52220,1.9011,2.4714,176.31,1.9011,2.4714,2,1,1,0,0,12,20,-150,-10,0,0,0,0.829
52230,1.9130,2.4715,176.31,1.9130,2.4715,2,1,1,0,0,12,20,-150,-10,0,0,0,0.817
52240,1.9250,2.4715,176.31,1.9250,2.4715,2,1,1,0,0,12,20,-150,-10,0,0,0,0.805
52250,1.9370,2.4715,176.31,1.9370,2.4715,2,1,1,0,0,12,20,-150,-10,0,0,0,0.793
52260,1.9489,2.4715,176.31,1.9489,2.4715,2,1,1,0,0,12,20,-150,-10,0,0,0,0.781
52270,1.9609,2.4716,176.31,1.9609,2.4716,2,1,1,0,0,12,20,-150,-10,0,0,0,0.769
52280,1.9728,2.4716,176.31,1.9728,2.4716,2,1,1,0,0,12,20,-150,-10,0,0,0,0.757
52290,1.9848,2.4716,176.32,1.9848,2.4716,2,1,1,0,0,12,20,-150,-10,0,0,0,0.745
52300,1.9968,2.4717,176.32,1.9968,2.4717,2,1,1,0,0,12,20,-75,-5,0,0,0,0.733
52310,2.0086,2.4717,176.32,2.0086,2.4717,2,1,1,0,0,12,20,-75,-5,0,0,0,0.721
52320,2.0203,2.4717,176.32,2.0203,2.4717,2,1,1,0,0,12,20,-75,-5,0,0,0,0.710
52330,2.0317,2.4718,176.32,2.0317,2.4718,2,1,1,0,0,12,20,-75,-5,0,0,0,0.698
52340,2.0430,2.4719,176.32,2.0430,2.4719,2,1,1,0,0,12,20,-75,-5,0,0,0,0.687
52350,2.0541,2.4720,176.32,2.0541,2.4720,2,1,1,0,0,12,20,-75,-5,0,0,0,0.676
52360,2.0649,2.4721,176.32,2.0649,2.4721,2,1,1,0,0,12,20,-75,-5,0,0,0,0.665
52370,2.0756,2.4722,176.32,2.0756,2.4722,2,1,1,0,0,12,20,-75,-5,0,0,0,0.654
52380,2.0860,2.4723,176.32,2.0860,2.4723,2,1,1,0,0,12,20,-75,-5,0,0,0,0.644
52390,2.0963,2.4724,176.32,2.0963,2.4724,2,1,1,0,0,12,20,-75,-5,0,0,0,0.634
52400,2.1063,2.4726,176.32,2.1063,2.4726,2,1,1,0,0,12,20,-75,-5,0,0,0,0.624
52410,2.1162,2.4727,176.32,2.1162,2.4727,2,1,1,0,0,12,20,-75,-5,0,0,0,0.614
52420,2.1259,2.4729,176.32,2.1259,2.4729,2,1,1,0,0,12,20,-75,-5,0,0,0,0.604
52430,2.1353,2.4731,176.32,2.1353,2.4731,2,1,1,0,0,12,20,-75,-5,0,0,0,0.595
52440,2.1446,2.4733,176.32,2.1446,2.4733,2,1,1,0,0,12,20,-75,-5,0,0,0,0.585
52450,2.1536,2.4735,176.32,2.1536,2.4735,2,1,1,0,0,20,20,-75,-5,0,0,0,0.576
52460,2.1625,2.4737,176.32,2.1625,2.4737,2,1,1,0,0,20,20,-75,-5,0,0,0,0.568
52470,2.1712,2.4740,176.32,2.1712,2.4740,2,1,1,0,0,20,20,-75,-5,0,0,0,0.559
52480,2.1796,2.4742,176.32,2.1796,2.4742,2,1,1,0,0,20,20,-75,-5,0,0,0,0.550
52490,2.1879,2.4745,176.32,2.1879,2.4745,2,1,1,0,0,20,20,-75,-5,0,0,0,0.542
52500,2.1959,2.4748,176.32,2.1959,2.4748,2,1,1,0,0,20,20,-75,-5,0,0,0,0.534
52510,2.2038,2.4751,176.32,2.2038,2.4751,2,1,1,0,0,20,20,-75,-5,0,0,0,0.526
52520,2.2115,2.4754,176.32,2.2115,2.4754,2,1,1,0,0,20,20,-75,-5,0,0,0,0.519
52530,2.2189,2.4757,176.32,2.2189,2.4757,2,1,1,0,0,20,20,-75,-5,0,0,0,0.511
52540,2.2262,2.4760,176.32,2.2262,2.4760,2,1,1,0,0,20,20,-75,-5,0,0,0,0.504
52550,2.2333,2.4764,176.32,2.2333,2.4764,2,1,1,0,0,20,20,-75,-5,0,0,0,0.497
52560,2.2401,2.4767,176.32,2.2401,2.4767,2,1,1,0,0,20,20,-75,-5,0,0,0,0.490
52570,2.2469,2.4770,176.32,2.2469,2.4770,2,1,1,0,0,20,20,-75,-5,0,0,0,0.483
52580,2.2534,2.4774,176.33,2.2534,2.4774,2,1,1,0,0,20,20,-75,-5,0,0,0,0.477
52590,2.2597,2.4777,176.33,2.2597,2.4777,2,1,1,0,0,20,20,-75,-5,0,0,0,0.470
52600,2.2659,2.4779,176.33,2.2659,2.4779,2,1,1,0,0,20,20,-75,-5,0,0,0,0.464
52610,2.2721,2.4780,176.33,2.2721,2.4780,2,1,1,0,0,20,20,-75,-5,0,0,0,0.458
52620,2.2781,2.4781,176.33,2.2781,2.4781,2,1,1,0,0,20,20,-75,-5,0,0,0,0.452
52630,2.2841,2.4781,176.33,2.2841,2.4781,2,1,1,0,0,20,20,-75,-5,0,0,0,0.446
52640,2.2900,2.4781,176.34,2.2900,2.4781,2,1,1,0,0,20,20,-75,-5,0,0,0,0.440
52650,2.2960,2.4781,176.34,2.2960,2.4781,2,1,1,0,0,20,20,-75,-5,0,0,0,0.434
52660,2.3020,2.4781,176.34,2.3020,2.4781,2,1,1,0,0,20,20,-75,-5,0,0,0,0.428
52670,2.3080,2.4781,176.34,2.3080,2.4781,2,1,1,0,0,20,20,-75,-5,0,0,0,0.422
52680,2.3140,2.4782,176.34,2.3140,2.4782,2,1,1,0,0,20,20,-75,-5,0,0,0,0.416
52690,2.3199,2.4782,176.34,2.3199,2.4782,2,1,1,0,0,20,20,-75,-5,0,0,0,0.410
52700,2.3259,2.4782,176.34,2.3259,2.4782,2,1,1,0,0,20,20,-75,-5,0,0,0,0.404
52710,2.3319,2.4782,176.34,2.3319,2.4782,2,1,1,0,0,20,20,-75,-5,0,0,0,0.398
52720,2.3379,2.4782,176.34,2.3379,2.4782,2,1,1,0,0,20,20,-75,-5,0,0,0,0.392
52730,2.3439,2.4782,176.35,2.3439,2.4782,2,1,1,0,0,20,20,-75,-5,0,0,0,0.386
52740,2.3499,2.4783,176.35,2.3499,2.4783,2,1,1,0,0,20,20,-75,-5,0,0,0,0.380
52750,2.3558,2.4783,176.35,2.3558,2.4783,2,1,1,0,0,20,20,-75,-5,0,0,0,0.374
52760,2.3618,2.4783,176.35,2.3618,2.4783,2,1,1,0,0,20,20,-75,-5,0,0,0,0.368
52770,2.3678,2.4783,176.35,2.3678,2.4783,2,1,1,0,0,20,20,-75,-5,0,0,0,0.362
52780,2.3738,2.4783,176.35,2.3738,2.4783,2,1,1,0,0,20,20,-75,-5,0,0,0,0.356
52790,2.3798,2.4783,176.35,2.3798,2.4783,2,1,1,0,0,20,20,-75,-5,0,0,0,0.350
52800,2.3858,2.4784,176.35,2.3858,2.4784,2,1,1,0,0,20,20,-75,-5,0,0,0,0.344
52810,2.3917,2.4784,176.36,2.3917,2.4784,2,1,1,0,0,20,20,-75,-5,0,0,0,0.338
52820,2.3977,2.4784,176.36,2.3977,2.4784,2,1,1,0,0,20,20,-75,-5,0,0,0,0.332
52830,2.4037,2.4784,176.36,2.4037,2.4784,2,1,1,0,0,20,20,-75,-5,0,0,0,0.326
52840,2.4097,2.4784,176.36,2.4097,2.4784,2,1,1,0,0,20,20,-75,-5,0,0,0,0.320
52850,2.4157,2.4785,176.36,2.4157,2.4785,2,1,1,0,0,20,20,-75,-5,0,0,0,0.314
52860,2.4216,2.4785,176.36,2.4216,2.4785,2,1,1,0,0,20,20,-75,-5,0,0,0,0.308
52870,2.4276,2.4785,176.36,2.4276,2.4785,2,1,1,0,0,20,20,-75,-5,0,0,0,0.302
52880,2.4336,2.4785,176.36,2.4336,2.4785,2,1,1,0,0,20,20,-75,-5,0,0,0,0.296
52890,2.4396,2.4785,176.36,2.4396,2.4785,2,1,1,0,0,20,20,-75,-5,0,0,0,0.290
52900,2.4456,2.4785,176.37,2.4456,2.4785,2,1,1,0,0,20,20,-75,-5,0,0,0,0.284
52910,2.4516,2.4786,176.37,2.4516,2.4786,2,1,1,0,0,20,20,-75,-5,0,0,0,0.278
52920,2.4575,2.4786,176.37,2.4575,2.4786,2,1,1,0,0,20,20,-75,-5,0,0,0,0.272
52930,2.4635,2.4786,176.37,2.4635,2.4786,2,1,1,0,0,20,20,-75,-5,0,0,0,0.266
52940,2.4695,2.4786,176.37,2.4695,2.4786,2,1,1,0,0,20,20,-75,-5,0,0,0,0.260
52950,2.4755,2.4786,176.37,2.4755,2.4786,2,1,1,0,0,20,20,-75,-5,0,0,0,0.255
52960,2.4815,2.4787,176.37,2.4815,2.4787,3,1,0,0,0,20,20,0,0,0,0,0,1000.000
52970,2.4873,2.4787,176.37,2.4873,2.4787,3,1,0,0,0,20,20,0,0,0,0,0,1000.000
52980,2.4929,2.4787,176.37,2.4929,2.4787,3,1,0,0,0,20,20,0,0,0,0,0,1000.000
52990,2.4984,2.4788,176.37,2.4984,2.4788,3,1,0,0,0,20,20,0,0,0,0,0,1000.000
53000,2.5036,2.4789,176.37,2.5036,2.4789,3,1,0,0,0,20,20,0,0,0,0,0,1000.000
53010,2.5086,2.4789,176.37,2.5086,2.4789,3,1,0,0,0,20,20,0,0,0,0,0,1000.000
53020,2.5135,2.4790,176.37,2.5135,2.4790,3,1,0,0,0,20,20,0,0,0,0,0,1000.000
53030,2.5181,2.4791,176.37,2.5181,2.4791,3,1,0,0,0,20,20,0,0,0,0,0,1000.000
53040,2.5225,2.4793,176.37,2.5225,2.4793,3,1,0,0,0,20,20,0,0,0,0,0,1000.000
53050,2.5268,2.4794,176.37,2.5268,2.4794,3,1,1,0,0,20,20,0,0,0,0,0,1000.000
53060,2.5308,2.4795,176.37,2.5308,2.4795,3,1,1,0,0,20,20,0,0,0,0,0,1000.000
53070,2.5346,2.4797,176.37,2.5346,2.4797,3,1,1,0,0,20,20,0,0,0,0,0,1000.000
53080,2.5383,2.4798,176.37,2.5383,2.4798,3,1,1,0,0,20,20,0,0,0,0,0,1000.000
53090,2.5417,2.4800,176.37,2.5417,2.4800,3,1,1,0,0,20,20,0,0,0,0,0,1000.000
53100,2.5450,2.4802,176.37,2.5450,2.4802,3,1,1,0,0,20,20,-10,53,0,1,0,1.032
53110,2.5480,2.4804,176.37,2.5480,2.4804,3,1,1,0,0,20,20,-10,53,0,1,0,1.032
53120,2.5508,2.4806,176.37,2.5508,2.4806,3,1,1,0,0,20,20,-10,53,0,1,0,1.032
53130,2.5535,2.4809,176.37,2.5535,2.4809,3,1,1,0,0,20,20,-10,53,0,1,0,1.032
53140,2.5559,2.4811,176.37,2.5559,2.4811,3,1,1,0,0,20,20,-10,53,0,1,0,1.033
53150,2.5582,2.4814,176.37,2.5582,2.4814,3,1,1,0,0,20,20,-10,53,0,1,0,1.033
53160,2.5602,2.4817,176.37,2.5602,2.4817,3,1,1,0,0,20,20,-10,53,0,1,0,1.033
53170,2.5620,2.4819,176.37,2.5620,2.4819,3,1,1,0,0,20,20,-10,53,0,1,0,1.033
53180,2.5637,2.4822,176.38,2.5637,2.4822,3,1,1,0,0,20,20,-9,53,0,1,0,1.034
53190,2.5653,2.4823,176.38,2.5653,2.4823,3,1,1,0,0,20,20,-9,53,0,1,0,1.034
53200,2.5669,2.4823,176.38,2.5669,2.4823,3,1,1,0,0,20,20,-9,53,0,1,0,1.034
53210,2.5684,2.4820,176.38,2.5684,2.4820,3,1,1,0,0,20,20,-9,53,0,1,0,1.034
53220,2.5699,2.4816,176.39,2.5699,2.4816,3,1,1,0,0,20,20,-9,53,0,1,0,1.033
53230,2.5714,2.4811,176.39,2.5714,2.4811,3,1,1,0,0,20,20,-9,53,0,1,0,1.033
53240,2.5728,2.4803,176.39,2.5728,2.4803,3,1,1,0,0,20,20,-9,53,0,1,0,1.032
53250,2.5743,2.4793,176.39,2.5743,2.4793,3,1,1,0,0,20,20,-9,53,0,1,0,1.031
53260,2.5757,2.4781,176.39,2.5757,2.4781,3,1,1,0,0,20,20,-9,53,0,1,0,1.030
53270,2.5771,2.4768,176.39,2.5771,2.4768,3,1,1,0,0,20,20,-9,53,0,1,0,1.028
53280,2.5784,2.4753,176.39,2.5784,2.4753,3,1,1,0,0,20,20,-9,53,0,1,0,1.027
53290,2.5797,2.4737,176.40,2.5797,2.4737,3,1,1,0,0,20,20,-9,53,0,1,0,1.025
53300,2.5810,2.4718,176.40,2.5810,2.4718,3,1,1,0,0,20,19,-9,53,0,1,0,1.023
53310,2.5822,2.4698,176.40,2.5822,2.4698,3,1,1,0,0,20,19,-9,53,0,1,0,1.021
53320,2.5834,2.4676,176.40,2.5834,2.4676,3,1,1,0,0,20,19,-9,53,0,1,0,1.019
53330,2.5846,2.4651,176.40,2.5846,2.4651,3,1,1,0,0,20,19,-9,53,0,1,0,1.017
53340,2.5858,2.4625,176.40,2.5858,2.4625,3,1,1,0,0,20,19,-9,53,0,1,0,1.014
53350,2.5869,2.4598,176.40,2.5869,2.4598,3,1,1,0,0,20,18,-9,53,0,1,0,1.011
53360,2.5880,2.4568,176.41,2.5880,2.4568,3,1,1,0,0,20,18,-9,53,0,1,0,1.008
53370,2.5891,2.4537,176.41,2.5891,2.4537,3,1,1,0,0,20,18,-9,53,0,1,0,1.005
53380,2.5901,2.4504,176.41,2.5901,2.4504,3,1,1,0,0,20,18,-9,53,0,1,0,1.002
53390,2.5911,2.4470,176.42,2.5911,2.4470,3,1,1,0,0,20,18,-9,53,0,1,0,0.998
53400,2.5921,2.4433,176.42,2.5921,2.4433,3,1,1,0,0,20,18,-9,53,0,1,0,0.995
53410,2.5931,2.4395,176.42,2.5931,2.4395,3,1,1,0,0,20,18,-9,53,0,1,0,0.991
53420,2.5939,2.4355,176.42,2.5939,2.4355,3,1,1,0,0,20,18,-9,53,0,1,0,0.987
53430,2.5946,2.4315,176.42,2.5946,2.4315,3,1,1,0,0,20,18,-9,53,0,1,0,0.983
53440,2.5953,2.4275,176.42,2.5953,2.4275,3,1,1,0,0,20,18,-9,53,0,1,0,0.979
53450,2.5959,2.4233,176.43,2.5959,2.4233,3,1,1,0,0,20,18,-9,53,0,1,0,0.975
53460,2.5963,2.4191,176.43,2.5963,2.4191,3,1,1,0,0,20,18,-9,53,0,1,0,0.971
53470,2.5968,2.4148,176.43,2.5968,2.4148,3,1,1,0,0,20,18,-9,53,0,1,0,0.966
53480,2.5972,2.4106,176.43,2.5972,2.4106,3,1,1,0,0,20,18,-9,53,0,1,0,0.962
53490,2.5977,2.4063,176.43,2.5977,2.4063,3,1,1,0,0,20,18,-9,53,0,1,0,0.958
53500,2.5981,2.4021,176.43,2.5981,2.4021,3,1,1,0,0,20,17,-9,53,0,1,0,0.954
53510,2.5986,2.3978,176.43,2.5986,2.3978,3,1,1,0,0,20,17,-9,53,0,1,0,0.949
53520,2.5991,2.3936,176.44,2.5991,2.3936,3,1,1,0,0,20,17,-9,53,0,1,0,0.945
53530,2.5995,2.3893,176.44,2.5995,2.3893,3,1,1,0,0,20,17,-9,53,0,1,0,0.941
53540,2.6000,2.3850,176.44,2.6000,2.3850,3,1,1,0,0,20,17,-9,53,0,1,0,0.937
53550,2.6004,2.3808,176.44,2.6004,2.3808,3,1,1,0,0,20,17,-9,53,0,1,0,0.932
53560,2.6009,2.3765,176.44,2.6009,2.3765,3,1,1,0,0,20,17,-9,53,0,1,0,0.928
53570,2.6013,2.3723,176.44,2.6013,2.3723,3,1,1,0,0,20,17,-9,53,0,1,0,0.924
53580,2.6018,2.3680,176.44,2.6018,2.3680,3,1,1,0,0,20,17,-9,53,0,1,0,0.920
53590,2.6022,2.3638,176.44,2.6022,2.3638,3,1,1,0,0,20,17,-9,53,0,1,0,0.915
53600,2.6027,2.3595,176.45,2.6027,2.3595,3,1,1,0,0,20,17,-9,53,0,1,0,0.911
53610,2.6031,2.3553,176.45,2.6031,2.3553,3,1,1,0,0,20,17,-9,53,0,1,0,0.907
53620,2.6036,2.3510,176.45,2.6036,2.3510,3,1,1,0,0,20,17,-9,53,0,1,0,0.903
53630,2.6040,2.3468,176.45,2.6040,2.3468,3,1,1,0,0,20,17,-9,53,0,1,0,0.898
53640,2.6045,2.3425,176.45,2.6045,2.3425,3,1,1,0,0,20,17,-9,53,0,1,0,0.894
53650,2.6049,2.3382,176.45,2.6049,2.3382,3,1,1,0,0,20,17,-9,53,0,1,0,0.890
53660,2.6054,2.3340,176.45,2.6054,2.3340,3,1,1,0,0,20,17,-9,53,0,1,0,0.885
53670,2.6059,2.3297,176.45,2.6059,2.3297,3,1,1,0,0,20,17,-9,53,0,1,0,0.881
53680,2.6063,2.3255,176.45,2.6063,2.3255,3,1,1,0,0,20,17,-9,53,0,1,0,0.877
53690,2.6068,2.3212,176.46,2.6068,2.3212,3,1,1,0,0,20,17,-9,53,0,1,0,0.873
53700,2.6072,2.3170,176.46,2.6072,2.3170,3,1,1,0,0,20,16,-9,53,0,1,0,0.868
53710,2.6077,2.3127,176.46,2.6077,2.3127,3,1,1,0,0,20,16,-9,53,0,1,0,0.864
53720,2.6081,2.3085,176.46,2.6081,2.3085,3,1,1,0,0,20,16,-9,53,0,1,0,0.860
53730,2.6086,2.3042,176.46,2.6086,2.3042,3,1,1,0,0,20,16,-9,53,0,1,0,0.856
53740,2.6090,2.3000,176.46,2.6090,2.3000,3,1,1,0,0,20,16,-9,53,0,1,0,0.851
53750,2.6095,2.2957,176.46,2.6095,2.2957,3,1,1,0,0,20,16,-9,53,0,1,0,0.847
53760,2.6099,2.2915,176.46,2.6099,2.2915,3,1,1,0,0,20,16,-9,53,0,1,0,0.843
53770,2.6104,2.2872,176.46,2.6104,2.2872,3,1,1,0,0,20,16,-9,53,0,1,0,0.839
53780,2.6109,2.2829,176.47,2.6109,2.2829,3,1,1,0,0,20,16,-9,53,0,1,0,0.834
53790,2.6113,2.2787,176.47,2.6113,2.2787,3,1,1,0,0,20,16,-9,53,0,1,0,0.830
53800,2.6118,2.2744,176.47,2.6118,2.2744,3,1,1,0,0,20,16,-9,53,0,1,0,0.826
53810,2.6122,2.2702,176.47,2.6122,2.2702,3,1,1,0,0,20,16,-9,53,0,1,0,0.822
53820,2.6127,2.2659,176.47,2.6127,2.2659,3,1,1,0,0,20,16,-9,53,0,1,0,0.817
53830,2.6131,2.2617,176.48,2.6131,2.2617,3,1,1,0,0,20,16,-9,53,0,1,0,0.813
53840,2.6136,2.2574,176.48,2.6136,2.2574,3,1,1,0,0,20,16,-9,53,0,1,0,0.809
53850,2.6140,2.2532,176.48,2.6140,2.2532,3,1,1,0,0,20,16,-9,53,0,1,0,0.805
53860,2.6145,2.2489,176.48,2.6145,2.2489,3,1,1,0,0,20,16,-9,53,0,1,0,0.800
53870,2.6150,2.2447,176.48,2.6150,2.2447,3,1,1,0,0,20,16,-9,53,0,1,0,0.796
53880,2.6154,2.2404,176.48,2.6154,2.2404,3,1,1,0,0,20,16,-9,53,0,1,0,0.792
53890,2.6159,2.2361,176.48,2.6159,2.2361,3,1,1,0,0,20,16,-9,53,0,1,0,0.788
53900,2.6163,2.2319,176.48,2.6163,2.2319,3,1,1,0,0,20,16,-9,53,0,1,0,0.783
53910,2.6168,2.2276,176.48,2.6168,2.2276,3,1,1,0,0,20,16,-9,53,0,1,0,0.779
53920,2.6172,2.2234,176.49,2.6172,2.2234,3,1,1,0,0,20,16,-9,53,0,1,0,0.775
53930,2.6177,2.2191,176.49,2.6177,2.2191,3,1,1,0,0,20,16,-9,53,0,1,0,0.771
53940,2.6181,2.2149,176.49,2.6181,2.2149,3,1,1,0,0,20,16,-9,53,0,1,0,0.766
53950,2.6186,2.2106,176.49,2.6186,2.2106,3,1,1,0,0,20,15,-9,53,0,1,0,0.762
53960,2.6191,2.2064,176.49,2.6191,2.2064,3,1,1,0,0,20,15,-9,53,0,1,0,0.758
53970,2.6195,2.2021,176.49,2.6195,2.2021,3,1,1,0,0,20,15,-9,53,0,1,0,0.754
53980,2.6200,2.1979,176.49,2.6200,2.1979,3,1,1,0,0,20,15,-9,53,0,1,0,0.749
53990,2.6204,2.1936,176.49,2.6204,2.1936,3,1,1,0,0,20,15,-9,53,0,1,0,0.745
54000,2.6209,2.1894,176.49,2.6209,2.1894,3,1,1,0,0,20,15,-9,53,0,1,0,0.741
54010,2.6213,2.1851,176.50,2.6213,2.1851,3,1,1,0,0,20,15,-9,53,0,1,0,0.737
54020,2.6218,2.1808,176.50,2.6218,2.1808,3,1,1,0,0,20,15,-9,53,0,1,0,0.732
54030,2.6223,2.1766,176.50,2.6223,2.1766,3,1,1,0,0,20,15,-9,53,0,1,0,0.728
54040,2.6227,2.1723,176.50,2.6227,2.1723,3,1,1,0,0,20,15,-9,53,0,1,0,0.724
54050,2.6232,2.1681,176.50,2.6232,2.1681,3,1,1,0,0,20,15,-9,53,0,1,0,0.720
54060,2.6236,2.1638,176.50,2.6236,2.1638,3,1,1,0,0,20,15,-9,53,0,1,0,0.715
54070,2.6241,2.1596,176.50,2.6241,2.1596,3,1,1,0,0,20,15,-9,53,0,1,0,0.711
54080,2.6245,2.1553,176.50,2.6245,2.1553,3,1,1,0,0,20,15,-9,53,0,1,0,0.707
54090,2.6250,2.1511,176.50,2.6250,2.1511,3,1,1,0,0,20,15,-9,53,0,1,0,0.703
54100,2.6255,2.1468,176.51,2.6255,2.1468,3,1,1,0,0,20,15,-9,53,0,1,0,0.698
54110,2.6259,2.1426,176.51,2.6259,2.1426,3,1,1,0,0,20,15,-9,53,0,1,0,0.694
54120,2.6264,2.1383,176.51,2.6264,2.1383,3,1,1,0,0,20,15,-9,53,0,1,0,0.690
54130,2.6268,2.1341,176.51,2.6268,2.1341,3,1,1,0,0,20,15,-9,53,0,1,0,0.686
54140,2.6273,2.1298,176.51,2.6273,2.1298,3,1,1,0,0,20,15,-9,53,0,1,0,0.681
54150,2.6278,2.1255,176.51,2.6278,2.1255,3,1,1,0,0,20,14,-9,53,0,1,0,0.677
54160,2.6282,2.1213,176.51,2.6282,2.1213,3,1,1,0,0,20,14,-9,53,0,1,0,0.673
54170,2.6287,2.1170,176.51,2.6287,2.1170,3,1,1,0,0,20,14,-9,53,0,1,0,0.669
54180,2.6291,2.1128,176.51,2.6291,2.1128,3,1,1,0,0,20,14,-9,53,0,1,0,0.664
54190,2.6296,2.1085,176.52,2.6296,2.1085,3,1,1,0,0,20,14,-9,53,0,1,0,0.660
54200,2.6300,2.1043,176.52,2.6300,2.1043,3,1,1,0,0,20,14,-9,53,0,1,0,0.656
54210,2.6305,2.1000,176.52,2.6305,2.1000,3,1,1,0,0,20,14,-9,53,0,1,0,0.652
54220,2.6310,2.0958,176.52,2.6310,2.0958,3,1,1,0,0,20,14,-9,53,0,1,0,0.647
54230,2.6314,2.0915,176.52,2.6314,2.0915,3,1,1,0,0,20,14,-9,53,0,1,0,0.643
54240,2.6319,2.0873,176.52,2.6319,2.0873,3,1,1,0,0,20,14,-9,53,0,1,0,0.639
54250,2.6323,2.0830,176.52,2.6323,2.0830,3,1,1,0,0,20,14,-5,53,0,1,0,0.635
54260,2.6327,2.0788,176.52,2.6327,2.0788,3,1,1,0,0,20,14,-5,53,0,1,0,0.630
54270,2.6329,2.0745,176.52,2.6329,2.0745,3,1,1,0,0,20,14,-5,53,0,1,0,0.626
54280,2.6330,2.0703,176.53,2.6330,2.0703,3,1,1,0,0,20,14,-5,53,0,1,0,0.622
54290,2.6331,2.0661,176.53,2.6331,2.0661,3,1,1,0,0,20,14,-5,53,0,1,0,0.618
54300,2.6333,2.0618,176.53,2.6333,2.0618,3,1,1,0,0,20,14,-5,53,0,1,0,0.613
54310,2.6334,2.0576,176.53,2.6334,2.0576,3,1,1,0,0,20,14,-5,53,0,1,0,0.609
54320,2.6336,2.0533,176.53,2.6336,2.0533,3,1,1,0,0,20,14,-5,53,0,1,0,0.605
54330,2.6337,2.0491,176.54,2.6337,2.0491,3,1,1,0,0,20,14,-5,53,0,1,0,0.601
54340,2.6339,2.0449,176.54,2.6339,2.0449,3,1,1,0,0,20,14,-5,53,0,1,0,0.596
54350,2.6340,2.0406,176.54,2.6340,2.0406,3,1,1,0,0,20,14,-5,53,0,1,0,0.592
54360,2.6341,2.0364,176.54,2.6341,2.0364,3,1,1,0,0,20,14,-5,53,0,1,0,0.588
54370,2.6343,2.0322,176.54,2.6343,2.0322,3,1,1,0,0,20,14,-5,53,0,1,0,0.584
54380,2.6344,2.0279,176.54,2.6344,2.0279,3,1,1,0,0,20,14,-5,53,0,1,0,0.579
54390,2.6346,2.0237,176.54,2.6346,2.0237,3,1,1,0,0,20,14,-5,53,0,1,0,0.575
54400,2.6347,2.0195,176.54,2.6347,2.0195,3,1,1,0,0,20,14,-5,53,0,1,0,0.571
54410,2.6349,2.0152,176.54,2.6349,2.0152,3,1,1,0,0,20,14,-5,53,0,1,0,0.567
54420,2.6350,2.0110,176.55,2.6350,2.0110,3,1,1,0,0,20,14,-5,53,0,1,0,0.563
54430,2.6351,2.0068,176.55,2.6351,2.0068,3,1,1,0,0,20,14,-5,53,0,1,0,0.558
54440,2.6353,2.0025,176.55,2.6353,2.0025,3,1,1,0,0,20,14,-5,53,0,1,0,0.554
54450,2.6354,1.9983,176.55,2.6354,1.9983,3,1,1,0,0,20,14,-5,53,0,1,0,0.550
54460,2.6356,1.9941,176.55,2.6356,1.9941,3,1,1,0,0,20,14,-5,53,0,1,0,0.546
54470,2.6357,1.9898,176.55,2.6357,1.9898,3,1,1,0,0,20,14,-5,53,0,1,0,0.541
54480,2.6359,1.9856,176.55,2.6359,1.9856,3,1,1,0,0,20,14,-5,53,0,1,0,0.537
54490,2.6360,1.9814,176.55,2.6360,1.9814,3,1,1,0,0,20,14,-5,53,0,1,0,0.533
54500,2.6361,1.9771,176.55,2.6361,1.9771,3,1,1,0,0,20,14,-5,53,0,1,0,0.529
54510,2.6363,1.9729,176.56,2.6363,1.9729,3,1,1,0,0,20,14,-5,53,0,1,0,0.524
54520,2.6364,1.9687,176.56,2.6364,1.9687,3,1,1,0,0,20,14,-5,53,0,1,0,0.520
54530,2.6366,1.9644,176.56,2.6366,1.9644,3,1,1,0,0,20,14,-5,53,0,1,0,0.516
54540,2.6367,1.9602,176.56,2.6367,1.9602,3,1,1,0,0,20,14,-5,53,0,1,0,0.512
54550,2.6369,1.9560,176.56,2.6369,1.9560,3,1,1,0,0,20,13,-5,53,0,1,0,0.507
54560,2.6370,1.9517,176.56,2.6370,1.9517,3,1,1,0,0,20,13,-5,53,0,1,0,0.503
54570,2.6371,1.9475,176.56,2.6371,1.9475,3,1,1,0,0,20,13,-5,53,0,1,0,0.499
54580,2.6373,1.9433,176.56,2.6373,1.9433,3,1,1,0,0,20,13,-5,53,0,1,0,0.495
54590,2.6374,1.9390,176.56,2.6374,1.9390,3,1,1,0,0,20,13,-5,53,0,1,0,0.491
54600,2.6375,1.9348,176.57,2.6375,1.9348,3,1,1,0,0,20,13,-4,53,0,1,0,0.486
54610,2.6376,1.9306,176.57,2.6376,1.9306,3,1,1,0,0,20,13,-4,53,0,1,0,0.482
54620,2.6377,1.9263,176.57,2.6377,1.9263,3,1,1,0,0,20,13,-4,53,0,1,0,0.478
54630,2.6377,1.9221,176.57,2.6377,1.9221,3,1,1,0,0,20,13,-4,53,0,1,0,0.474
54640,2.6378,1.9179,176.57,2.6378,1.9179,3,1,1,0,0,20,13,-4,53,0,1,0,0.469
54650,2.6379,1.9136,176.57,2.6379,1.9136,3,1,1,0,0,20,13,-4,53,0,1,0,0.465
54660,2.6379,1.9094,176.57,2.6379,1.9094,3,1,1,0,0,20,13,-4,53,0,1,0,0.461
54670,2.6380,1.9052,176.57,2.6380,1.9052,3,1,1,0,0,20,13,-4,53,0,1,0,0.457
54680,2.6381,1.9010,176.57,2.6381,1.9010,3,1,1,0,0,20,13,-4,53,0,1,0,0.452
54690,2.6381,1.8967,176.58,2.6381,1.8967,3,1,1,0,0,20,13,-4,53,0,1,0,0.448
54700,2.6382,1.8925,176.58,2.6382,1.8925,3,1,1,0,0,20,13,-4,53,0,1,0,0.444
54710,2.6383,1.8883,176.58,2.6383,1.8883,3,1,1,0,0,20,13,-4,53,0,1,0,0.440
54720,2.6383,1.8840,176.58,2.6383,1.8840,3,1,1,0,0,20,13,-4,53,0,1,0,0.436
54730,2.6384,1.8798,176.58,2.6384,1.8798,3,1,1,0,0,20,13,-4,53,0,1,0,0.431
54740,2.6385,1.8756,176.59,2.6385,1.8756,3,1,1,0,0,20,13,-4,53,0,1,0,0.427
54750,2.6385,1.8713,176.59,2.6385,1.8713,3,1,1,0,0,20,13,-4,53,0,1,0,0.423
54760,2.6386,1.8671,176.59,2.6386,1.8671,3,1,1,0,0,20,13,-4,53,0,1,0,0.419
54770,2.6387,1.8629,176.59,2.6387,1.8629,3,1,1,0,0,20,13,-4,53,0,1,0,0.414
54780,2.6387,1.8587,176.59,2.6387,1.8587,3,1,1,0,0,20,13,-4,53,0,1,0,0.410
54790,2.6388,1.8544,176.59,2.6388,1.8544,3,1,1,0,0,20,13,-4,53,0,1,0,0.406
54800,2.6389,1.8502,176.59,2.6389,1.8502,3,1,1,0,0,20,13,-4,53,0,1,0,0.402
54810,2.6389,1.8460,176.59,2.6389,1.8460,3,1,1,0,0,20,13,-4,53,0,1,0,0.397
54820,2.6390,1.8417,176.59,2.6390,1.8417,3,1,1,0,0,20,13,-4,53,0,1,0,0.393
54830,2.6391,1.8375,176.60,2.6391,1.8375,3,1,1,0,0,20,13,-4,53,0,1,0,0.389
54840,2.6391,1.8333,176.60,2.6391,1.8333,3,1,1,0,0,20,13,-4,53,0,1,0,0.385
54850,2.6392,1.8290,176.60,2.6392,1.8290,3,1,1,0,0,20,13,-4,53,0,1,0,0.381
54860,2.6393,1.8248,176.60,2.6393,1.8248,3,1,1,0,0,20,13,-4,53,0,1,0,0.376
54870,2.6393,1.8206,176.60,2.6393,1.8206,3,1,1,0,0,20,13,-4,53,0,1,0,0.372
54880,2.6394,1.8164,176.60,2.6394,1.8164,3,1,1,0,0,20,13,-4,53,0,1,0,0.368
54890,2.6395,1.8121,176.60,2.6395,1.8121,3,1,1,0,0,20,13,-4,53,0,1,0,0.364
54900,2.6395,1.8079,176.60,2.6395,1.8079,3,1,1,0,0,20,13,-4,53,0,1,0,0.359
54910,2.6396,1.8037,176.60,2.6396,1.8037,3,1,1,0,0,20,13,-4,53,0,1,0,0.355
54920,2.6397,1.7994,176.61,2.6397,1.7994,3,1,1,0,0,20,13,-4,53,0,1,0,0.351
54930,2.6397,1.7952,176.61,2.6397,1.7952,3,1,1,0,0,20,13,-4,53,0,1,0,0.347
54940,2.6398,1.7910,176.61,2.6398,1.7910,3,1,1,0,0,20,13,-4,53,0,1,0,0.342
54950,2.6399,1.7868,176.61,2.6399,1.7868,3,1,1,0,0,20,13,-4,53,0,1,0,0.338
54960,2.6400,1.7825,176.61,2.6400,1.7825,3,1,1,0,0,20,13,-4,53,0,1,0,0.334
54970,2.6400,1.7783,176.61,2.6400,1.7783,3,1,1,0,0,20,13,-4,53,0,1,0,0.330
54980,2.6401,1.7741,176.61,2.6401,1.7741,3,1,1,0,0,20,13,-4,53,0,1,0,0.326
54990,2.6402,1.7698,176.61,2.6402,1.7698,3,1,1,0,0,20,13,-4,53,0,1,0,0.321
55000,2.6402,1.7656,176.62,2.6402,1.7656,3,1,1,0,0,20,13,-4,53,0,1,0,0.317
55010,2.6403,1.7614,176.62,2.6403,1.7614,3,1,1,0,0,20,13,-4,53,0,1,0,0.313
55020,2.6404,1.7571,176.62,2.6404,1.7571,3,1,1,0,0,20,13,-4,53,0,1,0,0.309
55030,2.6404,1.7529,176.62,2.6404,1.7529,3,1,1,0,0,20,13,-4,53,0,1,0,0.304
55040,2.6405,1.7487,176.62,2.6405,1.7487,3,1,1,0,0,20,13,-4,53,0,1,0,0.300
55050,2.6406,1.7445,176.62,2.6406,1.7445,3,1,1,0,0,20,13,-4,53,0,1,0,0.296
55060,2.6406,1.7402,176.62,2.6406,1.7402,3,1,1,0,0,20,13,-4,53,0,1,0,0.292
55070,2.6407,1.7360,176.62,2.6407,1.7360,3,1,1,0,0,20,13,-4,53,0,1,0,0.288
55080,2.6408,1.7318,176.62,2.6408,1.7318,3,1,1,0,0,20,13,-4,53,0,1,0,0.283
55090,2.6408,1.7275,176.63,2.6408,1.7275,3,1,1,0,0,20,13,-4,53,0,1,0,0.279
55100,2.6409,1.7233,176.63,2.6409,1.7233,3,1,1,0,0,20,13,-4,53,0,1,0,0.275
55110,2.6410,1.7191,176.63,2.6410,1.7191,3,1,1,0,0,20,13,-4,53,0,1,0,0.271
55120,2.6411,1.7148,176.63,2.6411,1.7148,3,1,1,0,0,20,13,-4,53,0,1,0,0.266
55130,2.6411,1.7106,176.63,2.6411,1.7106,3,1,1,0,0,20,13,-4,53,0,1,0,0.262
55140,2.6412,1.7064,176.63,2.6412,1.7064,3,1,1,0,0,20,13,-4,53,0,1,0,0.258
55150,2.6413,1.7022,176.63,2.6413,1.7022,3,1,1,0,0,20,13,-4,53,0,1,0,0.254
55160,2.6413,1.6979,176.63,2.6413,1.6979,3,1,1,0,0,20,13,-4,53,0,1,0,0.249
55170,2.6414,1.6937,176.63,2.6414,1.6937,3,1,1,0,0,20,13,-4,53,0,1,0,0.245
55180,2.6415,1.6895,176.64,2.6415,1.6895,3,1,1,0,0,20,13,-4,53,0,1,0,0.241
55190,2.6415,1.6852,176.64,2.6415,1.6852,3,1,1,0,0,20,13,-4,53,0,1,0,0.237
55200,2.6416,1.6810,176.64,2.6416,1.6810,3,1,1,0,0,20,13,-4,53,0,1,0,0.233
55210,2.6417,1.6768,176.64,2.6417,1.6768,3,1,1,0,0,20,13,-4,53,0,1,0,0.228
55220,2.6418,1.6726,176.64,2.6418,1.6726,3,1,1,0,0,20,13,-4,53,0,1,0,0.224
55230,2.6418,1.6683,176.65,2.6418,1.6683,3,1,1,0,0,20,13,-4,53,0,1,0,0.220
55240,2.6419,1.6641,176.65,2.6419,1.6641,3,1,1,0,0,20,13,-4,53,0,1,0,0.216
55250,2.6420,1.6599,176.65,2.6420,1.6599,3,1,1,0,0,20,13,-4,53,0,1,0,0.211
55260,2.6420,1.6556,176.65,2.6420,1.6556,3,1,1,0,0,20,13,-4,53,0,1,0,0.207
55270,2.6421,1.6514,176.65,2.6421,1.6514,3,1,1,0,0,20,13,-4,53,0,1,0,0.203
55280,2.6422,1.6472,176.65,2.6422,1.6472,3,1,1,0,0,20,13,-4,53,0,1,0,0.199
55290,2.6423,1.6429,176.65,2.6423,1.6429,3,1,1,0,0,20,13,-4,53,0,1,0,0.194
55300,2.6423,1.6387,176.65,2.6423,1.6387,3,1,1,0,0,20,13,-4,53,0,1,0,0.190
55310,2.6424,1.6345,176.65,2.6424,1.6345,3,1,1,0,0,20,13,-4,53,0,1,0,0.186
55320,2.6425,1.6303,176.66,2.6425,1.6303,3,1,1,0,0,20,13,-4,53,0,1,0,0.182
55330,2.6425,1.6260,176.66,2.6425,1.6260,3,1,1,0,0,20,13,-4,53,0,1,0,0.178
55340,2.6426,1.6218,176.66,2.6426,1.6218,3,1,1,0,0,20,13,-4,53,0,1,0,0.173
55350,2.6427,1.6176,176.66,2.6427,1.6176,3,1,1,0,0,20,13,-4,53,0,1,0,0.169
55360,2.6428,1.6133,176.66,2.6428,1.6133,3,1,1,0,0,20,13,-4,53,0,1,0,0.165
55370,2.6428,1.6091,176.66,2.6428,1.6091,3,1,1,0,0,20,13,-4,53,0,1,0,0.161
55380,2.6429,1.6049,176.66,2.6429,1.6049,3,1,1,0,0,20,13,-3,53,1,1,0,0.156
55390,2.6429,1.6007,176.66,2.6429,1.6007,3,1,1,0,0,20,13,-3,53,1,1,0,0.152
55400,2.6428,1.5965,176.66,2.6428,1.5965,4,1,0,0,0,20,13,0,0,0,0,0,1000.000
55410,2.6429,1.5926,176.66,2.6429,1.5926,4,1,0,0,0,20,13,0,0,0,0,0,1000.000
55420,2.6429,1.5888,176.66,2.6429,1.5888,4,1,0,0,0,20,13,0,0,0,0,0,1000.000
55430,2.6429,1.5852,176.66,2.6429,1.5852,4,1,0,0,0,20,13,0,0,0,0,0,1000.000
55440,2.6430,1.5819,176.66,2.6430,1.5819,4,1,0,0,0,20,13,0,0,0,0,0,1000.000
55450,2.6430,1.5787,176.66,2.6430,1.5787,4,1,1,0,0,20,13,0,0,0,0,0,1000.000
55460,2.6431,1.5758,176.66,2.6431,1.5758,4,1,1,0,0,20,13,0,0,0,0,0,1000.000
55470,2.6432,1.5730,176.66,2.6432,1.5730,4,1,1,0,0,20,13,0,0,0,0,0,1000.000
55480,2.6432,1.5705,176.66,2.6432,1.5705,4,1,1,0,0,20,13,0,0,0,0,0,1000.000
55490,2.6433,1.5681,176.66,2.6433,1.5681,4,1,1,0,0,20,13,0,0,0,0,0,1000.000
55500,2.6435,1.5659,176.66,2.6435,1.5659,4,1,1,0,0,20,13,150,9,0,0,0,2.373
55510,2.6436,1.5640,176.66,2.6436,1.5640,4,1,1,0,0,20,13,150,9,0,0,0,2.374
55520,2.6437,1.5622,176.66,2.6437,1.5622,4,1,1,0,0,20,13,150,9,0,0,0,2.374
55530,2.6439,1.5607,176.66,2.6439,1.5607,4,1,1,0,0,20,13,150,9,0,0,0,2.374
55540,2.6439,1.5592,176.66,2.6439,1.5592,4,1,1,0,0,20,13,150,9,0,0,0,2.374
55550,2.6437,1.5577,176.67,2.6437,1.5577,4,1,1,0,0,20,13,150,9,0,0,0,2.374
55560,2.6434,1.5563,176.67,2.6434,1.5563,4,1,1,0,0,20,13,150,9,0,0,0,2.373
55570,2.6428,1.5549,176.67,2.6428,1.5549,4,1,1,0,0,20,13,150,9,0,0,0,2.373
55580,2.6421,1.5534,176.67,2.6421,1.5534,4,1,1,0,0,20,13,150,9,0,0,0,2.372
55590,2.6411,1.5520,176.67,2.6411,1.5520,4,1,1,0,0,20,13,150,9,0,0,0,2.371
55600,2.6400,1.5506,176.67,2.6400,1.5506,4,1,1,0,0,20,13,150,9,0,0,0,2.370
55610,2.6386,1.5493,176.68,2.6386,1.5493,4,1,1,0,0,20,13,150,9,0,0,0,2.369
55620,2.6370,1.5479,176.68,2.6370,1.5479,4,1,1,0,0,20,13,150,9,0,0,0,2.367
55630,2.6353,1.5465,176.68,2.6353,1.5465,4,1,1,0,0,20,13,150,9,0,0,0,2.365
55640,2.6333,1.5452,176.68,2.6333,1.5452,4,1,1,0,0,20,13,150,9,0,0,0,2.363
55650,2.6312,1.5438,176.68,2.6312,1.5438,4,1,1,0,0,19,13,150,9,0,0,0,2.361
55660,2.6288,1.5425,176.69,2.6288,1.5425,4,1,1,0,0,19,13,150,9,0,0,0,2.359
55670,2.6263,1.5412,176.69,2.6263,1.5412,4,1,1,0,0,19,13,150,9,0,0,0,2.356
55680,2.6235,1.5399,176.69,2.6235,1.5399,4,1,1,0,0,19,13,150,9,0,0,0,2.354
55690,2.6206,1.5386,176.69,2.6206,1.5386,4,1,1,0,0,19,13,150,9,0,0,0,2.351
55700,2.6174,1.5373,176.69,2.6174,1.5373,4,1,1,0,0,19,13,150,9,0,0,0,2.347
55710,2.6141,1.5360,176.69,2.6141,1.5360,4,1,1,0,0,19,13,150,9,0,0,0,2.344
55720,2.6105,1.5348,176.70,2.6105,1.5348,4,1,1,0,0,19,13,150,9,0,0,0,2.341
55730,2.6067,1.5335,176.70,2.6067,1.5335,4,1,1,0,0,19,13,150,9,0,0,0,2.337
55740,2.6028,1.5323,176.70,2.6028,1.5323,4,1,1,0,0,19,13,150,9,0,0,0,2.333
55750,2.5986,1.5311,176.70,2.5986,1.5311,4,1,1,0,0,18,14,150,9,0,0,0,2.329
55760,2.5943,1.5299,176.70,2.5943,1.5299,4,1,1,0,0,18,14,150,9,0,0,0,2.324
55770,2.5897,1.5287,176.71,2.5897,1.5287,4,1,1,0,0,18,14,150,9,0,0,0,2.320
55780,2.5850,1.5275,176.71,2.5850,1.5275,4,1,1,0,0,18,14,150,9,0,0,0,2.315
55790,2.5800,1.5263,176.71,2.5800,1.5263,4,1,1,0,0,18,14,150,9,0,0,0,2.310
55800,2.5749,1.5251,176.71,2.5749,1.5251,4,1,1,0,0,18,15,150,9,0,0,0,2.305
55810,2.5695,1.5240,176.71,2.5695,1.5240,4,1,1,0,0,18,15,150,9,0,0,0,2.300
55820,2.5640,1.5228,176.72,2.5640,1.5228,4,1,1,0,0,18,15,150,9,0,0,0,2.294
55830,2.5582,1.5217,176.72,2.5582,1.5217,4,1,1,0,0,18,15,150,9,0,0,0,2.288
55840,2.5523,1.5206,176.72,2.5523,1.5206,4,1,1,0,0,18,15,150,9,0,0,0,2.282
55850,2.5462,1.5195,176.72,2.5462,1.5195,4,1,1,0,0,17,17,150,9,0,0,0,2.276
55860,2.5398,1.5184,176.72,2.5398,1.5184,4,1,1,0,0,17,17,150,9,0,0,0,2.270
55870,2.5333,1.5173,176.72,2.5333,1.5173,4,1,1,0,0,17,17,150,9,0,0,0,2.263
55880,2.5265,1.5162,176.73,2.5265,1.5162,4,1,1,0,0,17,17,150,9,0,0,0,2.257
55890,2.5196,1.5151,176.73,2.5196,1.5151,4,1,1,0,0,17,17,150,9,0,0,0,2.250
55900,2.5124,1.5141,176.73,2.5124,1.5141,4,1,1,0,0,16,20,150,9,0,0,0,2.242
55910,2.5051,1.5130,176.73,2.5051,1.5130,4,1,1,0,0,16,20,150,9,0,0,0,2.235
55920,2.4975,1.5120,176.73,2.4975,1.5120,4,1,1,0,0,16,20,150,9,0,0,0,2.228
55930,2.4898,1.5110,176.74,2.4898,1.5110,4,1,1,0,0,16,20,150,9,0,0,0,2.220
55940,2.4818,1.5100,176.74,2.4818,1.5100,4,1,1,0,0,16,20,150,9,0,0,0,2.212
55950,2.4737,1.5090,176.74,2.4737,1.5090,4,1,1,0,0,16,20,150,9,0,0,0,2.204
55960,2.4653,1.5080,176.74,2.4653,1.5080,4,1,1,0,0,16,20,150,9,0,0,0,2.195
55970,2.4568,1.5070,176.74,2.4568,1.5070,4,1,1,0,0,16,20,150,9,0,0,0,2.187
55980,2.4481,1.5060,176.74,2.4481,1.5060,4,1,1,0,0,16,20,150,9,0,0,0,2.178
55990,2.4391,1.5051,176.75,2.4391,1.5051,4,1,1,0,0,16,20,150,9,0,0,0,2.169
56000,2.4300,1.5041,176.75,2.4300,1.5041,4,1,1,0,0,15,20,150,9,0,0,0,2.160
56010,2.4206,1.5032,176.75,2.4206,1.5032,4,1,1,0,0,15,20,150,9,0,0,0,2.151
56020,2.4111,1.5023,176.75,2.4111,1.5023,4,1,1,0,0,15,20,150,9,0,0,0,2.141
56030,2.4014,1.5014,176.75,2.4014,1.5014,4,1,1,0,0,15,20,150,9,0,0,0,2.131
56040,2.3914,1.5005,176.76,2.3914,1.5005,4,1,1,0,0,15,20,150,9,0,0,0,2.121
56050,2.3813,1.4996,176.76,2.3813,1.4996,4,1,1,0,0,15,20,150,8,0,0,0,2.111
56060,2.3709,1.4987,176.76,2.3709,1.4987,4,1,1,0,0,15,20,150,8,0,0,0,2.101
56070,2.3604,1.4978,176.76,2.3604,1.4978,4,1,1,0,0,15,20,150,8,0,0,0,2.090
56080,2.3496,1.4970,176.76,2.3496,1.4970,4,1,1,0,0,15,20,150,8,0,0,0,2.080
56090,2.3387,1.4961,176.77,2.3387,1.4961,4,1,1,0,0,15,20,150,8,0,0,0,2.069
56100,2.3276,1.4953,176.77,2.3276,1.4953,4,1,1,0,0,15,20,150,8,0,0,0,2.058
56110,2.3163,1.4946,176.77,2.3163,1.4946,4,1,1,0,0,15,20,150,8,0,0,0,2.046
56120,2.3050,1.4939,176.77,2.3050,1.4939,4,1,1,0,0,15,20,150,8,0,0,0,2.035
56130,2.2935,1.4934,176.77,2.2935,1.4934,4,1,1,0,0,15,20,150,8,0,0,0,2.024
56140,2.2820,1.4929,176.77,2.2820,1.4929,4,1,1,0,0,15,20,150,8,0,0,0,2.012
56150,2.2704,1.4926,176.77,2.2704,1.4926,4,1,1,0,0,14,20,150,8,0,0,0,2.000
56160,2.2586,1.4924,176.77,2.2586,1.4924,4,1,1,0,0,14,20,150,8,0,0,0,1.989
56170,2.2469,1.4922,176.78,2.2469,1.4922,4,1,1,0,0,14,20,150,8,0,0,0,1.977
56180,2.2350,1.4922,176.78,2.2350,1.4922,4,1,1,0,0,14,20,150,8,0,0,0,1.965
56190,2.2231,1.4922,176.78,2.2231,1.4922,4,1,1,0,0,14,20,150,8,0,0,0,1.953
56200,2.2111,1.4922,176.78,2.2111,1.4922,4,1,1,0,0,14,20,150,8,0,0,0,1.941
56210,2.1991,1.4923,176.78,2.1991,1.4923,4,1,1,0,0,14,20,150,8,0,0,0,1.929
56220,2.1872,1.4923,176.78,2.1872,1.4923,4,1,1,0,0,14,20,150,8,0,0,0,1.917
56230,2.1752,1.4923,176.78,2.1752,1.4923,4,1,1,0,0,14,20,150,8,0,0,0,1.905
56240,2.1633,1.4924,176.79,2.1633,1.4924,4,1,1,0,0,14,20,150,8,0,0,0,1.893
56250,2.1513,1.4924,176.79,2.1513,1.4924,4,1,1,0,0,14,20,150,8,0,0,0,1.881
56260,2.1394,1.4924,176.79,2.1394,1.4924,4,1,1,0,0,14,20,150,8,0,0,0,1.869
56270,2.1274,1.4925,176.79,2.1274,1.4925,4,1,1,0,0,14,20,150,8,0,0,0,1.857
56280,2.1155,1.4925,176.79,2.1155,1.4925,4,1,1,0,0,14,20,150,8,0,0,0,1.845
56290,2.1035,1.4925,176.79,2.1035,1.4925,4,1,1,0,0,14,20,150,8,0,0,0,1.834
56300,2.0915,1.4926,176.79,2.0915,1.4926,4,1,1,0,0,14,20,150,8,0,0,0,1.822
56310,2.0796,1.4926,176.79,2.0796,1.4926,4,1,1,0,0,14,20,150,8,0,0,0,1.810
56320,2.0676,1.4926,176.79,2.0676,1.4926,4,1,1,0,0,14,20,150,8,0,0,0,1.798
56330,2.0557,1.4927,176.80,2.0557,1.4927,4,1,1,0,0,14,20,150,8,0,0,0,1.786
56340,2.0437,1.4927,176.80,2.0437,1.4927,4,1,1,0,0,14,20,150,8,0,0,0,1.774
56350,2.0318,1.4927,176.80,2.0318,1.4927,4,1,1,0,0,14,20,150,8,0,0,0,1.762
56360,2.0198,1.4928,176.80,2.0198,1.4928,4,1,1,0,0,14,20,150,8,0,0,0,1.750
56370,2.0079,1.4928,176.80,2.0079,1.4928,4,1,1,0,0,14,20,150,8,0,0,0,1.738
56380,1.9959,1.4928,176.80,1.9959,1.4928,4,1,1,0,0,14,20,150,8,0,0,0,1.726
56390,1.9840,1.4928,176.80,1.9840,1.4928,4,1,1,0,0,14,20,150,8,0,0,0,1.714
56400,1.9720,1.4929,176.80,1.9720,1.4929,4,1,1,0,0,14,20,150,8,0,0,0,1.702
56410,1.9600,1.4929,176.80,1.9600,1.4929,4,1,1,0,0,14,20,150,8,0,0,0,1.690
56420,1.9481,1.4929,176.81,1.9481,1.4929,4,1,1,0,0,14,20,150,8,0,0,0,1.678
56430,1.9361,1.4930,176.81,1.9361,1.4930,4,1,1,0,0,14,20,150,8,0,0,0,1.666
56440,1.9242,1.4930,176.81,1.9242,1.4930,4,1,1,0,0,14,20,150,8,0,0,0,1.654
56450,1.9122,1.4930,176.81,1.9122,1.4930,4,1,1,0,0,14,20,150,8,0,0,0,1.642
56460,1.9003,1.4930,176.81,1.9003,1.4930,4,1,1,0,0,14,20,150,8,0,0,0,1.630
56470,1.8883,1.4931,176.82,1.8883,1.4931,4,1,1,0,0,14,20,150,8,0,0,0,1.618
56480,1.8764,1.4931,176.82,1.8764,1.4931,4,1,1,0,0,14,20,150,8,0,0,0,1.606
56490,1.8644,1.4931,176.82,1.8644,1.4931,4,1,1,0,0,14,20,150,8,0,0,0,1.594
56500,1.8524,1.4932,176.82,1.8524,1.4932,4,1,1,0,0,14,20,150,8,0,0,0,1.582
56510,1.8405,1.4932,176.82,1.8405,1.4932,4,1,1,0,0,14,20,150,8,0,0,0,1.570
56520,1.8285,1.4932,176.82,1.8285,1.4932,4,1,1,0,0,14,20,150,8,0,0,0,1.559
56530,1.8166,1.4932,176.82,1.8166,1.4932,4,1,1,0,0,14,20,150,8,0,0,0,1.547
56540,1.8046,1.4933,176.82,1.8046,1.4933,4,1,1,0,0,14,20,150,8,0,0,0,1.535
56550,1.7927,1.4933,176.82,1.7927,1.4933,4,1,1,0,0,14,20,150,8,0,0,0,1.523
56560,1.7807,1.4933,176.83,1.7807,1.4933,4,1,1,0,0,14,20,150,8,0,0,0,1.511
56570,1.7688,1.4933,176.83,1.7688,1.4933,4,1,1,0,0,14,20,150,8,0,0,0,1.499
56580,1.7568,1.4934,176.83,1.7568,1.4934,4,1,1,0,0,14,20,150,8,0,0,0,1.487
56590,1.7449,1.4934,176.83,1.7449,1.4934,4,1,1,0,0,14,20,150,8,0,0,0,1.475
56600,1.7329,1.4934,176.83,1.7329,1.4934,4,1,1,0,0,14,20,150,8,0,0,0,1.463
56610,1.7209,1.4934,176.83,1.7209,1.4934,4,1,1,0,0,14,20,150,8,0,0,0,1.451
56620,1.7090,1.4935,176.83,1.7090,1.4935,4,1,1,0,0,14,20,150,8,0,0,0,1.439
56630,1.6970,1.4935,176.83,1.6970,1.4935,4,1,1,0,0,14,20,150,8,0,0,0,1.427
56640,1.6851,1.4935,176.83,1.6851,1.4935,4,1,1,0,0,14,20,150,8,0,0,0,1.415
56650,1.6731,1.4935,176.84,1.6731,1.4935,4,1,1,0,0,14,20,150,8,0,0,0,1.403
56660,1.6612,1.4936,176.84,1.6612,1.4936,4,1,1,0,0,14,20,150,8,0,0,0,1.391
56670,1.6492,1.4936,176.84,1.6492,1.4936,4,1,1,0,0,14,20,150,8,0,0,0,1.379
56680,1.6373,1.4936,176.84,1.6373,1.4936,4,1,1,0,0,14,20,150,8,0,0,0,1.367
56690,1.6253,1.4936,176.84,1.6253,1.4936,4,1,1,0,0,14,20,150,8,0,0,0,1.355
56700,1.6133,1.4936,176.84,1.6133,1.4936,4,1,1,0,0,14,20,150,8,0,0,0,1.343
56710,1.6014,1.4937,176.84,1.6014,1.4937,4,1,1,0,0,14,20,150,8,0,0,0,1.331
56720,1.5894,1.4937,176.84,1.5894,1.4937,4,1,1,0,0,14,20,150,8,0,0,0,1.319
56730,1.5775,1.4937,176.84,1.5775,1.4937,4,1,1,0,0,14,20,150,8,0,0,0,1.307
56740,1.5655,1.4937,176.85,1.5655,1.4937,4,1,1,0,0,14,20,150,8,0,0,0,1.296
56750,1.5536,1.4937,176.85,1.5536,1.4937,4,1,1,0,0,14,20,150,8,0,0,0,1.284
56760,1.5416,1.4938,176.85,1.5416,1.4938,4,1,1,0,0,14,20,150,8,0,0,0,1.272
56770,1.5297,1.4938,176.85,1.5297,1.4938,4,1,1,0,0,14,20,150,8,0,0,0,1.260
56780,1.5177,1.4938,176.85,1.5177,1.4938,4,1,1,0,0,14,20,150,8,0,0,0,1.248
56790,1.5058,1.4938,176.85,1.5058,1.4938,4,1,1,0,0,14,20,150,8,0,0,0,1.236
56800,1.4938,1.4938,176.85,1.4938,1.4938,4,1,1,0,0,14,20,150,8,0,0,0,1.224
56810,1.4818,1.4939,176.85,1.4818,1.4939,4,1,1,0,0,14,20,150,8,0,0,0,1.212
56820,1.4699,1.4939,176.86,1.4699,1.4939,4,1,1,0,0,14,20,150,8,0,0,0,1.200
56830,1.4579,1.4939,176.86,1.4579,1.4939,4,1,1,0,0,14,20,150,8,0,0,0,1.188
56840,1.4460,1.4939,176.86,1.4460,1.4939,4,1,1,0,0,14,20,150,8,0,0,0,1.176
56850,1.4340,1.4939,176.86,1.4340,1.4939,4,1,1,0,0,14,20,150,8,0,0,0,1.164
56860,1.4221,1.4940,176.86,1.4221,1.4940,4,1,1,0,0,14,20,150,8,0,0,0,1.152
56870,1.4101,1.4940,176.86,1.4101,1.4940,4,1,1,0,0,14,20,150,8,0,0,0,1.140
56880,1.3982,1.4940,176.86,1.3982,1.4940,4,1,1,0,0,14,20,150,8,0,0,0,1.128
56890,1.3862,1.4940,176.86,1.3862,1.4940,4,1,1,0,0,14,20,150,8,0,0,0,1.116
56900,1.3742,1.4940,176.86,1.3742,1.4940,4,1,1,0,0,14,20,150,8,0,0,0,1.104
56910,1.3623,1.4940,176.87,1.3623,1.4940,4,1,1,0,0,14,20,150,8,0,0,0,1.092
56920,1.3503,1.4941,176.87,1.3503,1.4941,4,1,1,0,0,14,20,150,8,0,0,0,1.080
56930,1.3384,1.4941,176.87,1.3384,1.4941,4,1,1,0,0,14,20,150,8,0,0,0,1.068
56940,1.3264,1.4941,176.87,1.3264,1.4941,4,1,1,0,0,14,20,150,8,0,0,0,1.056
56950,1.3145,1.4941,176.87,1.3145,1.4941,4,1,1,0,0,14,20,150,8,0,0,0,1.044
56960,1.3025,1.4941,176.88,1.3025,1.4941,4,1,1,0,0,14,20,150,8,0,0,0,1.033
56970,1.2906,1.4941,176.88,1.2906,1.4941,4,1,1,0,0,14,20,150,8,0,0,0,1.021
56980,1.2786,1.4942,176.88,1.2786,1.4942,4,1,1,0,0,14,20,150,8,0,0,0,1.009
56990,1.2667,1.4942,176.88,1.2667,1.4942,4,1,1,0,0,14,20,150,8,0,0,0,0.997
57000,1.2547,1.4942,176.88,1.2547,1.4942,4,1,1,0,0,14,20,150,8,0,0,0,0.985
57010,1.2427,1.4942,176.88,1.2427,1.4942,4,1,1,0,0,14,20,150,8,0,0,0,0.973
57020,1.2308,1.4942,176.88,1.2308,1.4942,4,1,1,0,0,14,20,150,8,0,0,0,0.961
57030,1.2188,1.4942,176.88,1.2188,1.4942,4,1,1,0,0,14,20,150,8,0,0,0,0.949
57040,1.2069,1.4942,176.88,1.2069,1.4942,4,1,1,0,0,14,20,150,8,0,0,0,0.937
57050,1.1949,1.4943,176.89,1.1949,1.4943,4,1,1,0,0,14,20,150,8,0,0,0,0.925
57060,1.1830,1.4943,176.89,1.1830,1.4943,4,1,1,0,0,14,20,150,8,0,0,0,0.913
57070,1.1710,1.4943,176.89,1.1710,1.4943,4,1,1,0,0,14,20,150,8,0,0,0,0.901
57080,1.1591,1.4943,176.89,1.1591,1.4943,4,1,1,0,0,14,20,150,8,0,0,0,0.889
57090,1.1471,1.4943,176.89,1.1471,1.4943,4,1,1,0,0,14,20,150,8,0,0,0,0.877
57100,1.1351,1.4943,176.89,1.1351,1.4943,4,1,1,0,0,14,20,150,8,0,0,0,0.865
57110,1.1232,1.4943,176.89,1.1232,1.4943,4,1,1,0,0,14,20,150,8,0,0,0,0.853
57120,1.1112,1.4943,176.89,1.1112,1.4943,4,1,1,0,0,14,20,150,8,0,0,0,0.841
57130,1.0993,1.4944,176.89,1.0993,1.4944,4,1,1,0,0,14,20,150,8,0,0,0,0.829
57140,1.0873,1.4944,176.90,1.0873,1.4944,4,1,1,0,0,14,20,150,8,0,0,0,0.817
57150,1.0754,1.4944,176.90,1.0754,1.4944,4,1,1,0,0,14,20,150,8,0,0,0,0.805
57160,1.0634,1.4944,176.90,1.0634,1.4944,4,1,1,0,0,14,20,150,8,0,0,0,0.793
57170,1.0515,1.4944,176.90,1.0515,1.4944,4,1,1,0,0,14,20,150,8,0,0,0,0.781
57180,1.0395,1.4944,176.90,1.0395,1.4944,4,1,1,0,0,14,20,150,8,0,0,0,0.770
57190,1.0276,1.4944,176.90,1.0276,1.4944,4,1,1,0,0,14,20,150,8,0,0,0,0.758
57200,1.0156,1.4944,176.90,1.0156,1.4944,4,1,1,0,0,14,20,150,8,0,0,0,0.746
57210,1.0036,1.4944,176.90,1.0036,1.4944,4,1,1,0,0,14,20,150,8,0,0,0,0.734
57220,0.9917,1.4944,176.90,0.9917,1.4944,4,1,1,0,0,14,20,150,8,0,0,0,0.722
57230,0.9797,1.4945,176.91,0.9797,1.4945,4,1,1,0,0,14,20,150,8,0,0,0,0.710
57240,0.9678,1.4945,176.91,0.9678,1.4945,4,1,1,0,0,14,20,150,8,0,0,0,0.698
57250,0.9558,1.4945,176.91,0.9558,1.4945,4,1,1,0,0,14,20,150,8,0,0,0,0.686
57260,0.9439,1.4945,176.91,0.9439,1.4945,4,1,1,0,0,14,20,150,8,0,0,0,0.674
57270,0.9319,1.4945,176.91,0.9319,1.4945,4,1,1,0,0,14,20,150,8,0,0,0,0.662
57280,0.9200,1.4945,176.91,0.9200,1.4945,4,1,1,0,0,14,20,150,8,0,0,0,0.650
57290,0.9080,1.4945,176.91,0.9080,1.4945,4,1,1,0,0,14,20,150,8,0,0,0,0.638
57300,0.8960,1.4945,176.91,0.8960,1.4945,4,1,1,0,0,20,20,150,8,0,0,0,0.626
57310,0.8841,1.4945,176.91,0.8841,1.4945,4,1,1,0,0,20,20,150,8,0,0,0,0.614
57320,0.8721,1.4945,176.92,0.8721,1.4945,4,1,1,0,0,20,20,150,8,0,0,0,0.602
57330,0.8602,1.4945,176.92,0.8602,1.4945,4,1,1,0,0,20,20,150,8,0,0,0,0.590
57340,0.8482,1.4945,176.92,0.8482,1.4945,4,1,1,0,0,20,20,150,8,0,0,0,0.578
57350,0.8363,1.4945,176.92,0.8363,1.4945,4,1,1,0,0,20,20,75,4,0,0,0,0.566
57360,0.8244,1.4945,176.92,0.8244,1.4945,4,1,1,0,0,20,20,75,4,0,0,0,0.554
57370,0.8128,1.4945,176.92,0.8128,1.4945,4,1,1,0,0,20,20,75,4,0,0,0,0.543
57380,0.8013,1.4945,176.92,0.8013,1.4945,4,1,1,0,0,20,20,75,4,0,0,0,0.531
57390,0.7901,1.4945,176.92,0.7901,1.4945,4,1,1,0,0,20,20,75,4,0,0,0,0.520
57400,0.7790,1.4944,176.92,0.7790,1.4944,4,1,1,0,0,20,20,75,4,0,0,0,0.509
57410,0.7682,1.4944,176.92,0.7682,1.4944,4,1,1,0,0,20,20,75,4,0,0,0,0.498
57420,0.7575,1.4943,176.92,0.7575,1.4943,4,1,1,0,0,20,20,75,4,0,0,0,0.488
57430,0.7471,1.4942,176.92,0.7471,1.4942,4,1,1,0,0,20,20,75,4,0,0,0,0.477
57440,0.7369,1.4942,176.92,0.7369,1.4942,4,1,1,0,0,20,20,75,4,0,0,0,0.467
57450,0.7268,1.4941,176.92,0.7268,1.4941,4,1,1,0,0,20,20,75,4,0,0,0,0.457
57460,0.7170,1.4939,176.92,0.7170,1.4939,4,1,1,0,0,20,20,75,4,0,0,0,0.447
57470,0.7073,1.4938,176.92,0.7073,1.4938,4,1,1,0,0,20,20,75,4,0,0,0,0.437
57480,0.6979,1.4937,176.92,0.6979,1.4937,4,1,1,0,0,20,20,75,4,0,0,0,0.428
57490,0.6886,1.4936,176.92,0.6886,1.4936,4,1,1,0,0,20,20,75,4,0,0,0,0.419
57500,0.6796,1.4934,176.92,0.6796,1.4934,4,1,1,0,0,20,20,75,4,0,0,0,0.410
57510,0.6707,1.4932,176.92,0.6707,1.4932,4,1,1,0,0,20,20,75,4,0,0,0,0.401
57520,0.6621,1.4931,176.92,0.6621,1.4931,4,1,1,0,0,20,20,75,4,0,0,0,0.392
57530,0.6536,1.4929,176.92,0.6536,1.4929,4,1,1,0,0,20,20,75,4,0,0,0,0.384
57540,0.6454,1.4927,176.92,0.6454,1.4927,4,1,1,0,0,20,20,75,4,0,0,0,0.375
57550,0.6373,1.4925,176.92,0.6373,1.4925,4,1,1,0,0,20,20,75,4,0,0,0,0.367
57560,0.6295,1.4923,176.92,0.6295,1.4923,4,1,1,0,0,20,20,75,4,0,0,0,0.359
57570,0.6218,1.4921,176.92,0.6218,1.4921,4,1,1,0,0,20,20,75,4,0,0,0,0.352
57580,0.6144,1.4918,176.92,0.6144,1.4918,4,1,1,0,0,20,20,75,4,0,0,0,0.344
57590,0.6071,1.4916,176.92,0.6071,1.4916,4,1,1,0,0,20,20,75,4,0,0,0,0.337
57600,0.6001,1.4913,176.92,0.6001,1.4913,4,1,1,0,0,20,20,75,4,0,0,0,0.330
57610,0.5932,1.4911,176.92,0.5932,1.4911,4,1,1,0,0,20,20,75,4,0,0,0,0.323
57620,0.5865,1.4908,176.92,0.5865,1.4908,4,1,1,0,0,20,20,75,4,0,0,0,0.317
57630,0.5800,1.4905,176.93,0.5800,1.4905,4,1,1,0,0,20,20,75,4,0,0,0,0.310
57640,0.5737,1.4903,176.93,0.5737,1.4903,4,1,1,0,0,20,20,75,4,0,0,0,0.304
57650,0.5676,1.4901,176.93,0.5676,1.4901,4,1,1,0,0,20,20,75,4,0,0,0,0.298
57660,0.5615,1.4900,176.93,0.5615,1.4900,4,1,1,0,0,20,20,75,4,0,0,0,0.291
57670,0.5555,1.4900,176.93,0.5555,1.4900,4,1,1,0,0,20,20,75,4,0,0,0,0.286
57680,0.5495,1.4900,176.93,0.5495,1.4900,4,1,1,0,0,20,20,75,4,0,0,0,0.280
57690,0.5436,1.4900,176.93,0.5436,1.4900,4,1,1,0,0,20,20,75,4,0,0,0,0.274
57700,0.5376,1.4900,176.93,0.5376,1.4900,4,1,1,0,0,20,20,75,4,0,0,0,0.268
57710,0.5316,1.4900,176.93,0.5316,1.4900,4,1,1,0,0,20,20,75,4,0,0,0,0.262
57720,0.5256,1.4900,176.94,0.5256,1.4900,4,1,1,0,0,20,20,75,4,0,0,0,0.256
57730,0.5196,1.4900,176.94,0.5196,1.4900,4,1,1,0,0,20,20,75,4,0,0,0,0.250
57740,0.5137,1.4900,176.94,0.5137,1.4900,4,1,1,0,0,20,20,75,4,0,0,0,0.244
57750,0.5077,1.4900,176.94,0.5077,1.4900,4,1,1,0,0,20,20,75,4,0,0,0,0.238
57760,0.5017,1.4900,176.94,0.5017,1.4900,4,1,1,0,0,20,20,75,4,0,0,0,0.232
57770,0.4957,1.4900,176.94,0.4957,1.4900,4,1,1,0,0,20,20,75,4,0,0,0,0.226
57780,0.4898,1.4900,176.94,0.4898,1.4900,4,1,1,0,0,20,20,75,4,0,0,0,0.220
57790,0.4838,1.4900,176.94,0.4838,1.4900,4,1,1,0,0,20,20,75,4,0,0,0,0.214
57800,0.4778,1.4900,176.94,0.4778,1.4900,4,1,1,0,0,20,20,75,4,0,0,0,0.208
57810,0.4718,1.4900,176.95,0.4718,1.4900,4,1,1,0,0,20,20,75,4,0,0,0,0.202
57820,0.4658,1.4900,176.95,0.4658,1.4900,4,1,1,0,0,20,20,75,4,0,0,0,0.196
57830,0.4599,1.4900,176.95,0.4599,1.4900,4,1,1,0,0,20,20,75,4,0,0,0,0.190
57840,0.4539,1.4900,176.95,0.4539,1.4900,4,1,1,0,0,20,20,75,4,0,0,0,0.184
57850,0.4479,1.4900,176.95,0.4479,1.4900,4,1,1,0,0,20,20,75,4,0,0,0,0.178
57860,0.4419,1.4900,176.95,0.4419,1.4900,4,1,1,0,0,20,20,75,4,0,0,0,0.172
57870,0.4360,1.4900,176.95,0.4360,1.4900,4,1,1,0,0,20,20,75,4,0,0,0,0.166
57880,0.4300,1.4900,176.95,0.4300,1.4900,4,1,1,0,0,20,20,75,4,0,0,0,0.160
57890,0.4241,1.4901,176.95,0.4241,1.4901,4,1,1,0,0,20,20,73,3,1,0,0,0.154
57900,0.4182,1.4901,176.96,0.4182,1.4901,4,1,1,0,0,20,20,71,3,1,0,0,0.148
57910,0.4125,1.4902,176.97,0.4125,1.4902,4,1,1,0,0,20,20,70,3,1,0,0,0.143
57920,0.4070,1.4902,176.97,0.4070,1.4902,4,1,1,0,0,20,20,68,3,1,0,0,0.137
57930,0.4016,1.4903,176.97,0.4016,1.4903,4,1,1,0,0,20,20,66,3,1,0,0,0.132
57940,0.3964,1.4903,176.97,0.3964,1.4903,4,1,1,0,0,20,20,65,3,1,0,0,0.126
57950,0.3912,1.4903,176.97,0.3912,1.4903,4,1,1,0,0,20,20,63,3,1,0,0,0.121
57960,0.3862,1.4904,176.97,0.3862,1.4904,4,1,1,0,0,20,20,62,3,1,0,0,0.116
57970,0.3813,1.4904,176.97,0.3813,1.4904,4,1,1,0,0,20,20,60,3,1,0,0,0.111
57980,0.3765,1.4904,176.98,0.3765,1.4904,4,1,1,0,0,20,20,58,3,1,0,0,0.107
57990,0.3719,1.4904,176.98,0.3719,1.4904,5,1,0,0,0,20,20,0,0,0,0,0,1000.000
58000,0.3674,1.4904,176.98,0.3674,1.4904,5,1,0,0,0,20,20,0,0,0,0,0,1000.000
58010,0.3632,1.4904,176.98,0.3632,1.4904,5,1,0,0,0,20,20,0,0,0,0,0,1000.000
58020,0.3592,1.4904,176.98,0.3592,1.4904,5,1,0,0,0,20,20,0,0,0,0,0,1000.000
58030,0.3553,1.4903,176.99,0.3553,1.4903,5,1,0,0,0,20,20,0,0,0,0,0,1000.000
58040,0.3517,1.4903,176.99,0.3517,1.4903,5,1,0,0,0,20,20,0,0,0,0,0,1000.000
58050,0.3482,1.4902,176.99,0.3482,1.4902,5,1,1,0,0,20,20,0,0,0,0,0,1000.000
58060,0.3450,1.4902,176.99,0.3450,1.4902,5,1,1,0,0,20,20,0,0,0,0,0,1000.000
58070,0.3419,1.4901,176.99,0.3419,1.4901,5,1,1,0,0,20,20,0,0,0,0,0,1000.000
58080,0.3391,1.4900,176.99,0.3391,1.4900,5,1,1,0,0,20,20,0,0,0,0,0,1000.000
58090,0.3364,1.4899,176.99,0.3364,1.4899,5,1,1,0,0,20,20,0,0,0,0,0,1000.000
58100,0.3340,1.4898,176.99,0.3340,1.4898,5,1,1,0,0,20,20,-8,67,0,1,0,1.186
58110,0.3318,1.4897,176.99,0.3318,1.4897,5,1,1,0,0,20,20,-8,67,0,1,0,1.186
58120,0.3297,1.4895,176.99,0.3297,1.4895,5,1,1,0,0,20,20,-8,67,0,1,0,1.186
58130,0.3279,1.4894,177.00,0.3279,1.4894,5,1,1,0,0,20,20,-8,67,0,1,0,1.186
58140,0.3262,1.4892,177.00,0.3262,1.4892,5,1,1,0,0,20,20,-8,67,0,1,0,1.186
58150,0.3248,1.4891,177.00,0.3248,1.4891,5,1,1,0,0,20,20,-8,67,0,1,0,1.186
58160,0.3235,1.4889,177.00,0.3235,1.4889,5,1,1,0,0,20,20,-8,67,0,1,0,1.185
58170,0.3225,1.4887,177.00,0.3225,1.4887,5,1,1,0,0,20,20,-8,67,0,1,0,1.185
58180,0.3216,1.4885,177.00,0.3216,1.4885,5,1,1,0,0,20,20,-8,67,0,1,0,1.185
58190,0.3207,1.4880,177.00,0.3207,1.4880,5,1,1,0,0,20,20,-8,67,0,1,0,1.185
58200,0.3198,1.4874,177.00,0.3198,1.4874,5,1,1,0,0,20,20,-8,67,0,1,0,1.184
58210,0.3190,1.4867,177.00,0.3190,1.4867,5,1,1,0,0,20,20,-8,67,0,1,0,1.183
58220,0.3181,1.4857,177.00,0.3181,1.4857,5,1,1,0,0,20,20,-8,67,0,1,0,1.182
58230,0.3173,1.4846,177.00,0.3173,1.4846,5,1,1,0,0,20,20,-8,67,0,1,0,1.181
58240,0.3165,1.4833,177.00,0.3165,1.4833,5,1,1,0,0,20,20,-8,67,0,1,0,1.180
58250,0.3157,1.4818,177.00,0.3157,1.4818,5,1,1,0,0,20,20,-8,67,0,1,0,1.178
58260,0.3149,1.4801,177.00,0.3149,1.4801,5,1,1,0,0,20,20,-8,67,0,1,0,1.177
58270,0.3141,1.4783,177.00,0.3141,1.4783,5,1,1,0,0,20,20,-8,67,0,1,0,1.175
58280,0.3133,1.4762,177.00,0.3133,1.4762,5,1,1,0,0,20,20,-8,67,0,1,0,1.173
58290,0.3126,1.4740,177.01,0.3126,1.4740,5,1,1,0,0,20,20,-8,67,0,1,0,1.171
58300,0.3119,1.4717,177.01,0.3119,1.4717,5,1,1,0,0,20,20,-8,67,0,1,0,1.168
58310,0.3112,1.4691,177.01,0.3112,1.4691,5,1,1,0,0,20,20,-8,67,0,1,0,1.166
58320,0.3105,1.4664,177.02,0.3105,1.4664,5,1,1,0,0,20,20,-8,67,0,1,0,1.163
58330,0.3098,1.4635,177.02,0.3098,1.4635,5,1,1,0,0,20,20,-8,67,0,1,0,1.160
58340,0.3091,1.4604,177.02,0.3091,1.4604,5,1,1,0,0,20,20,-8,67,0,1,0,1.157
58350,0.3084,1.4571,177.02,0.3084,1.4571,5,1,1,0,0,20,20,-8,67,0,1,0,1.154
58360,0.3077,1.4536,177.02,0.3077,1.4536,5,1,1,0,0,20,20,-8,67,0,1,0,1.150
58370,0.3070,1.4500,177.02,0.3070,1.4500,5,1,1,0,0,20,20,-8,67,0,1,0,1.146
58380,0.3064,1.4462,177.02,0.3064,1.4462,5,1,1,0,0,20,20,-8,67,0,1,0,1.143
58390,0.3058,1.4422,177.02,0.3058,1.4422,5,1,1,0,0,20,20,-8,67,0,1,0,1.139
58400,0.3051,1.4380,177.02,0.3051,1.4380,5,1,1,0,0,20,20,-8,67,0,1,0,1.134
58410,0.3046,1.4337,177.02,0.3046,1.4337,5,1,1,0,0,20,20,-8,67,0,1,0,1.130
58420,0.3041,1.4292,177.02,0.3041,1.4292,5,1,1,0,0,20,20,-8,67,0,1,0,1.126
58430,0.3037,1.4247,177.02,0.3037,1.4247,5,1,1,0,0,20,20,-8,67,0,1,0,1.121
58440,0.3034,1.4200,177.02,0.3034,1.4200,5,1,1,0,0,20,20,-8,67,0,1,0,1.117
58450,0.3032,1.4153,177.02,0.3032,1.4153,5,1,1,0,0,20,20,-8,67,0,1,0,1.112
58460,0.3031,1.4105,177.02,0.3031,1.4105,5,1,1,0,0,20,20,-8,67,0,1,0,1.107
58470,0.3031,1.4055,177.03,0.3031,1.4055,5,1,1,0,0,20,20,-8,67,0,1,0,1.102
58480,0.3032,1.4004,177.03,0.3032,1.4004,5,1,1,0,0,20,20,-8,67,0,1,0,1.097
58490,0.3034,1.3953,177.03,0.3034,1.3953,5,1,1,0,0,20,20,-8,67,0,1,0,1.092
58500,0.3037,1.3900,177.03,0.3037,1.3900,5,1,1,0,0,20,20,-8,67,0,1,0,1.087
58510,0.3040,1.3847,177.04,0.3040,1.3847,5,1,1,0,0,20,20,-8,67,0,1,0,1.081
58520,0.3044,1.3793,177.04,0.3044,1.3793,5,1,1,0,0,20,20,-8,67,0,1,0,1.076
58530,0.3047,1.3740,177.04,0.3047,1.3740,5,1,1,0,0,20,20,-8,67,0,1,0,1.070
58540,0.3051,1.3686,177.04,0.3051,1.3686,5,1,1,0,0,20,20,-8,67,0,1,0,1.065
58550,0.3054,1.3633,177.04,0.3054,1.3633,5,1,1,0,0,20,20,-8,67,0,1,0,1.060
58560,0.3058,1.3579,177.04,0.3058,1.3579,5,1,1,0,0,20,20,-8,67,0,1,0,1.054
58570,0.3062,1.3526,177.04,0.3062,1.3526,5,1,1,0,0,20,20,-8,67,0,1,0,1.049
58580,0.3065,1.3472,177.04,0.3065,1.3472,5,1,1,0,0,20,20,-8,67,0,1,0,1.044
58590,0.3069,1.3418,177.04,0.3069,1.3418,5,1,1,0,0,20,20,-8,67,0,1,0,1.038
58600,0.3072,1.3365,177.05,0.3072,1.3365,5,1,1,0,0,20,20,-8,67,0,1,0,1.033
58610,0.3076,1.3311,177.05,0.3076,1.3311,5,1,1,0,0,20,20,-8,67,0,1,0,1.028
58620,0.3080,1.3258,177.05,0.3080,1.3258,5,1,1,0,0,20,20,-8,67,0,1,0,1.022
58630,0.3083,1.3204,177.05,0.3083,1.3204,5,1,1,0,0,20,20,-8,67,0,1,0,1.017
58640,0.3087,1.3150,177.05,0.3087,1.3150,5,1,1,0,0,20,20,-8,67,0,1,0,1.012
58650,0.3091,1.3097,177.05,0.3091,1.3097,5,1,1,0,0,20,20,-8,67,0,1,0,1.006
58660,0.3094,1.3043,177.05,0.3094,1.3043,5,1,1,0,0,20,20,-8,67,0,1,0,1.001
58670,0.3098,1.2990,177.05,0.3098,1.2990,5,1,1,0,0,20,20,-8,67,0,1,0,0.995
58680,0.3101,1.2936,177.05,0.3101,1.2936,5,1,1,0,0,20,20,-8,67,0,1,0,0.990
58690,0.3105,1.2883,177.06,0.3105,1.2883,5,1,1,0,0,20,20,-8,67,0,1,0,0.985
58700,0.3109,1.2829,177.06,0.3109,1.2829,5,1,1,0,0,20,20,-8,67,0,1,0,0.979
58710,0.3112,1.2775,177.06,0.3112,1.2775,5,1,1,0,0,20,20,-8,67,0,1,0,0.974
58720,0.3116,1.2722,177.06,0.3116,1.2722,5,1,1,0,0,20,20,-8,67,0,1,0,0.969
58730,0.3119,1.2668,177.06,0.3119,1.2668,5,1,1,0,0,20,20,-8,67,0,1,0,0.963
58740,0.3123,1.2615,177.06,0.3123,1.2615,5,1,1,0,0,20,20,-8,67,0,1,0,0.958
58750,0.3127,1.2561,177.06,0.3127,1.2561,5,1,1,0,0,20,20,-8,67,0,1,0,0.953
58760,0.3130,1.2507,177.06,0.3130,1.2507,5,1,1,0,0,20,20,-8,67,0,1,0,0.947
58770,0.3134,1.2454,177.06,0.3134,1.2454,5,1,1,0,0,20,20,-8,67,0,1,0,0.942
58780,0.3138,1.2400,177.07,0.3138,1.2400,5,1,1,0,0,20,20,-8,67,0,1,0,0.937
58790,0.3141,1.2347,177.07,0.3141,1.2347,5,1,1,0,0,20,20,-8,67,0,1,0,0.931
58800,0.3145,1.2293,177.07,0.3145,1.2293,5,1,1,0,0,20,20,-8,67,0,1,0,0.926
58810,0.3148,1.2240,177.07,0.3148,1.2240,5,1,1,0,0,20,20,-8,67,0,1,0,0.920
58820,0.3152,1.2186,177.07,0.3152,1.2186,5,1,1,0,0,20,20,-8,67,0,1,0,0.915
58830,0.3156,1.2132,177.07,0.3156,1.2132,5,1,1,0,0,20,20,-8,67,0,1,0,0.910
58840,0.3159,1.2079,177.07,0.3159,1.2079,5,1,1,0,0,20,20,-8,67,0,1,0,0.904
58850,0.3163,1.2025,177.07,0.3163,1.2025,5,1,1,0,0,20,20,-8,67,0,1,0,0.899
58860,0.3167,1.1972,177.08,0.3167,1.1972,5,1,1,0,0,20,20,-8,67,0,1,0,0.894
58870,0.3170,1.1918,177.08,0.3170,1.1918,5,1,1,0,0,20,20,-8,67,0,1,0,0.888
58880,0.3174,1.1865,177.08,0.3174,1.1865,5,1,1,0,0,20,20,-8,67,0,1,0,0.883
58890,0.3178,1.1811,177.08,0.3178,1.1811,5,1,1,0,0,20,20,-8,67,0,1,0,0.878
58900,0.3181,1.1757,177.08,0.3181,1.1757,5,1,1,0,0,20,20,-8,67,0,1,0,0.872
58910,0.3185,1.1704,177.08,0.3185,1.1704,5,1,1,0,0,20,20,-8,67,0,1,0,0.867
58920,0.3189,1.1650,177.08,0.3189,1.1650,5,1,1,0,0,20,20,-8,67,0,1,0,0.862
58930,0.3192,1.1597,177.08,0.3192,1.1597,5,1,1,0,0,20,20,-8,67,0,1,0,0.856
58940,0.3196,1.1543,177.08,0.3196,1.1543,5,1,1,0,0,20,20,-8,67,0,1,0,0.851
58950,0.3199,1.1489,177.09,0.3199,1.1489,5,1,1,0,0,20,20,-8,67,0,1,0,0.845
58960,0.3203,1.1436,177.09,0.3203,1.1436,5,1,1,0,0,20,20,-8,67,0,1,0,0.840
58970,0.3207,1.1382,177.09,0.3207,1.1382,5,1,1,0,0,20,20,-8,67,0,1,0,0.835
58980,0.3210,1.1329,177.09,0.3210,1.1329,5,1,1,0,0,20,20,-8,67,0,1,0,0.829
58990,0.3214,1.1275,177.09,0.3214,1.1275,5,1,1,0,0,20,20,-8,67,0,1,0,0.824
59000,0.3218,1.1222,177.10,0.3218,1.1222,5,1,1,0,0,20,20,-8,67,0,1,0,0.819
59010,0.3221,1.1168,177.10,0.3221,1.1168,5,1,1,0,0,20,20,-8,67,0,1,0,0.813
59020,0.3225,1.1114,177.10,0.3225,1.1114,5,1,1,0,0,20,20,-8,67,0,1,0,0.808
59030,0.3229,1.1061,177.10,0.3229,1.1061,5,1,1,0,0,20,20,-8,67,0,1,0,0.803
59040,0.3232,1.1007,177.10,0.3232,1.1007,5,1,1,0,0,20,20,-8,67,0,1,0,0.797
59050,0.3236,1.0954,177.10,0.3236,1.0954,5,1,1,0,0,20,20,-8,67,0,1,0,0.792
59060,0.3240,1.0900,177.10,0.3240,1.0900,5,1,1,0,0,20,20,-8,67,0,1,0,0.787
59070,0.3243,1.0847,177.10,0.3243,1.0847,5,1,1,0,0,20,20,-8,67,0,1,0,0.781
59080,0.3247,1.0793,177.10,0.3247,1.0793,5,1,1,0,0,20,20,-8,67,0,1,0,0.776
59090,0.3251,1.0739,177.11,0.3251,1.0739,5,1,1,0,0,20,20,-8,67,0,1,0,0.770
59100,0.3254,1.0686,177.11,0.3254,1.0686,5,1,1,0,0,20,20,-8,67,0,1,0,0.765
59110,0.3258,1.0632,177.11,0.3258,1.0632,5,1,1,0,0,20,20,-8,67,0,1,0,0.760
59120,0.3262,1.0579,177.11,0.3262,1.0579,5,1,1,0,0,20,20,-8,67,0,1,0,0.754
59130,0.3265,1.0525,177.11,0.3265,1.0525,5,1,1,0,0,20,20,-8,67,0,1,0,0.749
59140,0.3269,1.0472,177.11,0.3269,1.0472,5,1,1,0,0,20,20,-8,67,0,1,0,0.744
59150,0.3273,1.0418,177.11,0.3273,1.0418,5,1,1,0,0,20,20,-8,67,0,1,0,0.738
59160,0.3276,1.0364,177.11,0.3276,1.0364,5,1,1,0,0,20,20,-8,67,0,1,0,0.733
59170,0.3280,1.0311,177.11,0.3280,1.0311,5,1,1,0,0,20,20,-8,67,0,1,0,0.728
59180,0.3284,1.0257,177.12,0.3284,1.0257,5,1,1,0,0,20,20,-8,67,0,1,0,0.722
59190,0.3287,1.0204,177.12,0.3287,1.0204,5,1,1,0,0,20,20,-8,67,0,1,0,0.717
59200,0.3291,1.0150,177.12,0.3291,1.0150,5,1,1,0,0,20,20,-8,67,0,1,0,0.712
59210,0.3295,1.0096,177.12,0.3295,1.0096,5,1,1,0,0,20,20,-8,67,0,1,0,0.706
59220,0.3298,1.0043,177.12,0.3298,1.0043,5,1,1,0,0,20,20,-8,67,0,1,0,0.701
59230,0.3302,0.9989,177.12,0.3302,0.9989,5,1,1,0,0,20,20,-8,67,0,1,0,0.695
59240,0.3306,0.9936,177.12,0.3306,0.9936,5,1,1,0,0,20,20,-8,67,0,1,0,0.690
59250,0.3309,0.9882,177.12,0.3309,0.9882,5,1,1,0,0,20,20,-8,67,0,1,0,0.685
59260,0.3313,0.9829,177.12,0.3313,0.9829,5,1,1,0,0,20,20,-8,67,0,1,0,0.679
59270,0.3317,0.9775,177.13,0.3317,0.9775,5,1,1,0,0,20,20,-8,67,0,1,0,0.674
59280,0.3320,0.9721,177.13,0.3320,0.9721,5,1,1,0,0,20,20,-8,67,0,1,0,0.669
59290,0.3324,0.9668,177.13,0.3324,0.9668,5,1,1,0,0,20,20,-8,67,0,1,0,0.663
59300,0.3328,0.9614,177.13,0.3328,0.9614,5,1,1,0,0,20,20,-8,67,0,1,0,0.658
59310,0.3332,0.9561,177.13,0.3332,0.9561,5,1,1,0,0,20,20,-8,67,0,1,0,0.653
59320,0.3335,0.9507,177.13,0.3335,0.9507,5,1,1,0,0,20,20,-8,67,0,1,0,0.647
59330,0.3339,0.9454,177.13,0.3339,0.9454,5,1,1,0,0,20,20,-8,67,0,1,0,0.642
59340,0.3343,0.9400,177.13,0.3343,0.9400,5,1,1,0,0,20,20,-8,67,0,1,0,0.637
59350,0.3346,0.9346,177.13,0.3346,0.9346,5,1,1,0,0,20,20,-8,67,0,1,0,0.631
59360,0.3350,0.9293,177.14,0.3350,0.9293,5,1,1,0,0,20,20,-7,67,0,1,0,0.626
59370,0.3353,0.9239,177.14,0.3353,0.9239,5,1,1,0,0,20,20,-7,67,0,1,0,0.620
59380,0.3356,0.9186,177.14,0.3356,0.9186,5,1,1,0,0,20,20,-7,67,0,1,0,0.615
59390,0.3359,0.9132,177.14,0.3359,0.9132,5,1,1,0,0,20,20,-7,67,0,1,0,0.610
59400,0.3362,0.9079,177.14,0.3362,0.9079,5,1,1,0,0,20,20,-7,67,0,1,0,0.604
59410,0.3365,0.9025,177.15,0.3365,0.9025,5,1,1,0,0,20,20,-7,67,0,1,0,0.599
59420,0.3368,0.8972,177.15,0.3368,0.8972,5,1,1,0,0,20,20,-7,67,0,1,0,0.594
59430,0.3370,0.8918,177.15,0.3370,0.8918,5,1,1,0,0,20,20,-7,67,0,1,0,0.588
59440,0.3373,0.8865,177.15,0.3373,0.8865,5,1,1,0,0,20,20,-7,67,0,1,0,0.583
59450,0.3376,0.8811,177.15,0.3376,0.8811,5,1,1,0,0,20,20,-7,67,0,1,0,0.578
59460,0.3379,0.8758,177.15,0.3379,0.8758,5,1,1,0,0,20,20,-7,67,0,1,0,0.572
59470,0.3382,0.8704,177.15,0.3382,0.8704,5,1,1,0,0,20,20,-7,67,0,1,0,0.567
59480,0.3385,0.8650,177.15,0.3385,0.8650,5,1,1,0,0,20,20,-7,67,0,1,0,0.562
59490,0.3388,0.8597,177.15,0.3388,0.8597,5,1,1,0,0,20,20,-7,67,0,1,0,0.556
59500,0.3391,0.8543,177.16,0.3391,0.8543,5,1,1,0,0,20,20,-7,67,0,1,0,0.551
59510,0.3394,0.8490,177.16,0.3394,0.8490,5,1,1,0,0,20,20,-7,67,0,1,0,0.545
59520,0.3397,0.8436,177.16,0.3397,0.8436,5,1,1,0,0,20,20,-6,67,1,1,0,0.540
59530,0.3399,0.8383,177.16,0.3399,0.8383,5,1,1,0,0,20,20,-6,67,1,1,0,0.535
59540,0.3401,0.8329,177.16,0.3401,0.8329,5,1,1,0,0,20,20,-6,67,1,1,0,0.529
59550,0.3403,0.8276,177.16,0.3403,0.8276,5,1,1,0,0,20,20,-6,67,1,1,0,0.524
59560,0.3405,0.8222,177.16,0.3405,0.8222,5,1,1,0,0,20,20,-6,67,1,1,0,0.519
59570,0.3407,0.8169,177.16,0.3407,0.8169,5,1,1,0,0,20,20,-6,67,1,1,0,0.513
59580,0.3409,0.8115,177.16,0.3409,0.8115,5,1,1,0,0,20,20,-6,67,1,1,0,0.508
59590,0.3411,0.8062,177.17,0.3411,0.8062,5,1,1,0,0,20,20,-6,67,1,1,0,0.503
59600,0.3414,0.8008,177.17,0.3414,0.8008,5,1,1,0,0,20,20,-4,67,0,1,0,0.497
59610,0.3415,0.7955,177.17,0.3415,0.7955,5,1,1,0,0,20,20,-4,67,0,1,0,0.492
59620,0.3415,0.7902,177.17,0.3415,0.7902,5,1,1,0,0,20,20,-4,67,0,1,0,0.487
59630,0.3416,0.7848,177.17,0.3416,0.7848,5,1,1,0,0,20,20,-4,67,0,1,0,0.481
59640,0.3416,0.7795,177.17,0.3416,0.7795,5,1,1,0,0,20,20,-4,67,0,1,0,0.476
59650,0.3417,0.7741,177.17,0.3417,0.7741,5,1,1,0,0,20,20,-4,67,0,1,0,0.471
59660,0.3417,0.7688,177.17,0.3417,0.7688,5,1,1,0,0,20,20,-4,67,0,1,0,0.465
59670,0.3418,0.7634,177.17,0.3418,0.7634,5,1,1,0,0,20,20,-4,67,0,1,0,0.460
59680,0.3418,0.7581,177.18,0.3418,0.7581,5,1,1,0,0,20,20,-4,67,0,1,0,0.455
59690,0.3419,0.7528,177.18,0.3419,0.7528,5,1,1,0,0,20,20,-4,67,0,1,0,0.449
59700,0.3420,0.7474,177.18,0.3420,0.7474,5,1,1,0,0,20,20,-4,67,0,1,0,0.444
59710,0.3420,0.7421,177.18,0.3420,0.7421,5,1,1,0,0,20,20,-4,67,0,1,0,0.439
59720,0.3421,0.7367,177.18,0.3421,0.7367,5,1,1,0,0,20,20,-4,67,0,1,0,0.433
59730,0.3421,0.7314,177.18,0.3421,0.7314,5,1,1,0,0,20,20,-4,67,0,1,0,0.428
59740,0.3422,0.7261,177.18,0.3422,0.7261,5,1,1,0,0,20,20,-4,67,0,1,0,0.423
59750,0.3422,0.7207,177.18,0.3422,0.7207,5,1,1,0,0,20,20,-4,67,0,1,0,0.417
59760,0.3423,0.7154,177.18,0.3423,0.7154,5,1,1,0,0,20,20,-4,67,0,1,0,0.412
59770,0.3424,0.7100,177.19,0.3424,0.7100,5,1,1,0,0,20,20,-4,67,0,1,0,0.407
59780,0.3424,0.7047,177.19,0.3424,0.7047,5,1,1,0,0,20,20,-4,67,0,1,0,0.401
59790,0.3425,0.6993,177.19,0.3425,0.6993,5,1,1,0,0,20,20,-4,67,0,1,0,0.396
59800,0.3425,0.6940,177.19,0.3425,0.6940,5,1,1,0,0,20,20,-4,67,0,1,0,0.391
59810,0.3426,0.6887,177.19,0.3426,0.6887,5,1,1,0,0,20,20,-4,67,0,1,0,0.385
59820,0.3426,0.6833,177.19,0.3426,0.6833,5,1,1,0,0,20,20,-4,67,0,1,0,0.380
59830,0.3427,0.6780,177.19,0.3427,0.6780,5,1,1,0,0,20,20,-4,67,0,1,0,0.374
59840,0.3427,0.6726,177.19,0.3427,0.6726,5,1,1,0,0,20,20,-4,67,0,1,0,0.369
59850,0.3428,0.6673,177.19,0.3428,0.6673,5,1,1,0,0,20,20,-4,67,0,1,0,0.364
59860,0.3429,0.6620,177.20,0.3429,0.6620,5,1,1,0,0,20,20,-4,67,0,1,0,0.358
59870,0.3429,0.6566,177.20,0.3429,0.6566,5,1,1,0,0,20,20,-4,67,0,1,0,0.353
59880,0.3430,0.6513,177.20,0.3430,0.6513,5,1,1,0,0,20,20,-4,67,0,1,0,0.348
59890,0.3430,0.6459,177.20,0.3430,0.6459,5,1,1,0,0,20,20,-4,67,0,1,0,0.342
59900,0.3431,0.6406,177.20,0.3431,0.6406,5,1,1,0,0,20,20,-4,67,0,1,0,0.337
59910,0.3431,0.6352,177.20,0.3431,0.6352,5,1,1,0,0,20,20,-4,67,0,1,0,0.332
59920,0.3432,0.6299,177.20,0.3432,0.6299,5,1,1,0,0,20,20,-4,67,0,1,0,0.326
59930,0.3433,0.6246,177.20,0.3433,0.6246,5,1,1,0,0,20,20,-4,67,0,1,0,0.321
59940,0.3433,0.6192,177.20,0.3433,0.6192,5,1,1,0,0,20,20,-4,67,0,1,0,0.316
59950,0.3434,0.6139,177.21,0.3434,0.6139,5,1,1,0,0,20,20,-4,67,0,1,0,0.310
59960,0.3434,0.6085,177.21,0.3434,0.6085,5,1,1,0,0,20,20,-4,67,0,1,0,0.305
59970,0.3435,0.6032,177.21,0.3435,0.6032,5,1,1,0,0,20,20,-4,67,0,1,0,0.300
59980,0.3436,0.5979,177.21,0.3436,0.5979,5,1,1,0,0,20,20,-4,67,0,1,0,0.294
59990,0.3436,0.5925,177.21,0.3436,0.5925,5,1,1,0,0,20,20,-4,67,0,1,0,0.289
60000,0.3437,0.5872,177.22,0.3437,0.5872,5,1,1,0,0,20,20,-4,67,0,1,0,0.284
60010,0.3437,0.5818,177.22,0.3437,0.5818,5,1,1,0,0,20,20,-4,67,0,1,0,0.278
60020,0.3438,0.5765,177.22,0.3438,0.5765,5,1,1,0,0,20,20,-4,67,0,1,0,0.273
60030,0.3439,0.5711,177.22,0.3439,0.5711,5,1,1,0,0,20,20,-4,67,0,1,0,0.268
60040,0.3439,0.5658,177.22,0.3439,0.5658,5,1,1,0,0,20,20,-4,67,0,1,0,0.262
60050,0.3440,0.5605,177.22,0.3440,0.5605,5,1,1,0,0,20,20,-4,67,0,1,0,0.257
60060,0.3440,0.5551,177.22,0.3440,0.5551,5,1,1,0,0,20,20,-4,67,0,1,0,0.252
60070,0.3441,0.5498,177.22,0.3441,0.5498,5,1,1,0,0,20,20,-4,67,0,1,0,0.246
60080,0.3441,0.5444,177.22,0.3441,0.5444,5,1,1,0,0,20,20,-4,67,0,1,0,0.241
60090,0.3442,0.5391,177.23,0.3442,0.5391,5,1,1,0,0,20,20,-4,67,0,1,0,0.236
60100,0.3443,0.5338,177.23,0.3443,0.5338,5,1,1,0,0,20,20,-4,67,0,1,0,0.230
60110,0.3443,0.5284,177.23,0.3443,0.5284,5,1,1,0,0,20,20,-4,67,0,1,0,0.225
60120,0.3444,0.5231,177.23,0.3444,0.5231,5,1,1,0,0,20,20,-4,67,0,1,0,0.220
60130,0.3444,0.5177,177.23,0.3444,0.5177,5,1,1,0,0,20,20,-4,67,0,1,0,0.214
60140,0.3445,0.5124,177.23,0.3445,0.5124,5,1,1,0,0,20,20,-4,67,0,1,0,0.209
60150,0.3446,0.5070,177.23,0.3446,0.5070,5,1,1,0,0,20,20,-4,67,0,1,0,0.204
60160,0.3446,0.5017,177.23,0.3446,0.5017,5,1,1,0,0,20,20,-4,67,0,1,0,0.198
60170,0.3447,0.4964,177.23,0.3447,0.4964,5,1,1,0,0,20,20,-4,67,0,1,0,0.193
60180,0.3448,0.4910,177.24,0.3448,0.4910,5,1,1,0,0,20,20,-4,67,0,1,0,0.188
60190,0.3448,0.4857,177.24,0.3448,0.4857,5,1,1,0,0,20,20,-4,67,0,1,0,0.182
60200,0.3449,0.4803,177.24,0.3449,0.4803,5,1,1,0,0,20,20,-4,67,0,1,0,0.177
60210,0.3449,0.4750,177.24,0.3449,0.4750,5,1,1,0,0,20,20,-4,67,0,1,0,0.172
60220,0.3450,0.4697,177.24,0.3450,0.4697,5,1,1,0,0,20,20,-4,67,0,1,0,0.166
60230,0.3451,0.4643,177.24,0.3451,0.4643,5,1,1,0,0,20,20,-4,67,0,1,0,0.161
60240,0.3451,0.4590,177.24,0.3451,0.4590,5,1,1,0,0,20,20,-3,67,1,1,0,0.155
60250,0.3451,0.4536,177.24,0.3451,0.4536,5,1,1,0,0,20,20,-3,67,1,1,0,0.150
60260,0.3450,0.4483,177.24,0.3450,0.4483,5,1,1,0,0,20,20,-3,67,1,1,0,0.145
60270,0.3450,0.4430,177.25,0.3450,0.4430,5,1,1,0,0,20,20,-3,67,1,1,0,0.139
60280,0.3450,0.4376,177.25,0.3450,0.4376,5,1,1,0,0,20,20,-3,67,1,0,0,0.134
60290,0.3450,0.4323,177.25,0.3450,0.4323,5,1,1,0,0,20,20,-3,66,1,0,0,0.129
60300,0.3450,0.4271,177.25,0.3450,0.4271,5,1,1,0,0,20,20,-3,64,1,0,0,0.124
60310,0.3450,0.4220,177.25,0.3450,0.4220,5,1,1,0,0,20,20,-3,62,1,0,0,0.119
60320,0.3450,0.4171,177.26,0.3450,0.4171,5,1,1,0,0,20,20,-3,61,1,0,0,0.114
60330,0.3450,0.4123,177.26,0.3450,0.4123,5,1,1,0,0,20,20,-3,59,1,0,0,0.109
60340,0.3450,0.4076,177.26,0.3450,0.4076,5,1,1,0,0,20,20,-3,58,1,0,0,0.104
60350,0.3450,0.4030,177.26,0.3450,0.3950,5,1,1,0,0,17,20,-2,53,1,0,0,0.092
60360,0.3450,0.3986,177.26,0.3450,0.3950,5,1,1,0,0,17,20,-2,53,1,0,0,0.092
60370,0.3450,0.3944,177.26,0.3450,0.3950,5,1,1,0,0,17,20,-2,53,1,0,0,0.092
60380,0.3450,0.3901,177.26,0.3450,0.3950,5,1,1,0,0,17,20,-2,53,1,0,0,0.092
60390,0.3450,0.3859,177.26,0.3450,0.3950,5,1,1,0,0,17,20,-2,53,1,0,0,0.092
60400,0.3449,0.3817,177.26,0.3449,0.3750,5,1,1,0,0,15,20,0,0,1,0,0,0.072
60410,0.3449,0.3776,177.26,0.3449,0.3750,5,1,1,0,0,15,20,-2,46,1,0,0,0.072
60420,0.3449,0.3737,177.26,0.3449,0.3750,5,1,1,0,0,15,20,-2,46,1,0,0,0.072
60430,0.3448,0.3700,177.26,0.3448,0.3750,5,1,1,0,0,15,20,-2,46,1,0,0,0.072
60440,0.3448,0.3665,177.26,0.3448,0.3750,5,1,1,0,0,15,20,-2,46,1,0,0,0.072
60450,0.3448,0.3631,177.26,0.3448,0.3550,5,1,1,0,0,13,20,-1,37,1,0,0,0.052
60460,0.3448,0.3600,177.26,0.3448,0.3550,5,1,1,0,0,13,20,-1,37,1,0,0,0.052
60470,0.3449,0.3571,177.26,0.3449,0.3550,5,1,1,0,0,13,20,-1,37,1,0,0,0.052
60480,0.3449,0.3544,177.26,0.3449,0.3550,5,1,1,0,0,13,20,-1,37,1,0,0,0.052
60490,0.3449,0.3519,177.26,0.3449,0.3550,5,1,1,0,0,13,20,-1,37,1,0,0,0.052
60500,0.3450,0.3496,177.26,0.3450,0.3450,5,1,1,0,0,12,20,-1,31,1,1,0,0.042
60510,0.3450,0.3475,177.26,0.3450,0.3450,5,1,1,0,0,12,20,-1,31,1,1,0,0.042
60520,0.3451,0.3456,177.26,0.3451,0.3450,5,1,1,0,0,12,20,-1,31,1,1,0,0.042
60530,0.3452,0.3438,177.26,0.3452,0.3450,5,1,1,0,0,12,20,-1,31,1,1,0,0.042
60540,0.3453,0.3423,177.26,0.3453,0.3450,5,1,1,0,0,12,20,-1,31,1,1,0,0.042
60550,0.3453,0.3410,177.27,0.3453,0.3350,5,1,1,0,0,11,20,-1,25,1,1,0,0.032
60560,0.3454,0.3398,177.27,0.3454,0.3350,5,1,1,0,0,11,20,-1,25,1,1,0,0.032
60570,0.3454,0.3388,177.27,0.3454,0.3350,5,1,1,0,0,11,20,-1,25,1,1,0,0.032
60580,0.3454,0.3377,177.27,0.3454,0.3350,5,1,1,0,0,11,20,-1,25,1,1,0,0.032
60590,0.3454,0.3365,177.27,0.3454,0.3350,5,1,1,0,0,11,20,-1,25,1,1,0,0.032
60600,0.3454,0.3352,177.27,0.3454,0.3350,5,1,1,0,0,11,20,-1,25,1,1,0,0.032
60610,0.3454,0.3339,177.27,0.3454,0.3350,5,1,1,0,0,11,20,-1,25,1,1,0,0.032
60620,0.3453,0.3325,177.27,0.3453,0.3350,5,1,1,0,0,11,20,-1,25,1,1,0,0.032
60630,0.3453,0.3311,177.28,0.3453,0.3350,5,1,1,0,0,11,20,-1,25,1,1,0,0.032
60640,0.3453,0.3296,177.28,0.3453,0.3350,5,1,1,0,0,11,20,-1,25,1,1,0,0.032
60650,0.3453,0.3280,177.28,0.3740,0.3085,5,1,0,0,1,10,20,0,0,0,0,0,1000.000
60660,0.3453,0.3265,177.28,0.3740,0.3250,5,1,0,0,1,10,20,0,0,0,0,0,1000.000
60670,0.3453,0.3252,177.28,0.3740,0.3250,5,1,0,0,1,10,20,0,0,0,0,0,1000.000
60680,0.3453,0.3241,177.28,0.3740,0.3250,5,1,0,0,1,10,20,0,0,0,0,0,1000.000
60690,0.3453,0.3232,177.29,0.3740,0.3250,5,1,0,0,1,10,20,0,0,0,0,0,1000.000
60700,0.3453,0.3224,177.29,0.3740,0.3150,5,1,0,0,1,9,20,0,0,0,0,0,1000.000
60710,0.3453,0.3218,177.30,0.3740,0.3150,5,1,0,0,1,9,20,0,0,0,0,0,1000.000
60720,0.3453,0.3215,177.31,0.3740,0.3150,5,1,0,0,1,9,20,0,0,0,0,0,1000.000
60730,0.3453,0.3213,177.31,0.3740,0.3150,5,1,0,0,1,9,20,0,0,0,0,0,1000.000
60740,0.3453,0.3213,177.31,0.3740,0.3150,5,1,0,0,1,9,20,0,0,0,0,0,1000.000
60750,0.3453,0.3213,177.31,0.3740,0.3150,5,1,0,0,1,9,20,0,0,0,0,0,1000.000
60760,0.3453,0.3213,177.32,0.3740,0.3150,5,1,0,0,1,9,20,0,0,0,0,0,1000.000
60770,0.3453,0.3213,177.32,0.3740,0.3150,5,1,0,0,1,9,20,0,0,0,0,0,1000.000
60780,0.3453,0.3213,177.32,0.3740,0.3150,5,1,0,0,1,9,20,0,0,0,0,0,1000.000
60790,0.3453,0.3213,177.33,0.3740,0.3150,5,1,0,0,1,9,20,0,0,0,0,0,1000.000
60800,0.3453,0.3213,177.33,0.3740,0.3150,5,1,0,0,1,9,20,0,0,0,0,0,1000.000
60810,0.3453,0.3213,177.34,0.3740,0.3150,5,1,0,0,1,9,20,0,0,0,0,0,1000.000
60820,0.3453,0.3213,177.34,0.3740,0.3150,5,1,0,0,1,9,20,0,0,0,0,0,1000.000
60830,0.3453,0.3213,177.34,0.3740,0.3150,5,1,0,0,1,9,20,0,0,0,0,0,1000.000
60840,0.3453,0.3213,177.34,0.3740,0.3150,5,1,0,0,1,9,20,0,0,0,0,0,1000.000
60850,0.3453,0.3213,177.35,0.3740,0.3150,5,1,0,0,1,9,20,0,0,0,0,0,1000.000
60860,0.3453,0.3213,177.35,0.3740,0.3150,5,1,0,0,1,9,20,0,0,0,0,0,1000.000
60870,0.3453,0.3213,177.35,0.3740,0.3150,5,1,0,0,1,9,20,0,0,0,0,0,1000.000
60880,0.3453,0.3213,177.36,0.3740,0.3150,5,1,0,0,1,9,20,0,0,0,0,0,1000.000
60890,0.3453,0.3213,177.36,0.3740,0.3150,5,1,0,0,1,9,20,0,0,0,0,0,1000.000
60900,0.3453,0.3213,177.36,0.3740,0.3150,5,1,0,0,1,9,20,0,0,0,0,0,1000.000
60910,0.3453,0.3213,177.36,0.3740,0.3150,5,1,0,0,1,9,20,0,0,0,0,0,1000.000
60920,0.3453,0.3213,177.37,0.3740,0.3150,5,1,0,0,1,9,20,0,0,0,0,0,1000.000
60930,0.3453,0.3213,177.37,0.3740,0.3150,5,1,0,0,1,9,20,0,0,0,0,0,1000.000
60940,0.3453,0.3213,177.37,0.3740,0.3150,5,1,0,0,1,9,20,0,0,0,0,0,1000.000
60950,0.3453,0.3213,177.38,0.3740,0.3150,5,1,0,0,1,9,20,0,0,0,0,0,1000.000
60960,0.3453,0.3213,177.38,0.3740,0.3150,5,1,0,0,1,9,20,0,0,0,0,0,1000.000
60970,0.3453,0.3213,177.38,0.3740,0.3150,5,1,0,0,1,9,20,0,0,0,0,0,1000.000
60980,0.3453,0.3213,177.39,0.3740,0.3150,5,1,0,0,1,9,20,0,0,0,0,0,1000.000
60990,0.3453,0.3213,177.39,0.3740,0.3150,5,1,0,0,1,9,20,0,0,0,0,0,1000.000
61000,0.3453,0.3213,177.39,0.3740,0.3150,5,1,0,0,1,9,20,0,0,0,0,0,1000.000
61010,0.3453,0.3213,177.39,0.3740,0.3150,5,1,0,0,1,9,20,0,0,0,0,0,1000.000
61020,0.3453,0.3213,177.40,0.3740,0.3150,5,1,0,0,1,9,20,0,0,0,0,0,1000.000
61030,0.3453,0.3213,177.40,0.3740,0.3150,5,1,0,0,1,9,20,0,0,0,0,0,1000.000
61040,0.3453,0.3213,177.41,0.3740,0.3150,5,1,0,0,1,9,20,0,0,0,0,0,1000.000
61050,0.3453,0.3213,177.41,0.3740,0.3150,5,1,0,0,1,9,20,0,0,0,0,0,1000.000
61060,0.3453,0.3213,177.41,0.3740,0.3150,5,1,0,0,1,9,20,0,0,0,0,0,1000.000
61070,0.3453,0.3213,177.41,0.3740,0.3150,5,1,0,0,1,9,20,0,0,0,0,0,1000.000
61080,0.3453,0.3213,177.42,0.3740,0.3150,5,1,0,0,1,9,20,0,0,0,0,0,1000.000
61090,0.3453,0.3213,177.42,0.3740,0.3150,5,1,0,0,1,9,20,0,0,0,0,0,1000.000
61100,0.3453,0.3213,177.42,0.3740,0.3150,5,1,0,0,1,9,20,0,0,0,0,0,1000.000
61110,0.3453,0.3213,177.43,0.3740,0.3150,5,1,0,0,1,9,20,0,0,0,0,0,1000.000
61120,0.3453,0.3213,177.43,0.3740,0.3150,5,1,0,0,1,9,20,0,0,0,0,0,1000.000
61130,0.3453,0.3213,177.43,0.3740,0.3150,5,1,0,0,1,9,20,0,0,0,0,0,1000.000
61140,0.3453,0.3213,177.43,0.3740,0.3150,5,1,0,0,1,9,20,0,0,0,0,0,1000.000
61150,0.3453,0.3213,177.44,0.3740,0.3150,5,1,0,0,1,9,20,0,0,0,0,0,1000.000
61160,0.3453,0.3213,177.44,0.3740,0.3150,5,1,0,0,1,9,20,0,0,0,0,0,1000.000
61170,0.3453,0.3213,177.44,0.3740,0.3150,5,1,0,0,1,9,20,0,0,0,0,0,1000.000
61180,0.3453,0.3213,177.45,0.3740,0.3150,5,1,0,0,1,9,20,0,0,0,0,0,1000.000
61190,0.3453,0.3213,177.45,0.3740,0.3150,5,1,0,0,1,9,20,0,0,0,0,0,1000.000
61200,0.3453,0.3213,177.45,0.3740,0.3150,5,1,0,0,1,9,20,0,0,0,0,0,1000.000
61210,0.3453,0.3213,177.46,0.3740,0.3150,5,1,0,0,1,9,20,0,0,0,0,0,1000.000
61220,0.3453,0.3213,177.46,0.3740,0.3150,5,1,0,0,1,9,20,0,0,0,0,0,1000.000
61230,0.3453,0.3213,177.47,0.3740,0.3150,5,1,0,0,1,9,20,0,0,0,0,0,1000.000
61240,0.3453,0.3213,177.47,0.3740,0.3150,5,1,0,0,1,9,20,0,0,0,0,0,1000.000
61250,0.3453,0.3213,177.47,0.3740,0.3150,5,1,0,0,1,9,20,0,0,0,0,0,1000.000
61260,0.3453,0.3213,177.47,0.3740,0.3150,5,1,0,0,1,9,20,0,0,0,0,0,1000.000
61270,0.3453,0.3213,177.48,0.3740,0.3150,5,1,0,0,1,9,20,0,0,0,0,0,1000.000
61280,0.3453,0.3213,177.48,0.3740,0.3150,5,1,0,0,1,9,20,0,0,0,0,0,1000.000
61290,0.3453,0.3213,177.48,0.3740,0.3150,5,1,0,0,1,9,20,0,0,0,0,0,1000.000
61300,0.3453,0.3213,177.49,0.3740,0.3150,5,1,0,0,1,9,20,0,0,0,0,0,1000.000
61310,0.3453,0.3213,177.49,0.3740,0.3150,5,1,0,0,1,9,20,0,0,0,0,0,1000.000
61320,0.3453,0.3213,177.49,0.3740,0.3150,5,1,0,0,1,9,20,0,0,0,0,0,1000.000
61330,0.3453,0.3213,177.49,0.3740,0.3150,5,1,0,0,1,9,20,0,0,0,0,0,1000.000
61340,0.3453,0.3213,177.50,0.3740,0.3150,5,1,0,0,1,9,20,0,0,0,0,0,1000.000
61350,0.3453,0.3213,177.50,0.3740,0.3150,5,1,0,0,1,9,20,0,0,0,0,0,1000.000
61360,0.3453,0.3213,177.50,0.3740,0.3150,5,1,0,0,1,9,20,0,0,0,0,0,1000.000
61370,0.3453,0.3213,177.50,0.3740,0.3150,5,1,0,0,1,9,20,0,0,0,0,0,1000.000
61380,0.3453,0.3213,177.50,0.3740,0.3150,5,1,0,0,1,9,20,0,0,0,0,0,1000.000
61390,0.3453,0.3213,177.51,0.3740,0.3150,5,1,0,0,1,9,20,0,0,0,0,0,1000.000
61400,0.3453,0.3213,177.51,0.3740,0.3150,5,1,0,0,1,9,20,0,0,0,0,0,1000.000
61410,0.3453,0.3213,177.51,0.3740,0.3150,5,1,0,0,1,9,20,0,0,0,0,0,1000.000
61420,0.3453,0.3213,177.51,0.3740,0.3150,5,1,0,0,1,9,20,0,0,0,0,0,1000.000
61430,0.3453,0.3213,177.52,0.3740,0.3150,5,1,0,0,1,9,20,0,0,0,0,0,1000.000
61440,0.3453,0.3213,177.52,0.3740,0.3150,5,1,0,0,1,9,20,0,0,0,0,0,1000.000
61450,0.3453,0.3213,177.52,0.3740,0.3150,5,1,0,0,1,9,20,0,0,0,0,0,1000.000
61460,0.3453,0.3213,177.52,0.3740,0.3150,5,1,0,0,1,9,20,0,0,0,0,0,1000.000
61470,0.3453,0.3213,177.53,0.3740,0.3150,5,1,0,0,1,9,20,0,0,0,0,0,1000.000
61480,0.3453,0.3213,177.53,0.3740,0.3150,5,1,0,0,1,9,20,0,0,0,0,0,1000.000
61490,0.3453,0.3213,177.53,0.3740,0.3150,5,1,0,0,1,9,20,0,0,0,0,0,1000.000
61500,0.3453,0.3213,177.53,0.3740,0.3150,5,1,0,0,1,9,20,0,0,0,0,0,1000.000
61510,0.3453,0.3213,177.54,0.3740,0.3150,5,1,0,0,1,9,20,0,0,0,0,0,1000.000
61520,0.3453,0.3213,177.54,0.3740,0.3150,5,1,0,0,1,9,20,0,0,0,0,0,1000.000
61530,0.3453,0.3213,177.54,0.3740,0.3150,5,1,0,0,1,9,20,0,0,0,0,0,1000.000
61540,0.3453,0.3213,177.54,0.3740,0.3150,5,1,0,0,1,9,20,0,0,0,0,0,1000.000
61550,0.3453,0.3213,177.54,0.3740,0.3150,5,1,0,0,1,9,20,0,0,0,0,0,1000.000
61560,0.3453,0.3213,177.55,0.3740,0.3150,5,1,0,0,1,9,20,0,0,0,0,0,1000.000
61570,0.3453,0.3213,177.55,0.3740,0.3150,5,1,0,0,1,9,20,0,0,0,0,0,1000.000
61580,0.3453,0.3213,177.55,0.3740,0.3150,5,1,0,0,1,9,20,0,0,0,0,0,1000.000
61590,0.3453,0.3213,177.55,0.3740,0.3150,5,1,0,0,1,9,20,0,0,0,0,0,1000.000
61600,0.3453,0.3213,177.55,0.3740,0.3150,5,1,0,0,1,9,20,0,0,0,0,0,1000.000
61610,0.3453,0.3213,177.56,0.3740,0.3150,5,1,0,0,1,9,20,0,0,0,0,0,1000.000
61620,0.3453,0.3213,177.56,0.3740,0.3150,5,1,0,0,1,9,20,0,0,0,0,0,1000.000
61630,0.3453,0.3213,177.56,0.3740,0.3150,5,1,0,0,1,9,20,0,0,0,0,0,1000.000
61640,0.3453,0.3213,177.56,0.3740,0.3150,5,1,0,0,1,9,20,0,0,0,0,0,1000.000
61650,0.3453,0.3213,177.56,0.3740,0.3150,5,1,0,0,1,9,20,0,0,0,0,0,1000.000
