t_ms,true_x,true_y,yaw_deg,map_x,map_y,seg,return_mode,single_axis,route_complete,return_complete,front_cm,left_cm,out_vx,out_vy,map_lim,front_lim,left_lim,clearance
0,0.3740,0.3085,0.00,0.0000,0.0000,0,0,0,0,0,20,15,0,0,0,0,0,1000.000
10,0.3740,0.3085,0.00,0.0000,0.0000,0,0,0,0,0,20,15,0,0,0,0,0,1000.000
20,0.3740,0.3085,0.00,0.0000,0.0000,0,0,0,0,0,20,15,0,0,0,0,0,1000.000
30,0.3740,0.3085,0.00,0.0000,0.0000,0,0,0,0,0,20,15,0,0,0,0,0,1000.000
40,0.3740,0.3085,0.00,0.0000,0.0000,0,0,0,0,0,20,15,0,0,0,0,0,1000.000
50,0.3740,0.3085,0.00,0.0000,0.0000,0,0,0,0,0,20,15,0,0,0,0,0,1000.000
60,0.3740,0.3085,0.00,0.0000,0.0000,0,0,0,0,0,20,15,0,0,0,0,0,1000.000
70,0.3740,0.3085,0.00,0.0000,0.0000,0,0,0,0,0,20,15,0,0,0,0,0,1000.000
80,0.3740,0.3085,0.00,0.0000,0.0000,0,0,0,0,0,20,15,0,0,0,0,0,1000.000
90,0.3740,0.3085,0.00,0.0000,0.0000,0,0,0,0,0,20,15,0,0,0,0,0,1000.000
100,0.3740,0.3085,0.00,0.0000,0.0000,0,0,0,0,0,20,15,0,0,0,0,0,1000.000
110,0.3740,0.3085,0.00,0.0000,0.0000,0,0,0,0,0,20,15,0,0,0,0,0,1000.000
120,0.3740,0.3085,0.00,0.0000,0.0000,0,0,0,0,0,20,15,0,0,0,0,0,1000.000
130,0.3740,0.3085,0.00,0.0000,0.0000,0,0,0,0,0,20,15,0,0,0,0,0,1000.000
140,0.3740,0.3085,0.00,0.0000,0.0000,0,0,0,0,0,20,15,0,0,0,0,0,1000.000
150,0.3740,0.3085,0.00,0.0000,0.0000,0,0,0,0,0,20,15,0,0,0,0,0,1000.000
160,0.3740,0.3085,0.00,0.0000,0.0000,0,0,0,0,0,20,15,0,0,0,0,0,1000.000
170,0.3740,0.3085,0.00,0.0000,0.0000,0,0,0,0,0,20,15,0,0,0,0,0,1000.000
180,0.3740,0.3085,0.00,0.0000,0.0000,0,0,0,0,0,20,15,0,0,0,0,0,1000.000
190,0.3740,0.3085,0.00,0.0000,0.0000,0,0,0,0,0,20,15,0,0,0,0,0,1000.000
200,0.3740,0.3085,0.00,0.0000,0.0000,0,0,0,0,0,20,15,0,0,0,0,0,1000.000
210,0.3740,0.3085,0.00,0.0000,0.0000,0,0,0,0,0,20,15,0,0,0,0,0,1000.000
220,0.3740,0.3085,0.00,0.0000,0.0000,0,0,0,0,0,20,15,0,0,0,0,0,1000.000
230,0.3740,0.3085,0.00,0.0000,0.0000,0,0,0,0,0,20,15,0,0,0,0,0,1000.000
240,0.3740,0.3085,0.00,0.0000,0.0000,0,0,0,0,0,20,15,0,0,0,0,0,1000.000
250,0.3740,0.3085,0.00,0.0000,0.0000,0,0,0,0,0,20,15,0,0,0,0,0,1000.000
260,0.3740,0.3085,0.00,0.0000,0.0000,0,0,0,0,0,20,15,0,0,0,0,0,1000.000
270,0.3740,0.3085,0.00,0.0000,0.0000,0,0,0,0,0,20,15,0,0,0,0,0,1000.000
280,0.3740,0.3085,0.00,0.0000,0.0000,0,0,0,0,0,20,15,0,0,0,0,0,1000.000
290,0.3740,0.3085,0.00,0.0000,0.0000,0,0,0,0,0,20,15,0,0,0,0,0,1000.000
300,0.3740,0.3085,0.00,0.0000,0.0000,0,0,0,0,0,20,15,0,0,0,0,0,1000.000
310,0.3740,0.3085,0.00,0.0000,0.0000,0,0,0,0,0,20,15,0,0,0,0,0,1000.000
320,0.3740,0.3085,0.00,0.0000,0.0000,0,0,0,0,0,20,15,0,0,0,0,0,1000.000
330,0.3740,0.3085,0.00,0.0000,0.0000,0,0,0,0,0,20,15,0,0,0,0,0,1000.000
340,0.3740,0.3085,0.00,0.0000,0.0000,0,0,0,0,0,20,15,0,0,0,0,0,1000.000
350,0.3740,0.3085,0.00,0.0000,0.0000,0,0,0,0,0,20,15,0,0,0,0,0,1000.000
360,0.3740,0.3085,0.00,0.0000,0.0000,0,0,0,0,0,20,15,0,0,0,0,0,1000.000
370,0.3740,0.3085,0.00,0.0000,0.0000,0,0,0,0,0,20,15,0,0,0,0,0,1000.000
380,0.3740,0.3085,0.00,0.0000,0.0000,0,0,0,0,0,20,15,0,0,0,0,0,1000.000
390,0.3740,0.3085,0.00,0.0000,0.0000,0,0,0,0,0,20,15,0,0,0,0,0,1000.000
400,0.3740,0.3085,0.00,0.0000,0.0000,0,0,0,0,0,20,15,0,0,0,0,0,1000.000
410,0.3740,0.3085,0.00,0.0000,0.0000,0,0,0,0,0,20,15,0,0,0,0,0,1000.000
420,0.3740,0.3085,0.00,0.0000,0.0000,0,0,0,0,0,20,15,0,0,0,0,0,1000.000
430,0.3740,0.3085,0.00,0.0000,0.0000,0,0,0,0,0,20,15,0,0,0,0,0,1000.000
440,0.3740,0.3085,0.00,0.0000,0.0000,0,0,0,0,0,20,15,0,0,0,0,0,1000.000
450,0.3740,0.3085,0.00,0.0000,0.0000,0,0,0,0,0,20,15,0,0,0,0,0,1000.000
460,0.3740,0.3085,0.00,0.0000,0.0000,0,0,0,0,0,20,15,0,0,0,0,0,1000.000
470,0.3740,0.3085,0.00,0.0000,0.0000,0,0,0,0,0,20,15,0,0,0,0,0,1000.000
480,0.3740,0.3085,0.00,0.0000,0.0000,0,0,0,0,0,20,15,0,0,0,0,0,1000.000
490,0.3740,0.3085,0.00,0.0000,0.0000,0,0,0,0,0,20,15,0,0,0,0,0,1000.000
500,0.3740,0.3085,0.00,0.0000,0.0000,0,0,0,0,0,20,15,0,0,0,0,0,1000.000
510,0.3740,0.3085,0.00,0.0000,0.0000,0,0,0,0,0,20,15,0,0,0,0,0,1000.000
520,0.3740,0.3085,0.00,0.0000,0.0000,0,0,0,0,0,20,15,0,0,0,0,0,1000.000
530,0.3740,0.3085,0.00,0.0000,0.0000,0,0,0,0,0,20,15,0,0,0,0,0,1000.000
540,0.3740,0.3085,0.00,0.0000,0.0000,0,0,0,0,0,20,15,0,0,0,0,0,1000.000
550,0.3740,0.3085,0.00,0.0000,0.0000,0,0,0,0,0,20,15,0,0,0,0,0,1000.000
560,0.3740,0.3085,0.00,0.0000,0.0000,0,0,0,0,0,20,15,0,0,0,0,0,1000.000
570,0.3740,0.3085,0.00,0.0000,0.0000,0,0,0,0,0,20,15,0,0,0,0,0,1000.000
580,0.3740,0.3085,0.00,0.0000,0.0000,0,0,0,0,0,20,15,0,0,0,0,0,1000.000
590,0.3740,0.3085,0.00,0.0000,0.0000,0,0,0,0,0,20,15,0,0,0,0,0,1000.000
600,0.3740,0.3085,0.00,0.0000,0.0000,0,0,0,0,0,20,15,0,0,0,0,0,1000.000
610,0.3740,0.3085,0.00,0.0000,0.0000,0,0,0,0,0,20,15,0,0,0,0,0,1000.000
620,0.3740,0.3085,0.00,0.0000,0.0000,0,0,0,0,0,20,15,0,0,0,0,0,1000.000
630,0.3740,0.3085,0.00,0.0000,0.0000,0,0,0,0,0,20,15,0,0,0,0,0,1000.000
640,0.3740,0.3085,0.00,0.0000,0.0000,0,0,0,0,0,20,15,0,0,0,0,0,1000.000
650,0.3740,0.3085,0.00,0.0000,0.0000,0,0,0,0,0,20,15,0,0,0,0,0,1000.000
660,0.3740,0.3085,0.00,0.0000,0.0000,0,0,0,0,0,20,15,0,0,0,0,0,1000.000
670,0.3740,0.3085,0.00,0.0000,0.0000,0,0,0,0,0,20,15,0,0,0,0,0,1000.000
680,0.3740,0.3085,0.00,0.0000,0.0000,0,0,0,0,0,20,15,0,0,0,0,0,1000.000
690,0.3740,0.3085,0.00,0.0000,0.0000,0,0,0,0,0,20,15,0,0,0,0,0,1000.000
700,0.3740,0.3085,0.00,0.0000,0.0000,0,0,0,0,0,20,15,0,0,0,0,0,1000.000
710,0.3740,0.3085,0.00,0.0000,0.0000,0,0,0,0,0,20,15,0,0,0,0,0,1000.000
720,0.3740,0.3085,0.00,0.0000,0.0000,0,0,0,0,0,20,15,0,0,0,0,0,1000.000
730,0.3740,0.3085,0.00,0.0000,0.0000,0,0,0,0,0,20,15,0,0,0,0,0,1000.000
740,0.3740,0.3085,0.00,0.0000,0.0000,0,0,0,0,0,20,15,0,0,0,0,0,1000.000
750,0.3740,0.3085,0.00,0.0000,0.0000,0,0,0,0,0,20,15,0,0,0,0,0,1000.000
760,0.3740,0.3085,0.00,0.0000,0.0000,0,0,0,0,0,20,15,0,0,0,0,0,1000.000
770,0.3740,0.3085,0.00,0.0000,0.0000,0,0,0,0,0,20,15,0,0,0,0,0,1000.000
780,0.3740,0.3085,0.00,0.0000,0.0000,0,0,0,0,0,20,15,0,0,0,0,0,1000.000
790,0.3740,0.3085,0.00,0.0000,0.0000,0,0,0,0,0,20,15,0,0,0,0,0,1000.000
800,0.3740,0.3085,0.00,0.0000,0.0000,0,0,0,0,0,20,15,0,0,0,0,0,1000.000
810,0.3740,0.3085,0.00,0.0000,0.0000,0,0,0,0,0,20,15,0,0,0,0,0,1000.000
820,0.3740,0.3085,0.00,0.0000,0.0000,0,0,0,0,0,20,15,0,0,0,0,0,1000.000
830,0.3740,0.3085,0.00,0.0000,0.0000,0,0,0,0,0,20,15,0,0,0,0,0,1000.000
840,0.3740,0.3085,0.00,0.0000,0.0000,0,0,0,0,0,20,15,0,0,0,0,0,1000.000
850,0.3740,0.3085,0.00,0.0000,0.0000,0,0,0,0,0,20,15,0,0,0,0,0,1000.000
860,0.3740,0.3085,0.00,0.0000,0.0000,0,0,0,0,0,20,15,0,0,0,0,0,1000.000
870,0.3740,0.3085,0.00,0.0000,0.0000,0,0,0,0,0,20,15,0,0,0,0,0,1000.000
880,0.3740,0.3085,0.00,0.0000,0.0000,0,0,0,0,0,20,15,0,0,0,0,0,1000.000
890,0.3740,0.3085,0.00,0.0000,0.0000,0,0,0,0,0,20,15,0,0,0,0,0,1000.000
900,0.3740,0.3085,0.00,0.0000,0.0000,0,0,0,0,0,20,15,0,0,0,0,0,1000.000
910,0.3740,0.3085,0.00,0.0000,0.0000,0,0,0,0,0,20,15,0,0,0,0,0,1000.000
920,0.3740,0.3085,0.00,0.0000,0.0000,0,0,0,0,0,20,15,0,0,0,0,0,1000.000
930,0.3740,0.3085,0.00,0.0000,0.0000,0,0,0,0,0,20,15,0,0,0,0,0,1000.000
940,0.3740,0.3085,0.00,0.0000,0.0000,0,0,0,0,0,20,15,0,0,0,0,0,1000.000
950,0.3740,0.3085,0.00,0.0000,0.0000,0,0,0,0,0,20,15,0,0,0,0,0,1000.000
960,0.3740,0.3085,0.00,0.0000,0.0000,0,0,0,0,0,20,15,0,0,0,0,0,1000.000
970,0.3740,0.3085,0.00,0.0000,0.0000,0,0,0,0,0,20,15,0,0,0,0,0,1000.000
980,0.3740,0.3085,0.00,0.0000,0.0000,0,0,0,0,0,20,15,0,0,0,0,0,1000.000
990,0.3740,0.3085,0.00,0.0000,0.0000,0,0,0,0,0,20,15,0,0,0,0,0,1000.000
1000,0.3740,0.3085,0.00,0.0000,0.0000,0,0,0,0,0,20,15,0,0,0,0,0,1000.000
1010,0.3740,0.3085,0.00,0.0000,0.0000,0,0,0,0,0,20,15,0,0,0,0,0,1000.000
1020,0.3740,0.3085,0.00,0.0000,0.0000,0,0,0,0,0,20,15,0,0,0,0,0,1000.000
1030,0.3740,0.3085,0.00,0.0000,0.0000,0,0,0,0,0,20,15,0,0,0,0,0,1000.000
1040,0.3740,0.3085,0.00,0.0000,0.0000,0,0,0,0,0,20,15,0,0,0,0,0,1000.000
1050,0.3740,0.3085,0.00,0.0000,0.0000,0,0,0,0,0,20,15,0,0,0,0,0,1000.000
1060,0.3740,0.3085,0.00,0.0000,0.0000,0,0,0,0,0,20,15,0,0,0,0,0,1000.000
1070,0.3740,0.3085,0.00,0.0000,0.0000,0,0,0,0,0,20,15,0,0,0,0,0,1000.000
1080,0.3740,0.3085,0.00,0.0000,0.0000,0,0,0,0,0,20,15,0,0,0,0,0,1000.000
1090,0.3740,0.3085,0.00,0.0000,0.0000,0,0,0,0,0,20,15,0,0,0,0,0,1000.000
1100,0.3740,0.3085,0.00,0.0000,0.0000,0,0,0,0,0,20,15,0,0,0,0,0,1000.000
1110,0.3740,0.3085,0.00,0.0000,0.0000,0,0,0,0,0,20,15,0,0,0,0,0,1000.000
1120,0.3740,0.3085,0.00,0.0000,0.0000,0,0,0,0,0,20,15,0,0,0,0,0,1000.000
1130,0.3740,0.3085,0.00,0.0000,0.0000,0,0,0,0,0,20,15,0,0,0,0,0,1000.000
1140,0.3740,0.3085,0.00,0.0000,0.0000,0,0,0,0,0,20,15,0,0,0,0,0,1000.000
1150,0.3740,0.3085,0.00,0.0000,0.0000,0,0,0,0,0,20,15,0,0,0,0,0,1000.000
1160,0.3740,0.3085,0.00,0.0000,0.0000,0,0,0,0,0,20,15,0,0,0,0,0,1000.000
1170,0.3740,0.3085,0.00,0.0000,0.0000,0,0,0,0,0,20,15,0,0,0,0,0,1000.000
1180,0.3740,0.3085,0.00,0.0000,0.0000,0,0,0,0,0,20,15,0,0,0,0,0,1000.000
1190,0.3740,0.3085,0.00,0.0000,0.0000,0,0,0,0,0,20,15,0,0,0,0,0,1000.000
1200,0.3740,0.3085,0.00,0.0000,0.0000,0,0,0,0,0,20,15,0,0,0,0,0,1000.000
1210,0.3740,0.3085,0.00,0.0000,0.0000,0,0,0,0,0,20,15,0,0,0,0,0,1000.000
1220,0.3740,0.3085,0.00,0.0000,0.0000,0,0,0,0,0,20,15,0,0,0,0,0,1000.000
1230,0.3740,0.3085,0.00,0.0000,0.0000,0,0,0,0,0,20,15,0,0,0,0,0,1000.000
1240,0.3740,0.3085,0.00,0.0000,0.0000,0,0,0,0,0,20,15,0,0,0,0,0,1000.000
1250,0.3740,0.3085,0.00,0.0000,0.0000,0,0,0,0,0,20,15,0,0,0,0,0,1000.000
1260,0.3740,0.3085,0.00,0.0000,0.0000,0,0,0,0,0,20,15,0,0,0,0,0,1000.000
1270,0.3740,0.3085,0.00,0.0000,0.0000,0,0,0,0,0,20,15,0,0,0,0,0,1000.000
1280,0.3740,0.3085,0.00,0.0000,0.0000,0,0,0,0,0,20,15,0,0,0,0,0,1000.000
1290,0.3740,0.3085,0.00,0.0000,0.0000,0,0,0,0,0,20,15,0,0,0,0,0,1000.000
1300,0.3740,0.3085,0.00,0.0000,0.0000,0,0,0,0,0,20,15,0,0,0,0,0,1000.000
1310,0.3740,0.3085,0.00,0.0000,0.0000,0,0,0,0,0,20,15,0,0,0,0,0,1000.000
1320,0.3740,0.3085,0.00,0.0000,0.0000,0,0,0,0,0,20,15,0,0,0,0,0,1000.000
1330,0.3740,0.3085,0.00,0.0000,0.0000,0,0,0,0,0,20,15,0,0,0,0,0,1000.000
1340,0.3740,0.3085,0.00,0.0000,0.0000,0,0,0,0,0,20,15,0,0,0,0,0,1000.000
1350,0.3740,0.3085,0.00,0.0000,0.0000,0,0,0,0,0,20,15,0,0,0,0,0,1000.000
1360,0.3740,0.3085,0.00,0.0000,0.0000,0,0,0,0,0,20,15,0,0,0,0,0,1000.000
1370,0.3740,0.3085,0.00,0.0000,0.0000,0,0,0,0,0,20,15,0,0,0,0,0,1000.000
1380,0.3740,0.3085,0.00,0.0000,0.0000,0,0,0,0,0,20,15,0,0,0,0,0,1000.000
1390,0.3740,0.3085,0.00,0.0000,0.0000,0,0,0,0,0,20,15,0,0,0,0,0,1000.000
1400,0.3740,0.3085,0.00,0.0000,0.0000,0,0,0,0,0,20,15,0,0,0,0,0,1000.000
1410,0.3740,0.3085,0.00,0.0000,0.0000,0,0,0,0,0,20,15,0,0,0,0,0,1000.000
1420,0.3740,0.3085,0.00,0.0000,0.0000,0,0,0,0,0,20,15,0,0,0,0,0,1000.000
1430,0.3740,0.3085,0.00,0.0000,0.0000,0,0,0,0,0,20,15,0,0,0,0,0,1000.000
1440,0.3740,0.3085,0.00,0.0000,0.0000,0,0,0,0,0,20,15,0,0,0,0,0,1000.000
1450,0.3740,0.3085,0.00,0.0000,0.0000,0,0,0,0,0,20,15,0,0,0,0,0,1000.000
1460,0.3740,0.3085,0.00,0.0000,0.0000,0,0,0,0,0,20,15,0,0,0,0,0,1000.000
1470,0.3740,0.3085,0.00,0.0000,0.0000,0,0,0,0,0,20,15,0,0,0,0,0,1000.000
1480,0.3740,0.3085,0.00,0.0000,0.0000,0,0,0,0,0,20,15,0,0,0,0,0,1000.000
1490,0.3740,0.3085,0.00,0.0000,0.0000,0,0,0,0,0,20,15,0,0,0,0,0,1000.000
1500,0.3740,0.3085,0.00,0.0000,0.0000,0,0,0,0,0,20,15,0,0,0,0,0,1000.000
1510,0.3740,0.3085,0.00,0.0000,0.0000,0,0,0,0,0,20,15,0,0,0,0,0,1000.000
1520,0.3740,0.3085,0.00,0.0000,0.0000,0,0,0,0,0,20,15,0,0,0,0,0,1000.000
1530,0.3740,0.3085,0.00,0.0000,0.0000,0,0,0,0,0,20,15,0,0,0,0,0,1000.000
1540,0.3740,0.3085,0.00,0.0000,0.0000,0,0,0,0,0,20,15,0,0,0,0,0,1000.000
1550,0.3740,0.3085,0.00,0.0000,0.0000,0,0,0,0,0,20,15,0,0,0,0,0,1000.000
1560,0.3740,0.3085,0.00,0.0000,0.0000,0,0,0,0,0,20,15,0,0,0,0,0,1000.000
1570,0.3740,0.3085,0.00,0.0000,0.0000,0,0,0,0,0,20,15,0,0,0,0,0,1000.000
1580,0.3740,0.3085,0.00,0.0000,0.0000,0,0,0,0,0,20,15,0,0,0,0,0,1000.000
1590,0.3740,0.3085,0.00,0.0000,0.0000,0,0,0,0,0,20,15,0,0,0,0,0,1000.000
1600,0.3740,0.3085,0.00,0.0000,0.0000,0,0,0,0,0,20,15,0,0,0,0,0,1000.000
1610,0.3740,0.3085,0.00,0.0000,0.0000,0,0,0,0,0,20,15,0,0,0,0,0,1000.000
1620,0.3740,0.3085,0.00,0.0000,0.0000,0,0,0,0,0,20,15,0,0,0,0,0,1000.000
1630,0.3740,0.3085,0.00,0.0000,0.0000,0,0,0,0,0,20,15,0,0,0,0,0,1000.000
1640,0.3740,0.3085,0.00,0.0000,0.0000,0,0,0,0,0,20,15,0,0,0,0,0,1000.000
1650,0.3740,0.3085,0.00,0.0000,0.0000,0,0,0,0,0,20,15,0,0,0,0,0,1000.000
1660,0.3740,0.3085,0.00,0.0000,0.0000,0,0,0,0,0,20,15,0,0,0,0,0,1000.000
1670,0.3740,0.3085,0.00,0.0000,0.0000,0,0,0,0,0,20,15,0,0,0,0,0,1000.000
1680,0.3740,0.3085,0.00,0.0000,0.0000,0,0,0,0,0,20,15,0,0,0,0,0,1000.000
1690,0.3740,0.3085,0.00,0.0000,0.0000,0,0,0,0,0,20,15,0,0,0,0,0,1000.000
1700,0.3740,0.3085,0.00,0.0000,0.0000,0,0,0,0,0,20,15,0,0,0,0,0,1000.000
1710,0.3740,0.3085,0.00,0.0000,0.0000,0,0,0,0,0,20,15,0,0,0,0,0,1000.000
1720,0.3740,0.3085,0.00,0.0000,0.0000,0,0,0,0,0,20,15,0,0,0,0,0,1000.000
1730,0.3740,0.3085,0.00,0.0000,0.0000,0,0,0,0,0,20,15,0,0,0,0,0,1000.000
1740,0.3740,0.3085,0.00,0.0000,0.0000,0,0,0,0,0,20,15,0,0,0,0,0,1000.000
1750,0.3740,0.3085,0.00,0.0000,0.0000,0,0,0,0,0,20,15,0,0,0,0,0,1000.000
1760,0.3740,0.3085,0.00,0.0000,0.0000,0,0,0,0,0,20,15,0,0,0,0,0,1000.000
1770,0.3740,0.3085,0.00,0.0000,0.0000,0,0,0,0,0,20,15,0,0,0,0,0,1000.000
1780,0.3740,0.3085,0.00,0.0000,0.0000,0,0,0,0,0,20,15,0,0,0,0,0,1000.000
1790,0.3740,0.3085,0.00,0.0000,0.0000,0,0,0,0,0,20,15,0,0,0,0,0,1000.000
1800,0.3740,0.3085,0.00,0.0000,0.0000,0,0,0,0,0,20,15,0,0,0,0,0,1000.000
1810,0.3740,0.3085,0.00,0.0000,0.0000,0,0,0,0,0,20,15,0,0,0,0,0,1000.000
1820,0.3740,0.3085,0.00,0.0000,0.0000,0,0,0,0,0,20,15,0,0,0,0,0,1000.000
1830,0.3740,0.3085,0.00,0.0000,0.0000,0,0,0,0,0,20,15,0,0,0,0,0,1000.000
1840,0.3740,0.3085,0.00,0.0000,0.0000,0,0,0,0,0,20,15,0,0,0,0,0,1000.000
1850,0.3740,0.3085,0.00,0.0000,0.0000,0,0,0,0,0,20,15,0,0,0,0,0,1000.000
1860,0.3740,0.3085,0.00,0.0000,0.0000,0,0,0,0,0,20,15,0,0,0,0,0,1000.000
1870,0.3740,0.3085,0.00,0.0000,0.0000,0,0,0,0,0,20,15,0,0,0,0,0,1000.000
1880,0.3740,0.3085,0.00,0.0000,0.0000,0,0,0,0,0,20,15,0,0,0,0,0,1000.000
1890,0.3740,0.3085,0.00,0.0000,0.0000,0,0,0,0,0,20,15,0,0,0,0,0,1000.000
1900,0.3740,0.3085,0.00,0.0000,0.0000,0,0,0,0,0,20,15,0,0,0,0,0,1000.000
1910,0.3740,0.3085,0.00,0.0000,0.0000,0,0,0,0,0,20,15,0,0,0,0,0,1000.000
1920,0.3740,0.3085,0.00,0.0000,0.0000,0,0,0,0,0,20,15,0,0,0,0,0,1000.000
1930,0.3740,0.3085,0.00,0.0000,0.0000,0,0,0,0,0,20,15,0,0,0,0,0,1000.000
1940,0.3740,0.3085,0.00,0.0000,0.0000,0,0,0,0,0,20,15,0,0,0,0,0,1000.000
1950,0.3740,0.3085,0.00,0.0000,0.0000,0,0,0,0,0,20,15,0,0,0,0,0,1000.000
1960,0.3740,0.3085,0.00,0.0000,0.0000,0,0,0,0,0,20,15,0,0,0,0,0,1000.000
1970,0.3740,0.3085,0.00,0.0000,0.0000,0,0,0,0,0,20,15,0,0,0,0,0,1000.000
1980,0.3740,0.3085,0.00,0.0000,0.0000,0,0,0,0,0,20,15,0,0,0,0,0,1000.000
1990,0.3740,0.3085,0.00,0.0000,0.0000,0,0,0,0,0,20,15,0,0,0,0,0,1000.000
2000,0.3740,0.3085,0.00,0.0000,0.0000,0,0,0,0,0,20,15,0,0,0,0,0,1000.000
2010,0.3740,0.3085,0.00,0.0000,0.0000,0,0,0,0,0,20,15,0,0,0,0,0,1000.000
2020,0.3740,0.3085,0.00,0.0000,0.0000,0,0,0,0,0,20,15,0,0,0,0,0,1000.000
2030,0.3740,0.3085,0.00,0.0000,0.0000,0,0,0,0,0,20,15,0,0,0,0,0,1000.000
2040,0.3740,0.3085,0.00,0.0000,0.0000,0,0,0,0,0,20,15,0,0,0,0,0,1000.000
2050,0.3740,0.3085,0.00,0.0000,0.0000,0,0,0,0,0,20,15,0,0,0,0,0,1000.000
2060,0.3740,0.3085,0.00,0.0000,0.0000,0,0,0,0,0,20,15,0,0,0,0,0,1000.000
2070,0.3740,0.3085,0.00,0.0000,0.0000,0,0,0,0,0,20,15,0,0,0,0,0,1000.000
2080,0.3740,0.3085,0.00,0.0000,0.0000,0,0,0,0,0,20,15,0,0,0,0,0,1000.000
2090,0.3740,0.3085,0.00,0.0000,0.0000,0,0,0,0,0,20,15,0,0,0,0,0,1000.000
2100,0.3740,0.3085,0.00,0.0000,0.0000,0,0,0,0,0,20,15,0,0,0,0,0,1000.000
2110,0.3740,0.3085,0.00,0.0000,0.0000,0,0,0,0,0,20,15,0,0,0,0,0,1000.000
2120,0.3740,0.3085,0.00,0.0000,0.0000,0,0,0,0,0,20,15,0,0,0,0,0,1000.000
2130,0.3740,0.3085,0.00,0.0000,0.0000,0,0,0,0,0,20,15,0,0,0,0,0,1000.000
2140,0.3740,0.3085,0.00,0.0000,0.0000,0,0,0,0,0,20,15,0,0,0,0,0,1000.000
2150,0.3740,0.3085,0.00,0.0000,0.0000,0,0,0,0,0,20,15,0,0,0,0,0,1000.000
2160,0.3740,0.3085,0.00,0.0000,0.0000,0,0,0,0,0,20,15,0,0,0,0,0,1000.000
2170,0.3740,0.3085,0.00,0.0000,0.0000,0,0,0,0,0,20,15,0,0,0,0,0,1000.000
2180,0.3740,0.3085,0.00,0.0000,0.0000,0,0,0,0,0,20,15,0,0,0,0,0,1000.000
2190,0.3740,0.3085,0.00,0.0000,0.0000,0,0,0,0,0,20,15,0,0,0,0,0,1000.000
2200,0.3740,0.3085,0.00,0.0000,0.0000,0,0,0,0,0,20,15,0,0,0,0,0,1000.000
2210,0.3740,0.3085,0.00,0.0000,0.0000,0,0,0,0,0,20,15,0,0,0,0,0,1000.000
2220,0.3740,0.3085,0.00,0.0000,0.0000,0,0,0,0,0,20,15,0,0,0,0,0,1000.000
2230,0.3740,0.3085,0.00,0.0000,0.0000,0,0,0,0,0,20,15,0,0,0,0,0,1000.000
2240,0.3740,0.3085,0.00,0.0000,0.0000,0,0,0,0,0,20,15,0,0,0,0,0,1000.000
2250,0.3740,0.3085,0.00,0.0000,0.0000,0,0,0,0,0,20,15,0,0,0,0,0,1000.000
2260,0.3740,0.3085,0.00,0.0000,0.0000,0,0,0,0,0,20,15,0,0,0,0,0,1000.000
2270,0.3740,0.3085,0.00,0.0000,0.0000,0,0,0,0,0,20,15,0,0,0,0,0,1000.000
2280,0.3740,0.3085,0.00,0.0000,0.0000,0,0,0,0,0,20,15,0,0,0,0,0,1000.000
2290,0.3740,0.3085,0.00,0.0000,0.0000,0,0,0,0,0,20,15,0,0,0,0,0,1000.000
2300,0.3740,0.3085,0.00,0.0000,0.0000,0,0,0,0,0,20,15,0,0,0,0,0,1000.000
2310,0.3740,0.3085,0.00,0.0000,0.0000,0,0,0,0,0,20,15,0,0,0,0,0,1000.000
2320,0.3740,0.3085,0.00,0.0000,0.0000,0,0,0,0,0,20,15,0,0,0,0,0,1000.000
2330,0.3740,0.3085,0.00,0.0000,0.0000,0,0,0,0,0,20,15,0,0,0,0,0,1000.000
2340,0.3740,0.3085,0.00,0.0000,0.0000,0,0,0,0,0,20,15,0,0,0,0,0,1000.000
2350,0.3740,0.3085,0.00,0.0000,0.0000,0,0,0,0,0,20,15,0,0,0,0,0,1000.000
2360,0.3740,0.3085,0.00,0.0000,0.0000,0,0,0,0,0,20,15,0,0,0,0,0,1000.000
2370,0.3740,0.3085,0.00,0.0000,0.0000,0,0,0,0,0,20,15,0,0,0,0,0,1000.000
2380,0.3740,0.3085,0.00,0.0000,0.0000,0,0,0,0,0,20,15,0,0,0,0,0,1000.000
2390,0.3740,0.3085,0.00,0.0000,0.0000,0,0,0,0,0,20,15,0,0,0,0,0,1000.000
2400,0.3740,0.3085,0.00,0.0000,0.0000,0,0,0,0,0,20,15,0,0,0,0,0,1000.000
2410,0.3740,0.3085,0.00,0.0000,0.0000,0,0,0,0,0,20,15,0,0,0,0,0,1000.000
2420,0.3740,0.3085,0.00,0.0000,0.0000,0,0,0,0,0,20,15,0,0,0,0,0,1000.000
2430,0.3740,0.3085,0.00,0.0000,0.0000,0,0,0,0,0,20,15,0,0,0,0,0,1000.000
2440,0.3740,0.3085,0.00,0.0000,0.0000,0,0,0,0,0,20,15,0,0,0,0,0,1000.000
2450,0.3740,0.3085,0.00,0.0000,0.0000,0,0,0,0,0,20,15,0,0,0,0,0,1000.000
2460,0.3740,0.3085,0.00,0.0000,0.0000,0,0,0,0,0,20,15,0,0,0,0,0,1000.000
2470,0.3740,0.3085,0.00,0.0000,0.0000,0,0,0,0,0,20,15,0,0,0,0,0,1000.000
2480,0.3740,0.3085,0.00,0.0000,0.0000,0,0,0,0,0,20,15,0,0,0,0,0,1000.000
2490,0.3740,0.3085,0.00,0.0000,0.0000,0,0,0,0,0,20,15,0,0,0,0,0,1000.000
2500,0.3740,0.3085,0.00,0.0000,0.0000,0,0,0,0,0,20,15,0,0,0,0,0,1000.000
2510,0.3740,0.3085,0.00,0.0000,0.0000,0,0,0,0,0,20,15,0,0,0,0,0,1000.000
2520,0.3740,0.3085,0.00,0.0000,0.0000,0,0,0,0,0,20,15,0,0,0,0,0,1000.000
2530,0.3740,0.3085,0.00,0.0000,0.0000,0,0,0,0,0,20,15,0,0,0,0,0,1000.000
2540,0.3740,0.3085,0.00,0.0000,0.0000,0,0,0,0,0,20,15,0,0,0,0,0,1000.000
2550,0.3740,0.3085,0.00,0.0000,0.0000,0,0,0,0,0,20,15,0,0,0,0,0,1000.000
2560,0.3740,0.3085,0.00,0.0000,0.0000,0,0,0,0,0,20,15,0,0,0,0,0,1000.000
2570,0.3740,0.3085,0.00,0.0000,0.0000,0,0,0,0,0,20,15,0,0,0,0,0,1000.000
2580,0.3740,0.3085,0.00,0.0000,0.0000,0,0,0,0,0,20,15,0,0,0,0,0,1000.000
2590,0.3740,0.3085,0.00,0.0000,0.0000,0,0,0,0,0,20,15,0,0,0,0,0,1000.000
2600,0.3740,0.3085,0.00,0.0000,0.0000,0,0,0,0,0,20,15,0,0,0,0,0,1000.000
2610,0.3740,0.3085,0.00,0.0000,0.0000,0,0,0,0,0,20,15,0,0,0,0,0,1000.000
2620,0.3740,0.3085,0.00,0.0000,0.0000,0,0,0,0,0,20,15,0,0,0,0,0,1000.000
2630,0.3740,0.3085,0.00,0.0000,0.0000,0,0,0,0,0,20,15,0,0,0,0,0,1000.000
2640,0.3740,0.3085,0.00,0.0000,0.0000,0,0,0,0,0,20,15,0,0,0,0,0,1000.000
2650,0.3740,0.3085,0.00,0.0000,0.0000,0,0,0,0,0,20,15,0,0,0,0,0,1000.000
2660,0.3740,0.3085,0.00,0.0000,0.0000,0,0,0,0,0,20,15,0,0,0,0,0,1000.000
2670,0.3740,0.3085,0.00,0.0000,0.0000,0,0,0,0,0,20,15,0,0,0,0,0,1000.000
2680,0.3740,0.3085,0.00,0.0000,0.0000,0,0,0,0,0,20,15,0,0,0,0,0,1000.000
2690,0.3740,0.3085,0.00,0.0000,0.0000,0,0,0,0,0,20,15,0,0,0,0,0,1000.000
2700,0.3740,0.3085,0.00,0.0000,0.0000,0,0,0,0,0,20,15,0,0,0,0,0,1000.000
2710,0.3740,0.3085,0.00,0.0000,0.0000,0,0,0,0,0,20,15,0,0,0,0,0,1000.000
2720,0.3740,0.3085,0.00,0.0000,0.0000,0,0,0,0,0,20,15,0,0,0,0,0,1000.000
2730,0.3740,0.3085,0.00,0.0000,0.0000,0,0,0,0,0,20,15,0,0,0,0,0,1000.000
2740,0.3740,0.3085,0.00,0.0000,0.0000,0,0,0,0,0,20,15,0,0,0,0,0,1000.000
2750,0.3740,0.3085,0.00,0.0000,0.0000,0,0,0,0,0,20,15,0,0,0,0,0,1000.000
2760,0.3740,0.3085,0.00,0.0000,0.0000,0,0,0,0,0,20,15,0,0,0,0,0,1000.000
2770,0.3740,0.3085,0.00,0.0000,0.0000,0,0,0,0,0,20,15,0,0,0,0,0,1000.000
2780,0.3740,0.3085,0.00,0.0000,0.0000,0,0,0,0,0,20,15,0,0,0,0,0,1000.000
2790,0.3740,0.3085,0.00,0.0000,0.0000,0,0,0,0,0,20,15,0,0,0,0,0,1000.000
2800,0.3740,0.3085,0.00,0.0000,0.0000,0,0,0,0,0,20,15,0,0,0,0,0,1000.000
2810,0.3740,0.3085,0.00,0.0000,0.0000,0,0,0,0,0,20,15,0,0,0,0,0,1000.000
2820,0.3740,0.3085,0.00,0.0000,0.0000,0,0,0,0,0,20,15,0,0,0,0,0,1000.000
2830,0.3740,0.3085,0.00,0.0000,0.0000,0,0,0,0,0,20,15,0,0,0,0,0,1000.000
2840,0.3740,0.3085,0.00,0.0000,0.0000,0,0,0,0,0,20,15,0,0,0,0,0,1000.000
2850,0.3740,0.3085,0.00,0.0000,0.0000,0,0,0,0,0,20,15,0,0,0,0,0,1000.000
2860,0.3740,0.3085,0.00,0.0000,0.0000,0,0,0,0,0,20,15,0,0,0,0,0,1000.000
2870,0.3740,0.3085,0.00,0.0000,0.0000,0,0,0,0,0,20,15,0,0,0,0,0,1000.000
2880,0.3740,0.3085,0.00,0.0000,0.0000,0,0,0,0,0,20,15,0,0,0,0,0,1000.000
2890,0.3740,0.3085,0.00,0.0000,0.0000,0,0,0,0,0,20,15,0,0,0,0,0,1000.000
2900,0.3740,0.3085,0.00,0.0000,0.0000,0,0,0,0,0,20,15,0,0,0,0,0,1000.000
2910,0.3740,0.3085,0.00,0.0000,0.0000,0,0,0,0,0,20,15,0,0,0,0,0,1000.000
2920,0.3740,0.3085,0.00,0.0000,0.0000,0,0,0,0,0,20,15,0,0,0,0,0,1000.000
2930,0.3740,0.3085,0.00,0.0000,0.0000,0,0,0,0,0,20,15,0,0,0,0,0,1000.000
2940,0.3740,0.3085,0.00,0.0000,0.0000,0,0,0,0,0,20,15,0,0,0,0,0,1000.000
2950,0.3740,0.3085,0.00,0.0000,0.0000,0,0,0,0,0,20,15,0,0,0,0,0,1000.000
2960,0.3740,0.3085,0.00,0.0000,0.0000,0,0,0,0,0,20,15,0,0,0,0,0,1000.000
2970,0.3740,0.3085,0.00,0.0000,0.0000,0,0,0,0,0,20,15,0,0,0,0,0,1000.000
2980,0.3740,0.3085,0.00,0.0000,0.0000,0,0,0,0,0,20,15,0,0,0,0,0,1000.000
2990,0.3740,0.3085,0.00,0.0000,0.0000,0,0,0,0,0,20,15,0,0,0,0,0,1000.000
3000,0.3740,0.3085,0.00,0.0000,0.0000,0,0,0,0,0,20,15,0,0,0,0,0,1000.000
3010,0.3740,0.3085,0.00,0.0000,0.0000,0,0,0,0,0,20,15,0,0,0,0,0,1000.000
3020,0.3740,0.3085,0.00,0.0000,0.0000,0,0,0,0,0,20,15,0,0,0,0,0,1000.000
3030,0.3740,0.3085,0.00,0.0000,0.0000,0,0,0,0,0,20,15,0,0,0,0,0,1000.000
3040,0.3740,0.3085,0.00,0.0000,0.0000,0,0,0,0,0,20,15,0,0,0,0,0,1000.000
3050,0.3740,0.3085,0.00,0.0000,0.0000,0,0,0,0,0,20,15,0,0,0,0,0,1000.000
3060,0.3740,0.3085,0.00,0.0000,0.0000,0,0,0,0,0,20,15,0,0,0,0,0,1000.000
3070,0.3740,0.3085,0.00,0.0000,0.0000,0,0,0,0,0,20,15,0,0,0,0,0,1000.000
3080,0.3740,0.3085,0.00,0.0000,0.0000,0,0,0,0,0,20,15,0,0,0,0,0,1000.000
3090,0.3740,0.3085,0.00,0.0000,0.0000,0,0,0,0,0,20,15,0,0,0,0,0,1000.000
3100,0.3740,0.3085,0.00,0.0000,0.0000,0,0,0,0,0,20,15,0,0,0,0,0,1000.000
3110,0.3740,0.3085,0.00,0.0000,0.0000,0,0,0,0,0,20,15,0,0,0,0,0,1000.000
3120,0.3740,0.3085,0.00,0.0000,0.0000,0,0,0,0,0,20,15,0,0,0,0,0,1000.000
3130,0.3740,0.3085,0.00,0.0000,0.0000,0,0,0,0,0,20,15,0,0,0,0,0,1000.000
3140,0.3740,0.3085,0.00,0.0000,0.0000,0,0,0,0,0,20,15,0,0,0,0,0,1000.000
3150,0.3740,0.3085,0.00,0.0000,0.0000,0,0,0,0,0,20,15,0,0,0,0,0,1000.000
3160,0.3740,0.3085,0.00,0.0000,0.0000,0,0,0,0,0,20,15,0,0,0,0,0,1000.000
3170,0.3740,0.3085,0.00,0.0000,0.0000,0,0,0,0,0,20,15,0,0,0,0,0,1000.000
3180,0.3740,0.3085,0.00,0.0000,0.0000,0,0,0,0,0,20,15,0,0,0,0,0,1000.000
3190,0.3740,0.3085,0.00,0.0000,0.0000,0,0,0,0,0,20,15,0,0,0,0,0,1000.000
3200,0.3740,0.3085,0.00,0.0000,0.0000,0,0,0,0,0,20,15,0,0,0,0,0,1000.000
3210,0.3740,0.3085,0.00,0.0000,0.0000,0,0,0,0,0,20,15,0,0,0,0,0,1000.000
3220,0.3740,0.3085,0.00,0.0000,0.0000,0,0,0,0,0,20,15,0,0,0,0,0,1000.000
3230,0.3740,0.3085,0.00,0.0000,0.0000,0,0,0,0,0,20,15,0,0,0,0,0,1000.000
3240,0.3740,0.3085,0.00,0.0000,0.0000,0,0,0,0,0,20,15,0,0,0,0,0,1000.000
3250,0.3740,0.3085,0.00,0.0000,0.0000,0,0,0,0,0,20,15,0,0,0,0,0,1000.000
3260,0.3740,0.3085,0.00,0.0000,0.0000,0,0,0,0,0,20,15,0,0,0,0,0,1000.000
3270,0.3740,0.3085,0.00,0.0000,0.0000,0,0,0,0,0,20,15,0,0,0,0,0,1000.000
3280,0.3740,0.3085,0.00,0.0000,0.0000,0,0,0,0,0,20,15,0,0,0,0,0,1000.000
3290,0.3740,0.3085,0.00,0.0000,0.0000,0,0,0,0,0,20,15,0,0,0,0,0,1000.000
3300,0.3740,0.3085,0.00,0.0000,0.0000,0,0,0,0,0,20,15,0,0,0,0,0,1000.000
3310,0.3740,0.3085,0.00,0.0000,0.0000,0,0,0,0,0,20,15,0,0,0,0,0,1000.000
3320,0.3740,0.3085,0.00,0.0000,0.0000,0,0,0,0,0,20,15,0,0,0,0,0,1000.000
3330,0.3740,0.3085,0.00,0.0000,0.0000,0,0,0,0,0,20,15,0,0,0,0,0,1000.000
3340,0.3740,0.3085,0.00,0.0000,0.0000,0,0,0,0,0,20,15,0,0,0,0,0,1000.000
3350,0.3740,0.3085,0.00,0.0000,0.0000,0,0,0,0,0,20,15,0,0,0,0,0,1000.000
3360,0.3740,0.3085,0.00,0.0000,0.0000,0,0,0,0,0,20,15,0,0,0,0,0,1000.000
3370,0.3740,0.3085,0.00,0.0000,0.0000,0,0,0,0,0,20,15,0,0,0,0,0,1000.000
3380,0.3740,0.3085,0.00,0.0000,0.0000,0,0,0,0,0,20,15,0,0,0,0,0,1000.000
3390,0.3740,0.3085,0.00,0.0000,0.0000,0,0,0,0,0,20,15,0,0,0,0,0,1000.000
3400,0.3740,0.3085,0.00,0.0000,0.0000,0,0,0,0,0,20,15,0,0,0,0,0,1000.000
3410,0.3740,0.3085,0.00,0.0000,0.0000,0,0,0,0,0,20,15,0,0,0,0,0,1000.000
3420,0.3740,0.3085,0.00,0.0000,0.0000,0,0,0,0,0,20,15,0,0,0,0,0,1000.000
3430,0.3740,0.3085,0.00,0.0000,0.0000,0,0,0,0,0,20,15,0,0,0,0,0,1000.000
3440,0.3740,0.3085,0.00,0.0000,0.0000,0,0,0,0,0,20,15,0,0,0,0,0,1000.000
3450,0.3740,0.3085,0.00,0.0000,0.0000,0,0,0,0,0,20,15,0,0,0,0,0,1000.000
3460,0.3740,0.3085,0.00,0.0000,0.0000,0,0,0,0,0,20,15,0,0,0,0,0,1000.000
3470,0.3740,0.3085,0.00,0.0000,0.0000,0,0,0,0,0,20,15,0,0,0,0,0,1000.000
3480,0.3740,0.3085,0.00,0.0000,0.0000,0,0,0,0,0,20,15,0,0,0,0,0,1000.000
3490,0.3740,0.3085,0.00,0.0000,0.0000,0,0,0,0,0,20,15,0,0,0,0,0,1000.000
3500,0.3740,0.3085,0.00,0.0000,0.0000,0,0,0,0,0,20,15,0,0,0,0,0,1000.000
3510,0.3740,0.3085,0.00,0.0000,0.0000,0,0,0,0,0,20,15,0,0,0,0,0,1000.000
3520,0.3740,0.3085,0.00,0.0000,0.0000,0,0,0,0,0,20,15,0,0,0,0,0,1000.000
3530,0.3740,0.3085,0.00,0.0000,0.0000,0,0,0,0,0,20,15,0,0,0,0,0,1000.000
3540,0.3740,0.3085,0.00,0.0000,0.0000,0,0,0,0,0,20,15,0,0,0,0,0,1000.000
3550,0.3740,0.3085,0.00,0.0000,0.0000,0,0,0,0,0,20,15,0,0,0,0,0,1000.000
3560,0.3740,0.3085,0.00,0.0000,0.0000,0,0,0,0,0,20,15,0,0,0,0,0,1000.000
3570,0.3740,0.3085,0.00,0.0000,0.0000,0,0,0,0,0,20,15,0,0,0,0,0,1000.000
3580,0.3740,0.3085,0.00,0.0000,0.0000,0,0,0,0,0,20,15,0,0,0,0,0,1000.000
3590,0.3740,0.3085,0.00,0.0000,0.0000,0,0,0,0,0,20,15,0,0,0,0,0,1000.000
3600,0.3740,0.3085,0.00,0.0000,0.0000,0,0,0,0,0,20,15,0,0,0,0,0,1000.000
3610,0.3740,0.3085,0.00,0.0000,0.0000,0,0,0,0,0,20,15,0,0,0,0,0,1000.000
3620,0.3740,0.3085,0.00,0.0000,0.0000,0,0,0,0,0,20,15,0,0,0,0,0,1000.000
3630,0.3740,0.3085,0.00,0.0000,0.0000,0,0,0,0,0,20,15,0,0,0,0,0,1000.000
3640,0.3740,0.3085,0.00,0.0000,0.0000,0,0,0,0,0,20,15,0,0,0,0,0,1000.000
3650,0.3740,0.3085,0.00,0.0000,0.0000,0,0,0,0,0,20,15,0,0,0,0,0,1000.000
3660,0.3740,0.3085,0.00,0.0000,0.0000,0,0,0,0,0,20,15,0,0,0,0,0,1000.000
3670,0.3740,0.3085,0.00,0.0000,0.0000,0,0,0,0,0,20,15,0,0,0,0,0,1000.000
3680,0.3740,0.3085,0.00,0.0000,0.0000,0,0,0,0,0,20,15,0,0,0,0,0,1000.000
3690,0.3740,0.3085,0.00,0.0000,0.0000,0,0,0,0,0,20,15,0,0,0,0,0,1000.000
3700,0.3740,0.3085,0.00,0.0000,0.0000,0,0,0,0,0,20,15,0,0,0,0,0,1000.000
3710,0.3740,0.3085,0.00,0.0000,0.0000,0,0,0,0,0,20,15,0,0,0,0,0,1000.000
3720,0.3740,0.3085,0.00,0.0000,0.0000,0,0,0,0,0,20,15,0,0,0,0,0,1000.000
3730,0.3740,0.3085,0.00,0.0000,0.0000,0,0,0,0,0,20,15,0,0,0,0,0,1000.000
3740,0.3740,0.3085,0.00,0.0000,0.0000,0,0,0,0,0,20,15,0,0,0,0,0,1000.000
3750,0.3740,0.3085,0.00,0.0000,0.0000,0,0,0,0,0,20,15,0,0,0,0,0,1000.000
3760,0.3740,0.3085,0.00,0.0000,0.0000,0,0,0,0,0,20,15,0,0,0,0,0,1000.000
3770,0.3740,0.3085,0.00,0.0000,0.0000,0,0,0,0,0,20,15,0,0,0,0,0,1000.000
3780,0.3740,0.3085,0.00,0.0000,0.0000,0,0,0,0,0,20,15,0,0,0,0,0,1000.000
3790,0.3740,0.3085,0.00,0.0000,0.0000,0,0,0,0,0,20,15,0,0,0,0,0,1000.000
3800,0.3740,0.3085,0.00,0.0000,0.0000,0,0,0,0,0,20,15,0,0,0,0,0,1000.000
3810,0.3740,0.3085,0.00,0.0000,0.0000,0,0,0,0,0,20,15,0,0,0,0,0,1000.000
3820,0.3740,0.3085,0.00,0.0000,0.0000,0,0,0,0,0,20,15,0,0,0,0,0,1000.000
3830,0.3740,0.3085,0.00,0.0000,0.0000,0,0,0,0,0,20,15,0,0,0,0,0,1000.000
3840,0.3740,0.3085,0.00,0.0000,0.0000,0,0,0,0,0,20,15,0,0,0,0,0,1000.000
3850,0.3740,0.3085,0.00,0.0000,0.0000,0,0,0,0,0,20,15,0,0,0,0,0,1000.000
3860,0.3740,0.3085,0.00,0.0000,0.0000,0,0,0,0,0,20,15,0,0,0,0,0,1000.000
3870,0.3740,0.3085,0.00,0.0000,0.0000,0,0,0,0,0,20,15,0,0,0,0,0,1000.000
3880,0.3740,0.3085,0.00,0.0000,0.0000,0,0,0,0,0,20,15,0,0,0,0,0,1000.000
3890,0.3740,0.3085,0.00,0.0000,0.0000,0,0,0,0,0,20,15,0,0,0,0,0,1000.000
3900,0.3740,0.3085,0.00,0.0000,0.0000,0,0,0,0,0,20,15,0,0,0,0,0,1000.000
3910,0.3740,0.3085,0.00,0.0000,0.0000,0,0,0,0,0,20,15,0,0,0,0,0,1000.000
3920,0.3740,0.3085,0.00,0.0000,0.0000,0,0,0,0,0,20,15,0,0,0,0,0,1000.000
3930,0.3740,0.3085,0.00,0.0000,0.0000,0,0,0,0,0,20,15,0,0,0,0,0,1000.000
3940,0.3740,0.3085,0.00,0.0000,0.0000,0,0,0,0,0,20,15,0,0,0,0,0,1000.000
3950,0.3740,0.3085,0.00,0.0000,0.0000,0,0,0,0,0,20,15,0,0,0,0,0,1000.000
3960,0.3740,0.3085,0.00,0.0000,0.0000,0,0,0,0,0,20,15,0,0,0,0,0,1000.000
3970,0.3740,0.3085,0.00,0.0000,0.0000,0,0,0,0,0,20,15,0,0,0,0,0,1000.000
3980,0.3740,0.3085,0.00,0.0000,0.0000,0,0,0,0,0,20,15,0,0,0,0,0,1000.000
3990,0.3740,0.3085,0.00,0.0000,0.0000,0,0,0,0,0,20,15,0,0,0,0,0,1000.000
4000,0.3740,0.3085,0.00,0.0000,0.0000,0,0,0,0,0,20,15,0,0,0,0,0,1000.000
4010,0.3740,0.3085,0.00,0.0000,0.0000,0,0,0,0,0,20,15,0,0,0,0,0,1000.000
4020,0.3740,0.3085,0.00,0.0000,0.0000,0,0,0,0,0,20,15,0,0,0,0,0,1000.000
4030,0.3740,0.3085,0.00,0.0000,0.0000,0,0,0,0,0,20,15,0,0,0,0,0,1000.000
4040,0.3740,0.3085,0.00,0.0000,0.0000,0,0,0,0,0,20,15,0,0,0,0,0,1000.000
4050,0.3740,0.3085,0.00,0.0000,0.0000,0,0,0,0,0,20,15,0,0,0,0,0,1000.000
4060,0.3740,0.3085,0.00,0.0000,0.0000,0,0,0,0,0,20,15,0,0,0,0,0,1000.000
4070,0.3740,0.3085,0.00,0.0000,0.0000,0,0,0,0,0,20,15,0,0,0,0,0,1000.000
4080,0.3740,0.3085,0.00,0.0000,0.0000,0,0,0,0,0,20,15,0,0,0,0,0,1000.000
4090,0.3740,0.3085,0.00,0.0000,0.0000,0,0,0,0,0,20,15,0,0,0,0,0,1000.000
4100,0.3740,0.3085,0.00,0.0000,0.0000,0,0,0,0,0,20,15,0,0,0,0,0,1000.000
4110,0.3740,0.3085,0.00,0.0000,0.0000,0,0,0,0,0,20,15,0,0,0,0,0,1000.000
4120,0.3740,0.3085,0.00,0.0000,0.0000,0,0,0,0,0,20,15,0,0,0,0,0,1000.000
4130,0.3740,0.3085,0.00,0.0000,0.0000,0,0,0,0,0,20,15,0,0,0,0,0,1000.000
4140,0.3740,0.3085,0.00,0.0000,0.0000,0,0,0,0,0,20,15,0,0,0,0,0,1000.000
4150,0.3740,0.3085,0.00,0.0000,0.0000,0,0,0,0,0,20,15,0,0,0,0,0,1000.000
4160,0.3740,0.3085,0.00,0.0000,0.0000,0,0,0,0,0,20,15,0,0,0,0,0,1000.000
4170,0.3740,0.3085,0.00,0.0000,0.0000,0,0,0,0,0,20,15,0,0,0,0,0,1000.000
4180,0.3740,0.3085,0.00,0.0000,0.0000,0,0,0,0,0,20,15,0,0,0,0,0,1000.000
4190,0.3740,0.3085,0.00,0.0000,0.0000,0,0,0,0,0,20,15,0,0,0,0,0,1000.000
4200,0.3740,0.3085,0.00,0.0000,0.0000,0,0,0,0,0,20,15,0,0,0,0,0,1000.000
4210,0.3740,0.3085,0.00,0.0000,0.0000,0,0,0,0,0,20,15,0,0,0,0,0,1000.000
4220,0.3740,0.3085,0.00,0.0000,0.0000,0,0,0,0,0,20,15,0,0,0,0,0,1000.000
4230,0.3740,0.3085,0.00,0.0000,0.0000,0,0,0,0,0,20,15,0,0,0,0,0,1000.000
4240,0.3740,0.3085,0.00,0.0000,0.0000,0,0,0,0,0,20,15,0,0,0,0,0,1000.000
4250,0.3740,0.3085,0.00,0.0000,0.0000,0,0,0,0,0,20,15,0,0,0,0,0,1000.000
4260,0.3740,0.3085,0.00,0.0000,0.0000,0,0,0,0,0,20,15,0,0,0,0,0,1000.000
4270,0.3740,0.3085,0.00,0.0000,0.0000,0,0,0,0,0,20,15,0,0,0,0,0,1000.000
4280,0.3740,0.3085,0.00,0.0000,0.0000,0,0,0,0,0,20,15,0,0,0,0,0,1000.000
4290,0.3740,0.3085,0.00,0.0000,0.0000,0,0,0,0,0,20,15,0,0,0,0,0,1000.000
4300,0.3740,0.3085,0.00,0.0000,0.0000,0,0,0,0,0,20,15,0,0,0,0,0,1000.000
4310,0.3740,0.3085,0.00,0.0000,0.0000,0,0,0,0,0,20,15,0,0,0,0,0,1000.000
4320,0.3740,0.3085,0.00,0.0000,0.0000,0,0,0,0,0,20,15,0,0,0,0,0,1000.000
4330,0.3740,0.3085,0.00,0.0000,0.0000,0,0,0,0,0,20,15,0,0,0,0,0,1000.000
4340,0.3740,0.3085,0.00,0.0000,0.0000,0,0,0,0,0,20,15,0,0,0,0,0,1000.000
4350,0.3740,0.3085,0.00,0.0000,0.0000,0,0,0,0,0,20,15,0,0,0,0,0,1000.000
4360,0.3740,0.3085,0.00,0.0000,0.0000,0,0,0,0,0,20,15,0,0,0,0,0,1000.000
4370,0.3740,0.3085,0.00,0.0000,0.0000,0,0,0,0,0,20,15,0,0,0,0,0,1000.000
4380,0.3740,0.3085,0.00,0.0000,0.0000,0,0,0,0,0,20,15,0,0,0,0,0,1000.000
4390,0.3740,0.3085,0.00,0.0000,0.0000,0,0,0,0,0,20,15,0,0,0,0,0,1000.000
4400,0.3740,0.3085,0.00,0.0000,0.0000,0,0,0,0,0,20,15,0,0,0,0,0,1000.000
4410,0.3740,0.3085,0.00,0.0000,0.0000,0,0,0,0,0,20,15,0,0,0,0,0,1000.000
4420,0.3740,0.3085,0.00,0.0000,0.0000,0,0,0,0,0,20,15,0,0,0,0,0,1000.000
4430,0.3740,0.3085,0.00,0.0000,0.0000,0,0,0,0,0,20,15,0,0,0,0,0,1000.000
4440,0.3740,0.3085,0.00,0.0000,0.0000,0,0,0,0,0,20,15,0,0,0,0,0,1000.000
4450,0.3740,0.3085,0.00,0.0000,0.0000,0,0,0,0,0,20,15,0,0,0,0,0,1000.000
4460,0.3740,0.3085,0.00,0.0000,0.0000,0,0,0,0,0,20,15,0,0,0,0,0,1000.000
4470,0.3740,0.3085,0.00,0.0000,0.0000,0,0,0,0,0,20,15,0,0,0,0,0,1000.000
4480,0.3740,0.3085,0.00,0.0000,0.0000,0,0,0,0,0,20,15,0,0,0,0,0,1000.000
4490,0.3740,0.3085,0.00,0.0000,0.0000,0,0,0,0,0,20,15,0,0,0,0,0,1000.000
4500,0.3740,0.3085,0.00,0.0000,0.0000,0,0,0,0,0,20,15,0,0,0,0,0,1000.000
4510,0.3740,0.3085,0.00,0.0000,0.0000,0,0,0,0,0,20,15,0,0,0,0,0,1000.000
4520,0.3740,0.3085,0.00,0.0000,0.0000,0,0,0,0,0,20,15,0,0,0,0,0,1000.000
4530,0.3740,0.3085,0.00,0.0000,0.0000,0,0,0,0,0,20,15,0,0,0,0,0,1000.000
4540,0.3740,0.3085,0.00,0.0000,0.0000,0,0,0,0,0,20,15,0,0,0,0,0,1000.000
4550,0.3740,0.3085,0.00,0.0000,0.0000,0,0,0,0,0,20,15,0,0,0,0,0,1000.000
4560,0.3740,0.3085,0.00,0.0000,0.0000,0,0,0,0,0,20,15,0,0,0,0,0,1000.000
4570,0.3740,0.3085,0.00,0.0000,0.0000,0,0,0,0,0,20,15,0,0,0,0,0,1000.000
4580,0.3740,0.3085,0.00,0.0000,0.0000,0,0,0,0,0,20,15,0,0,0,0,0,1000.000
4590,0.3740,0.3085,0.00,0.0000,0.0000,0,0,0,0,0,20,15,0,0,0,0,0,1000.000
4600,0.3740,0.3085,0.00,0.0000,0.0000,0,0,0,0,0,20,15,0,0,0,0,0,1000.000
4610,0.3740,0.3085,0.00,0.0000,0.0000,0,0,0,0,0,20,15,0,0,0,0,0,1000.000
4620,0.3740,0.3085,0.00,0.0000,0.0000,0,0,0,0,0,20,15,0,0,0,0,0,1000.000
4630,0.3740,0.3085,0.00,0.0000,0.0000,0,0,0,0,0,20,15,0,0,0,0,0,1000.000
4640,0.3740,0.3085,0.00,0.0000,0.0000,0,0,0,0,0,20,15,0,0,0,0,0,1000.000
4650,0.3740,0.3085,0.00,0.0000,0.0000,0,0,0,0,0,20,15,0,0,0,0,0,1000.000
4660,0.3740,0.3085,0.00,0.0000,0.0000,0,0,0,0,0,20,15,0,0,0,0,0,1000.000
4670,0.3740,0.3085,0.00,0.0000,0.0000,0,0,0,0,0,20,15,0,0,0,0,0,1000.000
4680,0.3740,0.3085,0.00,0.0000,0.0000,0,0,0,0,0,20,15,0,0,0,0,0,1000.000
4690,0.3740,0.3085,0.00,0.0000,0.0000,0,0,0,0,0,20,15,0,0,0,0,0,1000.000
4700,0.3740,0.3085,0.00,0.0000,0.0000,0,0,0,0,0,20,15,0,0,0,0,0,1000.000
4710,0.3740,0.3085,0.00,0.0000,0.0000,0,0,0,0,0,20,15,0,0,0,0,0,1000.000
4720,0.3740,0.3085,0.00,0.0000,0.0000,0,0,0,0,0,20,15,0,0,0,0,0,1000.000
4730,0.3740,0.3085,0.00,0.0000,0.0000,0,0,0,0,0,20,15,0,0,0,0,0,1000.000
4740,0.3740,0.3085,0.00,0.0000,0.0000,0,0,0,0,0,20,15,0,0,0,0,0,1000.000
4750,0.3740,0.3085,0.00,0.0000,0.0000,0,0,0,0,0,20,15,0,0,0,0,0,1000.000
4760,0.3740,0.3085,0.00,0.0000,0.0000,0,0,0,0,0,20,15,0,0,0,0,0,1000.000
4770,0.3740,0.3085,0.00,0.0000,0.0000,0,0,0,0,0,20,15,0,0,0,0,0,1000.000
4780,0.3740,0.3085,0.00,0.0000,0.0000,0,0,0,0,0,20,15,0,0,0,0,0,1000.000
4790,0.3740,0.3085,0.00,0.0000,0.0000,0,0,0,0,0,20,15,0,0,0,0,0,1000.000
4800,0.3740,0.3085,0.00,0.0000,0.0000,0,0,0,0,0,20,15,0,0,0,0,0,1000.000
4810,0.3740,0.3085,0.00,0.0000,0.0000,0,0,0,0,0,20,15,0,0,0,0,0,1000.000
4820,0.3740,0.3085,0.00,0.0000,0.0000,0,0,0,0,0,20,15,0,0,0,0,0,1000.000
4830,0.3740,0.3085,0.00,0.0000,0.0000,0,0,0,0,0,20,15,0,0,0,0,0,1000.000
4840,0.3740,0.3085,0.00,0.0000,0.0000,0,0,0,0,0,20,15,0,0,0,0,0,1000.000
4850,0.3740,0.3085,0.00,0.0000,0.0000,0,0,0,0,0,20,15,0,0,0,0,0,1000.000
4860,0.3740,0.3085,0.00,0.0000,0.0000,0,0,0,0,0,20,15,0,0,0,0,0,1000.000
4870,0.3740,0.3085,0.00,0.0000,0.0000,0,0,0,0,0,20,15,0,0,0,0,0,1000.000
4880,0.3740,0.3085,0.00,0.0000,0.0000,0,0,0,0,0,20,15,0,0,0,0,0,1000.000
4890,0.3740,0.3085,0.00,0.0000,0.0000,0,0,0,0,0,20,15,0,0,0,0,0,1000.000
4900,0.3740,0.3085,0.00,0.0000,0.0000,0,0,0,0,0,20,15,0,0,0,0,0,1000.000
4910,0.3740,0.3085,0.00,0.0000,0.0000,0,0,0,0,0,20,15,0,0,0,0,0,1000.000
4920,0.3740,0.3085,0.00,0.0000,0.0000,0,0,0,0,0,20,15,0,0,0,0,0,1000.000
4930,0.3740,0.3085,0.00,0.0000,0.0000,0,0,0,0,0,20,15,0,0,0,0,0,1000.000
4940,0.3740,0.3085,0.00,0.0000,0.0000,0,0,0,0,0,20,15,0,0,0,0,0,1000.000
4950,0.3740,0.3085,0.00,0.0000,0.0000,0,0,0,0,0,20,15,0,0,0,0,0,1000.000
4960,0.3740,0.3085,0.00,0.0000,0.0000,0,0,0,0,0,20,15,0,0,0,0,0,1000.000
4970,0.3740,0.3085,0.00,0.0000,0.0000,0,0,0,0,0,20,15,0,0,0,0,0,1000.000
4980,0.3740,0.3085,0.00,0.0000,0.0000,0,0,0,0,0,20,15,0,0,0,0,0,1000.000
4990,0.3740,0.3085,0.00,0.0000,0.0000,0,0,0,0,0,20,15,0,0,0,0,0,1000.000
5000,0.3740,0.3085,0.00,0.0000,0.0000,0,0,0,0,0,20,15,0,0,0,0,0,1000.000
5010,0.3740,0.3085,0.00,0.0000,0.0000,0,0,0,0,0,20,15,0,0,0,0,0,1000.000
5020,0.3740,0.3085,0.00,0.0000,0.0000,0,0,0,0,0,20,15,0,0,0,0,0,1000.000
5030,0.3740,0.3085,0.00,0.0000,0.0000,0,0,0,0,0,20,15,0,0,0,0,0,1000.000
5040,0.3740,0.3085,0.00,0.0000,0.0000,0,0,0,0,0,20,15,0,0,0,0,0,1000.000
5050,0.3740,0.3085,0.00,0.0000,0.0000,0,0,0,0,0,20,15,0,0,0,0,0,1000.000
5060,0.3740,0.3085,0.00,0.0000,0.0000,0,0,0,0,0,20,15,0,0,0,0,0,1000.000
5070,0.3740,0.3085,0.00,0.0000,0.0000,0,0,0,0,0,20,15,0,0,0,0,0,1000.000
5080,0.3740,0.3085,0.00,0.0000,0.0000,0,0,0,0,0,20,15,0,0,0,0,0,1000.000
5090,0.3740,0.3085,0.00,0.0000,0.0000,0,0,0,0,0,20,15,0,0,0,0,0,1000.000
5100,0.3740,0.3085,0.00,0.0000,0.0000,0,0,0,0,0,20,15,0,0,0,0,0,1000.000
5110,0.3740,0.3085,0.00,0.0000,0.0000,0,0,0,0,0,20,15,0,0,0,0,0,1000.000
5120,0.3740,0.3085,0.00,0.0000,0.0000,0,0,0,0,0,20,15,0,0,0,0,0,1000.000
5130,0.3740,0.3085,0.00,0.0000,0.0000,0,0,0,0,0,20,15,0,0,0,0,0,1000.000
5140,0.3740,0.3085,0.00,0.0000,0.0000,0,0,0,0,0,20,15,0,0,0,0,0,1000.000
5150,0.3740,0.3085,0.00,0.0000,0.0000,0,0,0,0,0,20,15,0,0,0,0,0,1000.000
5160,0.3740,0.3085,0.00,0.0000,0.0000,0,0,0,0,0,20,15,0,0,0,0,0,1000.000
5170,0.3740,0.3085,0.00,0.0000,0.0000,0,0,0,0,0,20,15,0,0,0,0,0,1000.000
5180,0.3740,0.3085,0.00,0.0000,0.0000,0,0,0,0,0,20,15,0,0,0,0,0,1000.000
5190,0.3740,0.3085,0.00,0.0000,0.0000,0,0,0,0,0,20,15,0,0,0,0,0,1000.000
5200,0.3740,0.3085,0.00,0.0000,0.0000,0,0,0,0,0,20,15,0,0,0,0,0,1000.000
5210,0.3740,0.3085,0.00,0.0000,0.0000,0,0,0,0,0,20,15,0,0,0,0,0,1000.000
5220,0.3740,0.3085,0.00,0.0000,0.0000,0,0,0,0,0,20,15,0,0,0,0,0,1000.000
5230,0.3740,0.3085,0.00,0.0000,0.0000,0,0,0,0,0,20,15,0,0,0,0,0,1000.000
5240,0.3740,0.3085,0.00,0.0000,0.0000,0,0,0,0,0,20,15,0,0,0,0,0,1000.000
5250,0.3740,0.3085,0.00,0.0000,0.0000,0,0,0,0,0,20,15,0,0,0,0,0,1000.000
5260,0.3740,0.3085,0.00,0.0000,0.0000,0,0,0,0,0,20,15,0,0,0,0,0,1000.000
5270,0.3740,0.3085,0.00,0.0000,0.0000,0,0,0,0,0,20,15,0,0,0,0,0,1000.000
5280,0.3740,0.3085,0.00,0.0000,0.0000,0,0,0,0,0,20,15,0,0,0,0,0,1000.000
5290,0.3740,0.3085,0.00,0.0000,0.0000,0,0,0,0,0,20,15,0,0,0,0,0,1000.000
5300,0.3740,0.3085,0.00,0.0000,0.0000,0,0,0,0,0,20,15,0,0,0,0,0,1000.000
5310,0.3740,0.3085,0.00,0.0000,0.0000,0,0,0,0,0,20,15,0,0,0,0,0,1000.000
5320,0.3740,0.3085,0.00,0.0000,0.0000,0,0,0,0,0,20,15,0,0,0,0,0,1000.000
5330,0.3740,0.3085,0.00,0.0000,0.0000,0,0,0,0,0,20,15,0,0,0,0,0,1000.000
5340,0.3740,0.3085,0.00,0.0000,0.0000,0,0,0,0,0,20,15,0,0,0,0,0,1000.000
5350,0.3740,0.3085,0.00,0.3740,0.3085,0,0,0,0,0,20,15,0,0,0,0,0,1000.000
5360,0.3740,0.3085,0.00,0.3740,0.3085,0,0,0,0,0,20,15,0,0,0,0,0,1000.000
5370,0.3740,0.3085,0.00,0.3740,0.3085,0,0,0,0,0,20,15,0,0,0,0,0,1000.000
5380,0.3740,0.3085,0.00,0.3740,0.3085,0,0,0,0,0,20,15,0,0,0,0,0,1000.000
5390,0.3740,0.3085,0.00,0.3740,0.3085,0,0,0,0,0,20,15,0,0,0,0,0,1000.000
5400,0.3740,0.3085,0.00,0.3740,0.3085,0,0,0,0,0,20,15,0,0,0,0,0,1000.000
5410,0.3740,0.3085,0.00,0.3740,0.3085,0,0,0,0,0,20,15,0,0,0,0,0,1000.000
5420,0.3740,0.3085,0.00,0.3740,0.3085,0,0,0,0,0,20,15,0,0,0,0,0,1000.000
5430,0.3740,0.3085,0.00,0.3740,0.3085,0,0,0,0,0,20,15,0,0,0,0,0,1000.000
5440,0.3740,0.3085,0.00,0.3740,0.3085,0,0,0,0,0,20,15,0,0,0,0,0,1000.000
5450,0.3740,0.3085,0.00,0.3740,0.3085,0,0,1,0,0,20,15,0,0,0,0,0,1000.000
5460,0.3740,0.3085,0.00,0.3740,0.3085,0,0,1,0,0,20,15,0,0,0,0,0,1000.000
5470,0.3740,0.3085,0.00,0.3740,0.3085,0,0,1,0,0,20,15,0,0,0,0,0,1000.000
5480,0.3740,0.3085,0.00,0.3740,0.3085,0,0,1,0,0,20,15,0,0,0,0,0,1000.000
5490,0.3740,0.3085,0.00,0.3740,0.3085,0,0,1,0,0,20,15,0,0,0,0,0,1000.000
5500,0.3740,0.3085,0.00,0.3740,0.3085,0,0,1,0,0,20,15,0,53,0,1,0,1.438
5510,0.3740,0.3086,0.00,0.3740,0.3086,0,0,1,0,0,20,15,0,53,0,1,0,1.438
5520,0.3740,0.3088,0.00,0.3740,0.3088,0,0,1,0,0,20,15,0,53,0,1,0,1.438
5530,0.3740,0.3091,0.00,0.3740,0.3091,0,0,1,0,0,20,15,0,53,0,1,0,1.437
5540,0.3740,0.3096,0.00,0.3740,0.3096,0,0,1,0,0,20,15,0,53,0,1,0,1.437
5550,0.3740,0.3102,0.00,0.3740,0.3102,0,0,1,0,0,20,15,0,53,0,1,0,1.436
5560,0.3740,0.3110,0.00,0.3740,0.3110,0,0,1,0,0,20,15,0,53,0,1,0,1.436
5570,0.3740,0.3119,0.00,0.3740,0.3119,0,0,1,0,0,20,15,0,53,0,1,0,1.435
5580,0.3740,0.3129,0.00,0.3740,0.3129,0,0,1,0,0,20,15,0,53,0,1,0,1.434
5590,0.3740,0.3141,0.00,0.3740,0.3141,0,0,1,0,0,20,15,0,53,0,1,0,1.432
5600,0.3740,0.3155,0.00,0.3740,0.3155,0,0,1,0,0,20,15,0,53,0,1,0,1.431
5610,0.3740,0.3169,0.00,0.3740,0.3169,0,0,1,0,0,20,15,0,53,0,1,0,1.430
5620,0.3740,0.3185,0.00,0.3740,0.3185,0,0,1,0,0,20,15,0,53,0,1,0,1.428
5630,0.3740,0.3203,0.00,0.3740,0.3203,0,0,1,0,0,20,15,0,53,0,1,0,1.426
5640,0.3740,0.3222,0.00,0.3740,0.3222,0,0,1,0,0,20,15,0,53,0,1,0,1.424
5650,0.3740,0.3242,0.00,0.3740,0.3242,0,0,1,0,0,20,15,0,53,0,1,0,1.422
5660,0.3740,0.3264,0.00,0.3740,0.3264,0,0,1,0,0,20,15,0,53,0,1,0,1.420
5670,0.3740,0.3287,0.00,0.3740,0.3287,0,0,1,0,0,20,15,0,53,0,1,0,1.418
5680,0.3740,0.3312,0.00,0.3740,0.3312,0,0,1,0,0,20,15,0,53,0,1,0,1.415
5690,0.3740,0.3337,0.00,0.3740,0.3337,0,0,1,0,0,20,15,0,53,0,1,0,1.413
5700,0.3740,0.3365,0.00,0.3740,0.3365,0,0,1,0,0,20,15,0,53,0,1,0,1.410
5710,0.3740,0.3394,0.00,0.3740,0.3394,0,0,1,0,0,20,15,0,53,0,1,0,1.407
5720,0.3740,0.3424,0.00,0.3740,0.3424,0,0,1,0,0,20,15,0,53,0,1,0,1.404
5730,0.3740,0.3455,0.00,0.3740,0.3455,0,0,1,0,0,20,15,0,53,0,1,0,1.401
5740,0.3740,0.3488,0.00,0.3740,0.3488,0,0,1,0,0,20,15,0,53,0,1,0,1.398
5750,0.3740,0.3523,0.00,0.3740,0.3523,0,0,1,0,0,20,15,0,53,0,1,0,1.394
5760,0.3740,0.3558,0.00,0.3740,0.3558,0,0,1,0,0,20,15,0,53,0,1,0,1.391
5770,0.3740,0.3596,0.00,0.3740,0.3596,0,0,1,0,0,20,15,0,53,0,1,0,1.387
5780,0.3740,0.3634,0.00,0.3740,0.3634,0,0,1,0,0,20,15,0,53,0,1,0,1.383
5790,0.3740,0.3674,0.00,0.3740,0.3674,0,0,1,0,0,20,15,0,53,0,1,0,1.379
5800,0.3740,0.3716,0.00,0.3740,0.3716,0,0,1,0,0,20,15,0,53,0,1,0,1.375
5810,0.3740,0.3758,0.00,0.3740,0.3758,0,0,1,0,0,20,15,0,53,0,1,0,1.371
5820,0.3740,0.3800,0.00,0.3740,0.3800,0,0,1,0,0,20,15,0,53,0,1,0,1.367
5830,0.3740,0.3842,0.00,0.3740,0.3842,0,0,1,0,0,20,15,0,53,0,1,0,1.362
5840,0.3740,0.3884,0.00,0.3740,0.3884,0,0,1,0,0,20,15,0,53,0,1,0,1.358
5850,0.3740,0.3927,0.00,0.3740,0.3927,0,0,1,0,0,20,15,0,53,0,1,0,1.354
5860,0.3740,0.3969,0.00,0.3740,0.3969,0,0,1,0,0,20,15,0,53,0,1,0,1.350
5870,0.3740,0.4011,0.00,0.3740,0.4011,0,0,1,0,0,20,15,0,53,0,1,0,1.345
5880,0.3740,0.4053,0.00,0.3740,0.4053,0,0,1,0,0,20,15,0,53,0,1,0,1.341
5890,0.3740,0.4095,0.00,0.3740,0.4095,0,0,1,0,0,20,15,0,53,0,1,0,1.337
5900,0.3740,0.4137,0.00,0.3740,0.4137,0,0,1,0,0,20,15,0,53,0,1,0,1.333
5910,0.3740,0.4180,0.00,0.3740,0.4180,0,0,1,0,0,20,15,0,53,0,1,0,1.329
5920,0.3740,0.4222,0.00,0.3740,0.4222,0,0,1,0,0,20,15,0,53,0,1,0,1.324
5930,0.3740,0.4264,0.00,0.3740,0.4264,0,0,1,0,0,20,15,0,53,0,1,0,1.320
5940,0.3740,0.4306,0.00,0.3740,0.4306,0,0,1,0,0,20,15,0,53,0,1,0,1.316
5950,0.3740,0.4348,0.00,0.3740,0.4348,0,0,1,0,0,20,15,0,53,0,1,0,1.312
5960,0.3740,0.4391,0.00,0.3740,0.4391,0,0,1,0,0,20,15,0,53,0,1,0,1.307
5970,0.3740,0.4433,0.00,0.3740,0.4433,0,0,1,0,0,20,15,0,53,0,1,0,1.303
5980,0.3740,0.4475,0.00,0.3740,0.4475,0,0,1,0,0,20,15,0,53,0,1,0,1.299
5990,0.3740,0.4517,0.00,0.3740,0.4517,0,0,1,0,0,20,15,0,53,0,1,0,1.295
6000,0.3740,0.4559,0.00,0.3740,0.4559,0,0,1,0,0,20,15,0,53,0,1,0,1.291
6010,0.3740,0.4601,0.00,0.3740,0.4601,0,0,1,0,0,20,15,0,53,0,1,0,1.286
6020,0.3740,0.4644,0.00,0.3740,0.4644,0,0,1,0,0,20,15,0,53,0,1,0,1.282
6030,0.3740,0.4686,0.00,0.3740,0.4686,0,0,1,0,0,20,15,0,53,0,1,0,1.278
6040,0.3740,0.4728,0.00,0.3740,0.4728,0,0,1,0,0,20,15,0,53,0,1,0,1.274
6050,0.3740,0.4770,0.00,0.3740,0.4770,0,0,1,0,0,20,15,0,53,0,1,0,1.269
6060,0.3740,0.4812,0.00,0.3740,0.4812,0,0,1,0,0,20,15,0,53,0,1,0,1.265
6070,0.3740,0.4854,0.00,0.3740,0.4854,0,0,1,0,0,20,15,0,53,0,1,0,1.261
6080,0.3740,0.4897,0.00,0.3740,0.4897,0,0,1,0,0,20,15,0,53,0,1,0,1.257
6090,0.3740,0.4939,0.00,0.3740,0.4939,0,0,1,0,0,20,15,0,53,0,1,0,1.253
6100,0.3740,0.4981,0.00,0.3740,0.4981,0,0,1,0,0,20,15,0,53,0,1,0,1.248
6110,0.3740,0.5023,0.00,0.3740,0.5023,0,0,1,0,0,20,15,0,53,0,1,0,1.244
6120,0.3740,0.5065,0.00,0.3740,0.5065,0,0,1,0,0,20,15,0,53,0,1,0,1.240
6130,0.3740,0.5108,0.00,0.3740,0.5108,0,0,1,0,0,20,15,0,53,0,1,0,1.236
6140,0.3740,0.5150,0.00,0.3740,0.5150,0,0,1,0,0,20,15,0,53,0,1,0,1.232
6150,0.3740,0.5192,0.00,0.3740,0.5192,0,0,1,0,0,20,15,0,53,0,1,0,1.227
6160,0.3740,0.5234,0.00,0.3740,0.5234,0,0,1,0,0,20,15,0,53,0,1,0,1.223
6170,0.3740,0.5276,0.00,0.3740,0.5276,0,0,1,0,0,20,15,0,53,0,1,0,1.219
6180,0.3740,0.5318,0.00,0.3740,0.5318,0,0,1,0,0,20,15,0,53,0,1,0,1.215
6190,0.3740,0.5361,0.00,0.3740,0.5361,0,0,1,0,0,20,15,0,53,0,1,0,1.210
6200,0.3740,0.5403,0.00,0.3740,0.5403,0,0,1,0,0,20,15,0,53,0,1,0,1.206
6210,0.3740,0.5445,0.00,0.3740,0.5445,0,0,1,0,0,20,15,0,53,0,1,0,1.202
6220,0.3740,0.5487,0.00,0.3740,0.5487,0,0,1,0,0,20,15,0,53,0,1,0,1.198
6230,0.3740,0.5529,0.00,0.3740,0.5529,0,0,1,0,0,20,15,0,53,0,1,0,1.194
6240,0.3740,0.5572,0.00,0.3740,0.5572,0,0,1,0,0,20,15,0,53,0,1,0,1.189
6250,0.3740,0.5614,0.00,0.3740,0.5614,0,0,1,0,0,20,15,0,53,0,1,0,1.185
6260,0.3740,0.5656,0.00,0.3740,0.5656,0,0,1,0,0,20,15,0,53,0,1,0,1.181
6270,0.3740,0.5698,0.00,0.3740,0.5698,0,0,1,0,0,20,15,0,53,0,1,0,1.177
6280,0.3740,0.5740,0.00,0.3740,0.5740,0,0,1,0,0,20,15,0,53,0,1,0,1.172
6290,0.3740,0.5782,0.00,0.3740,0.5782,0,0,1,0,0,20,15,0,53,0,1,0,1.168
6300,0.3740,0.5825,0.00,0.3740,0.5825,0,0,1,0,0,20,15,0,53,0,1,0,1.164
6310,0.3740,0.5867,0.00,0.3740,0.5867,0,0,1,0,0,20,15,0,53,0,1,0,1.160
6320,0.3740,0.5909,0.00,0.3740,0.5909,0,0,1,0,0,20,15,0,53,0,1,0,1.156
6330,0.3740,0.5951,0.00,0.3740,0.5951,0,0,1,0,0,20,15,0,53,0,1,0,1.151
6340,0.3740,0.5993,0.00,0.3740,0.5993,0,0,1,0,0,20,15,0,53,0,1,0,1.147
6350,0.3740,0.6036,0.00,0.3740,0.6036,0,0,1,0,0,20,15,0,53,0,1,0,1.143
6360,0.3740,0.6078,0.00,0.3740,0.6078,0,0,1,0,0,20,15,0,53,0,1,0,1.139
6370,0.3740,0.6120,0.00,0.3740,0.6120,0,0,1,0,0,20,15,0,53,0,1,0,1.135
6380,0.3740,0.6162,0.00,0.3740,0.6162,0,0,1,0,0,20,15,0,53,0,1,0,1.130
6390,0.3740,0.6204,0.00,0.3740,0.6204,0,0,1,0,0,20,15,0,53,0,1,0,1.126
6400,0.3740,0.6246,0.00,0.3740,0.6246,0,0,1,0,0,20,15,0,53,0,1,0,1.122
6410,0.3740,0.6289,0.00,0.3740,0.6289,0,0,1,0,0,20,15,0,53,0,1,0,1.118
6420,0.3740,0.6331,0.00,0.3740,0.6331,0,0,1,0,0,20,15,0,53,0,1,0,1.113
6430,0.3740,0.6373,0.00,0.3740,0.6373,0,0,1,0,0,20,15,0,53,0,1,0,1.109
6440,0.3740,0.6415,0.00,0.3740,0.6415,0,0,1,0,0,20,15,0,53,0,1,0,1.105
6450,0.3740,0.6457,0.00,0.3740,0.6457,0,0,1,0,0,20,15,0,53,0,1,0,1.101
6460,0.3740,0.6500,0.00,0.3740,0.6500,0,0,1,0,0,20,15,0,53,0,1,0,1.097
6470,0.3740,0.6542,0.00,0.3740,0.6542,0,0,1,0,0,20,15,0,53,0,1,0,1.092
6480,0.3740,0.6584,0.00,0.3740,0.6584,0,0,1,0,0,20,15,0,53,0,1,0,1.088
6490,0.3740,0.6626,0.00,0.3740,0.6626,0,0,1,0,0,20,15,0,53,0,1,0,1.084
6500,0.3740,0.6668,0.00,0.3740,0.6668,0,0,1,0,0,20,15,0,53,0,1,0,1.080
6510,0.3740,0.6710,0.00,0.3740,0.6710,0,0,1,0,0,20,15,0,53,0,1,0,1.075
6520,0.3740,0.6753,0.00,0.3740,0.6753,0,0,1,0,0,20,15,0,53,0,1,0,1.071
6530,0.3740,0.6795,0.00,0.3740,0.6795,0,0,1,0,0,20,15,0,53,0,1,0,1.067
6540,0.3740,0.6837,0.00,0.3740,0.6837,0,0,1,0,0,20,15,0,53,0,1,0,1.063
6550,0.3740,0.6879,0.00,0.3740,0.6879,0,0,1,0,0,20,15,0,53,0,1,0,1.059
6560,0.3740,0.6921,0.00,0.3740,0.6921,0,0,1,0,0,20,15,0,53,0,1,0,1.054
6570,0.3740,0.6964,0.00,0.3740,0.6964,0,0,1,0,0,20,15,0,53,0,1,0,1.050
6580,0.3740,0.7006,0.00,0.3740,0.7006,0,0,1,0,0,20,15,0,53,0,1,0,1.046
6590,0.3740,0.7048,0.00,0.3740,0.7048,0,0,1,0,0,20,15,0,53,0,1,0,1.042
6600,0.3740,0.7090,0.00,0.3740,0.7090,0,0,1,0,0,20,15,0,53,0,1,0,1.037
6610,0.3740,0.7132,0.00,0.3740,0.7132,0,0,1,0,0,20,15,0,53,0,1,0,1.033
6620,0.3740,0.7174,0.00,0.3740,0.7174,0,0,1,0,0,20,15,0,53,0,1,0,1.029
6630,0.3740,0.7217,0.00,0.3740,0.7217,0,0,1,0,0,20,15,0,53,0,1,0,1.025
6640,0.3740,0.7259,0.00,0.3740,0.7259,0,0,1,0,0,20,15,0,53,0,1,0,1.021
6650,0.3740,0.7301,0.00,0.3740,0.7301,0,0,1,0,0,20,15,0,53,0,1,0,1.016
6660,0.3740,0.7343,0.00,0.3740,0.7343,0,0,1,0,0,20,15,0,53,0,1,0,1.012
6670,0.3740,0.7385,0.00,0.3740,0.7385,0,0,1,0,0,20,15,0,53,0,1,0,1.008
6680,0.3740,0.7428,0.00,0.3740,0.7428,0,0,1,0,0,20,15,0,53,0,1,0,1.004
6690,0.3740,0.7470,0.00,0.3740,0.7470,0,0,1,0,0,20,15,0,53,0,1,0,1.000
6700,0.3740,0.7512,0.00,0.3740,0.7512,0,0,1,0,0,20,15,0,53,0,1,0,0.995
6710,0.3740,0.7554,0.00,0.3740,0.7554,0,0,1,0,0,20,15,0,53,0,1,0,0.991
6720,0.3740,0.7596,0.00,0.3740,0.7596,0,0,1,0,0,20,15,0,53,0,1,0,0.987
6730,0.3740,0.7638,0.00,0.3740,0.7638,0,0,1,0,0,20,15,0,53,0,1,0,0.983
6740,0.3740,0.7681,0.00,0.3740,0.7681,0,0,1,0,0,20,15,0,53,0,1,0,0.978
6750,0.3740,0.7723,0.00,0.3740,0.7723,0,0,1,0,0,20,15,0,53,0,1,0,0.974
6760,0.3740,0.7765,0.00,0.3740,0.7765,0,0,1,0,0,20,15,0,53,0,1,0,0.970
6770,0.3740,0.7807,0.00,0.3740,0.7807,0,0,1,0,0,20,15,0,53,0,1,0,0.966
6780,0.3740,0.7849,0.00,0.3740,0.7849,0,0,1,0,0,20,15,0,53,0,1,0,0.962
6790,0.3740,0.7892,0.00,0.3740,0.7892,0,0,1,0,0,20,15,0,53,0,1,0,0.957
6800,0.3740,0.7934,0.00,0.3740,0.7934,0,0,1,0,0,20,15,0,53,0,1,0,0.953
6810,0.3740,0.7976,0.00,0.3740,0.7976,0,0,1,0,0,20,15,0,53,0,1,0,0.949
6820,0.3740,0.8018,0.00,0.3740,0.8018,0,0,1,0,0,20,15,0,53,0,1,0,0.945
6830,0.3740,0.8060,0.00,0.3740,0.8060,0,0,1,0,0,20,15,0,53,0,1,0,0.940
6840,0.3740,0.8102,0.00,0.3740,0.8102,0,0,1,0,0,20,15,0,53,0,1,0,0.936
6850,0.3740,0.8145,0.00,0.3740,0.8145,0,0,1,0,0,20,15,0,53,0,1,0,0.932
6860,0.3740,0.8187,0.00,0.3740,0.8187,0,0,1,0,0,20,15,0,53,0,1,0,0.928
6870,0.3740,0.8229,0.00,0.3740,0.8229,0,0,1,0,0,20,15,0,53,0,1,0,0.924
6880,0.3740,0.8271,0.00,0.3740,0.8271,0,0,1,0,0,20,15,0,53,0,1,0,0.919
6890,0.3740,0.8313,0.00,0.3740,0.8313,0,0,1,0,0,20,15,0,53,0,1,0,0.915
6900,0.3740,0.8356,0.00,0.3740,0.8356,0,0,1,0,0,20,15,0,53,0,1,0,0.911
6910,0.3740,0.8398,0.00,0.3740,0.8398,0,0,1,0,0,20,15,0,53,0,1,0,0.907
6920,0.3740,0.8440,0.00,0.3740,0.8440,0,0,1,0,0,20,15,0,53,0,1,0,0.903
6930,0.3740,0.8482,0.00,0.3740,0.8482,0,0,1,0,0,20,15,0,53,0,1,0,0.898
6940,0.3740,0.8524,0.00,0.3740,0.8524,0,0,1,0,0,20,15,0,53,0,1,0,0.894
6950,0.3740,0.8566,0.00,0.3740,0.8566,0,0,1,0,0,20,15,0,53,0,1,0,0.890
6960,0.3740,0.8609,0.00,0.3740,0.8609,0,0,1,0,0,20,15,0,53,0,1,0,0.886
6970,0.3740,0.8651,0.00,0.3740,0.8651,0,0,1,0,0,20,15,0,53,0,1,0,0.881
6980,0.3740,0.8693,0.00,0.3740,0.8693,0,0,1,0,0,20,15,0,53,0,1,0,0.877
6990,0.3740,0.8735,0.00,0.3740,0.8735,0,0,1,0,0,20,15,0,53,0,1,0,0.873
7000,0.3740,0.8777,0.00,0.3740,0.8777,0,0,1,0,0,20,15,0,53,0,1,0,0.869
7010,0.3740,0.8820,0.00,0.3740,0.8820,0,0,1,0,0,20,15,0,53,0,1,0,0.865
7020,0.3740,0.8862,0.00,0.3740,0.8862,0,0,1,0,0,20,15,0,53,0,1,0,0.860
7030,0.3740,0.8904,0.00,0.3740,0.8904,0,0,1,0,0,20,15,0,53,0,1,0,0.856
7040,0.3740,0.8946,0.00,0.3740,0.8946,0,0,1,0,0,20,15,0,53,0,1,0,0.852
7050,0.3740,0.8988,0.00,0.3740,0.8988,0,0,1,0,0,20,15,0,53,0,1,0,0.848
7060,0.3740,0.9030,0.00,0.3740,0.9030,0,0,1,0,0,20,15,0,53,0,1,0,0.843
7070,0.3740,0.9073,0.00,0.3740,0.9073,0,0,1,0,0,20,15,0,53,0,1,0,0.839
7080,0.3740,0.9115,0.00,0.3740,0.9115,0,0,1,0,0,20,15,0,53,0,1,0,0.835
7090,0.3740,0.9157,0.00,0.3740,0.9157,0,0,1,0,0,20,15,0,53,0,1,0,0.831
7100,0.3740,0.9199,0.00,0.3740,0.9199,0,0,1,0,0,20,15,0,53,0,1,0,0.827
7110,0.3740,0.9241,0.00,0.3740,0.9241,0,0,1,0,0,20,15,0,53,0,1,0,0.822
7120,0.3740,0.9284,0.00,0.3740,0.9284,0,0,1,0,0,20,15,0,53,0,1,0,0.818
7130,0.3740,0.9326,0.00,0.3740,0.9326,0,0,1,0,0,20,15,0,53,0,1,0,0.814
7140,0.3740,0.9368,0.00,0.3740,0.9368,0,0,1,0,0,20,15,0,53,0,1,0,0.810
7150,0.3740,0.9410,0.00,0.3740,0.9410,0,0,1,0,0,20,15,0,53,0,1,0,0.805
7160,0.3740,0.9452,0.00,0.3740,0.9452,0,0,1,0,0,20,15,0,53,0,1,0,0.801
7170,0.3740,0.9494,0.00,0.3740,0.9494,0,0,1,0,0,20,15,0,53,0,1,0,0.797
7180,0.3740,0.9537,0.00,0.3740,0.9537,0,0,1,0,0,20,15,0,53,0,1,0,0.793
7190,0.3740,0.9579,0.00,0.3740,0.9579,0,0,1,0,0,20,15,0,53,0,1,0,0.789
7200,0.3740,0.9621,0.00,0.3740,0.9621,0,0,1,0,0,20,15,0,53,0,1,0,0.784
7210,0.3740,0.9663,0.00,0.3740,0.9663,0,0,1,0,0,20,15,0,53,0,1,0,0.780
7220,0.3740,0.9705,0.00,0.3740,0.9705,0,0,1,0,0,20,15,0,53,0,1,0,0.776
7230,0.3740,0.9748,0.00,0.3740,0.9748,0,0,1,0,0,20,15,0,53,0,1,0,0.772
7240,0.3740,0.9790,0.00,0.3740,0.9790,0,0,1,0,0,20,15,0,53,0,1,0,0.768
7250,0.3740,0.9832,0.00,0.3740,0.9832,0,0,1,0,0,20,15,0,53,0,1,0,0.763
7260,0.3740,0.9874,0.00,0.3740,0.9874,0,0,1,0,0,20,15,0,53,0,1,0,0.759
7270,0.3740,0.9916,0.00,0.3740,0.9916,0,0,1,0,0,20,15,0,53,0,1,0,0.755
7280,0.3740,0.9958,0.00,0.3740,0.9958,0,0,1,0,0,20,15,0,53,0,1,0,0.751
7290,0.3740,1.0001,0.00,0.3740,1.0001,0,0,1,0,0,20,15,0,53,0,1,0,0.746
7300,0.3740,1.0043,0.00,0.3740,1.0043,0,0,1,0,0,20,15,0,53,0,1,0,0.742
7310,0.3740,1.0085,0.00,0.3740,1.0085,0,0,1,0,0,20,15,0,53,0,1,0,0.738
7320,0.3740,1.0127,0.00,0.3740,1.0127,0,0,1,0,0,20,15,0,53,0,1,0,0.734
7330,0.3740,1.0169,0.00,0.3740,1.0169,0,0,1,0,0,20,15,0,53,0,1,0,0.730
7340,0.3740,1.0211,0.00,0.3740,1.0211,0,0,1,0,0,20,15,0,53,0,1,0,0.725
7350,0.3740,1.0254,0.00,0.3740,1.0254,0,0,1,0,0,20,15,0,53,0,1,0,0.721
7360,0.3740,1.0296,0.00,0.3740,1.0296,0,0,1,0,0,20,15,0,53,0,1,0,0.717
7370,0.3740,1.0338,0.00,0.3740,1.0338,0,0,1,0,0,20,15,0,53,0,1,0,0.713
7380,0.3740,1.0380,0.00,0.3740,1.0380,0,0,1,0,0,20,15,0,53,0,1,0,0.708
7390,0.3740,1.0422,0.00,0.3740,1.0422,0,0,1,0,0,20,15,0,53,0,1,0,0.704
7400,0.3740,1.0465,0.00,0.3740,1.0465,0,0,1,0,0,20,15,0,53,0,1,0,0.700
7410,0.3740,1.0507,0.00,0.3740,1.0507,0,0,1,0,0,20,15,0,53,0,1,0,0.696
7420,0.3740,1.0549,0.00,0.3740,1.0549,0,0,1,0,0,20,15,0,53,0,1,0,0.692
7430,0.3740,1.0591,0.00,0.3740,1.0591,0,0,1,0,0,20,15,0,53,0,1,0,0.687
7440,0.3740,1.0633,0.00,0.3740,1.0633,0,0,1,0,0,20,15,0,53,0,1,0,0.683
7450,0.3740,1.0675,0.00,0.3740,1.0675,0,0,1,0,0,20,15,0,53,0,1,0,0.679
7460,0.3740,1.0718,0.00,0.3740,1.0718,0,0,1,0,0,20,15,0,53,0,1,0,0.675
7470,0.3740,1.0760,0.00,0.3740,1.0760,0,0,1,0,0,20,15,0,53,0,1,0,0.671
7480,0.3740,1.0802,0.00,0.3740,1.0802,0,0,1,0,0,20,15,0,53,0,1,0,0.666
7490,0.3740,1.0844,0.00,0.3740,1.0844,0,0,1,0,0,20,15,0,53,0,1,0,0.662
7500,0.3740,1.0886,0.00,0.3740,1.0886,0,0,1,0,0,20,15,0,53,0,1,0,0.658
7510,0.3740,1.0929,0.00,0.3740,1.0929,0,0,1,0,0,20,15,0,53,0,1,0,0.654
7520,0.3740,1.0971,0.00,0.3740,1.0971,0,0,1,0,0,20,15,0,53,0,1,0,0.649
7530,0.3740,1.1013,0.00,0.3740,1.1013,0,0,1,0,0,20,15,0,53,0,1,0,0.645
7540,0.3740,1.1055,0.00,0.3740,1.1055,0,0,1,0,0,20,15,0,53,0,1,0,0.641
7550,0.3740,1.1097,0.00,0.3740,1.1097,0,0,1,0,0,20,15,0,53,0,1,0,0.637
7560,0.3740,1.1139,0.00,0.3740,1.1139,0,0,1,0,0,20,15,0,53,0,1,0,0.633
7570,0.3740,1.1182,0.00,0.3740,1.1182,0,0,1,0,0,20,15,0,53,0,1,0,0.628
7580,0.3740,1.1224,0.00,0.3740,1.1224,0,0,1,0,0,20,15,0,53,0,1,0,0.624
7590,0.3740,1.1266,0.00,0.3740,1.1266,0,0,1,0,0,20,15,0,53,0,1,0,0.620
7600,0.3740,1.1308,0.00,0.3740,1.1308,0,0,1,0,0,20,15,0,53,0,1,0,0.616
7610,0.3740,1.1350,0.00,0.3740,1.1350,0,0,1,0,0,20,15,0,53,0,1,0,0.611
7620,0.3740,1.1393,0.00,0.3740,1.1393,0,0,1,0,0,20,15,0,53,0,1,0,0.607
7630,0.3740,1.1435,0.00,0.3740,1.1435,0,0,1,0,0,20,15,0,53,0,1,0,0.603
7640,0.3740,1.1477,0.00,0.3740,1.1477,0,0,1,0,0,20,15,0,53,0,1,0,0.599
7650,0.3740,1.1519,0.00,0.3740,1.1519,0,0,1,0,0,20,15,0,53,0,1,0,0.595
7660,0.3740,1.1561,0.00,0.3740,1.1561,0,0,1,0,0,20,15,0,53,0,1,0,0.590
7670,0.3740,1.1603,0.00,0.3740,1.1603,0,0,1,0,0,20,15,0,53,0,1,0,0.586
7680,0.3740,1.1646,0.00,0.3740,1.1646,0,0,1,0,0,20,15,0,53,0,1,0,0.582
7690,0.3740,1.1688,0.00,0.3740,1.1688,0,0,1,0,0,20,15,0,53,0,1,0,0.578
7700,0.3740,1.1730,0.00,0.3740,1.1730,0,0,1,0,0,20,15,0,53,0,1,0,0.573
7710,0.3740,1.1772,0.00,0.3740,1.1772,0,0,1,0,0,20,15,0,53,0,1,0,0.569
7720,0.3740,1.1814,0.00,0.3740,1.1814,0,0,1,0,0,20,15,0,53,0,1,0,0.565
7730,0.3740,1.1857,0.00,0.3740,1.1857,0,0,1,0,0,20,15,0,53,0,1,0,0.561
7740,0.3740,1.1899,0.00,0.3740,1.1899,0,0,1,0,0,20,15,0,53,0,1,0,0.557
7750,0.3740,1.1941,0.00,0.3740,1.1941,0,0,1,0,0,20,15,0,53,0,1,0,0.552
7760,0.3740,1.1983,0.00,0.3740,1.1983,0,0,1,0,0,20,15,0,53,0,1,0,0.548
7770,0.3740,1.2025,0.00,0.3740,1.2025,0,0,1,0,0,20,15,0,53,0,1,0,0.544
7780,0.3740,1.2067,0.00,0.3740,1.2067,0,0,1,0,0,20,15,0,53,1,1,0,0.540
7790,0.3740,1.2110,0.00,0.3740,1.2110,0,0,1,0,0,20,15,0,53,1,1,0,0.536
7800,0.3740,1.2152,0.00,0.3740,1.2152,0,0,1,0,0,20,15,0,53,1,1,0,0.531
7810,0.3740,1.2194,0.00,0.3740,1.2194,0,0,1,0,0,20,15,0,53,1,1,0,0.527
7820,0.3740,1.2236,0.00,0.3740,1.2236,0,0,1,0,0,20,15,0,53,1,1,0,0.523
7830,0.3740,1.2278,0.00,0.3740,1.2278,0,0,1,0,0,20,15,0,53,1,1,0,0.519
7840,0.3740,1.2321,0.00,0.3740,1.2321,0,0,1,0,0,20,15,0,53,1,1,0,0.514
7850,0.3740,1.2363,0.00,0.3740,1.2363,0,0,1,0,0,20,15,0,53,1,1,0,0.510
7860,0.3740,1.2405,0.00,0.3740,1.2405,0,0,1,0,0,20,15,0,53,1,1,0,0.506
7870,0.3740,1.2447,0.00,0.3740,1.2447,0,0,1,0,0,20,15,0,53,1,1,0,0.502
7880,0.3740,1.2489,0.00,0.3740,1.2489,0,0,1,0,0,20,15,0,53,1,1,0,0.498
7890,0.3740,1.2531,0.00,0.3740,1.2531,0,0,1,0,0,20,15,0,53,1,1,0,0.493
7900,0.3740,1.2574,0.00,0.3740,1.2574,0,0,1,0,0,20,15,0,53,1,1,0,0.489
7910,0.3740,1.2616,0.00,0.3740,1.2616,0,0,1,0,0,20,15,0,53,1,1,0,0.485
7920,0.3740,1.2658,0.00,0.3740,1.2658,0,0,1,0,0,20,15,0,53,1,1,0,0.481
7930,0.3740,1.2700,0.00,0.3740,1.2700,0,0,1,0,0,20,15,0,53,1,1,0,0.476
7940,0.3740,1.2742,0.00,0.3740,1.2742,0,0,1,0,0,20,15,0,53,1,1,0,0.472
7950,0.3740,1.2785,0.00,0.3740,1.2785,0,0,1,0,0,20,15,0,53,1,1,0,0.468
7960,0.3740,1.2827,0.00,0.3740,1.2827,0,0,1,0,0,20,15,0,53,1,1,0,0.464
7970,0.3740,1.2869,0.00,0.3740,1.2869,0,0,1,0,0,20,15,0,53,1,1,0,0.460
7980,0.3740,1.2911,0.00,0.3740,1.2911,0,0,1,0,0,20,15,0,53,1,1,0,0.455
7990,0.3740,1.2953,0.00,0.3740,1.2953,0,0,1,0,0,20,15,0,53,1,1,0,0.451
8000,0.3740,1.2995,0.00,0.3740,1.2995,0,0,1,0,0,20,15,0,53,1,1,0,0.447
8010,0.3740,1.3038,0.00,0.3740,1.3038,0,0,1,0,0,20,15,0,53,1,1,0,0.443
8020,0.3740,1.3080,0.00,0.3740,1.3080,0,0,1,0,0,20,15,0,53,1,1,0,0.439
8030,0.3740,1.3122,0.00,0.3740,1.3122,0,0,1,0,0,20,15,0,53,1,1,0,0.434
8040,0.3740,1.3164,0.00,0.3740,1.3164,0,0,1,0,0,20,15,0,53,1,1,0,0.430
8050,0.3740,1.3206,0.00,0.3740,1.3206,0,0,1,0,0,20,15,0,53,1,1,0,0.426
8060,0.3740,1.3249,0.00,0.3740,1.3249,0,0,1,0,0,20,15,0,53,1,1,0,0.422
8070,0.3740,1.3291,0.00,0.3740,1.3291,0,0,1,0,0,20,15,0,53,1,1,0,0.417
8080,0.3740,1.3333,0.00,0.3740,1.3333,0,0,1,0,0,20,15,0,53,1,1,0,0.413
8090,0.3740,1.3375,0.00,0.3740,1.3375,0,0,1,0,0,20,15,0,53,1,1,0,0.409
8100,0.3740,1.3417,0.00,0.3740,1.3417,0,0,1,0,0,20,15,0,53,1,1,0,0.405
8110,0.3740,1.3459,0.00,0.3740,1.3459,0,0,1,0,0,20,15,0,53,1,1,0,0.401
8120,0.3740,1.3502,0.00,0.3740,1.3502,0,0,1,0,0,20,15,0,53,1,1,0,0.396
8130,0.3740,1.3544,0.00,0.3740,1.3544,0,0,1,0,0,20,15,0,53,1,1,0,0.392
8140,0.3740,1.3586,0.00,0.3740,1.3586,0,0,1,0,0,20,15,0,53,1,1,0,0.388
8150,0.3740,1.3628,0.00,0.3740,1.3628,0,0,1,0,0,20,15,0,53,1,1,0,0.384
8160,0.3740,1.3670,0.00,0.3740,1.3670,0,0,1,0,0,20,15,0,53,1,1,0,0.379
8170,0.3740,1.3713,0.00,0.3740,1.3713,0,0,1,0,0,20,15,0,53,1,1,0,0.375
8180,0.3740,1.3755,0.00,0.3740,1.3755,0,0,1,0,0,20,15,0,53,1,1,0,0.371
8190,0.3740,1.3797,0.00,0.3740,1.3797,0,0,1,0,0,20,15,0,53,1,1,0,0.367
8200,0.3740,1.3839,0.00,0.3740,1.3839,0,0,1,0,0,20,15,0,53,1,1,0,0.363
8210,0.3740,1.3881,0.00,0.3740,1.3881,0,0,1,0,0,20,15,0,53,1,1,0,0.358
8220,0.3740,1.3923,0.00,0.3740,1.3923,0,0,1,0,0,20,15,0,53,1,1,0,0.354
8230,0.3740,1.3966,0.00,0.3740,1.3966,0,0,1,0,0,20,15,0,53,1,1,0,0.350
8240,0.3740,1.4008,0.00,0.3740,1.4008,0,0,1,0,0,20,15,0,53,1,1,0,0.346
8250,0.3740,1.4050,0.00,0.3740,1.4050,0,0,1,0,0,20,15,0,53,1,1,0,0.342
8260,0.3740,1.4092,0.00,0.3740,1.4092,0,0,1,0,0,20,15,0,53,1,1,0,0.337
8270,0.3740,1.4134,0.00,0.3740,1.4134,0,0,1,0,0,20,15,0,53,1,1,0,0.333
8280,0.3740,1.4177,0.00,0.3740,1.4177,0,0,1,0,0,20,15,0,53,1,1,0,0.329
8290,0.3740,1.4219,0.00,0.3740,1.4219,0,0,1,0,0,20,15,0,53,1,1,0,0.325
8300,0.3740,1.4261,0.00,0.3740,1.4261,0,0,1,0,0,20,15,0,53,1,1,0,0.320
8310,0.3740,1.4303,0.00,0.3740,1.4303,0,0,1,0,0,20,15,0,53,1,1,0,0.316
8320,0.3740,1.4345,0.00,0.3740,1.4345,0,0,1,0,0,20,15,0,53,1,1,0,0.312
8330,0.3740,1.4387,0.00,0.3740,1.4387,0,0,1,0,0,20,15,0,53,1,1,0,0.308
8340,0.3740,1.4430,0.00,0.3740,1.4430,0,0,1,0,0,20,15,0,53,1,1,0,0.304
8350,0.3740,1.4472,0.00,0.3740,1.4472,0,0,1,0,0,20,15,0,53,1,1,0,0.299
8360,0.3740,1.4514,0.00,0.3740,1.4514,0,0,1,0,0,20,15,0,53,1,1,0,0.295
8370,0.3740,1.4556,0.00,0.3740,1.4556,0,0,1,0,0,20,15,0,53,1,1,0,0.291
8380,0.3740,1.4598,0.00,0.3740,1.4598,0,0,1,0,0,20,15,0,53,1,1,0,0.287
8390,0.3740,1.4641,0.00,0.3740,1.4641,0,0,1,0,0,20,15,0,53,1,1,0,0.282
8400,0.3740,1.4683,0.00,0.3740,1.4683,0,0,1,0,0,20,15,0,53,1,1,0,0.278
8410,0.3740,1.4725,0.00,0.3740,1.4725,0,0,1,0,0,20,15,0,53,1,1,0,0.274
8420,0.3740,1.4767,0.00,0.3740,1.4767,0,0,1,0,0,20,15,0,53,1,1,0,0.270
8430,0.3740,1.4809,0.00,0.3740,1.4809,0,0,1,0,0,20,15,0,53,1,1,0,0.266
8440,0.3740,1.4851,0.00,0.3740,1.4851,0,0,1,0,0,20,15,0,53,1,1,0,0.261
8450,0.3740,1.4894,0.00,0.3740,1.4894,0,0,1,0,0,20,15,0,53,1,1,0,0.257
8460,0.3740,1.4936,0.00,0.3740,1.4936,0,0,1,0,0,20,15,0,53,1,1,0,0.253
8470,0.3740,1.4978,0.00,0.3740,1.4978,0,0,1,0,0,20,15,0,53,1,1,0,0.249
8480,0.3740,1.5020,0.00,0.3740,1.5020,0,0,1,0,0,20,15,0,53,1,1,0,0.244
8490,0.3740,1.5062,0.00,0.3740,1.5062,0,0,1,0,0,20,15,0,53,1,1,0,0.240
8500,0.3740,1.5105,0.00,0.3740,1.5105,0,0,1,0,0,20,15,0,53,1,1,0,0.236
8510,0.3740,1.5147,0.00,0.3740,1.5147,0,0,1,0,0,20,15,0,53,1,1,0,0.232
8520,0.3740,1.5189,0.00,0.3740,1.5189,0,0,1,0,0,20,15,0,53,1,1,0,0.228
8530,0.3740,1.5231,0.00,0.3740,1.5231,0,0,1,0,0,20,15,0,53,1,1,0,0.223
8540,0.3740,1.5273,0.00,0.3740,1.5273,0,0,1,0,0,20,15,0,53,1,1,0,0.219
8550,0.3740,1.5315,0.00,0.3740,1.5315,0,0,1,0,0,20,15,0,53,1,1,0,0.215
8560,0.3740,1.5358,0.00,0.3740,1.5358,0,0,1,0,0,20,15,0,53,1,1,0,0.211
8570,0.3740,1.5400,0.00,0.3740,1.5400,0,0,1,0,0,20,15,0,53,1,1,0,0.207
8580,0.3740,1.5442,0.00,0.3740,1.5442,0,0,1,0,0,20,15,0,53,1,1,0,0.202
8590,0.3740,1.5484,0.00,0.3740,1.5484,0,0,1,0,0,20,15,0,53,1,1,0,0.198
8600,0.3740,1.5526,0.00,0.3740,1.5526,0,0,1,0,0,20,15,0,53,1,1,0,0.194
8610,0.3740,1.5569,0.00,0.3740,1.5569,0,0,1,0,0,20,15,0,53,1,1,0,0.190
8620,0.3740,1.5611,0.00,0.3740,1.5611,0,0,1,0,0,20,15,0,53,1,1,0,0.185
8630,0.3740,1.5653,0.00,0.3740,1.5653,0,0,1,0,0,20,15,0,53,1,1,0,0.181
8640,0.3740,1.5695,0.00,0.3740,1.5695,0,0,1,0,0,20,15,0,53,1,1,0,0.177
8650,0.3740,1.5737,0.00,0.3740,1.5737,0,0,1,0,0,20,15,0,53,1,1,0,0.173
8660,0.3740,1.5779,0.00,0.3740,1.5779,0,0,1,0,0,20,15,0,53,1,1,0,0.169
8670,0.3740,1.5822,0.00,0.3740,1.5822,0,0,1,0,0,20,15,0,53,1,1,0,0.164
8680,0.3740,1.5864,0.00,0.3740,1.5864,0,0,1,0,0,20,15,0,53,1,1,0,0.160
8690,0.3740,1.5906,0.00,0.3740,1.5906,0,0,1,0,0,20,15,0,53,1,1,0,0.156
8700,0.3740,1.5948,0.00,0.3740,1.5948,0,0,1,0,0,20,15,0,53,1,1,0,0.152
8710,0.3740,1.5990,0.00,0.3740,1.5990,0,0,1,0,0,20,15,0,53,1,1,0,0.147
8720,0.3740,1.6032,0.00,0.3740,1.6032,1,0,0,0,0,20,15,0,0,0,0,0,1000.000
8730,0.3740,1.6072,0.00,0.3740,1.6072,1,0,0,0,0,20,15,0,0,0,0,0,1000.000
8740,0.3740,1.6109,0.00,0.3740,1.6109,1,0,0,0,0,20,15,0,0,0,0,0,1000.000
8750,0.3740,1.6145,0.00,0.3740,1.6145,1,0,0,0,0,20,15,0,0,0,0,0,1000.000
8760,0.3740,1.6179,0.00,0.3740,1.6179,1,0,0,0,0,20,15,0,0,0,0,0,1000.000
8770,0.3740,1.6210,0.00,0.3740,1.6210,1,0,0,0,0,20,15,0,0,0,0,0,1000.000
8780,0.3740,1.6240,0.00,0.3740,1.6240,1,0,0,0,0,20,15,0,0,0,0,0,1000.000
8790,0.3740,1.6268,0.00,0.3740,1.6268,1,0,0,0,0,20,15,0,0,0,0,0,1000.000
8800,0.3740,1.6293,0.00,0.3740,1.6293,1,0,1,0,0,20,15,0,0,0,0,0,1000.000
8810,0.3740,1.6317,0.00,0.3740,1.6317,1,0,1,0,0,20,15,0,0,0,0,0,1000.000
8820,0.3740,1.6339,0.00,0.3740,1.6339,1,0,1,0,0,20,15,0,0,0,0,0,1000.000
8830,0.3740,1.6358,0.00,0.3740,1.6358,1,0,1,0,0,20,15,0,0,0,0,0,1000.000
8840,0.3740,1.6376,0.00,0.3740,1.6376,1,0,1,0,0,20,15,0,0,0,0,0,1000.000
8850,0.3740,1.6392,0.00,0.3740,1.6392,1,0,1,0,0,20,15,150,0,0,0,0,2.356
8860,0.3740,1.6405,0.00,0.3740,1.6405,1,0,1,0,0,20,15,150,0,0,0,0,2.356
8870,0.3740,1.6417,0.00,0.3740,1.6417,1,0,1,0,0,20,15,150,0,0,0,0,2.356
8880,0.3740,1.6427,0.00,0.3740,1.6427,1,0,1,0,0,20,15,150,0,0,0,0,2.356
8890,0.3742,1.6437,0.00,0.3742,1.6437,1,0,1,0,0,20,15,150,0,0,0,0,2.356
8900,0.3746,1.6447,0.00,0.3746,1.6447,1,0,1,0,0,20,15,150,0,0,0,0,2.355
8910,0.3753,1.6456,0.00,0.3753,1.6456,1,0,1,0,0,20,15,150,0,0,0,0,2.355
8920,0.3761,1.6466,0.00,0.3761,1.6466,1,0,1,0,0,20,15,150,0,0,0,0,2.354
8930,0.3771,1.6476,0.00,0.3771,1.6476,1,0,1,0,0,20,15,150,0,0,0,0,2.353
8940,0.3783,1.6486,0.00,0.3783,1.6486,1,0,1,0,0,20,15,150,0,0,0,0,2.352
8950,0.3797,1.6495,0.00,0.3797,1.6495,1,0,1,0,0,20,15,150,0,0,0,0,2.350
8960,0.3813,1.6505,0.00,0.3813,1.6505,1,0,1,0,0,20,15,150,0,0,0,0,2.349
8970,0.3831,1.6515,-0.00,0.3831,1.6515,1,0,1,0,0,20,15,150,0,0,0,0,2.347
8980,0.3851,1.6525,-0.00,0.3851,1.6525,1,0,1,0,0,20,15,150,0,0,0,0,2.345
8990,0.3873,1.6535,-0.00,0.3873,1.6535,1,0,1,0,0,20,15,150,0,0,0,0,2.343
9000,0.3897,1.6544,-0.00,0.3897,1.6544,1,0,1,0,0,19,15,150,0,0,0,0,2.340
9010,0.3923,1.6554,-0.00,0.3923,1.6554,1,0,1,0,0,19,15,150,0,0,0,0,2.338
9020,0.3951,1.6564,-0.00,0.3951,1.6564,1,0,1,0,0,19,15,150,0,0,0,0,2.335
9030,0.3982,1.6574,0.00,0.3982,1.6574,1,0,1,0,0,19,15,150,0,0,0,0,2.332
9040,0.4014,1.6583,0.00,0.4014,1.6583,1,0,1,0,0,19,15,150,0,0,0,0,2.329
9050,0.4048,1.6593,0.00,0.4048,1.6593,1,0,1,0,0,19,15,150,0,0,0,0,2.325
9060,0.4084,1.6603,0.00,0.4084,1.6603,1,0,1,0,0,19,15,150,0,0,0,0,2.322
9070,0.4122,1.6613,0.00,0.4122,1.6613,1,0,1,0,0,19,15,150,0,0,0,0,2.318
9080,0.4162,1.6622,-0.00,0.4162,1.6622,1,0,1,0,0,19,15,150,0,0,0,0,2.314
9090,0.4204,1.6632,0.00,0.4204,1.6632,1,0,1,0,0,19,15,150,0,0,0,0,2.310
9100,0.4248,1.6642,0.00,0.4248,1.6642,1,0,1,0,0,18,16,150,0,0,0,0,2.305
9110,0.4294,1.6652,0.00,0.4294,1.6652,1,0,1,0,0,18,16,150,0,0,0,0,2.301
9120,0.4342,1.6661,0.00,0.4342,1.6661,1,0,1,0,0,18,16,150,0,0,0,0,2.296
9130,0.4392,1.6671,0.00,0.4392,1.6671,1,0,1,0,0,18,16,150,0,0,0,0,2.291
9140,0.4444,1.6681,-0.00,0.4444,1.6681,1,0,1,0,0,18,16,150,0,0,0,0,2.286
9150,0.4499,1.6691,0.00,0.4499,1.6691,1,0,1,0,0,18,18,150,0,0,0,0,2.280
9160,0.4555,1.6701,-0.00,0.4555,1.6701,1,0,1,0,0,18,18,150,0,0,0,0,2.275
9170,0.4613,1.6710,-0.00,0.4613,1.6710,1,0,1,0,0,18,18,150,0,0,0,0,2.269
9180,0.4673,1.6720,0.00,0.4673,1.6720,1,0,1,0,0,18,18,150,0,0,0,0,2.263
9190,0.4735,1.6730,0.00,0.4735,1.6730,1,0,1,0,0,18,18,150,0,0,0,0,2.257
9200,0.4799,1.6740,0.00,0.4799,1.6740,1,0,1,0,0,17,20,150,0,0,0,0,2.250
9210,0.4865,1.6749,0.00,0.4865,1.6749,1,0,1,0,0,17,20,150,0,0,0,0,2.243
9220,0.4933,1.6759,-0.00,0.4933,1.6759,1,0,1,0,0,17,20,150,0,0,0,0,2.237
9230,0.5003,1.6769,-0.00,0.5003,1.6769,1,0,1,0,0,17,20,150,0,0,0,0,2.230
9240,0.5075,1.6779,-0.00,0.5075,1.6779,1,0,1,0,0,17,20,150,0,0,0,0,2.222
9250,0.5149,1.6788,-0.00,0.5149,1.6788,1,0,1,0,0,17,20,150,0,0,0,0,2.215
9260,0.5225,1.6798,0.00,0.5225,1.6798,1,0,1,0,0,17,20,150,0,0,0,0,2.207
9270,0.5304,1.6808,0.00,0.5304,1.6808,1,0,1,0,0,17,20,150,0,0,0,0,2.200
9280,0.5384,1.6818,0.00,0.5384,1.6818,1,0,1,0,0,17,20,150,0,0,0,0,2.192
9290,0.5466,1.6827,0.00,0.5466,1.6827,1,0,1,0,0,17,20,150,0,0,0,0,2.183
9300,0.5550,1.6837,0.00,0.5550,1.6837,1,0,1,0,0,16,20,150,0,0,0,0,2.175
9310,0.5636,1.6847,-0.00,0.5636,1.6847,1,0,1,0,0,16,20,150,0,0,0,0,2.166
9320,0.5724,1.6857,-0.00,0.5724,1.6857,1,0,1,0,0,16,20,150,0,0,0,0,2.158
9330,0.5814,1.6867,0.00,0.5814,1.6867,1,0,1,0,0,16,20,150,0,0,0,0,2.149
9340,0.5906,1.6876,0.00,0.5906,1.6876,1,0,1,0,0,16,20,150,0,0,0,0,2.139
9350,0.6000,1.6886,0.00,0.6000,1.6886,1,0,1,0,0,16,20,150,0,0,0,0,2.130
9360,0.6096,1.6896,0.00,0.6096,1.6896,1,0,1,0,0,16,20,150,0,0,0,0,2.120
9370,0.6194,1.6906,0.00,0.6194,1.6906,1,0,1,0,0,16,20,150,0,0,0,0,2.111
9380,0.6294,1.6915,0.00,0.6294,1.6915,1,0,1,0,0,16,20,150,0,0,0,0,2.101
9390,0.6397,1.6925,0.00,0.6397,1.6925,1,0,1,0,0,16,20,150,0,0,0,0,2.090
9400,0.6501,1.6935,-0.00,0.6501,1.6935,1,0,1,0,0,15,20,150,0,0,0,0,2.080
9410,0.6607,1.6945,-0.00,0.6607,1.6945,1,0,1,0,0,15,20,150,0,0,0,0,2.069
9420,0.6715,1.6954,0.00,0.6715,1.6954,1,0,1,0,0,15,20,150,0,0,0,0,2.059
9430,0.6825,1.6964,0.00,0.6825,1.6964,1,0,1,0,0,15,20,150,0,0,0,0,2.048
9440,0.6935,1.6972,0.00,0.6935,1.6972,1,0,1,0,0,15,20,150,0,0,0,0,2.036
9450,0.7047,1.6980,0.00,0.7047,1.6980,1,0,1,0,0,15,20,150,0,0,0,0,2.025
9460,0.7160,1.6987,0.00,0.7160,1.6987,1,0,1,0,0,15,20,150,0,0,0,0,2.014
9470,0.7274,1.6992,0.00,0.7274,1.6992,1,0,1,0,0,15,20,150,0,0,0,0,2.003
9480,0.7389,1.6997,0.00,0.7389,1.6997,1,0,1,0,0,15,20,150,0,0,0,0,1.991
9490,0.7505,1.7000,0.00,0.7505,1.7000,1,0,1,0,0,15,20,150,0,0,0,0,1.980
9500,0.7622,1.7003,0.00,0.7622,1.7003,1,0,1,0,0,14,20,150,0,0,0,0,1.968
9510,0.7739,1.7004,0.00,0.7739,1.7004,1,0,1,0,0,14,20,150,0,0,0,0,1.956
9520,0.7858,1.7005,0.00,0.7858,1.7005,1,0,1,0,0,14,20,150,0,0,0,0,1.944
9530,0.7978,1.7005,0.00,0.7978,1.7005,1,0,1,0,0,14,20,150,0,0,0,0,1.932
9540,0.8097,1.7005,0.00,0.8097,1.7005,1,0,1,0,0,14,20,150,0,0,0,0,1.920
9550,0.8216,1.7005,0.00,0.8216,1.7005,1,0,1,0,0,14,20,150,0,0,0,0,1.908
9560,0.8336,1.7005,0.00,0.8336,1.7005,1,0,1,0,0,14,20,150,0,0,0,0,1.896
9570,0.8455,1.7005,0.00,0.8455,1.7005,1,0,1,0,0,14,20,150,0,0,0,0,1.884
9580,0.8575,1.7005,0.00,0.8575,1.7005,1,0,1,0,0,14,20,150,0,0,0,0,1.873
9590,0.8694,1.7005,0.00,0.8694,1.7005,1,0,1,0,0,14,20,150,0,0,0,0,1.861
9600,0.8813,1.7005,0.00,0.8813,1.7005,1,0,1,0,0,14,20,150,0,0,0,0,1.849
9610,0.8933,1.7005,0.00,0.8933,1.7005,1,0,1,0,0,14,20,150,0,0,0,0,1.837
9620,0.9052,1.7005,0.00,0.9052,1.7005,1,0,1,0,0,14,20,150,0,0,0,0,1.825
9630,0.9171,1.7005,0.00,0.9171,1.7005,1,0,1,0,0,14,20,150,0,0,0,0,1.813
9640,0.9291,1.7005,0.00,0.9291,1.7005,1,0,1,0,0,14,20,150,0,0,0,0,1.801
9650,0.9410,1.7005,0.00,0.9410,1.7005,1,0,1,0,0,14,20,150,0,0,0,0,1.789
9660,0.9530,1.7005,0.00,0.9530,1.7005,1,0,1,0,0,14,20,150,0,0,0,0,1.777
9670,0.9649,1.7005,0.00,0.9649,1.7005,1,0,1,0,0,14,20,150,0,0,0,0,1.765
9680,0.9768,1.7005,0.00,0.9768,1.7005,1,0,1,0,0,14,20,150,0,0,0,0,1.753
9690,0.9888,1.7005,0.00,0.9888,1.7005,1,0,1,0,0,14,20,150,0,0,0,0,1.741
9700,1.0007,1.7005,0.00,1.0007,1.7005,1,0,1,0,0,14,20,150,0,0,0,0,1.729
9710,1.0126,1.7005,0.00,1.0127,1.7005,1,0,1,0,0,14,20,150,0,0,0,0,1.717
9720,1.0246,1.7005,0.00,1.0246,1.7005,1,0,1,0,0,14,20,150,0,0,0,0,1.705
9730,1.0365,1.7005,0.00,1.0365,1.7005,1,0,1,0,0,14,20,150,0,0,0,0,1.693
9740,1.0485,1.7005,0.00,1.0485,1.7005,1,0,1,0,0,14,20,150,0,0,0,0,1.682
9750,1.0604,1.7005,0.00,1.0604,1.7005,1,0,1,0,0,14,20,150,0,0,0,0,1.670
9760,1.0723,1.7005,0.00,1.0723,1.7005,1,0,1,0,0,14,20,150,0,0,0,0,1.658
9770,1.0843,1.7005,0.00,1.0843,1.7005,1,0,1,0,0,14,20,150,0,0,0,0,1.646
9780,1.0962,1.7005,0.00,1.0962,1.7005,1,0,1,0,0,14,20,150,0,0,0,0,1.634
9790,1.1082,1.7005,0.00,1.1082,1.7005,1,0,1,0,0,14,20,150,0,0,0,0,1.622
9800,1.1201,1.7005,0.00,1.1201,1.7005,1,0,1,0,0,14,20,150,0,0,0,0,1.610
9810,1.1320,1.7005,0.00,1.1320,1.7005,1,0,1,0,0,14,20,150,0,0,0,0,1.598
9820,1.1440,1.7005,0.00,1.1440,1.7005,1,0,1,0,0,14,20,150,0,0,0,0,1.586
9830,1.1559,1.7005,0.00,1.1559,1.7005,1,0,1,0,0,14,20,150,0,0,0,0,1.574
9840,1.1678,1.7005,0.00,1.1678,1.7005,1,0,1,0,0,14,20,150,0,0,0,0,1.562
9850,1.1798,1.7005,0.00,1.1798,1.7005,1,0,1,0,0,14,20,150,0,0,0,0,1.550
9860,1.1917,1.7005,0.00,1.1917,1.7005,1,0,1,0,0,14,20,150,0,0,0,0,1.538
9870,1.2037,1.7005,0.00,1.2037,1.7005,1,0,1,0,0,14,20,150,0,0,0,0,1.526
9880,1.2156,1.7005,0.00,1.2156,1.7005,1,0,1,0,0,14,20,150,0,0,0,0,1.514
9890,1.2275,1.7005,0.00,1.2275,1.7005,1,0,1,0,0,14,20,150,0,0,0,0,1.502
9900,1.2395,1.7005,0.00,1.2395,1.7005,1,0,1,0,0,14,20,150,0,0,0,0,1.491
9910,1.2514,1.7005,0.00,1.2514,1.7005,1,0,1,0,0,14,20,150,0,0,0,0,1.479
9920,1.2633,1.7005,0.00,1.2633,1.7005,1,0,1,0,0,14,20,150,0,0,0,0,1.467
9930,1.2753,1.7005,0.00,1.2753,1.7005,1,0,1,0,0,14,20,150,0,0,0,0,1.455
9940,1.2872,1.7005,0.00,1.2872,1.7005,1,0,1,0,0,14,20,150,0,0,0,0,1.443
9950,1.2992,1.7005,0.00,1.2992,1.7005,1,0,1,0,0,14,20,150,0,0,0,0,1.431
9960,1.3111,1.7005,0.00,1.3111,1.7005,1,0,1,0,0,14,20,150,0,0,0,0,1.419
9970,1.3230,1.7005,0.00,1.3230,1.7005,1,0,1,0,0,14,20,150,0,0,0,0,1.407
9980,1.3350,1.7005,0.00,1.3350,1.7005,1,0,1,0,0,14,20,150,0,0,0,0,1.395
9990,1.3469,1.7005,0.00,1.3469,1.7005,1,0,1,0,0,14,20,150,0,0,0,0,1.383
10000,1.3589,1.7005,0.00,1.3589,1.7005,1,0,1,0,0,14,20,150,0,0,0,0,1.371
10010,1.3708,1.7005,0.00,1.3708,1.7005,1,0,1,0,0,14,20,150,0,0,0,0,1.359
10020,1.3827,1.7005,0.00,1.3827,1.7005,1,0,1,0,0,14,20,150,0,0,0,0,1.347
10030,1.3947,1.7005,0.00,1.3947,1.7005,1,0,1,0,0,14,20,150,0,0,0,0,1.335
10040,1.4066,1.7005,0.00,1.4066,1.7005,1,0,1,0,0,14,20,150,0,0,0,0,1.323
10050,1.4185,1.7005,0.00,1.4185,1.7005,1,0,1,0,0,14,20,150,0,0,0,0,1.311
10060,1.4305,1.7005,0.00,1.4305,1.7005,1,0,1,0,0,14,20,150,0,0,0,0,1.300
10070,1.4424,1.7005,0.00,1.4424,1.7005,1,0,1,0,0,14,20,150,0,0,0,0,1.288
10080,1.4544,1.7005,0.00,1.4544,1.7005,1,0,1,0,0,14,20,150,0,0,0,0,1.276
10090,1.4663,1.7005,0.00,1.4663,1.7005,1,0,1,0,0,14,20,150,0,0,0,0,1.264
10100,1.4782,1.7005,0.00,1.4782,1.7005,1,0,1,0,0,14,20,150,0,0,0,0,1.252
10110,1.4902,1.7005,0.00,1.4902,1.7005,1,0,1,0,0,14,20,150,0,0,0,0,1.240
10120,1.5021,1.7005,0.00,1.5021,1.7005,1,0,1,0,0,14,20,150,0,0,0,0,1.228
10130,1.5140,1.7005,0.00,1.5140,1.7005,1,0,1,0,0,14,20,150,0,0,0,0,1.216
10140,1.5260,1.7005,0.00,1.5260,1.7005,1,0,1,0,0,14,20,150,0,0,0,0,1.204
10150,1.5379,1.7005,0.00,1.5379,1.7005,1,0,1,0,0,14,20,150,0,0,0,0,1.192
10160,1.5499,1.7005,0.00,1.5499,1.7005,1,0,1,0,0,14,20,150,0,0,0,0,1.180
10170,1.5618,1.7005,0.00,1.5618,1.7005,1,0,1,0,0,14,20,150,0,0,0,0,1.168
10180,1.5737,1.7005,0.00,1.5737,1.7005,1,0,1,0,0,14,20,150,0,0,0,0,1.156
10190,1.5857,1.7005,0.00,1.5857,1.7005,1,0,1,0,0,14,20,150,0,0,0,0,1.144
10200,1.5976,1.7005,0.00,1.5976,1.7005,1,0,1,0,0,14,20,150,0,0,0,0,1.132
10210,1.6096,1.7005,0.00,1.6096,1.7005,1,0,1,0,0,14,20,150,0,0,0,0,1.120
10220,1.6215,1.7005,0.00,1.6215,1.7005,1,0,1,0,0,14,20,150,0,0,0,0,1.109
10230,1.6334,1.7005,0.00,1.6334,1.7005,1,0,1,0,0,14,20,150,0,0,0,0,1.097
10240,1.6454,1.7005,0.00,1.6454,1.7005,1,0,1,0,0,14,20,150,0,0,0,0,1.085
10250,1.6573,1.7005,0.00,1.6573,1.7005,1,0,1,0,0,14,20,150,0,0,0,0,1.073
10260,1.6692,1.7005,0.00,1.6692,1.7005,1,0,1,0,0,14,20,150,0,0,0,0,1.061
10270,1.6812,1.7005,0.00,1.6812,1.7005,1,0,1,0,0,14,20,150,0,0,0,0,1.049
10280,1.6931,1.7005,0.00,1.6931,1.7005,1,0,1,0,0,14,20,150,0,0,0,0,1.037
10290,1.7051,1.7005,0.00,1.7051,1.7005,1,0,1,0,0,14,20,150,0,0,0,0,1.025
10300,1.7170,1.7005,0.00,1.7170,1.7005,1,0,1,0,0,14,20,150,0,0,0,0,1.013
10310,1.7289,1.7005,0.00,1.7289,1.7005,1,0,1,0,0,14,20,150,0,0,0,0,1.001
10320,1.7409,1.7005,0.00,1.7409,1.7005,1,0,1,0,0,14,20,150,0,0,0,0,0.989
10330,1.7528,1.7005,0.00,1.7528,1.7005,1,0,1,0,0,14,20,150,0,0,0,0,0.977
10340,1.7647,1.7005,0.00,1.7647,1.7005,1,0,1,0,0,14,20,150,0,0,0,0,0.965
10350,1.7767,1.7005,0.00,1.7767,1.7005,1,0,1,0,0,14,20,150,0,0,0,0,0.953
10360,1.7886,1.7005,0.00,1.7886,1.7005,1,0,1,0,0,14,20,150,0,0,0,0,0.941
10370,1.8006,1.7005,0.00,1.8006,1.7005,1,0,1,0,0,14,20,150,0,0,0,0,0.929
10380,1.8125,1.7005,0.00,1.8125,1.7005,1,0,1,0,0,14,20,150,0,0,0,0,0.918
10390,1.8244,1.7005,0.00,1.8244,1.7005,1,0,1,0,0,14,20,150,0,0,0,0,0.906
10400,1.8364,1.7005,0.00,1.8364,1.7005,1,0,1,0,0,14,20,150,0,0,0,0,0.894
10410,1.8483,1.7005,0.00,1.8483,1.7005,1,0,1,0,0,14,20,150,0,0,0,0,0.882
10420,1.8603,1.7005,0.00,1.8603,1.7005,1,0,1,0,0,14,20,150,0,0,0,0,0.870
10430,1.8722,1.7005,0.00,1.8722,1.7005,1,0,1,0,0,14,20,150,0,0,0,0,0.858
10440,1.8841,1.7005,0.00,1.8841,1.7005,1,0,1,0,0,14,20,150,0,0,0,0,0.846
10450,1.8961,1.7005,0.00,1.8961,1.7005,1,0,1,0,0,14,20,150,0,0,0,0,0.834
10460,1.9080,1.7005,0.00,1.9080,1.7005,1,0,1,0,0,14,20,150,0,0,0,0,0.822
10470,1.9199,1.7005,0.00,1.9199,1.7005,1,0,1,0,0,14,20,150,0,0,0,0,0.810
10480,1.9319,1.7005,0.00,1.9319,1.7005,1,0,1,0,0,14,20,150,0,0,0,0,0.798
10490,1.9438,1.7005,0.00,1.9438,1.7005,1,0,1,0,0,14,20,150,0,0,0,0,0.786
10500,1.9558,1.7005,0.00,1.9558,1.7005,1,0,1,0,0,14,20,150,0,0,0,0,0.774
10510,1.9677,1.7005,0.00,1.9677,1.7005,1,0,1,0,0,14,20,150,0,0,0,0,0.762
10520,1.9796,1.7005,0.00,1.9796,1.7005,1,0,1,0,0,14,20,150,0,0,0,0,0.750
10530,1.9916,1.7005,0.00,1.9916,1.7005,1,0,1,0,0,14,20,150,0,0,0,0,0.738
10540,2.0035,1.7005,0.00,2.0035,1.7005,1,0,1,0,0,14,20,150,0,0,0,0,0.726
10550,2.0154,1.7005,0.00,2.0154,1.7005,1,0,1,0,0,14,20,150,0,0,0,0,0.715
10560,2.0274,1.7005,0.00,2.0274,1.7005,1,0,1,0,0,14,20,150,0,0,0,0,0.703
10570,2.0393,1.7005,0.00,2.0393,1.7005,1,0,1,0,0,14,20,150,0,0,0,0,0.691
10580,2.0513,1.7005,0.00,2.0513,1.7005,1,0,1,0,0,14,20,150,0,0,0,0,0.679
10590,2.0632,1.7005,0.00,2.0632,1.7005,1,0,1,0,0,14,20,150,0,0,0,0,0.667
10600,2.0751,1.7005,0.00,2.0751,1.7005,1,0,1,0,0,14,20,150,0,0,0,0,0.655
10610,2.0871,1.7005,0.00,2.0871,1.7005,1,0,1,0,0,14,20,150,0,0,0,0,0.643
10620,2.0990,1.7005,0.00,2.0990,1.7005,1,0,1,0,0,14,20,150,0,0,0,0,0.631
10630,2.1110,1.7005,0.00,2.1110,1.7005,1,0,1,0,0,14,20,150,0,0,0,0,0.619
10640,2.1229,1.7005,0.00,2.1229,1.7005,1,0,1,0,0,14,20,150,0,0,0,0,0.607
10650,2.1348,1.7005,0.00,2.1348,1.7005,1,0,1,0,0,20,20,150,0,0,0,0,0.595
10660,2.1468,1.7005,0.00,2.1468,1.7005,1,0,1,0,0,20,20,150,0,0,0,0,0.583
10670,2.1587,1.7005,0.00,2.1587,1.7005,1,0,1,0,0,20,20,150,0,0,0,0,0.571
10680,2.1706,1.7005,0.00,2.1706,1.7005,1,0,1,0,0,20,20,150,0,0,0,0,0.559
10690,2.1826,1.7005,0.00,2.1826,1.7005,1,0,1,0,0,20,20,150,0,0,0,0,0.547
10700,2.1945,1.7005,0.00,2.1945,1.7005,1,0,1,0,0,20,20,149,0,1,0,0,0.536
10710,2.2063,1.7005,0.00,2.2063,1.7005,1,0,1,0,0,20,20,147,0,1,0,0,0.524
10720,2.2179,1.7005,0.00,2.2179,1.7005,1,0,1,0,0,20,20,145,0,1,0,0,0.512
10730,2.2294,1.7005,0.00,2.2294,1.7005,1,0,1,0,0,20,20,143,0,1,0,0,0.501
10740,2.2408,1.7005,0.00,2.2408,1.7005,1,0,1,0,0,20,20,141,0,1,0,0,0.489
10750,2.2520,1.7005,0.00,2.2520,1.7005,1,0,1,0,0,20,20,140,0,1,0,0,0.478
10760,2.2631,1.7005,0.00,2.2631,1.7005,1,0,1,0,0,20,20,138,0,1,0,0,0.467
10770,2.2740,1.7005,0.00,2.2740,1.7005,1,0,1,0,0,20,20,136,0,1,0,0,0.456
10780,2.2848,1.7005,0.00,2.2848,1.7005,1,0,1,0,0,20,20,134,0,1,0,0,0.445
10790,2.2954,1.7005,0.00,2.2954,1.7005,1,0,1,0,0,20,20,132,0,1,0,0,0.435
10800,2.3059,1.7005,0.00,2.3059,1.7005,1,0,1,0,0,20,20,131,0,1,0,0,0.424
10810,2.3163,1.7005,0.00,2.3163,1.7005,1,0,1,0,0,20,20,129,0,1,0,0,0.414
10820,2.3265,1.7005,0.00,2.3265,1.7005,1,0,1,0,0,20,20,127,0,1,0,0,0.403
10830,2.3366,1.7005,0.00,2.3366,1.7005,1,0,1,0,0,20,20,125,0,1,0,0,0.393
10840,2.3465,1.7005,0.00,2.3465,1.7005,1,0,1,0,0,20,20,124,0,1,0,0,0.383
10850,2.3563,1.7005,0.00,2.3563,1.7005,1,0,1,0,0,20,20,122,0,1,0,0,0.374
10860,2.3660,1.7005,0.00,2.3660,1.7005,1,0,1,0,0,20,20,120,0,1,0,0,0.364
10870,2.3755,1.7005,0.00,2.3755,1.7005,1,0,1,0,0,20,20,118,0,1,0,0,0.355
10880,2.3848,1.7005,0.00,2.3848,1.7005,1,0,1,0,0,20,20,116,0,1,0,0,0.345
10890,2.3941,1.7005,0.00,2.3941,1.7005,1,0,1,0,0,20,20,115,0,1,0,0,0.336
10900,2.4031,1.7005,0.00,2.4031,1.7005,1,0,1,0,0,20,20,113,0,1,0,0,0.327
10910,2.4121,1.7005,0.00,2.4121,1.7005,1,0,1,0,0,20,20,111,0,1,0,0,0.318
10920,2.4209,1.7005,0.00,2.4209,1.7005,1,0,1,0,0,20,20,109,0,1,0,0,0.309
10930,2.4296,1.7005,0.00,2.4296,1.7005,1,0,1,0,0,20,20,108,0,1,0,0,0.300
10940,2.4381,1.7005,0.00,2.4381,1.7005,1,0,1,0,0,20,20,106,0,1,0,0,0.292
10950,2.4465,1.7005,0.00,2.4465,1.7005,1,0,1,0,0,20,20,104,0,1,0,0,0.284
10960,2.4547,1.7005,0.00,2.4547,1.7005,1,0,1,0,0,20,20,102,0,1,0,0,0.275
10970,2.4628,1.7005,0.00,2.4628,1.7005,1,0,1,0,0,20,20,101,0,1,0,0,0.267
10980,2.4708,1.7005,0.00,2.4708,1.7005,1,0,1,0,0,20,20,99,0,1,0,0,0.259
10990,2.4786,1.7005,0.00,2.4786,1.7005,1,0,1,0,0,20,20,97,0,1,0,0,0.251
11000,2.4863,1.7005,0.00,2.4863,1.7005,2,0,0,0,0,20,20,0,0,0,0,0,1000.000
11010,2.4938,1.7005,0.00,2.4938,1.7005,2,0,0,0,0,20,20,0,0,0,0,0,1000.000
11020,2.5010,1.7005,0.00,2.5010,1.7005,2,0,0,0,0,20,20,0,0,0,0,0,1000.000
11030,2.5081,1.7005,0.00,2.5081,1.7005,2,0,0,0,0,20,20,0,0,0,0,0,1000.000
11040,2.5150,1.7005,0.00,2.5150,1.7005,2,0,0,0,0,20,20,0,0,0,0,0,1000.000
11050,2.5217,1.7005,0.00,2.5217,1.7005,2,0,1,0,0,20,20,0,0,0,0,0,1000.000
11060,2.5281,1.7005,0.00,2.5281,1.7005,2,0,1,0,0,20,20,0,0,0,0,0,1000.000
11070,2.5344,1.7005,0.00,2.5344,1.7005,2,0,1,0,0,20,20,0,0,0,0,0,1000.000
11080,2.5405,1.7005,0.00,2.5405,1.7005,2,0,1,0,0,20,20,0,0,0,0,0,1000.000
11090,2.5463,1.7005,0.00,2.5463,1.7005,2,0,1,0,0,20,20,0,0,0,0,0,1000.000
11100,2.5520,1.7005,0.00,2.5520,1.7005,2,0,1,0,0,20,20,0,53,0,1,0,1.046
11110,2.5575,1.7005,0.00,2.5575,1.7005,2,0,1,0,0,20,20,0,53,0,1,0,1.046
11120,2.5627,1.7005,0.00,2.5627,1.7005,2,0,1,0,0,20,20,0,53,0,1,0,1.046
11130,2.5678,1.7005,0.00,2.5678,1.7005,2,0,1,0,0,20,20,0,53,0,1,0,1.046
11140,2.5727,1.7005,0.00,2.5727,1.7005,2,0,1,0,0,20,20,0,53,0,1,0,1.046
11150,2.5774,1.7005,0.00,2.5774,1.7005,2,0,1,0,0,20,20,0,53,0,1,0,1.046
11160,2.5818,1.7005,0.00,2.5818,1.7005,2,0,1,0,0,20,20,0,53,0,1,0,1.046
11170,2.5861,1.7005,0.00,2.5861,1.7005,2,0,1,0,0,20,20,0,53,0,1,0,1.046
11180,2.5902,1.7005,0.00,2.5902,1.7005,2,0,1,0,0,20,20,0,53,0,1,0,1.046
11190,2.5940,1.7005,0.00,2.5940,1.7005,2,0,1,0,0,20,20,0,53,0,1,0,1.046
11200,2.5977,1.7005,0.00,2.5977,1.7005,2,0,1,0,0,20,20,0,53,0,1,0,1.046
11210,2.6012,1.7005,0.00,2.6012,1.7005,2,0,1,0,0,20,20,0,53,0,1,0,1.046
11220,2.6044,1.7005,0.00,2.6044,1.7005,2,0,1,0,0,20,20,0,53,0,1,0,1.046
11230,2.6075,1.7005,0.00,2.6075,1.7005,2,0,1,0,0,20,20,0,53,0,1,0,1.046
11240,2.6104,1.7005,0.00,2.6104,1.7005,2,0,1,0,0,20,20,0,53,0,1,0,1.046
11250,2.6130,1.7005,0.00,2.6130,1.7005,2,0,1,0,0,20,20,0,53,0,1,0,1.046
11260,2.6155,1.7005,0.00,2.6155,1.7005,2,0,1,0,0,20,20,0,53,0,1,0,1.046
11270,2.6178,1.7005,0.00,2.6178,1.7005,2,0,1,0,0,20,20,0,53,0,1,0,1.046
11280,2.6201,1.7007,0.00,2.6201,1.7007,2,0,1,0,0,20,20,0,53,0,1,0,1.046
11290,2.6223,1.7011,0.00,2.6223,1.7011,2,0,1,0,0,20,20,0,53,0,1,0,1.045
11300,2.6245,1.7016,0.00,2.6245,1.7016,2,0,1,0,0,20,20,0,53,0,1,0,1.045
11310,2.6267,1.7023,0.00,2.6267,1.7023,2,0,1,0,0,20,20,0,53,0,1,0,1.044
11320,2.6288,1.7032,0.00,2.6288,1.7032,2,0,1,0,0,20,20,0,53,0,1,0,1.043
11330,2.6309,1.7042,0.00,2.6309,1.7042,2,0,1,0,0,20,20,0,53,0,1,0,1.042
11340,2.6330,1.7054,0.00,2.6330,1.7054,2,0,1,0,0,20,20,0,53,0,1,0,1.041
11350,2.6351,1.7068,0.00,2.6351,1.7068,2,0,1,0,0,20,20,0,53,0,1,0,1.040
11360,2.6371,1.7084,0.00,2.6371,1.7084,2,0,1,0,0,20,20,0,53,0,1,0,1.038
11370,2.6391,1.7101,0.00,2.6391,1.7101,2,0,1,0,0,20,20,0,53,0,1,0,1.036
11380,2.6411,1.7120,0.00,2.6411,1.7120,2,0,1,0,0,20,20,0,53,0,1,0,1.035
11390,2.6430,1.7140,0.00,2.6430,1.7140,2,0,1,0,0,20,20,0,53,0,1,0,1.032
11400,2.6449,1.7163,0.00,2.6449,1.7163,2,0,1,0,0,20,20,0,53,0,1,0,1.030
11410,2.6467,1.7187,0.00,2.6467,1.7187,2,0,1,0,0,20,20,0,53,0,1,0,1.028
11420,2.6485,1.7211,0.00,2.6485,1.7211,2,0,1,0,0,20,20,0,53,0,1,0,1.025
11430,2.6501,1.7237,0.00,2.6501,1.7237,2,0,1,0,0,20,20,0,53,0,1,0,1.023
11440,2.6517,1.7264,0.00,2.6517,1.7264,2,0,1,0,0,20,20,0,53,0,1,0,1.020
11450,2.6531,1.7292,0.00,2.6531,1.7292,2,0,1,0,0,20,20,0,53,0,1,0,1.017
11460,2.6545,1.7320,0.00,2.6545,1.7320,2,0,1,0,0,20,20,0,53,0,1,0,1.014
11470,2.6557,1.7350,0.00,2.6557,1.7350,2,0,1,0,0,20,20,0,53,0,1,0,1.011
11480,2.6569,1.7381,0.00,2.6569,1.7381,2,0,1,0,0,20,20,0,53,0,1,0,1.008
11490,2.6579,1.7413,0.00,2.6579,1.7413,2,0,1,0,0,20,20,0,53,0,1,0,1.005
11500,2.6588,1.7445,0.00,2.6588,1.7445,2,0,1,0,0,20,20,0,53,0,1,0,1.002
11510,2.6597,1.7479,0.00,2.6597,1.7479,2,0,1,0,0,20,20,0,53,0,1,0,0.999
11520,2.6604,1.7514,0.00,2.6604,1.7514,2,0,1,0,0,20,20,0,53,0,1,0,0.995
11530,2.6611,1.7549,0.00,2.6611,1.7549,2,0,1,0,0,20,20,0,53,0,1,0,0.992
11540,2.6616,1.7586,0.00,2.6616,1.7586,2,0,1,0,0,20,20,0,53,0,1,0,0.988
11550,2.6621,1.7624,0.00,2.6621,1.7624,2,0,1,0,0,20,20,0,53,0,1,0,0.984
11560,2.6624,1.7663,0.00,2.6624,1.7663,2,0,1,0,0,20,20,0,53,0,1,0,0.980
11570,2.6626,1.7702,0.00,2.6626,1.7702,2,0,1,0,0,20,20,0,53,0,1,0,0.976
11580,2.6628,1.7743,0.00,2.6628,1.7743,2,0,1,0,0,20,20,0,53,0,1,0,0.972
11590,2.6628,1.7785,0.00,2.6628,1.7785,2,0,1,0,0,20,20,0,53,0,1,0,0.968
11600,2.6628,1.7827,0.00,2.6628,1.7827,2,0,1,0,0,20,20,0,53,0,1,0,0.964
11610,2.6628,1.7869,0.00,2.6628,1.7869,2,0,1,0,0,20,20,0,53,0,1,0,0.960
11620,2.6628,1.7911,0.00,2.6628,1.7911,2,0,1,0,0,20,20,0,53,0,1,0,0.955
11630,2.6628,1.7954,0.00,2.6628,1.7954,2,0,1,0,0,20,20,0,53,0,1,0,0.951
11640,2.6628,1.7996,0.00,2.6628,1.7996,2,0,1,0,0,20,20,0,53,0,1,0,0.947
11650,2.6628,1.8038,0.00,2.6628,1.8038,2,0,1,0,0,20,20,0,53,0,1,0,0.943
11660,2.6628,1.8080,0.00,2.6628,1.8080,2,0,1,0,0,20,20,0,53,0,1,0,0.938
11670,2.6628,1.8122,0.00,2.6628,1.8122,2,0,1,0,0,20,20,0,53,0,1,0,0.934
11680,2.6628,1.8165,0.00,2.6628,1.8165,2,0,1,0,0,20,20,0,53,0,1,0,0.930
11690,2.6628,1.8207,0.00,2.6628,1.8207,2,0,1,0,0,20,20,0,53,0,1,0,0.926
11700,2.6628,1.8249,0.00,2.6628,1.8249,2,0,1,0,0,20,20,0,53,0,1,0,0.922
11710,2.6628,1.8291,0.00,2.6628,1.8291,2,0,1,0,0,20,20,0,53,0,1,0,0.917
11720,2.6628,1.8333,0.00,2.6628,1.8333,2,0,1,0,0,20,20,0,53,0,1,0,0.913
11730,2.6628,1.8375,0.00,2.6628,1.8375,2,0,1,0,0,20,20,0,53,0,1,0,0.909
11740,2.6628,1.8418,0.00,2.6628,1.8418,2,0,1,0,0,20,20,0,53,0,1,0,0.905
11750,2.6628,1.8460,0.00,2.6628,1.8460,2,0,1,0,0,20,20,0,53,0,1,0,0.901
11760,2.6628,1.8502,0.00,2.6628,1.8502,2,0,1,0,0,20,20,0,53,0,1,0,0.896
11770,2.6628,1.8544,0.00,2.6628,1.8544,2,0,1,0,0,20,20,0,53,0,1,0,0.892
11780,2.6628,1.8586,0.00,2.6628,1.8586,2,0,1,0,0,20,20,0,53,0,1,0,0.888
11790,2.6628,1.8629,0.00,2.6628,1.8629,2,0,1,0,0,20,20,0,53,0,1,0,0.884
11800,2.6628,1.8671,0.00,2.6628,1.8671,2,0,1,0,0,20,20,0,53,0,1,0,0.879
11810,2.6628,1.8713,0.00,2.6628,1.8713,2,0,1,0,0,20,20,0,53,0,1,0,0.875
11820,2.6628,1.8755,0.00,2.6628,1.8755,2,0,1,0,0,20,20,0,53,0,1,0,0.871
11830,2.6628,1.8797,0.00,2.6628,1.8797,2,0,1,0,0,20,20,0,53,0,1,0,0.867
11840,2.6628,1.8839,0.00,2.6628,1.8839,2,0,1,0,0,20,20,0,53,0,1,0,0.863
11850,2.6628,1.8882,0.00,2.6628,1.8882,2,0,1,0,0,20,20,0,53,0,1,0,0.858
11860,2.6628,1.8924,0.00,2.6628,1.8924,2,0,1,0,0,20,20,0,53,0,1,0,0.854
11870,2.6628,1.8966,0.00,2.6628,1.8966,2,0,1,0,0,20,20,0,53,0,1,0,0.850
11880,2.6628,1.9008,0.00,2.6628,1.9008,2,0,1,0,0,20,20,0,53,0,1,0,0.846
11890,2.6628,1.9050,0.00,2.6628,1.9050,2,0,1,0,0,20,20,0,53,0,1,0,0.841
11900,2.6628,1.9093,0.00,2.6628,1.9093,2,0,1,0,0,20,20,0,53,0,1,0,0.837
11910,2.6628,1.9135,0.00,2.6628,1.9135,2,0,1,0,0,20,20,0,53,0,1,0,0.833
11920,2.6628,1.9177,0.00,2.6628,1.9177,2,0,1,0,0,20,20,0,53,0,1,0,0.829
11930,2.6628,1.9219,0.00,2.6628,1.9219,2,0,1,0,0,20,20,0,53,0,1,0,0.825
11940,2.6628,1.9261,0.00,2.6628,1.9261,2,0,1,0,0,20,20,0,53,0,1,0,0.820
11950,2.6628,1.9303,0.00,2.6628,1.9303,2,0,1,0,0,20,20,0,53,0,1,0,0.816
11960,2.6628,1.9346,0.00,2.6628,1.9346,2,0,1,0,0,20,20,0,53,0,1,0,0.812
11970,2.6628,1.9388,0.00,2.6628,1.9388,2,0,1,0,0,20,20,0,53,0,1,0,0.808
11980,2.6628,1.9430,0.00,2.6628,1.9430,2,0,1,0,0,20,20,0,53,0,1,0,0.803
11990,2.6628,1.9472,0.00,2.6628,1.9472,2,0,1,0,0,20,20,0,53,0,1,0,0.799
12000,2.6628,1.9514,0.00,2.6628,1.9514,2,0,1,0,0,20,20,0,53,0,1,0,0.795
12010,2.6628,1.9557,0.00,2.6628,1.9557,2,0,1,0,0,20,20,0,53,0,1,0,0.791
12020,2.6628,1.9599,0.00,2.6628,1.9599,2,0,1,0,0,20,20,0,53,0,1,0,0.787
12030,2.6628,1.9641,0.00,2.6628,1.9641,2,0,1,0,0,20,20,0,53,0,1,0,0.782
12040,2.6628,1.9683,0.00,2.6628,1.9683,2,0,1,0,0,20,20,0,53,0,1,0,0.778
12050,2.6628,1.9725,0.00,2.6628,1.9725,2,0,1,0,0,20,20,0,53,0,1,0,0.774
12060,2.6628,1.9767,0.00,2.6628,1.9767,2,0,1,0,0,20,20,0,53,0,1,0,0.770
12070,2.6628,1.9810,0.00,2.6628,1.9810,2,0,1,0,0,20,20,0,53,0,1,0,0.766
12080,2.6628,1.9852,0.00,2.6628,1.9852,2,0,1,0,0,20,20,0,53,0,1,0,0.761
12090,2.6628,1.9894,0.00,2.6628,1.9894,2,0,1,0,0,20,20,0,53,0,1,0,0.757
12100,2.6628,1.9936,0.00,2.6628,1.9936,2,0,1,0,0,20,20,0,53,0,1,0,0.753
12110,2.6628,1.9978,0.00,2.6628,1.9978,2,0,1,0,0,20,20,0,53,0,1,0,0.749
12120,2.6628,2.0021,0.00,2.6628,2.0021,2,0,1,0,0,20,20,0,53,0,1,0,0.744
12130,2.6628,2.0063,0.00,2.6628,2.0063,2,0,1,0,0,20,20,0,53,0,1,0,0.740
12140,2.6628,2.0105,0.00,2.6628,2.0105,2,0,1,0,0,20,20,0,53,0,1,0,0.736
12150,2.6628,2.0147,0.00,2.6628,2.0147,2,0,1,0,0,20,20,0,53,0,1,0,0.732
12160,2.6628,2.0189,0.00,2.6628,2.0189,2,0,1,0,0,20,20,0,53,0,1,0,0.728
12170,2.6628,2.0231,0.00,2.6628,2.0231,2,0,1,0,0,20,20,0,53,0,1,0,0.723
12180,2.6628,2.0274,0.00,2.6628,2.0274,2,0,1,0,0,20,20,0,53,0,1,0,0.719
12190,2.6628,2.0316,0.00,2.6628,2.0316,2,0,1,0,0,20,20,0,53,0,1,0,0.715
12200,2.6628,2.0358,0.00,2.6628,2.0358,2,0,1,0,0,20,20,0,53,0,1,0,0.711
12210,2.6628,2.0400,0.00,2.6628,2.0400,2,0,1,0,0,20,20,0,53,0,1,0,0.706
12220,2.6628,2.0442,0.00,2.6628,2.0442,2,0,1,0,0,20,20,0,53,0,1,0,0.702
12230,2.6628,2.0485,0.00,2.6628,2.0485,2,0,1,0,0,20,20,0,53,0,1,0,0.698
12240,2.6628,2.0527,0.00,2.6628,2.0527,2,0,1,0,0,20,20,0,53,0,1,0,0.694
12250,2.6628,2.0569,0.00,2.6628,2.0569,2,0,1,0,0,20,20,0,53,0,1,0,0.690
12260,2.6628,2.0611,0.00,2.6628,2.0611,2,0,1,0,0,20,20,0,53,0,1,0,0.685
12270,2.6628,2.0653,0.00,2.6628,2.0653,2,0,1,0,0,20,20,0,53,0,1,0,0.681
12280,2.6628,2.0695,0.00,2.6628,2.0695,2,0,1,0,0,20,20,0,53,0,1,0,0.677
12290,2.6628,2.0738,0.00,2.6628,2.0738,2,0,1,0,0,20,20,0,53,0,1,0,0.673
12300,2.6628,2.0780,0.00,2.6628,2.0780,2,0,1,0,0,20,20,0,53,0,1,0,0.669
12310,2.6628,2.0822,0.00,2.6628,2.0822,2,0,1,0,0,20,20,0,53,0,1,0,0.664
12320,2.6628,2.0864,0.00,2.6628,2.0864,2,0,1,0,0,20,20,0,53,0,1,0,0.660
12330,2.6628,2.0906,0.00,2.6628,2.0906,2,0,1,0,0,20,20,0,53,0,1,0,0.656
12340,2.6628,2.0949,0.00,2.6628,2.0949,2,0,1,0,0,20,20,0,53,0,1,0,0.652
12350,2.6628,2.0991,0.00,2.6628,2.0991,2,0,1,0,0,20,20,0,53,0,1,0,0.647
12360,2.6628,2.1033,0.00,2.6628,2.1033,2,0,1,0,0,20,20,0,53,0,1,0,0.643
12370,2.6628,2.1075,0.00,2.6628,2.1075,2,0,1,0,0,20,20,0,53,0,1,0,0.639
12380,2.6628,2.1117,0.00,2.6628,2.1117,2,0,1,0,0,20,20,0,53,0,1,0,0.635
12390,2.6628,2.1159,0.00,2.6628,2.1159,2,0,1,0,0,20,20,0,53,0,1,0,0.631
12400,2.6628,2.1202,0.00,2.6628,2.1202,2,0,1,0,0,20,20,0,53,0,1,0,0.626
12410,2.6628,2.1244,0.00,2.6628,2.1244,2,0,1,0,0,20,20,0,53,0,1,0,0.622
12420,2.6628,2.1286,0.00,2.6628,2.1286,2,0,1,0,0,20,20,0,53,0,1,0,0.618
12430,2.6628,2.1328,0.00,2.6628,2.1328,2,0,1,0,0,20,20,0,53,0,1,0,0.614
12440,2.6628,2.1370,0.00,2.6628,2.1370,2,0,1,0,0,20,20,0,53,0,1,0,0.609
12450,2.6628,2.1413,0.00,2.6628,2.1413,2,0,1,0,0,20,20,0,53,0,1,0,0.605
12460,2.6628,2.1455,0.00,2.6628,2.1455,2,0,1,0,0,20,20,0,53,0,1,0,0.601
12470,2.6628,2.1497,0.00,2.6628,2.1497,2,0,1,0,0,20,20,0,53,0,1,0,0.597
12480,2.6628,2.1539,0.00,2.6628,2.1539,2,0,1,0,0,20,20,0,53,0,1,0,0.593
12490,2.6628,2.1581,0.00,2.6628,2.1581,2,0,1,0,0,20,20,0,53,0,1,0,0.588
12500,2.6628,2.1623,0.00,2.6628,2.1623,2,0,1,0,0,20,20,0,53,0,1,0,0.584
12510,2.6628,2.1666,0.00,2.6628,2.1666,2,0,1,0,0,20,20,0,53,0,1,0,0.580
12520,2.6628,2.1708,0.00,2.6628,2.1708,2,0,1,0,0,20,20,0,53,0,1,0,0.576
12530,2.6628,2.1750,0.00,2.6628,2.1750,2,0,1,0,0,20,20,0,53,0,1,0,0.572
12540,2.6628,2.1792,0.00,2.6628,2.1792,2,0,1,0,0,20,20,0,53,0,1,0,0.567
12550,2.6628,2.1834,0.00,2.6628,2.1834,2,0,1,0,0,20,20,0,53,0,1,0,0.563
12560,2.6628,2.1877,0.00,2.6628,2.1877,2,0,1,0,0,20,20,0,53,0,1,0,0.559
12570,2.6628,2.1919,0.00,2.6628,2.1919,2,0,1,0,0,20,20,0,53,0,1,0,0.555
12580,2.6628,2.1961,0.00,2.6628,2.1961,2,0,1,0,0,20,20,0,53,0,1,0,0.550
12590,2.6628,2.2003,0.00,2.6628,2.2003,2,0,1,0,0,20,20,0,53,0,1,0,0.546
12600,2.6628,2.2045,0.00,2.6628,2.2045,2,0,1,0,0,20,20,0,53,0,1,0,0.542
12610,2.6628,2.2087,0.00,2.6628,2.2087,2,0,1,0,0,20,20,0,53,1,1,0,0.538
12620,2.6628,2.2130,0.00,2.6628,2.2130,2,0,1,0,0,20,20,0,53,1,1,0,0.534
12630,2.6628,2.2172,0.00,2.6628,2.2172,2,0,1,0,0,20,20,0,53,1,1,0,0.529
12640,2.6628,2.2214,0.00,2.6628,2.2214,2,0,1,0,0,20,20,0,53,1,1,0,0.525
12650,2.6628,2.2256,0.00,2.6628,2.2256,2,0,1,0,0,20,20,0,53,1,1,0,0.521
12660,2.6628,2.2298,0.00,2.6628,2.2298,2,0,1,0,0,20,20,0,53,1,1,0,0.517
12670,2.6628,2.2340,0.00,2.6628,2.2340,2,0,1,0,0,20,20,0,53,1,1,0,0.512
12680,2.6628,2.2383,0.00,2.6628,2.2383,2,0,1,0,0,20,20,0,53,1,1,0,0.508
12690,2.6628,2.2425,0.00,2.6628,2.2425,2,0,1,0,0,20,20,0,53,1,1,0,0.504
12700,2.6628,2.2467,0.00,2.6628,2.2467,2,0,1,0,0,20,20,0,53,1,1,0,0.500
12710,2.6628,2.2509,0.00,2.6628,2.2509,2,0,1,0,0,20,20,0,53,1,1,0,0.496
12720,2.6628,2.2551,0.00,2.6628,2.2551,2,0,1,0,0,20,20,0,53,1,1,0,0.491
12730,2.6628,2.2594,0.00,2.6628,2.2594,2,0,1,0,0,20,20,0,53,1,1,0,0.487
12740,2.6628,2.2636,0.00,2.6628,2.2636,2,0,1,0,0,20,20,0,53,1,1,0,0.483
12750,2.6628,2.2678,0.00,2.6628,2.2678,2,0,1,0,0,20,20,0,53,1,1,0,0.479
12760,2.6628,2.2720,0.00,2.6628,2.2720,2,0,1,0,0,20,20,0,53,1,1,0,0.474
12770,2.6628,2.2762,0.00,2.6628,2.2762,2,0,1,0,0,20,20,0,53,1,1,0,0.470
12780,2.6628,2.2804,0.00,2.6628,2.2804,2,0,1,0,0,20,20,0,53,1,1,0,0.466
12790,2.6628,2.2847,0.00,2.6628,2.2847,2,0,1,0,0,20,20,0,53,1,1,0,0.462
12800,2.6628,2.2889,0.00,2.6628,2.2889,2,0,1,0,0,20,20,0,53,1,1,0,0.458
12810,2.6628,2.2931,0.00,2.6628,2.2931,2,0,1,0,0,20,20,0,53,1,1,0,0.453
12820,2.6628,2.2973,0.00,2.6628,2.2973,2,0,1,0,0,20,20,0,53,1,1,0,0.449
12830,2.6628,2.3015,0.00,2.6628,2.3015,2,0,1,0,0,20,20,0,53,1,1,0,0.445
12840,2.6628,2.3058,0.00,2.6628,2.3058,2,0,1,0,0,20,20,0,53,1,1,0,0.441
12850,2.6628,2.3100,0.00,2.6628,2.3100,2,0,1,0,0,20,20,0,53,1,1,0,0.437
12860,2.6628,2.3142,0.00,2.6628,2.3142,2,0,1,0,0,20,20,0,53,1,1,0,0.432
12870,2.6628,2.3184,0.00,2.6628,2.3184,2,0,1,0,0,20,20,0,53,1,1,0,0.428
12880,2.6628,2.3226,0.00,2.6628,2.3226,2,0,1,0,0,20,20,0,53,1,1,0,0.424
12890,2.6628,2.3268,0.00,2.6628,2.3268,2,0,1,0,0,20,20,0,53,1,1,0,0.420
12900,2.6628,2.3311,0.00,2.6628,2.3311,2,0,1,0,0,20,20,0,53,1,1,0,0.415
12910,2.6628,2.3353,0.00,2.6628,2.3353,2,0,1,0,0,20,20,0,53,1,1,0,0.411
12920,2.6628,2.3395,0.00,2.6628,2.3395,2,0,1,0,0,20,20,0,53,1,1,0,0.407
12930,2.6628,2.3437,0.00,2.6628,2.3437,2,0,1,0,0,20,20,0,53,1,1,0,0.403
12940,2.6628,2.3479,0.00,2.6628,2.3479,2,0,1,0,0,20,20,0,53,1,1,0,0.399
12950,2.6628,2.3522,0.00,2.6628,2.3522,2,0,1,0,0,20,20,0,53,1,1,0,0.394
12960,2.6628,2.3564,0.00,2.6628,2.3564,2,0,1,0,0,20,20,0,53,1,1,0,0.390
12970,2.6628,2.3606,0.00,2.6628,2.3606,2,0,1,0,0,20,20,0,53,1,1,0,0.386
12980,2.6628,2.3648,0.00,2.6628,2.3648,2,0,1,0,0,20,20,0,53,1,1,0,0.382
12990,2.6628,2.3690,0.00,2.6628,2.3690,2,0,1,0,0,20,20,0,53,1,1,0,0.377
13000,2.6628,2.3732,0.00,2.6628,2.3732,2,0,1,0,0,20,20,0,53,1,1,0,0.373
13010,2.6628,2.3775,0.00,2.6628,2.3775,2,0,1,0,0,20,20,0,53,1,1,0,0.369
13020,2.6628,2.3817,0.00,2.6628,2.3817,2,0,1,0,0,20,20,0,53,1,1,0,0.365
13030,2.6628,2.3859,0.00,2.6628,2.3859,2,0,1,0,0,20,20,0,53,1,1,0,0.361
13040,2.6628,2.3901,0.00,2.6628,2.3901,2,0,1,0,0,20,20,0,53,1,1,0,0.356
13050,2.6628,2.3943,0.00,2.6628,2.3943,2,0,1,0,0,20,20,0,53,1,1,0,0.352
13060,2.6628,2.3986,0.00,2.6628,2.3986,2,0,1,0,0,20,20,0,53,1,1,0,0.348
13070,2.6628,2.4028,0.00,2.6628,2.4028,2,0,1,0,0,20,20,0,53,1,1,0,0.344
13080,2.6628,2.4070,0.00,2.6628,2.4070,2,0,1,0,0,20,20,0,53,1,1,0,0.340
13090,2.6628,2.4112,0.00,2.6628,2.4112,2,0,1,0,0,20,20,0,53,1,1,0,0.335
13100,2.6628,2.4154,0.00,2.6628,2.4154,2,0,1,0,0,20,20,0,53,1,1,0,0.331
13110,2.6628,2.4196,0.00,2.6628,2.4196,2,0,1,0,0,20,20,0,53,1,1,0,0.327
13120,2.6628,2.4239,0.00,2.6628,2.4239,2,0,1,0,0,20,20,0,53,1,1,0,0.323
13130,2.6628,2.4281,0.00,2.6628,2.4281,2,0,1,0,0,20,20,0,53,1,1,0,0.318
13140,2.6628,2.4323,0.00,2.6628,2.4323,2,0,1,0,0,20,20,0,53,1,1,0,0.314
13150,2.6628,2.4365,0.00,2.6628,2.4365,2,0,1,0,0,20,20,0,53,1,1,0,0.310
13160,2.6628,2.4407,0.00,2.6628,2.4407,2,0,1,0,0,20,20,0,53,1,1,0,0.306
13170,2.6628,2.4450,0.00,2.6628,2.4450,2,0,1,0,0,20,20,0,53,1,1,0,0.302
13180,2.6628,2.4492,0.00,2.6628,2.4492,2,0,1,0,0,20,20,0,53,1,1,0,0.297
13190,2.6628,2.4534,0.00,2.6628,2.4534,2,0,1,0,0,20,20,0,53,1,1,0,0.293
13200,2.6628,2.4576,0.00,2.6628,2.4576,2,0,1,0,0,20,20,0,53,1,1,0,0.289
13210,2.6628,2.4618,0.00,2.6628,2.4618,2,0,1,0,0,20,20,0,53,1,1,0,0.285
13220,2.6628,2.4660,0.00,2.6628,2.4660,2,0,1,0,0,20,20,0,53,1,1,0,0.280
13230,2.6628,2.4703,0.00,2.6628,2.4703,2,0,1,0,0,20,20,0,53,1,1,0,0.276
13240,2.6628,2.4745,0.00,2.6628,2.4745,2,0,1,0,0,20,20,0,53,1,1,0,0.272
13250,2.6628,2.4787,0.00,2.6628,2.4787,2,0,1,0,0,20,20,0,53,1,1,0,0.268
13260,2.6628,2.4829,0.00,2.6628,2.4829,2,0,1,0,0,20,20,0,53,1,1,0,0.264
13270,2.6628,2.4871,0.00,2.6628,2.4871,2,0,1,0,0,20,20,0,53,1,1,0,0.259
13280,2.6628,2.4914,0.00,2.6628,2.4914,2,0,1,0,0,20,20,0,53,1,1,0,0.255
13290,2.6628,2.4956,0.00,2.6628,2.4956,2,0,1,0,0,20,20,0,53,1,1,0,0.251
13300,2.6628,2.4998,0.00,2.6628,2.4998,2,0,1,0,0,20,20,0,53,1,1,0,0.247
13310,2.6628,2.5040,0.00,2.6628,2.5040,2,0,1,0,0,20,20,0,53,1,1,0,0.242
13320,2.6628,2.5082,0.00,2.6628,2.5082,2,0,1,0,0,20,20,0,53,1,1,0,0.238
13330,2.6628,2.5124,0.00,2.6628,2.5124,2,0,1,0,0,20,20,0,53,1,1,0,0.234
13340,2.6628,2.5167,0.00,2.6628,2.5167,2,0,1,0,0,20,20,0,53,1,1,0,0.230
13350,2.6628,2.5209,0.00,2.6628,2.5209,2,0,1,0,0,20,20,0,53,1,1,0,0.226
13360,2.6628,2.5251,0.00,2.6628,2.5251,2,0,1,0,0,20,20,0,53,1,1,0,0.221
13370,2.6628,2.5293,0.00,2.6628,2.5293,2,0,1,0,0,20,20,0,53,1,1,0,0.217
13380,2.6628,2.5335,0.00,2.6628,2.5335,2,0,1,0,0,20,20,0,53,1,1,0,0.213
13390,2.6628,2.5378,0.00,2.6628,2.5378,2,0,1,0,0,20,20,0,53,1,1,0,0.209
13400,2.6628,2.5420,0.00,2.6628,2.5420,2,0,1,0,0,20,20,0,53,1,1,0,0.205
13410,2.6628,2.5462,0.00,2.6628,2.5462,2,0,1,0,0,20,20,0,53,1,1,0,0.200
13420,2.6628,2.5504,0.00,2.6628,2.5504,2,0,1,0,0,20,20,0,53,1,1,0,0.196
13430,2.6628,2.5546,0.00,2.6628,2.5546,2,0,1,0,0,20,20,0,53,1,1,0,0.192
13440,2.6628,2.5588,0.00,2.6628,2.5588,2,0,1,0,0,20,20,0,53,1,1,0,0.188
13450,2.6628,2.5631,0.00,2.6628,2.5631,2,0,1,0,0,20,20,0,53,1,1,0,0.183
13460,2.6628,2.5673,0.00,2.6628,2.5673,2,0,1,0,0,20,20,0,53,1,1,0,0.179
13470,2.6628,2.5715,0.00,2.6628,2.5715,2,0,1,0,0,20,20,0,53,1,1,0,0.175
13480,2.6628,2.5757,0.00,2.6628,2.5757,2,0,1,0,0,20,20,0,53,1,1,0,0.171
13490,2.6628,2.5799,0.00,2.6628,2.5799,2,0,1,0,0,20,20,0,53,1,1,0,0.167
13500,2.6628,2.5842,0.00,2.6628,2.5842,2,0,1,0,0,20,20,0,53,1,1,0,0.162
13510,2.6628,2.5884,0.00,2.6628,2.5884,2,0,1,0,0,20,20,0,53,1,1,0,0.158
13520,2.6628,2.5926,0.00,2.6628,2.5926,2,0,1,0,0,20,20,0,53,1,1,0,0.154
13530,2.6628,2.5968,0.00,2.6628,2.5968,2,0,1,0,0,20,20,0,53,1,1,0,0.150
13540,2.6628,2.6010,0.00,2.6628,2.6010,3,0,0,0,0,20,20,0,0,0,0,0,1000.000
13550,2.6628,2.6051,0.00,2.6628,2.6051,3,0,0,0,0,20,20,0,0,0,0,0,1000.000
13560,2.6628,2.6090,0.00,2.6628,2.6090,3,0,0,0,0,20,20,0,0,0,0,0,1000.000
13570,2.6628,2.6126,0.00,2.6628,2.6126,3,0,0,0,0,20,20,0,0,0,0,0,1000.000
13580,2.6628,2.6161,0.00,2.6628,2.6161,3,0,0,0,0,20,20,0,0,0,0,0,1000.000
13590,2.6628,2.6194,0.00,2.6628,2.6194,3,0,0,0,0,20,20,0,0,0,0,0,1000.000
13600,2.6628,2.6224,0.00,2.6628,2.6224,3,0,1,0,0,20,20,0,0,0,0,0,1000.000
13610,2.6628,2.6253,0.00,2.6628,2.6253,3,0,1,0,0,20,20,0,0,0,0,0,1000.000
13620,2.6628,2.6280,0.00,2.6628,2.6280,3,0,1,0,0,20,20,0,0,0,0,0,1000.000
13630,2.6628,2.6304,0.00,2.6628,2.6304,3,0,1,0,0,20,20,0,0,0,0,0,1000.000
13640,2.6628,2.6327,0.00,2.6628,2.6327,3,0,1,0,0,20,20,0,0,0,0,0,1000.000
13650,2.6628,2.6348,0.00,2.6628,2.6348,3,0,1,0,0,20,20,-61,0,0,0,1,2.393
13660,2.6628,2.6366,0.00,2.6628,2.6366,3,0,1,0,0,20,20,-61,0,0,0,1,2.393
13670,2.6628,2.6383,0.00,2.6628,2.6383,3,0,1,0,0,20,20,-61,0,0,0,1,2.393
13680,2.6628,2.6398,0.00,2.6628,2.6398,3,0,1,0,0,20,20,-61,0,0,0,1,2.393
13690,2.6628,2.6410,0.00,2.6628,2.6410,3,0,1,0,0,20,20,-61,0,0,0,1,2.393
13700,2.6628,2.6421,0.00,2.6628,2.6421,3,0,1,0,0,20,20,-61,0,0,0,1,2.393
13710,2.6628,2.6430,0.00,2.6628,2.6430,3,0,1,0,0,20,20,-61,0,0,0,1,2.393
13720,2.6626,2.6439,0.00,2.6626,2.6439,3,0,1,0,0,20,20,-61,0,0,0,1,2.393
13730,2.6623,2.6447,0.00,2.6623,2.6447,3,0,1,0,0,20,20,-61,0,0,0,1,2.392
13740,2.6617,2.6455,-0.00,2.6617,2.6455,3,0,1,0,0,20,20,-61,0,0,0,1,2.392
13750,2.6610,2.6463,-0.00,2.6610,2.6463,3,0,1,0,0,20,20,-61,0,0,0,1,2.391
13760,2.6601,2.6471,-0.00,2.6601,2.6471,3,0,1,0,0,20,20,-61,0,0,0,1,2.390
13770,2.6590,2.6479,0.00,2.6590,2.6479,3,0,1,0,0,20,20,-61,0,0,0,1,2.389
13780,2.6577,2.6486,0.00,2.6577,2.6486,3,0,1,0,0,20,20,-61,0,0,0,1,2.388
13790,2.6562,2.6493,0.00,2.6562,2.6493,3,0,1,0,0,20,20,-61,0,0,0,1,2.386
13800,2.6546,2.6500,-0.00,2.6546,2.6500,3,0,1,0,0,20,20,-61,0,0,0,1,2.385
13810,2.6528,2.6507,-0.00,2.6528,2.6507,3,0,1,0,0,20,20,-61,0,0,0,1,2.383
13820,2.6508,2.6514,-0.00,2.6508,2.6514,3,0,1,0,0,20,20,-61,0,0,0,1,2.381
13830,2.6486,2.6520,0.00,2.6486,2.6520,3,0,1,0,0,20,20,-61,0,0,0,1,2.379
13840,2.6463,2.6526,0.00,2.6463,2.6526,3,0,1,0,0,20,20,-61,0,0,0,1,2.376
13850,2.6437,2.6532,0.00,2.6437,2.6532,3,0,1,0,0,19,20,-61,0,0,0,1,2.374
13860,2.6410,2.6538,0.00,2.6410,2.6538,3,0,1,0,0,19,20,-61,0,0,0,1,2.371
13870,2.6381,2.6544,0.00,2.6381,2.6544,3,0,1,0,0,19,20,-61,0,0,0,1,2.368
13880,2.6350,2.6550,-0.00,2.6350,2.6550,3,0,1,0,0,19,20,-61,0,0,0,1,2.365
13890,2.6317,2.6555,-0.00,2.6317,2.6555,3,0,1,0,0,19,20,-61,0,0,0,1,2.362
13900,2.6283,2.6560,0.00,2.6283,2.6560,3,0,1,0,0,19,20,-61,0,0,0,1,2.358
13910,2.6247,2.6565,0.00,2.6247,2.6565,3,0,1,0,0,19,20,-61,0,0,0,1,2.355
13920,2.6209,2.6570,0.00,2.6209,2.6570,3,0,1,0,0,19,20,-61,0,0,0,1,2.351
13930,2.6169,2.6574,0.00,2.6169,2.6574,3,0,1,0,0,19,20,-61,0,0,0,1,2.347
13940,2.6127,2.6579,0.00,2.6127,2.6579,3,0,1,0,0,19,20,-61,0,0,0,1,2.343
13950,2.6084,2.6583,0.00,2.6084,2.6583,3,0,1,0,0,19,20,-61,0,0,0,1,2.338
13960,2.6039,2.6586,-0.00,2.6039,2.6586,3,0,1,0,0,19,20,-61,0,0,0,1,2.334
13970,2.5993,2.6589,-0.00,2.5993,2.6589,3,0,1,0,0,19,20,-61,0,0,0,1,2.329
13980,2.5946,2.6591,0.00,2.5946,2.6591,3,0,1,0,0,19,20,-61,0,0,0,1,2.325
13990,2.5898,2.6591,-0.00,2.5898,2.6591,3,0,1,0,0,19,20,-61,0,0,0,1,2.320
14000,2.5849,2.6591,-0.00,2.5849,2.6591,3,0,1,0,0,19,20,-61,0,0,0,1,2.315
14010,2.5801,2.6591,-0.00,2.5801,2.6591,3,0,1,0,0,19,20,-61,0,0,0,1,2.310
14020,2.5752,2.6591,-0.00,2.5752,2.6591,3,0,1,0,0,19,20,-61,0,0,0,1,2.305
14030,2.5704,2.6591,-0.00,2.5704,2.6591,3,0,1,0,0,19,20,-61,0,0,0,1,2.300
14040,2.5655,2.6591,-0.00,2.5655,2.6591,3,0,1,0,0,19,20,-61,0,0,0,1,2.296
14050,2.5607,2.6591,-0.00,2.5607,2.6591,3,0,1,0,0,19,20,-61,0,0,0,1,2.291
14060,2.5558,2.6591,-0.00,2.5558,2.6591,3,0,1,0,0,19,20,-61,0,0,0,1,2.286
14070,2.5510,2.6591,-0.00,2.5510,2.6591,3,0,1,0,0,19,20,-61,0,0,0,1,2.281
14080,2.5461,2.6591,-0.00,2.5461,2.6591,3,0,1,0,0,19,20,-61,0,0,0,1,2.276
14090,2.5412,2.6591,-0.00,2.5412,2.6591,3,0,1,0,0,19,20,-61,0,0,0,1,2.271
14100,2.5364,2.6591,-0.00,2.5364,2.6591,3,0,1,0,0,19,20,-61,0,0,0,1,2.266
14110,2.5315,2.6591,-0.00,2.5315,2.6591,3,0,1,0,0,19,20,-61,0,0,0,1,2.262
14120,2.5267,2.6591,-0.00,2.5267,2.6591,3,0,1,0,0,19,20,-61,0,0,0,1,2.257
14130,2.5218,2.6591,-0.00,2.5218,2.6591,3,0,1,0,0,19,20,-61,0,0,0,1,2.252
14140,2.5170,2.6591,-0.00,2.5170,2.6591,3,0,1,0,0,19,20,-61,0,0,0,1,2.247
14150,2.5121,2.6591,-0.00,2.5121,2.6591,3,0,1,0,0,19,20,-61,0,0,0,1,2.242
14160,2.5073,2.6591,-0.00,2.5073,2.6591,3,0,1,0,0,19,20,-61,0,0,0,1,2.237
14170,2.5024,2.6591,-0.00,2.5024,2.6591,3,0,1,0,0,19,20,-61,0,0,0,1,2.232
14180,2.4976,2.6591,-0.00,2.4976,2.6591,3,0,1,0,0,19,20,-61,0,0,0,1,2.228
14190,2.4927,2.6591,-0.00,2.4927,2.6591,3,0,1,0,0,19,20,-61,0,0,0,1,2.223
14200,2.4878,2.6591,-0.00,2.4878,2.6591,3,0,1,0,0,19,20,-61,0,0,0,1,2.218
14210,2.4830,2.6591,-0.00,2.4830,2.6591,3,0,1,0,0,19,20,-61,0,0,0,1,2.213
14220,2.4781,2.6591,-0.00,2.4781,2.6591,3,0,1,0,0,19,20,-61,0,0,0,1,2.208
14230,2.4733,2.6591,-0.00,2.4733,2.6591,3,0,1,0,0,19,20,-61,0,0,0,1,2.203
14240,2.4684,2.6591,-0.00,2.4684,2.6591,3,0,1,0,0,19,20,-61,0,0,0,1,2.198
14250,2.4636,2.6591,-0.00,2.4636,2.6591,3,0,1,0,0,19,20,-61,0,0,0,1,2.194
14260,2.4587,2.6591,-0.00,2.4587,2.6591,3,0,1,0,0,19,20,-61,0,0,0,1,2.189
14270,2.4539,2.6591,-0.00,2.4539,2.6591,3,0,1,0,0,19,20,-61,0,0,0,1,2.184
14280,2.4490,2.6591,-0.00,2.4490,2.6591,3,0,1,0,0,19,20,-61,0,0,0,1,2.179
14290,2.4442,2.6591,-0.00,2.4442,2.6591,3,0,1,0,0,19,20,-61,0,0,0,1,2.174
14300,2.4393,2.6591,-0.00,2.4393,2.6591,3,0,1,0,0,19,20,-61,0,0,0,1,2.169
14310,2.4344,2.6591,-0.00,2.4344,2.6591,3,0,1,0,0,19,20,-61,0,0,0,1,2.164
14320,2.4296,2.6591,-0.00,2.4296,2.6591,3,0,1,0,0,19,20,-61,0,0,0,1,2.160
14330,2.4247,2.6591,-0.00,2.4247,2.6591,3,0,1,0,0,19,20,-61,0,0,0,1,2.155
14340,2.4199,2.6591,-0.00,2.4199,2.6591,3,0,1,0,0,19,20,-61,0,0,0,1,2.150
14350,2.4150,2.6591,-0.00,2.4150,2.6591,3,0,1,0,0,19,20,-61,0,0,0,1,2.145
14360,2.4102,2.6591,-0.00,2.4102,2.6591,3,0,1,0,0,19,20,-61,0,0,0,1,2.140
14370,2.4053,2.6591,-0.00,2.4053,2.6591,3,0,1,0,0,19,20,-61,0,0,0,1,2.135
14380,2.4005,2.6591,-0.00,2.4005,2.6591,3,0,1,0,0,19,20,-61,0,0,0,1,2.130
14390,2.3956,2.6591,-0.00,2.3956,2.6591,3,0,1,0,0,19,20,-61,0,0,0,1,2.126
14400,2.3907,2.6591,-0.00,2.3907,2.6591,3,0,1,0,0,19,20,-61,0,0,0,1,2.121
14410,2.3859,2.6591,-0.00,2.3859,2.6591,3,0,1,0,0,19,20,-61,0,0,0,1,2.116
14420,2.3810,2.6591,-0.00,2.3810,2.6591,3,0,1,0,0,19,20,-61,0,0,0,1,2.111
14430,2.3762,2.6591,-0.00,2.3762,2.6591,3,0,1,0,0,19,20,-61,0,0,0,1,2.106
14440,2.3713,2.6591,-0.00,2.3713,2.6591,3,0,1,0,0,19,20,-61,0,0,0,1,2.101
14450,2.3665,2.6591,-0.00,2.3665,2.6591,3,0,1,0,0,19,20,-61,0,0,0,1,2.096
14460,2.3616,2.6591,-0.00,2.3616,2.6591,3,0,1,0,0,19,20,-61,0,0,0,1,2.092
14470,2.3568,2.6591,-0.00,2.3568,2.6591,3,0,1,0,0,19,20,-61,0,0,0,1,2.087
14480,2.3519,2.6591,-0.00,2.3519,2.6591,3,0,1,0,0,19,20,-61,0,0,0,1,2.082
14490,2.3471,2.6591,-0.00,2.3471,2.6591,3,0,1,0,0,19,20,-61,0,0,0,1,2.077
14500,2.3422,2.6591,-0.00,2.3422,2.6591,3,0,1,0,0,19,20,-61,0,0,0,1,2.072
14510,2.3373,2.6591,-0.00,2.3373,2.6591,3,0,1,0,0,19,20,-61,0,0,0,1,2.067
14520,2.3325,2.6591,-0.00,2.3325,2.6591,3,0,1,0,0,19,20,-61,0,0,0,1,2.062
14530,2.3276,2.6591,-0.00,2.3276,2.6591,3,0,1,0,0,19,20,-61,0,0,0,1,2.058
14540,2.3228,2.6591,-0.00,2.3228,2.6591,3,0,1,0,0,19,20,-61,0,0,0,1,2.053
14550,2.3179,2.6591,-0.00,2.3179,2.6591,3,0,1,0,0,19,20,-61,0,0,0,1,2.048
14560,2.3131,2.6591,-0.00,2.3131,2.6591,3,0,1,0,0,19,20,-61,0,0,0,1,2.043
14570,2.3082,2.6591,-0.00,2.3082,2.6591,3,0,1,0,0,19,20,-61,0,0,0,1,2.038
14580,2.3034,2.6591,-0.00,2.3034,2.6591,3,0,1,0,0,19,20,-61,0,0,0,1,2.033
14590,2.2985,2.6591,-0.00,2.2985,2.6591,3,0,1,0,0,19,20,-61,0,0,0,1,2.029
14600,2.2937,2.6591,-0.00,2.2937,2.6591,3,0,1,0,0,19,20,-61,0,0,0,1,2.024
14610,2.2888,2.6591,-0.00,2.2888,2.6591,3,0,1,0,0,19,20,-61,0,0,0,1,2.019
14620,2.2839,2.6591,-0.00,2.2839,2.6591,3,0,1,0,0,19,20,-61,0,0,0,1,2.014
14630,2.2791,2.6591,-0.00,2.2791,2.6591,3,0,1,0,0,19,20,-61,0,0,0,1,2.009
14640,2.2742,2.6591,-0.00,2.2742,2.6591,3,0,1,0,0,19,20,-61,0,0,0,1,2.004
14650,2.2694,2.6591,-0.00,2.2694,2.6591,3,0,1,0,0,19,20,-61,0,0,0,1,1.999
14660,2.2645,2.6591,-0.00,2.2645,2.6591,3,0,1,0,0,19,20,-61,0,0,0,1,1.995
14670,2.2597,2.6591,-0.00,2.2597,2.6591,3,0,1,0,0,19,20,-61,0,0,0,1,1.990
14680,2.2548,2.6591,-0.00,2.2548,2.6591,3,0,1,0,0,19,20,-61,0,0,0,1,1.985
14690,2.2500,2.6591,-0.00,2.2500,2.6591,3,0,1,0,0,19,20,-61,0,0,0,1,1.980
14700,2.2451,2.6591,-0.00,2.2451,2.6591,3,0,1,0,0,19,20,-61,0,0,0,1,1.975
14710,2.2402,2.6591,-0.00,2.2402,2.6591,3,0,1,0,0,19,20,-61,0,0,0,1,1.970
14720,2.2354,2.6591,-0.00,2.2354,2.6591,3,0,1,0,0,19,20,-61,0,0,0,1,1.965
14730,2.2305,2.6591,-0.00,2.2305,2.6591,3,0,1,0,0,19,20,-61,0,0,0,1,1.961
14740,2.2257,2.6591,-0.00,2.2257,2.6591,3,0,1,0,0,19,20,-61,0,0,0,1,1.956
14750,2.2208,2.6591,-0.00,2.2208,2.6591,3,0,1,0,0,19,20,-61,0,0,0,1,1.951
14760,2.2160,2.6591,-0.00,2.2160,2.6591,3,0,1,0,0,19,20,-61,0,0,0,1,1.946
14770,2.2111,2.6591,-0.00,2.2111,2.6591,3,0,1,0,0,19,20,-61,0,0,0,1,1.941
14780,2.2063,2.6591,-0.00,2.2063,2.6591,3,0,1,0,0,19,20,-61,0,0,0,1,1.936
14790,2.2014,2.6591,-0.00,2.2014,2.6591,3,0,1,0,0,19,20,-61,0,0,0,1,1.931
14800,2.1966,2.6591,-0.00,2.1966,2.6591,3,0,1,0,0,19,20,-61,0,0,0,1,1.927
14810,2.1917,2.6591,-0.00,2.1917,2.6591,3,0,1,0,0,19,20,-61,0,0,0,1,1.922
14820,2.1868,2.6591,-0.00,2.1868,2.6591,3,0,1,0,0,19,20,-61,0,0,0,1,1.917
14830,2.1820,2.6591,-0.00,2.1820,2.6591,3,0,1,0,0,19,20,-61,0,0,0,1,1.912
14840,2.1771,2.6591,-0.00,2.1771,2.6591,3,0,1,0,0,19,20,-61,0,0,0,1,1.907
14850,2.1723,2.6591,-0.00,2.1723,2.6591,3,0,1,0,0,19,20,-61,0,0,0,1,1.902
14860,2.1674,2.6591,-0.00,2.1674,2.6591,3,0,1,0,0,19,20,-61,0,0,0,1,1.897
14870,2.1626,2.6591,-0.00,2.1626,2.6591,3,0,1,0,0,19,20,-61,0,0,0,1,1.893
14880,2.1577,2.6591,-0.00,2.1577,2.6591,3,0,1,0,0,19,20,-61,0,0,0,1,1.888
14890,2.1529,2.6591,-0.00,2.1529,2.6591,3,0,1,0,0,19,20,-61,0,0,0,1,1.883
14900,2.1480,2.6591,-0.00,2.1480,2.6591,3,0,1,0,0,19,20,-61,0,0,0,1,1.878
14910,2.1432,2.6591,-0.00,2.1432,2.6591,3,0,1,0,0,19,20,-61,0,0,0,1,1.873
14920,2.1383,2.6591,-0.00,2.1383,2.6591,3,0,1,0,0,19,20,-61,0,0,0,1,1.868
14930,2.1334,2.6591,-0.00,2.1334,2.6591,3,0,1,0,0,19,20,-61,0,0,0,1,1.863
14940,2.1286,2.6591,-0.00,2.1286,2.6591,3,0,1,0,0,19,20,-61,0,0,0,1,1.859
14950,2.1237,2.6591,-0.00,2.1237,2.6591,3,0,1,0,0,19,20,-61,0,0,0,1,1.854
14960,2.1189,2.6591,-0.00,2.1189,2.6591,3,0,1,0,0,19,20,-61,0,0,0,1,1.849
14970,2.1140,2.6591,-0.00,2.1140,2.6591,3,0,1,0,0,19,20,-61,0,0,0,1,1.844
14980,2.1092,2.6591,-0.00,2.1092,2.6591,3,0,1,0,0,19,20,-61,0,0,0,1,1.839
14990,2.1043,2.6591,-0.00,2.1043,2.6591,3,0,1,0,0,19,20,-61,0,0,0,1,1.834
15000,2.0995,2.6591,-0.00,2.0995,2.6591,3,0,1,0,0,19,20,-61,0,0,0,1,1.829
15010,2.0946,2.6591,-0.00,2.0946,2.6591,3,0,1,0,0,19,20,-61,0,0,0,1,1.825
15020,2.0897,2.6591,-0.00,2.0897,2.6591,3,0,1,0,0,19,20,-61,0,0,0,1,1.820
15030,2.0849,2.6591,-0.00,2.0849,2.6591,3,0,1,0,0,19,20,-61,0,0,0,1,1.815
15040,2.0800,2.6591,-0.00,2.0800,2.6591,3,0,1,0,0,19,20,-61,0,0,0,1,1.810
15050,2.0752,2.6591,-0.00,2.0752,2.6591,3,0,1,0,0,19,20,-61,0,0,0,1,1.805
15060,2.0703,2.6591,-0.00,2.0703,2.6591,3,0,1,0,0,19,20,-61,0,0,0,1,1.800
15070,2.0655,2.6591,-0.00,2.0655,2.6591,3,0,1,0,0,19,20,-61,0,0,0,1,1.795
15080,2.0606,2.6591,-0.00,2.0606,2.6591,3,0,1,0,0,19,20,-61,0,0,0,1,1.791
15090,2.0558,2.6591,-0.00,2.0558,2.6591,3,0,1,0,0,19,20,-61,0,0,0,1,1.786
15100,2.0509,2.6591,-0.00,2.0509,2.6591,3,0,1,0,0,19,20,-61,0,0,0,1,1.781
15110,2.0461,2.6591,-0.00,2.0461,2.6591,3,0,1,0,0,19,20,-61,0,0,0,1,1.776
15120,2.0412,2.6591,-0.00,2.0412,2.6591,3,0,1,0,0,19,20,-61,0,0,0,1,1.771
15130,2.0363,2.6591,-0.00,2.0363,2.6591,3,0,1,0,0,19,20,-61,0,0,0,1,1.766
15140,2.0315,2.6591,-0.00,2.0315,2.6591,3,0,1,0,0,19,20,-61,0,0,0,1,1.761
15150,2.0266,2.6591,-0.00,2.0266,2.6591,3,0,1,0,0,19,20,-61,0,0,0,1,1.757
15160,2.0218,2.6591,-0.00,2.0218,2.6591,3,0,1,0,0,19,20,-61,0,0,0,1,1.752
15170,2.0169,2.6591,-0.00,2.0169,2.6591,3,0,1,0,0,19,20,-61,0,0,0,1,1.747
15180,2.0121,2.6591,-0.00,2.0121,2.6591,3,0,1,0,0,19,20,-61,0,0,0,1,1.742
15190,2.0072,2.6591,-0.00,2.0072,2.6591,3,0,1,0,0,19,20,-61,0,0,0,1,1.737
15200,2.0024,2.6591,-0.00,2.0024,2.6591,3,0,1,0,0,19,20,-61,0,0,0,1,1.732
15210,1.9975,2.6591,-0.00,1.9975,2.6591,3,0,1,0,0,19,20,-61,0,0,0,1,1.728
15220,1.9927,2.6591,-0.00,1.9927,2.6591,3,0,1,0,0,19,20,-61,0,0,0,1,1.723
15230,1.9878,2.6591,-0.00,1.9878,2.6591,3,0,1,0,0,19,20,-61,0,0,0,1,1.718
15240,1.9829,2.6591,-0.00,1.9829,2.6591,3,0,1,0,0,19,20,-61,0,0,0,1,1.713
15250,1.9781,2.6591,-0.00,1.9781,2.6591,3,0,1,0,0,19,20,-61,0,0,0,1,1.708
15260,1.9732,2.6591,-0.00,1.9732,2.6591,3,0,1,0,0,19,20,-61,0,0,0,1,1.703
15270,1.9684,2.6591,-0.00,1.9684,2.6591,3,0,1,0,0,19,20,-61,0,0,0,1,1.698
15280,1.9635,2.6591,-0.00,1.9635,2.6591,3,0,1,0,0,19,20,-61,0,0,0,1,1.694
15290,1.9587,2.6591,-0.00,1.9587,2.6591,3,0,1,0,0,19,20,-61,0,0,0,1,1.689
15300,1.9538,2.6591,-0.00,1.9538,2.6591,3,0,1,0,0,19,20,-61,0,0,0,1,1.684
15310,1.9490,2.6591,-0.00,1.9490,2.6591,3,0,1,0,0,19,20,-61,0,0,0,1,1.679
15320,1.9441,2.6591,-0.00,1.9441,2.6591,3,0,1,0,0,19,20,-61,0,0,0,1,1.674
15330,1.9393,2.6591,-0.00,1.9393,2.6591,3,0,1,0,0,19,20,-61,0,0,0,1,1.669
15340,1.9344,2.6591,-0.00,1.9344,2.6591,3,0,1,0,0,19,20,-61,0,0,0,1,1.664
15350,1.9295,2.6591,-0.00,1.9295,2.6591,3,0,1,0,0,19,20,-61,0,0,0,1,1.660
15360,1.9247,2.6591,-0.00,1.9247,2.6591,3,0,1,0,0,19,20,-61,0,0,0,1,1.655
15370,1.9198,2.6591,-0.00,1.9198,2.6591,3,0,1,0,0,19,20,-61,0,0,0,1,1.650
15380,1.9150,2.6591,-0.00,1.9150,2.6591,3,0,1,0,0,19,20,-61,0,0,0,1,1.645
15390,1.9101,2.6591,-0.00,1.9101,2.6591,3,0,1,0,0,19,20,-61,0,0,0,1,1.640
15400,1.9053,2.6591,-0.00,1.9053,2.6591,3,0,1,0,0,19,20,-61,0,0,0,1,1.635
15410,1.9004,2.6591,-0.00,1.9004,2.6591,3,0,1,0,0,19,20,-61,0,0,0,1,1.630
15420,1.8956,2.6591,-0.00,1.8956,2.6591,3,0,1,0,0,19,20,-61,0,0,0,1,1.626
15430,1.8907,2.6591,-0.00,1.8907,2.6591,3,0,1,0,0,19,20,-61,0,0,0,1,1.621
15440,1.8858,2.6591,-0.00,1.8858,2.6591,3,0,1,0,0,19,20,-61,0,0,0,1,1.616
15450,1.8810,2.6591,-0.00,1.8810,2.6591,3,0,1,0,0,19,20,-61,0,0,0,1,1.611
15460,1.8761,2.6591,-0.00,1.8761,2.6591,3,0,1,0,0,19,20,-61,0,0,0,1,1.606
15470,1.8713,2.6591,-0.00,1.8713,2.6591,3,0,1,0,0,19,20,-61,0,0,0,1,1.601
15480,1.8664,2.6591,-0.00,1.8664,2.6591,3,0,1,0,0,19,20,-61,0,0,0,1,1.596
15490,1.8616,2.6591,-0.00,1.8616,2.6591,3,0,1,0,0,19,20,-61,0,0,0,1,1.592
15500,1.8567,2.6591,-0.00,1.8567,2.6591,3,0,1,0,0,19,20,-61,0,0,0,1,1.587
15510,1.8519,2.6591,-0.00,1.8519,2.6591,3,0,1,0,0,19,20,-61,0,0,0,1,1.582
15520,1.8470,2.6591,-0.00,1.8470,2.6591,3,0,1,0,0,19,20,-61,0,0,0,1,1.577
15530,1.8422,2.6591,-0.00,1.8422,2.6591,3,0,1,0,0,19,20,-61,0,0,0,1,1.572
15540,1.8373,2.6591,-0.00,1.8373,2.6591,3,0,1,0,0,19,20,-61,0,0,0,1,1.567
15550,1.8324,2.6591,-0.00,1.8324,2.6591,3,0,1,0,0,19,20,-61,0,0,0,1,1.562
15560,1.8276,2.6591,-0.00,1.8276,2.6591,3,0,1,0,0,19,20,-61,0,0,0,1,1.558
15570,1.8227,2.6591,-0.00,1.8227,2.6591,3,0,1,0,0,19,20,-61,0,0,0,1,1.553
15580,1.8179,2.6591,-0.00,1.8179,2.6591,3,0,1,0,0,19,20,-61,0,0,0,1,1.548
15590,1.8130,2.6591,-0.00,1.8130,2.6591,3,0,1,0,0,19,20,-61,0,0,0,1,1.543
15600,1.8082,2.6591,-0.00,1.8082,2.6591,3,0,1,0,0,19,20,-61,0,0,0,1,1.538
15610,1.8033,2.6591,-0.00,1.8033,2.6591,3,0,1,0,0,19,20,-61,0,0,0,1,1.533
15620,1.7985,2.6591,-0.00,1.7985,2.6591,3,0,1,0,0,19,20,-61,0,0,0,1,1.528
15630,1.7936,2.6591,-0.00,1.7936,2.6591,3,0,1,0,0,19,20,-61,0,0,0,1,1.524
15640,1.7888,2.6591,-0.00,1.7888,2.6591,3,0,1,0,0,19,20,-61,0,0,0,1,1.519
15650,1.7839,2.6591,-0.00,1.7839,2.6591,3,0,1,0,0,19,20,-61,0,0,0,1,1.514
15660,1.7790,2.6591,-0.00,1.7790,2.6591,3,0,1,0,0,19,20,-61,0,0,0,1,1.509
15670,1.7742,2.6591,-0.00,1.7742,2.6591,3,0,1,0,0,19,20,-61,0,0,0,1,1.504
15680,1.7693,2.6591,-0.00,1.7693,2.6591,3,0,1,0,0,19,20,-61,0,0,0,1,1.499
15690,1.7645,2.6591,-0.00,1.7645,2.6591,3,0,1,0,0,19,20,-61,0,0,0,1,1.494
15700,1.7596,2.6591,-0.00,1.7596,2.6591,3,0,1,0,0,19,20,-61,0,0,0,1,1.490
15710,1.7548,2.6591,-0.00,1.7548,2.6591,3,0,1,0,0,19,20,-61,0,0,0,1,1.485
15720,1.7499,2.6591,-0.00,1.7499,2.6591,3,0,1,0,0,19,20,-61,0,0,0,1,1.480
15730,1.7451,2.6591,-0.00,1.7451,2.6591,3,0,1,0,0,19,20,-61,0,0,0,1,1.475
15740,1.7402,2.6591,-0.00,1.7402,2.6591,3,0,1,0,0,19,20,-61,0,0,0,1,1.470
15750,1.7353,2.6591,-0.00,1.7353,2.6591,3,0,1,0,0,19,20,-61,0,0,0,1,1.465
15760,1.7305,2.6591,-0.00,1.7305,2.6591,3,0,1,0,0,19,20,-61,0,0,0,1,1.460
15770,1.7256,2.6591,-0.00,1.7256,2.6591,3,0,1,0,0,19,20,-61,0,0,0,1,1.456
15780,1.7208,2.6591,-0.00,1.7208,2.6591,3,0,1,0,0,19,20,-61,0,0,0,1,1.451
15790,1.7159,2.6591,-0.00,1.7159,2.6591,3,0,1,0,0,19,20,-61,0,0,0,1,1.446
15800,1.7111,2.6591,-0.00,1.7111,2.6591,3,0,1,0,0,19,20,-61,0,0,0,1,1.441
15810,1.7062,2.6591,-0.00,1.7062,2.6591,3,0,1,0,0,19,20,-61,0,0,0,1,1.436
15820,1.7014,2.6591,-0.00,1.7014,2.6591,3,0,1,0,0,19,20,-61,0,0,0,1,1.431
15830,1.6965,2.6591,-0.00,1.6965,2.6591,3,0,1,0,0,19,20,-61,0,0,0,1,1.427
15840,1.6917,2.6591,-0.00,1.6917,2.6591,3,0,1,0,0,19,20,-61,0,0,0,1,1.422
15850,1.6868,2.6591,-0.00,1.6868,2.6591,3,0,1,0,0,19,20,-61,0,0,0,1,1.417
15860,1.6819,2.6591,-0.00,1.6819,2.6591,3,0,1,0,0,19,20,-61,0,0,0,1,1.412
15870,1.6771,2.6591,-0.00,1.6771,2.6591,3,0,1,0,0,19,20,-61,0,0,0,1,1.407
15880,1.6722,2.6591,-0.00,1.6722,2.6591,3,0,1,0,0,19,20,-61,0,0,0,1,1.402
15890,1.6674,2.6591,-0.00,1.6674,2.6591,3,0,1,0,0,19,20,-61,0,0,0,1,1.397
15900,1.6625,2.6591,-0.00,1.6625,2.6591,3,0,1,0,0,19,20,-61,0,0,0,1,1.393
15910,1.6577,2.6591,-0.00,1.6577,2.6591,3,0,1,0,0,19,20,-61,0,0,0,1,1.388
15920,1.6528,2.6591,-0.00,1.6528,2.6591,3,0,1,0,0,19,20,-61,0,0,0,1,1.383
15930,1.6480,2.6591,-0.00,1.6480,2.6591,3,0,1,0,0,19,20,-61,0,0,0,1,1.378
15940,1.6431,2.6591,-0.00,1.6431,2.6591,3,0,1,0,0,19,20,-61,0,0,0,1,1.373
15950,1.6383,2.6591,-0.00,1.6383,2.6591,3,0,1,0,0,19,20,-61,0,0,0,1,1.368
15960,1.6334,2.6591,-0.00,1.6334,2.6591,3,0,1,0,0,19,20,-61,0,0,0,1,1.363
15970,1.6285,2.6591,-0.00,1.6285,2.6591,3,0,1,0,0,19,20,-61,0,0,0,1,1.359
15980,1.6237,2.6591,-0.00,1.6237,2.6591,3,0,1,0,0,19,20,-61,0,0,0,1,1.354
15990,1.6188,2.6591,-0.00,1.6188,2.6591,3,0,1,0,0,19,20,-61,0,0,0,1,1.349
16000,1.6140,2.6591,-0.00,1.6140,2.6591,3,0,1,0,0,19,20,-61,0,0,0,1,1.344
16010,1.6091,2.6591,-0.00,1.6091,2.6591,3,0,1,0,0,19,20,-61,0,0,0,1,1.339
16020,1.6043,2.6591,-0.00,1.6043,2.6591,3,0,1,0,0,19,20,-61,0,0,0,1,1.334
16030,1.5994,2.6591,-0.00,1.5994,2.6591,3,0,1,0,0,19,20,-61,0,0,0,1,1.329
16040,1.5946,2.6591,-0.00,1.5946,2.6591,3,0,1,0,0,19,20,-61,0,0,0,1,1.325
16050,1.5897,2.6591,-0.00,1.5897,2.6591,3,0,1,0,0,19,20,-61,0,0,0,1,1.320
16060,1.5848,2.6591,-0.00,1.5848,2.6591,3,0,1,0,0,19,20,-61,0,0,0,1,1.315
16070,1.5800,2.6591,-0.00,1.5800,2.6591,3,0,1,0,0,19,20,-61,0,0,0,1,1.310
16080,1.5751,2.6591,-0.00,1.5751,2.6591,3,0,1,0,0,19,20,-61,0,0,0,1,1.305
16090,1.5703,2.6591,-0.00,1.5703,2.6591,3,0,1,0,0,19,20,-61,0,0,0,1,1.300
16100,1.5654,2.6591,-0.00,1.5654,2.6591,3,0,1,0,0,19,20,-61,0,0,0,1,1.295
16110,1.5606,2.6591,-0.00,1.5606,2.6591,3,0,1,0,0,19,20,-61,0,0,0,1,1.291
16120,1.5557,2.6591,-0.00,1.5557,2.6591,3,0,1,0,0,19,20,-61,0,0,0,1,1.286
16130,1.5509,2.6591,-0.00,1.5509,2.6591,3,0,1,0,0,19,20,-61,0,0,0,1,1.281
16140,1.5460,2.6591,-0.00,1.5460,2.6591,3,0,1,0,0,19,20,-61,0,0,0,1,1.276
16150,1.5412,2.6591,-0.00,1.5412,2.6591,3,0,1,0,0,19,20,-61,0,0,0,1,1.271
16160,1.5363,2.6591,-0.00,1.5363,2.6591,3,0,1,0,0,19,20,-61,0,0,0,1,1.266
16170,1.5314,2.6591,-0.00,1.5314,2.6591,3,0,1,0,0,19,20,-61,0,0,0,1,1.261
16180,1.5266,2.6591,-0.00,1.5266,2.6591,3,0,1,0,0,19,20,-61,0,0,0,1,1.257
16190,1.5217,2.6591,-0.00,1.5217,2.6591,3,0,1,0,0,19,20,-61,0,0,0,1,1.252
16200,1.5169,2.6591,-0.00,1.5169,2.6591,3,0,1,0,0,19,20,-61,0,0,0,1,1.247
16210,1.5120,2.6591,-0.00,1.5120,2.6591,3,0,1,0,0,19,20,-61,0,0,0,1,1.242
16220,1.5072,2.6591,-0.00,1.5072,2.6591,3,0,1,0,0,19,20,-61,0,0,0,1,1.237
16230,1.5023,2.6591,-0.00,1.5023,2.6591,3,0,1,0,0,19,20,-61,0,0,0,1,1.232
16240,1.4975,2.6591,-0.00,1.4975,2.6591,3,0,1,0,0,19,20,-61,0,0,0,1,1.227
16250,1.4926,2.6591,-0.00,1.4926,2.6591,3,0,1,0,0,19,20,-61,0,0,0,1,1.223
16260,1.4878,2.6591,-0.00,1.4878,2.6591,3,0,1,0,0,19,20,-61,0,0,0,1,1.218
16270,1.4829,2.6591,-0.00,1.4829,2.6591,3,0,1,0,0,19,20,-61,0,0,0,1,1.213
16280,1.4780,2.6591,-0.00,1.4780,2.6591,3,0,1,0,0,19,20,-61,0,0,0,1,1.208
16290,1.4732,2.6591,-0.00,1.4732,2.6591,3,0,1,0,0,19,20,-61,0,0,0,1,1.203
16300,1.4683,2.6591,-0.00,1.4683,2.6591,3,0,1,0,0,19,20,-61,0,0,0,1,1.198
16310,1.4635,2.6591,-0.00,1.4635,2.6591,3,0,1,0,0,19,20,-61,0,0,0,1,1.193
16320,1.4586,2.6591,-0.00,1.4586,2.6591,3,0,1,0,0,19,20,-61,0,0,0,1,1.189
16330,1.4538,2.6591,-0.00,1.4538,2.6591,3,0,1,0,0,19,20,-61,0,0,0,1,1.184
16340,1.4489,2.6591,-0.00,1.4489,2.6591,3,0,1,0,0,19,20,-61,0,0,0,1,1.179
16350,1.4441,2.6591,-0.00,1.4441,2.6591,3,0,1,0,0,19,20,-61,0,0,0,1,1.174
16360,1.4392,2.6591,-0.00,1.4392,2.6591,3,0,1,0,0,19,20,-61,0,0,0,1,1.169
16370,1.4344,2.6591,-0.00,1.4344,2.6591,3,0,1,0,0,19,20,-61,0,0,0,1,1.164
16380,1.4295,2.6591,-0.00,1.4295,2.6591,3,0,1,0,0,19,20,-61,0,0,0,1,1.159
16390,1.4246,2.6591,-0.00,1.4246,2.6591,3,0,1,0,0,19,20,-61,0,0,0,1,1.155
16400,1.4198,2.6591,-0.00,1.4198,2.6591,3,0,1,0,0,19,20,-61,0,0,0,1,1.150
16410,1.4149,2.6591,-0.00,1.4149,2.6591,3,0,1,0,0,19,20,-61,0,0,0,1,1.145
16420,1.4101,2.6591,-0.00,1.4101,2.6591,3,0,1,0,0,19,20,-61,0,0,0,1,1.140
16430,1.4052,2.6591,-0.00,1.4052,2.6591,3,0,1,0,0,19,20,-61,0,0,0,1,1.135
16440,1.4004,2.6591,-0.00,1.4004,2.6591,3,0,1,0,0,19,20,-61,0,0,0,1,1.130
16450,1.3955,2.6591,-0.00,1.3955,2.6591,3,0,1,0,0,19,20,-61,0,0,0,1,1.126
16460,1.3907,2.6591,-0.00,1.3907,2.6591,3,0,1,0,0,19,20,-61,0,0,0,1,1.121
16470,1.3858,2.6591,-0.00,1.3858,2.6591,3,0,1,0,0,19,20,-61,0,0,0,1,1.116
16480,1.3809,2.6591,-0.00,1.3809,2.6591,3,0,1,0,0,19,20,-61,0,0,0,1,1.111
16490,1.3761,2.6591,-0.00,1.3761,2.6591,3,0,1,0,0,19,20,-61,0,0,0,1,1.106
16500,1.3712,2.6591,-0.00,1.3712,2.6591,3,0,1,0,0,19,20,-61,0,0,0,1,1.101
16510,1.3664,2.6591,-0.00,1.3664,2.6591,3,0,1,0,0,19,20,-61,0,0,0,1,1.096
16520,1.3615,2.6591,-0.00,1.3615,2.6591,3,0,1,0,0,19,20,-61,0,0,0,1,1.092
16530,1.3567,2.6591,-0.00,1.3567,2.6591,3,0,1,0,0,19,20,-61,0,0,0,1,1.087
16540,1.3518,2.6591,-0.00,1.3518,2.6591,3,0,1,0,0,19,20,-61,0,0,0,1,1.082
16550,1.3470,2.6591,-0.00,1.3470,2.6591,3,0,1,0,0,19,20,-61,0,0,0,1,1.077
16560,1.3421,2.6591,-0.00,1.3421,2.6591,3,0,1,0,0,19,20,-61,0,0,0,1,1.072
16570,1.3373,2.6591,-0.00,1.3373,2.6591,3,0,1,0,0,19,20,-61,0,0,0,1,1.067
16580,1.3324,2.6591,-0.00,1.3324,2.6591,3,0,1,0,0,19,20,-61,0,0,0,1,1.062
16590,1.3275,2.6591,-0.00,1.3275,2.6591,3,0,1,0,0,19,20,-61,0,0,0,1,1.058
16600,1.3227,2.6591,-0.00,1.3227,2.6591,3,0,1,0,0,19,20,-61,0,0,0,1,1.053
16610,1.3178,2.6591,-0.00,1.3178,2.6591,3,0,1,0,0,19,20,-61,0,0,0,1,1.048
16620,1.3130,2.6591,-0.00,1.3130,2.6591,3,0,1,0,0,19,20,-61,0,0,0,1,1.043
16630,1.3081,2.6591,-0.00,1.3081,2.6591,3,0,1,0,0,19,20,-61,0,0,0,1,1.038
16640,1.3033,2.6591,-0.00,1.3033,2.6591,3,0,1,0,0,19,20,-61,0,0,0,1,1.033
16650,1.2984,2.6591,-0.00,1.2984,2.6591,3,0,1,0,0,19,20,-61,0,0,0,1,1.028
16660,1.2936,2.6591,-0.00,1.2936,2.6591,3,0,1,0,0,19,20,-61,0,0,0,1,1.024
16670,1.2887,2.6591,-0.00,1.2887,2.6591,3,0,1,0,0,19,20,-61,0,0,0,1,1.019
16680,1.2839,2.6591,-0.00,1.2839,2.6591,3,0,1,0,0,19,20,-61,0,0,0,1,1.014
16690,1.2790,2.6591,-0.00,1.2790,2.6591,3,0,1,0,0,19,20,-61,0,0,0,1,1.009
16700,1.2741,2.6591,-0.00,1.2741,2.6591,3,0,1,0,0,19,20,-61,0,0,0,1,1.004
16710,1.2693,2.6591,-0.00,1.2693,2.6591,3,0,1,0,0,19,20,-61,0,0,0,1,0.999
16720,1.2644,2.6591,-0.00,1.2644,2.6591,3,0,1,0,0,19,20,-61,0,0,0,1,0.994
16730,1.2596,2.6591,-0.00,1.2596,2.6591,3,0,1,0,0,19,20,-61,0,0,0,1,0.990
16740,1.2547,2.6591,-0.00,1.2547,2.6591,3,0,1,0,0,19,20,-61,0,0,0,1,0.985
16750,1.2499,2.6591,-0.00,1.2499,2.6591,3,0,1,0,0,19,20,-61,0,0,0,1,0.980
16760,1.2450,2.6591,-0.00,1.2450,2.6591,3,0,1,0,0,19,20,-61,0,0,0,1,0.975
16770,1.2402,2.6591,-0.00,1.2402,2.6591,3,0,1,0,0,19,20,-61,0,0,0,1,0.970
16780,1.2353,2.6591,-0.00,1.2353,2.6591,3,0,1,0,0,19,20,-61,0,0,0,1,0.965
16790,1.2304,2.6591,-0.00,1.2304,2.6591,3,0,1,0,0,19,20,-61,0,0,0,1,0.960
16800,1.2256,2.6591,-0.00,1.2256,2.6591,3,0,1,0,0,19,20,-61,0,0,0,1,0.956
16810,1.2207,2.6591,-0.00,1.2207,2.6591,3,0,1,0,0,19,20,-61,0,0,0,1,0.951
16820,1.2159,2.6591,-0.00,1.2159,2.6591,3,0,1,0,0,19,20,-61,0,0,0,1,0.946
16830,1.2110,2.6591,-0.00,1.2110,2.6591,3,0,1,0,0,19,20,-61,0,0,0,1,0.941
16840,1.2062,2.6591,-0.00,1.2062,2.6591,3,0,1,0,0,19,20,-61,0,0,0,1,0.936
16850,1.2013,2.6591,-0.00,1.2013,2.6591,3,0,1,0,0,19,20,-61,0,0,0,1,0.931
16860,1.1965,2.6591,-0.00,1.1965,2.6591,3,0,1,0,0,19,20,-61,0,0,0,1,0.926
16870,1.1916,2.6591,-0.00,1.1916,2.6591,3,0,1,0,0,19,20,-61,0,0,0,1,0.922
16880,1.1868,2.6591,-0.00,1.1868,2.6591,3,0,1,0,0,19,20,-61,0,0,0,1,0.917
16890,1.1819,2.6591,-0.00,1.1819,2.6591,3,0,1,0,0,19,20,-61,0,0,0,1,0.912
16900,1.1770,2.6591,-0.00,1.1770,2.6591,3,0,1,0,0,19,20,-61,0,0,0,1,0.907
16910,1.1722,2.6591,-0.00,1.1722,2.6591,3,0,1,0,0,19,20,-61,0,0,0,1,0.902
16920,1.1673,2.6591,-0.00,1.1673,2.6591,3,0,1,0,0,19,20,-61,0,0,0,1,0.897
16930,1.1625,2.6591,-0.00,1.1625,2.6591,3,0,1,0,0,19,20,-61,0,0,0,1,0.892
16940,1.1576,2.6591,-0.00,1.1576,2.6591,3,0,1,0,0,19,20,-61,0,0,0,1,0.888
16950,1.1528,2.6591,-0.00,1.1528,2.6591,3,0,1,0,0,19,20,-61,0,0,0,1,0.883
16960,1.1479,2.6591,-0.00,1.1479,2.6591,3,0,1,0,0,19,20,-61,0,0,0,1,0.878
16970,1.1431,2.6591,-0.00,1.1431,2.6591,3,0,1,0,0,19,20,-61,0,0,0,1,0.873
16980,1.1382,2.6591,-0.00,1.1382,2.6591,3,0,1,0,0,19,20,-61,0,0,0,1,0.868
16990,1.1334,2.6591,-0.00,1.1334,2.6591,3,0,1,0,0,19,20,-61,0,0,0,1,0.863
17000,1.1285,2.6591,-0.00,1.1285,2.6591,3,0,1,0,0,19,20,-61,0,0,0,1,0.858
17010,1.1236,2.6591,-0.00,1.1236,2.6591,3,0,1,0,0,19,20,-61,0,0,0,1,0.854
17020,1.1188,2.6591,-0.00,1.1188,2.6591,3,0,1,0,0,19,20,-61,0,0,0,1,0.849
17030,1.1139,2.6591,-0.00,1.1139,2.6591,3,0,1,0,0,19,20,-61,0,0,0,1,0.844
17040,1.1091,2.6591,-0.00,1.1091,2.6591,3,0,1,0,0,19,20,-61,0,0,0,1,0.839
17050,1.1042,2.6591,-0.00,1.1042,2.6591,3,0,1,0,0,19,20,-61,0,0,0,1,0.834
17060,1.0994,2.6591,-0.00,1.0994,2.6591,3,0,1,0,0,19,20,-61,0,0,0,1,0.829
17070,1.0945,2.6591,-0.00,1.0945,2.6591,3,0,1,0,0,19,20,-61,0,0,0,1,0.825
17080,1.0897,2.6591,-0.00,1.0897,2.6591,3,0,1,0,0,19,20,-61,0,0,0,1,0.820
17090,1.0848,2.6591,-0.00,1.0848,2.6591,3,0,1,0,0,19,20,-61,0,0,0,1,0.815
17100,1.0799,2.6591,-0.00,1.0799,2.6591,3,0,1,0,0,19,20,-61,0,0,0,1,0.810
17110,1.0751,2.6591,-0.00,1.0751,2.6591,3,0,1,0,0,19,20,-61,0,0,0,1,0.805
17120,1.0702,2.6591,-0.00,1.0702,2.6591,3,0,1,0,0,19,20,-61,0,0,0,1,0.800
17130,1.0654,2.6591,-0.00,1.0654,2.6591,3,0,1,0,0,19,20,-61,0,0,0,1,0.795
17140,1.0605,2.6591,-0.00,1.0605,2.6591,3,0,1,0,0,19,20,-61,0,0,0,1,0.791
17150,1.0557,2.6591,-0.00,1.0557,2.6591,3,0,1,0,0,19,20,-61,0,0,0,1,0.786
17160,1.0508,2.6591,-0.00,1.0508,2.6591,3,0,1,0,0,19,20,-61,0,0,0,1,0.781
17170,1.0460,2.6591,-0.00,1.0460,2.6591,3,0,1,0,0,19,20,-61,0,0,0,1,0.776
17180,1.0411,2.6591,-0.00,1.0411,2.6591,3,0,1,0,0,19,20,-61,0,0,0,1,0.771
17190,1.0363,2.6591,-0.00,1.0363,2.6591,3,0,1,0,0,19,20,-61,0,0,0,1,0.766
17200,1.0314,2.6591,-0.00,1.0314,2.6591,3,0,1,0,0,19,20,-61,0,0,0,1,0.761
17210,1.0265,2.6591,-0.00,1.0265,2.6591,3,0,1,0,0,19,20,-61,0,0,0,1,0.757
17220,1.0217,2.6591,-0.00,1.0217,2.6591,3,0,1,0,0,19,20,-61,0,0,0,1,0.752
17230,1.0168,2.6591,-0.00,1.0168,2.6591,3,0,1,0,0,19,20,-61,0,0,0,1,0.747
17240,1.0120,2.6591,-0.00,1.0120,2.6591,3,0,1,0,0,19,20,-61,0,0,0,1,0.742
17250,1.0071,2.6591,-0.00,1.0071,2.6591,3,0,1,0,0,19,20,-61,0,0,0,1,0.737
17260,1.0023,2.6591,-0.00,1.0023,2.6591,3,0,1,0,0,19,20,-61,0,0,0,1,0.732
17270,0.9974,2.6591,-0.00,0.9974,2.6591,3,0,1,0,0,19,20,-61,0,0,0,1,0.727
17280,0.9926,2.6591,-0.00,0.9926,2.6591,3,0,1,0,0,19,20,-61,0,0,0,1,0.723
17290,0.9877,2.6591,-0.00,0.9877,2.6591,3,0,1,0,0,19,20,-61,0,0,0,1,0.718
17300,0.9829,2.6591,-0.00,0.9829,2.6591,3,0,1,0,0,20,20,-61,0,0,0,1,0.713
17310,0.9780,2.6591,-0.00,0.9780,2.6591,3,0,1,0,0,20,20,-61,0,0,0,1,0.708
17320,0.9731,2.6591,-0.00,0.9731,2.6591,3,0,1,0,0,20,20,-61,0,0,0,1,0.703
17330,0.9683,2.6591,-0.00,0.9683,2.6591,3,0,1,0,0,20,20,-61,0,0,0,1,0.698
17340,0.9634,2.6591,-0.00,0.9634,2.6591,3,0,1,0,0,20,20,-61,0,0,0,1,0.693
17350,0.9586,2.6591,-0.00,0.9586,2.6591,3,0,1,0,0,20,20,-61,0,0,0,1,0.689
17360,0.9537,2.6591,-0.00,0.9537,2.6591,3,0,1,0,0,20,20,-61,0,0,0,1,0.684
17370,0.9489,2.6591,-0.00,0.9489,2.6591,3,0,1,0,0,20,20,-61,0,0,0,1,0.679
17380,0.9440,2.6591,-0.00,0.9440,2.6591,3,0,1,0,0,20,20,-61,0,0,0,1,0.674
17390,0.9392,2.6591,-0.00,0.9392,2.6591,3,0,1,0,0,20,20,-61,0,0,0,1,0.669
17400,0.9343,2.6591,-0.00,0.9343,2.6591,3,0,1,0,0,20,20,-61,0,0,0,1,0.664
17410,0.9295,2.6591,-0.00,0.9295,2.6591,3,0,1,0,0,20,20,-61,0,0,0,1,0.659
17420,0.9246,2.6591,-0.00,0.9246,2.6591,3,0,1,0,0,20,20,-61,0,0,0,1,0.655
17430,0.9197,2.6591,-0.00,0.9197,2.6591,3,0,1,0,0,20,20,-61,0,0,0,1,0.650
17440,0.9149,2.6591,-0.00,0.9149,2.6591,3,0,1,0,0,20,20,-61,0,0,0,1,0.645
17450,0.9100,2.6591,-0.00,0.9100,2.6591,3,0,1,0,0,20,20,-61,0,0,0,1,0.640
17460,0.9052,2.6591,-0.00,0.9052,2.6591,3,0,1,0,0,20,20,-61,0,0,0,1,0.635
17470,0.9003,2.6591,-0.00,0.9003,2.6591,3,0,1,0,0,20,20,-61,0,0,0,1,0.630
17480,0.8955,2.6591,-0.00,0.8955,2.6591,3,0,1,0,0,20,20,-61,0,0,0,1,0.625
17490,0.8906,2.6591,-0.00,0.8906,2.6591,3,0,1,0,0,20,20,-61,0,0,0,1,0.621
17500,0.8858,2.6591,-0.00,0.8858,2.6591,3,0,1,0,0,20,20,-61,0,0,0,1,0.616
17510,0.8809,2.6591,-0.00,0.8809,2.6591,3,0,1,0,0,20,20,-61,0,0,0,1,0.611
17520,0.8760,2.6591,-0.00,0.8760,2.6591,3,0,1,0,0,20,20,-61,0,0,0,1,0.606
17530,0.8712,2.6591,-0.00,0.8712,2.6591,3,0,1,0,0,20,20,-61,0,0,0,1,0.601
17540,0.8663,2.6591,-0.00,0.8663,2.6591,3,0,1,0,0,20,20,-61,0,0,0,1,0.596
17550,0.8615,2.6591,-0.00,0.8615,2.6591,3,0,1,0,0,20,20,-61,0,0,0,1,0.591
17560,0.8566,2.6591,-0.00,0.8566,2.6591,3,0,1,0,0,20,20,-61,0,0,0,1,0.587
17570,0.8518,2.6591,-0.00,0.8518,2.6591,3,0,1,0,0,20,20,-61,0,0,0,1,0.582
17580,0.8469,2.6591,-0.00,0.8469,2.6591,3,0,1,0,0,20,20,-61,0,0,0,1,0.577
17590,0.8421,2.6591,-0.00,0.8421,2.6591,3,0,1,0,0,20,20,-61,0,0,0,1,0.572
17600,0.8372,2.6591,-0.00,0.8372,2.6591,3,0,1,0,0,20,20,-61,0,0,0,1,0.567
17610,0.8324,2.6591,-0.00,0.8324,2.6591,3,0,1,0,0,20,20,-61,0,0,0,1,0.562
17620,0.8275,2.6591,-0.00,0.8275,2.6591,3,0,1,0,0,20,20,-61,0,0,0,1,0.557
17630,0.8226,2.6591,-0.00,0.8226,2.6591,3,0,1,0,0,20,20,-61,0,0,0,1,0.553
17640,0.8178,2.6591,-0.00,0.8178,2.6591,3,0,1,0,0,20,20,-61,0,0,0,1,0.548
17650,0.8129,2.6591,-0.00,0.8129,2.6591,3,0,1,0,0,20,20,-61,0,0,0,1,0.543
17660,0.8081,2.6591,-0.00,0.8081,2.6591,3,0,1,0,0,20,20,-61,0,1,0,1,0.538
17670,0.8032,2.6591,-0.00,0.8032,2.6591,3,0,1,0,0,20,20,-61,0,1,0,1,0.533
17680,0.7984,2.6591,-0.00,0.7984,2.6591,3,0,1,0,0,20,20,-61,0,1,0,1,0.528
17690,0.7935,2.6591,-0.00,0.7935,2.6591,3,0,1,0,0,20,20,-61,0,1,0,1,0.524
17700,0.7887,2.6591,-0.00,0.7887,2.6591,3,0,1,0,0,20,20,-61,0,1,0,1,0.519
17710,0.7838,2.6591,-0.00,0.7838,2.6591,3,0,1,0,0,20,20,-61,0,1,0,1,0.514
17720,0.7790,2.6591,-0.00,0.7790,2.6591,3,0,1,0,0,20,20,-61,0,1,0,1,0.509
17730,0.7741,2.6591,-0.00,0.7741,2.6591,3,0,1,0,0,20,20,-61,0,1,0,1,0.504
17740,0.7692,2.6591,-0.00,0.7692,2.6591,3,0,1,0,0,20,20,-61,0,1,0,1,0.499
17750,0.7644,2.6591,-0.00,0.7644,2.6591,3,0,1,0,0,20,20,-61,0,1,0,1,0.494
17760,0.7595,2.6591,-0.00,0.7595,2.6591,3,0,1,0,0,20,20,-61,0,1,0,1,0.490
17770,0.7547,2.6591,-0.00,0.7547,2.6591,3,0,1,0,0,20,20,-61,0,1,0,1,0.485
17780,0.7498,2.6591,-0.00,0.7498,2.6591,3,0,1,0,0,20,20,-61,0,1,0,1,0.480
17790,0.7450,2.6591,-0.00,0.7450,2.6591,3,0,1,0,0,20,20,-61,0,1,0,1,0.475
17800,0.7401,2.6591,-0.00,0.7401,2.6591,3,0,1,0,0,20,20,-61,0,1,0,1,0.470
17810,0.7353,2.6591,-0.00,0.7353,2.6591,3,0,1,0,0,20,20,-61,0,1,0,1,0.465
17820,0.7304,2.6591,-0.00,0.7304,2.6591,3,0,1,0,0,20,20,-61,0,1,0,1,0.460
17830,0.7255,2.6591,-0.00,0.7255,2.6591,3,0,1,0,0,20,20,-61,0,1,0,1,0.456
17840,0.7207,2.6591,-0.00,0.7207,2.6591,3,0,1,0,0,20,20,-61,0,1,0,1,0.451
17850,0.7158,2.6591,-0.00,0.7158,2.6591,3,0,1,0,0,20,20,-61,0,1,0,1,0.446
17860,0.7110,2.6591,-0.00,0.7110,2.6591,3,0,1,0,0,20,20,-61,0,1,0,1,0.441
17870,0.7061,2.6591,-0.00,0.7061,2.6591,3,0,1,0,0,20,20,-61,0,1,0,1,0.436
17880,0.7013,2.6591,-0.00,0.7013,2.6591,3,0,1,0,0,20,20,-61,0,1,0,1,0.431
17890,0.6964,2.6591,-0.00,0.6964,2.6591,3,0,1,0,0,20,20,-61,0,1,0,1,0.426
17900,0.6916,2.6591,-0.00,0.6916,2.6591,3,0,1,0,0,20,20,-61,0,1,0,1,0.422
17910,0.6867,2.6591,-0.00,0.6867,2.6591,3,0,1,0,0,20,20,-61,0,1,0,1,0.417
17920,0.6819,2.6591,-0.00,0.6819,2.6591,3,0,1,0,0,20,20,-61,0,1,0,1,0.412
17930,0.6770,2.6591,-0.00,0.6770,2.6591,3,0,1,0,0,20,20,-61,0,1,0,1,0.407
17940,0.6721,2.6591,-0.00,0.6721,2.6591,3,0,1,0,0,20,20,-61,0,1,0,1,0.402
17950,0.6673,2.6591,-0.00,0.6673,2.6591,3,0,1,0,0,20,20,-61,0,1,0,1,0.397
17960,0.6624,2.6591,-0.00,0.6624,2.6591,3,0,1,0,0,20,20,-61,0,1,0,1,0.392
17970,0.6576,2.6591,-0.00,0.6576,2.6591,3,0,1,0,0,20,20,-61,0,1,0,1,0.388
17980,0.6527,2.6591,-0.00,0.6527,2.6591,3,0,1,0,0,20,20,-61,0,1,0,1,0.383
17990,0.6479,2.6591,-0.00,0.6479,2.6591,3,0,1,0,0,20,20,-61,0,1,0,1,0.378
18000,0.6430,2.6591,-0.00,0.6430,2.6591,3,0,1,0,0,20,20,-61,0,1,0,1,0.373
18010,0.6382,2.6591,-0.00,0.6382,2.6591,3,0,1,0,0,20,20,-61,0,1,0,1,0.368
18020,0.6333,2.6591,-0.00,0.6333,2.6591,3,0,1,0,0,20,20,-61,0,1,0,1,0.363
18030,0.6285,2.6591,-0.00,0.6285,2.6591,3,0,1,0,0,20,20,-61,0,1,0,1,0.358
18040,0.6236,2.6591,-0.00,0.6236,2.6591,3,0,1,0,0,20,20,-61,0,1,0,1,0.354
18050,0.6187,2.6591,-0.00,0.6187,2.6591,3,0,1,0,0,20,20,-61,0,1,0,1,0.349
18060,0.6139,2.6591,-0.00,0.6139,2.6591,3,0,1,0,0,20,20,-61,0,1,0,1,0.344
18070,0.6090,2.6591,-0.00,0.6090,2.6591,3,0,1,0,0,20,20,-61,0,1,0,1,0.339
18080,0.6042,2.6591,-0.00,0.6042,2.6591,3,0,1,0,0,20,20,-61,0,1,0,1,0.334
18090,0.5993,2.6591,-0.00,0.5993,2.6591,3,0,1,0,0,20,20,-61,0,1,0,1,0.329
18100,0.5945,2.6591,-0.00,0.5945,2.6591,3,0,1,0,0,20,20,-61,0,1,0,1,0.324
18110,0.5896,2.6591,-0.00,0.5896,2.6591,3,0,1,0,0,20,20,-61,0,1,0,1,0.320
18120,0.5848,2.6591,-0.00,0.5848,2.6591,3,0,1,0,0,20,20,-61,0,1,0,1,0.315
18130,0.5799,2.6591,-0.00,0.5799,2.6591,3,0,1,0,0,20,20,-61,0,1,0,1,0.310
18140,0.5750,2.6591,-0.00,0.5750,2.6591,3,0,1,0,0,20,20,-61,0,1,0,1,0.305
18150,0.5702,2.6591,-0.00,0.5702,2.6591,3,0,1,0,0,20,20,-61,0,1,0,1,0.300
18160,0.5653,2.6591,-0.00,0.5653,2.6591,3,0,1,0,0,20,20,-61,0,1,0,1,0.295
18170,0.5605,2.6591,-0.00,0.5605,2.6591,3,0,1,0,0,20,20,-61,0,1,0,1,0.290
18180,0.5556,2.6591,-0.00,0.5556,2.6591,3,0,1,0,0,20,20,-61,0,1,0,1,0.286
18190,0.5508,2.6591,-0.00,0.5508,2.6591,3,0,1,0,0,20,20,-61,0,1,0,1,0.281
18200,0.5459,2.6591,-0.00,0.5459,2.6591,3,0,1,0,0,20,20,-61,0,1,0,1,0.276
18210,0.5411,2.6591,-0.00,0.5411,2.6591,3,0,1,0,0,20,20,-61,0,1,0,1,0.271
18220,0.5362,2.6591,-0.00,0.5362,2.6591,3,0,1,0,0,20,20,-61,0,1,0,1,0.266
18230,0.5314,2.6591,-0.00,0.5314,2.6591,3,0,1,0,0,20,20,-61,0,1,0,1,0.261
18240,0.5265,2.6591,-0.00,0.5265,2.6591,3,0,1,0,0,20,20,-61,0,1,0,1,0.257
18250,0.5216,2.6591,-0.00,0.5216,2.6591,3,0,1,0,0,20,20,-61,0,1,0,1,0.252
18260,0.5168,2.6591,-0.00,0.5168,2.6591,3,0,1,0,0,20,20,-61,0,1,0,1,0.247
18270,0.5119,2.6591,-0.00,0.5119,2.6591,3,0,1,0,0,20,20,-61,0,1,0,1,0.242
18280,0.5071,2.6591,-0.00,0.5071,2.6591,3,0,1,0,0,20,20,-61,0,1,0,1,0.237
18290,0.5022,2.6591,-0.00,0.5022,2.6591,3,0,1,0,0,20,20,-61,0,1,0,1,0.232
18300,0.4974,2.6591,-0.00,0.4974,2.6591,3,0,1,0,0,20,20,-61,0,1,0,1,0.227
18310,0.4925,2.6591,-0.00,0.4925,2.6591,3,0,1,0,0,20,20,-61,0,1,0,1,0.223
18320,0.4877,2.6591,-0.00,0.4877,2.6591,3,0,1,0,0,20,20,-61,0,1,0,1,0.218
18330,0.4828,2.6591,-0.00,0.4828,2.6591,3,0,1,0,0,20,20,-61,0,1,0,1,0.213
18340,0.4780,2.6591,-0.00,0.4780,2.6591,3,0,1,0,0,20,20,-61,0,1,0,1,0.208
18350,0.4731,2.6591,-0.00,0.4731,2.6591,3,0,1,0,0,20,20,-61,0,1,0,1,0.203
18360,0.4682,2.6591,-0.00,0.4682,2.6591,3,0,1,0,0,20,20,-61,0,1,0,1,0.198
18370,0.4634,2.6591,-0.00,0.4634,2.6591,3,0,1,0,0,20,20,-61,0,1,0,1,0.193
18380,0.4585,2.6591,-0.00,0.4585,2.6591,3,0,1,0,0,20,20,-61,0,1,0,1,0.189
18390,0.4537,2.6591,-0.00,0.4537,2.6591,3,0,1,0,0,20,20,-61,0,1,0,1,0.184
18400,0.4488,2.6591,-0.00,0.4488,2.6591,3,0,1,0,0,20,20,-61,0,1,0,1,0.179
18410,0.4440,2.6591,-0.00,0.4440,2.6591,3,0,1,0,0,20,20,-61,0,1,0,1,0.174
18420,0.4391,2.6591,-0.00,0.4391,2.6591,3,0,1,0,0,20,20,-61,0,1,0,1,0.169
18430,0.4343,2.6591,-0.00,0.4343,2.6591,3,0,1,0,0,20,20,-61,0,1,0,1,0.164
18440,0.4294,2.6591,-0.00,0.4294,2.6591,3,0,1,0,0,20,20,-61,0,1,0,1,0.159
18450,0.4246,2.6591,-0.00,0.4246,2.6591,3,0,1,0,0,20,20,-61,0,1,0,1,0.155
18460,0.4197,2.6591,-0.00,0.4197,2.6591,3,0,1,0,0,20,20,-61,0,1,0,1,0.150
18470,0.4148,2.6591,-0.00,0.4148,2.6591,3,0,1,0,0,20,20,-61,0,1,0,1,0.145
18480,0.4100,2.6591,-0.00,0.4100,2.6591,3,0,1,0,0,20,20,-61,0,1,0,1,0.140
18490,0.4051,2.6591,-0.00,0.4051,2.6591,3,0,1,0,0,20,20,-61,0,1,0,1,0.135
18500,0.4003,2.6591,-0.00,0.4003,2.6591,3,0,1,0,0,20,17,0,0,1,0,1,0.130
18510,0.3955,2.6591,-0.00,0.3955,2.6591,3,0,1,0,0,20,17,0,0,1,0,1,0.126
18520,0.3910,2.6591,-0.00,0.3910,2.6591,3,0,1,0,0,20,17,0,0,1,0,1,0.121
18530,0.3866,2.6591,-0.00,0.3866,2.6591,3,0,1,0,0,20,17,0,0,1,0,1,0.117
18540,0.3825,2.6591,-0.00,0.3825,2.6591,3,0,1,0,0,20,17,-49,0,1,0,1,0.112
18550,0.3786,2.6591,-0.00,0.3786,2.6591,3,0,1,0,0,20,15,0,0,1,0,1,0.109
18560,0.3748,2.6591,-0.00,0.3748,2.6591,3,0,1,0,0,20,15,0,0,1,0,1,0.105
18570,0.3713,2.6591,-0.00,0.3713,2.6591,3,0,1,0,0,20,15,0,0,1,0,1,0.101
18580,0.3679,2.6591,-0.00,0.3679,2.6591,3,0,1,0,0,20,15,-39,0,1,0,1,0.098
18590,0.3648,2.6591,-0.00,0.3648,2.6591,3,0,1,0,0,20,15,-39,0,1,0,1,0.095
18600,0.3618,2.6591,-0.00,0.3618,2.6591,3,0,1,0,0,20,13,0,0,1,0,1,0.092
18610,0.3591,2.6591,-0.00,0.3591,2.6591,4,0,0,0,0,20,13,0,0,0,0,0,1000.000
18620,0.3565,2.6591,-0.00,0.3565,2.6591,4,0,0,0,0,20,13,0,0,0,0,0,1000.000
18630,0.3542,2.6591,-0.00,0.3542,2.6591,4,0,0,0,0,20,13,0,0,0,0,0,1000.000
18640,0.3520,2.6591,-0.00,0.3520,2.6591,4,0,0,0,0,20,13,0,0,0,0,0,1000.000
18650,0.3501,2.6591,-0.00,0.3501,2.6591,4,0,0,0,0,20,12,0,0,0,0,0,1000.000
18660,0.3484,2.6591,-0.00,0.3484,2.6591,4,0,0,0,0,20,12,0,0,0,0,0,1000.000
18670,0.3468,2.6591,-0.00,0.3468,2.6591,4,0,0,0,0,20,12,0,0,0,0,0,1000.000
18680,0.3455,2.6591,-0.00,0.3455,2.6591,4,0,0,0,0,20,12,0,0,0,0,0,1000.000
18690,0.3443,2.6591,-0.00,0.3443,2.6591,4,0,0,0,0,20,12,0,0,0,0,0,1000.000
18700,0.3434,2.6591,-0.00,0.3434,2.6591,4,0,1,0,0,20,11,0,0,0,0,0,1000.000
18710,0.3426,2.6591,-0.00,0.3426,2.6591,4,0,1,0,0,20,11,0,0,0,0,0,1000.000
18720,0.3421,2.6591,-0.00,0.3421,2.6591,4,0,1,0,0,20,11,0,0,0,0,0,1000.000
18730,0.3417,2.6591,-0.00,0.3417,2.6591,4,0,1,0,0,20,11,0,0,0,0,0,1000.000
18740,0.3416,2.6591,-0.00,0.3416,2.6591,4,0,1,0,0,20,11,0,0,0,0,0,1000.000
18750,0.3416,2.6591,-0.00,0.3416,2.6591,4,0,1,0,0,20,11,0,53,0,1,0,3.012
18760,0.3416,2.6592,-0.00,0.3416,2.6592,4,0,1,0,0,20,11,0,53,0,1,0,3.012
18770,0.3416,2.6594,-0.00,0.3416,2.6594,4,0,1,0,0,20,11,0,53,0,1,0,3.012
18780,0.3416,2.6597,-0.00,0.3416,2.6597,4,0,1,0,0,20,11,0,53,0,1,0,3.012
18790,0.3416,2.6602,-0.00,0.3416,2.6602,4,0,1,0,0,20,11,0,53,0,1,0,3.011
18800,0.3416,2.6608,-0.00,0.3416,2.6608,4,0,1,0,0,20,11,0,53,0,1,0,3.011
18810,0.3416,2.6616,-0.00,0.3416,2.6616,4,0,1,0,0,20,11,0,53,0,1,0,3.010
18820,0.3416,2.6625,-0.00,0.3416,2.6625,4,0,1,0,0,20,11,0,53,0,1,0,3.009
18830,0.3416,2.6636,-0.00,0.3416,2.6636,4,0,1,0,0,20,11,0,53,0,1,0,3.008
18840,0.3416,2.6648,-0.00,0.3416,2.6648,4,0,1,0,0,20,11,0,53,0,1,0,3.007
18850,0.3416,2.6661,-0.00,0.3416,2.6661,4,0,1,0,0,20,11,0,53,0,1,0,3.005
18860,0.3416,2.6676,-0.00,0.3416,2.6676,4,0,1,0,0,20,11,0,53,0,1,0,3.004
18870,0.3416,2.6692,-0.00,0.3416,2.6692,4,0,1,0,0,20,11,0,53,0,1,0,3.002
18880,0.3416,2.6709,-0.00,0.3416,2.6709,4,0,1,0,0,20,11,0,53,0,1,0,3.001
18890,0.3416,2.6728,-0.00,0.3416,2.6728,4,0,1,0,0,20,11,0,53,0,1,0,2.999
18900,0.3416,2.6748,-0.00,0.3416,2.6748,4,0,1,0,0,20,11,0,53,0,1,0,2.997
18910,0.3416,2.6770,-0.00,0.3416,2.6770,4,0,1,0,0,20,11,0,53,0,1,0,2.994
18920,0.3416,2.6793,-0.00,0.3416,2.6793,4,0,1,0,0,20,11,0,53,0,1,0,2.992
18930,0.3416,2.6818,-0.00,0.3416,2.6818,4,0,1,0,0,20,11,0,53,0,1,0,2.990
18940,0.3416,2.6844,-0.00,0.3416,2.6844,4,0,1,0,0,20,11,0,53,0,1,0,2.987
18950,0.3416,2.6871,-0.00,0.3416,2.6871,4,0,1,0,0,20,11,0,53,0,1,0,2.984
18960,0.3416,2.6900,-0.00,0.3416,2.6900,4,0,1,0,0,20,11,0,53,0,1,0,2.982
18970,0.3416,2.6930,-0.00,0.3416,2.6930,4,0,1,0,0,20,11,0,53,0,1,0,2.979
18980,0.3416,2.6962,-0.00,0.3416,2.6962,4,0,1,0,0,20,11,0,53,0,1,0,2.975
18990,0.3416,2.6995,-0.00,0.3416,2.6995,4,0,1,0,0,20,11,0,53,0,1,0,2.972
19000,0.3416,2.7029,-0.00,0.3416,2.7029,4,0,1,0,0,20,11,0,53,0,1,0,2.969
19010,0.3416,2.7065,-0.00,0.3416,2.7065,4,0,1,0,0,20,11,0,53,0,1,0,2.965
19020,0.3416,2.7102,-0.00,0.3416,2.7102,4,0,1,0,0,20,11,0,53,0,1,0,2.961
19030,0.3416,2.7140,-0.00,0.3416,2.7140,4,0,1,0,0,20,11,0,53,0,1,0,2.957
19040,0.3416,2.7180,-0.00,0.3416,2.7180,4,0,1,0,0,20,11,0,53,0,1,0,2.953
19050,0.3416,2.7222,-0.00,0.3416,2.7222,4,0,1,0,0,20,11,0,53,0,1,0,2.949
19060,0.3416,2.7264,-0.00,0.3416,2.7264,4,0,1,0,0,20,11,0,53,0,1,0,2.945
19070,0.3416,2.7306,-0.00,0.3416,2.7306,4,0,1,0,0,20,11,0,53,0,1,0,2.941
19080,0.3416,2.7348,-0.00,0.3416,2.7348,4,0,1,0,0,20,11,0,53,0,1,0,2.937
19090,0.3416,2.7391,-0.00,0.3416,2.7391,4,0,1,0,0,20,11,0,53,0,1,0,2.932
19100,0.3416,2.7433,-0.00,0.3416,2.7433,4,0,1,0,0,20,11,0,53,0,1,0,2.928
19110,0.3416,2.7475,-0.00,0.3416,2.7475,4,0,1,0,0,20,11,0,53,0,1,0,2.924
19120,0.3416,2.7517,-0.00,0.3416,2.7517,4,0,1,0,0,20,11,0,53,0,1,0,2.920
19130,0.3416,2.7559,-0.00,0.3416,2.7559,4,0,1,0,0,20,11,0,53,0,1,0,2.916
19140,0.3416,2.7601,-0.00,0.3416,2.7601,4,0,1,0,0,20,11,0,53,0,1,0,2.911
19150,0.3416,2.7644,-0.00,0.3416,2.7644,4,0,1,0,0,20,11,0,53,0,1,0,2.907
19160,0.3416,2.7686,-0.00,0.3416,2.7686,4,0,1,0,0,20,11,0,53,0,1,0,2.903
19170,0.3416,2.7728,-0.00,0.3416,2.7728,4,0,1,0,0,20,11,0,53,0,1,0,2.899
19180,0.3416,2.7770,-0.00,0.3416,2.7770,4,0,1,0,0,20,11,0,53,0,1,0,2.894
19190,0.3416,2.7812,-0.00,0.3416,2.7812,4,0,1,0,0,20,11,0,53,0,1,0,2.890
19200,0.3416,2.7855,-0.00,0.3416,2.7855,4,0,1,0,0,20,11,0,53,0,1,0,2.886
19210,0.3416,2.7897,-0.00,0.3416,2.7897,4,0,1,0,0,20,11,0,53,0,1,0,2.882
19220,0.3416,2.7939,-0.00,0.3416,2.7939,4,0,1,0,0,20,11,0,53,0,1,0,2.878
19230,0.3416,2.7981,-0.00,0.3416,2.7981,4,0,1,0,0,20,11,0,53,0,1,0,2.873
19240,0.3416,2.8023,-0.00,0.3416,2.8023,4,0,1,0,0,20,11,0,53,0,1,0,2.869
19250,0.3416,2.8065,-0.00,0.3416,2.8065,4,0,1,0,0,20,11,0,53,0,1,0,2.865
19260,0.3416,2.8108,-0.00,0.3416,2.8108,4,0,1,0,0,20,11,0,53,0,1,0,2.861
19270,0.3416,2.8150,-0.00,0.3416,2.8150,4,0,1,0,0,20,11,0,53,0,1,0,2.857
19280,0.3416,2.8192,-0.00,0.3416,2.8192,4,0,1,0,0,20,11,0,53,0,1,0,2.852
19290,0.3416,2.8234,-0.00,0.3416,2.8234,4,0,1,0,0,20,11,0,53,0,1,0,2.848
19300,0.3416,2.8276,-0.00,0.3416,2.8276,4,0,1,0,0,20,11,0,53,0,1,0,2.844
19310,0.3416,2.8319,-0.00,0.3416,2.8319,4,0,1,0,0,20,11,0,53,0,1,0,2.840
19320,0.3416,2.8361,-0.00,0.3416,2.8361,4,0,1,0,0,20,11,0,53,0,1,0,2.835
19330,0.3416,2.8403,-0.00,0.3416,2.8403,4,0,1,0,0,20,11,0,53,0,1,0,2.831
19340,0.3416,2.8445,-0.00,0.3416,2.8445,4,0,1,0,0,20,11,0,53,0,1,0,2.827
19350,0.3416,2.8487,-0.00,0.3416,2.8487,4,0,1,0,0,20,11,0,53,0,1,0,2.823
19360,0.3416,2.8529,-0.00,0.3416,2.8529,4,0,1,0,0,20,11,0,53,0,1,0,2.819
19370,0.3416,2.8572,-0.00,0.3416,2.8572,4,0,1,0,0,20,11,0,53,0,1,0,2.814
19380,0.3416,2.8614,-0.00,0.3416,2.8614,4,0,1,0,0,20,11,0,53,0,1,0,2.810
19390,0.3416,2.8656,-0.00,0.3416,2.8656,4,0,1,0,0,20,11,0,53,0,1,0,2.806
19400,0.3416,2.8698,-0.00,0.3416,2.8698,4,0,1,0,0,20,11,0,53,0,1,0,2.802
19410,0.3416,2.8740,-0.00,0.3416,2.8740,4,0,1,0,0,20,11,0,53,0,1,0,2.797
19420,0.3416,2.8783,-0.00,0.3416,2.8783,4,0,1,0,0,20,11,0,53,0,1,0,2.793
19430,0.3416,2.8825,-0.00,0.3416,2.8825,4,0,1,0,0,20,11,0,53,0,1,0,2.789
19440,0.3416,2.8867,-0.00,0.3416,2.8867,4,0,1,0,0,20,11,0,53,0,1,0,2.785
19450,0.3416,2.8909,-0.00,0.3416,2.8909,4,0,1,0,0,20,11,0,53,0,1,0,2.781
19460,0.3416,2.8951,-0.00,0.3416,2.8951,4,0,1,0,0,20,11,0,53,0,1,0,2.776
19470,0.3416,2.8993,-0.00,0.3416,2.8993,4,0,1,0,0,20,11,0,53,0,1,0,2.772
19480,0.3416,2.9036,-0.00,0.3416,2.9036,4,0,1,0,0,20,11,0,53,0,1,0,2.768
19490,0.3416,2.9078,-0.00,0.3416,2.9078,4,0,1,0,0,20,11,0,53,0,1,0,2.764
19500,0.3416,2.9120,-0.00,0.3416,2.9120,4,0,1,0,0,20,11,0,53,0,1,0,2.759
19510,0.3416,2.9162,-0.00,0.3416,2.9162,4,0,1,0,0,20,11,0,53,0,1,0,2.755
19520,0.3416,2.9204,-0.00,0.3416,2.9204,4,0,1,0,0,20,11,0,53,0,1,0,2.751
19530,0.3416,2.9247,-0.00,0.3416,2.9247,4,0,1,0,0,20,11,0,53,0,1,0,2.747
19540,0.3416,2.9289,-0.00,0.3416,2.9289,4,0,1,0,0,20,11,0,53,0,1,0,2.743
19550,0.3416,2.9331,-0.00,0.3416,2.9331,4,0,1,0,0,20,11,0,53,0,1,0,2.738
19560,0.3416,2.9373,-0.00,0.3416,2.9373,4,0,1,0,0,20,11,0,53,0,1,0,2.734
19570,0.3416,2.9415,-0.00,0.3416,2.9415,4,0,1,0,0,20,11,0,53,0,1,0,2.730
19580,0.3416,2.9457,-0.00,0.3416,2.9457,4,0,1,0,0,20,11,0,53,0,1,0,2.726
19590,0.3416,2.9500,-0.00,0.3416,2.9500,4,0,1,0,0,20,11,0,53,0,1,0,2.722
19600,0.3416,2.9542,-0.00,0.3416,2.9542,4,0,1,0,0,20,11,0,53,0,1,0,2.717
19610,0.3416,2.9584,-0.00,0.3416,2.9584,4,0,1,0,0,20,11,0,53,0,1,0,2.713
19620,0.3416,2.9626,-0.00,0.3416,2.9626,4,0,1,0,0,20,11,0,53,0,1,0,2.709
19630,0.3416,2.9668,-0.00,0.3416,2.9668,4,0,1,0,0,20,11,0,53,0,1,0,2.705
19640,0.3416,2.9711,-0.00,0.3416,2.9711,4,0,1,0,0,20,11,0,53,0,1,0,2.700
19650,0.3416,2.9753,-0.00,0.3416,2.9753,4,0,1,0,0,20,11,0,53,0,1,0,2.696
19660,0.3416,2.9795,-0.00,0.3416,2.9795,4,0,1,0,0,20,11,0,53,0,1,0,2.692
19670,0.3416,2.9837,-0.00,0.3416,2.9837,4,0,1,0,0,20,11,0,53,0,1,0,2.688
19680,0.3416,2.9879,-0.00,0.3416,2.9879,4,0,1,0,0,20,11,0,53,0,1,0,2.684
19690,0.3416,2.9921,-0.00,0.3416,2.9921,4,0,1,0,0,20,11,0,53,0,1,0,2.679
19700,0.3416,2.9964,-0.00,0.3416,2.9964,4,0,1,0,0,20,11,0,53,0,1,0,2.675
19710,0.3416,3.0006,-0.00,0.3416,3.0006,4,0,1,0,0,20,11,0,53,0,1,0,2.671
19720,0.3416,3.0048,-0.00,0.3416,3.0048,4,0,1,0,0,20,11,0,53,0,1,0,2.667
19730,0.3416,3.0090,-0.00,0.3416,3.0090,4,0,1,0,0,20,11,0,53,0,1,0,2.662
19740,0.3416,3.0132,-0.00,0.3416,3.0132,4,0,1,0,0,20,11,0,53,0,1,0,2.658
19750,0.3416,3.0175,-0.00,0.3416,3.0175,4,0,1,0,0,20,11,0,53,0,1,0,2.654
19760,0.3416,3.0217,-0.00,0.3416,3.0217,4,0,1,0,0,20,11,0,53,0,1,0,2.650
19770,0.3416,3.0259,-0.00,0.3416,3.0259,4,0,1,0,0,20,11,0,53,0,1,0,2.646
19780,0.3416,3.0301,-0.00,0.3416,3.0301,4,0,1,0,0,20,11,0,53,0,1,0,2.641
19790,0.3416,3.0343,-0.00,0.3416,3.0343,4,0,1,0,0,20,11,0,53,0,1,0,2.637
19800,0.3416,3.0385,-0.00,0.3416,3.0385,4,0,1,0,0,20,11,0,53,0,1,0,2.633
19810,0.3416,3.0428,-0.00,0.3416,3.0428,4,0,1,0,0,20,11,0,53,0,1,0,2.629
19820,0.3416,3.0470,-0.00,0.3416,3.0470,4,0,1,0,0,20,11,0,53,0,1,0,2.625
19830,0.3416,3.0512,-0.00,0.3416,3.0512,4,0,1,0,0,20,11,0,53,0,1,0,2.620
19840,0.3416,3.0554,-0.00,0.3416,3.0554,4,0,1,0,0,20,11,0,53,0,1,0,2.616
19850,0.3416,3.0596,-0.00,0.3416,3.0596,4,0,1,0,0,20,11,0,53,0,1,0,2.612
19860,0.3416,3.0639,-0.00,0.3416,3.0639,4,0,1,0,0,20,11,0,53,0,1,0,2.608
19870,0.3416,3.0681,-0.00,0.3416,3.0681,4,0,1,0,0,20,11,0,53,0,1,0,2.603
19880,0.3416,3.0723,-0.00,0.3416,3.0723,4,0,1,0,0,20,11,0,53,0,1,0,2.599
19890,0.3416,3.0765,-0.00,0.3416,3.0765,4,0,1,0,0,20,11,0,53,0,1,0,2.595
19900,0.3416,3.0807,-0.00,0.3416,3.0807,4,0,1,0,0,20,11,0,53,0,1,0,2.591
19910,0.3416,3.0849,-0.00,0.3416,3.0849,4,0,1,0,0,20,11,0,53,0,1,0,2.587
19920,0.3416,3.0892,-0.00,0.3416,3.0892,4,0,1,0,0,20,11,0,53,0,1,0,2.582
19930,0.3416,3.0934,-0.00,0.3416,3.0934,4,0,1,0,0,20,11,0,53,0,1,0,2.578
19940,0.3416,3.0976,-0.00,0.3416,3.0976,4,0,1,0,0,20,11,0,53,0,1,0,2.574
19950,0.3416,3.1018,-0.00,0.3416,3.1018,4,0,1,0,0,20,11,0,53,0,1,0,2.570
19960,0.3416,3.1060,-0.00,0.3416,3.1060,4,0,1,0,0,20,11,0,53,0,1,0,2.565
19970,0.3416,3.1103,-0.00,0.3416,3.1103,4,0,1,0,0,20,11,0,53,0,1,0,2.561
19980,0.3416,3.1145,-0.00,0.3416,3.1145,4,0,1,0,0,20,11,0,53,0,1,0,2.557
19990,0.3416,3.1187,-0.00,0.3416,3.1187,4,0,1,0,0,20,11,0,53,0,1,0,2.553
20000,0.3416,3.1229,-0.00,0.3416,3.1229,4,0,1,0,0,20,11,0,53,0,1,0,2.549
20010,0.3416,3.1271,-0.00,0.3416,3.1271,4,0,1,0,0,20,11,0,53,0,1,0,2.544
20020,0.3416,3.1313,-0.00,0.3416,3.1313,4,0,1,0,0,20,11,0,53,0,1,0,2.540
20030,0.3416,3.1356,-0.00,0.3416,3.1356,4,0,1,0,0,20,11,0,53,0,1,0,2.536
20040,0.3416,3.1398,-0.00,0.3416,3.1398,4,0,1,0,0,20,11,0,53,0,1,0,2.532
20050,0.3416,3.1440,-0.00,0.3416,3.1440,4,0,1,0,0,20,11,0,53,0,1,0,2.528
20060,0.3416,3.1482,-0.00,0.3416,3.1482,4,0,1,0,0,20,11,0,53,0,1,0,2.523
20070,0.3416,3.1524,-0.00,0.3416,3.1524,4,0,1,0,0,20,11,0,53,0,1,0,2.519
20080,0.3416,3.1567,-0.00,0.3416,3.1567,4,0,1,0,0,20,11,0,53,0,1,0,2.515
20090,0.3416,3.1609,-0.00,0.3416,3.1609,4,0,1,0,0,20,11,0,53,0,1,0,2.511
20100,0.3416,3.1651,-0.00,0.3416,3.1651,4,0,1,0,0,20,11,0,53,0,1,0,2.506
20110,0.3416,3.1693,-0.00,0.3416,3.1693,4,0,1,0,0,20,11,0,53,0,1,0,2.502
20120,0.3416,3.1735,-0.00,0.3416,3.1735,4,0,1,0,0,20,11,0,53,0,1,0,2.498
20130,0.3416,3.1777,-0.00,0.3416,3.1777,4,0,1,0,0,20,11,0,53,0,1,0,2.494
20140,0.3416,3.1820,-0.00,0.3416,3.1820,4,0,1,0,0,20,11,0,53,0,1,0,2.490
20150,0.3416,3.1862,-0.00,0.3416,3.1862,4,0,1,0,0,20,11,0,53,0,1,0,2.485
20160,0.3416,3.1904,-0.00,0.3416,3.1904,4,0,1,0,0,20,11,0,53,0,1,0,2.481
20170,0.3416,3.1946,-0.00,0.3416,3.1946,4,0,1,0,0,20,11,0,53,0,1,0,2.477
20180,0.3416,3.1988,-0.00,0.3416,3.1988,4,0,1,0,0,20,11,0,53,0,1,0,2.473
20190,0.3416,3.2031,-0.00,0.3416,3.2031,4,0,1,0,0,20,11,0,53,0,1,0,2.468
20200,0.3416,3.2073,-0.00,0.3416,3.2073,4,0,1,0,0,20,11,0,53,0,1,0,2.464
20210,0.3416,3.2115,-0.00,0.3416,3.2115,4,0,1,0,0,20,11,0,53,0,1,0,2.460
20220,0.3416,3.2157,-0.00,0.3416,3.2157,4,0,1,0,0,20,11,0,53,0,1,0,2.456
20230,0.3416,3.2199,-0.00,0.3416,3.2199,4,0,1,0,0,20,11,0,53,0,1,0,2.452
20240,0.3416,3.2241,-0.00,0.3416,3.2241,4,0,1,0,0,20,11,0,53,0,1,0,2.447
20250,0.3416,3.2284,-0.00,0.3416,3.2284,4,0,1,0,0,20,11,0,53,0,1,0,2.443
20260,0.3416,3.2326,-0.00,0.3416,3.2326,4,0,1,0,0,20,11,0,53,0,1,0,2.439
20270,0.3416,3.2368,-0.00,0.3416,3.2368,4,0,1,0,0,20,11,0,53,0,1,0,2.435
20280,0.3416,3.2410,-0.00,0.3416,3.2410,4,0,1,0,0,20,11,0,53,0,1,0,2.430
20290,0.3416,3.2452,-0.00,0.3416,3.2452,4,0,1,0,0,20,11,0,53,0,1,0,2.426
20300,0.3416,3.2494,-0.00,0.3416,3.2494,4,0,1,0,0,20,11,0,53,0,1,0,2.422
20310,0.3416,3.2537,-0.00,0.3416,3.2537,4,0,1,0,0,20,11,0,53,0,1,0,2.418
20320,0.3416,3.2579,-0.00,0.3416,3.2579,4,0,1,0,0,20,11,0,53,0,1,0,2.414
20330,0.3416,3.2621,-0.00,0.3416,3.2621,4,0,1,0,0,20,11,0,53,0,1,0,2.409
20340,0.3416,3.2663,-0.00,0.3416,3.2663,4,0,1,0,0,20,11,0,53,0,1,0,2.405
20350,0.3416,3.2705,-0.00,0.3416,3.2705,4,0,1,0,0,20,11,0,53,0,1,0,2.401
20360,0.3416,3.2748,-0.00,0.3416,3.2748,4,0,1,0,0,20,11,0,53,0,1,0,2.397
20370,0.3416,3.2790,-0.00,0.3416,3.2790,4,0,1,0,0,20,11,0,53,0,1,0,2.393
20380,0.3416,3.2832,-0.00,0.3416,3.2832,4,0,1,0,0,20,11,0,53,0,1,0,2.388
20390,0.3416,3.2874,-0.00,0.3416,3.2874,4,0,1,0,0,20,11,0,53,0,1,0,2.384
20400,0.3416,3.2916,-0.00,0.3416,3.2916,4,0,1,0,0,20,11,0,53,0,1,0,2.380
20410,0.3416,3.2958,-0.00,0.3416,3.2958,4,0,1,0,0,20,11,0,53,0,1,0,2.376
20420,0.3416,3.3001,-0.00,0.3416,3.3001,4,0,1,0,0,20,11,0,53,0,1,0,2.371
20430,0.3416,3.3043,-0.00,0.3416,3.3043,4,0,1,0,0,20,11,0,53,0,1,0,2.367
20440,0.3416,3.3085,-0.00,0.3416,3.3085,4,0,1,0,0,20,11,0,53,0,1,0,2.363
20450,0.3416,3.3127,-0.00,0.3416,3.3127,4,0,1,0,0,20,11,0,53,0,1,0,2.359
20460,0.3416,3.3169,-0.00,0.3416,3.3169,4,0,1,0,0,20,11,0,53,0,1,0,2.355
20470,0.3416,3.3212,-0.00,0.3416,3.3212,4,0,1,0,0,20,11,0,53,0,1,0,2.350
20480,0.3416,3.3254,-0.00,0.3416,3.3254,4,0,1,0,0,20,11,0,53,0,1,0,2.346
20490,0.3416,3.3296,-0.00,0.3416,3.3296,4,0,1,0,0,20,11,0,53,0,1,0,2.342
20500,0.3416,3.3338,-0.00,0.3416,3.3338,4,0,1,0,0,20,11,0,53,0,1,0,2.338
20510,0.3416,3.3380,-0.00,0.3416,3.3380,4,0,1,0,0,20,11,0,53,0,1,0,2.333
20520,0.3416,3.3422,-0.00,0.3416,3.3422,4,0,1,0,0,20,11,0,53,0,1,0,2.329
20530,0.3416,3.3465,-0.00,0.3416,3.3465,4,0,1,0,0,20,11,0,53,0,1,0,2.325
20540,0.3416,3.3507,-0.00,0.3416,3.3507,4,0,1,0,0,20,11,0,53,0,1,0,2.321
20550,0.3416,3.3549,-0.00,0.3416,3.3549,4,0,1,0,0,20,11,0,53,0,1,0,2.317
20560,0.3416,3.3591,-0.00,0.3416,3.3591,4,0,1,0,0,20,11,0,53,0,1,0,2.312
20570,0.3416,3.3633,-0.00,0.3416,3.3633,4,0,1,0,0,20,11,0,53,0,1,0,2.308
20580,0.3416,3.3676,-0.00,0.3416,3.3676,4,0,1,0,0,20,11,0,53,0,1,0,2.304
20590,0.3416,3.3718,-0.00,0.3416,3.3718,4,0,1,0,0,20,11,0,53,0,1,0,2.300
20600,0.3416,3.3760,-0.00,0.3416,3.3760,4,0,1,0,0,20,11,0,53,0,1,0,2.296
20610,0.3416,3.3802,-0.00,0.3416,3.3802,4,0,1,0,0,20,11,0,53,0,1,0,2.291
20620,0.3416,3.3844,-0.00,0.3416,3.3844,4,0,1,0,0,20,11,0,53,0,1,0,2.287
20630,0.3416,3.3886,-0.00,0.3416,3.3886,4,0,1,0,0,20,11,0,53,0,1,0,2.283
20640,0.3416,3.3929,-0.00,0.3416,3.3929,4,0,1,0,0,20,11,0,53,0,1,0,2.279
20650,0.3416,3.3971,-0.00,0.3416,3.3971,4,0,1,0,0,20,11,0,53,0,1,0,2.274
20660,0.3416,3.4013,-0.00,0.3416,3.4013,4,0,1,0,0,20,11,0,53,0,1,0,2.270
20670,0.3416,3.4055,-0.00,0.3416,3.4055,4,0,1,0,0,20,11,0,53,0,1,0,2.266
20680,0.3416,3.4097,-0.00,0.3416,3.4097,4,0,1,0,0,20,11,0,53,0,1,0,2.262
20690,0.3416,3.4140,-0.00,0.3416,3.4140,4,0,1,0,0,20,11,0,53,0,1,0,2.258
20700,0.3416,3.4182,-0.00,0.3416,3.4182,4,0,1,0,0,20,11,0,53,0,1,0,2.253
20710,0.3416,3.4224,-0.00,0.3416,3.4224,4,0,1,0,0,20,11,0,53,0,1,0,2.249
20720,0.3416,3.4266,-0.00,0.3416,3.4266,4,0,1,0,0,20,11,0,53,0,1,0,2.245
20730,0.3416,3.4308,-0.00,0.3416,3.4308,4,0,1,0,0,20,11,0,53,0,1,0,2.241
20740,0.3416,3.4350,-0.00,0.3416,3.4350,4,0,1,0,0,20,11,0,53,0,1,0,2.236
20750,0.3416,3.4393,-0.00,0.3416,3.4393,4,0,1,0,0,20,11,0,53,0,1,0,2.232
20760,0.3416,3.4435,-0.00,0.3416,3.4435,4,0,1,0,0,20,11,0,53,0,1,0,2.228
20770,0.3416,3.4477,-0.00,0.3416,3.4477,4,0,1,0,0,20,11,0,53,0,1,0,2.224
20780,0.3416,3.4519,-0.00,0.3416,3.4519,4,0,1,0,0,20,11,0,53,0,1,0,2.220
20790,0.3416,3.4561,-0.00,0.3416,3.4561,4,0,1,0,0,20,11,0,53,0,1,0,2.215
20800,0.3416,3.4604,-0.00,0.3416,3.4604,4,0,1,0,0,20,11,0,53,0,1,0,2.211
20810,0.3416,3.4646,-0.00,0.3416,3.4646,4,0,1,0,0,20,11,0,53,0,1,0,2.207
20820,0.3416,3.4688,-0.00,0.3416,3.4688,4,0,1,0,0,20,11,0,53,0,1,0,2.203
20830,0.3416,3.4730,-0.00,0.3416,3.4730,4,0,1,0,0,20,11,0,53,0,1,0,2.198
20840,0.3416,3.4772,-0.00,0.3416,3.4772,4,0,1,0,0,20,11,0,53,0,1,0,2.194
20850,0.3416,3.4814,-0.00,0.3416,3.4814,4,0,1,0,0,20,11,0,53,0,1,0,2.190
20860,0.3416,3.4857,-0.00,0.3416,3.4857,4,0,1,0,0,20,11,0,53,0,1,0,2.186
20870,0.3416,3.4899,-0.00,0.3416,3.4899,4,0,1,0,0,20,11,0,53,0,1,0,2.182
20880,0.3416,3.4941,-0.00,0.3416,3.4941,4,0,1,0,0,20,11,0,53,0,1,0,2.177
20890,0.3416,3.4983,-0.00,0.3416,3.4983,4,0,1,0,0,20,11,0,53,0,1,0,2.173
20900,0.3416,3.5025,-0.00,0.3416,3.5025,4,0,1,0,0,20,11,0,53,0,1,0,2.169
20910,0.3416,3.5068,-0.00,0.3416,3.5068,4,0,1,0,0,20,11,0,53,0,1,0,2.165
20920,0.3416,3.5110,-0.00,0.3416,3.5110,4,0,1,0,0,20,11,0,53,0,1,0,2.161
20930,0.3416,3.5152,-0.00,0.3416,3.5152,4,0,1,0,0,20,11,0,53,0,1,0,2.156
20940,0.3416,3.5194,-0.00,0.3416,3.5194,4,0,1,0,0,20,11,0,53,0,1,0,2.152
20950,0.3416,3.5236,-0.00,0.3416,3.5236,4,0,1,0,0,20,11,0,53,0,1,0,2.148
20960,0.3416,3.5278,-0.00,0.3416,3.5278,4,0,1,0,0,20,11,0,53,0,1,0,2.144
20970,0.3416,3.5321,-0.00,0.3416,3.5321,4,0,1,0,0,20,11,0,53,0,1,0,2.139
20980,0.3416,3.5363,-0.00,0.3416,3.5363,4,0,1,0,0,20,11,0,53,0,1,0,2.135
20990,0.3416,3.5405,-0.00,0.3416,3.5405,4,0,1,0,0,20,11,0,53,0,1,0,2.131
21000,0.3416,3.5447,-0.00,0.3416,3.5447,4,0,1,0,0,20,11,0,53,0,1,0,2.127
21010,0.3416,3.5489,-0.00,0.3416,3.5489,4,0,1,0,0,20,11,0,53,0,1,0,2.123
21020,0.3416,3.5532,-0.00,0.3416,3.5532,4,0,1,0,0,20,11,0,53,0,1,0,2.118
21030,0.3416,3.5574,-0.00,0.3416,3.5574,4,0,1,0,0,20,11,0,53,0,1,0,2.114
21040,0.3416,3.5616,-0.00,0.3416,3.5616,4,0,1,0,0,20,11,0,53,0,1,0,2.110
21050,0.3416,3.5658,-0.00,0.3416,3.5658,4,0,1,0,0,20,11,0,53,0,1,0,2.106
21060,0.3416,3.5700,-0.00,0.3416,3.5700,4,0,1,0,0,20,11,0,53,0,1,0,2.101
21070,0.3416,3.5742,-0.00,0.3416,3.5742,4,0,1,0,0,20,11,0,53,0,1,0,2.097
21080,0.3416,3.5785,-0.00,0.3416,3.5785,4,0,1,0,0,20,11,0,53,0,1,0,2.093
21090,0.3416,3.5827,-0.00,0.3416,3.5827,4,0,1,0,0,20,11,0,53,0,1,0,2.089
21100,0.3416,3.5869,-0.00,0.3416,3.5869,4,0,1,0,0,20,11,0,53,0,1,0,2.085
21110,0.3416,3.5911,-0.00,0.3416,3.5911,4,0,1,0,0,20,11,0,53,0,1,0,2.080
21120,0.3416,3.5953,-0.00,0.3416,3.5953,4,0,1,0,0,20,11,0,53,0,1,0,2.076
21130,0.3416,3.5996,-0.00,0.3416,3.5996,4,0,1,0,0,20,11,0,53,0,1,0,2.072
21140,0.3416,3.6038,-0.00,0.3416,3.6038,4,0,1,0,0,20,11,0,53,0,1,0,2.068
21150,0.3416,3.6080,-0.00,0.3416,3.6080,4,0,1,0,0,20,11,0,53,0,1,0,2.064
21160,0.3416,3.6122,-0.00,0.3416,3.6122,4,0,1,0,0,20,11,0,53,0,1,0,2.059
21170,0.3416,3.6164,-0.00,0.3416,3.6164,4,0,1,0,0,20,11,0,53,0,1,0,2.055
21180,0.3416,3.6206,-0.00,0.3416,3.6206,4,0,1,0,0,20,11,0,53,0,1,0,2.051
21190,0.3416,3.6249,-0.00,0.3416,3.6249,4,0,1,0,0,20,11,0,53,0,1,0,2.047
21200,0.3416,3.6291,-0.00,0.3416,3.6291,4,0,1,0,0,20,11,0,53,0,1,0,2.042
21210,0.3416,3.6333,-0.00,0.3416,3.6333,4,0,1,0,0,20,11,0,53,0,1,0,2.038
21220,0.3416,3.6375,-0.00,0.3416,3.6375,4,0,1,0,0,20,11,0,53,0,1,0,2.034
21230,0.3416,3.6417,-0.00,0.3416,3.6417,4,0,1,0,0,20,11,0,53,0,1,0,2.030
21240,0.3416,3.6460,-0.00,0.3416,3.6460,4,0,1,0,0,20,11,0,53,0,1,0,2.026
21250,0.3416,3.6502,-0.00,0.3416,3.6502,4,0,1,0,0,20,11,0,53,0,1,0,2.021
21260,0.3416,3.6544,-0.00,0.3416,3.6544,4,0,1,0,0,20,11,0,53,0,1,0,2.017
21270,0.3416,3.6586,-0.00,0.3416,3.6586,4,0,1,0,0,20,11,0,53,0,1,0,2.013
21280,0.3416,3.6628,-0.00,0.3416,3.6628,4,0,1,0,0,20,11,0,53,0,1,0,2.009
21290,0.3416,3.6670,-0.00,0.3416,3.6670,4,0,1,0,0,20,11,0,53,0,1,0,2.004
21300,0.3416,3.6713,-0.00,0.3416,3.6713,4,0,1,0,0,20,11,0,53,0,1,0,2.000
21310,0.3416,3.6755,-0.00,0.3416,3.6755,4,0,1,0,0,20,11,0,53,0,1,0,1.996
21320,0.3416,3.6797,-0.00,0.3416,3.6797,4,0,1,0,0,20,11,0,53,0,1,0,1.992
21330,0.3416,3.6839,-0.00,0.3416,3.6839,4,0,1,0,0,20,11,0,53,0,1,0,1.988
21340,0.3416,3.6881,-0.00,0.3416,3.6881,4,0,1,0,0,20,11,0,53,0,1,0,1.983
21350,0.3416,3.6924,-0.00,0.3416,3.6924,4,0,1,0,0,20,11,0,53,0,1,0,1.979
21360,0.3416,3.6966,-0.00,0.3416,3.6966,4,0,1,0,0,20,11,0,53,0,1,0,1.975
21370,0.3416,3.7008,-0.00,0.3416,3.7008,5,0,0,0,0,20,11,0,0,0,0,0,1000.000
21380,0.3416,3.7049,-0.00,0.3416,3.7049,5,0,0,0,0,20,11,0,0,0,0,0,1000.000
21390,0.3416,3.7088,-0.00,0.3416,3.7088,5,0,0,0,0,20,11,0,0,0,0,0,1000.000
21400,0.3416,3.7124,-0.00,0.3416,3.7125,5,0,0,0,0,20,11,0,0,0,0,0,1000.000
21410,0.3416,3.7159,-0.00,0.3416,3.7159,5,0,0,0,0,20,11,0,0,0,0,0,1000.000
21420,0.3416,3.7192,-0.00,0.3416,3.7192,5,0,0,0,0,20,11,0,0,0,0,0,1000.000
21430,0.3416,3.7223,-0.00,0.3416,3.7223,5,0,0,0,0,20,11,0,0,0,0,0,1000.000
21440,0.3416,3.7252,-0.00,0.3416,3.7252,5,0,0,0,0,20,11,0,0,0,0,0,1000.000
21450,0.3416,3.7279,-0.00,0.3416,3.7279,5,0,1,0,0,20,11,0,0,0,0,0,1000.000
21460,0.3416,3.7304,-0.00,0.3416,3.7304,5,0,1,0,0,20,11,0,0,0,0,0,1000.000
21470,0.3416,3.7327,-0.00,0.3416,3.7327,5,0,1,0,0,20,11,0,0,0,0,0,1000.000
21480,0.3416,3.7348,-0.00,0.3416,3.7348,5,0,1,0,0,20,11,0,0,0,0,0,1000.000
21490,0.3416,3.7366,-0.00,0.3416,3.7366,5,0,1,0,0,20,11,0,0,0,0,0,1000.000
21500,0.3416,3.7383,-0.00,0.3416,3.7383,5,0,1,0,0,20,11,150,0,0,0,0,2.388
21510,0.3416,3.7398,-0.00,0.3416,3.7398,5,0,1,0,0,20,11,150,0,0,0,0,2.388
21520,0.3416,3.7411,-0.00,0.3416,3.7411,5,0,1,0,0,20,11,150,0,0,0,0,2.388
21530,0.3416,3.7422,-0.00,0.3416,3.7422,5,0,1,0,0,20,11,150,0,0,0,0,2.388
21540,0.3418,3.7433,-0.00,0.3418,3.7433,5,0,1,0,0,20,11,150,0,0,0,0,2.388
21550,0.3421,3.7443,-0.00,0.3421,3.7443,5,0,1,0,0,20,11,150,0,0,0,0,2.388
21560,0.3427,3.7454,-0.00,0.3427,3.7454,5,0,1,0,0,20,11,150,0,0,0,0,2.387
21570,0.3435,3.7464,-0.00,0.3435,3.7464,5,0,1,0,0,20,11,150,0,0,0,0,2.387
21580,0.3444,3.7475,-0.00,0.3444,3.7475,5,0,1,0,0,20,11,150,0,0,0,0,2.386
21590,0.3456,3.7485,0.00,0.3456,3.7485,5,0,1,0,0,20,11,150,0,0,0,0,2.384
21600,0.3470,3.7496,0.00,0.3470,3.7496,5,0,1,0,0,20,11,150,0,0,0,0,2.383
21610,0.3486,3.7507,0.00,0.3486,3.7507,5,0,1,0,0,20,11,150,0,0,0,0,2.381
21620,0.3503,3.7517,0.00,0.3503,3.7517,5,0,1,0,0,20,11,150,0,0,0,0,2.380
21630,0.3523,3.7528,-0.00,0.3523,3.7528,5,0,1,0,0,20,11,150,0,0,0,0,2.378
21640,0.3545,3.7538,-0.00,0.3545,3.7538,5,0,1,0,0,20,11,150,0,0,0,0,2.376
21650,0.3568,3.7549,-0.00,0.3568,3.7549,5,0,1,0,0,20,11,150,0,0,0,0,2.373
21660,0.3594,3.7559,-0.00,0.3594,3.7559,5,0,1,0,0,20,11,150,0,0,0,0,2.371
21670,0.3622,3.7570,-0.00,0.3622,3.7570,5,0,1,0,0,20,11,150,0,0,0,0,2.368
21680,0.3651,3.7581,-0.00,0.3651,3.7581,5,0,1,0,0,20,11,150,0,0,0,0,2.365
21690,0.3683,3.7591,0.00,0.3683,3.7591,5,0,1,0,0,20,11,150,0,0,0,0,2.362
21700,0.3717,3.7602,0.00,0.3717,3.7602,5,0,1,0,0,20,12,150,0,0,0,0,2.358
21710,0.3752,3.7612,0.00,0.3752,3.7612,5,0,1,0,0,20,12,150,0,0,0,0,2.355
21720,0.3790,3.7623,0.00,0.3790,3.7623,5,0,1,0,0,20,12,150,0,0,0,0,2.351
21730,0.3830,3.7633,0.00,0.3830,3.7633,5,0,1,0,0,20,12,150,0,0,0,0,2.347
21740,0.3871,3.7644,0.00,0.3871,3.7644,5,0,1,0,0,20,12,150,0,0,0,0,2.343
21750,0.3915,3.7654,-0.00,0.3915,3.7654,5,0,1,0,0,20,13,150,0,0,0,0,2.338
21760,0.3961,3.7665,0.00,0.3961,3.7665,5,0,1,0,0,20,13,150,0,0,0,0,2.334
21770,0.4008,3.7676,-0.00,0.4008,3.7676,5,0,1,0,0,20,13,150,0,0,0,0,2.329
21780,0.4058,3.7686,-0.00,0.4058,3.7686,5,0,1,0,0,20,13,150,0,0,0,0,2.324
21790,0.4110,3.7697,-0.00,0.4110,3.7697,5,0,1,0,0,20,13,150,0,0,0,0,2.319
21800,0.4163,3.7707,0.00,0.4163,3.7707,5,0,1,0,0,20,14,150,0,0,0,0,2.314
21810,0.4219,3.7718,0.00,0.4219,3.7718,5,0,1,0,0,20,14,150,0,0,0,0,2.308
21820,0.4277,3.7728,0.00,0.4277,3.7728,5,0,1,0,0,20,14,150,0,0,0,0,2.302
21830,0.4337,3.7739,0.00,0.4337,3.7739,5,0,1,0,0,20,14,150,0,0,0,0,2.296
21840,0.4398,3.7750,0.00,0.4398,3.7750,5,0,1,0,0,20,14,150,0,0,0,0,2.290
21850,0.4462,3.7760,0.00,0.4462,3.7760,5,0,1,0,0,20,16,150,0,0,0,0,2.284
21860,0.4528,3.7771,0.00,0.4528,3.7771,5,0,1,0,0,20,16,150,0,0,0,0,2.277
21870,0.4595,3.7781,0.00,0.4595,3.7781,5,0,1,0,0,20,16,150,0,0,0,0,2.270
21880,0.4665,3.7792,0.00,0.4665,3.7792,5,0,1,0,0,20,16,150,0,0,0,0,2.264
21890,0.4737,3.7802,0.00,0.4737,3.7802,5,0,1,0,0,20,16,150,0,0,0,0,2.256
21900,0.4810,3.7813,0.00,0.4810,3.7813,5,0,1,0,0,20,19,150,0,0,0,0,2.249
21910,0.4886,3.7823,0.00,0.4886,3.7823,5,0,1,0,0,20,19,150,0,0,0,0,2.241
21920,0.4964,3.7834,0.00,0.4964,3.7834,5,0,1,0,0,20,19,150,0,0,0,0,2.234
21930,0.5043,3.7845,0.00,0.5043,3.7845,6,0,0,1,0,20,19,0,0,0,0,0,1000.000
21940,0.5120,3.7855,0.00,0.5120,3.7855,6,0,0,1,0,20,19,0,0,0,0,0,1000.000
21950,0.5196,3.7866,0.00,0.5196,3.7866,6,0,0,1,0,20,20,0,0,0,0,0,1000.000
21960,0.5269,3.7876,0.00,0.5269,3.7876,6,0,0,1,0,20,20,0,0,0,0,0,1000.000
21970,0.5341,3.7887,0.00,0.5341,3.7887,6,0,0,1,0,20,20,0,0,0,0,0,1000.000
21980,0.5410,3.7897,0.00,0.5410,3.7897,6,0,0,1,0,20,20,0,0,0,0,0,1000.000
21990,0.5478,3.7908,0.00,0.5478,3.7908,6,0,0,1,0,20,20,0,0,0,0,0,1000.000
22000,0.5543,3.7919,0.00,0.5543,3.7919,6,0,0,1,0,20,20,0,0,0,0,0,1000.000
22010,0.5607,3.7929,0.00,0.5607,3.7929,6,0,0,1,0,20,20,0,0,0,0,0,1000.000
22020,0.5668,3.7940,0.00,0.5668,3.7940,6,0,0,1,0,20,20,0,0,0,0,0,1000.000
22030,0.5728,3.7950,0.00,0.5728,3.7950,6,0,0,1,0,20,20,0,0,0,0,0,1000.000
22040,0.5785,3.7961,0.00,0.5785,3.7961,6,0,0,1,0,20,20,0,0,0,0,0,1000.000
22050,0.5841,3.7971,0.00,0.5841,3.7971,6,0,0,1,0,20,20,0,0,0,0,0,1000.000
22060,0.5894,3.7982,0.00,0.5894,3.7982,6,0,0,1,0,20,20,0,0,0,0,0,1000.000
22070,0.5945,3.7992,0.00,0.5945,3.7992,6,0,0,1,0,20,20,0,0,0,0,0,1000.000
22080,0.5995,3.8003,0.00,0.5995,3.8003,6,0,0,1,0,20,20,0,0,0,0,0,1000.000
22090,0.6042,3.8014,0.00,0.6042,3.8014,6,0,0,1,0,20,20,0,0,0,0,0,1000.000
22100,0.6088,3.8024,0.00,0.6088,3.8024,6,0,0,1,0,20,20,0,0,0,0,0,1000.000
22110,0.6131,3.8035,0.00,0.6131,3.8035,6,0,0,1,0,20,20,0,0,0,0,0,1000.000
22120,0.6173,3.8045,0.00,0.6173,3.8045,6,0,0,1,0,20,20,0,0,0,0,0,1000.000
22130,0.6212,3.8056,0.00,0.6212,3.8056,6,0,0,1,0,20,20,0,0,0,0,0,1000.000
22140,0.6250,3.8066,0.00,0.6250,3.8066,6,0,0,1,0,20,20,0,0,0,0,0,1000.000
22150,0.6285,3.8077,0.00,0.6285,3.8077,6,0,0,1,0,20,20,0,0,0,0,0,1000.000
22160,0.6319,3.8088,0.00,0.6319,3.8088,6,0,0,1,0,20,20,0,0,0,0,0,1000.000
22170,0.6350,3.8098,0.00,0.6350,3.8098,6,0,0,1,0,20,20,0,0,0,0,0,1000.000
22180,0.6380,3.8109,0.00,0.6380,3.8109,6,0,0,1,0,20,20,0,0,0,0,0,1000.000
22190,0.6407,3.8119,0.00,0.6407,3.8119,6,0,0,1,0,20,20,0,0,0,0,0,1000.000
22200,0.6433,3.8130,-0.00,0.6433,3.8130,6,0,0,1,0,20,20,0,0,0,0,0,1000.000
22210,0.6456,3.8140,-0.00,0.6456,3.8140,6,0,0,1,0,20,20,0,0,0,0,0,1000.000
22220,0.6478,3.8151,-0.00,0.6478,3.8151,6,0,0,1,0,20,20,0,0,0,0,0,1000.000
22230,0.6497,3.8161,-0.00,0.6497,3.8161,6,0,0,1,0,20,20,0,0,0,0,0,1000.000
22240,0.6515,3.8172,-0.00,0.6515,3.8172,6,0,0,1,0,20,20,0,0,0,0,0,1000.000
22250,0.6530,3.8183,-0.00,0.6530,3.8183,6,0,0,1,0,20,20,0,0,0,0,0,1000.000
22260,0.6544,3.8193,-0.00,0.6544,3.8193,6,0,0,1,0,20,20,0,0,0,0,0,1000.000
22270,0.6555,3.8204,-0.00,0.6555,3.8204,6,0,0,1,0,20,20,0,0,0,0,0,1000.000
22280,0.6565,3.8214,-0.00,0.6565,3.8214,6,0,0,1,0,20,20,0,0,0,0,0,1000.000
22290,0.6574,3.8223,-0.00,0.6574,3.8223,6,0,0,1,0,20,20,0,0,0,0,0,1000.000
22300,0.6582,3.8231,-0.00,0.6582,3.8231,6,0,0,1,0,20,20,0,0,0,0,0,1000.000
22310,0.6589,3.8238,-0.00,0.6589,3.8238,6,0,0,1,0,20,20,0,0,0,0,0,1000.000
22320,0.6595,3.8244,-0.00,0.6595,3.8244,6,0,0,1,0,20,20,0,0,0,0,0,1000.000
22330,0.6600,3.8249,-0.00,0.6600,3.8249,6,0,0,1,0,20,20,0,0,0,0,0,1000.000
22340,0.6604,3.8253,-0.00,0.6604,3.8253,6,0,0,1,0,20,20,0,0,0,0,0,1000.000
22350,0.6607,3.8256,-0.00,0.6607,3.8256,6,0,0,1,0,20,20,0,0,0,0,0,1000.000
22360,0.6609,3.8258,-0.00,0.6609,3.8258,6,0,0,1,0,20,20,0,0,0,0,0,1000.000
22370,0.6610,3.8259,-0.00,0.6610,3.8259,6,0,0,1,0,20,20,0,0,0,0,0,1000.000
22380,0.6610,3.8259,-0.00,0.6610,3.8259,6,0,0,1,0,20,20,0,0,0,0,0,1000.000
22390,0.6610,3.8259,-0.00,0.6610,3.8259,6,0,0,1,0,20,20,0,0,0,0,0,1000.000
22400,0.6610,3.8259,-0.00,0.6610,3.8259,6,0,0,1,0,20,20,0,0,0,0,0,1000.000
22410,0.6610,3.8259,-0.00,0.6610,3.8259,6,0,0,1,0,20,20,0,0,0,0,0,1000.000
22420,0.6610,3.8259,-0.00,0.6610,3.8259,6,0,0,1,0,20,20,0,0,0,0,0,1000.000
22430,0.6610,3.8259,-0.00,0.6610,3.8259,6,0,0,1,0,20,20,0,0,0,0,0,1000.000
22440,0.6610,3.8259,-0.00,0.6610,3.8259,6,0,0,1,0,20,20,0,0,0,0,0,1000.000
22450,0.6610,3.8259,-0.00,0.6610,3.8259,6,0,0,1,0,20,20,0,0,0,0,0,1000.000
22460,0.6610,3.8259,-0.00,0.6610,3.8259,6,0,0,1,0,20,20,0,0,0,0,0,1000.000
22470,0.6610,3.8259,-0.00,0.6610,3.8259,6,0,0,1,0,20,20,0,0,0,0,0,1000.000
22480,0.6610,3.8259,-0.00,0.6610,3.8259,6,0,0,1,0,20,20,0,0,0,0,0,1000.000
22490,0.6610,3.8259,-0.00,0.6610,3.8259,6,0,0,1,0,20,20,0,0,0,0,0,1000.000
22500,0.6610,3.8259,-0.00,0.6610,3.8259,0,1,0,0,0,20,20,0,0,0,0,0,1000.000
22510,0.6610,3.8259,0.01,0.6610,3.8259,0,1,0,0,0,20,20,0,0,0,0,0,1000.000
22520,0.6610,3.8259,0.04,0.6610,3.8259,0,1,0,0,0,20,20,0,0,0,0,0,1000.000
22530,0.6610,3.8259,0.09,0.6610,3.8259,0,1,0,0,0,20,20,0,0,0,0,0,1000.000
22540,0.6610,3.8259,0.16,0.6610,3.8259,0,1,0,0,0,20,20,0,0,0,0,0,1000.000
22550,0.6610,3.8259,0.25,0.6610,3.8259,0,1,0,0,0,20,20,0,0,0,0,0,1000.000
22560,0.6610,3.8259,0.37,0.6610,3.8259,0,1,0,0,0,20,20,0,0,0,0,0,1000.000
22570,0.6610,3.8259,0.51,0.6610,3.8259,0,1,0,0,0,20,20,0,0,0,0,0,1000.000
22580,0.6610,3.8259,0.67,0.6610,3.8259,0,1,0,0,0,20,20,0,0,0,0,0,1000.000
22590,0.6610,3.8259,0.85,0.6610,3.8259,0,1,0,0,0,20,20,0,0,0,0,0,1000.000
22600,0.6610,3.8259,1.05,0.6610,3.8259,0,1,0,0,0,20,20,0,0,0,0,0,1000.000
22610,0.6610,3.8259,1.28,0.6610,3.8259,0,1,0,0,0,20,20,0,0,0,0,0,1000.000
22620,0.6610,3.8259,1.52,0.6610,3.8259,0,1,0,0,0,20,20,0,0,0,0,0,1000.000
22630,0.6610,3.8259,1.79,0.6610,3.8259,0,1,0,0,0,20,20,0,0,0,0,0,1000.000
22640,0.6610,3.8259,2.08,0.6610,3.8259,0,1,0,0,0,20,20,0,0,0,0,0,1000.000
22650,0.6610,3.8259,2.39,0.6610,3.8259,0,1,0,0,0,20,20,0,0,0,0,0,1000.000
22660,0.6610,3.8259,2.71,0.6610,3.8259,0,1,0,0,0,20,20,0,0,0,0,0,1000.000
22670,0.6610,3.8259,3.00,0.6610,3.8259,0,1,0,0,0,20,20,0,0,0,0,0,1000.000
22680,0.6610,3.8259,3.28,0.6610,3.8259,0,1,0,0,0,20,20,0,0,0,0,0,1000.000
22690,0.6610,3.8259,3.53,0.6610,3.8259,0,1,0,0,0,20,20,0,0,0,0,0,1000.000
22700,0.6610,3.8259,3.78,0.6610,3.8259,0,1,0,0,0,20,20,0,0,0,0,0,1000.000
22710,0.6610,3.8259,4.05,0.6610,3.8259,0,1,0,0,0,20,20,0,0,0,0,0,1000.000
22720,0.6610,3.8259,4.33,0.6610,3.8259,0,1,0,0,0,20,20,0,0,0,0,0,1000.000
22730,0.6610,3.8259,4.61,0.6610,3.8259,0,1,0,0,0,20,20,0,0,0,0,0,1000.000
22740,0.6610,3.8259,4.86,0.6610,3.8259,0,1,0,0,0,20,20,0,0,0,0,0,1000.000
22750,0.6610,3.8259,5.13,0.6610,3.8259,0,1,0,0,0,20,20,0,0,0,0,0,1000.000
22760,0.6610,3.8259,5.40,0.6610,3.8259,0,1,0,0,0,20,20,0,0,0,0,0,1000.000
22770,0.6610,3.8259,5.67,0.6610,3.8259,0,1,0,0,0,20,20,0,0,0,0,0,1000.000
22780,0.6610,3.8259,5.95,0.6610,3.8259,0,1,0,0,0,20,20,0,0,0,0,0,1000.000
22790,0.6610,3.8259,6.20,0.6610,3.8259,0,1,0,0,0,20,20,0,0,0,0,0,1000.000
22800,0.6610,3.8259,6.47,0.6610,3.8259,0,1,0,0,0,20,20,0,0,0,0,0,1000.000
22810,0.6610,3.8259,6.74,0.6610,3.8259,0,1,0,0,0,20,20,0,0,0,0,0,1000.000
22820,0.6610,3.8259,7.01,0.6610,3.8259,0,1,0,0,0,20,20,0,0,0,0,0,1000.000
22830,0.6610,3.8259,7.26,0.6610,3.8259,0,1,0,0,0,20,20,0,0,0,0,0,1000.000
22840,0.6610,3.8259,7.53,0.6610,3.8259,0,1,0,0,0,20,20,0,0,0,0,0,1000.000
22850,0.6610,3.8259,7.80,0.6610,3.8259,0,1,0,0,0,20,20,0,0,0,0,0,1000.000
22860,0.6610,3.8259,8.06,0.6610,3.8259,0,1,0,0,0,20,20,0,0,0,0,0,1000.000
22870,0.6610,3.8259,8.33,0.6610,3.8259,0,1,0,0,0,20,20,0,0,0,0,0,1000.000
22880,0.6610,3.8259,8.60,0.6610,3.8259,0,1,0,0,0,20,20,0,0,0,0,0,1000.000
22890,0.6610,3.8259,8.86,0.6610,3.8259,0,1,0,0,0,20,20,0,0,0,0,0,1000.000
22900,0.6610,3.8259,9.12,0.6610,3.8259,0,1,0,0,0,20,20,0,0,0,0,0,1000.000
22910,0.6610,3.8259,9.38,0.6610,3.8259,0,1,0,0,0,20,20,0,0,0,0,0,1000.000
22920,0.6610,3.8259,9.64,0.6610,3.8259,0,1,0,0,0,20,20,0,0,0,0,0,1000.000
22930,0.6610,3.8259,9.91,0.6610,3.8259,0,1,0,0,0,20,20,0,0,0,0,0,1000.000
22940,0.6610,3.8259,10.16,0.6610,3.8259,0,1,0,0,0,20,20,0,0,0,0,0,1000.000
22950,0.6610,3.8259,10.43,0.6610,3.8259,0,1,0,0,0,20,20,0,0,0,0,0,1000.000
22960,0.6610,3.8259,10.68,0.6610,3.8259,0,1,0,0,0,20,20,0,0,0,0,0,1000.000
22970,0.6610,3.8259,10.95,0.6610,3.8259,0,1,0,0,0,20,20,0,0,0,0,0,1000.000
22980,0.6610,3.8259,11.20,0.6610,3.8259,0,1,0,0,0,20,20,0,0,0,0,0,1000.000
22990,0.6610,3.8259,11.47,0.6610,3.8259,0,1,0,0,0,20,20,0,0,0,0,0,1000.000
23000,0.6610,3.8259,11.72,0.6610,3.8259,0,1,0,0,0,20,20,0,0,0,0,0,1000.000
23010,0.6610,3.8259,11.99,0.6610,3.8259,0,1,0,0,0,20,20,0,0,0,0,0,1000.000
23020,0.6610,3.8259,12.24,0.6610,3.8259,0,1,0,0,0,20,20,0,0,0,0,0,1000.000
23030,0.6610,3.8259,12.49,0.6610,3.8259,0,1,0,0,0,20,20,0,0,0,0,0,1000.000
23040,0.6610,3.8259,12.75,0.6610,3.8259,0,1,0,0,0,20,20,0,0,0,0,0,1000.000
23050,0.6610,3.8259,13.01,0.6610,3.8259,0,1,0,0,0,20,20,0,0,0,0,0,1000.000
23060,0.6610,3.8259,13.27,0.6610,3.8259,0,1,0,0,0,20,20,0,0,0,0,0,1000.000
23070,0.6610,3.8259,13.53,0.6610,3.8259,0,1,0,0,0,20,20,0,0,0,0,0,1000.000
23080,0.6610,3.8259,13.77,0.6610,3.8259,0,1,0,0,0,20,20,0,0,0,0,0,1000.000
23090,0.6610,3.8259,14.04,0.6610,3.8259,0,1,0,0,0,20,20,0,0,0,0,0,1000.000
23100,0.6610,3.8259,14.29,0.6610,3.8259,0,1,0,0,0,20,20,0,0,0,0,0,1000.000
23110,0.6610,3.8259,14.54,0.6610,3.8259,0,1,0,0,0,20,20,0,0,0,0,0,1000.000
23120,0.6610,3.8259,14.80,0.6610,3.8259,0,1,0,0,0,20,20,0,0,0,0,0,1000.000
23130,0.6610,3.8259,15.05,0.6610,3.8259,0,1,0,0,0,20,20,0,0,0,0,0,1000.000
23140,0.6610,3.8259,15.30,0.6610,3.8259,0,1,0,0,0,20,20,0,0,0,0,0,1000.000
23150,0.6610,3.8259,15.56,0.6610,3.8259,0,1,0,0,0,20,20,0,0,0,0,0,1000.000
23160,0.6610,3.8259,15.81,0.6610,3.8259,0,1,0,0,0,20,20,0,0,0,0,0,1000.000
23170,0.6610,3.8259,16.05,0.6610,3.8259,0,1,0,0,0,20,20,0,0,0,0,0,1000.000
23180,0.6610,3.8259,16.32,0.6610,3.8259,0,1,0,0,0,20,20,0,0,0,0,0,1000.000
23190,0.6610,3.8259,16.57,0.6610,3.8259,0,1,0,0,0,20,20,0,0,0,0,0,1000.000
23200,0.6610,3.8259,16.81,0.6610,3.8259,0,1,0,0,0,20,20,0,0,0,0,0,1000.000
23210,0.6610,3.8259,17.06,0.6610,3.8259,0,1,0,0,0,20,20,0,0,0,0,0,1000.000
23220,0.6610,3.8259,17.32,0.6610,3.8259,0,1,0,0,0,20,20,0,0,0,0,0,1000.000
23230,0.6610,3.8259,17.56,0.6610,3.8259,0,1,0,0,0,20,20,0,0,0,0,0,1000.000
23240,0.6610,3.8259,17.81,0.6610,3.8259,0,1,0,0,0,20,20,0,0,0,0,0,1000.000
23250,0.6610,3.8259,18.06,0.6610,3.8259,0,1,0,0,0,20,20,0,0,0,0,0,1000.000
23260,0.6610,3.8259,18.32,0.6610,3.8259,0,1,0,0,0,20,20,0,0,0,0,0,1000.000
23270,0.6610,3.8259,18.56,0.6610,3.8259,0,1,0,0,0,20,20,0,0,0,0,0,1000.000
23280,0.6610,3.8259,18.81,0.6610,3.8259,0,1,0,0,0,20,20,0,0,0,0,0,1000.000
23290,0.6610,3.8259,19.07,0.6610,3.8259,0,1,0,0,0,20,20,0,0,0,0,0,1000.000
23300,0.6610,3.8259,19.31,0.6610,3.8259,0,1,0,0,0,20,20,0,0,0,0,0,1000.000
23310,0.6610,3.8259,19.55,0.6610,3.8259,0,1,0,0,0,20,20,0,0,0,0,0,1000.000
23320,0.6610,3.8259,19.80,0.6610,3.8259,0,1,0,0,0,20,20,0,0,0,0,0,1000.000
23330,0.6610,3.8259,20.04,0.6610,3.8259,0,1,0,0,0,20,20,0,0,0,0,0,1000.000
23340,0.6610,3.8259,20.29,0.6610,3.8259,0,1,0,0,0,20,20,0,0,0,0,0,1000.000
23350,0.6610,3.8259,20.53,0.6610,3.8259,0,1,0,0,0,20,20,0,0,0,0,0,1000.000
23360,0.6610,3.8259,20.78,0.6610,3.8259,0,1,0,0,0,20,20,0,0,0,0,0,1000.000
23370,0.6610,3.8259,21.02,0.6610,3.8259,0,1,0,0,0,20,20,0,0,0,0,0,1000.000
23380,0.6610,3.8259,21.26,0.6610,3.8259,0,1,0,0,0,20,20,0,0,0,0,0,1000.000
23390,0.6610,3.8259,21.51,0.6610,3.8259,0,1,0,0,0,20,20,0,0,0,0,0,1000.000
23400,0.6610,3.8259,21.75,0.6610,3.8259,0,1,0,0,0,20,20,0,0,0,0,0,1000.000
23410,0.6610,3.8259,22.00,0.6610,3.8259,0,1,0,0,0,20,20,0,0,0,0,0,1000.000
23420,0.6610,3.8259,22.24,0.6610,3.8259,0,1,0,0,0,20,20,0,0,0,0,0,1000.000
23430,0.6610,3.8259,22.48,0.6610,3.8259,0,1,0,0,0,20,20,0,0,0,0,0,1000.000
23440,0.6610,3.8259,22.73,0.6610,3.8259,0,1,0,0,0,20,20,0,0,0,0,0,1000.000
23450,0.6610,3.8259,22.96,0.6610,3.8259,0,1,0,0,0,20,20,0,0,0,0,0,1000.000
23460,0.6610,3.8259,23.20,0.6610,3.8259,0,1,0,0,0,20,20,0,0,0,0,0,1000.000
23470,0.6610,3.8259,23.44,0.6610,3.8259,0,1,0,0,0,20,20,0,0,0,0,0,1000.000
23480,0.6610,3.8259,23.68,0.6610,3.8259,0,1,0,0,0,20,20,0,0,0,0,0,1000.000
23490,0.6610,3.8259,23.92,0.6610,3.8259,0,1,0,0,0,20,20,0,0,0,0,0,1000.000
23500,0.6610,3.8259,24.16,0.6610,3.8259,0,1,0,0,0,20,20,0,0,0,0,0,1000.000
23510,0.6610,3.8259,24.40,0.6610,3.8259,0,1,0,0,0,20,20,0,0,0,0,0,1000.000
23520,0.6610,3.8259,24.64,0.6610,3.8259,0,1,0,0,0,20,20,0,0,0,0,0,1000.000
23530,0.6610,3.8259,24.88,0.6610,3.8259,0,1,0,0,0,20,20,0,0,0,0,0,1000.000
23540,0.6610,3.8259,25.11,0.6610,3.8259,0,1,0,0,0,20,20,0,0,0,0,0,1000.000
23550,0.6610,3.8259,25.35,0.6610,3.8259,0,1,0,0,0,20,20,0,0,0,0,0,1000.000
23560,0.6610,3.8259,25.59,0.6610,3.8259,0,1,0,0,0,20,20,0,0,0,0,0,1000.000
23570,0.6610,3.8259,25.83,0.6610,3.8259,0,1,0,0,0,20,20,0,0,0,0,0,1000.000
23580,0.6610,3.8259,26.06,0.6610,3.8259,0,1,0,0,0,20,20,0,0,0,0,0,1000.000
23590,0.6610,3.8259,26.30,0.6610,3.8259,0,1,0,0,0,20,20,0,0,0,0,0,1000.000
23600,0.6610,3.8259,26.53,0.6610,3.8259,0,1,0,0,0,20,20,0,0,0,0,0,1000.000
23610,0.6610,3.8259,26.77,0.6610,3.8259,0,1,0,0,0,20,20,0,0,0,0,0,1000.000
23620,0.6610,3.8259,27.01,0.6610,3.8259,0,1,0,0,0,20,20,0,0,0,0,0,1000.000
23630,0.6610,3.8259,27.24,0.6610,3.8259,0,1,0,0,0,20,20,0,0,0,0,0,1000.000
23640,0.6610,3.8259,27.48,0.6610,3.8259,0,1,0,0,0,20,20,0,0,0,0,0,1000.000
23650,0.6610,3.8259,27.71,0.6610,3.8259,0,1,0,0,0,20,20,0,0,0,0,0,1000.000
23660,0.6610,3.8259,27.95,0.6610,3.8259,0,1,0,0,0,20,20,0,0,0,0,0,1000.000
23670,0.6610,3.8259,28.18,0.6610,3.8259,0,1,0,0,0,20,20,0,0,0,0,0,1000.000
23680,0.6610,3.8259,28.41,0.6610,3.8259,0,1,0,0,0,20,20,0,0,0,0,0,1000.000
23690,0.6610,3.8259,28.64,0.6610,3.8259,0,1,0,0,0,20,20,0,0,0,0,0,1000.000
23700,0.6610,3.8259,28.88,0.6610,3.8259,0,1,0,0,0,20,20,0,0,0,0,0,1000.000
23710,0.6610,3.8259,29.11,0.6610,3.8259,0,1,0,0,0,20,20,0,0,0,0,0,1000.000
23720,0.6610,3.8259,29.34,0.6610,3.8259,0,1,0,0,0,20,20,0,0,0,0,0,1000.000
23730,0.6610,3.8259,29.57,0.6610,3.8259,0,1,0,0,0,20,20,0,0,0,0,0,1000.000
23740,0.6610,3.8259,29.81,0.6610,3.8259,0,1,0,0,0,20,20,0,0,0,0,0,1000.000
23750,0.6610,3.8259,30.04,0.6610,3.8259,0,1,0,0,0,20,20,0,0,0,0,0,1000.000
23760,0.6610,3.8259,30.27,0.6610,3.8259,0,1,0,0,0,20,20,0,0,0,0,0,1000.000
23770,0.6610,3.8259,30.50,0.6610,3.8259,0,1,0,0,0,20,20,0,0,0,0,0,1000.000
23780,0.6610,3.8259,30.73,0.6610,3.8259,0,1,0,0,0,20,20,0,0,0,0,0,1000.000
23790,0.6610,3.8259,30.96,0.6610,3.8259,0,1,0,0,0,20,20,0,0,0,0,0,1000.000
23800,0.6610,3.8259,31.19,0.6610,3.8259,0,1,0,0,0,20,20,0,0,0,0,0,1000.000
23810,0.6610,3.8259,31.41,0.6610,3.8259,0,1,0,0,0,20,20,0,0,0,0,0,1000.000
23820,0.6610,3.8259,31.64,0.6610,3.8259,0,1,0,0,0,20,20,0,0,0,0,0,1000.000
23830,0.6610,3.8259,31.87,0.6610,3.8259,0,1,0,0,0,20,20,0,0,0,0,0,1000.000
23840,0.6610,3.8259,32.10,0.6610,3.8259,0,1,0,0,0,20,20,0,0,0,0,0,1000.000
23850,0.6610,3.8259,32.32,0.6610,3.8259,0,1,0,0,0,20,20,0,0,0,0,0,1000.000
23860,0.6610,3.8259,32.55,0.6610,3.8259,0,1,0,0,0,20,20,0,0,0,0,0,1000.000
23870,0.6610,3.8259,32.77,0.6610,3.8259,0,1,0,0,0,20,20,0,0,0,0,0,1000.000
23880,0.6610,3.8259,33.00,0.6610,3.8259,0,1,0,0,0,20,20,0,0,0,0,0,1000.000
23890,0.6610,3.8259,33.23,0.6610,3.8259,0,1,0,0,0,20,20,0,0,0,0,0,1000.000
23900,0.6610,3.8259,33.45,0.6610,3.8259,0,1,0,0,0,20,20,0,0,0,0,0,1000.000
23910,0.6610,3.8259,33.68,0.6610,3.8259,0,1,0,0,0,20,20,0,0,0,0,0,1000.000
23920,0.6610,3.8259,33.90,0.6610,3.8259,0,1,0,0,0,20,20,0,0,0,0,0,1000.000
23930,0.6610,3.8259,34.13,0.6610,3.8259,0,1,0,0,0,20,20,0,0,0,0,0,1000.000
23940,0.6610,3.8259,34.35,0.6610,3.8259,0,1,0,0,0,20,20,0,0,0,0,0,1000.000
23950,0.6610,3.8259,34.58,0.6610,3.8259,0,1,0,0,0,20,20,0,0,0,0,0,1000.000
23960,0.6610,3.8259,34.80,0.6610,3.8259,0,1,0,0,0,20,20,0,0,0,0,0,1000.000
23970,0.6610,3.8259,35.02,0.6610,3.8259,0,1,0,0,0,20,20,0,0,0,0,0,1000.000
23980,0.6610,3.8259,35.24,0.6610,3.8259,0,1,0,0,0,20,20,0,0,0,0,0,1000.000
23990,0.6610,3.8259,35.47,0.6610,3.8259,0,1,0,0,0,20,20,0,0,0,0,0,1000.000
24000,0.6610,3.8259,35.69,0.6610,3.8259,0,1,0,0,0,20,20,0,0,0,0,0,1000.000
24010,0.6610,3.8259,35.90,0.6610,3.8259,0,1,0,0,0,20,20,0,0,0,0,0,1000.000
24020,0.6610,3.8259,36.13,0.6610,3.8259,0,1,0,0,0,20,20,0,0,0,0,0,1000.000
24030,0.6610,3.8259,36.36,0.6610,3.8259,0,1,0,0,0,20,20,0,0,0,0,0,1000.000
24040,0.6610,3.8259,36.56,0.6610,3.8259,0,1,0,0,0,20,20,0,0,0,0,0,1000.000
24050,0.6610,3.8259,36.78,0.6610,3.8259,0,1,0,0,0,20,20,0,0,0,0,0,1000.000
24060,0.6610,3.8259,37.01,0.6610,3.8259,0,1,0,0,0,20,20,0,0,0,0,0,1000.000
24070,0.6610,3.8259,37.23,0.6610,3.8259,0,1,0,0,0,20,20,0,0,0,0,0,1000.000
24080,0.6610,3.8259,37.45,0.6610,3.8259,0,1,0,0,0,20,20,0,0,0,0,0,1000.000
24090,0.6610,3.8259,37.68,0.6610,3.8259,0,1,0,0,0,20,20,0,0,0,0,0,1000.000
24100,0.6610,3.8259,37.89,0.6610,3.8259,0,1,0,0,0,20,20,0,0,0,0,0,1000.000
24110,0.6610,3.8259,38.11,0.6610,3.8259,0,1,0,0,0,20,20,0,0,0,0,0,1000.000
24120,0.6610,3.8259,38.33,0.6610,3.8259,0,1,0,0,0,20,20,0,0,0,0,0,1000.000
24130,0.6610,3.8259,38.54,0.6610,3.8259,0,1,0,0,0,20,20,0,0,0,0,0,1000.000
24140,0.6610,3.8259,38.76,0.6610,3.8259,0,1,0,0,0,20,20,0,0,0,0,0,1000.000
24150,0.6610,3.8259,38.99,0.6610,3.8259,0,1,0,0,0,20,20,0,0,0,0,0,1000.000
24160,0.6610,3.8259,39.20,0.6610,3.8259,0,1,0,0,0,20,20,0,0,0,0,0,1000.000
24170,0.6610,3.8259,39.42,0.6610,3.8259,0,1,0,0,0,20,20,0,0,0,0,0,1000.000
24180,0.6610,3.8259,39.64,0.6610,3.8259,0,1,0,0,0,20,20,0,0,0,0,0,1000.000
24190,0.6610,3.8259,39.85,0.6610,3.8259,0,1,0,0,0,20,20,0,0,0,0,0,1000.000
24200,0.6610,3.8259,40.07,0.6610,3.8259,0,1,0,0,0,20,20,0,0,0,0,0,1000.000
24210,0.6610,3.8259,40.28,0.6610,3.8259,0,1,0,0,0,20,20,0,0,0,0,0,1000.000
24220,0.6610,3.8259,40.49,0.6610,3.8259,0,1,0,0,0,20,20,0,0,0,0,0,1000.000
24230,0.6610,3.8259,40.71,0.6610,3.8259,0,1,0,0,0,20,20,0,0,0,0,0,1000.000
24240,0.6610,3.8259,40.92,0.6610,3.8259,0,1,0,0,0,20,20,0,0,0,0,0,1000.000
24250,0.6610,3.8259,41.14,0.6610,3.8259,0,1,0,0,0,20,20,0,0,0,0,0,1000.000
24260,0.6610,3.8259,41.35,0.6610,3.8259,0,1,0,0,0,20,20,0,0,0,0,0,1000.000
24270,0.6610,3.8259,41.57,0.6610,3.8259,0,1,0,0,0,20,20,0,0,0,0,0,1000.000
24280,0.6610,3.8259,41.77,0.6610,3.8259,0,1,0,0,0,20,20,0,0,0,0,0,1000.000
24290,0.6610,3.8259,41.99,0.6610,3.8259,0,1,0,0,0,20,20,0,0,0,0,0,1000.000
24300,0.6610,3.8259,42.20,0.6610,3.8259,0,1,0,0,0,20,20,0,0,0,0,0,1000.000
24310,0.6610,3.8259,42.42,0.6610,3.8259,0,1,0,0,0,20,20,0,0,0,0,0,1000.000
24320,0.6610,3.8259,42.62,0.6610,3.8259,0,1,0,0,0,20,20,0,0,0,0,0,1000.000
24330,0.6610,3.8259,42.82,0.6610,3.8259,0,1,0,0,0,20,20,0,0,0,0,0,1000.000
24340,0.6610,3.8259,43.04,0.6610,3.8259,0,1,0,0,0,20,20,0,0,0,0,0,1000.000
24350,0.6610,3.8259,43.27,0.6610,3.8259,0,1,0,0,0,20,20,0,0,0,0,0,1000.000
24360,0.6610,3.8259,43.47,0.6610,3.8259,0,1,0,0,0,20,20,0,0,0,0,0,1000.000
24370,0.6610,3.8259,43.67,0.6610,3.8259,0,1,0,0,0,20,20,0,0,0,0,0,1000.000
24380,0.6610,3.8259,43.89,0.6610,3.8259,0,1,0,0,0,20,20,0,0,0,0,0,1000.000
24390,0.6610,3.8259,44.10,0.6610,3.8259,0,1,0,0,0,20,20,0,0,0,0,0,1000.000
24400,0.6610,3.8259,44.30,0.6610,3.8259,0,1,0,0,0,20,20,0,0,0,0,0,1000.000
24410,0.6610,3.8259,44.51,0.6610,3.8259,0,1,0,0,0,20,20,0,0,0,0,0,1000.000
24420,0.6610,3.8259,44.72,0.6610,3.8259,0,1,0,0,0,20,20,0,0,0,0,0,1000.000
24430,0.6610,3.8259,44.92,0.6610,3.8259,0,1,0,0,0,20,20,0,0,0,0,0,1000.000
24440,0.6610,3.8259,45.14,0.6610,3.8259,0,1,0,0,0,20,20,0,0,0,0,0,1000.000
24450,0.6610,3.8259,45.34,0.6610,3.8259,0,1,0,0,0,20,20,0,0,0,0,0,1000.000
24460,0.6610,3.8259,45.54,0.6610,3.8259,0,1,0,0,0,20,20,0,0,0,0,0,1000.000
24470,0.6610,3.8259,45.76,0.6610,3.8259,0,1,0,0,0,20,20,0,0,0,0,0,1000.000
24480,0.6610,3.8259,45.97,0.6610,3.8259,0,1,0,0,0,20,20,0,0,0,0,0,1000.000
24490,0.6610,3.8259,46.17,0.6610,3.8259,0,1,0,0,0,20,20,0,0,0,0,0,1000.000
24500,0.6610,3.8259,46.38,0.6610,3.8259,0,1,0,0,0,20,20,0,0,0,0,0,1000.000
24510,0.6610,3.8259,46.59,0.6610,3.8259,0,1,0,0,0,20,20,0,0,0,0,0,1000.000
24520,0.6610,3.8259,46.79,0.6610,3.8259,0,1,0,0,0,20,20,0,0,0,0,0,1000.000
24530,0.6610,3.8259,46.99,0.6610,3.8259,0,1,0,0,0,20,20,0,0,0,0,0,1000.000
24540,0.6610,3.8259,47.19,0.6610,3.8259,0,1,0,0,0,20,20,0,0,0,0,0,1000.000
24550,0.6610,3.8259,47.40,0.6610,3.8259,0,1,0,0,0,20,20,0,0,0,0,0,1000.000
24560,0.6610,3.8259,47.60,0.6610,3.8259,0,1,0,0,0,20,20,0,0,0,0,0,1000.000
24570,0.6610,3.8259,47.80,0.6610,3.8259,0,1,0,0,0,20,20,0,0,0,0,0,1000.000
24580,0.6610,3.8259,48.01,0.6610,3.8259,0,1,0,0,0,20,20,0,0,0,0,0,1000.000
24590,0.6610,3.8259,48.21,0.6610,3.8259,0,1,0,0,0,20,20,0,0,0,0,0,1000.000
24600,0.6610,3.8259,48.41,0.6610,3.8259,0,1,0,0,0,20,20,0,0,0,0,0,1000.000
24610,0.6610,3.8259,48.61,0.6610,3.8259,0,1,0,0,0,20,20,0,0,0,0,0,1000.000
24620,0.6610,3.8259,48.82,0.6610,3.8259,0,1,0,0,0,20,20,0,0,0,0,0,1000.000
24630,0.6610,3.8259,49.02,0.6610,3.8259,0,1,0,0,0,20,20,0,0,0,0,0,1000.000
24640,0.6610,3.8259,49.22,0.6610,3.8259,0,1,0,0,0,20,20,0,0,0,0,0,1000.000
24650,0.6610,3.8259,49.42,0.6610,3.8259,0,1,0,0,0,20,20,0,0,0,0,0,1000.000
24660,0.6610,3.8259,49.63,0.6610,3.8259,0,1,0,0,0,20,20,0,0,0,0,0,1000.000
24670,0.6610,3.8259,49.81,0.6610,3.8259,0,1,0,0,0,20,20,0,0,0,0,0,1000.000
24680,0.6610,3.8259,50.01,0.6610,3.8259,0,1,0,0,0,20,20,0,0,0,0,0,1000.000
24690,0.6610,3.8259,50.22,0.6610,3.8259,0,1,0,0,0,20,20,0,0,0,0,0,1000.000
24700,0.6610,3.8259,50.42,0.6610,3.8259,0,1,0,0,0,20,20,0,0,0,0,0,1000.000
24710,0.6610,3.8259,50.62,0.6610,3.8259,0,1,0,0,0,20,20,0,0,0,0,0,1000.000
24720,0.6610,3.8259,50.81,0.6610,3.8259,0,1,0,0,0,20,20,0,0,0,0,0,1000.000
24730,0.6610,3.8259,51.01,0.6610,3.8259,0,1,0,0,0,20,20,0,0,0,0,0,1000.000
24740,0.6610,3.8259,51.21,0.6610,3.8259,0,1,0,0,0,20,20,0,0,0,0,0,1000.000
24750,0.6610,3.8259,51.40,0.6610,3.8259,0,1,0,0,0,20,20,0,0,0,0,0,1000.000
24760,0.6610,3.8259,51.60,0.6610,3.8259,0,1,0,0,0,20,20,0,0,0,0,0,1000.000
24770,0.6610,3.8259,51.80,0.6610,3.8259,0,1,0,0,0,20,20,0,0,0,0,0,1000.000
24780,0.6610,3.8259,51.99,0.6610,3.8259,0,1,0,0,0,20,20,0,0,0,0,0,1000.000
24790,0.6610,3.8259,52.19,0.6610,3.8259,0,1,0,0,0,20,20,0,0,0,0,0,1000.000
24800,0.6610,3.8259,52.39,0.6610,3.8259,0,1,0,0,0,20,20,0,0,0,0,0,1000.000
24810,0.6610,3.8259,52.58,0.6610,3.8259,0,1,0,0,0,20,20,0,0,0,0,0,1000.000
24820,0.6610,3.8259,52.77,0.6610,3.8259,0,1,0,0,0,20,20,0,0,0,0,0,1000.000
24830,0.6610,3.8259,52.97,0.6610,3.8259,0,1,0,0,0,20,20,0,0,0,0,0,1000.000
24840,0.6610,3.8259,53.17,0.6610,3.8259,0,1,0,0,0,20,20,0,0,0,0,0,1000.000
24850,0.6610,3.8259,53.35,0.6610,3.8259,0,1,0,0,0,20,20,0,0,0,0,0,1000.000
24860,0.6610,3.8259,53.55,0.6610,3.8259,0,1,0,0,0,20,20,0,0,0,0,0,1000.000
24870,0.6610,3.8259,53.76,0.6610,3.8259,0,1,0,0,0,20,20,0,0,0,0,0,1000.000
24880,0.6610,3.8259,53.94,0.6610,3.8259,0,1,0,0,0,20,20,0,0,0,0,0,1000.000
24890,0.6610,3.8259,54.13,0.6610,3.8259,0,1,0,0,0,20,20,0,0,0,0,0,1000.000
24900,0.6610,3.8259,54.33,0.6610,3.8259,0,1,0,0,0,20,20,0,0,0,0,0,1000.000
24910,0.6610,3.8259,54.52,0.6610,3.8259,0,1,0,0,0,20,20,0,0,0,0,0,1000.000
24920,0.6610,3.8259,54.70,0.6610,3.8259,0,1,0,0,0,20,20,0,0,0,0,0,1000.000
24930,0.6610,3.8259,54.91,0.6610,3.8259,0,1,0,0,0,20,20,0,0,0,0,0,1000.000
24940,0.6610,3.8259,55.10,0.6610,3.8259,0,1,0,0,0,20,20,0,0,0,0,0,1000.000
24950,0.6610,3.8259,55.28,0.6610,3.8259,0,1,0,0,0,20,20,0,0,0,0,0,1000.000
24960,0.6610,3.8259,55.48,0.6610,3.8259,0,1,0,0,0,20,20,0,0,0,0,0,1000.000
24970,0.6610,3.8259,55.67,0.6610,3.8259,0,1,0,0,0,20,20,0,0,0,0,0,1000.000
24980,0.6610,3.8259,55.86,0.6610,3.8259,0,1,0,0,0,20,20,0,0,0,0,0,1000.000
24990,0.6610,3.8259,56.05,0.6610,3.8259,0,1,0,0,0,20,20,0,0,0,0,0,1000.000
25000,0.6610,3.8259,56.24,0.6610,3.8259,0,1,0,0,0,20,20,0,0,0,0,0,1000.000
25010,0.6610,3.8259,56.42,0.6610,3.8259,0,1,0,0,0,20,20,0,0,0,0,0,1000.000
25020,0.6610,3.8259,56.61,0.6610,3.8259,0,1,0,0,0,20,20,0,0,0,0,0,1000.000
25030,0.6610,3.8259,56.80,0.6610,3.8259,0,1,0,0,0,20,20,0,0,0,0,0,1000.000
25040,0.6610,3.8259,56.99,0.6610,3.8259,0,1,0,0,0,20,20,0,0,0,0,0,1000.000
25050,0.6610,3.8259,57.18,0.6610,3.8259,0,1,0,0,0,20,20,0,0,0,0,0,1000.000
25060,0.6610,3.8259,57.36,0.6610,3.8259,0,1,0,0,0,20,20,0,0,0,0,0,1000.000
25070,0.6610,3.8259,57.55,0.6610,3.8259,0,1,0,0,0,20,20,0,0,0,0,0,1000.000
25080,0.6610,3.8259,57.74,0.6610,3.8259,0,1,0,0,0,20,20,0,0,0,0,0,1000.000
25090,0.6610,3.8259,57.93,0.6610,3.8259,0,1,0,0,0,20,20,0,0,0,0,0,1000.000
25100,0.6610,3.8259,58.12,0.6610,3.8259,0,1,0,0,0,20,20,0,0,0,0,0,1000.000
25110,0.6610,3.8259,58.30,0.6610,3.8259,0,1,0,0,0,20,20,0,0,0,0,0,1000.000
25120,0.6610,3.8259,58.49,0.6610,3.8259,0,1,0,0,0,20,20,0,0,0,0,0,1000.000
25130,0.6610,3.8259,58.68,0.6610,3.8259,0,1,0,0,0,20,20,0,0,0,0,0,1000.000
25140,0.6610,3.8259,58.87,0.6610,3.8259,0,1,0,0,0,20,20,0,0,0,0,0,1000.000
25150,0.6610,3.8259,59.04,0.6610,3.8259,0,1,0,0,0,20,20,0,0,0,0,0,1000.000
25160,0.6610,3.8259,59.23,0.6610,3.8259,0,1,0,0,0,20,20,0,0,0,0,0,1000.000
25170,0.6610,3.8259,59.42,0.6610,3.8259,0,1,0,0,0,20,20,0,0,0,0,0,1000.000
25180,0.6610,3.8259,59.60,0.6610,3.8259,0,1,0,0,0,20,20,0,0,0,0,0,1000.000
25190,0.6610,3.8259,59.79,0.6610,3.8259,0,1,0,0,0,20,20,0,0,0,0,0,1000.000
25200,0.6610,3.8259,59.97,0.6610,3.8259,0,1,0,0,0,20,20,0,0,0,0,0,1000.000
25210,0.6610,3.8259,60.15,0.6610,3.8259,0,1,0,0,0,20,20,0,0,0,0,0,1000.000
25220,0.6610,3.8259,60.34,0.6610,3.8259,0,1,0,0,0,20,20,0,0,0,0,0,1000.000
25230,0.6610,3.8259,60.53,0.6610,3.8259,0,1,0,0,0,20,20,0,0,0,0,0,1000.000
25240,0.6610,3.8259,60.70,0.6610,3.8259,0,1,0,0,0,20,20,0,0,0,0,0,1000.000
25250,0.6610,3.8259,60.89,0.6610,3.8259,0,1,0,0,0,20,20,0,0,0,0,0,1000.000
25260,0.6610,3.8259,61.07,0.6610,3.8259,0,1,0,0,0,20,20,0,0,0,0,0,1000.000
25270,0.6610,3.8259,61.25,0.6610,3.8259,0,1,0,0,0,20,20,0,0,0,0,0,1000.000
25280,0.6610,3.8259,61.43,0.6610,3.8259,0,1,0,0,0,20,20,0,0,0,0,0,1000.000
25290,0.6610,3.8259,61.61,0.6610,3.8259,0,1,0,0,0,20,20,0,0,0,0,0,1000.000
25300,0.6610,3.8259,61.80,0.6610,3.8259,0,1,0,0,0,20,20,0,0,0,0,0,1000.000
25310,0.6610,3.8259,61.98,0.6610,3.8259,0,1,0,0,0,20,20,0,0,0,0,0,1000.000
25320,0.6610,3.8259,62.15,0.6610,3.8259,0,1,0,0,0,20,20,0,0,0,0,0,1000.000
25330,0.6610,3.8259,62.34,0.6610,3.8259,0,1,0,0,0,20,20,0,0,0,0,0,1000.000
25340,0.6610,3.8259,62.52,0.6610,3.8259,0,1,0,0,0,20,20,0,0,0,0,0,1000.000
25350,0.6610,3.8259,62.70,0.6610,3.8259,0,1,0,0,0,20,20,0,0,0,0,0,1000.000
25360,0.6610,3.8259,62.87,0.6610,3.8259,0,1,0,0,0,20,20,0,0,0,0,0,1000.000
25370,0.6610,3.8259,63.05,0.6610,3.8259,0,1,0,0,0,20,20,0,0,0,0,0,1000.000
25380,0.6610,3.8259,63.24,0.6610,3.8259,0,1,0,0,0,20,20,0,0,0,0,0,1000.000
25390,0.6610,3.8259,63.41,0.6610,3.8259,0,1,0,0,0,20,20,0,0,0,0,0,1000.000
25400,0.6610,3.8259,63.59,0.6610,3.8259,0,1,0,0,0,20,20,0,0,0,0,0,1000.000
25410,0.6610,3.8259,63.77,0.6610,3.8259,0,1,0,0,0,20,20,0,0,0,0,0,1000.000
25420,0.6610,3.8259,63.95,0.6610,3.8259,0,1,0,0,0,20,20,0,0,0,0,0,1000.000
25430,0.6610,3.8259,64.13,0.6610,3.8259,0,1,0,0,0,20,20,0,0,0,0,0,1000.000
25440,0.6610,3.8259,64.30,0.6610,3.8259,0,1,0,0,0,20,20,0,0,0,0,0,1000.000
25450,0.6610,3.8259,64.48,0.6610,3.8259,0,1,0,0,0,20,20,0,0,0,0,0,1000.000
25460,0.6610,3.8259,64.65,0.6610,3.8259,0,1,0,0,0,20,20,0,0,0,0,0,1000.000
25470,0.6610,3.8259,64.83,0.6610,3.8259,0,1,0,0,0,20,20,0,0,0,0,0,1000.000
25480,0.6610,3.8259,65.01,0.6610,3.8259,0,1,0,0,0,20,20,0,0,0,0,0,1000.000
25490,0.6610,3.8259,65.18,0.6610,3.8259,0,1,0,0,0,20,20,0,0,0,0,0,1000.000
25500,0.6610,3.8259,65.36,0.6610,3.8259,0,1,0,0,0,20,20,0,0,0,0,0,1000.000
25510,0.6610,3.8259,65.54,0.6610,3.8259,0,1,0,0,0,20,20,0,0,0,0,0,1000.000
25520,0.6610,3.8259,65.71,0.6610,3.8259,0,1,0,0,0,20,20,0,0,0,0,0,1000.000
25530,0.6610,3.8259,65.89,0.6610,3.8259,0,1,0,0,0,20,20,0,0,0,0,0,1000.000
25540,0.6610,3.8259,66.06,0.6610,3.8259,0,1,0,0,0,20,20,0,0,0,0,0,1000.000
25550,0.6610,3.8259,66.24,0.6610,3.8259,0,1,0,0,0,20,20,0,0,0,0,0,1000.000
25560,0.6610,3.8259,66.41,0.6610,3.8259,0,1,0,0,0,20,20,0,0,0,0,0,1000.000
25570,0.6610,3.8259,66.59,0.6610,3.8259,0,1,0,0,0,20,20,0,0,0,0,0,1000.000
25580,0.6610,3.8259,66.76,0.6610,3.8259,0,1,0,0,0,20,20,0,0,0,0,0,1000.000
25590,0.6610,3.8259,66.94,0.6610,3.8259,0,1,0,0,0,20,20,0,0,0,0,0,1000.000
25600,0.6610,3.8259,67.11,0.6610,3.8259,0,1,0,0,0,20,20,0,0,0,0,0,1000.000
25610,0.6610,3.8259,67.28,0.6610,3.8259,0,1,0,0,0,20,20,0,0,0,0,0,1000.000
25620,0.6610,3.8259,67.45,0.6610,3.8259,0,1,0,0,0,20,20,0,0,0,0,0,1000.000
25630,0.6610,3.8259,67.63,0.6610,3.8259,0,1,0,0,0,20,20,0,0,0,0,0,1000.000
25640,0.6610,3.8259,67.80,0.6610,3.8259,0,1,0,0,0,20,20,0,0,0,0,0,1000.000
25650,0.6610,3.8259,67.97,0.6610,3.8259,0,1,0,0,0,20,20,0,0,0,0,0,1000.000
25660,0.6610,3.8259,68.15,0.6610,3.8259,0,1,0,0,0,20,20,0,0,0,0,0,1000.000
25670,0.6610,3.8259,68.32,0.6610,3.8259,0,1,0,0,0,20,20,0,0,0,0,0,1000.000
25680,0.6610,3.8259,68.49,0.6610,3.8259,0,1,0,0,0,20,20,0,0,0,0,0,1000.000
25690,0.6610,3.8259,68.66,0.6610,3.8259,0,1,0,0,0,20,20,0,0,0,0,0,1000.000
25700,0.6610,3.8259,68.83,0.6610,3.8259,0,1,0,0,0,20,20,0,0,0,0,0,1000.000
25710,0.6610,3.8259,69.01,0.6610,3.8259,0,1,0,0,0,20,20,0,0,0,0,0,1000.000
25720,0.6610,3.8259,69.18,0.6610,3.8259,0,1,0,0,0,20,20,0,0,0,0,0,1000.000
25730,0.6610,3.8259,69.35,0.6610,3.8259,0,1,0,0,0,20,20,0,0,0,0,0,1000.000
25740,0.6610,3.8259,69.52,0.6610,3.8259,0,1,0,0,0,20,20,0,0,0,0,0,1000.000
25750,0.6610,3.8259,69.69,0.6610,3.8259,0,1,0,0,0,20,20,0,0,0,0,0,1000.000
25760,0.6610,3.8259,69.86,0.6610,3.8259,0,1,0,0,0,20,20,0,0,0,0,0,1000.000
25770,0.6610,3.8259,70.03,0.6610,3.8259,0,1,0,0,0,20,20,0,0,0,0,0,1000.000
25780,0.6610,3.8259,70.19,0.6610,3.8259,0,1,0,0,0,20,20,0,0,0,0,0,1000.000
25790,0.6610,3.8259,70.36,0.6610,3.8259,0,1,0,0,0,20,20,0,0,0,0,0,1000.000
25800,0.6610,3.8259,70.53,0.6610,3.8259,0,1,0,0,0,20,20,0,0,0,0,0,1000.000
25810,0.6610,3.8259,70.70,0.6610,3.8259,0,1,0,0,0,20,20,0,0,0,0,0,1000.000
25820,0.6610,3.8259,70.86,0.6610,3.8259,0,1,0,0,0,20,20,0,0,0,0,0,1000.000
25830,0.6610,3.8259,71.04,0.6610,3.8259,0,1,0,0,0,20,20,0,0,0,0,0,1000.000
25840,0.6610,3.8259,71.20,0.6610,3.8259,0,1,0,0,0,20,20,0,0,0,0,0,1000.000
25850,0.6610,3.8259,71.37,0.6610,3.8259,0,1,0,0,0,20,20,0,0,0,0,0,1000.000
25860,0.6610,3.8259,71.54,0.6610,3.8259,0,1,0,0,0,20,20,0,0,0,0,0,1000.000
25870,0.6610,3.8259,71.70,0.6610,3.8259,0,1,0,0,0,20,20,0,0,0,0,0,1000.000
25880,0.6610,3.8259,71.87,0.6610,3.8259,0,1,0,0,0,20,20,0,0,0,0,0,1000.000
25890,0.6610,3.8259,72.03,0.6610,3.8259,0,1,0,0,0,20,20,0,0,0,0,0,1000.000
25900,0.6610,3.8259,72.20,0.6610,3.8259,0,1,0,0,0,20,20,0,0,0,0,0,1000.000
25910,0.6610,3.8259,72.36,0.6610,3.8259,0,1,0,0,0,20,20,0,0,0,0,0,1000.000
25920,0.6610,3.8259,72.53,0.6610,3.8259,0,1,0,0,0,20,20,0,0,0,0,0,1000.000
25930,0.6610,3.8259,72.69,0.6610,3.8259,0,1,0,0,0,20,20,0,0,0,0,0,1000.000
25940,0.6610,3.8259,72.86,0.6610,3.8259,0,1,0,0,0,20,20,0,0,0,0,0,1000.000
25950,0.6610,3.8259,73.02,0.6610,3.8259,0,1,0,0,0,20,20,0,0,0,0,0,1000.000
25960,0.6610,3.8259,73.19,0.6610,3.8259,0,1,0,0,0,20,20,0,0,0,0,0,1000.000
25970,0.6610,3.8259,73.35,0.6610,3.8259,0,1,0,0,0,20,20,0,0,0,0,0,1000.000
25980,0.6610,3.8259,73.52,0.6610,3.8259,0,1,0,0,0,20,20,0,0,0,0,0,1000.000
25990,0.6610,3.8259,73.68,0.6610,3.8259,0,1,0,0,0,20,20,0,0,0,0,0,1000.000
26000,0.6610,3.8259,73.85,0.6610,3.8259,0,1,0,0,0,20,20,0,0,0,0,0,1000.000
26010,0.6610,3.8259,74.01,0.6610,3.8259,0,1,0,0,0,20,20,0,0,0,0,0,1000.000
26020,0.6610,3.8259,74.16,0.6610,3.8259,0,1,0,0,0,20,20,0,0,0,0,0,1000.000
26030,0.6610,3.8259,74.33,0.6610,3.8259,0,1,0,0,0,20,20,0,0,0,0,0,1000.000
26040,0.6610,3.8259,74.50,0.6610,3.8259,0,1,0,0,0,20,20,0,0,0,0,0,1000.000
26050,0.6610,3.8259,74.65,0.6610,3.8259,0,1,0,0,0,20,20,0,0,0,0,0,1000.000
26060,0.6610,3.8259,74.81,0.6610,3.8259,0,1,0,0,0,20,20,0,0,0,0,0,1000.000
26070,0.6610,3.8259,74.98,0.6610,3.8259,0,1,0,0,0,20,20,0,0,0,0,0,1000.000
26080,0.6610,3.8259,75.13,0.6610,3.8259,0,1,0,0,0,20,20,0,0,0,0,0,1000.000
26090,0.6610,3.8259,75.29,0.6610,3.8259,0,1,0,0,0,20,20,0,0,0,0,0,1000.000
26100,0.6610,3.8259,75.46,0.6610,3.8259,0,1,0,0,0,20,20,0,0,0,0,0,1000.000
26110,0.6610,3.8259,75.62,0.6610,3.8259,0,1,0,0,0,20,20,0,0,0,0,0,1000.000
26120,0.6610,3.8259,75.78,0.6610,3.8259,0,1,0,0,0,20,20,0,0,0,0,0,1000.000
26130,0.6610,3.8259,75.94,0.6610,3.8259,0,1,0,0,0,20,20,0,0,0,0,0,1000.000
26140,0.6610,3.8259,76.10,0.6610,3.8259,0,1,0,0,0,20,20,0,0,0,0,0,1000.000
26150,0.6610,3.8259,76.26,0.6610,3.8259,0,1,0,0,0,20,20,0,0,0,0,0,1000.000
26160,0.6610,3.8259,76.42,0.6610,3.8259,0,1,0,0,0,20,20,0,0,0,0,0,1000.000
26170,0.6610,3.8259,76.58,0.6610,3.8259,0,1,0,0,0,20,20,0,0,0,0,0,1000.000
26180,0.6610,3.8259,76.73,0.6610,3.8259,0,1,0,0,0,20,20,0,0,0,0,0,1000.000
26190,0.6610,3.8259,76.89,0.6610,3.8259,0,1,0,0,0,20,20,0,0,0,0,0,1000.000
26200,0.6610,3.8259,77.04,0.6610,3.8259,0,1,0,0,0,20,20,0,0,0,0,0,1000.000
26210,0.6610,3.8259,77.21,0.6610,3.8259,0,1,0,0,0,20,20,0,0,0,0,0,1000.000
26220,0.6610,3.8259,77.37,0.6610,3.8259,0,1,0,0,0,20,20,0,0,0,0,0,1000.000
26230,0.6610,3.8259,77.52,0.6610,3.8259,0,1,0,0,0,20,20,0,0,0,0,0,1000.000
26240,0.6610,3.8259,77.68,0.6610,3.8259,0,1,0,0,0,20,20,0,0,0,0,0,1000.000
26250,0.6610,3.8259,77.84,0.6610,3.8259,0,1,0,0,0,20,20,0,0,0,0,0,1000.000
26260,0.6610,3.8259,77.99,0.6610,3.8259,0,1,0,0,0,20,20,0,0,0,0,0,1000.000
26270,0.6610,3.8259,78.15,0.6610,3.8259,0,1,0,0,0,20,20,0,0,0,0,0,1000.000
26280,0.6610,3.8259,78.32,0.6610,3.8259,0,1,0,0,0,20,20,0,0,0,0,0,1000.000
26290,0.6610,3.8259,78.47,0.6610,3.8259,0,1,0,0,0,20,20,0,0,0,0,0,1000.000
26300,0.6610,3.8259,78.61,0.6610,3.8259,0,1,0,0,0,20,20,0,0,0,0,0,1000.000
26310,0.6610,3.8259,78.77,0.6610,3.8259,0,1,0,0,0,20,20,0,0,0,0,0,1000.000
26320,0.6610,3.8259,78.94,0.6610,3.8259,0,1,0,0,0,20,20,0,0,0,0,0,1000.000
26330,0.6610,3.8259,79.09,0.6610,3.8259,0,1,0,0,0,20,20,0,0,0,0,0,1000.000
26340,0.6610,3.8259,79.23,0.6610,3.8259,0,1,0,0,0,20,20,0,0,0,0,0,1000.000
26350,0.6610,3.8259,79.39,0.6610,3.8259,0,1,0,0,0,20,20,0,0,0,0,0,1000.000
26360,0.6610,3.8259,79.56,0.6610,3.8259,0,1,0,0,0,20,20,0,0,0,0,0,1000.000
26370,0.6610,3.8259,79.70,0.6610,3.8259,0,1,0,0,0,20,20,0,0,0,0,0,1000.000
26380,0.6610,3.8259,79.84,0.6610,3.8259,0,1,0,0,0,20,20,0,0,0,0,0,1000.000
26390,0.6610,3.8259,80.01,0.6610,3.8259,0,1,0,0,0,20,20,0,0,0,0,0,1000.000
26400,0.6610,3.8259,80.17,0.6610,3.8259,0,1,0,0,0,20,20,0,0,0,0,0,1000.000
26410,0.6610,3.8259,80.32,0.6610,3.8259,0,1,0,0,0,20,20,0,0,0,0,0,1000.000
26420,0.6610,3.8259,80.46,0.6610,3.8259,0,1,0,0,0,20,20,0,0,0,0,0,1000.000
26430,0.6610,3.8259,80.62,0.6610,3.8259,0,1,0,0,0,20,20,0,0,0,0,0,1000.000
26440,0.6610,3.8259,80.79,0.6610,3.8259,0,1,0,0,0,20,20,0,0,0,0,0,1000.000
26450,0.6610,3.8259,80.94,0.6610,3.8259,0,1,0,0,0,20,20,0,0,0,0,0,1000.000
26460,0.6610,3.8259,81.08,0.6610,3.8259,0,1,0,0,0,20,20,0,0,0,0,0,1000.000
26470,0.6610,3.8259,81.24,0.6610,3.8259,0,1,0,0,0,20,20,0,0,0,0,0,1000.000
26480,0.6610,3.8259,81.38,0.6610,3.8259,0,1,0,0,0,20,20,0,0,0,0,0,1000.000
26490,0.6610,3.8259,81.52,0.6610,3.8259,0,1,0,0,0,20,20,0,0,0,0,0,1000.000
26500,0.6610,3.8259,81.68,0.6610,3.8259,0,1,0,0,0,20,20,0,0,0,0,0,1000.000
26510,0.6610,3.8259,81.83,0.6610,3.8259,0,1,0,0,0,20,20,0,0,0,0,0,1000.000
26520,0.6610,3.8259,81.99,0.6610,3.8259,0,1,0,0,0,20,20,0,0,0,0,0,1000.000
26530,0.6610,3.8259,82.14,0.6610,3.8259,0,1,0,0,0,20,20,0,0,0,0,0,1000.000
26540,0.6610,3.8259,82.28,0.6610,3.8259,0,1,0,0,0,20,20,0,0,0,0,0,1000.000
26550,0.6610,3.8259,82.44,0.6610,3.8259,0,1,0,0,0,20,20,0,0,0,0,0,1000.000
26560,0.6610,3.8259,82.59,0.6610,3.8259,0,1,0,0,0,20,20,0,0,0,0,0,1000.000
26570,0.6610,3.8259,82.73,0.6610,3.8259,0,1,0,0,0,20,20,0,0,0,0,0,1000.000
26580,0.6610,3.8259,82.89,0.6610,3.8259,0,1,0,0,0,20,20,0,0,0,0,0,1000.000
26590,0.6610,3.8259,83.03,0.6610,3.8259,0,1,0,0,0,20,20,0,0,0,0,0,1000.000
26600,0.6610,3.8259,83.17,0.6610,3.8259,0,1,0,0,0,20,20,0,0,0,0,0,1000.000
26610,0.6610,3.8259,83.33,0.6610,3.8259,0,1,0,0,0,20,20,0,0,0,0,0,1000.000
26620,0.6610,3.8259,83.48,0.6610,3.8259,0,1,0,0,0,20,20,0,0,0,0,0,1000.000
26630,0.6610,3.8259,83.62,0.6610,3.8259,0,1,0,0,0,20,20,0,0,0,0,0,1000.000
26640,0.6610,3.8259,83.78,0.6610,3.8259,0,1,0,0,0,20,20,0,0,0,0,0,1000.000
26650,0.6610,3.8259,83.93,0.6610,3.8259,0,1,0,0,0,20,20,0,0,0,0,0,1000.000
26660,0.6610,3.8259,84.07,0.6610,3.8259,0,1,0,0,0,20,20,0,0,0,0,0,1000.000
26670,0.6610,3.8259,84.22,0.6610,3.8259,0,1,0,0,0,20,20,0,0,0,0,0,1000.000
26680,0.6610,3.8259,84.37,0.6610,3.8259,0,1,0,0,0,20,20,0,0,0,0,0,1000.000
26690,0.6610,3.8259,84.51,0.6610,3.8259,0,1,0,0,0,20,20,0,0,0,0,0,1000.000
26700,0.6610,3.8259,84.65,0.6610,3.8259,0,1,0,0,0,20,20,0,0,0,0,0,1000.000
26710,0.6610,3.8259,84.81,0.6610,3.8259,0,1,0,0,0,20,20,0,0,0,0,0,1000.000
26720,0.6610,3.8259,84.96,0.6610,3.8259,0,1,0,0,0,20,20,0,0,0,0,0,1000.000
26730,0.6610,3.8259,85.10,0.6610,3.8259,0,1,0,0,0,20,20,0,0,0,0,0,1000.000
26740,0.6610,3.8259,85.24,0.6610,3.8259,0,1,0,0,0,20,20,0,0,0,0,0,1000.000
26750,0.6610,3.8259,85.40,0.6610,3.8259,0,1,0,0,0,20,20,0,0,0,0,0,1000.000
26760,0.6610,3.8259,85.54,0.6610,3.8259,0,1,0,0,0,20,20,0,0,0,0,0,1000.000
26770,0.6610,3.8259,85.67,0.6610,3.8259,0,1,0,0,0,20,20,0,0,0,0,0,1000.000
26780,0.6610,3.8259,85.81,0.6610,3.8259,0,1,0,0,0,20,20,0,0,0,0,0,1000.000
26790,0.6610,3.8259,85.97,0.6610,3.8259,0,1,0,0,0,20,20,0,0,0,0,0,1000.000
26800,0.6610,3.8259,86.12,0.6610,3.8259,0,1,0,0,0,20,20,0,0,0,0,0,1000.000
26810,0.6610,3.8259,86.24,0.6610,3.8259,0,1,0,0,0,20,20,0,0,0,0,0,1000.000
26820,0.6610,3.8259,86.38,0.6610,3.8259,0,1,0,0,0,20,20,0,0,0,0,0,1000.000
26830,0.6610,3.8259,86.54,0.6610,3.8259,0,1,0,0,0,20,20,0,0,0,0,0,1000.000
26840,0.6610,3.8259,86.69,0.6610,3.8259,0,1,0,0,0,20,20,0,0,0,0,0,1000.000
26850,0.6610,3.8259,86.82,0.6610,3.8259,0,1,0,0,0,20,20,0,0,0,0,0,1000.000
26860,0.6610,3.8259,86.96,0.6610,3.8259,0,1,0,0,0,20,20,0,0,0,0,0,1000.000
26870,0.6610,3.8259,87.12,0.6610,3.8259,0,1,0,0,0,20,20,0,0,0,0,0,1000.000
26880,0.6610,3.8259,87.26,0.6610,3.8259,0,1,0,0,0,20,20,0,0,0,0,0,1000.000
26890,0.6610,3.8259,87.39,0.6610,3.8259,0,1,0,0,0,20,20,0,0,0,0,0,1000.000
26900,0.6610,3.8259,87.53,0.6610,3.8259,0,1,0,0,0,20,20,0,0,0,0,0,1000.000
26910,0.6610,3.8259,87.68,0.6610,3.8259,0,1,0,0,0,20,20,0,0,0,0,0,1000.000
26920,0.6610,3.8259,87.82,0.6610,3.8259,0,1,0,0,0,20,20,0,0,0,0,0,1000.000
26930,0.6610,3.8259,87.97,0.6610,3.8259,0,1,0,0,0,20,20,0,0,0,0,0,1000.000
26940,0.6610,3.8259,88.09,0.6610,3.8259,0,1,0,0,0,20,20,0,0,0,0,0,1000.000
26950,0.6610,3.8259,88.23,0.6610,3.8259,0,1,0,0,0,20,20,0,0,0,0,0,1000.000
26960,0.6610,3.8259,88.38,0.6610,3.8259,0,1,0,0,0,20,20,0,0,0,0,0,1000.000
26970,0.6610,3.8259,88.52,0.6610,3.8259,0,1,0,0,0,20,20,0,0,0,0,0,1000.000
26980,0.6610,3.8259,88.66,0.6610,3.8259,0,1,0,0,0,20,20,0,0,0,0,0,1000.000
26990,0.6610,3.8259,88.81,0.6610,3.8259,0,1,0,0,0,20,20,0,0,0,0,0,1000.000
27000,0.6610,3.8259,88.93,0.6610,3.8259,0,1,0,0,0,20,20,0,0,0,0,0,1000.000
27010,0.6610,3.8259,89.07,0.6610,3.8259,0,1,0,0,0,20,20,0,0,0,0,0,1000.000
27020,0.6610,3.8259,89.22,0.6610,3.8259,0,1,0,0,0,20,20,0,0,0,0,0,1000.000
27030,0.6610,3.8259,89.35,0.6610,3.8259,0,1,0,0,0,20,20,0,0,0,0,0,1000.000
27040,0.6610,3.8259,89.49,0.6610,3.8259,0,1,0,0,0,20,20,0,0,0,0,0,1000.000
27050,0.6610,3.8259,89.63,0.6610,3.8259,0,1,0,0,0,20,20,0,0,0,0,0,1000.000
27060,0.6610,3.8259,89.76,0.6610,3.8259,0,1,0,0,0,20,20,0,0,0,0,0,1000.000
27070,0.6610,3.8259,89.90,0.6610,3.8259,0,1,0,0,0,20,20,0,0,0,0,0,1000.000
27080,0.6610,3.8259,90.05,0.6610,3.8259,0,1,0,0,0,20,20,0,0,0,0,0,1000.000
27090,0.6610,3.8259,90.18,0.6610,3.8259,0,1,0,0,0,20,20,0,0,0,0,0,1000.000
27100,0.6610,3.8259,90.32,0.6610,3.8259,0,1,0,0,0,20,20,0,0,0,0,0,1000.000
27110,0.6610,3.8259,90.46,0.6610,3.8259,0,1,0,0,0,20,20,0,0,0,0,0,1000.000
27120,0.6610,3.8259,90.59,0.6610,3.8259,0,1,0,0,0,20,20,0,0,0,0,0,1000.000
27130,0.6610,3.8259,90.73,0.6610,3.8259,0,1,0,0,0,20,20,0,0,0,0,0,1000.000
27140,0.6610,3.8259,90.87,0.6610,3.8259,0,1,0,0,0,20,20,0,0,0,0,0,1000.000
27150,0.6610,3.8259,90.99,0.6610,3.8259,0,1,0,0,0,20,20,0,0,0,0,0,1000.000
27160,0.6610,3.8259,91.13,0.6610,3.8259,0,1,0,0,0,20,20,0,0,0,0,0,1000.000
27170,0.6610,3.8259,91.28,0.6610,3.8259,0,1,0,0,0,20,20,0,0,0,0,0,1000.000
27180,0.6610,3.8259,91.41,0.6610,3.8259,0,1,0,0,0,20,20,0,0,0,0,0,1000.000
27190,0.6610,3.8259,91.55,0.6610,3.8259,0,1,0,0,0,20,20,0,0,0,0,0,1000.000
27200,0.6610,3.8259,91.67,0.6610,3.8259,0,1,0,0,0,20,20,0,0,0,0,0,1000.000
27210,0.6610,3.8259,91.81,0.6610,3.8259,0,1,0,0,0,20,20,0,0,0,0,0,1000.000
27220,0.6610,3.8259,91.96,0.6610,3.8259,0,1,0,0,0,20,20,0,0,0,0,0,1000.000
27230,0.6610,3.8259,92.08,0.6610,3.8259,0,1,0,0,0,20,20,0,0,0,0,0,1000.000
27240,0.6610,3.8259,92.21,0.6610,3.8259,0,1,0,0,0,20,20,0,0,0,0,0,1000.000
27250,0.6610,3.8259,92.35,0.6610,3.8259,0,1,0,0,0,20,20,0,0,0,0,0,1000.000
27260,0.6610,3.8259,92.49,0.6610,3.8259,0,1,0,0,0,20,20,0,0,0,0,0,1000.000
27270,0.6610,3.8259,92.61,0.6610,3.8259,0,1,0,0,0,20,20,0,0,0,0,0,1000.000
27280,0.6610,3.8259,92.75,0.6610,3.8259,0,1,0,0,0,20,20,0,0,0,0,0,1000.000
27290,0.6610,3.8259,92.89,0.6610,3.8259,0,1,0,0,0,20,20,0,0,0,0,0,1000.000
27300,0.6610,3.8259,93.01,0.6610,3.8259,0,1,0,0,0,20,20,0,0,0,0,0,1000.000
27310,0.6610,3.8259,93.16,0.6610,3.8259,0,1,0,0,0,20,20,0,0,0,0,0,1000.000
27320,0.6610,3.8259,93.29,0.6610,3.8259,0,1,0,0,0,20,20,0,0,0,0,0,1000.000
27330,0.6610,3.8259,93.41,0.6610,3.8259,0,1,0,0,0,20,20,0,0,0,0,0,1000.000
27340,0.6610,3.8259,93.56,0.6610,3.8259,0,1,0,0,0,20,20,0,0,0,0,0,1000.000
27350,0.6610,3.8259,93.69,0.6610,3.8259,0,1,0,0,0,20,20,0,0,0,0,0,1000.000
27360,0.6610,3.8259,93.81,0.6610,3.8259,0,1,0,0,0,20,20,0,0,0,0,0,1000.000
27370,0.6610,3.8259,93.94,0.6610,3.8259,0,1,0,0,0,20,20,0,0,0,0,0,1000.000
27380,0.6610,3.8259,94.07,0.6610,3.8259,0,1,0,0,0,20,20,0,0,0,0,0,1000.000
27390,0.6610,3.8259,94.21,0.6610,3.8259,0,1,0,0,0,20,20,0,0,0,0,0,1000.000
27400,0.6610,3.8259,94.34,0.6610,3.8259,0,1,0,0,0,20,20,0,0,0,0,0,1000.000
27410,0.6610,3.8259,94.47,0.6610,3.8259,0,1,0,0,0,20,20,0,0,0,0,0,1000.000
27420,0.6610,3.8259,94.60,0.6610,3.8259,0,1,0,0,0,20,20,0,0,0,0,0,1000.000
27430,0.6610,3.8259,94.73,0.6610,3.8259,0,1,0,0,0,20,20,0,0,0,0,0,1000.000
27440,0.6610,3.8259,94.87,0.6610,3.8259,0,1,0,0,0,20,20,0,0,0,0,0,1000.000
27450,0.6610,3.8259,95.00,0.6610,3.8259,0,1,0,0,0,20,20,0,0,0,0,0,1000.000
27460,0.6610,3.8259,95.12,0.6610,3.8259,0,1,0,0,0,20,20,0,0,0,0,0,1000.000
27470,0.6610,3.8259,95.25,0.6610,3.8259,0,1,0,0,0,20,20,0,0,0,0,0,1000.000
27480,0.6610,3.8259,95.38,0.6610,3.8259,0,1,0,0,0,20,20,0,0,0,0,0,1000.000
27490,0.6610,3.8259,95.51,0.6610,3.8259,0,1,0,0,0,20,20,0,0,0,0,0,1000.000
27500,0.6610,3.8259,95.64,0.6610,3.8259,0,1,0,0,0,20,20,0,0,0,0,0,1000.000
27510,0.6610,3.8259,95.77,0.6610,3.8259,0,1,0,0,0,20,20,0,0,0,0,0,1000.000
27520,0.6610,3.8259,95.90,0.6610,3.8259,0,1,0,0,0,20,20,0,0,0,0,0,1000.000
27530,0.6610,3.8259,96.02,0.6610,3.8259,0,1,0,0,0,20,20,0,0,0,0,0,1000.000
27540,0.6610,3.8259,96.16,0.6610,3.8259,0,1,0,0,0,20,20,0,0,0,0,0,1000.000
27550,0.6610,3.8259,96.28,0.6610,3.8259,0,1,0,0,0,20,20,0,0,0,0,0,1000.000
27560,0.6610,3.8259,96.41,0.6610,3.8259,0,1,0,0,0,20,20,0,0,0,0,0,1000.000
27570,0.6610,3.8259,96.54,0.6610,3.8259,0,1,0,0,0,20,20,0,0,0,0,0,1000.000
27580,0.6610,3.8259,96.67,0.6610,3.8259,0,1,0,0,0,20,20,0,0,0,0,0,1000.000
27590,0.6610,3.8259,96.79,0.6610,3.8259,0,1,0,0,0,20,20,0,0,0,0,0,1000.000
27600,0.6610,3.8259,96.93,0.6610,3.8259,0,1,0,0,0,20,20,0,0,0,0,0,1000.000
27610,0.6610,3.8259,97.05,0.6610,3.8259,0,1,0,0,0,20,20,0,0,0,0,0,1000.000
27620,0.6610,3.8259,97.17,0.6610,3.8259,0,1,0,0,0,20,20,0,0,0,0,0,1000.000
27630,0.6610,3.8259,97.30,0.6610,3.8259,0,1,0,0,0,20,20,0,0,0,0,0,1000.000
27640,0.6610,3.8259,97.43,0.6610,3.8259,0,1,0,0,0,20,20,0,0,0,0,0,1000.000
27650,0.6610,3.8259,97.55,0.6610,3.8259,0,1,0,0,0,20,20,0,0,0,0,0,1000.000
27660,0.6610,3.8259,97.68,0.6610,3.8259,0,1,0,0,0,20,20,0,0,0,0,0,1000.000
27670,0.6610,3.8259,97.80,0.6610,3.8259,0,1,0,0,0,20,20,0,0,0,0,0,1000.000
27680,0.6610,3.8259,97.94,0.6610,3.8259,0,1,0,0,0,20,20,0,0,0,0,0,1000.000
27690,0.6610,3.8259,98.06,0.6610,3.8259,0,1,0,0,0,20,20,0,0,0,0,0,1000.000
27700,0.6610,3.8259,98.18,0.6610,3.8259,0,1,0,0,0,20,20,0,0,0,0,0,1000.000
27710,0.6610,3.8259,98.30,0.6610,3.8259,0,1,0,0,0,20,20,0,0,0,0,0,1000.000
27720,0.6610,3.8259,98.44,0.6610,3.8259,0,1,0,0,0,20,20,0,0,0,0,0,1000.000
27730,0.6610,3.8259,98.55,0.6610,3.8259,0,1,0,0,0,20,20,0,0,0,0,0,1000.000
27740,0.6610,3.8259,98.68,0.6610,3.8259,0,1,0,0,0,20,20,0,0,0,0,0,1000.000
27750,0.6610,3.8259,98.81,0.6610,3.8259,0,1,0,0,0,20,20,0,0,0,0,0,1000.000
27760,0.6610,3.8259,98.93,0.6610,3.8259,0,1,0,0,0,20,20,0,0,0,0,0,1000.000
27770,0.6610,3.8259,99.05,0.6610,3.8259,0,1,0,0,0,20,20,0,0,0,0,0,1000.000
27780,0.6610,3.8259,99.17,0.6610,3.8259,0,1,0,0,0,20,20,0,0,0,0,0,1000.000
27790,0.6610,3.8259,99.30,0.6610,3.8259,0,1,0,0,0,20,20,0,0,0,0,0,1000.000
27800,0.6610,3.8259,99.43,0.6610,3.8259,0,1,0,0,0,20,20,0,0,0,0,0,1000.000
27810,0.6610,3.8259,99.55,0.6610,3.8259,0,1,0,0,0,20,20,0,0,0,0,0,1000.000
27820,0.6610,3.8259,99.67,0.6610,3.8259,0,1,0,0,0,20,20,0,0,0,0,0,1000.000
27830,0.6610,3.8259,99.80,0.6610,3.8259,0,1,0,0,0,20,20,0,0,0,0,0,1000.000
27840,0.6610,3.8259,99.92,0.6610,3.8259,0,1,0,0,0,20,20,0,0,0,0,0,1000.000
27850,0.6610,3.8259,100.04,0.6610,3.8259,0,1,0,0,0,20,20,0,0,0,0,0,1000.000
27860,0.6610,3.8259,100.16,0.6610,3.8259,0,1,0,0,0,20,20,0,0,0,0,0,1000.000
27870,0.6610,3.8259,100.28,0.6610,3.8259,0,1,0,0,0,20,20,0,0,0,0,0,1000.000
27880,0.6610,3.8259,100.40,0.6610,3.8259,0,1,0,0,0,20,20,0,0,0,0,0,1000.000
27890,0.6610,3.8259,100.52,0.6610,3.8259,0,1,0,0,0,20,20,0,0,0,0,0,1000.000
27900,0.6610,3.8259,100.65,0.6610,3.8259,0,1,0,0,0,20,20,0,0,0,0,0,1000.000
27910,0.6610,3.8259,100.76,0.6610,3.8259,0,1,0,0,0,20,20,0,0,0,0,0,1000.000
27920,0.6610,3.8259,100.89,0.6610,3.8259,0,1,0,0,0,20,20,0,0,0,0,0,1000.000
27930,0.6610,3.8259,101.01,0.6610,3.8259,0,1,0,0,0,20,20,0,0,0,0,0,1000.000
27940,0.6610,3.8259,101.13,0.6610,3.8259,0,1,0,0,0,20,20,0,0,0,0,0,1000.000
27950,0.6610,3.8259,101.25,0.6610,3.8259,0,1,0,0,0,20,20,0,0,0,0,0,1000.000
27960,0.6610,3.8259,101.37,0.6610,3.8259,0,1,0,0,0,20,20,0,0,0,0,0,1000.000
27970,0.6610,3.8259,101.49,0.6610,3.8259,0,1,0,0,0,20,20,0,0,0,0,0,1000.000
27980,0.6610,3.8259,101.61,0.6610,3.8259,0,1,0,0,0,20,20,0,0,0,0,0,1000.000
27990,0.6610,3.8259,101.73,0.6610,3.8259,0,1,0,0,0,20,20,0,0,0,0,0,1000.000
28000,0.6610,3.8259,101.85,0.6610,3.8259,0,1,0,0,0,20,20,0,0,0,0,0,1000.000
28010,0.6610,3.8259,101.97,0.6610,3.8259,0,1,0,0,0,20,20,0,0,0,0,0,1000.000
28020,0.6610,3.8259,102.09,0.6610,3.8259,0,1,0,0,0,20,20,0,0,0,0,0,1000.000
28030,0.6610,3.8259,102.20,0.6610,3.8259,0,1,0,0,0,20,20,0,0,0,0,0,1000.000
28040,0.6610,3.8259,102.32,0.6610,3.8259,0,1,0,0,0,20,20,0,0,0,0,0,1000.000
28050,0.6610,3.8259,102.44,0.6610,3.8259,0,1,0,0,0,20,20,0,0,0,0,0,1000.000
28060,0.6610,3.8259,102.56,0.6610,3.8259,0,1,0,0,0,20,20,0,0,0,0,0,1000.000
28070,0.6610,3.8259,102.68,0.6610,3.8259,0,1,0,0,0,20,20,0,0,0,0,0,1000.000
28080,0.6610,3.8259,102.80,0.6610,3.8259,0,1,0,0,0,20,20,0,0,0,0,0,1000.000
28090,0.6610,3.8259,102.91,0.6610,3.8259,0,1,0,0,0,20,20,0,0,0,0,0,1000.000
28100,0.6610,3.8259,103.03,0.6610,3.8259,0,1,0,0,0,20,20,0,0,0,0,0,1000.000
28110,0.6610,3.8259,103.15,0.6610,3.8259,0,1,0,0,0,20,20,0,0,0,0,0,1000.000
28120,0.6610,3.8259,103.27,0.6610,3.8259,0,1,0,0,0,20,20,0,0,0,0,0,1000.000
28130,0.6610,3.8259,103.38,0.6610,3.8259,0,1,0,0,0,20,20,0,0,0,0,0,1000.000
28140,0.6610,3.8259,103.50,0.6610,3.8259,0,1,0,0,0,20,20,0,0,0,0,0,1000.000
28150,0.6610,3.8259,103.62,0.6610,3.8259,0,1,0,0,0,20,20,0,0,0,0,0,1000.000
28160,0.6610,3.8259,103.73,0.6610,3.8259,0,1,0,0,0,20,20,0,0,0,0,0,1000.000
28170,0.6610,3.8259,103.85,0.6610,3.8259,0,1,0,0,0,20,20,0,0,0,0,0,1000.000
28180,0.6610,3.8259,103.97,0.6610,3.8259,0,1,0,0,0,20,20,0,0,0,0,0,1000.000
28190,0.6610,3.8259,104.09,0.6610,3.8259,0,1,0,0,0,20,20,0,0,0,0,0,1000.000
28200,0.6610,3.8259,104.20,0.6610,3.8259,0,1,0,0,0,20,20,0,0,0,0,0,1000.000
28210,0.6610,3.8259,104.32,0.6610,3.8259,0,1,0,0,0,20,20,0,0,0,0,0,1000.000
28220,0.6610,3.8259,104.44,0.6610,3.8259,0,1,0,0,0,20,20,0,0,0,0,0,1000.000
28230,0.6610,3.8259,104.55,0.6610,3.8259,0,1,0,0,0,20,20,0,0,0,0,0,1000.000
28240,0.6610,3.8259,104.67,0.6610,3.8259,0,1,0,0,0,20,20,0,0,0,0,0,1000.000
28250,0.6610,3.8259,104.78,0.6610,3.8259,0,1,0,0,0,20,20,0,0,0,0,0,1000.000
28260,0.6610,3.8259,104.90,0.6610,3.8259,0,1,0,0,0,20,20,0,0,0,0,0,1000.000
28270,0.6610,3.8259,105.01,0.6610,3.8259,0,1,0,0,0,20,20,0,0,0,0,0,1000.000
28280,0.6610,3.8259,105.13,0.6610,3.8259,0,1,0,0,0,20,20,0,0,0,0,0,1000.000
28290,0.6610,3.8259,105.24,0.6610,3.8259,0,1,0,0,0,20,20,0,0,0,0,0,1000.000
28300,0.6610,3.8259,105.36,0.6610,3.8259,0,1,0,0,0,20,20,0,0,0,0,0,1000.000
28310,0.6610,3.8259,105.47,0.6610,3.8259,0,1,0,0,0,20,20,0,0,0,0,0,1000.000
28320,0.6610,3.8259,105.59,0.6610,3.8259,0,1,0,0,0,20,20,0,0,0,0,0,1000.000
28330,0.6610,3.8259,105.70,0.6610,3.8259,0,1,0,0,0,20,20,0,0,0,0,0,1000.000
28340,0.6610,3.8259,105.81,0.6610,3.8259,0,1,0,0,0,20,20,0,0,0,0,0,1000.000
28350,0.6610,3.8259,105.93,0.6610,3.8259,0,1,0,0,0,20,20,0,0,0,0,0,1000.000
28360,0.6610,3.8259,106.04,0.6610,3.8259,0,1,0,0,0,20,20,0,0,0,0,0,1000.000
28370,0.6610,3.8259,106.16,0.6610,3.8259,0,1,0,0,0,20,20,0,0,0,0,0,1000.000
28380,0.6610,3.8259,106.27,0.6610,3.8259,0,1,0,0,0,20,20,0,0,0,0,0,1000.000
28390,0.6610,3.8259,106.38,0.6610,3.8259,0,1,0,0,0,20,20,0,0,0,0,0,1000.000
28400,0.6610,3.8259,106.50,0.6610,3.8259,0,1,0,0,0,20,20,0,0,0,0,0,1000.000
28410,0.6610,3.8259,106.61,0.6610,3.8259,0,1,0,0,0,20,20,0,0,0,0,0,1000.000
28420,0.6610,3.8259,106.72,0.6610,3.8259,0,1,0,0,0,20,20,0,0,0,0,0,1000.000
28430,0.6610,3.8259,106.83,0.6610,3.8259,0,1,0,0,0,20,20,0,0,0,0,0,1000.000
28440,0.6610,3.8259,106.95,0.6610,3.8259,0,1,0,0,0,20,20,0,0,0,0,0,1000.000
28450,0.6610,3.8259,107.05,0.6610,3.8259,0,1,0,0,0,20,20,0,0,0,0,0,1000.000
28460,0.6610,3.8259,107.16,0.6610,3.8259,0,1,0,0,0,20,20,0,0,0,0,0,1000.000
28470,0.6610,3.8259,107.28,0.6610,3.8259,0,1,0,0,0,20,20,0,0,0,0,0,1000.000
28480,0.6610,3.8259,107.39,0.6610,3.8259,0,1,0,0,0,20,20,0,0,0,0,0,1000.000
28490,0.6610,3.8259,107.50,0.6610,3.8259,0,1,0,0,0,20,20,0,0,0,0,0,1000.000
28500,0.6610,3.8259,107.61,0.6610,3.8259,0,1,0,0,0,20,20,0,0,0,0,0,1000.000
28510,0.6610,3.8259,107.72,0.6610,3.8259,0,1,0,0,0,20,20,0,0,0,0,0,1000.000
28520,0.6610,3.8259,107.83,0.6610,3.8259,0,1,0,0,0,20,20,0,0,0,0,0,1000.000
28530,0.6610,3.8259,107.95,0.6610,3.8259,0,1,0,0,0,20,20,0,0,0,0,0,1000.000
28540,0.6610,3.8259,108.06,0.6610,3.8259,0,1,0,0,0,20,20,0,0,0,0,0,1000.000
28550,0.6610,3.8259,108.17,0.6610,3.8259,0,1,0,0,0,20,20,0,0,0,0,0,1000.000
28560,0.6610,3.8259,108.27,0.6610,3.8259,0,1,0,0,0,20,20,0,0,0,0,0,1000.000
28570,0.6610,3.8259,108.39,0.6610,3.8259,0,1,0,0,0,20,20,0,0,0,0,0,1000.000
28580,0.6610,3.8259,108.50,0.6610,3.8259,0,1,0,0,0,20,20,0,0,0,0,0,1000.000
28590,0.6610,3.8259,108.60,0.6610,3.8259,0,1,0,0,0,20,20,0,0,0,0,0,1000.000
28600,0.6610,3.8259,108.71,0.6610,3.8259,0,1,0,0,0,20,20,0,0,0,0,0,1000.000
28610,0.6610,3.8259,108.82,0.6610,3.8259,0,1,0,0,0,20,20,0,0,0,0,0,1000.000
28620,0.6610,3.8259,108.93,0.6610,3.8259,0,1,0,0,0,20,20,0,0,0,0,0,1000.000
28630,0.6610,3.8259,109.04,0.6610,3.8259,0,1,0,0,0,20,20,0,0,0,0,0,1000.000
28640,0.6610,3.8259,109.14,0.6610,3.8259,0,1,0,0,0,20,20,0,0,0,0,0,1000.000
28650,0.6610,3.8259,109.26,0.6610,3.8259,0,1,0,0,0,20,20,0,0,0,0,0,1000.000
28660,0.6610,3.8259,109.37,0.6610,3.8259,0,1,0,0,0,20,20,0,0,0,0,0,1000.000
28670,0.6610,3.8259,109.47,0.6610,3.8259,0,1,0,0,0,20,20,0,0,0,0,0,1000.000
28680,0.6610,3.8259,109.58,0.6610,3.8259,0,1,0,0,0,20,20,0,0,0,0,0,1000.000
28690,0.6610,3.8259,109.69,0.6610,3.8259,0,1,0,0,0,20,20,0,0,0,0,0,1000.000
28700,0.6610,3.8259,109.80,0.6610,3.8259,0,1,0,0,0,20,20,0,0,0,0,0,1000.000
28710,0.6610,3.8259,109.91,0.6610,3.8259,0,1,0,0,0,20,20,0,0,0,0,0,1000.000
28720,0.6610,3.8259,110.02,0.6610,3.8259,0,1,0,0,0,20,20,0,0,0,0,0,1000.000
28730,0.6610,3.8259,110.12,0.6610,3.8259,0,1,0,0,0,20,20,0,0,0,0,0,1000.000
28740,0.6610,3.8259,110.23,0.6610,3.8259,0,1,0,0,0,20,20,0,0,0,0,0,1000.000
28750,0.6610,3.8259,110.33,0.6610,3.8259,0,1,0,0,0,20,20,0,0,0,0,0,1000.000
28760,0.6610,3.8259,110.44,0.6610,3.8259,0,1,0,0,0,20,20,0,0,0,0,0,1000.000
28770,0.6610,3.8259,110.55,0.6610,3.8259,0,1,0,0,0,20,20,0,0,0,0,0,1000.000
28780,0.6610,3.8259,110.66,0.6610,3.8259,0,1,0,0,0,20,20,0,0,0,0,0,1000.000
28790,0.6610,3.8259,110.76,0.6610,3.8259,0,1,0,0,0,20,20,0,0,0,0,0,1000.000
28800,0.6610,3.8259,110.87,0.6610,3.8259,0,1,0,0,0,20,20,0,0,0,0,0,1000.000
28810,0.6610,3.8259,110.97,0.6610,3.8259,0,1,0,0,0,20,20,0,0,0,0,0,1000.000
28820,0.6610,3.8259,111.08,0.6610,3.8259,0,1,0,0,0,20,20,0,0,0,0,0,1000.000
28830,0.6610,3.8259,111.18,0.6610,3.8259,0,1,0,0,0,20,20,0,0,0,0,0,1000.000
28840,0.6610,3.8259,111.29,0.6610,3.8259,0,1,0,0,0,20,20,0,0,0,0,0,1000.000
28850,0.6610,3.8259,111.40,0.6610,3.8259,0,1,0,0,0,20,20,0,0,0,0,0,1000.000
28860,0.6610,3.8259,111.51,0.6610,3.8259,0,1,0,0,0,20,20,0,0,0,0,0,1000.000
28870,0.6610,3.8259,111.61,0.6610,3.8259,0,1,0,0,0,20,20,0,0,0,0,0,1000.000
28880,0.6610,3.8259,111.72,0.6610,3.8259,0,1,0,0,0,20,20,0,0,0,0,0,1000.000
28890,0.6610,3.8259,111.82,0.6610,3.8259,0,1,0,0,0,20,20,0,0,0,0,0,1000.000
28900,0.6610,3.8259,111.93,0.6610,3.8259,0,1,0,0,0,20,20,0,0,0,0,0,1000.000
28910,0.6610,3.8259,112.02,0.6610,3.8259,0,1,0,0,0,20,20,0,0,0,0,0,1000.000
28920,0.6610,3.8259,112.13,0.6610,3.8259,0,1,0,0,0,20,20,0,0,0,0,0,1000.000
28930,0.6610,3.8259,112.24,0.6610,3.8259,0,1,0,0,0,20,20,0,0,0,0,0,1000.000
28940,0.6610,3.8259,112.34,0.6610,3.8259,0,1,0,0,0,20,20,0,0,0,0,0,1000.000
28950,0.6610,3.8259,112.45,0.6610,3.8259,0,1,0,0,0,20,20,0,0,0,0,0,1000.000
28960,0.6610,3.8259,112.55,0.6610,3.8259,0,1,0,0,0,20,20,0,0,0,0,0,1000.000
28970,0.6610,3.8259,112.65,0.6610,3.8259,0,1,0,0,0,20,20,0,0,0,0,0,1000.000
28980,0.6610,3.8259,112.76,0.6610,3.8259,0,1,0,0,0,20,20,0,0,0,0,0,1000.000
28990,0.6610,3.8259,112.86,0.6610,3.8259,0,1,0,0,0,20,20,0,0,0,0,0,1000.000
29000,0.6610,3.8259,112.96,0.6610,3.8259,0,1,0,0,0,20,20,0,0,0,0,0,1000.000
29010,0.6610,3.8259,113.06,0.6610,3.8259,0,1,0,0,0,20,20,0,0,0,0,0,1000.000
29020,0.6610,3.8259,113.17,0.6610,3.8259,0,1,0,0,0,20,20,0,0,0,0,0,1000.000
29030,0.6610,3.8259,113.26,0.6610,3.8259,0,1,0,0,0,20,20,0,0,0,0,0,1000.000
29040,0.6610,3.8259,113.36,0.6610,3.8259,0,1,0,0,0,20,20,0,0,0,0,0,1000.000
29050,0.6610,3.8259,113.47,0.6610,3.8259,0,1,0,0,0,20,20,0,0,0,0,0,1000.000
29060,0.6610,3.8259,113.57,0.6610,3.8259,0,1,0,0,0,20,20,0,0,0,0,0,1000.000
29070,0.6610,3.8259,113.67,0.6610,3.8259,0,1,0,0,0,20,20,0,0,0,0,0,1000.000
29080,0.6610,3.8259,113.78,0.6610,3.8259,0,1,0,0,0,20,20,0,0,0,0,0,1000.000
29090,0.6610,3.8259,113.89,0.6610,3.8259,0,1,0,0,0,20,20,0,0,0,0,0,1000.000
29100,0.6610,3.8259,113.98,0.6610,3.8259,0,1,0,0,0,20,20,0,0,0,0,0,1000.000
29110,0.6610,3.8259,114.08,0.6610,3.8259,0,1,0,0,0,20,20,0,0,0,0,0,1000.000
29120,0.6610,3.8259,114.19,0.6610,3.8259,0,1,0,0,0,20,20,0,0,0,0,0,1000.000
29130,0.6610,3.8259,114.28,0.6610,3.8259,0,1,0,0,0,20,20,0,0,0,0,0,1000.000
29140,0.6610,3.8259,114.38,0.6610,3.8259,0,1,0,0,0,20,20,0,0,0,0,0,1000.000
29150,0.6610,3.8259,114.49,0.6610,3.8259,0,1,0,0,0,20,20,0,0,0,0,0,1000.000
29160,0.6610,3.8259,114.58,0.6610,3.8259,0,1,0,0,0,20,20,0,0,0,0,0,1000.000
29170,0.6610,3.8259,114.69,0.6610,3.8259,0,1,0,0,0,20,20,0,0,0,0,0,1000.000
29180,0.6610,3.8259,114.80,0.6610,3.8259,0,1,0,0,0,20,20,0,0,0,0,0,1000.000
29190,0.6610,3.8259,114.89,0.6610,3.8259,0,1,0,0,0,20,20,0,0,0,0,0,1000.000
29200,0.6610,3.8259,114.99,0.6610,3.8259,0,1,0,0,0,20,20,0,0,0,0,0,1000.000
29210,0.6610,3.8259,115.10,0.6610,3.8259,0,1,0,0,0,20,20,0,0,0,0,0,1000.000
29220,0.6610,3.8259,115.19,0.6610,3.8259,0,1,0,0,0,20,20,0,0,0,0,0,1000.000
29230,0.6610,3.8259,115.29,0.6610,3.8259,0,1,0,0,0,20,20,0,0,0,0,0,1000.000
29240,0.6610,3.8259,115.39,0.6610,3.8259,0,1,0,0,0,20,20,0,0,0,0,0,1000.000
29250,0.6610,3.8259,115.48,0.6610,3.8259,0,1,0,0,0,20,20,0,0,0,0,0,1000.000
29260,0.6610,3.8259,115.59,0.6610,3.8259,0,1,0,0,0,20,20,0,0,0,0,0,1000.000
29270,0.6610,3.8259,115.70,0.6610,3.8259,0,1,0,0,0,20,20,0,0,0,0,0,1000.000
29280,0.6610,3.8259,115.79,0.6610,3.8259,0,1,0,0,0,20,20,0,0,0,0,0,1000.000
29290,0.6610,3.8259,115.89,0.6610,3.8259,0,1,0,0,0,20,20,0,0,0,0,0,1000.000
29300,0.6610,3.8259,115.98,0.6610,3.8259,0,1,0,0,0,20,20,0,0,0,0,0,1000.000
29310,0.6610,3.8259,116.08,0.6610,3.8259,0,1,0,0,0,20,20,0,0,0,0,0,1000.000
29320,0.6610,3.8259,116.19,0.6610,3.8259,0,1,0,0,0,20,20,0,0,0,0,0,1000.000
29330,0.6610,3.8259,116.28,0.6610,3.8259,0,1,0,0,0,20,20,0,0,0,0,0,1000.000
29340,0.6610,3.8259,116.36,0.6610,3.8259,0,1,0,0,0,20,20,0,0,0,0,0,1000.000
29350,0.6610,3.8259,116.46,0.6610,3.8259,0,1,0,0,0,20,20,0,0,0,0,0,1000.000
29360,0.6610,3.8259,116.57,0.6610,3.8259,0,1,0,0,0,20,20,0,0,0,0,0,1000.000
29370,0.6610,3.8259,116.66,0.6610,3.8259,0,1,0,0,0,20,20,0,0,0,0,0,1000.000
29380,0.6610,3.8259,116.76,0.6610,3.8259,0,1,0,0,0,20,20,0,0,0,0,0,1000.000
29390,0.6610,3.8259,116.85,0.6610,3.8259,0,1,0,0,0,20,20,0,0,0,0,0,1000.000
29400,0.6610,3.8259,116.95,0.6610,3.8259,0,1,0,0,0,20,20,0,0,0,0,0,1000.000
29410,0.6610,3.8259,117.05,0.6610,3.8259,0,1,0,0,0,20,20,0,0,0,0,0,1000.000
29420,0.6610,3.8259,117.15,0.6610,3.8259,0,1,0,0,0,20,20,0,0,0,0,0,1000.000
29430,0.6610,3.8259,117.24,0.6610,3.8259,0,1,0,0,0,20,20,0,0,0,0,0,1000.000
29440,0.6610,3.8259,117.34,0.6610,3.8259,0,1,0,0,0,20,20,0,0,0,0,0,1000.000
29450,0.6610,3.8259,117.43,0.6610,3.8259,0,1,0,0,0,20,20,0,0,0,0,0,1000.000
29460,0.6610,3.8259,117.53,0.6610,3.8259,0,1,0,0,0,20,20,0,0,0,0,0,1000.000
29470,0.6610,3.8259,117.62,0.6610,3.8259,0,1,0,0,0,20,20,0,0,0,0,0,1000.000
29480,0.6610,3.8259,117.72,0.6610,3.8259,0,1,0,0,0,20,20,0,0,0,0,0,1000.000
29490,0.6610,3.8259,117.81,0.6610,3.8259,0,1,0,0,0,20,20,0,0,0,0,0,1000.000
29500,0.6610,3.8259,117.91,0.6610,3.8259,0,1,0,0,0,20,20,0,0,0,0,0,1000.000
29510,0.6610,3.8259,118.00,0.6610,3.8259,0,1,0,0,0,20,20,0,0,0,0,0,1000.000
29520,0.6610,3.8259,118.10,0.6610,3.8259,0,1,0,0,0,20,20,0,0,0,0,0,1000.000
29530,0.6610,3.8259,118.19,0.6610,3.8259,0,1,0,0,0,20,20,0,0,0,0,0,1000.000
29540,0.6610,3.8259,118.28,0.6610,3.8259,0,1,0,0,0,20,20,0,0,0,0,0,1000.000
29550,0.6610,3.8259,118.38,0.6610,3.8259,0,1,0,0,0,20,20,0,0,0,0,0,1000.000
29560,0.6610,3.8259,118.48,0.6610,3.8259,0,1,0,0,0,20,20,0,0,0,0,0,1000.000
29570,0.6610,3.8259,118.58,0.6610,3.8259,0,1,0,0,0,20,20,0,0,0,0,0,1000.000
29580,0.6610,3.8259,118.67,0.6610,3.8259,0,1,0,0,0,20,20,0,0,0,0,0,1000.000
29590,0.6610,3.8259,118.77,0.6610,3.8259,0,1,0,0,0,20,20,0,0,0,0,0,1000.000
29600,0.6610,3.8259,118.86,0.6610,3.8259,0,1,0,0,0,20,20,0,0,0,0,0,1000.000
29610,0.6610,3.8259,118.94,0.6610,3.8259,0,1,0,0,0,20,20,0,0,0,0,0,1000.000
29620,0.6610,3.8259,119.04,0.6610,3.8259,0,1,0,0,0,20,20,0,0,0,0,0,1000.000
29630,0.6610,3.8259,119.13,0.6610,3.8259,0,1,0,0,0,20,20,0,0,0,0,0,1000.000
29640,0.6610,3.8259,119.23,0.6610,3.8259,0,1,0,0,0,20,20,0,0,0,0,0,1000.000
29650,0.6610,3.8259,119.32,0.6610,3.8259,0,1,0,0,0,20,20,0,0,0,0,0,1000.000
29660,0.6610,3.8259,119.41,0.6610,3.8259,0,1,0,0,0,20,20,0,0,0,0,0,1000.000
29670,0.6610,3.8259,119.50,0.6610,3.8259,0,1,0,0,0,20,20,0,0,0,0,0,1000.000
29680,0.6610,3.8259,119.60,0.6610,3.8259,0,1,0,0,0,20,20,0,0,0,0,0,1000.000
29690,0.6610,3.8259,119.69,0.6610,3.8259,0,1,0,0,0,20,20,0,0,0,0,0,1000.000
29700,0.6610,3.8259,119.77,0.6610,3.8259,0,1,0,0,0,20,20,0,0,0,0,0,1000.000
29710,0.6610,3.8259,119.87,0.6610,3.8259,0,1,0,0,0,20,20,0,0,0,0,0,1000.000
29720,0.6610,3.8259,119.96,0.6610,3.8259,0,1,0,0,0,20,20,0,0,0,0,0,1000.000
29730,0.6610,3.8259,120.05,0.6610,3.8259,0,1,0,0,0,20,20,0,0,0,0,0,1000.000
29740,0.6610,3.8259,120.14,0.6610,3.8259,0,1,0,0,0,20,20,0,0,0,0,0,1000.000
29750,0.6610,3.8259,120.23,0.6610,3.8259,0,1,0,0,0,20,20,0,0,0,0,0,1000.000
29760,0.6610,3.8259,120.33,0.6610,3.8259,0,1,0,0,0,20,20,0,0,0,0,0,1000.000
29770,0.6610,3.8259,120.42,0.6610,3.8259,0,1,0,0,0,20,20,0,0,0,0,0,1000.000
29780,0.6610,3.8259,120.50,0.6610,3.8259,0,1,0,0,0,20,20,0,0,0,0,0,1000.000
29790,0.6610,3.8259,120.60,0.6610,3.8259,0,1,0,0,0,20,20,0,0,0,0,0,1000.000
29800,0.6610,3.8259,120.69,0.6610,3.8259,0,1,0,0,0,20,20,0,0,0,0,0,1000.000
29810,0.6610,3.8259,120.77,0.6610,3.8259,0,1,0,0,0,20,20,0,0,0,0,0,1000.000
29820,0.6610,3.8259,120.88,0.6610,3.8259,0,1,0,0,0,20,20,0,0,0,0,0,1000.000
29830,0.6610,3.8259,120.96,0.6610,3.8259,0,1,0,0,0,20,20,0,0,0,0,0,1000.000
29840,0.6610,3.8259,121.05,0.6610,3.8259,0,1,0,0,0,20,20,0,0,0,0,0,1000.000
29850,0.6610,3.8259,121.15,0.6610,3.8259,0,1,0,0,0,20,20,0,0,0,0,0,1000.000
29860,0.6610,3.8259,121.23,0.6610,3.8259,0,1,0,0,0,20,20,0,0,0,0,0,1000.000
29870,0.6610,3.8259,121.32,0.6610,3.8259,0,1,0,0,0,20,20,0,0,0,0,0,1000.000
29880,0.6610,3.8259,121.42,0.6610,3.8259,0,1,0,0,0,20,20,0,0,0,0,0,1000.000
29890,0.6610,3.8259,121.50,0.6610,3.8259,0,1,0,0,0,20,20,0,0,0,0,0,1000.000
29900,0.6610,3.8259,121.59,0.6610,3.8259,0,1,0,0,0,20,20,0,0,0,0,0,1000.000
29910,0.6610,3.8259,121.69,0.6610,3.8259,0,1,0,0,0,20,20,0,0,0,0,0,1000.000
29920,0.6610,3.8259,121.78,0.6610,3.8259,0,1,0,0,0,20,20,0,0,0,0,0,1000.000
29930,0.6610,3.8259,121.86,0.6610,3.8259,0,1,0,0,0,20,20,0,0,0,0,0,1000.000
29940,0.6610,3.8259,121.95,0.6610,3.8259,0,1,0,0,0,20,20,0,0,0,0,0,1000.000
29950,0.6610,3.8259,122.04,0.6610,3.8259,0,1,0,0,0,20,20,0,0,0,0,0,1000.000
29960,0.6610,3.8259,122.12,0.6610,3.8259,0,1,0,0,0,20,20,0,0,0,0,0,1000.000
29970,0.6610,3.8259,122.22,0.6610,3.8259,0,1,0,0,0,20,20,0,0,0,0,0,1000.000
29980,0.6610,3.8259,122.31,0.6610,3.8259,0,1,0,0,0,20,20,0,0,0,0,0,1000.000
29990,0.6610,3.8259,122.39,0.6610,3.8259,0,1,0,0,0,20,20,0,0,0,0,0,1000.000
30000,0.6610,3.8259,122.48,0.6610,3.8259,0,1,0,0,0,20,20,0,0,0,0,0,1000.000
30010,0.6610,3.8259,122.57,0.6610,3.8259,0,1,0,0,0,20,20,0,0,0,0,0,1000.000
30020,0.6610,3.8259,122.65,0.6610,3.8259,0,1,0,0,0,20,20,0,0,0,0,0,1000.000
30030,0.6610,3.8259,122.75,0.6610,3.8259,0,1,0,0,0,20,20,0,0,0,0,0,1000.000
30040,0.6610,3.8259,122.84,0.6610,3.8259,0,1,0,0,0,20,20,0,0,0,0,0,1000.000
30050,0.6610,3.8259,122.92,0.6610,3.8259,0,1,0,0,0,20,20,0,0,0,0,0,1000.000
30060,0.6610,3.8259,123.01,0.6610,3.8259,0,1,0,0,0,20,20,0,0,0,0,0,1000.000
30070,0.6610,3.8259,123.09,0.6610,3.8259,0,1,0,0,0,20,20,0,0,0,0,0,1000.000
30080,0.6610,3.8259,123.19,0.6610,3.8259,0,1,0,0,0,20,20,0,0,0,0,0,1000.000
30090,0.6610,3.8259,123.28,0.6610,3.8259,0,1,0,0,0,20,20,0,0,0,0,0,1000.000
30100,0.6610,3.8259,123.35,0.6610,3.8259,0,1,0,0,0,20,20,0,0,0,0,0,1000.000
30110,0.6610,3.8259,123.43,0.6610,3.8259,0,1,0,0,0,20,20,0,0,0,0,0,1000.000
30120,0.6610,3.8259,123.53,0.6610,3.8259,0,1,0,0,0,20,20,0,0,0,0,0,1000.000
30130,0.6610,3.8259,123.62,0.6610,3.8259,0,1,0,0,0,20,20,0,0,0,0,0,1000.000
30140,0.6610,3.8259,123.70,0.6610,3.8259,0,1,0,0,0,20,20,0,0,0,0,0,1000.000
30150,0.6610,3.8259,123.79,0.6610,3.8259,0,1,0,0,0,20,20,0,0,0,0,0,1000.000
30160,0.6610,3.8259,123.87,0.6610,3.8259,0,1,0,0,0,20,20,0,0,0,0,0,1000.000
30170,0.6610,3.8259,123.96,0.6610,3.8259,0,1,0,0,0,20,20,0,0,0,0,0,1000.000
30180,0.6610,3.8259,124.04,0.6610,3.8259,0,1,0,0,0,20,20,0,0,0,0,0,1000.000
30190,0.6610,3.8259,124.13,0.6610,3.8259,0,1,0,0,0,20,20,0,0,0,0,0,1000.000
30200,0.6610,3.8259,124.21,0.6610,3.8259,0,1,0,0,0,20,20,0,0,0,0,0,1000.000
30210,0.6610,3.8259,124.29,0.6610,3.8259,0,1,0,0,0,20,20,0,0,0,0,0,1000.000
30220,0.6610,3.8259,124.38,0.6610,3.8259,0,1,0,0,0,20,20,0,0,0,0,0,1000.000
30230,0.6610,3.8259,124.46,0.6610,3.8259,0,1,0,0,0,20,20,0,0,0,0,0,1000.000
30240,0.6610,3.8259,124.55,0.6610,3.8259,0,1,0,0,0,20,20,0,0,0,0,0,1000.000
30250,0.6610,3.8259,124.63,0.6610,3.8259,0,1,0,0,0,20,20,0,0,0,0,0,1000.000
30260,0.6610,3.8259,124.72,0.6610,3.8259,0,1,0,0,0,20,20,0,0,0,0,0,1000.000
30270,0.6610,3.8259,124.80,0.6610,3.8259,0,1,0,0,0,20,20,0,0,0,0,0,1000.000
30280,0.6610,3.8259,124.89,0.6610,3.8259,0,1,0,0,0,20,20,0,0,0,0,0,1000.000
30290,0.6610,3.8259,124.97,0.6610,3.8259,0,1,0,0,0,20,20,0,0,0,0,0,1000.000
30300,0.6610,3.8259,125.05,0.6610,3.8259,0,1,0,0,0,20,20,0,0,0,0,0,1000.000
30310,0.6610,3.8259,125.13,0.6610,3.8259,0,1,0,0,0,20,20,0,0,0,0,0,1000.000
30320,0.6610,3.8259,125.22,0.6610,3.8259,0,1,0,0,0,20,20,0,0,0,0,0,1000.000
30330,0.6610,3.8259,125.30,0.6610,3.8259,0,1,0,0,0,20,20,0,0,0,0,0,1000.000
30340,0.6610,3.8259,125.39,0.6610,3.8259,0,1,0,0,0,20,20,0,0,0,0,0,1000.000
30350,0.6610,3.8259,125.47,0.6610,3.8259,0,1,0,0,0,20,20,0,0,0,0,0,1000.000
30360,0.6610,3.8259,125.55,0.6610,3.8259,0,1,0,0,0,20,20,0,0,0,0,0,1000.000
30370,0.6610,3.8259,125.64,0.6610,3.8259,0,1,0,0,0,20,20,0,0,0,0,0,1000.000
30380,0.6610,3.8259,125.71,0.6610,3.8259,0,1,0,0,0,20,20,0,0,0,0,0,1000.000
30390,0.6610,3.8259,125.79,0.6610,3.8259,0,1,0,0,0,20,20,0,0,0,0,0,1000.000
30400,0.6610,3.8259,125.88,0.6610,3.8259,0,1,0,0,0,20,20,0,0,0,0,0,1000.000
30410,0.6610,3.8259,125.96,0.6610,3.8259,0,1,0,0,0,20,20,0,0,0,0,0,1000.000
30420,0.6610,3.8259,126.05,0.6610,3.8259,0,1,0,0,0,20,20,0,0,0,0,0,1000.000
30430,0.6610,3.8259,126.12,0.6610,3.8259,0,1,0,0,0,20,20,0,0,0,0,0,1000.000
30440,0.6610,3.8259,126.20,0.6610,3.8259,0,1,0,0,0,20,20,0,0,0,0,0,1000.000
30450,0.6610,3.8259,126.30,0.6610,3.8259,0,1,0,0,0,20,20,0,0,0,0,0,1000.000
30460,0.6610,3.8259,126.39,0.6610,3.8259,0,1,0,0,0,20,20,0,0,0,0,0,1000.000
30470,0.6610,3.8259,126.46,0.6610,3.8259,0,1,0,0,0,20,20,0,0,0,0,0,1000.000
30480,0.6610,3.8259,126.54,0.6610,3.8259,0,1,0,0,0,20,20,0,0,0,0,0,1000.000
30490,0.6610,3.8259,126.63,0.6610,3.8259,0,1,0,0,0,20,20,0,0,0,0,0,1000.000
30500,0.6610,3.8259,126.70,0.6610,3.8259,0,1,0,0,0,20,20,0,0,0,0,0,1000.000
30510,0.6610,3.8259,126.78,0.6610,3.8259,0,1,0,0,0,20,20,0,0,0,0,0,1000.000
30520,0.6610,3.8259,126.86,0.6610,3.8259,0,1,0,0,0,20,20,0,0,0,0,0,1000.000
30530,0.6610,3.8259,126.93,0.6610,3.8259,0,1,0,0,0,20,20,0,0,0,0,0,1000.000
30540,0.6610,3.8259,127.02,0.6610,3.8259,0,1,0,0,0,20,20,0,0,0,0,0,1000.000
30550,0.6610,3.8259,127.10,0.6610,3.8259,0,1,0,0,0,20,20,0,0,0,0,0,1000.000
30560,0.6610,3.8259,127.17,0.6610,3.8259,0,1,0,0,0,20,20,0,0,0,0,0,1000.000
30570,0.6610,3.8259,127.25,0.6610,3.8259,0,1,0,0,0,20,20,0,0,0,0,0,1000.000
30580,0.6610,3.8259,127.34,0.6610,3.8259,0,1,0,0,0,20,20,0,0,0,0,0,1000.000
30590,0.6610,3.8259,127.41,0.6610,3.8259,0,1,0,0,0,20,20,0,0,0,0,0,1000.000
30600,0.6610,3.8259,127.49,0.6610,3.8259,0,1,0,0,0,20,20,0,0,0,0,0,1000.000
30610,0.6610,3.8259,127.58,0.6610,3.8259,0,1,0,0,0,20,20,0,0,0,0,0,1000.000
30620,0.6610,3.8259,127.65,0.6610,3.8259,0,1,0,0,0,20,20,0,0,0,0,0,1000.000
30630,0.6610,3.8259,127.73,0.6610,3.8259,0,1,0,0,0,20,20,0,0,0,0,0,1000.000
30640,0.6610,3.8259,127.82,0.6610,3.8259,0,1,0,0,0,20,20,0,0,0,0,0,1000.000
30650,0.6610,3.8259,127.89,0.6610,3.8259,0,1,0,0,0,20,20,0,0,0,0,0,1000.000
30660,0.6610,3.8259,127.97,0.6610,3.8259,0,1,0,0,0,20,20,0,0,0,0,0,1000.000
30670,0.6610,3.8259,128.06,0.6610,3.8259,0,1,0,0,0,20,20,0,0,0,0,0,1000.000
30680,0.6610,3.8259,128.12,0.6610,3.8259,0,1,0,0,0,20,20,0,0,0,0,0,1000.000
30690,0.6610,3.8259,128.21,0.6610,3.8259,0,1,0,0,0,20,20,0,0,0,0,0,1000.000
30700,0.6610,3.8259,128.29,0.6610,3.8259,0,1,0,0,0,20,20,0,0,0,0,0,1000.000
30710,0.6610,3.8259,128.36,0.6610,3.8259,0,1,0,0,0,20,20,0,0,0,0,0,1000.000
30720,0.6610,3.8259,128.44,0.6610,3.8259,0,1,0,0,0,20,20,0,0,0,0,0,1000.000
30730,0.6610,3.8259,128.53,0.6610,3.8259,0,1,0,0,0,20,20,0,0,0,0,0,1000.000
30740,0.6610,3.8259,128.60,0.6610,3.8259,0,1,0,0,0,20,20,0,0,0,0,0,1000.000
30750,0.6610,3.8259,128.68,0.6610,3.8259,0,1,0,0,0,20,20,0,0,0,0,0,1000.000
30760,0.6610,3.8259,128.77,0.6610,3.8259,0,1,0,0,0,20,20,0,0,0,0,0,1000.000
30770,0.6610,3.8259,128.84,0.6610,3.8259,0,1,0,0,0,20,20,0,0,0,0,0,1000.000
30780,0.6610,3.8259,128.92,0.6610,3.8259,0,1,0,0,0,20,20,0,0,0,0,0,1000.000
30790,0.6610,3.8259,129.00,0.6610,3.8259,0,1,0,0,0,20,20,0,0,0,0,0,1000.000
30800,0.6610,3.8259,129.07,0.6610,3.8259,0,1,0,0,0,20,20,0,0,0,0,0,1000.000
30810,0.6610,3.8259,129.15,0.6610,3.8259,0,1,0,0,0,20,20,0,0,0,0,0,1000.000
30820,0.6610,3.8259,129.24,0.6610,3.8259,0,1,0,0,0,20,20,0,0,0,0,0,1000.000
30830,0.6610,3.8259,129.30,0.6610,3.8259,0,1,0,0,0,20,20,0,0,0,0,0,1000.000
30840,0.6610,3.8259,129.38,0.6610,3.8259,0,1,0,0,0,20,20,0,0,0,0,0,1000.000
30850,0.6610,3.8259,129.45,0.6610,3.8259,0,1,0,0,0,20,20,0,0,0,0,0,1000.000
30860,0.6610,3.8259,129.53,0.6610,3.8259,0,1,0,0,0,20,20,0,0,0,0,0,1000.000
30870,0.6610,3.8259,129.62,0.6610,3.8259,0,1,0,0,0,20,20,0,0,0,0,0,1000.000
30880,0.6610,3.8259,129.69,0.6610,3.8259,0,1,0,0,0,20,20,0,0,0,0,0,1000.000
30890,0.6610,3.8259,129.77,0.6610,3.8259,0,1,0,0,0,20,20,0,0,0,0,0,1000.000
30900,0.6610,3.8259,129.84,0.6610,3.8259,0,1,0,0,0,20,20,0,0,0,0,0,1000.000
30910,0.6610,3.8259,129.92,0.6610,3.8259,0,1,0,0,0,20,20,0,0,0,0,0,1000.000
30920,0.6610,3.8259,130.01,0.6610,3.8259,0,1,0,0,0,20,20,0,0,0,0,0,1000.000
30930,0.6610,3.8259,130.07,0.6610,3.8259,0,1,0,0,0,20,20,0,0,0,0,0,1000.000
30940,0.6610,3.8259,130.14,0.6610,3.8259,0,1,0,0,0,20,20,0,0,0,0,0,1000.000
30950,0.6610,3.8259,130.23,0.6610,3.8259,0,1,0,0,0,20,20,0,0,0,0,0,1000.000
30960,0.6610,3.8259,130.30,0.6610,3.8259,0,1,0,0,0,20,20,0,0,0,0,0,1000.000
30970,0.6610,3.8259,130.37,0.6610,3.8259,0,1,0,0,0,20,20,0,0,0,0,0,1000.000
30980,0.6610,3.8259,130.45,0.6610,3.8259,0,1,0,0,0,20,20,0,0,0,0,0,1000.000
30990,0.6610,3.8259,130.52,0.6610,3.8259,0,1,0,0,0,20,20,0,0,0,0,0,1000.000
31000,0.6610,3.8259,130.59,0.6610,3.8259,0,1,0,0,0,20,20,0,0,0,0,0,1000.000
31010,0.6610,3.8259,130.68,0.6610,3.8259,0,1,0,0,0,20,20,0,0,0,0,0,1000.000
31020,0.6610,3.8259,130.75,0.6610,3.8259,0,1,0,0,0,20,20,0,0,0,0,0,1000.000
31030,0.6610,3.8259,130.82,0.6610,3.8259,0,1,0,0,0,20,20,0,0,0,0,0,1000.000
31040,0.6610,3.8259,130.90,0.6610,3.8259,0,1,0,0,0,20,20,0,0,0,0,0,1000.000
31050,0.6610,3.8259,130.97,0.6610,3.8259,0,1,0,0,0,20,20,0,0,0,0,0,1000.000
31060,0.6610,3.8259,131.04,0.6610,3.8259,0,1,0,0,0,20,20,0,0,0,0,0,1000.000
31070,0.6610,3.8259,131.13,0.6610,3.8259,0,1,0,0,0,20,20,0,0,0,0,0,1000.000
31080,0.6610,3.8259,131.20,0.6610,3.8259,0,1,0,0,0,20,20,0,0,0,0,0,1000.000
31090,0.6610,3.8259,131.26,0.6610,3.8259,0,1,0,0,0,20,20,0,0,0,0,0,1000.000
31100,0.6610,3.8259,131.34,0.6610,3.8259,0,1,0,0,0,20,20,0,0,0,0,0,1000.000
31110,0.6610,3.8259,131.41,0.6610,3.8259,0,1,0,0,0,20,20,0,0,0,0,0,1000.000
31120,0.6610,3.8259,131.49,0.6610,3.8259,0,1,0,0,0,20,20,0,0,0,0,0,1000.000
31130,0.6610,3.8259,131.55,0.6610,3.8259,0,1,0,0,0,20,20,0,0,0,0,0,1000.000
31140,0.6610,3.8259,131.64,0.6610,3.8259,0,1,0,0,0,20,20,0,0,0,0,0,1000.000
31150,0.6610,3.8259,131.71,0.6610,3.8259,0,1,0,0,0,20,20,0,0,0,0,0,1000.000
31160,0.6610,3.8259,131.78,0.6610,3.8259,0,1,0,0,0,20,20,0,0,0,0,0,1000.000
31170,0.6610,3.8259,131.86,0.6610,3.8259,0,1,0,0,0,20,20,0,0,0,0,0,1000.000
31180,0.6610,3.8259,131.94,0.6610,3.8259,0,1,0,0,0,20,20,0,0,0,0,0,1000.000
31190,0.6610,3.8259,132.00,0.6610,3.8259,0,1,0,0,0,20,20,0,0,0,0,0,1000.000
31200,0.6610,3.8259,132.07,0.6610,3.8259,0,1,0,0,0,20,20,0,0,0,0,0,1000.000
31210,0.6610,3.8259,132.16,0.6610,3.8259,0,1,0,0,0,20,20,0,0,0,0,0,1000.000
31220,0.6610,3.8259,132.22,0.6610,3.8259,0,1,0,0,0,20,20,0,0,0,0,0,1000.000
31230,0.6610,3.8259,132.30,0.6610,3.8259,0,1,0,0,0,20,20,0,0,0,0,0,1000.000
31240,0.6610,3.8259,132.37,0.6610,3.8259,0,1,0,0,0,20,20,0,0,0,0,0,1000.000
31250,0.6610,3.8259,132.44,0.6610,3.8259,0,1,0,0,0,20,20,0,0,0,0,0,1000.000
31260,0.6610,3.8259,132.51,0.6610,3.8259,0,1,0,0,0,20,20,0,0,0,0,0,1000.000
31270,0.6610,3.8259,132.60,0.6610,3.8259,0,1,0,0,0,20,20,0,0,0,0,0,1000.000
31280,0.6610,3.8259,132.66,0.6610,3.8259,0,1,0,0,0,20,20,0,0,0,0,0,1000.000
31290,0.6610,3.8259,132.73,0.6610,3.8259,0,1,0,0,0,20,20,0,0,0,0,0,1000.000
31300,0.6610,3.8259,132.80,0.6610,3.8259,0,1,0,0,0,20,20,0,0,0,0,0,1000.000
31310,0.6610,3.8259,132.87,0.6610,3.8259,0,1,0,0,0,20,20,0,0,0,0,0,1000.000
31320,0.6610,3.8259,132.94,0.6610,3.8259,0,1,0,0,0,20,20,0,0,0,0,0,1000.000
31330,0.6610,3.8259,133.01,0.6610,3.8259,0,1,0,0,0,20,20,0,0,0,0,0,1000.000
31340,0.6610,3.8259,133.09,0.6610,3.8259,0,1,0,0,0,20,20,0,0,0,0,0,1000.000
31350,0.6610,3.8259,133.15,0.6610,3.8259,0,1,0,0,0,20,20,0,0,0,0,0,1000.000
31360,0.6610,3.8259,133.23,0.6610,3.8259,0,1,0,0,0,20,20,0,0,0,0,0,1000.000
31370,0.6610,3.8259,133.29,0.6610,3.8259,0,1,0,0,0,20,20,0,0,0,0,0,1000.000
31380,0.6610,3.8259,133.36,0.6610,3.8259,0,1,0,0,0,20,20,0,0,0,0,0,1000.000
31390,0.6610,3.8259,133.43,0.6610,3.8259,0,1,0,0,0,20,20,0,0,0,0,0,1000.000
31400,0.6610,3.8259,133.50,0.6610,3.8259,0,1,0,0,0,20,20,0,0,0,0,0,1000.000
31410,0.6610,3.8259,133.57,0.6610,3.8259,0,1,0,0,0,20,20,0,0,0,0,0,1000.000
31420,0.6610,3.8259,133.64,0.6610,3.8259,0,1,0,0,0,20,20,0,0,0,0,0,1000.000
31430,0.6610,3.8259,133.71,0.6610,3.8259,0,1,0,0,0,20,20,0,0,0,0,0,1000.000
31440,0.6610,3.8259,133.78,0.6610,3.8259,0,1,0,0,0,20,20,0,0,0,0,0,1000.000
31450,0.6610,3.8259,133.85,0.6610,3.8259,0,1,0,0,0,20,20,0,0,0,0,0,1000.000
31460,0.6610,3.8259,133.92,0.6610,3.8259,0,1,0,0,0,20,20,0,0,0,0,0,1000.000
31470,0.6610,3.8259,133.99,0.6610,3.8259,0,1,0,0,0,20,20,0,0,0,0,0,1000.000
31480,0.6610,3.8259,134.06,0.6610,3.8259,0,1,0,0,0,20,20,0,0,0,0,0,1000.000
31490,0.6610,3.8259,134.13,0.6610,3.8259,0,1,0,0,0,20,20,0,0,0,0,0,1000.000
31500,0.6610,3.8259,134.20,0.6610,3.8259,0,1,0,0,0,20,20,0,0,0,0,0,1000.000
31510,0.6610,3.8259,134.27,0.6610,3.8259,0,1,0,0,0,20,20,0,0,0,0,0,1000.000
31520,0.6610,3.8259,134.34,0.6610,3.8259,0,1,0,0,0,20,20,0,0,0,0,0,1000.000
31530,0.6610,3.8259,134.40,0.6610,3.8259,0,1,0,0,0,20,20,0,0,0,0,0,1000.000
31540,0.6610,3.8259,134.48,0.6610,3.8259,0,1,0,0,0,20,20,0,0,0,0,0,1000.000
31550,0.6610,3.8259,134.54,0.6610,3.8259,0,1,0,0,0,20,20,0,0,0,0,0,1000.000
31560,0.6610,3.8259,134.62,0.6610,3.8259,0,1,0,0,0,20,20,0,0,0,0,0,1000.000
31570,0.6610,3.8259,134.68,0.6610,3.8259,0,1,0,0,0,20,20,0,0,0,0,0,1000.000
31580,0.6610,3.8259,134.76,0.6610,3.8259,0,1,0,0,0,20,20,0,0,0,0,0,1000.000
31590,0.6610,3.8259,134.82,0.6610,3.8259,0,1,0,0,0,20,20,0,0,0,0,0,1000.000
31600,0.6610,3.8259,134.89,0.6610,3.8259,0,1,0,0,0,20,20,0,0,0,0,0,1000.000
31610,0.6610,3.8259,134.96,0.6610,3.8259,0,1,0,0,0,20,20,0,0,0,0,0,1000.000
31620,0.6610,3.8259,135.03,0.6610,3.8259,0,1,0,0,0,20,20,0,0,0,0,0,1000.000
31630,0.6610,3.8259,135.09,0.6610,3.8259,0,1,0,0,0,20,20,0,0,0,0,0,1000.000
31640,0.6610,3.8259,135.17,0.6610,3.8259,0,1,0,0,0,20,20,0,0,0,0,0,1000.000
31650,0.6610,3.8259,135.23,0.6610,3.8259,0,1,0,0,0,20,20,0,0,0,0,0,1000.000
31660,0.6610,3.8259,135.30,0.6610,3.8259,0,1,0,0,0,20,20,0,0,0,0,0,1000.000
31670,0.6610,3.8259,135.37,0.6610,3.8259,0,1,0,0,0,20,20,0,0,0,0,0,1000.000
31680,0.6610,3.8259,135.44,0.6610,3.8259,0,1,0,0,0,20,20,0,0,0,0,0,1000.000
31690,0.6610,3.8259,135.50,0.6610,3.8259,0,1,0,0,0,20,20,0,0,0,0,0,1000.000
31700,0.6610,3.8259,135.57,0.6610,3.8259,0,1,0,0,0,20,20,0,0,0,0,0,1000.000
31710,0.6610,3.8259,135.64,0.6610,3.8259,0,1,0,0,0,20,20,0,0,0,0,0,1000.000
31720,0.6610,3.8259,135.70,0.6610,3.8259,0,1,0,0,0,20,20,0,0,0,0,0,1000.000
31730,0.6610,3.8259,135.77,0.6610,3.8259,0,1,0,0,0,20,20,0,0,0,0,0,1000.000
31740,0.6610,3.8259,135.84,0.6610,3.8259,0,1,0,0,0,20,20,0,0,0,0,0,1000.000
31750,0.6610,3.8259,135.90,0.6610,3.8259,0,1,0,0,0,20,20,0,0,0,0,0,1000.000
31760,0.6610,3.8259,135.97,0.6610,3.8259,0,1,0,0,0,20,20,0,0,0,0,0,1000.000
31770,0.6610,3.8259,136.04,0.6610,3.8259,0,1,0,0,0,20,20,0,0,0,0,0,1000.000
31780,0.6610,3.8259,136.10,0.6610,3.8259,0,1,0,0,0,20,20,0,0,0,0,0,1000.000
31790,0.6610,3.8259,136.18,0.6610,3.8259,0,1,0,0,0,20,20,0,0,0,0,0,1000.000
31800,0.6610,3.8259,136.24,0.6610,3.8259,0,1,0,0,0,20,20,0,0,0,0,0,1000.000
31810,0.6610,3.8259,136.31,0.6610,3.8259,0,1,0,0,0,20,20,0,0,0,0,0,1000.000
31820,0.6610,3.8259,136.37,0.6610,3.8259,0,1,0,0,0,20,20,0,0,0,0,0,1000.000
31830,0.6610,3.8259,136.44,0.6610,3.8259,0,1,0,0,0,20,20,0,0,0,0,0,1000.000
31840,0.6610,3.8259,136.51,0.6610,3.8259,0,1,0,0,0,20,20,0,0,0,0,0,1000.000
31850,0.6610,3.8259,136.57,0.6610,3.8259,0,1,0,0,0,20,20,0,0,0,0,0,1000.000
31860,0.6610,3.8259,136.63,0.6610,3.8259,0,1,0,0,0,20,20,0,0,0,0,0,1000.000
31870,0.6610,3.8259,136.71,0.6610,3.8259,0,1,0,0,0,20,20,0,0,0,0,0,1000.000
31880,0.6610,3.8259,136.77,0.6610,3.8259,0,1,0,0,0,20,20,0,0,0,0,0,1000.000
31890,0.6610,3.8259,136.83,0.6610,3.8259,0,1,0,0,0,20,20,0,0,0,0,0,1000.000
31900,0.6610,3.8259,136.90,0.6610,3.8259,0,1,0,0,0,20,20,0,0,0,0,0,1000.000
31910,0.6610,3.8259,136.96,0.6610,3.8259,0,1,0,0,0,20,20,0,0,0,0,0,1000.000
31920,0.6610,3.8259,137.03,0.6610,3.8259,0,1,0,0,0,20,20,0,0,0,0,0,1000.000
31930,0.6610,3.8259,137.09,0.6610,3.8259,0,1,0,0,0,20,20,0,0,0,0,0,1000.000
31940,0.6610,3.8259,137.15,0.6610,3.8259,0,1,0,0,0,20,20,0,0,0,0,0,1000.000
31950,0.6610,3.8259,137.22,0.6610,3.8259,0,1,0,0,0,20,20,0,0,0,0,0,1000.000
31960,0.6610,3.8259,137.28,0.6610,3.8259,0,1,0,0,0,20,20,0,0,0,0,0,1000.000
31970,0.6610,3.8259,137.35,0.6610,3.8259,0,1,0,0,0,20,20,0,0,0,0,0,1000.000
31980,0.6610,3.8259,137.41,0.6610,3.8259,0,1,0,0,0,20,20,0,0,0,0,0,1000.000
31990,0.6610,3.8259,137.48,0.6610,3.8259,0,1,0,0,0,20,20,0,0,0,0,0,1000.000
32000,0.6610,3.8259,137.54,0.6610,3.8259,0,1,0,0,0,20,20,0,0,0,0,0,1000.000
32010,0.6610,3.8259,137.60,0.6610,3.8259,0,1,0,0,0,20,20,0,0,0,0,0,1000.000
32020,0.6610,3.8259,137.67,0.6610,3.8259,0,1,0,0,0,20,20,0,0,0,0,0,1000.000
32030,0.6610,3.8259,137.73,0.6610,3.8259,0,1,0,0,0,20,20,0,0,0,0,0,1000.000
32040,0.6610,3.8259,137.80,0.6610,3.8259,0,1,0,0,0,20,20,0,0,0,0,0,1000.000
32050,0.6610,3.8259,137.86,0.6610,3.8259,0,1,0,0,0,20,20,0,0,0,0,0,1000.000
32060,0.6610,3.8259,137.92,0.6610,3.8259,0,1,0,0,0,20,20,0,0,0,0,0,1000.000
32070,0.6610,3.8259,137.99,0.6610,3.8259,0,1,0,0,0,20,20,0,0,0,0,0,1000.000
32080,0.6610,3.8259,138.05,0.6610,3.8259,0,1,0,0,0,20,20,0,0,0,0,0,1000.000
32090,0.6610,3.8259,138.12,0.6610,3.8259,0,1,0,0,0,20,20,0,0,0,0,0,1000.000
32100,0.6610,3.8259,138.18,0.6610,3.8259,0,1,0,0,0,20,20,0,0,0,0,0,1000.000
32110,0.6610,3.8259,138.24,0.6610,3.8259,0,1,0,0,0,20,20,0,0,0,0,0,1000.000
32120,0.6610,3.8259,138.30,0.6610,3.8259,0,1,0,0,0,20,20,0,0,0,0,0,1000.000
32130,0.6610,3.8259,138.36,0.6610,3.8259,0,1,0,0,0,20,20,0,0,0,0,0,1000.000
32140,0.6610,3.8259,138.43,0.6610,3.8259,0,1,0,0,0,20,20,0,0,0,0,0,1000.000
32150,0.6610,3.8259,138.49,0.6610,3.8259,0,1,0,0,0,20,20,0,0,0,0,0,1000.000
32160,0.6610,3.8259,138.55,0.6610,3.8259,0,1,0,0,0,20,20,0,0,0,0,0,1000.000
32170,0.6610,3.8259,138.61,0.6610,3.8259,0,1,0,0,0,20,20,0,0,0,0,0,1000.000
32180,0.6610,3.8259,138.68,0.6610,3.8259,0,1,0,0,0,20,20,0,0,0,0,0,1000.000
32190,0.6610,3.8259,138.74,0.6610,3.8259,0,1,0,0,0,20,20,0,0,0,0,0,1000.000
32200,0.6610,3.8259,138.80,0.6610,3.8259,0,1,0,0,0,20,20,0,0,0,0,0,1000.000
32210,0.6610,3.8259,138.86,0.6610,3.8259,0,1,0,0,0,20,20,0,0,0,0,0,1000.000
32220,0.6610,3.8259,138.92,0.6610,3.8259,0,1,0,0,0,20,20,0,0,0,0,0,1000.000
32230,0.6610,3.8259,138.99,0.6610,3.8259,0,1,0,0,0,20,20,0,0,0,0,0,1000.000
32240,0.6610,3.8259,139.05,0.6610,3.8259,0,1,0,0,0,20,20,0,0,0,0,0,1000.000
32250,0.6610,3.8259,139.11,0.6610,3.8259,0,1,0,0,0,20,20,0,0,0,0,0,1000.000
32260,0.6610,3.8259,139.17,0.6610,3.8259,0,1,0,0,0,20,20,0,0,0,0,0,1000.000
32270,0.6610,3.8259,139.24,0.6610,3.8259,0,1,0,0,0,20,20,0,0,0,0,0,1000.000
32280,0.6610,3.8259,139.30,0.6610,3.8259,0,1,0,0,0,20,20,0,0,0,0,0,1000.000
32290,0.6610,3.8259,139.36,0.6610,3.8259,0,1,0,0,0,20,20,0,0,0,0,0,1000.000
32300,0.6610,3.8259,139.42,0.6610,3.8259,0,1,0,0,0,20,20,0,0,0,0,0,1000.000
32310,0.6610,3.8259,139.48,0.6610,3.8259,0,1,0,0,0,20,20,0,0,0,0,0,1000.000
32320,0.6610,3.8259,139.54,0.6610,3.8259,0,1,0,0,0,20,20,0,0,0,0,0,1000.000
32330,0.6610,3.8259,139.60,0.6610,3.8259,0,1,0,0,0,20,20,0,0,0,0,0,1000.000
32340,0.6610,3.8259,139.66,0.6610,3.8259,0,1,0,0,0,20,20,0,0,0,0,0,1000.000
32350,0.6610,3.8259,139.72,0.6610,3.8259,0,1,0,0,0,20,20,0,0,0,0,0,1000.000
32360,0.6610,3.8259,139.79,0.6610,3.8259,0,1,0,0,0,20,20,0,0,0,0,0,1000.000
32370,0.6610,3.8259,139.85,0.6610,3.8259,0,1,0,0,0,20,20,0,0,0,0,0,1000.000
32380,0.6610,3.8259,139.91,0.6610,3.8259,0,1,0,0,0,20,20,0,0,0,0,0,1000.000
32390,0.6610,3.8259,139.97,0.6610,3.8259,0,1,0,0,0,20,20,0,0,0,0,0,1000.000
32400,0.6610,3.8259,140.03,0.6610,3.8259,0,1,0,0,0,20,20,0,0,0,0,0,1000.000
32410,0.6610,3.8259,140.09,0.6610,3.8259,0,1,0,0,0,20,20,0,0,0,0,0,1000.000
32420,0.6610,3.8259,140.15,0.6610,3.8259,0,1,0,0,0,20,20,0,0,0,0,0,1000.000
32430,0.6610,3.8259,140.21,0.6610,3.8259,0,1,0,0,0,20,20,0,0,0,0,0,1000.000
32440,0.6610,3.8259,140.27,0.6610,3.8259,0,1,0,0,0,20,20,0,0,0,0,0,1000.000
32450,0.6610,3.8259,140.33,0.6610,3.8259,0,1,0,0,0,20,20,0,0,0,0,0,1000.000
32460,0.6610,3.8259,140.39,0.6610,3.8259,0,1,0,0,0,20,20,0,0,0,0,0,1000.000
32470,0.6610,3.8259,140.45,0.6610,3.8259,0,1,0,0,0,20,20,0,0,0,0,0,1000.000
32480,0.6610,3.8259,140.51,0.6610,3.8259,0,1,0,0,0,20,20,0,0,0,0,0,1000.000
32490,0.6610,3.8259,140.57,0.6610,3.8259,0,1,0,0,0,20,20,0,0,0,0,0,1000.000
32500,0.6610,3.8259,140.63,0.6610,3.8259,0,1,0,0,0,20,20,0,0,0,0,0,1000.000
32510,0.6610,3.8259,140.69,0.6610,3.8259,0,1,0,0,0,20,20,0,0,0,0,0,1000.000
32520,0.6610,3.8259,140.75,0.6610,3.8259,0,1,0,0,0,20,20,0,0,0,0,0,1000.000
32530,0.6610,3.8259,140.81,0.6610,3.8259,0,1,0,0,0,20,20,0,0,0,0,0,1000.000
32540,0.6610,3.8259,140.86,0.6610,3.8259,0,1,0,0,0,20,20,0,0,0,0,0,1000.000
32550,0.6610,3.8259,140.92,0.6610,3.8259,0,1,0,0,0,20,20,0,0,0,0,0,1000.000
32560,0.6610,3.8259,140.98,0.6610,3.8259,0,1,0,0,0,20,20,0,0,0,0,0,1000.000
32570,0.6610,3.8259,141.04,0.6610,3.8259,0,1,0,0,0,20,20,0,0,0,0,0,1000.000
32580,0.6610,3.8259,141.10,0.6610,3.8259,0,1,0,0,0,20,20,0,0,0,0,0,1000.000
32590,0.6610,3.8259,141.16,0.6610,3.8259,0,1,0,0,0,20,20,0,0,0,0,0,1000.000
32600,0.6610,3.8259,141.22,0.6610,3.8259,0,1,0,0,0,20,20,0,0,0,0,0,1000.000
32610,0.6610,3.8259,141.28,0.6610,3.8259,0,1,0,0,0,20,20,0,0,0,0,0,1000.000
32620,0.6610,3.8259,141.33,0.6610,3.8259,0,1,0,0,0,20,20,0,0,0,0,0,1000.000
32630,0.6610,3.8259,141.39,0.6610,3.8259,0,1,0,0,0,20,20,0,0,0,0,0,1000.000
32640,0.6610,3.8259,141.45,0.6610,3.8259,0,1,0,0,0,20,20,0,0,0,0,0,1000.000
32650,0.6610,3.8259,141.51,0.6610,3.8259,0,1,0,0,0,20,20,0,0,0,0,0,1000.000
32660,0.6610,3.8259,141.57,0.6610,3.8259,0,1,0,0,0,20,20,0,0,0,0,0,1000.000
32670,0.6610,3.8259,141.63,0.6610,3.8259,0,1,0,0,0,20,20,0,0,0,0,0,1000.000
32680,0.6610,3.8259,141.69,0.6610,3.8259,0,1,0,0,0,20,20,0,0,0,0,0,1000.000
32690,0.6610,3.8259,141.75,0.6610,3.8259,0,1,0,0,0,20,20,0,0,0,0,0,1000.000
32700,0.6610,3.8259,141.80,0.6610,3.8259,0,1,0,0,0,20,20,0,0,0,0,0,1000.000
32710,0.6610,3.8259,141.86,0.6610,3.8259,0,1,0,0,0,20,20,0,0,0,0,0,1000.000
32720,0.6610,3.8259,141.92,0.6610,3.8259,0,1,0,0,0,20,20,0,0,0,0,0,1000.000
32730,0.6610,3.8259,141.97,0.6610,3.8259,0,1,0,0,0,20,20,0,0,0,0,0,1000.000
32740,0.6610,3.8259,142.03,0.6610,3.8259,0,1,0,0,0,20,20,0,0,0,0,0,1000.000
32750,0.6610,3.8259,142.09,0.6610,3.8259,0,1,0,0,0,20,20,0,0,0,0,0,1000.000
32760,0.6610,3.8259,142.15,0.6610,3.8259,0,1,0,0,0,20,20,0,0,0,0,0,1000.000
32770,0.6610,3.8259,142.21,0.6610,3.8259,0,1,0,0,0,20,20,0,0,0,0,0,1000.000
32780,0.6610,3.8259,142.27,0.6610,3.8259,0,1,0,0,0,20,20,0,0,0,0,0,1000.000
32790,0.6610,3.8259,142.32,0.6610,3.8259,0,1,0,0,0,20,20,0,0,0,0,0,1000.000
32800,0.6610,3.8259,142.38,0.6610,3.8259,0,1,0,0,0,20,20,0,0,0,0,0,1000.000
32810,0.6610,3.8259,142.44,0.6610,3.8259,0,1,0,0,0,20,20,0,0,0,0,0,1000.000
32820,0.6610,3.8259,142.50,0.6610,3.8259,0,1,0,0,0,20,20,0,0,0,0,0,1000.000
32830,0.6610,3.8259,142.55,0.6610,3.8259,0,1,0,0,0,20,20,0,0,0,0,0,1000.000
32840,0.6610,3.8259,142.61,0.6610,3.8259,0,1,0,0,0,20,20,0,0,0,0,0,1000.000
32850,0.6610,3.8259,142.67,0.6610,3.8259,0,1,0,0,0,20,20,0,0,0,0,0,1000.000
32860,0.6610,3.8259,142.72,0.6610,3.8259,0,1,0,0,0,20,20,0,0,0,0,0,1000.000
32870,0.6610,3.8259,142.78,0.6610,3.8259,0,1,0,0,0,20,20,0,0,0,0,0,1000.000
32880,0.6610,3.8259,142.84,0.6610,3.8259,0,1,0,0,0,20,20,0,0,0,0,0,1000.000
32890,0.6610,3.8259,142.89,0.6610,3.8259,0,1,0,0,0,20,20,0,0,0,0,0,1000.000
32900,0.6610,3.8259,142.95,0.6610,3.8259,0,1,0,0,0,20,20,0,0,0,0,0,1000.000
32910,0.6610,3.8259,143.01,0.6610,3.8259,0,1,0,0,0,20,20,0,0,0,0,0,1000.000
32920,0.6610,3.8259,143.06,0.6610,3.8259,0,1,0,0,0,20,20,0,0,0,0,0,1000.000
32930,0.6610,3.8259,143.12,0.6610,3.8259,0,1,0,0,0,20,20,0,0,0,0,0,1000.000
32940,0.6610,3.8259,143.17,0.6610,3.8259,0,1,0,0,0,20,20,0,0,0,0,0,1000.000
32950,0.6610,3.8259,143.23,0.6610,3.8259,0,1,0,0,0,20,20,0,0,0,0,0,1000.000
32960,0.6610,3.8259,143.29,0.6610,3.8259,0,1,0,0,0,20,20,0,0,0,0,0,1000.000
32970,0.6610,3.8259,143.34,0.6610,3.8259,0,1,0,0,0,20,20,0,0,0,0,0,1000.000
32980,0.6610,3.8259,143.40,0.6610,3.8259,0,1,0,0,0,20,20,0,0,0,0,0,1000.000
32990,0.6610,3.8259,143.46,0.6610,3.8259,0,1,0,0,0,20,20,0,0,0,0,0,1000.000
33000,0.6610,3.8259,143.51,0.6610,3.8259,0,1,0,0,0,20,20,0,0,0,0,0,1000.000
33010,0.6610,3.8259,143.57,0.6610,3.8259,0,1,0,0,0,20,20,0,0,0,0,0,1000.000
33020,0.6610,3.8259,143.62,0.6610,3.8259,0,1,0,0,0,20,20,0,0,0,0,0,1000.000
33030,0.6610,3.8259,143.68,0.6610,3.8259,0,1,0,0,0,20,20,0,0,0,0,0,1000.000
33040,0.6610,3.8259,143.73,0.6610,3.8259,0,1,0,0,0,20,20,0,0,0,0,0,1000.000
33050,0.6610,3.8259,143.79,0.6610,3.8259,0,1,0,0,0,20,20,0,0,0,0,0,1000.000
33060,0.6610,3.8259,143.84,0.6610,3.8259,0,1,0,0,0,20,20,0,0,0,0,0,1000.000
33070,0.6610,3.8259,143.90,0.6610,3.8259,0,1,0,0,0,20,20,0,0,0,0,0,1000.000
33080,0.6610,3.8259,143.95,0.6610,3.8259,0,1,0,0,0,20,20,0,0,0,0,0,1000.000
33090,0.6610,3.8259,144.01,0.6610,3.8259,0,1,0,0,0,20,20,0,0,0,0,0,1000.000
33100,0.6610,3.8259,144.06,0.6610,3.8259,0,1,0,0,0,20,20,0,0,0,0,0,1000.000
33110,0.6610,3.8259,144.12,0.6610,3.8259,0,1,0,0,0,20,20,0,0,0,0,0,1000.000
33120,0.6610,3.8259,144.17,0.6610,3.8259,0,1,0,0,0,20,20,0,0,0,0,0,1000.000
33130,0.6610,3.8259,144.23,0.6610,3.8259,0,1,0,0,0,20,20,0,0,0,0,0,1000.000
33140,0.6610,3.8259,144.28,0.6610,3.8259,0,1,0,0,0,20,20,0,0,0,0,0,1000.000
33150,0.6610,3.8259,144.34,0.6610,3.8259,0,1,0,0,0,20,20,0,0,0,0,0,1000.000
33160,0.6610,3.8259,144.39,0.6610,3.8259,0,1,0,0,0,20,20,0,0,0,0,0,1000.000
33170,0.6610,3.8259,144.45,0.6610,3.8259,0,1,0,0,0,20,20,0,0,0,0,0,1000.000
33180,0.6610,3.8259,144.50,0.6610,3.8259,0,1,0,0,0,20,20,0,0,0,0,0,1000.000
33190,0.6610,3.8259,144.55,0.6610,3.8259,0,1,0,0,0,20,20,0,0,0,0,0,1000.000
33200,0.6610,3.8259,144.61,0.6610,3.8259,0,1,0,0,0,20,20,0,0,0,0,0,1000.000
33210,0.6610,3.8259,144.66,0.6610,3.8259,0,1,0,0,0,20,20,0,0,0,0,0,1000.000
33220,0.6610,3.8259,144.72,0.6610,3.8259,0,1,0,0,0,20,20,0,0,0,0,0,1000.000
33230,0.6610,3.8259,144.77,0.6610,3.8259,0,1,0,0,0,20,20,0,0,0,0,0,1000.000
33240,0.6610,3.8259,144.83,0.6610,3.8259,0,1,0,0,0,20,20,0,0,0,0,0,1000.000
33250,0.6610,3.8259,144.88,0.6610,3.8259,0,1,0,0,0,20,20,0,0,0,0,0,1000.000
33260,0.6610,3.8259,144.94,0.6610,3.8259,0,1,0,0,0,20,20,0,0,0,0,0,1000.000
33270,0.6610,3.8259,144.99,0.6610,3.8259,0,1,0,0,0,20,20,0,0,0,0,0,1000.000
33280,0.6610,3.8259,145.04,0.6610,3.8259,0,1,0,0,0,20,20,0,0,0,0,0,1000.000
33290,0.6610,3.8259,145.10,0.6610,3.8259,0,1,0,0,0,20,20,0,0,0,0,0,1000.000
33300,0.6610,3.8259,145.15,0.6610,3.8259,0,1,0,0,0,20,20,0,0,0,0,0,1000.000
33310,0.6610,3.8259,145.20,0.6610,3.8259,0,1,0,0,0,20,20,0,0,0,0,0,1000.000
33320,0.6610,3.8259,145.26,0.6610,3.8259,0,1,0,0,0,20,20,0,0,0,0,0,1000.000
33330,0.6610,3.8259,145.31,0.6610,3.8259,0,1,0,0,0,20,20,0,0,0,0,0,1000.000
33340,0.6610,3.8259,145.36,0.6610,3.8259,0,1,0,0,0,20,20,0,0,0,0,0,1000.000
33350,0.6610,3.8259,145.42,0.6610,3.8259,0,1,0,0,0,20,20,0,0,0,0,0,1000.000
33360,0.6610,3.8259,145.47,0.6610,3.8259,0,1,0,0,0,20,20,0,0,0,0,0,1000.000
33370,0.6610,3.8259,145.52,0.6610,3.8259,0,1,0,0,0,20,20,0,0,0,0,0,1000.000
33380,0.6610,3.8259,145.58,0.6610,3.8259,0,1,0,0,0,20,20,0,0,0,0,0,1000.000
33390,0.6610,3.8259,145.63,0.6610,3.8259,0,1,0,0,0,20,20,0,0,0,0,0,1000.000
33400,0.6610,3.8259,145.67,0.6610,3.8259,0,1,0,0,0,20,20,0,0,0,0,0,1000.000
33410,0.6610,3.8259,145.73,0.6610,3.8259,0,1,0,0,0,20,20,0,0,0,0,0,1000.000
33420,0.6610,3.8259,145.78,0.6610,3.8259,0,1,0,0,0,20,20,0,0,0,0,0,1000.000
33430,0.6610,3.8259,145.83,0.6610,3.8259,0,1,0,0,0,20,20,0,0,0,0,0,1000.000
33440,0.6610,3.8259,145.89,0.6610,3.8259,0,1,0,0,0,20,20,0,0,0,0,0,1000.000
33450,0.6610,3.8259,145.94,0.6610,3.8259,0,1,0,0,0,20,20,0,0,0,0,0,1000.000
33460,0.6610,3.8259,145.99,0.6610,3.8259,0,1,0,0,0,20,20,0,0,0,0,0,1000.000
33470,0.6610,3.8259,146.04,0.6610,3.8259,0,1,0,0,0,20,20,0,0,0,0,0,1000.000
33480,0.6610,3.8259,146.09,0.6610,3.8259,0,1,0,0,0,20,20,0,0,0,0,0,1000.000
33490,0.6610,3.8259,146.14,0.6610,3.8259,0,1,0,0,0,20,20,0,0,0,0,0,1000.000
33500,0.6610,3.8259,146.20,0.6610,3.8259,0,1,0,0,0,20,20,0,0,0,0,0,1000.000
33510,0.6610,3.8259,146.25,0.6610,3.8259,0,1,0,0,0,20,20,0,0,0,0,0,1000.000
33520,0.6610,3.8259,146.29,0.6610,3.8259,0,1,0,0,0,20,20,0,0,0,0,0,1000.000
33530,0.6610,3.8259,146.35,0.6610,3.8259,0,1,0,0,0,20,20,0,0,0,0,0,1000.000
33540,0.6610,3.8259,146.40,0.6610,3.8259,0,1,0,0,0,20,20,0,0,0,0,0,1000.000
33550,0.6610,3.8259,146.44,0.6610,3.8259,0,1,0,0,0,20,20,0,0,0,0,0,1000.000
33560,0.6610,3.8259,146.50,0.6610,3.8259,0,1,0,0,0,20,20,0,0,0,0,0,1000.000
33570,0.6610,3.8259,146.55,0.6610,3.8259,0,1,0,0,0,20,20,0,0,0,0,0,1000.000
33580,0.6610,3.8259,146.60,0.6610,3.8259,0,1,0,0,0,20,20,0,0,0,0,0,1000.000
33590,0.6610,3.8259,146.65,0.6610,3.8259,0,1,0,0,0,20,20,0,0,0,0,0,1000.000
33600,0.6610,3.8259,146.70,0.6610,3.8259,0,1,0,0,0,20,20,0,0,0,0,0,1000.000
33610,0.6610,3.8259,146.76,0.6610,3.8259,0,1,0,0,0,20,20,0,0,0,0,0,1000.000
33620,0.6610,3.8259,146.80,0.6610,3.8259,0,1,0,0,0,20,20,0,0,0,0,0,1000.000
33630,0.6610,3.8259,146.86,0.6610,3.8259,0,1,0,0,0,20,20,0,0,0,0,0,1000.000
33640,0.6610,3.8259,146.91,0.6610,3.8259,0,1,0,0,0,20,20,0,0,0,0,0,1000.000
33650,0.6610,3.8259,146.95,0.6610,3.8259,0,1,0,0,0,20,20,0,0,0,0,0,1000.000
33660,0.6610,3.8259,147.01,0.6610,3.8259,0,1,0,0,0,20,20,0,0,0,0,0,1000.000
33670,0.6610,3.8259,147.06,0.6610,3.8259,0,1,0,0,0,20,20,0,0,0,0,0,1000.000
33680,0.6610,3.8259,147.10,0.6610,3.8259,0,1,0,0,0,20,20,0,0,0,0,0,1000.000
33690,0.6610,3.8259,147.16,0.6610,3.8259,0,1,0,0,0,20,20,0,0,0,0,0,1000.000
33700,0.6610,3.8259,147.21,0.6610,3.8259,0,1,0,0,0,20,20,0,0,0,0,0,1000.000
33710,0.6610,3.8259,147.25,0.6610,3.8259,0,1,0,0,0,20,20,0,0,0,0,0,1000.000
33720,0.6610,3.8259,147.31,0.6610,3.8259,0,1,0,0,0,20,20,0,0,0,0,0,1000.000
33730,0.6610,3.8259,147.35,0.6610,3.8259,0,1,0,0,0,20,20,0,0,0,0,0,1000.000
33740,0.6610,3.8259,147.41,0.6610,3.8259,0,1,0,0,0,20,20,0,0,0,0,0,1000.000
33750,0.6610,3.8259,147.46,0.6610,3.8259,0,1,0,0,0,20,20,0,0,0,0,0,1000.000
33760,0.6610,3.8259,147.50,0.6610,3.8259,0,1,0,0,0,20,20,0,0,0,0,0,1000.000
33770,0.6610,3.8259,147.55,0.6610,3.8259,0,1,0,0,0,20,20,0,0,0,0,0,1000.000
33780,0.6610,3.8259,147.60,0.6610,3.8259,0,1,0,0,0,20,20,0,0,0,0,0,1000.000
33790,0.6610,3.8259,147.65,0.6610,3.8259,0,1,0,0,0,20,20,0,0,0,0,0,1000.000
33800,0.6610,3.8259,147.70,0.6610,3.8259,0,1,0,0,0,20,20,0,0,0,0,0,1000.000
33810,0.6610,3.8259,147.75,0.6610,3.8259,0,1,0,0,0,20,20,0,0,0,0,0,1000.000
33820,0.6610,3.8259,147.80,0.6610,3.8259,0,1,0,0,0,20,20,0,0,0,0,0,1000.000
33830,0.6610,3.8259,147.84,0.6610,3.8259,0,1,0,0,0,20,20,0,0,0,0,0,1000.000
33840,0.6610,3.8259,147.90,0.6610,3.8259,0,1,0,0,0,20,20,0,0,0,0,0,1000.000
33850,0.6610,3.8259,147.94,0.6610,3.8259,0,1,0,0,0,20,20,0,0,0,0,0,1000.000
33860,0.6610,3.8259,148.00,0.6610,3.8259,0,1,0,0,0,20,20,0,0,0,0,0,1000.000
33870,0.6610,3.8259,148.04,0.6610,3.8259,0,1,0,0,0,20,20,0,0,0,0,0,1000.000
33880,0.6610,3.8259,148.09,0.6610,3.8259,0,1,0,0,0,20,20,0,0,0,0,0,1000.000
33890,0.6610,3.8259,148.14,0.6610,3.8259,0,1,0,0,0,20,20,0,0,0,0,0,1000.000
33900,0.6610,3.8259,148.19,0.6610,3.8259,0,1,0,0,0,20,20,0,0,0,0,0,1000.000
33910,0.6610,3.8259,148.24,0.6610,3.8259,0,1,0,0,0,20,20,0,0,0,0,0,1000.000
33920,0.6610,3.8259,148.28,0.6610,3.8259,0,1,0,0,0,20,20,0,0,0,0,0,1000.000
33930,0.6610,3.8259,148.34,0.6610,3.8259,0,1,0,0,0,20,20,0,0,0,0,0,1000.000
33940,0.6610,3.8259,148.38,0.6610,3.8259,0,1,0,0,0,20,20,0,0,0,0,0,1000.000
33950,0.6610,3.8259,148.43,0.6610,3.8259,0,1,0,0,0,20,20,0,0,0,0,0,1000.000
33960,0.6610,3.8259,148.47,0.6610,3.8259,0,1,0,0,0,20,20,0,0,0,0,0,1000.000
33970,0.6610,3.8259,148.53,0.6610,3.8259,0,1,0,0,0,20,20,0,0,0,0,0,1000.000
33980,0.6610,3.8259,148.57,0.6610,3.8259,0,1,0,0,0,20,20,0,0,0,0,0,1000.000
33990,0.6610,3.8259,148.62,0.6610,3.8259,0,1,0,0,0,20,20,0,0,0,0,0,1000.000
34000,0.6610,3.8259,148.67,0.6610,3.8259,0,1,0,0,0,20,20,0,0,0,0,0,1000.000
34010,0.6610,3.8259,148.72,0.6610,3.8259,0,1,0,0,0,20,20,0,0,0,0,0,1000.000
34020,0.6610,3.8259,148.76,0.6610,3.8259,0,1,0,0,0,20,20,0,0,0,0,0,1000.000
34030,0.6610,3.8259,148.81,0.6610,3.8259,0,1,0,0,0,20,20,0,0,0,0,0,1000.000
34040,0.6610,3.8259,148.86,0.6610,3.8259,0,1,0,0,0,20,20,0,0,0,0,0,1000.000
34050,0.6610,3.8259,148.91,0.6610,3.8259,0,1,0,0,0,20,20,0,0,0,0,0,1000.000
34060,0.6610,3.8259,148.95,0.6610,3.8259,0,1,0,0,0,20,20,0,0,0,0,0,1000.000
34070,0.6610,3.8259,149.01,0.6610,3.8259,0,1,0,0,0,20,20,0,0,0,0,0,1000.000
34080,0.6610,3.8259,149.05,0.6610,3.8259,0,1,0,0,0,20,20,0,0,0,0,0,1000.000
34090,0.6610,3.8259,149.10,0.6610,3.8259,0,1,0,0,0,20,20,0,0,0,0,0,1000.000
34100,0.6610,3.8259,149.14,0.6610,3.8259,0,1,0,0,0,20,20,0,0,0,0,0,1000.000
34110,0.6610,3.8259,149.20,0.6610,3.8259,0,1,0,0,0,20,20,0,0,0,0,0,1000.000
34120,0.6610,3.8259,149.24,0.6610,3.8259,0,1,0,0,0,20,20,0,0,0,0,0,1000.000
34130,0.6610,3.8259,149.29,0.6610,3.8259,0,1,0,0,0,20,20,0,0,0,0,0,1000.000
34140,0.6610,3.8259,149.34,0.6610,3.8259,0,1,0,0,0,20,20,0,0,0,0,0,1000.000
34150,0.6610,3.8259,149.39,0.6610,3.8259,0,1,0,0,0,20,20,0,0,0,0,0,1000.000
34160,0.6610,3.8259,149.43,0.6610,3.8259,0,1,0,0,0,20,20,0,0,0,0,0,1000.000
34170,0.6610,3.8259,149.46,0.6610,3.8259,0,1,0,0,0,20,20,0,0,0,0,0,1000.000
34180,0.6610,3.8259,149.52,0.6610,3.8259,0,1,0,0,0,20,20,0,0,0,0,0,1000.000
34190,0.6610,3.8259,149.57,0.6610,3.8259,0,1,0,0,0,20,20,0,0,0,0,0,1000.000
34200,0.6610,3.8259,149.61,0.6610,3.8259,0,1,0,0,0,20,20,0,0,0,0,0,1000.000
34210,0.6610,3.8259,149.66,0.6610,3.8259,0,1,0,0,0,20,20,0,0,0,0,0,1000.000
34220,0.6610,3.8259,149.71,0.6610,3.8259,0,1,0,0,0,20,20,0,0,0,0,0,1000.000
34230,0.6610,3.8259,149.75,0.6610,3.8259,0,1,0,0,0,20,20,0,0,0,0,0,1000.000
34240,0.6610,3.8259,149.80,0.6610,3.8259,0,1,0,0,0,20,20,0,0,0,0,0,1000.000
34250,0.6610,3.8259,149.85,0.6610,3.8259,0,1,0,0,0,20,20,0,0,0,0,0,1000.000
34260,0.6610,3.8259,149.90,0.6610,3.8259,0,1,0,0,0,20,20,0,0,0,0,0,1000.000
34270,0.6610,3.8259,149.94,0.6610,3.8259,0,1,0,0,0,20,20,0,0,0,0,0,1000.000
34280,0.6610,3.8259,149.98,0.6610,3.8259,0,1,0,0,0,20,20,0,0,0,0,0,1000.000
34290,0.6610,3.8259,150.04,0.6610,3.8259,0,1,0,0,0,20,20,0,0,0,0,0,1000.000
34300,0.6610,3.8259,150.07,0.6610,3.8259,0,1,0,0,0,20,20,0,0,0,0,0,1000.000
34310,0.6610,3.8259,150.11,0.6610,3.8259,0,1,0,0,0,20,20,0,0,0,0,0,1000.000
34320,0.6610,3.8259,150.16,0.6610,3.8259,0,1,0,0,0,20,20,0,0,0,0,0,1000.000
34330,0.6610,3.8259,150.21,0.6610,3.8259,0,1,0,0,0,20,20,0,0,0,0,0,1000.000
34340,0.6610,3.8259,150.26,0.6610,3.8259,0,1,0,0,0,20,20,0,0,0,0,0,1000.000
34350,0.6610,3.8259,150.29,0.6610,3.8259,0,1,0,0,0,20,20,0,0,0,0,0,1000.000
34360,0.6610,3.8259,150.33,0.6610,3.8259,0,1,0,0,0,20,20,0,0,0,0,0,1000.000
34370,0.6610,3.8259,150.39,0.6610,3.8259,0,1,0,0,0,20,20,0,0,0,0,0,1000.000
34380,0.6610,3.8259,150.43,0.6610,3.8259,0,1,0,0,0,20,20,0,0,0,0,0,1000.000
34390,0.6610,3.8259,150.47,0.6610,3.8259,0,1,0,0,0,20,20,0,0,0,0,0,1000.000
34400,0.6610,3.8259,150.52,0.6610,3.8259,0,1,0,0,0,20,20,0,0,0,0,0,1000.000
34410,0.6610,3.8259,150.56,0.6610,3.8259,0,1,0,0,0,20,20,0,0,0,0,0,1000.000
34420,0.6610,3.8259,150.61,0.6610,3.8259,0,1,0,0,0,20,20,0,0,0,0,0,1000.000
34430,0.6610,3.8259,150.65,0.6610,3.8259,0,1,0,0,0,20,20,0,0,0,0,0,1000.000
34440,0.6610,3.8259,150.69,0.6610,3.8259,0,1,0,0,0,20,20,0,0,0,0,0,1000.000
34450,0.6610,3.8259,150.74,0.6610,3.8259,0,1,0,0,0,20,20,0,0,0,0,0,1000.000
34460,0.6610,3.8259,150.78,0.6610,3.8259,0,1,0,0,0,20,20,0,0,0,0,0,1000.000
34470,0.6610,3.8259,150.83,0.6610,3.8259,0,1,0,0,0,20,20,0,0,0,0,0,1000.000
34480,0.6610,3.8259,150.88,0.6610,3.8259,0,1,0,0,0,20,20,0,0,0,0,0,1000.000
34490,0.6610,3.8259,150.92,0.6610,3.8259,0,1,0,0,0,20,20,0,0,0,0,0,1000.000
34500,0.6610,3.8259,150.95,0.6610,3.8259,0,1,0,0,0,20,20,0,0,0,0,0,1000.000
34510,0.6610,3.8259,151.01,0.6610,3.8259,0,1,0,0,0,20,20,0,0,0,0,0,1000.000
34520,0.6610,3.8259,151.05,0.6610,3.8259,0,1,0,0,0,20,20,0,0,0,0,0,1000.000
34530,0.6610,3.8259,151.09,0.6610,3.8259,0,1,0,0,0,20,20,0,0,0,0,0,1000.000
34540,0.6610,3.8259,151.15,0.6610,3.8259,0,1,0,0,0,20,20,0,0,0,0,0,1000.000
34550,0.6610,3.8259,151.19,0.6610,3.8259,0,1,0,0,0,20,20,0,0,0,0,0,1000.000
34560,0.6610,3.8259,151.22,0.6610,3.8259,0,1,0,0,0,20,20,0,0,0,0,0,1000.000
34570,0.6610,3.8259,151.27,0.6610,3.8259,0,1,0,0,0,20,20,0,0,0,0,0,1000.000
34580,0.6610,3.8259,151.31,0.6610,3.8259,0,1,0,0,0,20,20,0,0,0,0,0,1000.000
34590,0.6610,3.8259,151.35,0.6610,3.8259,0,1,0,0,0,20,20,0,0,0,0,0,1000.000
34600,0.6610,3.8259,151.40,0.6610,3.8259,0,1,0,0,0,20,20,0,0,0,0,0,1000.000
34610,0.6610,3.8259,151.44,0.6610,3.8259,0,1,0,0,0,20,20,0,0,0,0,0,1000.000
34620,0.6610,3.8259,151.47,0.6610,3.8259,0,1,0,0,0,20,20,0,0,0,0,0,1000.000
34630,0.6610,3.8259,151.53,0.6610,3.8259,0,1,0,0,0,20,20,0,0,0,0,0,1000.000
34640,0.6610,3.8259,151.57,0.6610,3.8259,0,1,0,0,0,20,20,0,0,0,0,0,1000.000
34650,0.6610,3.8259,151.60,0.6610,3.8259,0,1,0,0,0,20,20,0,0,0,0,0,1000.000
34660,0.6610,3.8259,151.65,0.6610,3.8259,0,1,0,0,0,20,20,0,0,0,0,0,1000.000
34670,0.6610,3.8259,151.69,0.6610,3.8259,0,1,0,0,0,20,20,0,0,0,0,0,1000.000
34680,0.6610,3.8259,151.73,0.6610,3.8259,0,1,0,0,0,20,20,0,0,0,0,0,1000.000
34690,0.6610,3.8259,151.78,0.6610,3.8259,0,1,0,0,0,20,20,0,0,0,0,0,1000.000
34700,0.6610,3.8259,151.82,0.6610,3.8259,0,1,0,0,0,20,20,0,0,0,0,0,1000.000
34710,0.6610,3.8259,151.86,0.6610,3.8259,0,1,0,0,0,20,20,0,0,0,0,0,1000.000
34720,0.6610,3.8259,151.91,0.6610,3.8259,0,1,0,0,0,20,20,0,0,0,0,0,1000.000
34730,0.6610,3.8259,151.95,0.6610,3.8259,0,1,0,0,0,20,20,0,0,0,0,0,1000.000
34740,0.6610,3.8259,151.98,0.6610,3.8259,0,1,0,0,0,20,20,0,0,0,0,0,1000.000
34750,0.6610,3.8259,152.04,0.6610,3.8259,0,1,0,0,0,20,20,0,0,0,0,0,1000.000
34760,0.6610,3.8259,152.08,0.6610,3.8259,0,1,0,0,0,20,20,0,0,0,0,0,1000.000
34770,0.6610,3.8259,152.11,0.6610,3.8259,0,1,0,0,0,20,20,0,0,0,0,0,1000.000
34780,0.6610,3.8259,152.16,0.6610,3.8259,0,1,0,0,0,20,20,0,0,0,0,0,1000.000
34790,0.6610,3.8259,152.20,0.6610,3.8259,0,1,0,0,0,20,20,0,0,0,0,0,1000.000
34800,0.6610,3.8259,152.24,0.6610,3.8259,0,1,0,0,0,20,20,0,0,0,0,0,1000.000
34810,0.6610,3.8259,152.29,0.6610,3.8259,0,1,0,0,0,20,20,0,0,0,0,0,1000.000
34820,0.6610,3.8259,152.33,0.6610,3.8259,0,1,0,0,0,20,20,0,0,0,0,0,1000.000
34830,0.6610,3.8259,152.36,0.6610,3.8259,0,1,0,0,0,20,20,0,0,0,0,0,1000.000
34840,0.6610,3.8259,152.42,0.6610,3.8259,0,1,0,0,0,20,20,0,0,0,0,0,1000.000
34850,0.6610,3.8259,152.46,0.6610,3.8259,0,1,0,0,0,20,20,0,0,0,0,0,1000.000
34860,0.6610,3.8259,152.49,0.6610,3.8259,0,1,0,0,0,20,20,0,0,0,0,0,1000.000
34870,0.6610,3.8259,152.54,0.6610,3.8259,0,1,0,0,0,20,20,0,0,0,0,0,1000.000
34880,0.6610,3.8259,152.59,0.6610,3.8259,0,1,0,0,0,20,20,0,0,0,0,0,1000.000
34890,0.6610,3.8259,152.62,0.6610,3.8259,0,1,0,0,0,20,20,0,0,0,0,0,1000.000
34900,0.6610,3.8259,152.67,0.6610,3.8259,0,1,0,0,0,20,20,0,0,0,0,0,1000.000
34910,0.6610,3.8259,152.71,0.6610,3.8259,0,1,0,0,0,20,20,0,0,0,0,0,1000.000
34920,0.6610,3.8259,152.75,0.6610,3.8259,0,1,0,0,0,20,20,0,0,0,0,0,1000.000
34930,0.6610,3.8259,152.80,0.6610,3.8259,0,1,0,0,0,20,20,0,0,0,0,0,1000.000
34940,0.6610,3.8259,152.84,0.6610,3.8259,0,1,0,0,0,20,20,0,0,0,0,0,1000.000
34950,0.6610,3.8259,152.87,0.6610,3.8259,0,1,0,0,0,20,20,0,0,0,0,0,1000.000
34960,0.6610,3.8259,152.93,0.6610,3.8259,0,1,0,0,0,20,20,0,0,0,0,0,1000.000
34970,0.6610,3.8259,152.97,0.6610,3.8259,0,1,0,0,0,20,20,0,0,0,0,0,1000.000
34980,0.6610,3.8259,153.00,0.6610,3.8259,0,1,0,0,0,20,20,0,0,0,0,0,1000.000
34990,0.6610,3.8259,153.05,0.6610,3.8259,0,1,0,0,0,20,20,0,0,0,0,0,1000.000
35000,0.6610,3.8259,153.09,0.6610,3.8259,0,1,0,0,0,20,20,0,0,0,0,0,1000.000
35010,0.6610,3.8259,153.13,0.6610,3.8259,0,1,0,0,0,20,20,0,0,0,0,0,1000.000
35020,0.6610,3.8259,153.17,0.6610,3.8259,0,1,0,0,0,20,20,0,0,0,0,0,1000.000
35030,0.6610,3.8259,153.21,0.6610,3.8259,0,1,0,0,0,20,20,0,0,0,0,0,1000.000
35040,0.6610,3.8259,153.24,0.6610,3.8259,0,1,0,0,0,20,20,0,0,0,0,0,1000.000
35050,0.6610,3.8259,153.30,0.6610,3.8259,0,1,0,0,0,20,20,0,0,0,0,0,1000.000
35060,0.6610,3.8259,153.34,0.6610,3.8259,0,1,0,0,0,20,20,0,0,0,0,0,1000.000
35070,0.6610,3.8259,153.37,0.6610,3.8259,0,1,0,0,0,20,20,0,0,0,0,0,1000.000
35080,0.6610,3.8259,153.41,0.6610,3.8259,0,1,0,0,0,20,20,0,0,0,0,0,1000.000
35090,0.6610,3.8259,153.45,0.6610,3.8259,0,1,0,0,0,20,20,0,0,0,0,0,1000.000
35100,0.6610,3.8259,153.49,0.6610,3.8259,0,1,0,0,0,20,20,0,0,0,0,0,1000.000
35110,0.6610,3.8259,153.54,0.6610,3.8259,0,1,0,0,0,20,20,0,0,0,0,0,1000.000
35120,0.6610,3.8259,153.58,0.6610,3.8259,0,1,0,0,0,20,20,0,0,0,0,0,1000.000
35130,0.6610,3.8259,153.62,0.6610,3.8259,0,1,0,0,0,20,20,0,0,0,0,0,1000.000
35140,0.6610,3.8259,153.66,0.6610,3.8259,0,1,0,0,0,20,20,0,0,0,0,0,1000.000
35150,0.6610,3.8259,153.70,0.6610,3.8259,0,1,0,0,0,20,20,0,0,0,0,0,1000.000
35160,0.6610,3.8259,153.73,0.6610,3.8259,0,1,0,0,0,20,20,0,0,0,0,0,1000.000
35170,0.6610,3.8259,153.78,0.6610,3.8259,0,1,0,0,0,20,20,0,0,0,0,0,1000.000
35180,0.6610,3.8259,153.82,0.6610,3.8259,0,1,0,0,0,20,20,0,0,0,0,0,1000.000
35190,0.6610,3.8259,153.85,0.6610,3.8259,0,1,0,0,0,20,20,0,0,0,0,0,1000.000
35200,0.6610,3.8259,153.88,0.6610,3.8259,0,1,0,0,0,20,20,0,0,0,0,0,1000.000
35210,0.6610,3.8259,153.93,0.6610,3.8259,0,1,0,0,0,20,20,0,0,0,0,0,1000.000
35220,0.6610,3.8259,153.97,0.6610,3.8259,0,1,0,0,0,20,20,0,0,0,0,0,1000.000
35230,0.6610,3.8259,154.01,0.6610,3.8259,0,1,0,0,0,20,20,0,0,0,0,0,1000.000
35240,0.6610,3.8259,154.05,0.6610,3.8259,0,1,0,0,0,20,20,0,0,0,0,0,1000.000
35250,0.6610,3.8259,154.09,0.6610,3.8259,0,1,0,0,0,20,20,0,0,0,0,0,1000.000
35260,0.6610,3.8259,154.12,0.6610,3.8259,0,1,0,0,0,20,20,0,0,0,0,0,1000.000
35270,0.6610,3.8259,154.18,0.6610,3.8259,0,1,0,0,0,20,20,0,0,0,0,0,1000.000
35280,0.6610,3.8259,154.22,0.6610,3.8259,0,1,0,0,0,20,20,0,0,0,0,0,1000.000
35290,0.6610,3.8259,154.25,0.6610,3.8259,0,1,0,0,0,20,20,0,0,0,0,0,1000.000
35300,0.6610,3.8259,154.29,0.6610,3.8259,0,1,0,0,0,20,20,0,0,0,0,0,1000.000
35310,0.6610,3.8259,154.32,0.6610,3.8259,0,1,0,0,0,20,20,0,0,0,0,0,1000.000
35320,0.6610,3.8259,154.38,0.6610,3.8259,0,1,0,0,0,20,20,0,0,0,0,0,1000.000
35330,0.6610,3.8259,154.42,0.6610,3.8259,0,1,0,0,0,20,20,0,0,0,0,0,1000.000
35340,0.6610,3.8259,154.44,0.6610,3.8259,0,1,0,0,0,20,20,0,0,0,0,0,1000.000
35350,0.6610,3.8259,154.47,0.6610,3.8259,0,1,0,0,0,20,20,0,0,0,0,0,1000.000
35360,0.6610,3.8259,154.53,0.6610,3.8259,0,1,0,0,0,20,20,0,0,0,0,0,1000.000
35370,0.6610,3.8259,154.57,0.6610,3.8259,0,1,0,0,0,20,20,0,0,0,0,0,1000.000
35380,0.6610,3.8259,154.60,0.6610,3.8259,0,1,0,0,0,20,20,0,0,0,0,0,1000.000
35390,0.6610,3.8259,154.64,0.6610,3.8259,0,1,0,0,0,20,20,0,0,0,0,0,1000.000
35400,0.6610,3.8259,154.67,0.6610,3.8259,0,1,0,0,0,20,20,0,0,0,0,0,1000.000
35410,0.6610,3.8259,154.71,0.6610,3.8259,0,1,0,0,0,20,20,0,0,0,0,0,1000.000
35420,0.6610,3.8259,154.75,0.6610,3.8259,0,1,0,0,0,20,20,0,0,0,0,0,1000.000
35430,0.6610,3.8259,154.79,0.6610,3.8259,0,1,0,0,0,20,20,0,0,0,0,0,1000.000
35440,0.6610,3.8259,154.83,0.6610,3.8259,0,1,0,0,0,20,20,0,0,0,0,0,1000.000
35450,0.6610,3.8259,154.86,0.6610,3.8259,0,1,0,0,0,20,20,0,0,0,0,0,1000.000
35460,0.6610,3.8259,154.90,0.6610,3.8259,0,1,0,0,0,20,20,0,0,0,0,0,1000.000
35470,0.6610,3.8259,154.94,0.6610,3.8259,0,1,0,0,0,20,20,0,0,0,0,0,1000.000
35480,0.6610,3.8259,154.98,0.6610,3.8259,0,1,0,0,0,20,20,0,0,0,0,0,1000.000
35490,0.6610,3.8259,155.02,0.6610,3.8259,0,1,0,0,0,20,20,0,0,0,0,0,1000.000
35500,0.6610,3.8259,155.05,0.6610,3.8259,0,1,0,0,0,20,20,0,0,0,0,0,1000.000
35510,0.6610,3.8259,155.09,0.6610,3.8259,0,1,0,0,0,20,20,0,0,0,0,0,1000.000
35520,0.6610,3.8259,155.13,0.6610,3.8259,0,1,0,0,0,20,20,0,0,0,0,0,1000.000
35530,0.6610,3.8259,155.17,0.6610,3.8259,0,1,0,0,0,20,20,0,0,0,0,0,1000.000
35540,0.6610,3.8259,155.20,0.6610,3.8259,0,1,0,0,0,20,20,0,0,0,0,0,1000.000
35550,0.6610,3.8259,155.24,0.6610,3.8259,0,1,0,0,0,20,20,0,0,0,0,0,1000.000
35560,0.6610,3.8259,155.28,0.6610,3.8259,0,1,0,0,0,20,20,0,0,0,0,0,1000.000
35570,0.6610,3.8259,155.32,0.6610,3.8259,0,1,0,0,0,20,20,0,0,0,0,0,1000.000
35580,0.6610,3.8259,155.35,0.6610,3.8259,0,1,0,0,0,20,20,0,0,0,0,0,1000.000
35590,0.6610,3.8259,155.39,0.6610,3.8259,0,1,0,0,0,20,20,0,0,0,0,0,1000.000
35600,0.6610,3.8259,155.42,0.6610,3.8259,0,1,0,0,0,20,20,0,0,0,0,0,1000.000
35610,0.6610,3.8259,155.46,0.6610,3.8259,0,1,0,0,0,20,20,0,0,0,0,0,1000.000
35620,0.6610,3.8259,155.50,0.6610,3.8259,0,1,0,0,0,20,20,0,0,0,0,0,1000.000
35630,0.6610,3.8259,155.54,0.6610,3.8259,0,1,0,0,0,20,20,0,0,0,0,0,1000.000
35640,0.6610,3.8259,155.57,0.6610,3.8259,0,1,0,0,0,20,20,0,0,0,0,0,1000.000
35650,0.6610,3.8259,155.61,0.6610,3.8259,0,1,0,0,0,20,20,0,0,0,0,0,1000.000
35660,0.6610,3.8259,155.65,0.6610,3.8259,0,1,0,0,0,20,20,0,0,0,0,0,1000.000
35670,0.6610,3.8259,155.69,0.6610,3.8259,0,1,0,0,0,20,20,0,0,0,0,0,1000.000
35680,0.6610,3.8259,155.72,0.6610,3.8259,0,1,0,0,0,20,20,0,0,0,0,0,1000.000
35690,0.6610,3.8259,155.76,0.6610,3.8259,0,1,0,0,0,20,20,0,0,0,0,0,1000.000
35700,0.6610,3.8259,155.79,0.6610,3.8259,0,1,0,0,0,20,20,0,0,0,0,0,1000.000
35710,0.6610,3.8259,155.83,0.6610,3.8259,0,1,0,0,0,20,20,0,0,0,0,0,1000.000
35720,0.6610,3.8259,155.87,0.6610,3.8259,0,1,0,0,0,20,20,0,0,0,0,0,1000.000
35730,0.6610,3.8259,155.91,0.6610,3.8259,0,1,0,0,0,20,20,0,0,0,0,0,1000.000
35740,0.6610,3.8259,155.94,0.6610,3.8259,0,1,0,0,0,20,20,0,0,0,0,0,1000.000
35750,0.6610,3.8259,155.98,0.6610,3.8259,0,1,0,0,0,20,20,0,0,0,0,0,1000.000
35760,0.6610,3.8259,156.02,0.6610,3.8259,0,1,0,0,0,20,20,0,0,0,0,0,1000.000
35770,0.6610,3.8259,156.06,0.6610,3.8259,0,1,0,0,0,20,20,0,0,0,0,0,1000.000
35780,0.6610,3.8259,156.09,0.6610,3.8259,0,1,0,0,0,20,20,0,0,0,0,0,1000.000
35790,0.6610,3.8259,156.13,0.6610,3.8259,0,1,0,0,0,20,20,0,0,0,0,0,1000.000
35800,0.6610,3.8259,156.16,0.6610,3.8259,0,1,0,0,0,20,20,0,0,0,0,0,1000.000
35810,0.6610,3.8259,156.20,0.6610,3.8259,0,1,0,0,0,20,20,0,0,0,0,0,1000.000
35820,0.6610,3.8259,156.24,0.6610,3.8259,0,1,0,0,0,20,20,0,0,0,0,0,1000.000
35830,0.6610,3.8259,156.28,0.6610,3.8259,0,1,0,0,0,20,20,0,0,0,0,0,1000.000
35840,0.6610,3.8259,156.30,0.6610,3.8259,0,1,0,0,0,20,20,0,0,0,0,0,1000.000
35850,0.6610,3.8259,156.33,0.6610,3.8259,0,1,0,0,0,20,20,0,0,0,0,0,1000.000
35860,0.6610,3.8259,156.39,0.6610,3.8259,0,1,0,0,0,20,20,0,0,0,0,0,1000.000
35870,0.6610,3.8259,156.43,0.6610,3.8259,0,1,0,0,0,20,20,0,0,0,0,0,1000.000
35880,0.6610,3.8259,156.45,0.6610,3.8259,0,1,0,0,0,20,20,0,0,0,0,0,1000.000
35890,0.6610,3.8259,156.48,0.6610,3.8259,0,1,0,0,0,20,20,0,0,0,0,0,1000.000
35900,0.6610,3.8259,156.52,0.6610,3.8259,0,1,0,0,0,20,20,0,0,0,0,0,1000.000
35910,0.6610,3.8259,156.55,0.6610,3.8259,0,1,0,0,0,20,20,0,0,0,0,0,1000.000
35920,0.6610,3.8259,156.59,0.6610,3.8259,0,1,0,0,0,20,20,0,0,0,0,0,1000.000
35930,0.6610,3.8259,156.63,0.6610,3.8259,0,1,0,0,0,20,20,0,0,0,0,0,1000.000
35940,0.6610,3.8259,156.67,0.6610,3.8259,0,1,0,0,0,20,20,0,0,0,0,0,1000.000
35950,0.6610,3.8259,156.70,0.6610,3.8259,0,1,0,0,0,20,20,0,0,0,0,0,1000.000
35960,0.6610,3.8259,156.73,0.6610,3.8259,0,1,0,0,0,20,20,0,0,0,0,0,1000.000
35970,0.6610,3.8259,156.77,0.6610,3.8259,0,1,0,0,0,20,20,0,0,0,0,0,1000.000
35980,0.6610,3.8259,156.81,0.6610,3.8259,0,1,0,0,0,20,20,0,0,0,0,0,1000.000
35990,0.6610,3.8259,156.85,0.6610,3.8259,0,1,0,0,0,20,20,0,0,0,0,0,1000.000
36000,0.6610,3.8259,156.88,0.6610,3.8259,0,1,0,0,0,20,20,0,0,0,0,0,1000.000
36010,0.6610,3.8259,156.91,0.6610,3.8259,0,1,0,0,0,20,20,0,0,0,0,0,1000.000
36020,0.6610,3.8259,156.95,0.6610,3.8259,0,1,0,0,0,20,20,0,0,0,0,0,1000.000
36030,0.6610,3.8259,156.97,0.6610,3.8259,0,1,0,0,0,20,20,0,0,0,0,0,1000.000
36040,0.6610,3.8259,157.01,0.6610,3.8259,0,1,0,0,0,20,20,0,0,0,0,0,1000.000
36050,0.6610,3.8259,157.05,0.6610,3.8259,0,1,0,0,0,20,20,0,0,0,0,0,1000.000
36060,0.6610,3.8259,157.08,0.6610,3.8259,0,1,0,0,0,20,20,0,0,0,0,0,1000.000
36070,0.6610,3.8259,157.12,0.6610,3.8259,0,1,0,0,0,20,20,0,0,0,0,0,1000.000
36080,0.6610,3.8259,157.14,0.6610,3.8259,0,1,0,0,0,20,20,0,0,0,0,0,1000.000
36090,0.6610,3.8259,157.18,0.6610,3.8259,0,1,0,0,0,20,20,0,0,0,0,0,1000.000
36100,0.6610,3.8259,157.22,0.6610,3.8259,0,1,0,0,0,20,20,0,0,0,0,0,1000.000
36110,0.6610,3.8259,157.25,0.6610,3.8259,0,1,0,0,0,20,20,0,0,0,0,0,1000.000
36120,0.6610,3.8259,157.29,0.6610,3.8259,0,1,0,0,0,20,20,0,0,0,0,0,1000.000
36130,0.6610,3.8259,157.31,0.6610,3.8259,0,1,0,0,0,20,20,0,0,0,0,0,1000.000
36140,0.6610,3.8259,157.35,0.6610,3.8259,0,1,0,0,0,20,20,0,0,0,0,0,1000.000
36150,0.6610,3.8259,157.39,0.6610,3.8259,0,1,0,0,0,20,20,0,0,0,0,0,1000.000
36160,0.6610,3.8259,157.42,0.6610,3.8259,0,1,0,0,0,20,20,0,0,0,0,0,1000.000
36170,0.6610,3.8259,157.46,0.6610,3.8259,0,1,0,0,0,20,20,0,0,0,0,0,1000.000
36180,0.6610,3.8259,157.48,0.6610,3.8259,0,1,0,0,0,20,20,0,0,0,0,0,1000.000
36190,0.6610,3.8259,157.51,0.6610,3.8259,0,1,0,0,0,20,20,0,0,0,0,0,1000.000
36200,0.6610,3.8259,157.55,0.6610,3.8259,0,1,0,0,0,20,20,0,0,0,0,0,1000.000
36210,0.6610,3.8259,157.59,0.6610,3.8259,0,1,0,0,0,20,20,0,0,0,0,0,1000.000
36220,0.6610,3.8259,157.62,0.6610,3.8259,0,1,0,0,0,20,20,0,0,0,0,0,1000.000
36230,0.6610,3.8259,157.66,0.6610,3.8259,0,1,0,0,0,20,20,0,0,0,0,0,1000.000
36240,0.6610,3.8259,157.68,0.6610,3.8259,0,1,0,0,0,20,20,0,0,0,0,0,1000.000
36250,0.6610,3.8259,157.71,0.6610,3.8259,0,1,0,0,0,20,20,0,0,0,0,0,1000.000
36260,0.6610,3.8259,157.75,0.6610,3.8259,0,1,0,0,0,20,20,0,0,0,0,0,1000.000
36270,0.6610,3.8259,157.79,0.6610,3.8259,0,1,0,0,0,20,20,0,0,0,0,0,1000.000
36280,0.6610,3.8259,157.82,0.6610,3.8259,0,1,0,0,0,20,20,0,0,0,0,0,1000.000
36290,0.6610,3.8259,157.86,0.6610,3.8259,0,1,0,0,0,20,20,0,0,0,0,0,1000.000
36300,0.6610,3.8259,157.88,0.6610,3.8259,0,1,0,0,0,20,20,0,0,0,0,0,1000.000
36310,0.6610,3.8259,157.92,0.6610,3.8259,0,1,0,0,0,20,20,0,0,0,0,0,1000.000
36320,0.6610,3.8259,157.95,0.6610,3.8259,0,1,0,0,0,20,20,0,0,0,0,0,1000.000
36330,0.6610,3.8259,157.99,0.6610,3.8259,0,1,0,0,0,20,20,0,0,0,0,0,1000.000
36340,0.6610,3.8259,158.02,0.6610,3.8259,0,1,0,0,0,20,20,0,0,0,0,0,1000.000
36350,0.6610,3.8259,158.06,0.6610,3.8259,0,1,0,0,0,20,20,0,0,0,0,0,1000.000
36360,0.6610,3.8259,158.08,0.6610,3.8259,0,1,0,0,0,20,20,0,0,0,0,0,1000.000
36370,0.6610,3.8259,158.12,0.6610,3.8259,0,1,0,0,0,20,20,0,0,0,0,0,1000.000
36380,0.6610,3.8259,158.16,0.6610,3.8259,0,1,0,0,0,20,20,0,0,0,0,0,1000.000
36390,0.6610,3.8259,158.18,0.6610,3.8259,0,1,0,0,0,20,20,0,0,0,0,0,1000.000
36400,0.6610,3.8259,158.21,0.6610,3.8259,0,1,0,0,0,20,20,0,0,0,0,0,1000.000
36410,0.6610,3.8259,158.25,0.6610,3.8259,0,1,0,0,0,20,20,0,0,0,0,0,1000.000
36420,0.6610,3.8259,158.27,0.6610,3.8259,0,1,0,0,0,20,20,0,0,0,0,0,1000.000
36430,0.6610,3.8259,158.30,0.6610,3.8259,0,1,0,0,0,20,20,0,0,0,0,0,1000.000
36440,0.6610,3.8259,158.34,0.6610,3.8259,0,1,0,0,0,20,20,0,0,0,0,0,1000.000
36450,0.6610,3.8259,158.37,0.6610,3.8259,0,1,0,0,0,20,20,0,0,0,0,0,1000.000
36460,0.6610,3.8259,158.40,0.6610,3.8259,0,1,0,0,0,20,20,0,0,0,0,0,1000.000
36470,0.6610,3.8259,158.44,0.6610,3.8259,0,1,0,0,0,20,20,0,0,0,0,0,1000.000
36480,0.6610,3.8259,158.46,0.6610,3.8259,0,1,0,0,0,20,20,0,0,0,0,0,1000.000
36490,0.6610,3.8259,158.49,0.6610,3.8259,0,1,0,0,0,20,20,0,0,0,0,0,1000.000
36500,0.6610,3.8259,158.53,0.6610,3.8259,0,1,0,0,0,20,20,0,0,0,0,0,1000.000
36510,0.6610,3.8259,158.56,0.6610,3.8259,0,1,0,0,0,20,20,0,0,0,0,0,1000.000
36520,0.6610,3.8259,158.59,0.6610,3.8259,0,1,0,0,0,20,20,0,0,0,0,0,1000.000
36530,0.6610,3.8259,158.63,0.6610,3.8259,0,1,0,0,0,20,20,0,0,0,0,0,1000.000
36540,0.6610,3.8259,158.65,0.6610,3.8259,0,1,0,0,0,20,20,0,0,0,0,0,1000.000
36550,0.6610,3.8259,158.68,0.6610,3.8259,0,1,0,0,0,20,20,0,0,0,0,0,1000.000
36560,0.6610,3.8259,158.72,0.6610,3.8259,0,1,0,0,0,20,20,0,0,0,0,0,1000.000
36570,0.6610,3.8259,158.74,0.6610,3.8259,0,1,0,0,0,20,20,0,0,0,0,0,1000.000
36580,0.6610,3.8259,158.78,0.6610,3.8259,0,1,0,0,0,20,20,0,0,0,0,0,1000.000
36590,0.6610,3.8259,158.82,0.6610,3.8259,0,1,0,0,0,20,20,0,0,0,0,0,1000.000
36600,0.6610,3.8259,158.84,0.6610,3.8259,0,1,0,0,0,20,20,0,0,0,0,0,1000.000
36610,0.6610,3.8259,158.87,0.6610,3.8259,0,1,0,0,0,20,20,0,0,0,0,0,1000.000
36620,0.6610,3.8259,158.91,0.6610,3.8259,0,1,0,0,0,20,20,0,0,0,0,0,1000.000
36630,0.6610,3.8259,158.93,0.6610,3.8259,0,1,0,0,0,20,20,0,0,0,0,0,1000.000
36640,0.6610,3.8259,158.97,0.6610,3.8259,0,1,0,0,0,20,20,0,0,0,0,0,1000.000
36650,0.6610,3.8259,159.01,0.6610,3.8259,0,1,0,0,0,20,20,0,0,0,0,0,1000.000
36660,0.6610,3.8259,159.03,0.6610,3.8259,0,1,0,0,0,20,20,0,0,0,0,0,1000.000
36670,0.6610,3.8259,159.06,0.6610,3.8259,0,1,0,0,0,20,20,0,0,0,0,0,1000.000
36680,0.6610,3.8259,159.10,0.6610,3.8259,0,1,0,0,0,20,20,0,0,0,0,0,1000.000
36690,0.6610,3.8259,159.12,0.6610,3.8259,0,1,0,0,0,20,20,0,0,0,0,0,1000.000
36700,0.6610,3.8259,159.16,0.6610,3.8259,0,1,0,0,0,20,20,0,0,0,0,0,1000.000
36710,0.6610,3.8259,159.20,0.6610,3.8259,0,1,0,0,0,20,20,0,0,0,0,0,1000.000
36720,0.6610,3.8259,159.22,0.6610,3.8259,0,1,0,0,0,20,20,0,0,0,0,0,1000.000
36730,0.6610,3.8259,159.25,0.6610,3.8259,0,1,0,0,0,20,20,0,0,0,0,0,1000.000
36740,0.6610,3.8259,159.29,0.6610,3.8259,0,1,0,0,0,20,20,0,0,0,0,0,1000.000
36750,0.6610,3.8259,159.31,0.6610,3.8259,0,1,0,0,0,20,20,0,0,0,0,0,1000.000
36760,0.6610,3.8259,159.35,0.6610,3.8259,0,1,0,0,0,20,20,0,0,0,0,0,1000.000
36770,0.6610,3.8259,159.39,0.6610,3.8259,0,1,0,0,0,20,20,0,0,0,0,0,1000.000
36780,0.6610,3.8259,159.41,0.6610,3.8259,0,1,0,0,0,20,20,0,0,0,0,0,1000.000
36790,0.6610,3.8259,159.44,0.6610,3.8259,0,1,0,0,0,20,20,0,0,0,0,0,1000.000
36800,0.6610,3.8259,159.48,0.6610,3.8259,0,1,0,0,0,20,20,0,0,0,0,0,1000.000
36810,0.6610,3.8259,159.50,0.6610,3.8259,0,1,0,0,0,20,20,0,0,0,0,0,1000.000
36820,0.6610,3.8259,159.54,0.6610,3.8259,0,1,0,0,0,20,20,0,0,0,0,0,1000.000
36830,0.6610,3.8259,159.58,0.6610,3.8259,0,1,0,0,0,20,20,0,0,0,0,0,1000.000
36840,0.6610,3.8259,159.60,0.6610,3.8259,0,1,0,0,0,20,20,0,0,0,0,0,1000.000
36850,0.6610,3.8259,159.63,0.6610,3.8259,0,1,0,0,0,20,20,0,0,0,0,0,1000.000
36860,0.6610,3.8259,159.67,0.6610,3.8259,0,1,0,0,0,20,20,0,0,0,0,0,1000.000
36870,0.6610,3.8259,159.69,0.6610,3.8259,0,1,0,0,0,20,20,0,0,0,0,0,1000.000
36880,0.6610,3.8259,159.73,0.6610,3.8259,0,1,0,0,0,20,20,0,0,0,0,0,1000.000
36890,0.6610,3.8259,159.77,0.6610,3.8259,0,1,0,0,0,20,20,0,0,0,0,0,1000.000
36900,0.6610,3.8259,159.79,0.6610,3.8259,0,1,0,0,0,20,20,0,0,0,0,0,1000.000
36910,0.6610,3.8259,159.82,0.6610,3.8259,0,1,0,0,0,20,20,0,0,0,0,0,1000.000
36920,0.6610,3.8259,159.86,0.6610,3.8259,0,1,0,0,0,20,20,0,0,0,0,0,1000.000
36930,0.6610,3.8259,159.88,0.6610,3.8259,0,1,0,0,0,20,20,0,0,0,0,0,1000.000
36940,0.6610,3.8259,159.91,0.6610,3.8259,0,1,0,0,0,20,20,0,0,0,0,0,1000.000
36950,0.6610,3.8259,159.95,0.6610,3.8259,0,1,0,0,0,20,20,0,0,0,0,0,1000.000
36960,0.6610,3.8259,159.98,0.6610,3.8259,0,1,0,0,0,20,20,0,0,0,0,0,1000.000
36970,0.6610,3.8259,160.01,0.6610,3.8259,0,1,0,0,0,20,20,0,0,0,0,0,1000.000
36980,0.6610,3.8259,160.05,0.6610,3.8259,0,1,0,0,0,20,20,0,0,0,0,0,1000.000
36990,0.6610,3.8259,160.07,0.6610,3.8259,0,1,0,0,0,20,20,0,0,0,0,0,1000.000
37000,0.6610,3.8259,160.10,0.6610,3.8259,0,1,0,0,0,20,20,0,0,0,0,0,1000.000
37010,0.6610,3.8259,160.13,0.6610,3.8259,0,1,0,0,0,20,20,0,0,0,0,0,1000.000
37020,0.6610,3.8259,160.15,0.6610,3.8259,0,1,0,0,0,20,20,0,0,0,0,0,1000.000
37030,0.6610,3.8259,160.19,0.6610,3.8259,0,1,0,0,0,20,20,0,0,0,0,0,1000.000
37040,0.6610,3.8259,160.23,0.6610,3.8259,0,1,0,0,0,20,20,0,0,0,0,0,1000.000
37050,0.6610,3.8259,160.25,0.6610,3.8259,0,1,0,0,0,20,20,0,0,0,0,0,1000.000
37060,0.6610,3.8259,160.28,0.6610,3.8259,0,1,0,0,0,20,20,0,0,0,0,0,1000.000
37070,0.6610,3.8259,160.31,0.6610,3.8259,0,1,0,0,0,20,20,0,0,0,0,0,1000.000
37080,0.6610,3.8259,160.33,0.6610,3.8259,0,1,0,0,0,20,20,0,0,0,0,0,1000.000
37090,0.6610,3.8259,160.37,0.6610,3.8259,0,1,0,0,0,20,20,0,0,0,0,0,1000.000
37100,0.6610,3.8259,160.41,0.6610,3.8259,0,1,0,0,0,20,20,0,0,0,0,0,1000.000
37110,0.6610,3.8259,160.43,0.6610,3.8259,0,1,0,0,0,20,20,0,0,0,0,0,1000.000
37120,0.6610,3.8259,160.46,0.6610,3.8259,0,1,0,0,0,20,20,0,0,0,0,0,1000.000
37130,0.6610,3.8259,160.49,0.6610,3.8259,0,1,0,0,0,20,20,0,0,0,0,0,1000.000
37140,0.6610,3.8259,160.51,0.6610,3.8259,0,1,0,0,0,20,20,0,0,0,0,0,1000.000
37150,0.6610,3.8259,160.55,0.6610,3.8259,0,1,0,0,0,20,20,0,0,0,0,0,1000.000
37160,0.6610,3.8259,160.58,0.6610,3.8259,0,1,0,0,0,20,20,0,0,0,0,0,1000.000
37170,0.6610,3.8259,160.61,0.6610,3.8259,0,1,0,0,0,20,20,0,0,0,0,0,1000.000
37180,0.6610,3.8259,160.64,0.6610,3.8259,0,1,0,0,0,20,20,0,0,0,0,0,1000.000
37190,0.6610,3.8259,160.66,0.6610,3.8259,0,1,0,0,0,20,20,0,0,0,0,0,1000.000
37200,0.6610,3.8259,160.69,0.6610,3.8259,0,1,0,0,0,20,20,0,0,0,0,0,1000.000
37210,0.6610,3.8259,160.73,0.6610,3.8259,0,1,0,0,0,20,20,0,0,0,0,0,1000.000
37220,0.6610,3.8259,160.75,0.6610,3.8259,0,1,0,0,0,20,20,0,0,0,0,0,1000.000
37230,0.6610,3.8259,160.76,0.6610,3.8259,0,1,0,0,0,20,20,0,0,0,0,0,1000.000
37240,0.6610,3.8259,160.80,0.6610,3.8259,0,1,0,0,0,20,20,0,0,0,0,0,1000.000
37250,0.6610,3.8259,160.84,0.6610,3.8259,0,1,0,0,0,20,20,0,0,0,0,0,1000.000
37260,0.6610,3.8259,160.86,0.6610,3.8259,0,1,0,0,0,20,20,0,0,0,0,0,1000.000
37270,0.6610,3.8259,160.89,0.6610,3.8259,0,1,0,0,0,20,20,0,0,0,0,0,1000.000
37280,0.6610,3.8259,160.91,0.6610,3.8259,0,1,0,0,0,20,20,0,0,0,0,0,1000.000
37290,0.6610,3.8259,160.94,0.6610,3.8259,0,1,0,0,0,20,20,0,0,0,0,0,1000.000
37300,0.6610,3.8259,160.98,0.6610,3.8259,0,1,0,0,0,20,20,0,0,0,0,0,1000.000
37310,0.6610,3.8259,161.00,0.6610,3.8259,0,1,0,0,0,20,20,0,0,0,0,0,1000.000
37320,0.6610,3.8259,161.04,0.6610,3.8259,0,1,0,0,0,20,20,0,0,0,0,0,1000.000
37330,0.6610,3.8259,161.06,0.6610,3.8259,0,1,0,0,0,20,20,0,0,0,0,0,1000.000
37340,0.6610,3.8259,161.09,0.6610,3.8259,0,1,0,0,0,20,20,0,0,0,0,0,1000.000
37350,0.6610,3.8259,161.13,0.6610,3.8259,0,1,0,0,0,20,20,0,0,0,0,0,1000.000
37360,0.6610,3.8259,161.15,0.6610,3.8259,0,1,0,0,0,20,20,0,0,0,0,0,1000.000
37370,0.6610,3.8259,161.16,0.6610,3.8259,0,1,0,0,0,20,20,0,0,0,0,0,1000.000
37380,0.6610,3.8259,161.20,0.6610,3.8259,0,1,0,0,0,20,20,0,0,0,0,0,1000.000
37390,0.6610,3.8259,161.24,0.6610,3.8259,0,1,0,0,0,20,20,0,0,0,0,0,1000.000
37400,0.6610,3.8259,161.26,0.6610,3.8259,0,1,0,0,0,20,20,0,0,0,0,0,1000.000
37410,0.6610,3.8259,161.29,0.6610,3.8259,0,1,0,0,0,20,20,0,0,0,0,0,1000.000
37420,0.6610,3.8259,161.31,0.6610,3.8259,0,1,0,0,0,20,20,0,0,0,0,0,1000.000
37430,0.6610,3.8259,161.34,0.6610,3.8259,0,1,0,0,0,20,20,0,0,0,0,0,1000.000
37440,0.6610,3.8259,161.36,0.6610,3.8259,0,1,0,0,0,20,20,0,0,0,0,0,1000.000
37450,0.6610,3.8259,161.39,0.6610,3.8259,0,1,0,0,0,20,20,0,0,0,0,0,1000.000
37460,0.6610,3.8259,161.42,0.6610,3.8259,0,1,0,0,0,20,20,0,0,0,0,0,1000.000
37470,0.6610,3.8259,161.44,0.6610,3.8259,0,1,0,0,0,20,20,0,0,0,0,0,1000.000
37480,0.6610,3.8259,161.48,0.6610,3.8259,0,1,0,0,0,20,20,0,0,0,0,0,1000.000
37490,0.6610,3.8259,161.50,0.6610,3.8259,0,1,0,0,0,20,20,0,0,0,0,0,1000.000
37500,0.6610,3.8259,161.53,0.6610,3.8259,0,1,0,0,0,20,20,0,0,0,0,0,1000.000
37510,0.6610,3.8259,161.56,0.6610,3.8259,0,1,0,0,0,20,20,0,0,0,0,0,1000.000
37520,0.6610,3.8259,161.58,0.6610,3.8259,0,1,0,0,0,20,20,0,0,0,0,0,1000.000
37530,0.6610,3.8259,161.61,0.6610,3.8259,0,1,0,0,0,20,20,0,0,0,0,0,1000.000
37540,0.6610,3.8259,161.63,0.6610,3.8259,0,1,0,0,0,20,20,0,0,0,0,0,1000.000
37550,0.6610,3.8259,161.66,0.6610,3.8259,0,1,0,0,0,20,20,0,0,0,0,0,1000.000
37560,0.6610,3.8259,161.70,0.6610,3.8259,0,1,0,0,0,20,20,0,0,0,0,0,1000.000
37570,0.6610,3.8259,161.72,0.6610,3.8259,0,1,0,0,0,20,20,0,0,0,0,0,1000.000
37580,0.6610,3.8259,161.75,0.6610,3.8259,0,1,0,0,0,20,20,0,0,0,0,0,1000.000
37590,0.6610,3.8259,161.77,0.6610,3.8259,0,1,0,0,0,20,20,0,0,0,0,0,1000.000
37600,0.6610,3.8259,161.80,0.6610,3.8259,0,1,0,0,0,20,20,0,0,0,0,0,1000.000
37610,0.6610,3.8259,161.83,0.6610,3.8259,0,1,0,0,0,20,20,0,0,0,0,0,1000.000
37620,0.6610,3.8259,161.85,0.6610,3.8259,0,1,0,0,0,20,20,0,0,0,0,0,1000.000
37630,0.6610,3.8259,161.88,0.6610,3.8259,0,1,0,0,0,20,20,0,0,0,0,0,1000.000
37640,0.6610,3.8259,161.91,0.6610,3.8259,0,1,0,0,0,20,20,0,0,0,0,0,1000.000
37650,0.6610,3.8259,161.94,0.6610,3.8259,0,1,0,0,0,20,20,0,0,0,0,0,1000.000
37660,0.6610,3.8259,161.96,0.6610,3.8259,0,1,0,0,0,20,20,0,0,0,0,0,1000.000
37670,0.6610,3.8259,161.99,0.6610,3.8259,0,1,0,0,0,20,20,0,0,0,0,0,1000.000
37680,0.6610,3.8259,162.01,0.6610,3.8259,0,1,0,0,0,20,20,0,0,0,0,0,1000.000
37690,0.6610,3.8259,162.04,0.6610,3.8259,0,1,0,0,0,20,20,0,0,0,0,0,1000.000
37700,0.6610,3.8259,162.06,0.6610,3.8259,0,1,0,0,0,20,20,0,0,0,0,0,1000.000
37710,0.6610,3.8259,162.09,0.6610,3.8259,0,1,0,0,0,20,20,0,0,0,0,0,1000.000
37720,0.6610,3.8259,162.11,0.6610,3.8259,0,1,0,0,0,20,20,0,0,0,0,0,1000.000
37730,0.6610,3.8259,162.15,0.6610,3.8259,0,1,0,0,0,20,20,0,0,0,0,0,1000.000
37740,0.6610,3.8259,162.17,0.6610,3.8259,0,1,0,0,0,20,20,0,0,0,0,0,1000.000
37750,0.6610,3.8259,162.20,0.6610,3.8259,0,1,0,0,0,20,20,0,0,0,0,0,1000.000
37760,0.6610,3.8259,162.22,0.6610,3.8259,0,1,0,0,0,20,20,0,0,0,0,0,1000.000
37770,0.6610,3.8259,162.25,0.6610,3.8259,0,1,0,0,0,20,20,0,0,0,0,0,1000.000
37780,0.6610,3.8259,162.27,0.6610,3.8259,0,1,0,0,0,20,20,0,0,0,0,0,1000.000
37790,0.6610,3.8259,162.30,0.6610,3.8259,0,1,0,0,0,20,20,0,0,0,0,0,1000.000
37800,0.6610,3.8259,162.32,0.6610,3.8259,0,1,0,0,0,20,20,0,0,0,0,0,1000.000
37810,0.6610,3.8259,162.36,0.6610,3.8259,0,1,0,0,0,20,20,0,0,0,0,0,1000.000
37820,0.6610,3.8259,162.38,0.6610,3.8259,0,1,0,0,0,20,20,0,0,0,0,0,1000.000
37830,0.6610,3.8259,162.41,0.6610,3.8259,0,1,0,0,0,20,20,0,0,0,0,0,1000.000
37840,0.6610,3.8259,162.43,0.6610,3.8259,0,1,0,0,0,20,20,0,0,0,0,0,1000.000
37850,0.6610,3.8259,162.46,0.6610,3.8259,0,1,0,0,0,20,20,0,0,0,0,0,1000.000
37860,0.6610,3.8259,162.48,0.6610,3.8259,0,1,0,0,0,20,20,0,0,0,0,0,1000.000
37870,0.6610,3.8259,162.51,0.6610,3.8259,0,1,0,0,0,20,20,0,0,0,0,0,1000.000
37880,0.6610,3.8259,162.53,0.6610,3.8259,0,1,0,0,0,20,20,0,0,0,0,0,1000.000
37890,0.6610,3.8259,162.56,0.6610,3.8259,0,1,0,0,0,20,20,0,0,0,0,0,1000.000
37900,0.6610,3.8259,162.59,0.6610,3.8259,0,1,0,0,0,20,20,0,0,0,0,0,1000.000
37910,0.6610,3.8259,162.62,0.6610,3.8259,0,1,0,0,0,20,20,0,0,0,0,0,1000.000
37920,0.6610,3.8259,162.64,0.6610,3.8259,0,1,0,0,0,20,20,0,0,0,0,0,1000.000
37930,0.6610,3.8259,162.67,0.6610,3.8259,0,1,0,0,0,20,20,0,0,0,0,0,1000.000
37940,0.6610,3.8259,162.69,0.6610,3.8259,0,1,0,0,0,20,20,0,0,0,0,0,1000.000
37950,0.6610,3.8259,162.72,0.6610,3.8259,0,1,0,0,0,20,20,0,0,0,0,0,1000.000
37960,0.6610,3.8259,162.74,0.6610,3.8259,0,1,0,0,0,20,20,0,0,0,0,0,1000.000
37970,0.6610,3.8259,162.77,0.6610,3.8259,0,1,0,0,0,20,20,0,0,0,0,0,1000.000
37980,0.6610,3.8259,162.79,0.6610,3.8259,0,1,0,0,0,20,20,0,0,0,0,0,1000.000
37990,0.6610,3.8259,162.83,0.6610,3.8259,0,1,0,0,0,20,20,0,0,0,0,0,1000.000
38000,0.6610,3.8259,162.85,0.6610,3.8259,0,1,0,0,0,20,20,0,0,0,0,0,1000.000
38010,0.6610,3.8259,162.88,0.6610,3.8259,0,1,0,0,0,20,20,0,0,0,0,0,1000.000
38020,0.6610,3.8259,162.90,0.6610,3.8259,0,1,0,0,0,20,20,0,0,0,0,0,1000.000
38030,0.6610,3.8259,162.93,0.6610,3.8259,0,1,0,0,0,20,20,0,0,0,0,0,1000.000
38040,0.6610,3.8259,162.95,0.6610,3.8259,0,1,0,0,0,20,20,0,0,0,0,0,1000.000
38050,0.6610,3.8259,162.98,0.6610,3.8259,0,1,0,0,0,20,20,0,0,0,0,0,1000.000
38060,0.6610,3.8259,163.00,0.6610,3.8259,0,1,0,0,0,20,20,0,0,0,0,0,1000.000
38070,0.6610,3.8259,163.03,0.6610,3.8259,0,1,0,0,0,20,20,0,0,0,0,0,1000.000
38080,0.6610,3.8259,163.06,0.6610,3.8259,0,1,0,0,0,20,20,0,0,0,0,0,1000.000
38090,0.6610,3.8259,163.09,0.6610,3.8259,0,1,0,0,0,20,20,0,0,0,0,0,1000.000
38100,0.6610,3.8259,163.11,0.6610,3.8259,0,1,0,0,0,20,20,0,0,0,0,0,1000.000
38110,0.6610,3.8259,163.14,0.6610,3.8259,0,1,0,0,0,20,20,0,0,0,0,0,1000.000
38120,0.6610,3.8259,163.16,0.6610,3.8259,0,1,0,0,0,20,20,0,0,0,0,0,1000.000
38130,0.6610,3.8259,163.17,0.6610,3.8259,0,1,0,0,0,20,20,0,0,0,0,0,1000.000
38140,0.6610,3.8259,163.20,0.6610,3.8259,0,1,0,0,0,20,20,0,0,0,0,0,1000.000
38150,0.6610,3.8259,163.24,0.6610,3.8259,0,1,0,0,0,20,20,0,0,0,0,0,1000.000
38160,0.6610,3.8259,163.26,0.6610,3.8259,0,1,0,0,0,20,20,0,0,0,0,0,1000.000
38170,0.6610,3.8259,163.28,0.6610,3.8259,0,1,0,0,0,20,20,0,0,0,0,0,1000.000
38180,0.6610,3.8259,163.31,0.6610,3.8259,0,1,0,0,0,20,20,0,0,0,0,0,1000.000
38190,0.6610,3.8259,163.33,0.6610,3.8259,0,1,0,0,0,20,20,0,0,0,0,0,1000.000
38200,0.6610,3.8259,163.36,0.6610,3.8259,0,1,0,0,0,20,20,0,0,0,0,0,1000.000
38210,0.6610,3.8259,163.38,0.6610,3.8259,0,1,0,0,0,20,20,0,0,0,0,0,1000.000
38220,0.6610,3.8259,163.40,0.6610,3.8259,0,1,0,0,0,20,20,0,0,0,0,0,1000.000
38230,0.6610,3.8259,163.43,0.6610,3.8259,0,1,0,0,0,20,20,0,0,0,0,0,1000.000
38240,0.6610,3.8259,163.45,0.6610,3.8259,0,1,0,0,0,20,20,0,0,0,0,0,1000.000
38250,0.6610,3.8259,163.48,0.6610,3.8259,0,1,0,0,0,20,20,0,0,0,0,0,1000.000
38260,0.6610,3.8259,163.51,0.6610,3.8259,0,1,0,0,0,20,20,0,0,0,0,0,1000.000
38270,0.6610,3.8259,163.53,0.6610,3.8259,0,1,0,0,0,20,20,0,0,0,0,0,1000.000
38280,0.6610,3.8259,163.56,0.6610,3.8259,0,1,0,0,0,20,20,0,0,0,0,0,1000.000
38290,0.6610,3.8259,163.58,0.6610,3.8259,0,1,0,0,0,20,20,0,0,0,0,0,1000.000
38300,0.6610,3.8259,163.61,0.6610,3.8259,0,1,0,0,0,20,20,0,0,0,0,0,1000.000
38310,0.6610,3.8259,163.63,0.6610,3.8259,0,1,0,0,0,20,20,0,0,0,0,0,1000.000
38320,0.6610,3.8259,163.64,0.6610,3.8259,0,1,0,0,0,20,20,0,0,0,0,0,1000.000
38330,0.6610,3.8259,163.67,0.6610,3.8259,0,1,0,0,0,20,20,0,0,0,0,0,1000.000
38340,0.6610,3.8259,163.71,0.6610,3.8259,0,1,0,0,0,20,20,0,0,0,0,0,1000.000
38350,0.6610,3.8259,163.73,0.6610,3.8259,0,1,0,0,0,20,20,0,0,0,0,0,1000.000
38360,0.6610,3.8259,163.74,0.6610,3.8259,0,1,0,0,0,20,20,0,0,0,0,0,1000.000
38370,0.6610,3.8259,163.78,0.6610,3.8259,0,1,0,0,0,20,20,0,0,0,0,0,1000.000
38380,0.6610,3.8259,163.80,0.6610,3.8259,0,1,0,0,0,20,20,0,0,0,0,0,1000.000
38390,0.6610,3.8259,163.82,0.6610,3.8259,0,1,0,0,0,20,20,0,0,0,0,0,1000.000
38400,0.6610,3.8259,163.85,0.6610,3.8259,0,1,0,0,0,20,20,0,0,0,0,0,1000.000
38410,0.6610,3.8259,163.87,0.6610,3.8259,0,1,0,0,0,20,20,0,0,0,0,0,1000.000
38420,0.6610,3.8259,163.88,0.6610,3.8259,0,1,0,0,0,20,20,0,0,0,0,0,1000.000
38430,0.6610,3.8259,163.91,0.6610,3.8259,0,1,0,0,0,20,20,0,0,0,0,0,1000.000
38440,0.6610,3.8259,163.93,0.6610,3.8259,0,1,0,0,0,20,20,0,0,0,0,0,1000.000
38450,0.6610,3.8259,163.96,0.6610,3.8259,0,1,0,0,0,20,20,0,0,0,0,0,1000.000
38460,0.6610,3.8259,163.98,0.6610,3.8259,0,1,0,0,0,20,20,0,0,0,0,0,1000.000
38470,0.6610,3.8259,163.99,0.6610,3.8259,0,1,0,0,0,20,20,0,0,0,0,0,1000.000
38480,0.6610,3.8259,164.03,0.6610,3.8259,0,1,0,0,0,20,20,0,0,0,0,0,1000.000
38490,0.6610,3.8259,164.05,0.6610,3.8259,0,1,0,0,0,20,20,0,0,0,0,0,1000.000
38500,0.6610,3.8259,164.08,0.6610,3.8259,0,1,0,0,0,20,20,0,0,0,0,0,1000.000
38510,0.6610,3.8259,164.10,0.6610,3.8259,0,1,0,0,0,20,20,0,0,0,0,0,1000.000
38520,0.6610,3.8259,164.11,0.6610,3.8259,0,1,0,0,0,20,20,0,0,0,0,0,1000.000
38530,0.6610,3.8259,164.14,0.6610,3.8259,0,1,0,0,0,20,20,0,0,0,0,0,1000.000
38540,0.6610,3.8259,164.16,0.6610,3.8259,0,1,0,0,0,20,20,0,0,0,0,0,1000.000
38550,0.6610,3.8259,164.19,0.6610,3.8259,0,1,0,0,0,20,20,0,0,0,0,0,1000.000
38560,0.6610,3.8259,164.21,0.6610,3.8259,0,1,0,0,0,20,20,0,0,0,0,0,1000.000
38570,0.6610,3.8259,164.22,0.6610,3.8259,0,1,0,0,0,20,20,0,0,0,0,0,1000.000
38580,0.6610,3.8259,164.25,0.6610,3.8259,0,1,0,0,0,20,20,0,0,0,0,0,1000.000
38590,0.6610,3.8259,164.28,0.6610,3.8259,0,1,0,0,0,20,20,0,0,0,0,0,1000.000
38600,0.6610,3.8259,164.31,0.6610,3.8259,0,1,0,0,0,20,20,0,0,0,0,0,1000.000
38610,0.6610,3.8259,164.33,0.6610,3.8259,0,1,0,0,0,20,20,0,0,0,0,0,1000.000
38620,0.6610,3.8259,164.34,0.6610,3.8259,0,1,0,0,0,20,20,0,0,0,0,0,1000.000
38630,0.6610,3.8259,164.37,0.6610,3.8259,0,1,0,0,0,20,20,0,0,0,0,0,1000.000
38640,0.6610,3.8259,164.39,0.6610,3.8259,0,1,0,0,0,20,20,0,0,0,0,0,1000.000
38650,0.6610,3.8259,164.41,0.6610,3.8259,0,1,0,0,0,20,20,0,0,0,0,0,1000.000
38660,0.6610,3.8259,164.43,0.6610,3.8259,0,1,0,0,0,20,20,0,0,0,0,0,1000.000
38670,0.6610,3.8259,164.46,0.6610,3.8259,0,1,0,0,0,20,20,0,0,0,0,0,1000.000
38680,0.6610,3.8259,164.48,0.6610,3.8259,0,1,0,0,0,20,20,0,0,0,0,0,1000.000
38690,0.6610,3.8259,164.49,0.6610,3.8259,0,1,0,0,0,20,20,0,0,0,0,0,1000.000
38700,0.6610,3.8259,164.53,0.6610,3.8259,0,1,0,0,0,20,20,0,0,0,0,0,1000.000
38710,0.6610,3.8259,164.55,0.6610,3.8259,0,1,0,0,0,20,20,0,0,0,0,0,1000.000
38720,0.6610,3.8259,164.57,0.6610,3.8259,0,1,0,0,0,20,20,0,0,0,0,0,1000.000
38730,0.6610,3.8259,164.60,0.6610,3.8259,0,1,0,0,0,20,20,0,0,0,0,0,1000.000
38740,0.6610,3.8259,164.62,0.6610,3.8259,0,1,0,0,0,20,20,0,0,0,0,0,1000.000
38750,0.6610,3.8259,164.63,0.6610,3.8259,0,1,0,0,0,20,20,0,0,0,0,0,1000.000
38760,0.6610,3.8259,164.66,0.6610,3.8259,0,1,0,0,0,20,20,0,0,0,0,0,1000.000
38770,0.6610,3.8259,164.68,0.6610,3.8259,0,1,0,0,0,20,20,0,0,0,0,0,1000.000
38780,0.6610,3.8259,164.70,0.6610,3.8259,0,1,0,0,0,20,20,0,0,0,0,0,1000.000
38790,0.6610,3.8259,164.73,0.6610,3.8259,0,1,0,0,0,20,20,0,0,0,0,0,1000.000
38800,0.6610,3.8259,164.75,0.6610,3.8259,0,1,0,0,0,20,20,0,0,0,0,0,1000.000
38810,0.6610,3.8259,164.76,0.6610,3.8259,0,1,0,0,0,20,20,0,0,0,0,0,1000.000
38820,0.6610,3.8259,164.80,0.6610,3.8259,0,1,0,0,0,20,20,0,0,0,0,0,1000.000
38830,0.6610,3.8259,164.82,0.6610,3.8259,0,1,0,0,0,20,20,0,0,0,0,0,1000.000
38840,0.6610,3.8259,164.84,0.6610,3.8259,0,1,0,0,0,20,20,0,0,0,0,0,1000.000
38850,0.6610,3.8259,164.87,0.6610,3.8259,0,1,0,0,0,20,20,0,0,0,0,0,1000.000
38860,0.6610,3.8259,164.89,0.6610,3.8259,0,1,0,0,0,20,20,0,0,0,0,0,1000.000
38870,0.6610,3.8259,164.90,0.6610,3.8259,0,1,0,0,0,20,20,0,0,0,0,0,1000.000
38880,0.6610,3.8259,164.93,0.6610,3.8259,0,1,0,0,0,20,20,0,0,0,0,0,1000.000
38890,0.6610,3.8259,164.95,0.6610,3.8259,0,1,0,0,0,20,20,0,0,0,0,0,1000.000
38900,0.6610,3.8259,164.97,0.6610,3.8259,0,1,0,0,0,20,20,0,0,0,0,0,1000.000
38910,0.6610,3.8259,165.00,0.6610,3.8259,0,1,0,0,0,20,20,0,0,0,0,0,1000.000
38920,0.6610,3.8259,165.02,0.6610,3.8259,0,1,0,0,0,20,20,0,0,0,0,0,1000.000
38930,0.6610,3.8259,165.03,0.6610,3.8259,0,1,0,0,0,20,20,0,0,0,0,0,1000.000
38940,0.6610,3.8259,165.07,0.6610,3.8259,0,1,0,0,0,20,20,0,0,0,0,0,1000.000
38950,0.6610,3.8259,165.08,0.6610,3.8259,0,1,0,0,0,20,20,0,0,0,0,0,1000.000
38960,0.6610,3.8259,165.10,0.6610,3.8259,0,1,0,0,0,20,20,0,0,0,0,0,1000.000
38970,0.6610,3.8259,165.13,0.6610,3.8259,0,1,0,0,0,20,20,0,0,0,0,0,1000.000
38980,0.6610,3.8259,165.15,0.6610,3.8259,0,1,0,0,0,20,20,0,0,0,0,0,1000.000
38990,0.6610,3.8259,165.16,0.6610,3.8259,0,1,0,0,0,20,20,0,0,0,0,0,1000.000
39000,0.6610,3.8259,165.19,0.6610,3.8259,0,1,0,0,0,20,20,0,0,0,0,0,1000.000
39010,0.6610,3.8259,165.21,0.6610,3.8259,0,1,0,0,0,20,20,0,0,0,0,0,1000.000
39020,0.6610,3.8259,165.22,0.6610,3.8259,0,1,0,0,0,20,20,0,0,0,0,0,1000.000
39030,0.6610,3.8259,165.25,0.6610,3.8259,0,1,0,0,0,20,20,0,0,0,0,0,1000.000
39040,0.6610,3.8259,165.27,0.6610,3.8259,0,1,0,0,0,20,20,0,0,0,0,0,1000.000
39050,0.6610,3.8259,165.28,0.6610,3.8259,0,1,0,0,0,20,20,0,0,0,0,0,1000.000
39060,0.6610,3.8259,165.31,0.6610,3.8259,0,1,0,0,0,20,20,0,0,0,0,0,1000.000
39070,0.6610,3.8259,165.33,0.6610,3.8259,0,1,0,0,0,20,20,0,0,0,0,0,1000.000
39080,0.6610,3.8259,165.35,0.6610,3.8259,0,1,0,0,0,20,20,0,0,0,0,0,1000.000
39090,0.6610,3.8259,165.38,0.6610,3.8259,0,1,0,0,0,20,20,0,0,0,0,0,1000.000
39100,0.6610,3.8259,165.40,0.6610,3.8259,0,1,0,0,0,20,20,0,0,0,0,0,1000.000
39110,0.6610,3.8259,165.41,0.6610,3.8259,0,1,0,0,0,20,20,0,0,0,0,0,1000.000
39120,0.6610,3.8259,165.44,0.6610,3.8259,0,1,0,0,0,20,20,0,0,0,0,0,1000.000
39130,0.6610,3.8259,165.46,0.6610,3.8259,0,1,0,0,0,20,20,0,0,0,0,0,1000.000
39140,0.6610,3.8259,165.47,0.6610,3.8259,0,1,0,0,0,20,20,0,0,0,0,0,1000.000
39150,0.6610,3.8259,165.50,0.6610,3.8259,0,1,0,0,0,20,20,0,0,0,0,0,1000.000
39160,0.6610,3.8259,165.52,0.6610,3.8259,0,1,0,0,0,20,20,0,0,0,0,0,1000.000
39170,0.6610,3.8259,165.53,0.6610,3.8259,0,1,0,0,0,20,20,0,0,0,0,0,1000.000
39180,0.6610,3.8259,165.56,0.6610,3.8259,0,1,0,0,0,20,20,0,0,0,0,0,1000.000
39190,0.6610,3.8259,165.58,0.6610,3.8259,0,1,0,0,0,20,20,0,0,0,0,0,1000.000
39200,0.6610,3.8259,165.59,0.6610,3.8259,0,1,0,0,0,20,20,0,0,0,0,0,1000.000
39210,0.6610,3.8259,165.63,0.6610,3.8259,0,1,0,0,0,20,20,0,0,0,0,0,1000.000
39220,0.6610,3.8259,165.64,0.6610,3.8259,0,1,0,0,0,20,20,0,0,0,0,0,1000.000
39230,0.6610,3.8259,165.66,0.6610,3.8259,0,1,0,0,0,20,20,0,0,0,0,0,1000.000
39240,0.6610,3.8259,165.69,0.6610,3.8259,0,1,0,0,0,20,20,0,0,0,0,0,1000.000
39250,0.6610,3.8259,165.71,0.6610,3.8259,0,1,0,0,0,20,20,0,0,0,0,0,1000.000
39260,0.6610,3.8259,165.72,0.6610,3.8259,0,1,0,0,0,20,20,0,0,0,0,0,1000.000
39270,0.6610,3.8259,165.75,0.6610,3.8259,0,1,0,0,0,20,20,0,0,0,0,0,1000.000
39280,0.6610,3.8259,165.77,0.6610,3.8259,0,1,0,0,0,20,20,0,0,0,0,0,1000.000
39290,0.6610,3.8259,165.78,0.6610,3.8259,0,1,0,0,0,20,20,0,0,0,0,0,1000.000
39300,0.6610,3.8259,165.81,0.6610,3.8259,0,1,0,0,0,20,20,0,0,0,0,0,1000.000
39310,0.6610,3.8259,165.83,0.6610,3.8259,0,1,0,0,0,20,20,0,0,0,0,0,1000.000
39320,0.6610,3.8259,165.84,0.6610,3.8259,0,1,0,0,0,20,20,0,0,0,0,0,1000.000
39330,0.6610,3.8259,165.87,0.6610,3.8259,0,1,0,0,0,20,20,0,0,0,0,0,1000.000
39340,0.6610,3.8259,165.89,0.6610,3.8259,0,1,0,0,0,20,20,0,0,0,0,0,1000.000
39350,0.6610,3.8259,165.91,0.6610,3.8259,0,1,0,0,0,20,20,0,0,0,0,0,1000.000
39360,0.6610,3.8259,165.94,0.6610,3.8259,0,1,0,0,0,20,20,0,0,0,0,0,1000.000
39370,0.6610,3.8259,165.95,0.6610,3.8259,0,1,0,0,0,20,20,0,0,0,0,0,1000.000
39380,0.6610,3.8259,165.97,0.6610,3.8259,0,1,0,0,0,20,20,0,0,0,0,0,1000.000
39390,0.6610,3.8259,166.00,0.6610,3.8259,0,1,0,0,0,20,20,0,0,0,0,0,1000.000
39400,0.6610,3.8259,166.02,0.6610,3.8259,0,1,0,0,0,20,20,0,0,0,0,0,1000.000
39410,0.6610,3.8259,166.03,0.6610,3.8259,0,1,0,0,0,20,20,0,0,0,0,0,1000.000
39420,0.6610,3.8259,166.06,0.6610,3.8259,0,1,0,0,0,20,20,0,0,0,0,0,1000.000
39430,0.6610,3.8259,166.08,0.6610,3.8259,0,1,0,0,0,20,20,0,0,0,0,0,1000.000
39440,0.6610,3.8259,166.09,0.6610,3.8259,0,1,0,0,0,20,20,0,0,0,0,0,1000.000
39450,0.6610,3.8259,166.12,0.6610,3.8259,0,1,0,0,0,20,20,0,0,0,0,0,1000.000
39460,0.6610,3.8259,166.14,0.6610,3.8259,0,1,0,0,0,20,20,0,0,0,0,0,1000.000
39470,0.6610,3.8259,166.15,0.6610,3.8259,0,1,0,0,0,20,20,0,0,0,0,0,1000.000
39480,0.6610,3.8259,166.19,0.6610,3.8259,0,1,0,0,0,20,20,0,0,0,0,0,1000.000
39490,0.6610,3.8259,166.20,0.6610,3.8259,0,1,0,0,0,20,20,0,0,0,0,0,1000.000
39500,0.6610,3.8259,166.22,0.6610,3.8259,0,1,0,0,0,20,20,0,0,0,0,0,1000.000
39510,0.6610,3.8259,166.25,0.6610,3.8259,0,1,0,0,0,20,20,0,0,0,0,0,1000.000
39520,0.6610,3.8259,166.27,0.6610,3.8259,0,1,0,0,0,20,20,0,0,0,0,0,1000.000
39530,0.6610,3.8259,166.28,0.6610,3.8259,0,1,0,0,0,20,20,0,0,0,0,0,1000.000
39540,0.6610,3.8259,166.31,0.6610,3.8259,0,1,0,0,0,20,20,0,0,0,0,0,1000.000
39550,0.6610,3.8259,166.33,0.6610,3.8259,0,1,0,0,0,20,20,0,0,0,0,0,1000.000
39560,0.6610,3.8259,166.34,0.6610,3.8259,0,1,0,0,0,20,20,0,0,0,0,0,1000.000
39570,0.6610,3.8259,166.37,0.6610,3.8259,0,1,0,0,0,20,20,0,0,0,0,0,1000.000
39580,0.6610,3.8259,166.39,0.6610,3.8259,0,1,0,0,0,20,20,0,0,0,0,0,1000.000
39590,0.6610,3.8259,166.40,0.6610,3.8259,0,1,0,0,0,20,20,0,0,0,0,0,1000.000
39600,0.6610,3.8259,166.43,0.6610,3.8259,0,1,0,0,0,20,20,0,0,0,0,0,1000.000
39610,0.6610,3.8259,166.45,0.6610,3.8259,0,1,0,0,0,20,20,0,0,0,0,0,1000.000
39620,0.6610,3.8259,166.46,0.6610,3.8259,0,1,0,0,0,20,20,0,0,0,0,0,1000.000
39630,0.6610,3.8259,166.50,0.6610,3.8259,0,1,0,0,0,20,20,0,0,0,0,0,1000.000
39640,0.6610,3.8259,166.51,0.6610,3.8259,0,1,0,0,0,20,20,0,0,0,0,0,1000.000
39650,0.6610,3.8259,166.53,0.6610,3.8259,0,1,0,0,0,20,20,0,0,0,0,0,1000.000
39660,0.6610,3.8259,166.56,0.6610,3.8259,0,1,0,0,0,20,20,0,0,0,0,0,1000.000
39670,0.6610,3.8259,166.58,0.6610,3.8259,0,1,0,0,0,20,20,0,0,0,0,0,1000.000
39680,0.6610,3.8259,166.59,0.6610,3.8259,0,1,0,0,0,20,20,0,0,0,0,0,1000.000
39690,0.6610,3.8259,166.62,0.6610,3.8259,0,1,0,0,0,20,20,0,0,0,0,0,1000.000
39700,0.6610,3.8259,166.64,0.6610,3.8259,0,1,0,0,0,20,20,0,0,0,0,0,1000.000
39710,0.6610,3.8259,166.65,0.6610,3.8259,0,1,0,0,0,20,20,0,0,0,0,0,1000.000
39720,0.6610,3.8259,166.68,0.6610,3.8259,0,1,0,0,0,20,20,0,0,0,0,0,1000.000
39730,0.6610,3.8259,166.70,0.6610,3.8259,0,1,0,0,0,20,20,0,0,0,0,0,1000.000
39740,0.6610,3.8259,166.71,0.6610,3.8259,0,1,0,0,0,20,20,0,0,0,0,0,1000.000
39750,0.6610,3.8259,166.74,0.6610,3.8259,0,1,0,0,0,20,20,0,0,0,0,0,1000.000
39760,0.6610,3.8259,166.76,0.6610,3.8259,0,1,0,0,0,20,20,0,0,0,0,0,1000.000
39770,0.6610,3.8259,166.78,0.6610,3.8259,0,1,0,0,0,20,20,0,0,0,0,0,1000.000
39780,0.6610,3.8259,166.81,0.6610,3.8259,0,1,0,0,0,20,20,0,0,0,0,0,1000.000
39790,0.6610,3.8259,166.83,0.6610,3.8259,0,1,0,0,0,20,20,0,0,0,0,0,1000.000
39800,0.6610,3.8259,166.84,0.6610,3.8259,0,1,0,0,0,20,20,0,0,0,0,0,1000.000
39810,0.6610,3.8259,166.87,0.6610,3.8259,0,1,0,0,0,20,20,0,0,0,0,0,1000.000
39820,0.6610,3.8259,166.89,0.6610,3.8259,0,1,0,0,0,20,20,0,0,0,0,0,1000.000
39830,0.6610,3.8259,166.90,0.6610,3.8259,0,1,0,0,0,20,20,0,0,0,0,0,1000.000
39840,0.6610,3.8259,166.92,0.6610,3.8259,0,1,0,0,0,20,20,0,0,0,0,0,1000.000
39850,0.6610,3.8259,166.93,0.6610,3.8259,0,1,0,0,0,20,20,0,0,0,0,0,1000.000
39860,0.6610,3.8259,166.96,0.6610,3.8259,0,1,0,0,0,20,20,0,0,0,0,0,1000.000
39870,0.6610,3.8259,166.98,0.6610,3.8259,0,1,0,0,0,20,20,0,0,0,0,0,1000.000
39880,0.6610,3.8259,166.99,0.6610,3.8259,0,1,0,0,0,20,20,0,0,0,0,0,1000.000
39890,0.6610,3.8259,167.01,0.6610,3.8259,0,1,0,0,0,20,20,0,0,0,0,0,1000.000
39900,0.6610,3.8259,167.03,0.6610,3.8259,0,1,0,0,0,20,20,0,0,0,0,0,1000.000
39910,0.6610,3.8259,167.04,0.6610,3.8259,0,1,0,0,0,20,20,0,0,0,0,0,1000.000
39920,0.6610,3.8259,167.08,0.6610,3.8259,0,1,0,0,0,20,20,0,0,0,0,0,1000.000
39930,0.6610,3.8259,167.09,0.6610,3.8259,0,1,0,0,0,20,20,0,0,0,0,0,1000.000
39940,0.6610,3.8259,167.11,0.6610,3.8259,0,1,0,0,0,20,20,0,0,0,0,0,1000.000
39950,0.6610,3.8259,167.13,0.6610,3.8259,0,1,0,0,0,20,20,0,0,0,0,0,1000.000
39960,0.6610,3.8259,167.15,0.6610,3.8259,0,1,0,0,0,20,20,0,0,0,0,0,1000.000
39970,0.6610,3.8259,167.16,0.6610,3.8259,0,1,0,0,0,20,20,0,0,0,0,0,1000.000
39980,0.6610,3.8259,167.19,0.6610,3.8259,0,1,0,0,0,20,20,0,0,0,0,0,1000.000
39990,0.6610,3.8259,167.21,0.6610,3.8259,0,1,0,0,0,20,20,0,0,0,0,0,1000.000
40000,0.6610,3.8259,167.22,0.6610,3.8259,0,1,0,0,0,20,20,0,0,0,0,0,1000.000
40010,0.6610,3.8259,167.24,0.6610,3.8259,0,1,0,0,0,20,20,0,0,0,0,0,1000.000
40020,0.6610,3.8259,167.26,0.6610,3.8259,0,1,0,0,0,20,20,0,0,0,0,0,1000.000
40030,0.6610,3.8259,167.27,0.6610,3.8259,0,1,0,0,0,20,20,0,0,0,0,0,1000.000
40040,0.6610,3.8259,167.30,0.6610,3.8259,0,1,0,0,0,20,20,0,0,0,0,0,1000.000
40050,0.6610,3.8259,167.32,0.6610,3.8259,0,1,0,0,0,20,20,0,0,0,0,0,1000.000
40060,0.6610,3.8259,167.33,0.6610,3.8259,0,1,0,0,0,20,20,0,0,0,0,0,1000.000
40070,0.6610,3.8259,167.35,0.6610,3.8259,0,1,0,0,0,20,20,0,0,0,0,0,1000.000
40080,0.6610,3.8259,167.37,0.6610,3.8259,0,1,0,0,0,20,20,0,0,0,0,0,1000.000
40090,0.6610,3.8259,167.38,0.6610,3.8259,0,1,0,0,0,20,20,0,0,0,0,0,1000.000
40100,0.6610,3.8259,167.42,0.6610,3.8259,0,1,0,0,0,20,20,0,0,0,0,0,1000.000
40110,0.6610,3.8259,167.43,0.6610,3.8259,0,1,0,0,0,20,20,0,0,0,0,0,1000.000
40120,0.6610,3.8259,167.45,0.6610,3.8259,0,1,0,0,0,20,20,0,0,0,0,0,1000.000
40130,0.6610,3.8259,167.47,0.6610,3.8259,0,1,0,0,0,20,20,0,0,0,0,0,1000.000
40140,0.6610,3.8259,167.49,0.6610,3.8259,0,1,0,0,0,20,20,0,0,0,0,0,1000.000
40150,0.6610,3.8259,167.50,0.6610,3.8259,0,1,0,0,0,20,20,0,0,0,0,0,1000.000
40160,0.6610,3.8259,167.52,0.6610,3.8259,0,1,0,0,0,20,20,0,0,0,0,0,1000.000
40170,0.6610,3.8259,167.54,0.6610,3.8259,0,1,0,0,0,20,20,0,0,0,0,0,1000.000
40180,0.6610,3.8259,167.55,0.6610,3.8259,0,1,0,0,0,20,20,0,0,0,0,0,1000.000
40190,0.6610,3.8259,167.57,0.6610,3.8259,0,1,0,0,0,20,20,0,0,0,0,0,1000.000
40200,0.6610,3.8259,167.59,0.6610,3.8259,0,1,0,0,0,20,20,0,0,0,0,0,1000.000
40210,0.6610,3.8259,167.60,0.6610,3.8259,0,1,0,0,0,20,20,0,0,0,0,0,1000.000
40220,0.6610,3.8259,167.62,0.6610,3.8259,0,1,0,0,0,20,20,0,0,0,0,0,1000.000
40230,0.6610,3.8259,167.64,0.6610,3.8259,0,1,0,0,0,20,20,0,0,0,0,0,1000.000
40240,0.6610,3.8259,167.65,0.6610,3.8259,0,1,0,0,0,20,20,0,0,0,0,0,1000.000
40250,0.6610,3.8259,167.67,0.6610,3.8259,0,1,0,0,0,20,20,0,0,0,0,0,1000.000
40260,0.6610,3.8259,167.69,0.6610,3.8259,0,1,0,0,0,20,20,0,0,0,0,0,1000.000
40270,0.6610,3.8259,167.70,0.6610,3.8259,0,1,0,0,0,20,20,0,0,0,0,0,1000.000
40280,0.6610,3.8259,167.72,0.6610,3.8259,0,1,0,0,0,20,20,0,0,0,0,0,1000.000
40290,0.6610,3.8259,167.74,0.6610,3.8259,0,1,0,0,0,20,20,0,0,0,0,0,1000.000
40300,0.6610,3.8259,167.76,0.6610,3.8259,0,1,0,0,0,20,20,0,0,0,0,0,1000.000
40310,0.6610,3.8259,167.78,0.6610,3.8259,0,1,0,0,0,20,20,0,0,0,0,0,1000.000
40320,0.6610,3.8259,167.79,0.6610,3.8259,0,1,0,0,0,20,20,0,0,0,0,0,1000.000
40330,0.6610,3.8259,167.81,0.6610,3.8259,0,1,0,0,0,20,20,0,0,0,0,0,1000.000
40340,0.6610,3.8259,167.83,0.6610,3.8259,0,1,0,0,0,20,20,0,0,0,0,0,1000.000
40350,0.6610,3.8259,167.85,0.6610,3.8259,0,1,0,0,0,20,20,0,0,0,0,0,1000.000
40360,0.6610,3.8259,167.86,0.6610,3.8259,0,1,0,0,0,20,20,0,0,0,0,0,1000.000
40370,0.6610,3.8259,167.88,0.6610,3.8259,0,1,0,0,0,20,20,0,0,0,0,0,1000.000
40380,0.6610,3.8259,167.90,0.6610,3.8259,0,1,0,0,0,20,20,0,0,0,0,0,1000.000
40390,0.6610,3.8259,167.91,0.6610,3.8259,0,1,0,0,0,20,20,0,0,0,0,0,1000.000
40400,0.6610,3.8259,167.93,0.6610,3.8259,0,1,0,0,0,20,20,0,0,0,0,0,1000.000
40410,0.6610,3.8259,167.95,0.6610,3.8259,0,1,0,0,0,20,20,0,0,0,0,0,1000.000
40420,0.6610,3.8259,167.96,0.6610,3.8259,0,1,0,0,0,20,20,0,0,0,0,0,1000.000
40430,0.6610,3.8259,167.98,0.6610,3.8259,0,1,0,0,0,20,20,0,0,0,0,0,1000.000
40440,0.6610,3.8259,168.00,0.6610,3.8259,0,1,0,0,0,20,20,0,0,0,0,0,1000.000
40450,0.6610,3.8259,168.01,0.6610,3.8259,0,1,0,0,0,20,20,0,0,0,0,0,1000.000
40460,0.6610,3.8259,168.03,0.6610,3.8259,0,1,0,0,0,20,20,0,0,0,0,0,1000.000
40470,0.6610,3.8259,168.05,0.6610,3.8259,0,1,0,0,0,20,20,0,0,0,0,0,1000.000
40480,0.6610,3.8259,168.06,0.6610,3.8259,0,1,0,0,0,20,20,0,0,0,0,0,1000.000
40490,0.6610,3.8259,168.08,0.6610,3.8259,0,1,0,0,0,20,20,0,0,0,0,0,1000.000
40500,0.6610,3.8259,168.10,0.6610,3.8259,0,1,0,0,0,20,20,0,0,0,0,0,1000.000
40510,0.6610,3.8259,168.11,0.6610,3.8259,0,1,0,0,0,20,20,0,0,0,0,0,1000.000
40520,0.6610,3.8259,168.13,0.6610,3.8259,0,1,0,0,0,20,20,0,0,0,0,0,1000.000
40530,0.6610,3.8259,168.15,0.6610,3.8259,0,1,0,0,0,20,20,0,0,0,0,0,1000.000
40540,0.6610,3.8259,168.16,0.6610,3.8259,0,1,0,0,0,20,20,0,0,0,0,0,1000.000
40550,0.6610,3.8259,168.18,0.6610,3.8259,0,1,0,0,0,20,20,0,0,0,0,0,1000.000
40560,0.6610,3.8259,168.20,0.6610,3.8259,0,1,0,0,0,20,20,0,0,0,0,0,1000.000
40570,0.6610,3.8259,168.21,0.6610,3.8259,0,1,0,0,0,20,20,0,0,0,0,0,1000.000
40580,0.6610,3.8259,168.23,0.6610,3.8259,0,1,0,0,0,20,20,0,0,0,0,0,1000.000
40590,0.6610,3.8259,168.25,0.6610,3.8259,0,1,0,0,0,20,20,0,0,0,0,0,1000.000
40600,0.6610,3.8259,168.26,0.6610,3.8259,0,1,0,0,0,20,20,0,0,0,0,0,1000.000
40610,0.6610,3.8259,168.28,0.6610,3.8259,0,1,0,0,0,20,20,0,0,0,0,0,1000.000
40620,0.6610,3.8259,168.29,0.6610,3.8259,0,1,0,0,0,20,20,0,0,0,0,0,1000.000
40630,0.6610,3.8259,168.31,0.6610,3.8259,0,1,0,0,0,20,20,0,0,0,0,0,1000.000
40640,0.6610,3.8259,168.33,0.6610,3.8259,0,1,0,0,0,20,20,0,0,0,0,0,1000.000
40650,0.6610,3.8259,168.34,0.6610,3.8259,0,1,0,0,0,20,20,0,0,0,0,0,1000.000
40660,0.6610,3.8259,168.36,0.6610,3.8259,0,1,0,0,0,20,20,0,0,0,0,0,1000.000
40670,0.6610,3.8259,168.37,0.6610,3.8259,0,1,0,0,0,20,20,0,0,0,0,0,1000.000
40680,0.6610,3.8259,168.39,0.6610,3.8259,0,1,0,0,0,20,20,0,0,0,0,0,1000.000
40690,0.6610,3.8259,168.40,0.6610,3.8259,0,1,0,0,0,20,20,0,0,0,0,0,1000.000
40700,0.6610,3.8259,168.42,0.6610,3.8259,0,1,0,0,0,20,20,0,0,0,0,0,1000.000
40710,0.6610,3.8259,168.44,0.6610,3.8259,0,1,0,0,0,20,20,0,0,0,0,0,1000.000
40720,0.6610,3.8259,168.45,0.6610,3.8259,0,1,0,0,0,20,20,0,0,0,0,0,1000.000
40730,0.6610,3.8259,168.47,0.6610,3.8259,0,1,0,0,0,20,20,0,0,0,0,0,1000.000
40740,0.6610,3.8259,168.48,0.6610,3.8259,0,1,0,0,0,20,20,0,0,0,0,0,1000.000
40750,0.6610,3.8259,168.50,0.6610,3.8259,0,1,0,0,0,20,20,0,0,0,0,0,1000.000
40760,0.6610,3.8259,168.51,0.6610,3.8259,0,1,0,0,0,20,20,0,0,0,0,0,1000.000
40770,0.6610,3.8259,168.53,0.6610,3.8259,0,1,0,0,0,20,20,0,0,0,0,0,1000.000
40780,0.6610,3.8259,168.55,0.6610,3.8259,0,1,0,0,0,20,20,0,0,0,0,0,1000.000
40790,0.6610,3.8259,168.56,0.6610,3.8259,0,1,0,0,0,20,20,0,0,0,0,0,1000.000
40800,0.6610,3.8259,168.58,0.6610,3.8259,0,1,0,0,0,20,20,0,0,0,0,0,1000.000
40810,0.6610,3.8259,168.60,0.6610,3.8259,0,1,0,0,0,20,20,0,0,0,0,0,1000.000
40820,0.6610,3.8259,168.61,0.6610,3.8259,0,1,0,0,0,20,20,0,0,0,0,0,1000.000
40830,0.6610,3.8259,168.63,0.6610,3.8259,0,1,0,0,0,20,20,0,0,0,0,0,1000.000
40840,0.6610,3.8259,168.65,0.6610,3.8259,0,1,0,0,0,20,20,0,0,0,0,0,1000.000
40850,0.6610,3.8259,168.66,0.6610,3.8259,0,1,0,0,0,20,20,0,0,0,0,0,1000.000
40860,0.6610,3.8259,168.68,0.6610,3.8259,0,1,0,0,0,20,20,0,0,0,0,0,1000.000
40870,0.6610,3.8259,168.70,0.6610,3.8259,0,1,0,0,0,20,20,0,0,0,0,0,1000.000
40880,0.6610,3.8259,168.71,0.6610,3.8259,0,1,0,0,0,20,20,0,0,0,0,0,1000.000
40890,0.6610,3.8259,168.73,0.6610,3.8259,0,1,0,0,0,20,20,0,0,0,0,0,1000.000
40900,0.6610,3.8259,168.74,0.6610,3.8259,0,1,0,0,0,20,20,0,0,0,0,0,1000.000
40910,0.6610,3.8259,168.76,0.6610,3.8259,0,1,0,0,0,20,20,0,0,0,0,0,1000.000
40920,0.6610,3.8259,168.77,0.6610,3.8259,0,1,0,0,0,20,20,0,0,0,0,0,1000.000
40930,0.6610,3.8259,168.79,0.6610,3.8259,0,1,0,0,0,20,20,0,0,0,0,0,1000.000
40940,0.6610,3.8259,168.80,0.6610,3.8259,0,1,0,0,0,20,20,0,0,0,0,0,1000.000
40950,0.6610,3.8259,168.82,0.6610,3.8259,0,1,0,0,0,20,20,0,0,0,0,0,1000.000
40960,0.6610,3.8259,168.83,0.6610,3.8259,0,1,0,0,0,20,20,0,0,0,0,0,1000.000
40970,0.6610,3.8259,168.85,0.6610,3.8259,0,1,0,0,0,20,20,0,0,0,0,0,1000.000
40980,0.6610,3.8259,168.86,0.6610,3.8259,0,1,0,0,0,20,20,0,0,0,0,0,1000.000
40990,0.6610,3.8259,168.88,0.6610,3.8259,0,1,0,0,0,20,20,0,0,0,0,0,1000.000
41000,0.6610,3.8259,168.89,0.6610,3.8259,0,1,0,0,0,20,20,0,0,0,0,0,1000.000
41010,0.6610,3.8259,168.91,0.6610,3.8259,0,1,0,0,0,20,20,0,0,0,0,0,1000.000
41020,0.6610,3.8259,168.92,0.6610,3.8259,0,1,0,0,0,20,20,0,0,0,0,0,1000.000
41030,0.6610,3.8259,168.94,0.6610,3.8259,0,1,0,0,0,20,20,0,0,0,0,0,1000.000
41040,0.6610,3.8259,168.95,0.6610,3.8259,0,1,0,0,0,20,20,0,0,0,0,0,1000.000
41050,0.6610,3.8259,168.97,0.6610,3.8259,0,1,0,0,0,20,20,0,0,0,0,0,1000.000
41060,0.6610,3.8259,168.98,0.6610,3.8259,0,1,0,0,0,20,20,0,0,0,0,0,1000.000
41070,0.6610,3.8259,169.00,0.6610,3.8259,0,1,0,0,0,20,20,0,0,0,0,0,1000.000
41080,0.6610,3.8259,169.01,0.6610,3.8259,0,1,0,0,0,20,20,0,0,0,0,0,1000.000
41090,0.6610,3.8259,169.03,0.6610,3.8259,0,1,0,0,0,20,20,0,0,0,0,0,1000.000
41100,0.6610,3.8259,169.04,0.6610,3.8259,0,1,0,0,0,20,20,0,0,0,0,0,1000.000
41110,0.6610,3.8259,169.06,0.6610,3.8259,0,1,0,0,0,20,20,0,0,0,0,0,1000.000
41120,0.6610,3.8259,169.08,0.6610,3.8259,0,1,0,0,0,20,20,0,0,0,0,0,1000.000
41130,0.6610,3.8259,169.09,0.6610,3.8259,0,1,0,0,0,20,20,0,0,0,0,0,1000.000
41140,0.6610,3.8259,169.11,0.6610,3.8259,0,1,0,0,0,20,20,0,0,0,0,0,1000.000
41150,0.6610,3.8259,169.12,0.6610,3.8259,0,1,0,0,0,20,20,0,0,0,0,0,1000.000
41160,0.6610,3.8259,169.14,0.6610,3.8259,0,1,0,0,0,20,20,0,0,0,0,0,1000.000
41170,0.6610,3.8259,169.15,0.6610,3.8259,0,1,0,0,0,20,20,0,0,0,0,0,1000.000
41180,0.6610,3.8259,169.17,0.6610,3.8259,0,1,0,0,0,20,20,0,0,0,0,0,1000.000
41190,0.6610,3.8259,169.19,0.6610,3.8259,0,1,0,0,0,20,20,0,0,0,0,0,1000.000
41200,0.6610,3.8259,169.20,0.6610,3.8259,0,1,0,0,0,20,20,0,0,0,0,0,1000.000
41210,0.6610,3.8259,169.22,0.6610,3.8259,0,1,0,0,0,20,20,0,0,0,0,0,1000.000
41220,0.6610,3.8259,169.23,0.6610,3.8259,0,1,0,0,0,20,20,0,0,0,0,0,1000.000
41230,0.6610,3.8259,169.25,0.6610,3.8259,0,1,0,0,0,20,20,0,0,0,0,0,1000.000
41240,0.6610,3.8259,169.26,0.6610,3.8259,0,1,0,0,0,20,20,0,0,0,0,0,1000.000
41250,0.6610,3.8259,169.28,0.6610,3.8259,0,1,0,0,0,20,20,0,0,0,0,0,1000.000
41260,0.6610,3.8259,169.29,0.6610,3.8259,0,1,0,0,0,20,20,0,0,0,0,0,1000.000
41270,0.6610,3.8259,169.31,0.6610,3.8259,0,1,0,0,0,20,20,0,0,0,0,0,1000.000
41280,0.6610,3.8259,169.32,0.6610,3.8259,0,1,0,0,0,20,20,0,0,0,0,0,1000.000
41290,0.6610,3.8259,169.34,0.6610,3.8259,0,1,0,0,0,20,20,0,0,0,0,0,1000.000
41300,0.6610,3.8259,169.35,0.6610,3.8259,0,1,0,0,0,20,20,0,0,0,0,0,1000.000
41310,0.6610,3.8259,169.37,0.6610,3.8259,0,1,0,0,0,20,20,0,0,0,0,0,1000.000
41320,0.6610,3.8259,169.38,0.6610,3.8259,0,1,0,0,0,20,20,0,0,0,0,0,1000.000
41330,0.6610,3.8259,169.40,0.6610,3.8259,0,1,0,0,0,20,20,0,0,0,0,0,1000.000
41340,0.6610,3.8259,169.41,0.6610,3.8259,0,1,0,0,0,20,20,0,0,0,0,0,1000.000
41350,0.6610,3.8259,169.43,0.6610,3.8259,0,1,0,0,0,20,20,0,0,0,0,0,1000.000
41360,0.6610,3.8259,169.44,0.6610,3.8259,0,1,0,0,0,20,20,0,0,0,0,0,1000.000
41370,0.6610,3.8259,169.46,0.6610,3.8259,0,1,0,0,0,20,20,0,0,0,0,0,1000.000
41380,0.6610,3.8259,169.47,0.6610,3.8259,0,1,0,0,0,20,20,0,0,0,0,0,1000.000
41390,0.6610,3.8259,169.49,0.6610,3.8259,0,1,0,0,0,20,20,0,0,0,0,0,1000.000
41400,0.6610,3.8259,169.50,0.6610,3.8259,0,1,0,0,0,20,20,0,0,0,0,0,1000.000
41410,0.6610,3.8259,169.52,0.6610,3.8259,0,1,0,0,0,20,20,0,0,0,0,0,1000.000
41420,0.6610,3.8259,169.53,0.6610,3.8259,0,1,0,0,0,20,20,0,0,0,0,0,1000.000
41430,0.6610,3.8259,169.55,0.6610,3.8259,0,1,0,0,0,20,20,0,0,0,0,0,1000.000
41440,0.6610,3.8259,169.57,0.6610,3.8259,0,1,0,0,0,20,20,0,0,0,0,0,1000.000
41450,0.6610,3.8259,169.58,0.6610,3.8259,0,1,0,0,0,20,20,0,0,0,0,0,1000.000
41460,0.6610,3.8259,169.60,0.6610,3.8259,0,1,0,0,0,20,20,0,0,0,0,0,1000.000
41470,0.6610,3.8259,169.61,0.6610,3.8259,0,1,0,0,0,20,20,0,0,0,0,0,1000.000
41480,0.6610,3.8259,169.63,0.6610,3.8259,0,1,0,0,0,20,20,0,0,0,0,0,1000.000
41490,0.6610,3.8259,169.64,0.6610,3.8259,0,1,0,0,0,20,20,0,0,0,0,0,1000.000
41500,0.6610,3.8259,169.66,0.6610,3.8259,0,1,0,0,0,20,20,0,0,0,0,0,1000.000
41510,0.6610,3.8259,169.68,0.6610,3.8259,0,1,0,0,0,20,20,0,0,0,0,0,1000.000
41520,0.6610,3.8259,169.69,0.6610,3.8259,0,1,0,0,0,20,20,0,0,0,0,0,1000.000
41530,0.6610,3.8259,169.71,0.6610,3.8259,0,1,0,0,0,20,20,0,0,0,0,0,1000.000
41540,0.6610,3.8259,169.72,0.6610,3.8259,0,1,0,0,0,20,20,0,0,0,0,0,1000.000
41550,0.6610,3.8259,169.74,0.6610,3.8259,0,1,0,0,0,20,20,0,0,0,0,0,1000.000
41560,0.6610,3.8259,169.75,0.6610,3.8259,0,1,0,0,0,20,20,0,0,0,0,0,1000.000
41570,0.6610,3.8259,169.77,0.6610,3.8259,0,1,0,0,0,20,20,0,0,0,0,0,1000.000
41580,0.6610,3.8259,169.78,0.6610,3.8259,0,1,0,0,0,20,20,0,0,0,0,0,1000.000
41590,0.6610,3.8259,169.80,0.6610,3.8259,0,1,0,0,0,20,20,0,0,0,0,0,1000.000
41600,0.6610,3.8259,169.81,0.6610,3.8259,0,1,0,0,0,20,20,0,0,0,0,0,1000.000
41610,0.6610,3.8259,169.83,0.6610,3.8259,0,1,0,0,0,20,20,0,0,0,0,0,1000.000
41620,0.6610,3.8259,169.84,0.6610,3.8259,0,1,0,0,0,20,20,0,0,0,0,0,1000.000
41630,0.6610,3.8259,169.86,0.6610,3.8259,0,1,0,0,0,20,20,0,0,0,0,0,1000.000
41640,0.6610,3.8259,169.87,0.6610,3.8259,0,1,0,0,0,20,20,0,0,0,0,0,1000.000
41650,0.6610,3.8259,169.89,0.6610,3.8259,0,1,0,0,0,20,20,0,0,0,0,0,1000.000
41660,0.6610,3.8259,169.90,0.6610,3.8259,0,1,0,0,0,20,20,0,0,0,0,0,1000.000
41670,0.6610,3.8259,169.92,0.6610,3.8259,0,1,0,0,0,20,20,0,0,0,0,0,1000.000
41680,0.6610,3.8259,169.93,0.6610,3.8259,0,1,0,0,0,20,20,0,0,0,0,0,1000.000
41690,0.6610,3.8259,169.95,0.6610,3.8259,0,1,0,0,0,20,20,0,0,0,0,0,1000.000
41700,0.6610,3.8259,169.96,0.6610,3.8259,0,1,0,0,0,20,20,0,0,0,0,0,1000.000
41710,0.6610,3.8259,169.98,0.6610,3.8259,0,1,0,0,0,20,20,0,0,0,0,0,1000.000
41720,0.6610,3.8259,169.99,0.6610,3.8259,0,1,0,0,0,20,20,0,0,0,0,0,1000.000
41730,0.6610,3.8259,170.01,0.6610,3.8259,0,1,0,0,0,20,20,0,0,0,0,0,1000.000
41740,0.6610,3.8259,170.01,0.6610,3.8259,0,1,0,0,0,20,20,0,0,0,0,0,1000.000
41750,0.6610,3.8259,170.03,0.6610,3.8259,0,1,0,0,0,20,20,0,0,0,0,0,1000.000
41760,0.6610,3.8259,170.06,0.6610,3.8259,0,1,0,0,0,20,20,0,0,0,0,0,1000.000
41770,0.6610,3.8259,170.06,0.6610,3.8259,0,1,0,0,0,20,20,0,0,0,0,0,1000.000
41780,0.6610,3.8259,170.08,0.6610,3.8259,0,1,0,0,0,20,20,0,0,0,0,0,1000.000
41790,0.6610,3.8259,170.09,0.6610,3.8259,0,1,0,0,0,20,20,0,0,0,0,0,1000.000
41800,0.6610,3.8259,170.10,0.6610,3.8259,0,1,0,0,0,20,20,0,0,0,0,0,1000.000
41810,0.6610,3.8259,170.13,0.6610,3.8259,0,1,0,0,0,20,20,0,0,0,0,0,1000.000
41820,0.6610,3.8259,170.13,0.6610,3.8259,0,1,0,0,0,20,20,0,0,0,0,0,1000.000
41830,0.6610,3.8259,170.15,0.6610,3.8259,0,1,0,0,0,20,20,0,0,0,0,0,1000.000
41840,0.6610,3.8259,170.16,0.6610,3.8259,0,1,0,0,0,20,20,0,0,0,0,0,1000.000
41850,0.6610,3.8259,170.17,0.6610,3.8259,0,1,0,0,0,20,20,0,0,0,0,0,1000.000
41860,0.6610,3.8259,170.20,0.6610,3.8259,0,1,0,0,0,20,20,0,0,0,0,0,1000.000
41870,0.6610,3.8259,170.20,0.6610,3.8259,0,1,0,0,0,20,20,0,0,0,0,0,1000.000
41880,0.6610,3.8259,170.22,0.6610,3.8259,0,1,0,0,0,20,20,0,0,0,0,0,1000.000
41890,0.6610,3.8259,170.23,0.6610,3.8259,0,1,0,0,0,20,20,0,0,0,0,0,1000.000
41900,0.6610,3.8259,170.24,0.6610,3.8259,0,1,0,0,0,20,20,0,0,0,0,0,1000.000
41910,0.6610,3.8259,170.27,0.6610,3.8259,0,1,0,0,0,20,20,0,0,0,0,0,1000.000
41920,0.6610,3.8259,170.27,0.6610,3.8259,0,1,0,0,0,20,20,0,0,0,0,0,1000.000
41930,0.6610,3.8259,170.29,0.6610,3.8259,0,1,0,0,0,20,20,0,0,0,0,0,1000.000
41940,0.6610,3.8259,170.30,0.6610,3.8259,0,1,0,0,0,20,20,0,0,0,0,0,1000.000
41950,0.6610,3.8259,170.31,0.6610,3.8259,0,1,0,0,0,20,20,0,0,0,0,0,1000.000
41960,0.6610,3.8259,170.34,0.6610,3.8259,0,1,0,0,0,20,20,0,0,0,0,0,1000.000
41970,0.6610,3.8259,170.35,0.6610,3.8259,0,1,0,0,0,20,20,0,0,0,0,0,1000.000
41980,0.6610,3.8259,170.36,0.6610,3.8259,0,1,0,0,0,20,20,0,0,0,0,0,1000.000
41990,0.6610,3.8259,170.37,0.6610,3.8259,0,1,0,0,0,20,20,0,0,0,0,0,1000.000
42000,0.6610,3.8259,170.39,0.6610,3.8259,0,1,0,0,0,20,20,0,0,0,0,0,1000.000
42010,0.6610,3.8259,170.41,0.6610,3.8259,0,1,0,0,0,20,20,0,0,0,0,0,1000.000
42020,0.6610,3.8259,170.42,0.6610,3.8259,0,1,0,0,0,20,20,0,0,0,0,0,1000.000
42030,0.6610,3.8259,170.43,0.6610,3.8259,0,1,0,0,0,20,20,0,0,0,0,0,1000.000
42040,0.6610,3.8259,170.44,0.6610,3.8259,0,1,0,0,0,20,20,0,0,0,0,0,1000.000
42050,0.6610,3.8259,170.46,0.6610,3.8259,0,1,0,0,0,20,20,0,0,0,0,0,1000.000
42060,0.6610,3.8259,170.48,0.6610,3.8259,0,1,0,0,0,20,20,0,0,0,0,0,1000.000
42070,0.6610,3.8259,170.49,0.6610,3.8259,0,1,0,0,0,20,20,0,0,0,0,0,1000.000
42080,0.6610,3.8259,170.50,0.6610,3.8259,0,1,0,0,0,20,20,0,0,0,0,0,1000.000
42090,0.6610,3.8259,170.51,0.6610,3.8259,0,1,0,0,0,20,20,0,0,0,0,0,1000.000
42100,0.6610,3.8259,170.53,0.6610,3.8259,0,1,0,0,0,20,20,0,0,0,0,0,1000.000
42110,0.6610,3.8259,170.55,0.6610,3.8259,0,1,0,0,0,20,20,0,0,0,0,0,1000.000
42120,0.6610,3.8259,170.56,0.6610,3.8259,0,1,0,0,0,20,20,0,0,0,0,0,1000.000
42130,0.6610,3.8259,170.57,0.6610,3.8259,0,1,0,0,0,20,20,0,0,0,0,0,1000.000
42140,0.6610,3.8259,170.58,0.6610,3.8259,0,1,0,0,0,20,20,0,0,0,0,0,1000.000
42150,0.6610,3.8259,170.60,0.6610,3.8259,0,1,0,0,0,20,20,0,0,0,0,0,1000.000
42160,0.6610,3.8259,170.62,0.6610,3.8259,0,1,0,0,0,20,20,0,0,0,0,0,1000.000
42170,0.6610,3.8259,170.63,0.6610,3.8259,0,1,0,0,0,20,20,0,0,0,0,0,1000.000
42180,0.6610,3.8259,170.63,0.6610,3.8259,0,1,0,0,0,20,20,0,0,0,0,0,1000.000
42190,0.6610,3.8259,170.65,0.6610,3.8259,0,1,0,0,0,20,20,0,0,0,0,0,1000.000
42200,0.6610,3.8259,170.66,0.6610,3.8259,0,1,0,0,0,20,20,0,0,0,0,0,1000.000
42210,0.6610,3.8259,170.67,0.6610,3.8259,0,1,0,0,0,20,20,0,0,0,0,0,1000.000
42220,0.6610,3.8259,170.69,0.6610,3.8259,0,1,0,0,0,20,20,0,0,0,0,0,1000.000
42230,0.6610,3.8259,170.69,0.6610,3.8259,0,1,0,0,0,20,20,0,0,0,0,0,1000.000
42240,0.6610,3.8259,170.71,0.6610,3.8259,0,1,0,0,0,20,20,0,0,0,0,0,1000.000
42250,0.6610,3.8259,170.72,0.6610,3.8259,0,1,0,0,0,20,20,0,0,0,0,0,1000.000
42260,0.6610,3.8259,170.73,0.6610,3.8259,0,1,0,0,0,20,20,0,0,0,0,0,1000.000
42270,0.6610,3.8259,170.74,0.6610,3.8259,0,1,0,0,0,20,20,0,0,0,0,0,1000.000
42280,0.6610,3.8259,170.75,0.6610,3.8259,0,1,0,0,0,20,20,0,0,0,0,0,1000.000
42290,0.6610,3.8259,170.78,0.6610,3.8259,0,1,0,0,0,20,20,0,0,0,0,0,1000.000
42300,0.6610,3.8259,170.79,0.6610,3.8259,0,1,0,0,0,20,20,0,0,0,0,0,1000.000
42310,0.6610,3.8259,170.80,0.6610,3.8259,0,1,0,0,0,20,20,0,0,0,0,0,1000.000
42320,0.6610,3.8259,170.81,0.6610,3.8259,0,1,0,0,0,20,20,0,0,0,0,0,1000.000
42330,0.6610,3.8259,170.83,0.6610,3.8259,0,1,0,0,0,20,20,0,0,0,0,0,1000.000
42340,0.6610,3.8259,170.83,0.6610,3.8259,0,1,0,0,0,20,20,0,0,0,0,0,1000.000
42350,0.6610,3.8259,170.85,0.6610,3.8259,0,1,0,0,0,20,20,0,0,0,0,0,1000.000
42360,0.6610,3.8259,170.85,0.6610,3.8259,0,1,0,0,0,20,20,0,0,0,0,0,1000.000
42370,0.6610,3.8259,170.87,0.6610,3.8259,0,1,0,0,0,20,20,0,0,0,0,0,1000.000
42380,0.6610,3.8259,170.89,0.6610,3.8259,0,1,0,0,0,20,20,0,0,0,0,0,1000.000
42390,0.6610,3.8259,170.89,0.6610,3.8259,0,1,0,0,0,20,20,0,0,0,0,0,1000.000
42400,0.6610,3.8259,170.91,0.6610,3.8259,0,1,0,0,0,20,20,0,0,0,0,0,1000.000
42410,0.6610,3.8259,170.91,0.6610,3.8259,0,1,0,0,0,20,20,0,0,0,0,0,1000.000
42420,0.6610,3.8259,170.93,0.6610,3.8259,0,1,0,0,0,20,20,0,0,0,0,0,1000.000
42430,0.6610,3.8259,170.96,0.6610,3.8259,0,1,0,0,0,20,20,0,0,0,0,0,1000.000
42440,0.6610,3.8259,170.96,0.6610,3.8259,0,1,0,0,0,20,20,0,0,0,0,0,1000.000
42450,0.6610,3.8259,170.97,0.6610,3.8259,0,1,0,0,0,20,20,0,0,0,0,0,1000.000
42460,0.6610,3.8259,170.99,0.6610,3.8259,0,1,0,0,0,20,20,0,0,0,0,0,1000.000
42470,0.6610,3.8259,171.00,0.6610,3.8259,0,1,0,0,0,20,20,0,0,0,0,0,1000.000
42480,0.6610,3.8259,171.01,0.6610,3.8259,0,1,0,0,0,20,20,0,0,0,0,0,1000.000
42490,0.6610,3.8259,171.02,0.6610,3.8259,0,1,0,0,0,20,20,0,0,0,0,0,1000.000
42500,0.6610,3.8259,171.03,0.6610,3.8259,0,1,0,0,0,20,20,0,0,0,0,0,1000.000
42510,0.6610,3.8259,171.05,0.6610,3.8259,0,1,0,0,0,20,20,0,0,0,0,0,1000.000
42520,0.6610,3.8259,171.06,0.6610,3.8259,0,1,0,0,0,20,20,0,0,0,0,0,1000.000
42530,0.6610,3.8259,171.07,0.6610,3.8259,0,1,0,0,0,20,20,0,0,0,0,0,1000.000
42540,0.6610,3.8259,171.08,0.6610,3.8259,0,1,0,0,0,20,20,0,0,0,0,0,1000.000
42550,0.6610,3.8259,171.09,0.6610,3.8259,0,1,0,0,0,20,20,0,0,0,0,0,1000.000
42560,0.6610,3.8259,171.12,0.6610,3.8259,0,1,0,0,0,20,20,0,0,0,0,0,1000.000
42570,0.6610,3.8259,171.13,0.6610,3.8259,0,1,0,0,0,20,20,0,0,0,0,0,1000.000
42580,0.6610,3.8259,171.13,0.6610,3.8259,0,1,0,0,0,20,20,0,0,0,0,0,1000.000
42590,0.6610,3.8259,171.15,0.6610,3.8259,0,1,0,0,0,20,20,0,0,0,0,0,1000.000
42600,0.6610,3.8259,171.16,0.6610,3.8259,0,1,0,0,0,20,20,0,0,0,0,0,1000.000
42610,0.6610,3.8259,171.17,0.6610,3.8259,0,1,0,0,0,20,20,0,0,0,0,0,1000.000
42620,0.6610,3.8259,171.18,0.6610,3.8259,0,1,0,0,0,20,20,0,0,0,0,0,1000.000
42630,0.6610,3.8259,171.19,0.6610,3.8259,0,1,0,0,0,20,20,0,0,0,0,0,1000.000
42640,0.6610,3.8259,171.21,0.6610,3.8259,0,1,0,0,0,20,20,0,0,0,0,0,1000.000
42650,0.6610,3.8259,171.22,0.6610,3.8259,0,1,0,0,0,20,20,0,0,0,0,0,1000.000
42660,0.6610,3.8259,171.23,0.6610,3.8259,0,1,0,0,0,20,20,0,0,0,0,0,1000.000
42670,0.6610,3.8259,171.24,0.6610,3.8259,0,1,0,0,0,20,20,0,0,0,0,0,1000.000
42680,0.6610,3.8259,171.25,0.6610,3.8259,0,1,0,0,0,20,20,0,0,0,0,0,1000.000
42690,0.6610,3.8259,171.27,0.6610,3.8259,0,1,0,0,0,20,20,0,0,0,0,0,1000.000
42700,0.6610,3.8259,171.27,0.6610,3.8259,0,1,0,0,0,20,20,0,0,0,0,0,1000.000
42710,0.6610,3.8259,171.29,0.6610,3.8259,0,1,0,0,0,20,20,0,0,0,0,0,1000.000
42720,0.6610,3.8259,171.29,0.6610,3.8259,0,1,0,0,0,20,20,0,0,0,0,0,1000.000
42730,0.6610,3.8259,171.31,0.6610,3.8259,0,1,0,0,0,20,20,0,0,0,0,0,1000.000
42740,0.6610,3.8259,171.32,0.6610,3.8259,0,1,0,0,0,20,20,0,0,0,0,0,1000.000
42750,0.6610,3.8259,171.33,0.6610,3.8259,0,1,0,0,0,20,20,0,0,0,0,0,1000.000
42760,0.6610,3.8259,171.34,0.6610,3.8259,0,1,0,0,0,20,20,0,0,0,0,0,1000.000
42770,0.6610,3.8259,171.35,0.6610,3.8259,0,1,0,0,0,20,20,0,0,0,0,0,1000.000
42780,0.6610,3.8259,171.36,0.6610,3.8259,0,1,0,0,0,20,20,0,0,0,0,0,1000.000
42790,0.6610,3.8259,171.37,0.6610,3.8259,0,1,0,0,0,20,20,0,0,0,0,0,1000.000
42800,0.6610,3.8259,171.38,0.6610,3.8259,0,1,0,0,0,20,20,0,0,0,0,0,1000.000
42810,0.6610,3.8259,171.40,0.6610,3.8259,0,1,0,0,0,20,20,0,0,0,0,0,1000.000
42820,0.6610,3.8259,171.40,0.6610,3.8259,0,1,0,0,0,20,20,0,0,0,0,0,1000.000
42830,0.6610,3.8259,171.42,0.6610,3.8259,0,1,0,0,0,20,20,0,0,0,0,0,1000.000
42840,0.6610,3.8259,171.42,0.6610,3.8259,0,1,0,0,0,20,20,0,0,0,0,0,1000.000
42850,0.6610,3.8259,171.44,0.6610,3.8259,0,1,0,0,0,20,20,0,0,0,0,0,1000.000
42860,0.6610,3.8259,171.45,0.6610,3.8259,0,1,0,0,0,20,20,0,0,0,0,0,1000.000
42870,0.6610,3.8259,171.46,0.6610,3.8259,0,1,0,0,0,20,20,0,0,0,0,0,1000.000
42880,0.6610,3.8259,171.47,0.6610,3.8259,0,1,0,0,0,20,20,0,0,0,0,0,1000.000
42890,0.6610,3.8259,171.48,0.6610,3.8259,0,1,0,0,0,20,20,0,0,0,0,0,1000.000
42900,0.6610,3.8259,171.49,0.6610,3.8259,0,1,0,0,0,20,20,0,0,0,0,0,1000.000
42910,0.6610,3.8259,171.50,0.6610,3.8259,0,1,0,0,0,20,20,0,0,0,0,0,1000.000
42920,0.6610,3.8259,171.51,0.6610,3.8259,0,1,0,0,0,20,20,0,0,0,0,0,1000.000
42930,0.6610,3.8259,171.53,0.6610,3.8259,0,1,0,0,0,20,20,0,0,0,0,0,1000.000
42940,0.6610,3.8259,171.53,0.6610,3.8259,0,1,0,0,0,20,20,0,0,0,0,0,1000.000
42950,0.6610,3.8259,171.55,0.6610,3.8259,0,1,0,0,0,20,20,0,0,0,0,0,1000.000
42960,0.6610,3.8259,171.55,0.6610,3.8259,0,1,0,0,0,20,20,0,0,0,0,0,1000.000
42970,0.6610,3.8259,171.57,0.6610,3.8259,0,1,0,0,0,20,20,0,0,0,0,0,1000.000
42980,0.6610,3.8259,171.58,0.6610,3.8259,0,1,0,0,0,20,20,0,0,0,0,0,1000.000
42990,0.6610,3.8259,171.59,0.6610,3.8259,0,1,0,0,0,20,20,0,0,0,0,0,1000.000
43000,0.6610,3.8259,171.60,0.6610,3.8259,0,1,0,0,0,20,20,0,0,0,0,0,1000.000
43010,0.6610,3.8259,171.61,0.6610,3.8259,0,1,0,0,0,20,20,0,0,0,0,0,1000.000
43020,0.6610,3.8259,171.62,0.6610,3.8259,0,1,0,0,0,20,20,0,0,0,0,0,1000.000
43030,0.6610,3.8259,171.63,0.6610,3.8259,0,1,0,0,0,20,20,0,0,0,0,0,1000.000
43040,0.6610,3.8259,171.64,0.6610,3.8259,0,1,0,0,0,20,20,0,0,0,0,0,1000.000
43050,0.6610,3.8259,171.66,0.6610,3.8259,0,1,0,0,0,20,20,0,0,0,0,0,1000.000
43060,0.6610,3.8259,171.66,0.6610,3.8259,0,1,0,0,0,20,20,0,0,0,0,0,1000.000
43070,0.6610,3.8259,171.68,0.6610,3.8259,0,1,0,0,0,20,20,0,0,0,0,0,1000.000
43080,0.6610,3.8259,171.68,0.6610,3.8259,0,1,0,0,0,20,20,0,0,0,0,0,1000.000
43090,0.6610,3.8259,171.70,0.6610,3.8259,0,1,0,0,0,20,20,0,0,0,0,0,1000.000
43100,0.6610,3.8259,171.71,0.6610,3.8259,0,1,0,0,0,20,20,0,0,0,0,0,1000.000
43110,0.6610,3.8259,171.72,0.6610,3.8259,0,1,0,0,0,20,20,0,0,0,0,0,1000.000
43120,0.6610,3.8259,171.73,0.6610,3.8259,0,1,0,0,0,20,20,0,0,0,0,0,1000.000
43130,0.6610,3.8259,171.74,0.6610,3.8259,0,1,0,0,0,20,20,0,0,0,0,0,1000.000
43140,0.6610,3.8259,171.75,0.6610,3.8259,0,1,0,0,0,20,20,0,0,0,0,0,1000.000
43150,0.6610,3.8259,171.76,0.6610,3.8259,0,1,0,0,0,20,20,0,0,0,0,0,1000.000
43160,0.6610,3.8259,171.77,0.6610,3.8259,0,1,0,0,0,20,20,0,0,0,0,0,1000.000
43170,0.6610,3.8259,171.79,0.6610,3.8259,0,1,0,0,0,20,20,0,0,0,0,0,1000.000
43180,0.6610,3.8259,171.79,0.6610,3.8259,0,1,0,0,0,20,20,0,0,0,0,0,1000.000
43190,0.6610,3.8259,171.81,0.6610,3.8259,0,1,0,0,0,20,20,0,0,0,0,0,1000.000
43200,0.6610,3.8259,171.81,0.6610,3.8259,0,1,0,0,0,20,20,0,0,0,0,0,1000.000
43210,0.6610,3.8259,171.83,0.6610,3.8259,0,1,0,0,0,20,20,0,0,0,0,0,1000.000
43220,0.6610,3.8259,171.84,0.6610,3.8259,0,1,0,0,0,20,20,0,0,0,0,0,1000.000
43230,0.6610,3.8259,171.85,0.6610,3.8259,0,1,0,0,0,20,20,0,0,0,0,0,1000.000
43240,0.6610,3.8259,171.86,0.6610,3.8259,0,1,0,0,0,20,20,0,0,0,0,0,1000.000
43250,0.6610,3.8259,171.87,0.6610,3.8259,0,1,0,0,0,20,20,0,0,0,0,0,1000.000
43260,0.6610,3.8259,171.88,0.6610,3.8259,0,1,0,0,0,20,20,0,0,0,0,0,1000.000
43270,0.6610,3.8259,171.90,0.6610,3.8259,0,1,0,0,0,20,20,0,0,0,0,0,1000.000
43280,0.6610,3.8259,171.90,0.6610,3.8259,0,1,0,0,0,20,20,0,0,0,0,0,1000.000
43290,0.6610,3.8259,171.92,0.6610,3.8259,0,1,0,0,0,20,20,0,0,0,0,0,1000.000
43300,0.6610,3.8259,171.92,0.6610,3.8259,0,1,0,0,0,20,20,0,0,0,0,0,1000.000
43310,0.6610,3.8259,171.94,0.6610,3.8259,0,1,0,0,0,20,20,0,0,0,0,0,1000.000
43320,0.6610,3.8259,171.94,0.6610,3.8259,0,1,0,0,0,20,20,0,0,0,0,0,1000.000
43330,0.6610,3.8259,171.96,0.6610,3.8259,0,1,0,0,0,20,20,0,0,0,0,0,1000.000
43340,0.6610,3.8259,171.97,0.6610,3.8259,0,1,0,0,0,20,20,0,0,0,0,0,1000.000
43350,0.6610,3.8259,171.98,0.6610,3.8259,0,1,0,0,0,20,20,0,0,0,0,0,1000.000
43360,0.6610,3.8259,171.99,0.6610,3.8259,0,1,0,0,0,20,20,0,0,0,0,0,1000.000
43370,0.6610,3.8259,172.00,0.6610,3.8259,0,1,0,0,0,20,20,0,0,0,0,0,1000.000
43380,0.6610,3.8259,172.01,0.6610,3.8259,0,1,0,0,0,20,20,0,0,0,0,0,1000.000
43390,0.6610,3.8259,172.03,0.6610,3.8259,0,1,0,0,0,20,20,0,0,0,0,0,1000.000
43400,0.6610,3.8259,172.03,0.6610,3.8259,0,1,0,0,0,20,20,0,0,0,0,0,1000.000
43410,0.6610,3.8259,172.05,0.6610,3.8259,0,1,0,0,0,20,20,0,0,0,0,0,1000.000
43420,0.6610,3.8259,172.05,0.6610,3.8259,0,1,0,0,0,20,20,0,0,0,0,0,1000.000
43430,0.6610,3.8259,172.07,0.6610,3.8259,0,1,0,0,0,20,20,0,0,0,0,0,1000.000
43440,0.6610,3.8259,172.07,0.6610,3.8259,0,1,0,0,0,20,20,0,0,0,0,0,1000.000
43450,0.6610,3.8259,172.09,0.6610,3.8259,0,1,0,0,0,20,20,0,0,0,0,0,1000.000
43460,0.6610,3.8259,172.10,0.6610,3.8259,0,1,0,0,0,20,20,0,0,0,0,0,1000.000
43470,0.6610,3.8259,172.11,0.6610,3.8259,0,1,0,0,0,20,20,0,0,0,0,0,1000.000
43480,0.6610,3.8259,172.12,0.6610,3.8259,0,1,0,0,0,20,20,0,0,0,0,0,1000.000
43490,0.6610,3.8259,172.13,0.6610,3.8259,0,1,0,0,0,20,20,0,0,0,0,0,1000.000
43500,0.6610,3.8259,172.14,0.6610,3.8259,0,1,0,0,0,20,20,0,0,0,0,0,1000.000
43510,0.6610,3.8259,172.16,0.6610,3.8259,0,1,0,0,0,20,20,0,0,0,0,0,1000.000
43520,0.6610,3.8259,172.16,0.6610,3.8259,0,1,0,0,0,20,20,0,0,0,0,0,1000.000
43530,0.6610,3.8259,172.18,0.6610,3.8259,0,1,0,0,0,20,20,0,0,0,0,0,1000.000
43540,0.6610,3.8259,172.18,0.6610,3.8259,0,1,0,0,0,20,20,0,0,0,0,0,1000.000
43550,0.6610,3.8259,172.20,0.6610,3.8259,0,1,0,0,0,20,20,0,0,0,0,0,1000.000
43560,0.6610,3.8259,172.20,0.6610,3.8259,0,1,0,0,0,20,20,0,0,0,0,0,1000.000
43570,0.6610,3.8259,172.22,0.6610,3.8259,0,1,0,0,0,20,20,0,0,0,0,0,1000.000
43580,0.6610,3.8259,172.23,0.6610,3.8259,0,1,0,0,0,20,20,0,0,0,0,0,1000.000
43590,0.6610,3.8259,172.24,0.6610,3.8259,0,1,0,0,0,20,20,0,0,0,0,0,1000.000
43600,0.6610,3.8259,172.25,0.6610,3.8259,0,1,0,0,0,20,20,0,0,0,0,0,1000.000
43610,0.6610,3.8259,172.26,0.6610,3.8259,0,1,0,0,0,20,20,0,0,0,0,0,1000.000
43620,0.6610,3.8259,172.27,0.6610,3.8259,0,1,0,0,0,20,20,0,0,0,0,0,1000.000
43630,0.6610,3.8259,172.29,0.6610,3.8259,0,1,0,0,0,20,20,0,0,0,0,0,1000.000
43640,0.6610,3.8259,172.29,0.6610,3.8259,0,1,0,0,0,20,20,0,0,0,0,0,1000.000
43650,0.6610,3.8259,172.31,0.6610,3.8259,0,1,0,0,0,20,20,0,0,0,0,0,1000.000
43660,0.6610,3.8259,172.31,0.6610,3.8259,0,1,0,0,0,20,20,0,0,0,0,0,1000.000
43670,0.6610,3.8259,172.33,0.6610,3.8259,0,1,0,0,0,20,20,0,0,0,0,0,1000.000
43680,0.6610,3.8259,172.33,0.6610,3.8259,0,1,0,0,0,20,20,0,0,0,0,0,1000.000
43690,0.6610,3.8259,172.35,0.6610,3.8259,0,1,0,0,0,20,20,0,0,0,0,0,1000.000
43700,0.6610,3.8259,172.36,0.6610,3.8259,0,1,0,0,0,20,20,0,0,0,0,0,1000.000
43710,0.6610,3.8259,172.37,0.6610,3.8259,0,1,0,0,0,20,20,0,0,0,0,0,1000.000
43720,0.6610,3.8259,172.38,0.6610,3.8259,0,1,0,0,0,20,20,0,0,0,0,0,1000.000
43730,0.6610,3.8259,172.39,0.6610,3.8259,0,1,0,0,0,20,20,0,0,0,0,0,1000.000
43740,0.6610,3.8259,172.40,0.6610,3.8259,0,1,0,0,0,20,20,0,0,0,0,0,1000.000
43750,0.6610,3.8259,172.42,0.6610,3.8259,0,1,0,0,0,20,20,0,0,0,0,0,1000.000
43760,0.6610,3.8259,172.42,0.6610,3.8259,0,1,0,0,0,20,20,0,0,0,0,0,1000.000
43770,0.6610,3.8259,172.44,0.6610,3.8259,0,1,0,0,0,20,20,0,0,0,0,0,1000.000
43780,0.6610,3.8259,172.44,0.6610,3.8259,0,1,0,0,0,20,20,0,0,0,0,0,1000.000
43790,0.6610,3.8259,172.46,0.6610,3.8259,0,1,0,0,0,20,20,0,0,0,0,0,1000.000
43800,0.6610,3.8259,172.46,0.6610,3.8259,0,1,0,0,0,20,20,0,0,0,0,0,1000.000
43810,0.6610,3.8259,172.48,0.6610,3.8259,0,1,0,0,0,20,20,0,0,0,0,0,1000.000
43820,0.6610,3.8259,172.49,0.6610,3.8259,0,1,0,0,0,20,20,0,0,0,0,0,1000.000
43830,0.6610,3.8259,172.50,0.6610,3.8259,0,1,0,0,0,20,20,0,0,0,0,0,1000.000
43840,0.6610,3.8259,172.51,0.6610,3.8259,0,1,0,0,0,20,20,0,0,0,0,0,1000.000
43850,0.6610,3.8259,172.51,0.6610,3.8259,0,1,0,0,0,20,20,0,0,0,0,0,1000.000
43860,0.6610,3.8259,172.53,0.6610,3.8259,0,1,0,0,0,20,20,0,0,0,0,0,1000.000
43870,0.6610,3.8259,172.54,0.6610,3.8259,0,1,0,0,0,20,20,0,0,0,0,0,1000.000
43880,0.6610,3.8259,172.55,0.6610,3.8259,0,1,0,0,0,20,20,0,0,0,0,0,1000.000
43890,0.6610,3.8259,172.56,0.6610,3.8259,0,1,0,0,0,20,20,0,0,0,0,0,1000.000
43900,0.6610,3.8259,172.56,0.6610,3.8259,0,1,0,0,0,20,20,0,0,0,0,0,1000.000
43910,0.6610,3.8259,172.58,0.6610,3.8259,0,1,0,0,0,20,20,0,0,0,0,0,1000.000
43920,0.6610,3.8259,172.59,0.6610,3.8259,0,1,0,0,0,20,20,0,0,0,0,0,1000.000
43930,0.6610,3.8259,172.60,0.6610,3.8259,0,1,0,0,0,20,20,0,0,0,0,0,1000.000
43940,0.6610,3.8259,172.60,0.6610,3.8259,0,1,0,0,0,20,20,0,0,0,0,0,1000.000
43950,0.6610,3.8259,172.61,0.6610,3.8259,0,1,0,0,0,20,20,0,0,0,0,0,1000.000
43960,0.6610,3.8259,172.63,0.6610,3.8259,0,1,0,0,0,20,20,0,0,0,0,0,1000.000
43970,0.6610,3.8259,172.63,0.6610,3.8259,0,1,0,0,0,20,20,0,0,0,0,0,1000.000
43980,0.6610,3.8259,172.65,0.6610,3.8259,0,1,0,0,0,20,20,0,0,0,0,0,1000.000
43990,0.6610,3.8259,172.65,0.6610,3.8259,0,1,0,0,0,20,20,0,0,0,0,0,1000.000
44000,0.6610,3.8259,172.66,0.6610,3.8259,0,1,0,0,0,20,20,0,0,0,0,0,1000.000
44010,0.6610,3.8259,172.67,0.6610,3.8259,0,1,0,0,0,20,20,0,0,0,0,0,1000.000
44020,0.6610,3.8259,172.68,0.6610,3.8259,0,1,0,0,0,20,20,0,0,0,0,0,1000.000
44030,0.6610,3.8259,172.70,0.6610,3.8259,0,1,0,0,0,20,20,0,0,0,0,0,1000.000
44040,0.6610,3.8259,172.70,0.6610,3.8259,0,1,0,0,0,20,20,0,0,0,0,0,1000.000
44050,0.6610,3.8259,172.71,0.6610,3.8259,0,1,0,0,0,20,20,0,0,0,0,0,1000.000
44060,0.6610,3.8259,172.72,0.6610,3.8259,0,1,0,0,0,20,20,0,0,0,0,0,1000.000
44070,0.6610,3.8259,172.73,0.6610,3.8259,0,1,0,0,0,20,20,0,0,0,0,0,1000.000
44080,0.6610,3.8259,172.75,0.6610,3.8259,0,1,0,0,0,20,20,0,0,0,0,0,1000.000
44090,0.6610,3.8259,172.75,0.6610,3.8259,0,1,0,0,0,20,20,0,0,0,0,0,1000.000
44100,0.6610,3.8259,172.76,0.6610,3.8259,0,1,0,0,0,20,20,0,0,0,0,0,1000.000
44110,0.6610,3.8259,172.77,0.6610,3.8259,0,1,0,0,0,20,20,0,0,0,0,0,1000.000
44120,0.6610,3.8259,172.78,0.6610,3.8259,0,1,0,0,0,20,20,0,0,0,0,0,1000.000
44130,0.6610,3.8259,172.79,0.6610,3.8259,0,1,0,0,0,20,20,0,0,0,0,0,1000.000
44140,0.6610,3.8259,172.80,0.6610,3.8259,0,1,0,0,0,20,20,0,0,0,0,0,1000.000
44150,0.6610,3.8259,172.81,0.6610,3.8259,0,1,0,0,0,20,20,0,0,0,0,0,1000.000
44160,0.6610,3.8259,172.82,0.6610,3.8259,0,1,0,0,0,20,20,0,0,0,0,0,1000.000
44170,0.6610,3.8259,172.83,0.6610,3.8259,0,1,0,0,0,20,20,0,0,0,0,0,1000.000
44180,0.6610,3.8259,172.84,0.6610,3.8259,0,1,0,0,0,20,20,0,0,0,0,0,1000.000
44190,0.6610,3.8259,172.85,0.6610,3.8259,0,1,0,0,0,20,20,0,0,0,0,0,1000.000
44200,0.6610,3.8259,172.86,0.6610,3.8259,0,1,0,0,0,20,20,0,0,0,0,0,1000.000
44210,0.6610,3.8259,172.87,0.6610,3.8259,0,1,0,0,0,20,20,0,0,0,0,0,1000.000
44220,0.6610,3.8259,172.88,0.6610,3.8259,0,1,0,0,0,20,20,0,0,0,0,0,1000.000
44230,0.6610,3.8259,172.89,0.6610,3.8259,0,1,0,0,0,20,20,0,0,0,0,0,1000.000
44240,0.6610,3.8259,172.90,0.6610,3.8259,0,1,0,0,0,20,20,0,0,0,0,0,1000.000
44250,0.6610,3.8259,172.90,0.6610,3.8259,0,1,0,0,0,20,20,0,0,0,0,0,1000.000
44260,0.6610,3.8259,172.92,0.6610,3.8259,0,1,0,0,0,20,20,0,0,0,0,0,1000.000
44270,0.6610,3.8259,172.93,0.6610,3.8259,0,1,0,0,0,20,20,0,0,0,0,0,1000.000
44280,0.6610,3.8259,172.94,0.6610,3.8259,0,1,0,0,0,20,20,0,0,0,0,0,1000.000
44290,0.6610,3.8259,172.95,0.6610,3.8259,0,1,0,0,0,20,20,0,0,0,0,0,1000.000
44300,0.6610,3.8259,172.95,0.6610,3.8259,0,1,0,0,0,20,20,0,0,0,0,0,1000.000
44310,0.6610,3.8259,172.97,0.6610,3.8259,0,1,0,0,0,20,20,0,0,0,0,0,1000.000
44320,0.6610,3.8259,172.98,0.6610,3.8259,0,1,0,0,0,20,20,0,0,0,0,0,1000.000
44330,0.6610,3.8259,172.99,0.6610,3.8259,0,1,0,0,0,20,20,0,0,0,0,0,1000.000
44340,0.6610,3.8259,172.99,0.6610,3.8259,0,1,0,0,0,20,20,0,0,0,0,0,1000.000
44350,0.6610,3.8259,173.00,0.6610,3.8259,0,1,0,0,0,20,20,0,0,0,0,0,1000.000
44360,0.6610,3.8259,173.02,0.6610,3.8259,0,1,0,0,0,20,20,0,0,0,0,0,1000.000
44370,0.6610,3.8259,173.02,0.6610,3.8259,0,1,0,0,0,20,20,0,0,0,0,0,1000.000
44380,0.6610,3.8259,173.04,0.6610,3.8259,0,1,0,0,0,20,20,0,0,0,0,0,1000.000
44390,0.6610,3.8259,173.04,0.6610,3.8259,0,1,0,0,0,20,20,0,0,0,0,0,1000.000
44400,0.6610,3.8259,173.05,0.6610,3.8259,0,1,0,0,0,20,20,0,0,0,0,0,1000.000
44410,0.6610,3.8259,173.06,0.6610,3.8259,0,1,0,0,0,20,20,0,0,0,0,0,1000.000
44420,0.6610,3.8259,173.07,0.6610,3.8259,0,1,0,0,0,20,20,0,0,0,0,0,1000.000
44430,0.6610,3.8259,173.09,0.6610,3.8259,0,1,0,0,0,20,20,0,0,0,0,0,1000.000
44440,0.6610,3.8259,173.09,0.6610,3.8259,0,1,0,0,0,20,20,0,0,0,0,0,1000.000
44450,0.6610,3.8259,173.10,0.6610,3.8259,0,1,0,0,0,20,20,0,0,0,0,0,1000.000
44460,0.6610,3.8259,173.11,0.6610,3.8259,0,1,0,0,0,20,20,0,0,0,0,0,1000.000
44470,0.6610,3.8259,173.12,0.6610,3.8259,0,1,0,0,0,20,20,0,0,0,0,0,1000.000
44480,0.6610,3.8259,173.14,0.6610,3.8259,0,1,0,0,0,20,20,0,0,0,0,0,1000.000
44490,0.6610,3.8259,173.14,0.6610,3.8259,0,1,0,0,0,20,20,0,0,0,0,0,1000.000
44500,0.6610,3.8259,173.15,0.6610,3.8259,0,1,0,0,0,20,20,0,0,0,0,0,1000.000
44510,0.6610,3.8259,173.16,0.6610,3.8259,0,1,0,0,0,20,20,0,0,0,0,0,1000.000
44520,0.6610,3.8259,173.17,0.6610,3.8259,0,1,0,0,0,20,20,0,0,0,0,0,1000.000
44530,0.6610,3.8259,173.18,0.6610,3.8259,0,1,0,0,0,20,20,0,0,0,0,0,1000.000
44540,0.6610,3.8259,173.18,0.6610,3.8259,0,1,0,0,0,20,20,0,0,0,0,0,1000.000
44550,0.6610,3.8259,173.19,0.6610,3.8259,0,1,0,0,0,20,20,0,0,0,0,0,1000.000
44560,0.6610,3.8259,173.21,0.6610,3.8259,0,1,0,0,0,20,20,0,0,0,0,0,1000.000
44570,0.6610,3.8259,173.21,0.6610,3.8259,0,1,0,0,0,20,20,0,0,0,0,0,1000.000
44580,0.6610,3.8259,173.22,0.6610,3.8259,0,1,0,0,0,20,20,0,0,0,0,0,1000.000
44590,0.6610,3.8259,173.23,0.6610,3.8259,0,1,0,0,0,20,20,0,0,0,0,0,1000.000
44600,0.6610,3.8259,173.23,0.6610,3.8259,0,1,0,0,0,20,20,0,0,0,0,0,1000.000
44610,0.6610,3.8259,173.25,0.6610,3.8259,0,1,0,0,0,20,20,0,0,0,0,0,1000.000
44620,0.6610,3.8259,173.25,0.6610,3.8259,0,1,0,0,0,20,20,0,0,0,0,0,1000.000
44630,0.6610,3.8259,173.26,0.6610,3.8259,0,1,0,0,0,20,20,0,0,0,0,0,1000.000
44640,0.6610,3.8259,173.28,0.6610,3.8259,0,1,0,0,0,20,20,0,0,0,0,0,1000.000
44650,0.6610,3.8259,173.28,0.6610,3.8259,0,1,0,0,0,20,20,0,0,0,0,0,1000.000
44660,0.6610,3.8259,173.29,0.6610,3.8259,0,1,0,0,0,20,20,0,0,0,0,0,1000.000
44670,0.6610,3.8259,173.30,0.6610,3.8259,0,1,0,0,0,20,20,0,0,0,0,0,1000.000
44680,0.6610,3.8259,173.30,0.6610,3.8259,0,1,0,0,0,20,20,0,0,0,0,0,1000.000
44690,0.6610,3.8259,173.32,0.6610,3.8259,0,1,0,0,0,20,20,0,0,0,0,0,1000.000
44700,0.6610,3.8259,173.33,0.6610,3.8259,0,1,0,0,0,20,20,0,0,0,0,0,1000.000
44710,0.6610,3.8259,173.33,0.6610,3.8259,0,1,0,0,0,20,20,0,0,0,0,0,1000.000
44720,0.6610,3.8259,173.35,0.6610,3.8259,0,1,0,0,0,20,20,0,0,0,0,0,1000.000
44730,0.6610,3.8259,173.35,0.6610,3.8259,0,1,0,0,0,20,20,0,0,0,0,0,1000.000
44740,0.6610,3.8259,173.36,0.6610,3.8259,0,1,0,0,0,20,20,0,0,0,0,0,1000.000
44750,0.6610,3.8259,173.37,0.6610,3.8259,0,1,0,0,0,20,20,0,0,0,0,0,1000.000
44760,0.6610,3.8259,173.38,0.6610,3.8259,0,1,0,0,0,20,20,0,0,0,0,0,1000.000
44770,0.6610,3.8259,173.39,0.6610,3.8259,0,1,0,0,0,20,20,0,0,0,0,0,1000.000
44780,0.6610,3.8259,173.40,0.6610,3.8259,0,1,0,0,0,20,20,0,0,0,0,0,1000.000
44790,0.6610,3.8259,173.40,0.6610,3.8259,0,1,0,0,0,20,20,0,0,0,0,0,1000.000
44800,0.6610,3.8259,173.42,0.6610,3.8259,0,1,0,0,0,20,20,0,0,0,0,0,1000.000
44810,0.6610,3.8259,173.42,0.6610,3.8259,0,1,0,0,0,20,20,0,0,0,0,0,1000.000
44820,0.6610,3.8259,173.43,0.6610,3.8259,0,1,0,0,0,20,20,0,0,0,0,0,1000.000
44830,0.6610,3.8259,173.45,0.6610,3.8259,0,1,0,0,0,20,20,0,0,0,0,0,1000.000
44840,0.6610,3.8259,173.45,0.6610,3.8259,0,1,0,0,0,20,20,0,0,0,0,0,1000.000
44850,0.6610,3.8259,173.46,0.6610,3.8259,0,1,0,0,0,20,20,0,0,0,0,0,1000.000
44860,0.6610,3.8259,173.47,0.6610,3.8259,0,1,0,0,0,20,20,0,0,0,0,0,1000.000
44870,0.6610,3.8259,173.48,0.6610,3.8259,0,1,0,0,0,20,20,0,0,0,0,0,1000.000
44880,0.6610,3.8259,173.48,0.6610,3.8259,0,1,0,0,0,20,20,0,0,0,0,0,1000.000
44890,0.6610,3.8259,173.50,0.6610,3.8259,0,1,0,0,0,20,20,0,0,0,0,0,1000.000
44900,0.6610,3.8259,173.50,0.6610,3.8259,0,1,0,0,0,20,20,0,0,0,0,0,1000.000
44910,0.6610,3.8259,173.52,0.6610,3.8259,0,1,0,0,0,20,20,0,0,0,0,0,1000.000
44920,0.6610,3.8259,173.52,0.6610,3.8259,0,1,0,0,0,20,20,0,0,0,0,0,1000.000
44930,0.6610,3.8259,173.53,0.6610,3.8259,0,1,0,0,0,20,20,0,0,0,0,0,1000.000
44940,0.6610,3.8259,173.54,0.6610,3.8259,0,1,0,0,0,20,20,0,0,0,0,0,1000.000
44950,0.6610,3.8259,173.55,0.6610,3.8259,0,1,0,0,0,20,20,0,0,0,0,0,1000.000
44960,0.6610,3.8259,173.56,0.6610,3.8259,0,1,0,0,0,20,20,0,0,0,0,0,1000.000
44970,0.6610,3.8259,173.57,0.6610,3.8259,0,1,0,0,0,20,20,0,0,0,0,0,1000.000
44980,0.6610,3.8259,173.57,0.6610,3.8259,0,1,0,0,0,20,20,0,0,0,0,0,1000.000
44990,0.6610,3.8259,173.58,0.6610,3.8259,0,1,0,0,0,20,20,0,0,0,0,0,1000.000
45000,0.6610,3.8259,173.60,0.6610,3.8259,0,1,0,0,0,20,20,0,0,0,0,0,1000.000
45010,0.6610,3.8259,173.60,0.6610,3.8259,0,1,0,0,0,20,20,0,0,0,0,0,1000.000
45020,0.6610,3.8259,173.61,0.6610,3.8259,0,1,0,0,0,20,20,0,0,0,0,0,1000.000
45030,0.6610,3.8259,173.62,0.6610,3.8259,0,1,0,0,0,20,20,0,0,0,0,0,1000.000
45040,0.6610,3.8259,173.62,0.6610,3.8259,0,1,0,0,0,20,20,0,0,0,0,0,1000.000
45050,0.6610,3.8259,173.64,0.6610,3.8259,0,1,0,0,0,20,20,0,0,0,0,0,1000.000
45060,0.6610,3.8259,173.65,0.6610,3.8259,0,1,0,0,0,20,20,0,0,0,0,0,1000.000
45070,0.6610,3.8259,173.65,0.6610,3.8259,0,1,0,0,0,20,20,0,0,0,0,0,1000.000
45080,0.6610,3.8259,173.67,0.6610,3.8259,0,1,0,0,0,20,20,0,0,0,0,0,1000.000
45090,0.6610,3.8259,173.67,0.6610,3.8259,0,1,0,0,0,20,20,0,0,0,0,0,1000.000
45100,0.6610,3.8259,173.68,0.6610,3.8259,0,1,0,0,0,20,20,0,0,0,0,0,1000.000
45110,0.6610,3.8259,173.69,0.6610,3.8259,0,1,0,0,0,20,20,0,0,0,0,0,1000.000
45120,0.6610,3.8259,173.70,0.6610,3.8259,0,1,0,0,0,20,20,0,0,0,0,0,1000.000
45130,0.6610,3.8259,173.71,0.6610,3.8259,0,1,0,0,0,20,20,0,0,0,0,0,1000.000
45140,0.6610,3.8259,173.72,0.6610,3.8259,0,1,0,0,0,20,20,0,0,0,0,0,1000.000
45150,0.6610,3.8259,173.72,0.6610,3.8259,0,1,0,0,0,20,20,0,0,0,0,0,1000.000
45160,0.6610,3.8259,173.74,0.6610,3.8259,0,1,0,0,0,20,20,0,0,0,0,0,1000.000
45170,0.6610,3.8259,173.74,0.6610,3.8259,0,1,0,0,0,20,20,0,0,0,0,0,1000.000
45180,0.6610,3.8259,173.75,0.6610,3.8259,0,1,0,0,0,20,20,0,0,0,0,0,1000.000
45190,0.6610,3.8259,173.76,0.6610,3.8259,0,1,0,0,0,20,20,0,0,0,0,0,1000.000
45200,0.6610,3.8259,173.77,0.6610,3.8259,0,1,0,0,0,20,20,0,0,0,0,0,1000.000
45210,0.6610,3.8259,173.77,0.6610,3.8259,0,1,0,0,0,20,20,0,0,0,0,0,1000.000
45220,0.6610,3.8259,173.79,0.6610,3.8259,0,1,0,0,0,20,20,0,0,0,0,0,1000.000
45230,0.6610,3.8259,173.79,0.6610,3.8259,0,1,0,0,0,20,20,0,0,0,0,0,1000.000
45240,0.6610,3.8259,173.80,0.6610,3.8259,0,1,0,0,0,20,20,0,0,0,0,0,1000.000
45250,0.6610,3.8259,173.81,0.6610,3.8259,0,1,0,0,0,20,20,0,0,0,0,0,1000.000
45260,0.6610,3.8259,173.81,0.6610,3.8259,0,1,0,0,0,20,20,0,0,0,0,0,1000.000
45270,0.6610,3.8259,173.83,0.6610,3.8259,0,1,0,0,0,20,20,0,0,0,0,0,1000.000
45280,0.6610,3.8259,173.83,0.6610,3.8259,0,1,0,0,0,20,20,0,0,0,0,0,1000.000
45290,0.6610,3.8259,173.84,0.6610,3.8259,0,1,0,0,0,20,20,0,0,0,0,0,1000.000
45300,0.6610,3.8259,173.85,0.6610,3.8259,0,1,0,0,0,20,20,0,0,0,0,0,1000.000
45310,0.6610,3.8259,173.86,0.6610,3.8259,0,1,0,0,0,20,20,0,0,0,0,0,1000.000
45320,0.6610,3.8259,173.86,0.6610,3.8259,0,1,0,0,0,20,20,0,0,0,0,0,1000.000
45330,0.6610,3.8259,173.88,0.6610,3.8259,0,1,0,0,0,20,20,0,0,0,0,0,1000.000
45340,0.6610,3.8259,173.88,0.6610,3.8259,0,1,0,0,0,20,20,0,0,0,0,0,1000.000
45350,0.6610,3.8259,173.89,0.6610,3.8259,0,1,0,0,0,20,20,0,0,0,0,0,1000.000
45360,0.6610,3.8259,173.91,0.6610,3.8259,0,1,0,0,0,20,20,0,0,0,0,0,1000.000
45370,0.6610,3.8259,173.91,0.6610,3.8259,0,1,0,0,0,20,20,0,0,0,0,0,1000.000
45380,0.6610,3.8259,173.92,0.6610,3.8259,0,1,0,0,0,20,20,0,0,0,0,0,1000.000
45390,0.6610,3.8259,173.93,0.6610,3.8259,0,1,0,0,0,20,20,0,0,0,0,0,1000.000
45400,0.6610,3.8259,173.93,0.6610,3.8259,0,1,0,0,0,20,20,0,0,0,0,0,1000.000
45410,0.6610,3.8259,173.94,0.6610,3.8259,0,1,0,0,0,20,20,0,0,0,0,0,1000.000
45420,0.6610,3.8259,173.95,0.6610,3.8259,0,1,0,0,0,20,20,0,0,0,0,0,1000.000
45430,0.6610,3.8259,173.96,0.6610,3.8259,0,1,0,0,0,20,20,0,0,0,0,0,1000.000
45440,0.6610,3.8259,173.97,0.6610,3.8259,0,1,0,0,0,20,20,0,0,0,0,0,1000.000
45450,0.6610,3.8259,173.98,0.6610,3.8259,0,1,0,0,0,20,20,0,0,0,0,0,1000.000
45460,0.6610,3.8259,173.98,0.6610,3.8259,0,1,0,0,0,20,20,0,0,0,0,0,1000.000
45470,0.6610,3.8259,174.00,0.6610,3.8259,0,1,0,0,0,20,20,0,0,0,0,0,1000.000
45480,0.6610,3.8259,174.00,0.6610,3.8259,0,1,0,0,0,20,20,0,0,0,0,0,1000.000
45490,0.6610,3.8259,174.01,0.6610,3.8259,0,1,0,0,0,20,20,0,0,0,0,0,1000.000
45500,0.6610,3.8259,174.02,0.6610,3.8259,0,1,0,0,0,20,20,0,0,0,0,0,1000.000
45510,0.6610,3.8259,174.02,0.6610,3.8259,0,1,0,0,0,20,20,0,0,0,0,0,1000.000
45520,0.6610,3.8259,174.03,0.6610,3.8259,0,1,0,0,0,20,20,0,0,0,0,0,1000.000
45530,0.6610,3.8259,174.05,0.6610,3.8259,0,1,0,0,0,20,20,0,0,0,0,0,1000.000
45540,0.6610,3.8259,174.05,0.6610,3.8259,0,1,0,0,0,20,20,0,0,0,0,0,1000.000
45550,0.6610,3.8259,174.06,0.6610,3.8259,0,1,0,0,0,20,20,0,0,0,0,0,1000.000
45560,0.6610,3.8259,174.07,0.6610,3.8259,0,1,0,0,0,20,20,0,0,0,0,0,1000.000
45570,0.6610,3.8259,174.08,0.6610,3.8259,0,1,0,0,0,20,20,0,0,0,0,0,1000.000
45580,0.6610,3.8259,174.09,0.6610,3.8259,0,1,0,0,0,20,20,0,0,0,0,0,1000.000
45590,0.6610,3.8259,174.09,0.6610,3.8259,0,1,0,0,0,20,20,0,0,0,0,0,1000.000
45600,0.6610,3.8259,174.11,0.6610,3.8259,0,1,0,0,0,20,20,0,0,0,0,0,1000.000
45610,0.6610,3.8259,174.11,0.6610,3.8259,0,1,0,0,0,20,20,0,0,0,0,0,1000.000
45620,0.6610,3.8259,174.12,0.6610,3.8259,0,1,0,0,0,20,20,0,0,0,0,0,1000.000
45630,0.6610,3.8259,174.12,0.6610,3.8259,0,1,0,0,0,20,20,0,0,0,0,0,1000.000
45640,0.6610,3.8259,174.14,0.6610,3.8259,0,1,0,0,0,20,20,0,0,0,0,0,1000.000
45650,0.6610,3.8259,174.14,0.6610,3.8259,0,1,0,0,0,20,20,0,0,0,0,0,1000.000
45660,0.6610,3.8259,174.16,0.6610,3.8259,0,1,0,0,0,20,20,0,0,0,0,0,1000.000
45670,0.6610,3.8259,174.16,0.6610,3.8259,0,1,0,0,0,20,20,0,0,0,0,0,1000.000
45680,0.6610,3.8259,174.17,0.6610,3.8259,0,1,0,0,0,20,20,0,0,0,0,0,1000.000
45690,0.6610,3.8259,174.18,0.6610,3.8259,0,1,0,0,0,20,20,0,0,0,0,0,1000.000
45700,0.6610,3.8259,174.18,0.6610,3.8259,0,1,0,0,0,20,20,0,0,0,0,0,1000.000
45710,0.6610,3.8259,174.20,0.6610,3.8259,0,1,0,0,0,20,20,0,0,0,0,0,1000.000
45720,0.6610,3.8259,174.20,0.6610,3.8259,0,1,0,0,0,20,20,0,0,0,0,0,1000.000
45730,0.6610,3.8259,174.21,0.6610,3.8259,0,1,0,0,0,20,20,0,0,0,0,0,1000.000
45740,0.6610,3.8259,174.22,0.6610,3.8259,0,1,0,0,0,20,20,0,0,0,0,0,1000.000
45750,0.6610,3.8259,174.23,0.6610,3.8259,0,1,0,0,0,20,20,0,0,0,0,0,1000.000
45760,0.6610,3.8259,174.23,0.6610,3.8259,0,1,0,0,0,20,20,0,0,0,0,0,1000.000
45770,0.6610,3.8259,174.25,0.6610,3.8259,0,1,0,0,0,20,20,0,0,0,0,0,1000.000
45780,0.6610,3.8259,174.25,0.6610,3.8259,0,1,0,0,0,20,20,0,0,0,0,0,1000.000
45790,0.6610,3.8259,174.26,0.6610,3.8259,0,1,0,0,0,20,20,0,0,0,0,0,1000.000
45800,0.6610,3.8259,174.27,0.6610,3.8259,0,1,0,0,0,20,20,0,0,0,0,0,1000.000
45810,0.6610,3.8259,174.28,0.6610,3.8259,0,1,0,0,0,20,20,0,0,0,0,0,1000.000
45820,0.6610,3.8259,174.29,0.6610,3.8259,0,1,0,0,0,20,20,0,0,0,0,0,1000.000
45830,0.6610,3.8259,174.30,0.6610,3.8259,0,1,0,0,0,20,20,0,0,0,0,0,1000.000
45840,0.6610,3.8259,174.30,0.6610,3.8259,0,1,0,0,0,20,20,0,0,0,0,0,1000.000
45850,0.6610,3.8259,174.31,0.6610,3.8259,0,1,0,0,0,20,20,0,0,0,0,0,1000.000
45860,0.6610,3.8259,174.32,0.6610,3.8259,0,1,0,0,0,20,20,0,0,0,0,0,1000.000
45870,0.6610,3.8259,174.32,0.6610,3.8259,0,1,0,0,0,20,20,0,0,0,0,0,1000.000
45880,0.6610,3.8259,174.34,0.6610,3.8259,0,1,0,0,0,20,20,0,0,0,0,0,1000.000
45890,0.6610,3.8259,174.34,0.6610,3.8259,0,1,0,0,0,20,20,0,0,0,0,0,1000.000
45900,0.6610,3.8259,174.35,0.6610,3.8259,0,1,0,0,0,20,20,0,0,0,0,0,1000.000
45910,0.6610,3.8259,174.37,0.6610,3.8259,0,1,0,0,0,20,20,0,0,0,0,0,1000.000
45920,0.6610,3.8259,174.37,0.6610,3.8259,0,1,0,0,0,20,20,0,0,0,0,0,1000.000
45930,0.6610,3.8259,174.38,0.6610,3.8259,0,1,0,0,0,20,20,0,0,0,0,0,1000.000
45940,0.6610,3.8259,174.39,0.6610,3.8259,0,1,0,0,0,20,20,0,0,0,0,0,1000.000
45950,0.6610,3.8259,174.39,0.6610,3.8259,0,1,0,0,0,20,20,0,0,0,0,0,1000.000
45960,0.6610,3.8259,174.40,0.6610,3.8259,0,1,0,0,0,20,20,0,0,0,0,0,1000.000
45970,0.6610,3.8259,174.41,0.6610,3.8259,0,1,0,0,0,20,20,0,0,0,0,0,1000.000
45980,0.6610,3.8259,174.41,0.6610,3.8259,0,1,0,0,0,20,20,0,0,0,0,0,1000.000
45990,0.6610,3.8259,174.42,0.6610,3.8259,0,1,0,0,0,20,20,0,0,0,0,0,1000.000
46000,0.6610,3.8259,174.43,0.6610,3.8259,0,1,0,0,0,20,20,0,0,0,0,0,1000.000
46010,0.6610,3.8259,174.44,0.6610,3.8259,0,1,0,0,0,20,20,0,0,0,0,0,1000.000
46020,0.6610,3.8259,174.44,0.6610,3.8259,0,1,0,0,0,20,20,0,0,0,0,0,1000.000
46030,0.6610,3.8259,174.45,0.6610,3.8259,0,1,0,0,0,20,20,0,0,0,0,0,1000.000
46040,0.6610,3.8259,174.45,0.6610,3.8259,0,1,0,0,0,20,20,0,0,0,0,0,1000.000
46050,0.6610,3.8259,174.47,0.6610,3.8259,0,1,0,0,0,20,20,0,0,0,0,0,1000.000
46060,0.6610,3.8259,174.47,0.6610,3.8259,0,1,0,0,0,20,20,0,0,0,0,0,1000.000
46070,0.6610,3.8259,174.48,0.6610,3.8259,0,1,0,0,0,20,20,0,0,0,0,0,1000.000
46080,0.6610,3.8259,174.49,0.6610,3.8259,0,1,0,0,0,20,20,0,0,0,0,0,1000.000
46090,0.6610,3.8259,174.49,0.6610,3.8259,0,1,0,0,0,20,20,0,0,0,0,0,1000.000
46100,0.6610,3.8259,174.51,0.6610,3.8259,0,1,0,0,0,20,20,0,0,0,0,0,1000.000
46110,0.6610,3.8259,174.51,0.6610,3.8259,0,1,0,0,0,20,20,0,0,0,0,0,1000.000
46120,0.6610,3.8259,174.51,0.6610,3.8259,0,1,0,0,0,20,20,0,0,0,0,0,1000.000
46130,0.6610,3.8259,174.52,0.6610,3.8259,0,1,0,0,0,20,20,0,0,0,0,0,1000.000
46140,0.6610,3.8259,174.53,0.6610,3.8259,0,1,0,0,0,20,20,0,0,0,0,0,1000.000
46150,0.6610,3.8259,174.54,0.6610,3.8259,0,1,0,0,0,20,20,0,0,0,0,0,1000.000
46160,0.6610,3.8259,174.54,0.6610,3.8259,0,1,0,0,0,20,20,0,0,0,0,0,1000.000
46170,0.6610,3.8259,174.55,0.6610,3.8259,0,1,0,0,0,20,20,0,0,0,0,0,1000.000
46180,0.6610,3.8259,174.56,0.6610,3.8259,0,1,0,0,0,20,20,0,0,0,0,0,1000.000
46190,0.6610,3.8259,174.57,0.6610,3.8259,0,1,0,0,0,20,20,0,0,0,0,0,1000.000
46200,0.6610,3.8259,174.57,0.6610,3.8259,0,1,0,0,0,20,20,0,0,0,0,0,1000.000
46210,0.6610,3.8259,174.58,0.6610,3.8259,0,1,0,0,0,20,20,0,0,0,0,0,1000.000
46220,0.6610,3.8259,174.58,0.6610,3.8259,0,1,0,0,0,20,20,0,0,0,0,0,1000.000
46230,0.6610,3.8259,174.60,0.6610,3.8259,0,1,0,0,0,20,20,0,0,0,0,0,1000.000
46240,0.6610,3.8259,174.60,0.6610,3.8259,0,1,0,0,0,20,20,0,0,0,0,0,1000.000
46250,0.6610,3.8259,174.61,0.6610,3.8259,0,1,0,0,0,20,20,0,0,0,0,0,1000.000
46260,0.6610,3.8259,174.62,0.6610,3.8259,0,1,0,0,0,20,20,0,0,0,0,0,1000.000
46270,0.6610,3.8259,174.62,0.6610,3.8259,0,1,0,0,0,20,20,0,0,0,0,0,1000.000
46280,0.6610,3.8259,174.64,0.6610,3.8259,0,1,0,0,0,20,20,0,0,0,0,0,1000.000
46290,0.6610,3.8259,174.64,0.6610,3.8259,0,1,0,0,0,20,20,0,0,0,0,0,1000.000
46300,0.6610,3.8259,174.64,0.6610,3.8259,0,1,0,0,0,20,20,0,0,0,0,0,1000.000
46310,0.6610,3.8259,174.65,0.6610,3.8259,0,1,0,0,0,20,20,0,0,0,0,0,1000.000
46320,0.6610,3.8259,174.66,0.6610,3.8259,0,1,0,0,0,20,20,0,0,0,0,0,1000.000
46330,0.6610,3.8259,174.67,0.6610,3.8259,0,1,0,0,0,20,20,0,0,0,0,0,1000.000
46340,0.6610,3.8259,174.67,0.6610,3.8259,0,1,0,0,0,20,20,0,0,0,0,0,1000.000
46350,0.6610,3.8259,174.68,0.6610,3.8259,0,1,0,0,0,20,20,0,0,0,0,0,1000.000
46360,0.6610,3.8259,174.69,0.6610,3.8259,0,1,0,0,0,20,20,0,0,0,0,0,1000.000
46370,0.6610,3.8259,174.70,0.6610,3.8259,0,1,0,0,0,20,20,0,0,0,0,0,1000.000
46380,0.6610,3.8259,174.70,0.6610,3.8259,0,1,0,0,0,20,20,0,0,0,0,0,1000.000
46390,0.6610,3.8259,174.71,0.6610,3.8259,0,1,0,0,0,20,20,0,0,0,0,0,1000.000
46400,0.6610,3.8259,174.71,0.6610,3.8259,0,1,0,0,0,20,20,0,0,0,0,0,1000.000
46410,0.6610,3.8259,174.73,0.6610,3.8259,0,1,0,0,0,20,20,0,0,0,0,0,1000.000
46420,0.6610,3.8259,174.73,0.6610,3.8259,0,1,0,0,0,20,20,0,0,0,0,0,1000.000
46430,0.6610,3.8259,174.74,0.6610,3.8259,0,1,0,0,0,20,20,0,0,0,0,0,1000.000
46440,0.6610,3.8259,174.75,0.6610,3.8259,0,1,0,0,0,20,20,0,0,0,0,0,1000.000
46450,0.6610,3.8259,174.75,0.6610,3.8259,0,1,0,0,0,20,20,0,0,0,0,0,1000.000
46460,0.6610,3.8259,174.77,0.6610,3.8259,0,1,0,0,0,20,20,0,0,0,0,0,1000.000
46470,0.6610,3.8259,174.77,0.6610,3.8259,0,1,0,0,0,20,20,0,0,0,0,0,1000.000
46480,0.6610,3.8259,174.77,0.6610,3.8259,0,1,0,0,0,20,20,0,0,0,0,0,1000.000
46490,0.6610,3.8259,174.78,0.6610,3.8259,0,1,0,0,0,20,20,0,0,0,0,0,1000.000
46500,0.6610,3.8259,174.80,0.6610,3.8259,0,1,0,0,0,20,20,0,0,0,0,0,1000.000
46510,0.6610,3.8259,174.80,0.6610,3.8259,0,1,0,0,0,20,20,0,0,0,0,0,1000.000
46520,0.6610,3.8259,174.80,0.6610,3.8259,0,1,0,0,0,20,20,0,0,0,0,0,1000.000
46530,0.6610,3.8259,174.81,0.6610,3.8259,0,1,0,0,0,20,20,0,0,0,0,0,1000.000
46540,0.6610,3.8259,174.82,0.6610,3.8259,0,1,0,0,0,20,20,0,0,0,0,0,1000.000
46550,0.6610,3.8259,174.83,0.6610,3.8259,0,1,0,0,0,20,20,0,0,0,0,0,1000.000
46560,0.6610,3.8259,174.83,0.6610,3.8259,0,1,0,0,0,20,20,0,0,0,0,0,1000.000
46570,0.6610,3.8259,174.84,0.6610,3.8259,0,1,0,0,0,20,20,0,0,0,0,0,1000.000
46580,0.6610,3.8259,174.84,0.6610,3.8259,0,1,0,0,0,20,20,0,0,0,0,0,1000.000
46590,0.6610,3.8259,174.86,0.6610,3.8259,0,1,0,0,0,20,20,0,0,0,0,0,1000.000
46600,0.6610,3.8259,174.86,0.6610,3.8259,0,1,0,0,0,20,20,0,0,0,0,0,1000.000
46610,0.6610,3.8259,174.87,0.6610,3.8259,0,1,0,0,0,20,20,0,0,0,0,0,1000.000
46620,0.6610,3.8259,174.88,0.6610,3.8259,0,1,0,0,0,20,20,0,0,0,0,0,1000.000
46630,0.6610,3.8259,174.88,0.6610,3.8259,0,1,0,0,0,20,20,0,0,0,0,0,1000.000
46640,0.6610,3.8259,174.90,0.6610,3.8259,0,1,0,0,0,20,20,0,0,0,0,0,1000.000
46650,0.6610,3.8259,174.90,0.6610,3.8259,0,1,0,0,0,20,20,0,0,0,0,0,1000.000
46660,0.6610,3.8259,174.90,0.6610,3.8259,0,1,0,0,0,20,20,0,0,0,0,0,1000.000
46670,0.6610,3.8259,174.91,0.6610,3.8259,0,1,0,0,0,20,20,0,0,0,0,0,1000.000
46680,0.6610,3.8259,174.93,0.6610,3.8259,0,1,0,0,0,20,20,0,0,0,0,0,1000.000
46690,0.6610,3.8259,174.93,0.6610,3.8259,0,1,0,0,0,20,20,0,0,0,0,0,1000.000
46700,0.6610,3.8259,174.93,0.6610,3.8259,0,1,0,0,0,20,20,0,0,0,0,0,1000.000
46710,0.6610,3.8259,174.94,0.6610,3.8259,0,1,0,0,0,20,20,0,0,0,0,0,1000.000
46720,0.6610,3.8259,174.95,0.6610,3.8259,0,1,0,0,0,20,20,0,0,0,0,0,1000.000
46730,0.6610,3.8259,174.96,0.6610,3.8259,0,1,0,0,0,20,20,0,0,0,0,0,1000.000
46740,0.6610,3.8259,174.96,0.6610,3.8259,0,1,0,0,0,20,20,0,0,0,0,0,1000.000
46750,0.6610,3.8259,174.97,0.6610,3.8259,0,1,0,0,0,20,20,0,0,0,0,0,1000.000
46760,0.6610,3.8259,174.97,0.6610,3.8259,0,1,0,0,0,20,20,0,0,0,0,0,1000.000
46770,0.6610,3.8259,174.99,0.6610,3.8259,0,1,0,0,0,20,20,0,0,0,0,0,1000.000
46780,0.6610,3.8259,174.99,0.6610,3.8259,0,1,0,0,0,20,20,0,0,0,0,0,1000.000
46790,0.6610,3.8259,175.00,0.6610,3.8259,0,1,0,0,0,20,20,0,0,0,0,0,1000.000
46800,0.6610,3.8259,175.00,0.6610,3.8259,0,1,1,0,0,20,20,0,0,0,0,0,1000.000
46810,0.6610,3.8259,175.01,0.6610,3.8259,0,1,1,0,0,20,20,0,0,0,0,0,1000.000
46820,0.6610,3.8259,175.01,0.6610,3.8259,0,1,1,0,0,20,20,0,0,0,0,0,1000.000
46830,0.6610,3.8259,175.02,0.6610,3.8259,0,1,1,0,0,20,20,0,0,0,0,0,1000.000
46840,0.6610,3.8259,175.02,0.6610,3.8259,0,1,1,0,0,20,20,0,0,0,0,0,1000.000
46850,0.6610,3.8259,175.03,0.6610,3.8259,0,1,1,0,0,20,20,124,10,1,0,0,0.391
46860,0.6610,3.8259,175.03,0.6610,3.8259,0,1,1,0,0,20,20,124,10,1,0,0,0.391
46870,0.6607,3.8259,175.04,0.6607,3.8259,0,1,1,0,0,20,20,124,10,1,0,0,0.391
46880,0.6603,3.8260,175.05,0.6603,3.8260,0,1,1,0,0,20,20,124,10,1,0,0,0.390
46890,0.6596,3.8260,175.05,0.6596,3.8260,0,1,1,0,0,20,20,124,10,1,0,0,0.390
46900,0.6587,3.8261,175.06,0.6587,3.8261,0,1,1,0,0,20,20,124,10,1,0,0,0.389
46910,0.6577,3.8262,175.06,0.6577,3.8262,0,1,1,0,0,20,20,124,10,1,0,0,0.388
46920,0.6564,3.8263,175.07,0.6564,3.8263,0,1,1,0,0,20,20,124,10,1,0,0,0.386
46930,0.6549,3.8264,175.08,0.6549,3.8264,0,1,1,0,0,20,20,123,10,1,0,0,0.385
46940,0.6533,3.8266,175.08,0.6533,3.8266,0,1,1,0,0,20,20,123,10,1,0,0,0.383
46950,0.6514,3.8267,175.09,0.6514,3.8267,0,1,1,0,0,20,20,123,10,1,0,0,0.381
46960,0.6494,3.8269,175.09,0.6494,3.8269,0,1,1,0,0,20,20,122,10,1,0,0,0.379
46970,0.6471,3.8271,175.10,0.6471,3.8271,0,1,1,0,0,20,20,122,10,1,0,0,0.377
46980,0.6447,3.8273,175.11,0.6447,3.8273,0,1,1,0,0,20,20,121,10,1,0,0,0.375
46990,0.6420,3.8275,175.11,0.6420,3.8275,0,1,1,0,0,20,20,121,10,1,0,0,0.372
47000,0.6392,3.8277,175.12,0.6392,3.8277,0,1,1,0,0,20,20,120,10,1,0,0,0.369
47010,0.6361,3.8280,175.12,0.6361,3.8280,0,1,1,0,0,20,20,120,10,1,0,0,0.366
47020,0.6328,3.8283,175.13,0.6328,3.8283,0,1,1,0,0,20,20,119,10,1,0,0,0.363
47030,0.6294,3.8286,175.14,0.6294,3.8286,0,1,1,0,0,20,20,119,10,1,0,0,0.359
47040,0.6257,3.8289,175.14,0.6257,3.8289,0,1,1,0,0,20,20,118,10,1,0,0,0.356
47050,0.6219,3.8292,175.15,0.6219,3.8292,0,1,1,0,0,20,20,117,10,1,0,0,0.352
47060,0.6178,3.8295,175.15,0.6178,3.8295,0,1,1,0,0,20,20,117,10,1,0,0,0.348
47070,0.6136,3.8299,175.16,0.6136,3.8299,0,1,1,0,0,20,20,116,10,1,0,0,0.344
47080,0.6091,3.8303,175.17,0.6091,3.8303,0,1,1,0,0,20,20,115,10,1,0,0,0.339
47090,0.6045,3.8307,175.17,0.6045,3.8307,0,1,1,0,0,20,20,114,9,1,0,0,0.334
47100,0.5996,3.8311,175.18,0.5996,3.8311,0,1,1,0,0,20,20,113,9,1,0,0,0.330
47110,0.5946,3.8315,175.18,0.5946,3.8315,0,1,1,0,0,20,20,112,9,1,0,0,0.325
47120,0.5894,3.8319,175.19,0.5894,3.8319,0,1,1,0,0,20,20,111,9,1,0,0,0.319
47130,0.5839,3.8324,175.19,0.5839,3.8324,0,1,1,0,0,20,20,110,9,1,0,0,0.314
47140,0.5783,3.8329,175.20,0.5783,3.8329,0,1,1,0,0,20,20,109,9,1,0,0,0.308
47150,0.5724,3.8334,175.21,0.5724,3.8334,0,1,1,0,0,20,20,108,8,1,0,0,0.302
47160,0.5664,3.8339,175.21,0.5664,3.8339,0,1,1,0,0,20,20,106,8,1,0,0,0.296
47170,0.5601,3.8344,175.22,0.5601,3.8344,0,1,1,0,0,20,20,105,8,1,0,0,0.290
47180,0.5537,3.8349,175.22,0.5537,3.8349,0,1,1,0,0,20,20,104,8,1,0,0,0.284
47190,0.5470,3.8355,175.23,0.5470,3.8355,0,1,1,0,0,20,20,102,8,1,0,0,0.277
47200,0.5402,3.8360,175.24,0.5402,3.8360,0,1,1,0,0,20,20,101,8,1,0,0,0.270
47210,0.5332,3.8366,175.24,0.5332,3.8366,0,1,1,0,0,20,20,100,8,1,0,0,0.263
47220,0.5260,3.8371,175.24,0.5260,3.8371,0,1,1,0,0,20,20,98,7,1,0,0,0.256
47230,0.5187,3.8376,175.24,0.5187,3.8376,0,1,1,0,0,20,20,96,7,1,0,0,0.249
47240,0.5113,3.8379,175.25,0.5113,3.8379,0,1,1,0,0,20,20,95,7,1,0,0,0.241
47250,0.5039,3.8381,175.25,0.5039,3.8381,0,1,1,0,0,20,20,93,7,1,0,0,0.234
47260,0.4965,3.8381,175.25,0.4965,3.8381,0,1,1,0,0,20,20,91,7,1,0,0,0.227
47270,0.4893,3.8382,175.25,0.4893,3.8382,0,1,1,0,0,20,20,90,7,1,0,0,0.219
47280,0.4821,3.8382,175.26,0.4821,3.8382,0,1,1,0,0,20,20,88,7,1,0,0,0.212
47290,0.4751,3.8382,175.26,0.4751,3.8382,0,1,1,0,0,20,20,86,6,1,0,0,0.205
47300,0.4682,3.8383,175.26,0.4682,3.8383,0,1,1,0,0,20,20,84,6,1,0,0,0.198
47310,0.4615,3.8383,175.26,0.4615,3.8383,0,1,1,0,0,20,20,83,6,1,0,0,0.191
47320,0.4549,3.8384,175.26,0.4549,3.8384,0,1,1,0,0,20,20,81,6,1,0,0,0.185
47330,0.4485,3.8385,175.27,0.4485,3.8385,0,1,1,0,0,20,20,79,6,1,0,0,0.178
47340,0.4421,3.8385,175.28,0.4421,3.8385,0,1,1,0,0,20,20,78,6,1,0,0,0.172
47350,0.4359,3.8385,175.28,0.4359,3.8385,0,1,1,0,0,20,20,76,6,1,0,0,0.166
47360,0.4299,3.8386,175.28,0.4299,3.8386,0,1,1,0,0,20,20,74,6,1,0,0,0.160
47370,0.4240,3.8386,175.28,0.4240,3.8386,0,1,1,0,0,20,20,73,5,1,0,0,0.154
47380,0.4181,3.8387,175.29,0.4181,3.8387,0,1,1,0,0,20,20,71,5,1,0,0,0.148
47390,0.4124,3.8387,175.29,0.4124,3.8387,0,1,1,0,0,20,20,70,5,1,0,0,0.142
47400,0.4069,3.8388,175.30,0.4069,3.8388,0,1,1,0,0,20,20,68,5,1,0,0,0.137
47410,0.4015,3.8388,175.30,0.4015,3.8388,0,1,1,0,0,20,20,66,5,1,0,0,0.132
47420,0.3963,3.8389,175.30,0.3963,3.8389,0,1,1,0,0,20,20,65,5,1,0,0,0.126
47430,0.3911,3.8389,175.30,0.3911,3.8389,0,1,1,0,0,20,20,63,5,1,0,0,0.121
47440,0.3860,3.8389,175.31,0.3860,3.8389,0,1,1,0,0,20,20,61,4,1,0,0,0.116
47450,0.3811,3.8389,175.31,0.3811,3.8389,0,1,1,0,0,20,20,60,4,1,0,0,0.111
47460,0.3764,3.8390,175.31,0.3764,3.8390,0,1,1,0,0,20,20,58,4,1,0,0,0.106
47470,0.3718,3.8391,175.31,0.3718,3.8391,0,1,1,0,0,20,20,57,4,1,0,0,0.102
47480,0.3672,3.8391,175.32,0.3672,3.8391,0,1,1,0,0,20,20,55,4,1,0,0,0.097
47490,0.3628,3.8392,175.32,0.3628,3.8392,0,1,1,0,0,20,20,54,4,1,0,0,0.093
47500,0.3586,3.8392,175.32,0.3586,3.8392,1,1,0,0,0,20,20,0,0,0,0,0,1000.000
47510,0.3545,3.8392,175.32,0.3545,3.8392,1,1,0,0,0,20,20,0,0,0,0,0,1000.000
47520,0.3507,3.8392,175.32,0.3507,3.8392,1,1,0,0,0,20,20,0,0,0,0,0,1000.000
47530,0.3470,3.8392,175.32,0.3470,3.8392,1,1,0,0,0,20,20,0,0,0,0,0,1000.000
47540,0.3435,3.8391,175.32,0.3435,3.8391,1,1,0,0,0,20,20,0,0,0,0,0,1000.000
47550,0.3403,3.8391,175.32,0.3403,3.8391,1,1,1,0,0,20,20,0,0,0,0,0,1000.000
47560,0.3372,3.8390,175.32,0.3372,3.8390,1,1,1,0,0,20,20,0,0,0,0,0,1000.000
47570,0.3343,3.8389,175.32,0.3343,3.8389,1,1,1,0,0,20,20,0,0,0,0,0,1000.000
47580,0.3317,3.8388,175.32,0.3317,3.8388,1,1,1,0,0,20,20,0,0,0,0,0,1000.000
47590,0.3292,3.8387,175.32,0.3292,3.8387,1,1,1,0,0,20,20,0,0,0,0,0,1000.000
47600,0.3270,3.8386,175.32,0.3270,3.8386,1,1,1,0,0,20,20,-12,53,0,1,0,1.385
47610,0.3249,3.8384,175.32,0.3249,3.8384,1,1,1,0,0,20,20,-12,53,0,1,0,1.385
47620,0.3230,3.8383,175.32,0.3230,3.8383,1,1,1,0,0,20,20,-12,53,0,1,0,1.385
47630,0.3213,3.8381,175.32,0.3213,3.8381,1,1,1,0,0,20,20,-12,53,0,1,0,1.385
47640,0.3199,3.8379,175.32,0.3199,3.8379,1,1,1,0,0,20,20,-12,53,0,1,0,1.384
47650,0.3186,3.8377,175.32,0.3186,3.8377,1,1,1,0,0,20,20,-12,53,0,1,0,1.384
47660,0.3175,3.8374,175.32,0.3175,3.8374,1,1,1,0,0,20,20,-12,53,0,1,0,1.384
47670,0.3167,3.8372,175.32,0.3167,3.8372,1,1,1,0,0,20,20,-12,53,0,1,0,1.384
47680,0.3160,3.8369,175.32,0.3160,3.8369,1,1,1,0,0,20,20,-12,53,0,1,0,1.383
47690,0.3154,3.8366,175.33,0.3154,3.8366,1,1,1,0,0,20,20,-12,53,0,1,0,1.383
47700,0.3149,3.8361,175.33,0.3149,3.8361,1,1,1,0,0,20,20,-12,53,0,1,0,1.383
47710,0.3144,3.8354,175.33,0.3144,3.8354,1,1,1,0,0,20,20,-12,53,0,1,0,1.382
47720,0.3140,3.8346,175.33,0.3140,3.8346,1,1,1,0,0,20,20,-12,53,0,1,0,1.381
47730,0.3136,3.8336,175.34,0.3136,3.8336,1,1,1,0,0,20,20,-12,53,0,1,0,1.380
47740,0.3132,3.8325,175.34,0.3132,3.8325,1,1,1,0,0,20,20,-12,53,0,1,0,1.379
47750,0.3129,3.8312,175.34,0.3129,3.8312,1,1,1,0,0,20,20,-12,53,0,1,0,1.378
47760,0.3126,3.8298,175.34,0.3126,3.8298,1,1,1,0,0,20,20,-12,53,0,1,0,1.376
47770,0.3123,3.8282,175.34,0.3123,3.8282,1,1,1,0,0,20,20,-12,53,0,1,0,1.375
47780,0.3121,3.8264,175.35,0.3121,3.8264,1,1,1,0,0,20,20,-12,53,0,1,0,1.373
47790,0.3118,3.8245,175.35,0.3118,3.8245,1,1,1,0,0,20,20,-12,53,0,1,0,1.371
47800,0.3117,3.8224,175.35,0.3117,3.8224,1,1,1,0,0,20,20,-12,53,0,1,0,1.369
47810,0.3115,3.8202,175.35,0.3115,3.8202,1,1,1,0,0,20,20,-12,53,0,1,0,1.367
47820,0.3114,3.8178,175.35,0.3114,3.8178,1,1,1,0,0,20,20,-12,53,0,1,0,1.364
47830,0.3113,3.8153,175.35,0.3113,3.8153,1,1,1,0,0,20,20,-12,53,0,1,0,1.362
47840,0.3113,3.8126,175.36,0.3113,3.8126,1,1,1,0,0,20,20,-12,53,0,1,0,1.359
47850,0.3113,3.8097,175.36,0.3113,3.8097,1,1,1,0,0,20,20,-12,53,0,1,0,1.356
47860,0.3113,3.8067,175.36,0.3113,3.8067,1,1,1,0,0,20,20,-12,53,0,1,0,1.353
47870,0.3113,3.8035,175.36,0.3113,3.8035,1,1,1,0,0,20,20,-12,53,0,1,0,1.350
47880,0.3114,3.8002,175.36,0.3114,3.8002,1,1,1,0,0,20,20,-12,53,0,1,0,1.347
47890,0.3116,3.7967,175.37,0.3116,3.7967,1,1,1,0,0,20,20,-12,53,0,1,0,1.343
47900,0.3117,3.7931,175.37,0.3117,3.7931,1,1,1,0,0,20,20,-12,53,0,1,0,1.340
47910,0.3119,3.7893,175.37,0.3119,3.7893,1,1,1,0,0,20,20,-12,53,0,1,0,1.336
47920,0.3122,3.7854,175.37,0.3122,3.7854,1,1,1,0,0,20,20,-12,53,0,1,0,1.332
47930,0.3126,3.7813,175.37,0.3126,3.7813,1,1,1,0,0,20,20,-12,53,0,1,0,1.328
47940,0.3130,3.7773,175.38,0.3130,3.7773,1,1,1,0,0,20,20,-12,53,0,1,0,1.324
47950,0.3135,3.7731,175.38,0.3135,3.7731,1,1,1,0,0,20,20,-12,53,0,1,0,1.320
47960,0.3141,3.7688,175.39,0.3141,3.7688,1,1,1,0,0,20,20,-12,53,0,1,0,1.315
47970,0.3147,3.7646,175.39,0.3147,3.7646,1,1,1,0,0,20,20,-12,53,0,1,0,1.311
47980,0.3153,3.7603,175.39,0.3153,3.7603,1,1,1,0,0,20,20,-12,53,0,1,0,1.307
47990,0.3160,3.7560,175.39,0.3160,3.7560,1,1,1,0,0,20,20,-12,53,0,1,0,1.302
48000,0.3166,3.7517,175.39,0.3166,3.7517,1,1,1,0,0,20,20,-12,53,0,1,0,1.298
48010,0.3172,3.7474,175.39,0.3172,3.7474,1,1,1,0,0,20,20,-12,53,0,1,0,1.294
48020,0.3178,3.7431,175.40,0.3178,3.7431,1,1,1,0,0,20,20,-12,53,0,1,0,1.290
48030,0.3184,3.7389,175.40,0.3184,3.7389,1,1,1,0,0,20,20,-12,53,0,1,0,1.285
48040,0.3190,3.7346,175.40,0.3190,3.7346,1,1,1,0,0,20,20,-12,53,0,1,0,1.281
48050,0.3196,3.7303,175.40,0.3196,3.7303,1,1,1,0,0,20,20,-12,53,0,1,0,1.277
48060,0.3203,3.7260,175.41,0.3203,3.7260,1,1,1,0,0,20,20,-12,53,0,1,0,1.273
48070,0.3209,3.7217,175.41,0.3209,3.7217,1,1,1,0,0,20,20,-12,53,0,1,0,1.268
48080,0.3215,3.7175,175.41,0.3215,3.7175,1,1,1,0,0,20,20,-12,53,0,1,0,1.264
48090,0.3221,3.7132,175.41,0.3221,3.7132,1,1,1,0,0,20,20,-12,53,0,1,0,1.260
48100,0.3227,3.7089,175.41,0.3227,3.7089,1,1,1,0,0,20,20,-12,53,0,1,0,1.255
48110,0.3233,3.7046,175.42,0.3233,3.7046,1,1,1,0,0,20,20,-12,53,0,1,0,1.251
48120,0.3239,3.7003,175.42,0.3239,3.7003,1,1,1,0,0,20,20,-12,53,0,1,0,1.247
48130,0.3246,3.6961,175.42,0.3246,3.6961,1,1,1,0,0,20,20,-12,53,0,1,0,1.243
48140,0.3252,3.6918,175.42,0.3252,3.6918,1,1,1,0,0,20,20,-12,53,0,1,0,1.238
48150,0.3258,3.6875,175.42,0.3258,3.6875,1,1,1,0,0,20,20,-12,53,0,1,0,1.234
48160,0.3264,3.6832,175.43,0.3264,3.6832,1,1,1,0,0,20,20,-12,53,0,1,0,1.230
48170,0.3270,3.6789,175.43,0.3270,3.6789,1,1,1,0,0,20,20,-12,53,0,1,0,1.225
48180,0.3276,3.6747,175.43,0.3276,3.6747,1,1,1,0,0,20,20,-12,53,0,1,0,1.221
48190,0.3282,3.6704,175.44,0.3282,3.6704,1,1,1,0,0,20,20,-12,53,0,1,0,1.217
48200,0.3289,3.6661,175.44,0.3289,3.6661,1,1,1,0,0,20,20,-12,53,0,1,0,1.213
48210,0.3295,3.6618,175.44,0.3295,3.6618,1,1,1,0,0,20,20,-12,53,0,1,0,1.208
48220,0.3301,3.6575,175.44,0.3301,3.6575,1,1,1,0,0,20,20,-12,53,0,1,0,1.204
48230,0.3307,3.6532,175.44,0.3307,3.6532,1,1,1,0,0,20,20,-12,53,0,1,0,1.200
48240,0.3313,3.6490,175.45,0.3313,3.6490,1,1,1,0,0,20,20,-12,53,0,1,0,1.195
48250,0.3319,3.6447,175.45,0.3319,3.6447,1,1,1,0,0,20,20,-12,53,0,1,0,1.191
48260,0.3326,3.6404,175.45,0.3326,3.6404,1,1,1,0,0,20,20,-12,53,0,1,0,1.187
48270,0.3332,3.6361,175.45,0.3332,3.6361,1,1,1,0,0,20,20,-12,53,0,1,0,1.183
48280,0.3338,3.6318,175.45,0.3338,3.6318,1,1,1,0,0,20,20,-12,53,0,1,0,1.178
48290,0.3344,3.6276,175.46,0.3344,3.6276,1,1,1,0,0,20,20,-12,53,0,1,0,1.174
48300,0.3350,3.6233,175.46,0.3350,3.6233,1,1,1,0,0,20,20,-12,53,0,1,0,1.170
48310,0.3357,3.6190,175.46,0.3357,3.6190,1,1,1,0,0,20,20,-12,53,0,1,0,1.166
48320,0.3363,3.6147,175.46,0.3363,3.6147,1,1,1,0,0,20,20,-12,53,0,1,0,1.161
48330,0.3369,3.6104,175.46,0.3369,3.6104,1,1,1,0,0,20,20,-12,53,0,1,0,1.157
48340,0.3375,3.6062,175.47,0.3375,3.6062,1,1,1,0,0,20,20,-12,53,0,1,0,1.153
48350,0.3381,3.6019,175.47,0.3381,3.6019,1,1,1,0,0,20,20,-12,53,0,1,0,1.148
48360,0.3387,3.5976,175.47,0.3387,3.5976,1,1,1,0,0,20,20,-12,53,0,1,0,1.144
48370,0.3394,3.5933,175.47,0.3394,3.5933,1,1,1,0,0,20,20,-12,53,0,1,0,1.140
48380,0.3400,3.5890,175.47,0.3400,3.5890,1,1,1,0,0,20,20,-12,53,0,1,0,1.136
48390,0.3406,3.5848,175.48,0.3406,3.5848,1,1,1,0,0,20,20,-12,53,0,1,0,1.131
48400,0.3412,3.5805,175.48,0.3412,3.5805,1,1,1,0,0,20,20,-12,53,0,1,0,1.127
48410,0.3418,3.5762,175.48,0.3418,3.5762,1,1,1,0,0,20,20,-12,53,0,1,0,1.123
48420,0.3425,3.5719,175.48,0.3425,3.5719,1,1,1,0,0,20,20,-12,53,0,1,0,1.118
48430,0.3431,3.5676,175.48,0.3431,3.5676,1,1,1,0,0,20,20,-12,53,0,1,0,1.114
48440,0.3437,3.5634,175.49,0.3437,3.5634,1,1,1,0,0,20,20,-12,53,0,1,0,1.110
48450,0.3443,3.5591,175.49,0.3443,3.5591,1,1,1,0,0,20,20,-12,53,0,1,0,1.106
48460,0.3449,3.5548,175.49,0.3449,3.5548,1,1,1,0,0,20,20,-12,53,0,1,0,1.101
48470,0.3456,3.5505,175.50,0.3456,3.5505,1,1,1,0,0,20,20,-12,53,0,1,0,1.097
48480,0.3462,3.5462,175.50,0.3462,3.5462,1,1,1,0,0,20,20,-12,53,0,1,0,1.093
48490,0.3468,3.5420,175.50,0.3468,3.5420,1,1,1,0,0,20,20,-12,53,0,1,0,1.088
48500,0.3474,3.5377,175.50,0.3474,3.5377,1,1,1,0,0,20,20,-12,53,0,1,0,1.084
48510,0.3481,3.5334,175.50,0.3481,3.5334,1,1,1,0,0,20,20,-12,53,0,1,0,1.080
48520,0.3487,3.5291,175.51,0.3487,3.5291,1,1,1,0,0,20,20,-12,53,0,1,0,1.076
48530,0.3493,3.5248,175.51,0.3493,3.5248,1,1,1,0,0,20,20,-12,53,0,1,0,1.071
48540,0.3499,3.5206,175.51,0.3499,3.5206,1,1,1,0,0,20,20,-12,53,0,1,0,1.067
48550,0.3505,3.5163,175.51,0.3505,3.5163,1,1,1,0,0,20,20,-12,53,0,1,0,1.063
48560,0.3512,3.5120,175.51,0.3512,3.5120,1,1,1,0,0,20,20,-12,53,0,1,0,1.059
48570,0.3518,3.5077,175.52,0.3518,3.5077,1,1,1,0,0,20,20,-12,53,0,1,0,1.054
48580,0.3524,3.5034,175.52,0.3524,3.5034,1,1,1,0,0,20,20,-12,53,0,1,0,1.050
48590,0.3530,3.4992,175.52,0.3530,3.4992,1,1,1,0,0,20,20,-12,53,0,1,0,1.046
48600,0.3537,3.4949,175.52,0.3537,3.4949,1,1,1,0,0,20,20,-12,53,0,1,0,1.041
48610,0.3543,3.4906,175.52,0.3543,3.4906,1,1,1,0,0,20,20,-12,53,0,1,0,1.037
48620,0.3549,3.4863,175.53,0.3549,3.4863,1,1,1,0,0,20,20,-12,53,0,1,0,1.033
48630,0.3555,3.4820,175.53,0.3555,3.4820,1,1,1,0,0,20,20,-12,53,0,1,0,1.029
48640,0.3561,3.4778,175.53,0.3561,3.4778,1,1,1,0,0,20,20,-12,53,0,1,0,1.024
48650,0.3568,3.4735,175.53,0.3568,3.4735,1,1,1,0,0,20,20,-12,53,0,1,0,1.020
48660,0.3574,3.4692,175.54,0.3574,3.4692,1,1,1,0,0,20,20,-12,53,0,1,0,1.016
48670,0.3580,3.4649,175.54,0.3580,3.4649,1,1,1,0,0,20,20,-12,53,0,1,0,1.011
48680,0.3586,3.4606,175.54,0.3586,3.4606,1,1,1,0,0,20,20,-12,53,0,1,0,1.007
48690,0.3593,3.4564,175.54,0.3593,3.4564,1,1,1,0,0,20,20,-12,53,0,1,0,1.003
48700,0.3599,3.4521,175.54,0.3599,3.4521,1,1,1,0,0,20,20,-12,53,0,1,0,0.999
48710,0.3605,3.4478,175.55,0.3605,3.4478,1,1,1,0,0,20,20,-12,53,0,1,0,0.994
48720,0.3611,3.4435,175.55,0.3611,3.4435,1,1,1,0,0,20,20,-12,53,0,1,0,0.990
48730,0.3618,3.4392,175.55,0.3618,3.4392,1,1,1,0,0,20,20,-12,53,0,1,0,0.986
48740,0.3624,3.4350,175.55,0.3624,3.4350,1,1,1,0,0,20,20,-12,53,0,1,0,0.981
48750,0.3630,3.4307,175.55,0.3630,3.4307,1,1,1,0,0,20,20,-12,53,0,1,0,0.977
48760,0.3636,3.4264,175.56,0.3636,3.4264,1,1,1,0,0,20,20,-12,53,0,1,0,0.973
48770,0.3643,3.4221,175.56,0.3643,3.4221,1,1,1,0,0,20,20,-12,53,0,1,0,0.969
48780,0.3649,3.4178,175.56,0.3649,3.4178,1,1,1,0,0,20,20,-12,53,0,1,0,0.964
48790,0.3655,3.4136,175.57,0.3655,3.4136,1,1,1,0,0,20,20,-12,53,0,1,0,0.960
48800,0.3661,3.4093,175.57,0.3661,3.4093,1,1,1,0,0,20,20,-12,53,0,1,0,0.956
48810,0.3668,3.4050,175.57,0.3668,3.4050,1,1,1,0,0,20,20,-12,53,0,1,0,0.952
48820,0.3674,3.4007,175.57,0.3674,3.4007,1,1,1,0,0,20,20,-12,53,0,1,0,0.947
48830,0.3680,3.3965,175.57,0.3680,3.3965,1,1,1,0,0,20,20,-12,53,0,1,0,0.943
48840,0.3686,3.3922,175.58,0.3686,3.3922,1,1,1,0,0,20,20,-12,53,0,1,0,0.939
48850,0.3693,3.3879,175.58,0.3693,3.3879,1,1,1,0,0,20,20,-12,53,0,1,0,0.934
48860,0.3699,3.3836,175.58,0.3699,3.3836,1,1,1,0,0,20,20,-12,53,0,1,0,0.930
48870,0.3705,3.3793,175.58,0.3705,3.3793,1,1,1,0,0,20,20,-12,53,0,1,0,0.926
48880,0.3712,3.3751,175.58,0.3712,3.3751,1,1,1,0,0,20,20,-12,53,0,1,0,0.922
48890,0.3718,3.3708,175.59,0.3718,3.3708,1,1,1,0,0,20,20,-12,53,0,1,0,0.917
48900,0.3724,3.3665,175.59,0.3724,3.3665,1,1,1,0,0,20,20,-12,53,0,1,0,0.913
48910,0.3730,3.3622,175.59,0.3730,3.3622,1,1,1,0,0,20,20,-12,53,0,1,0,0.909
48920,0.3737,3.3579,175.59,0.3737,3.3579,1,1,1,0,0,20,20,-12,53,0,1,0,0.904
48930,0.3743,3.3537,175.59,0.3743,3.3537,1,1,1,0,0,20,20,-12,53,0,1,0,0.900
48940,0.3749,3.3494,175.60,0.3749,3.3494,1,1,1,0,0,20,20,-12,53,0,1,0,0.896
48950,0.3755,3.3451,175.60,0.3755,3.3451,1,1,1,0,0,20,20,-12,53,0,1,0,0.892
48960,0.3762,3.3408,175.60,0.3762,3.3408,1,1,1,0,0,20,20,-12,53,0,1,0,0.887
48970,0.3768,3.3365,175.60,0.3768,3.3365,1,1,1,0,0,20,20,-12,53,0,1,0,0.883
48980,0.3774,3.3323,175.60,0.3774,3.3323,1,1,1,0,0,20,20,-12,53,0,1,0,0.879
48990,0.3781,3.3280,175.61,0.3781,3.3280,1,1,1,0,0,20,20,-12,53,0,1,0,0.874
49000,0.3787,3.3237,175.61,0.3787,3.3237,1,1,1,0,0,20,20,-12,53,0,1,0,0.870
49010,0.3793,3.3194,175.61,0.3793,3.3194,1,1,1,0,0,20,20,-12,53,0,1,0,0.866
49020,0.3800,3.3152,175.61,0.3800,3.3152,1,1,1,0,0,20,20,-12,53,0,1,0,0.862
49030,0.3806,3.3109,175.61,0.3806,3.3109,1,1,1,0,0,20,20,-12,53,0,1,0,0.857
49040,0.3812,3.3066,175.62,0.3812,3.3066,1,1,1,0,0,20,20,-11,53,0,1,0,0.853
49050,0.3818,3.3023,175.62,0.3818,3.3023,1,1,1,0,0,20,20,-11,53,0,1,0,0.849
49060,0.3823,3.2980,175.62,0.3823,3.2980,1,1,1,0,0,20,20,-11,53,0,1,0,0.845
49070,0.3829,3.2938,175.63,0.3829,3.2938,1,1,1,0,0,20,20,-11,53,0,1,0,0.840
49080,0.3834,3.2895,175.63,0.3834,3.2895,1,1,1,0,0,20,20,-11,53,0,1,0,0.836
49090,0.3840,3.2852,175.63,0.3840,3.2852,1,1,1,0,0,20,20,-11,53,0,1,0,0.832
49100,0.3845,3.2810,175.63,0.3845,3.2810,1,1,1,0,0,20,20,-11,53,0,1,0,0.827
49110,0.3851,3.2767,175.63,0.3851,3.2767,1,1,1,0,0,20,20,-11,53,0,1,0,0.823
49120,0.3856,3.2724,175.64,0.3856,3.2724,1,1,1,0,0,20,20,-11,53,0,1,0,0.819
49130,0.3862,3.2681,175.64,0.3862,3.2681,1,1,1,0,0,20,20,-11,53,0,1,0,0.815
49140,0.3867,3.2639,175.64,0.3867,3.2639,1,1,1,0,0,20,20,-11,53,0,1,0,0.810
49150,0.3873,3.2596,175.64,0.3873,3.2596,1,1,1,0,0,20,20,-11,53,0,1,0,0.806
49160,0.3878,3.2553,175.64,0.3878,3.2553,1,1,1,0,0,20,20,-11,53,0,1,0,0.802
49170,0.3884,3.2511,175.65,0.3884,3.2511,1,1,1,0,0,20,20,-11,53,0,1,0,0.798
49180,0.3889,3.2468,175.65,0.3889,3.2468,1,1,1,0,0,20,20,-11,53,0,1,0,0.793
49190,0.3895,3.2425,175.65,0.3895,3.2425,1,1,1,0,0,20,20,-11,53,0,1,0,0.789
49200,0.3900,3.2382,175.65,0.3900,3.2382,1,1,1,0,0,20,20,-11,53,0,1,0,0.785
49210,0.3906,3.2340,175.65,0.3906,3.2340,1,1,1,0,0,20,20,-11,53,0,1,0,0.780
49220,0.3912,3.2297,175.66,0.3912,3.2297,1,1,1,0,0,20,20,-11,53,0,1,0,0.776
49230,0.3917,3.2254,175.66,0.3917,3.2254,1,1,1,0,0,20,20,-11,53,0,1,0,0.772
49240,0.3923,3.2211,175.66,0.3923,3.2211,1,1,1,0,0,20,20,-11,53,0,1,0,0.768
49250,0.3928,3.2169,175.66,0.3928,3.2169,1,1,1,0,0,20,20,-11,53,0,1,0,0.763
49260,0.3934,3.2126,175.66,0.3934,3.2126,1,1,1,0,0,20,20,-11,53,0,1,0,0.759
49270,0.3939,3.2083,175.67,0.3939,3.2083,1,1,1,0,0,20,20,-11,53,0,1,0,0.755
49280,0.3945,3.2041,175.67,0.3945,3.2041,1,1,1,0,0,20,20,-11,53,0,1,0,0.751
49290,0.3950,3.1998,175.67,0.3950,3.1998,1,1,1,0,0,20,20,-11,53,0,1,0,0.746
49300,0.3956,3.1955,175.68,0.3956,3.1955,1,1,1,0,0,20,20,-11,53,0,1,0,0.742
49310,0.3961,3.1912,175.68,0.3961,3.1912,1,1,1,0,0,20,20,-11,53,0,1,0,0.738
49320,0.3967,3.1870,175.68,0.3967,3.1870,1,1,1,0,0,20,20,-11,53,0,1,0,0.733
49330,0.3973,3.1827,175.68,0.3973,3.1827,1,1,1,0,0,20,20,-11,53,0,1,0,0.729
49340,0.3978,3.1784,175.68,0.3978,3.1784,1,1,1,0,0,20,20,-11,53,0,1,0,0.725
49350,0.3984,3.1742,175.69,0.3984,3.1742,1,1,1,0,0,20,20,-11,53,0,1,0,0.721
49360,0.3989,3.1699,175.69,0.3989,3.1699,1,1,1,0,0,20,20,-11,53,0,1,0,0.716
49370,0.3995,3.1656,175.69,0.3995,3.1656,1,1,1,0,0,20,20,-11,53,0,1,0,0.712
49380,0.4000,3.1613,175.69,0.4000,3.1613,1,1,1,0,0,20,20,-11,53,0,1,0,0.708
49390,0.4006,3.1571,175.69,0.4006,3.1571,1,1,1,0,0,20,20,-11,53,0,1,0,0.704
49400,0.4011,3.1528,175.70,0.4011,3.1528,1,1,1,0,0,20,20,-11,53,0,1,0,0.699
49410,0.4017,3.1485,175.70,0.4017,3.1485,1,1,1,0,0,20,20,-11,53,0,1,0,0.695
49420,0.4023,3.1442,175.70,0.4023,3.1442,1,1,1,0,0,20,20,-11,53,0,1,0,0.691
49430,0.4028,3.1400,175.70,0.4028,3.1400,1,1,1,0,0,20,20,-11,53,0,1,0,0.686
49440,0.4034,3.1357,175.71,0.4034,3.1357,1,1,1,0,0,20,20,-11,53,0,1,0,0.682
49450,0.4039,3.1314,175.71,0.4039,3.1314,1,1,1,0,0,20,20,-11,53,0,1,0,0.678
49460,0.4045,3.1272,175.71,0.4045,3.1272,1,1,1,0,0,20,20,-11,53,0,1,0,0.674
49470,0.4050,3.1229,175.71,0.4050,3.1229,1,1,1,0,0,20,20,-11,53,0,1,0,0.669
49480,0.4056,3.1186,175.71,0.4056,3.1186,1,1,1,0,0,20,20,-11,53,0,1,0,0.665
49490,0.4062,3.1143,175.72,0.4062,3.1143,1,1,1,0,0,20,20,-11,53,0,1,0,0.661
49500,0.4067,3.1101,175.72,0.4067,3.1101,1,1,1,0,0,20,20,-11,53,0,1,0,0.657
49510,0.4073,3.1058,175.72,0.4073,3.1058,1,1,1,0,0,20,20,-11,53,0,1,0,0.652
49520,0.4078,3.1015,175.72,0.4078,3.1015,1,1,1,0,0,20,20,-11,53,0,1,0,0.648
49530,0.4084,3.0973,175.72,0.4084,3.0973,1,1,1,0,0,20,20,-11,53,0,1,0,0.644
49540,0.4090,3.0930,175.73,0.4090,3.0930,1,1,1,0,0,20,20,-11,53,0,1,0,0.639
49550,0.4095,3.0887,175.73,0.4095,3.0887,1,1,1,0,0,20,20,-11,53,0,1,0,0.635
49560,0.4101,3.0844,175.73,0.4101,3.0844,1,1,1,0,0,20,20,-11,53,0,1,0,0.631
49570,0.4106,3.0802,175.74,0.4106,3.0802,1,1,1,0,0,20,20,-11,53,0,1,0,0.627
49580,0.4112,3.0759,175.74,0.4112,3.0759,1,1,1,0,0,20,20,-11,53,0,1,0,0.622
49590,0.4117,3.0716,175.74,0.4117,3.0716,1,1,1,0,0,20,20,-11,53,0,1,0,0.618
49600,0.4123,3.0674,175.74,0.4123,3.0674,1,1,1,0,0,20,20,-11,53,0,1,0,0.614
49610,0.4129,3.0631,175.74,0.4129,3.0631,1,1,1,0,0,20,20,-11,53,0,1,0,0.610
49620,0.4134,3.0588,175.75,0.4134,3.0588,1,1,1,0,0,20,20,-11,53,0,1,0,0.605
49630,0.4140,3.0545,175.75,0.4140,3.0545,1,1,1,0,0,20,20,-11,53,0,1,0,0.601
49640,0.4145,3.0503,175.75,0.4145,3.0503,1,1,1,0,0,20,20,-11,53,0,1,0,0.597
49650,0.4151,3.0460,175.75,0.4151,3.0460,1,1,1,0,0,20,20,-11,53,0,1,0,0.592
49660,0.4157,3.0417,175.75,0.4157,3.0417,1,1,1,0,0,20,20,-11,53,0,1,0,0.588
49670,0.4162,3.0375,175.76,0.4162,3.0375,1,1,1,0,0,20,20,-11,53,0,1,0,0.584
49680,0.4168,3.0332,175.76,0.4168,3.0332,1,1,1,0,0,20,20,-11,53,0,1,0,0.580
49690,0.4174,3.0289,175.76,0.4174,3.0289,1,1,1,0,0,20,20,-11,53,0,1,0,0.575
49700,0.4179,3.0246,175.76,0.4179,3.0246,1,1,1,0,0,20,20,-11,53,0,1,0,0.571
49710,0.4185,3.0204,175.76,0.4185,3.0204,1,1,1,0,0,20,20,-11,53,0,1,0,0.567
49720,0.4190,3.0161,175.77,0.4190,3.0161,1,1,1,0,0,20,20,-11,53,0,1,0,0.563
49730,0.4196,3.0118,175.77,0.4196,3.0118,1,1,1,0,0,20,20,-11,53,0,1,0,0.558
49740,0.4202,3.0076,175.77,0.4202,3.0076,1,1,1,0,0,20,20,-11,53,0,1,0,0.554
49750,0.4207,3.0033,175.77,0.4207,3.0033,1,1,1,0,0,20,20,-11,53,0,1,0,0.550
49760,0.4213,2.9990,175.77,0.4213,2.9990,1,1,1,0,0,20,20,-11,53,0,1,0,0.546
49770,0.4218,2.9947,175.78,0.4218,2.9947,1,1,1,0,0,20,20,-10,53,1,1,0,0.541
49780,0.4223,2.9905,175.78,0.4223,2.9905,1,1,1,0,0,20,20,-10,53,1,1,0,0.537
49790,0.4228,2.9862,175.78,0.4228,2.9862,1,1,1,0,0,20,20,-10,53,1,1,0,0.533
49800,0.4233,2.9819,175.79,0.4233,2.9819,1,1,1,0,0,20,20,-10,53,1,1,0,0.528
49810,0.4238,2.9777,175.79,0.4238,2.9777,1,1,1,0,0,20,20,-10,53,1,1,0,0.524
49820,0.4243,2.9734,175.79,0.4243,2.9734,1,1,1,0,0,20,20,-10,53,1,1,0,0.520
49830,0.4248,2.9692,175.79,0.4248,2.9692,1,1,1,0,0,20,20,-10,53,1,1,0,0.516
49840,0.4252,2.9649,175.79,0.4252,2.9649,1,1,1,0,0,20,20,-10,53,1,1,0,0.511
49850,0.4257,2.9606,175.80,0.4257,2.9606,1,1,1,0,0,20,20,-10,53,1,1,0,0.507
49860,0.4262,2.9564,175.80,0.4262,2.9564,1,1,1,0,0,20,20,-10,53,1,1,0,0.503
49870,0.4267,2.9521,175.80,0.4267,2.9521,1,1,1,0,0,20,20,-10,53,1,1,0,0.499
49880,0.4272,2.9478,175.80,0.4272,2.9478,1,1,1,0,0,20,20,-10,53,1,1,0,0.494
49890,0.4277,2.9436,175.80,0.4277,2.9436,1,1,1,0,0,20,20,-10,53,1,1,0,0.490
49900,0.4281,2.9393,175.81,0.4281,2.9393,1,1,1,0,0,20,20,-10,53,1,1,0,0.486
49910,0.4286,2.9350,175.81,0.4286,2.9350,1,1,1,0,0,20,20,-10,53,1,1,0,0.482
49920,0.4291,2.9308,175.81,0.4291,2.9308,1,1,1,0,0,20,20,-10,53,1,1,0,0.477
49930,0.4296,2.9265,175.81,0.4296,2.9265,1,1,1,0,0,20,20,-10,53,1,1,0,0.473
49940,0.4301,2.9222,175.81,0.4301,2.9222,1,1,1,0,0,20,20,-10,53,1,1,0,0.469
49950,0.4306,2.9180,175.82,0.4306,2.9180,1,1,1,0,0,20,20,-10,53,1,1,0,0.464
49960,0.4311,2.9137,175.82,0.4311,2.9137,1,1,1,0,0,20,20,-10,53,1,1,0,0.460
49970,0.4315,2.9094,175.82,0.4315,2.9094,1,1,1,0,0,20,20,-9,53,1,1,0,0.456
49980,0.4320,2.9052,175.83,0.4320,2.9052,1,1,1,0,0,20,20,-9,53,1,1,0,0.452
49990,0.4324,2.9009,175.83,0.4324,2.9009,1,1,1,0,0,20,20,-9,53,1,1,0,0.447
50000,0.4328,2.8967,175.83,0.4328,2.8967,1,1,1,0,0,20,20,-9,53,1,1,0,0.443
50010,0.4332,2.8924,175.83,0.4332,2.8924,1,1,1,0,0,20,20,-9,53,1,1,0,0.439
50020,0.4336,2.8881,175.83,0.4336,2.8881,1,1,1,0,0,20,20,-9,53,1,1,0,0.435
50030,0.4340,2.8839,175.84,0.4340,2.8839,1,1,1,0,0,20,20,-9,53,1,1,0,0.430
50040,0.4344,2.8796,175.84,0.4344,2.8796,1,1,1,0,0,20,20,-9,53,1,1,0,0.426
50050,0.4349,2.8754,175.84,0.4349,2.8754,1,1,1,0,0,20,20,-9,53,1,1,0,0.422
50060,0.4353,2.8711,175.84,0.4353,2.8711,1,1,1,0,0,20,20,-9,53,1,1,0,0.418
50070,0.4357,2.8668,175.84,0.4357,2.8668,1,1,1,0,0,20,20,-9,53,1,1,0,0.413
50080,0.4361,2.8626,175.85,0.4361,2.8626,1,1,1,0,0,20,20,-9,53,1,1,0,0.409
50090,0.4365,2.8583,175.85,0.4365,2.8583,1,1,1,0,0,20,20,-9,53,1,1,0,0.405
50100,0.4369,2.8541,175.85,0.4369,2.8541,1,1,1,0,0,20,20,-9,53,1,1,0,0.401
50110,0.4373,2.8498,175.85,0.4373,2.8498,1,1,1,0,0,20,20,-9,53,1,1,0,0.396
50120,0.4377,2.8456,175.85,0.4377,2.8456,1,1,1,0,0,20,20,-9,53,1,1,0,0.392
50130,0.4381,2.8413,175.86,0.4381,2.8413,1,1,1,0,0,20,20,-9,53,1,1,0,0.388
50140,0.4385,2.8370,175.86,0.4385,2.8370,1,1,1,0,0,20,20,-9,53,1,1,0,0.384
50150,0.4389,2.8328,175.86,0.4389,2.8328,1,1,1,0,0,20,20,-9,53,1,1,0,0.379
50160,0.4393,2.8285,175.87,0.4393,2.8285,1,1,1,0,0,20,20,-8,53,1,1,0,0.375
50170,0.4396,2.8243,175.87,0.4396,2.8243,1,1,1,0,0,20,20,-8,53,1,1,0,0.371
50180,0.4400,2.8200,175.87,0.4400,2.8200,1,1,1,0,0,20,20,-8,53,1,1,0,0.367
50190,0.4403,2.8158,175.87,0.4403,2.8158,1,1,1,0,0,20,20,-8,53,1,1,0,0.362
50200,0.4406,2.8115,175.87,0.4406,2.8115,1,1,1,0,0,20,20,-8,53,1,1,0,0.358
50210,0.4410,2.8073,175.88,0.4410,2.8073,1,1,1,0,0,20,20,-8,53,1,1,0,0.354
50220,0.4413,2.8030,175.88,0.4413,2.8030,1,1,1,0,0,20,20,-8,53,1,1,0,0.350
50230,0.4416,2.7988,175.88,0.4416,2.7988,1,1,1,0,0,20,20,-8,53,1,1,0,0.345
50240,0.4420,2.7945,175.88,0.4420,2.7945,1,1,1,0,0,20,20,-8,53,1,1,0,0.341
50250,0.4423,2.7902,175.88,0.4423,2.7902,1,1,1,0,0,20,20,-8,53,1,1,0,0.337
50260,0.4426,2.7860,175.89,0.4426,2.7860,1,1,1,0,0,20,20,-8,53,1,1,0,0.332
50270,0.4430,2.7817,175.89,0.4430,2.7817,1,1,1,0,0,20,20,-8,53,1,1,0,0.328
50280,0.4433,2.7775,175.89,0.4433,2.7775,1,1,1,0,0,20,20,-8,53,1,1,0,0.324
50290,0.4436,2.7732,175.89,0.4436,2.7732,1,1,1,0,0,20,20,-8,53,1,1,0,0.320
50300,0.4440,2.7690,175.89,0.4440,2.7690,1,1,1,0,0,20,20,-8,53,1,1,0,0.315
50310,0.4443,2.7647,175.90,0.4443,2.7647,1,1,1,0,0,20,20,-8,53,1,1,0,0.311
50320,0.4446,2.7605,175.90,0.4446,2.7605,1,1,1,0,0,20,20,-8,53,1,1,0,0.307
50330,0.4449,2.7562,175.90,0.4449,2.7562,1,1,1,0,0,20,20,-7,53,1,1,0,0.303
50340,0.4452,2.7520,175.90,0.4452,2.7520,1,1,1,0,0,20,20,-7,53,1,1,0,0.298
50350,0.4454,2.7477,175.90,0.4454,2.7477,1,1,1,0,0,20,20,-7,53,1,1,0,0.294
50360,0.4457,2.7435,175.91,0.4457,2.7435,1,1,1,0,0,20,20,-7,53,1,1,0,0.290
50370,0.4459,2.7392,175.91,0.4459,2.7392,1,1,1,0,0,20,20,-7,53,1,1,0,0.286
50380,0.4462,2.7350,175.91,0.4462,2.7350,1,1,1,0,0,20,20,-7,53,1,1,0,0.281
50390,0.4464,2.7307,175.91,0.4464,2.7307,1,1,1,0,0,20,20,-7,53,1,1,0,0.277
50400,0.4467,2.7265,175.91,0.4467,2.7265,1,1,1,0,0,20,20,-7,53,1,1,0,0.273
50410,0.4470,2.7222,175.92,0.4470,2.7222,1,1,1,0,0,20,20,-7,53,1,1,0,0.269
50420,0.4472,2.7180,175.92,0.4472,2.7180,1,1,1,0,0,20,20,-7,53,1,1,0,0.265
50430,0.4475,2.7138,175.92,0.4475,2.7138,1,1,1,0,0,20,20,-7,53,1,1,0,0.260
50440,0.4477,2.7095,175.92,0.4477,2.7095,1,1,1,0,0,20,20,-7,53,1,1,0,0.256
50450,0.4480,2.7053,175.92,0.4480,2.7053,1,1,1,0,0,20,20,-7,53,1,1,0,0.252
50460,0.4482,2.7010,175.93,0.4482,2.7010,1,1,1,0,0,20,20,-7,53,1,1,0,0.248
50470,0.4485,2.6968,175.93,0.4485,2.6968,1,1,1,0,0,20,20,-7,53,1,1,0,0.243
50480,0.4487,2.6925,175.93,0.4487,2.6925,1,1,1,0,0,20,20,-6,53,1,1,0,0.239
50490,0.4489,2.6883,175.94,0.4489,2.6883,1,1,1,0,0,20,20,-6,53,1,1,0,0.235
50500,0.4491,2.6840,175.94,0.4491,2.6840,1,1,1,0,0,20,20,-6,53,1,1,0,0.231
50510,0.4493,2.6798,175.94,0.4493,2.6798,1,1,1,0,0,20,20,-6,53,1,1,0,0.226
50520,0.4494,2.6756,175.94,0.4494,2.6756,1,1,1,0,0,20,20,-6,53,1,1,0,0.222
50530,0.4496,2.6713,175.94,0.4496,2.6713,1,1,1,0,0,20,20,-6,53,1,1,0,0.218
50540,0.4498,2.6671,175.95,0.4498,2.6671,1,1,1,0,0,20,20,-6,53,1,1,0,0.214
50550,0.4500,2.6628,175.95,0.4500,2.6628,1,1,1,0,0,20,20,-6,53,1,1,0,0.209
50560,0.4501,2.6586,175.95,0.4501,2.6586,1,1,1,0,0,20,20,-6,53,1,1,0,0.205
50570,0.4503,2.6543,175.95,0.4503,2.6543,1,1,1,0,0,20,20,-6,53,1,1,0,0.201
50580,0.4505,2.6501,175.95,0.4505,2.6501,1,1,1,0,0,20,20,-6,53,1,1,0,0.197
50590,0.4507,2.6459,175.96,0.4507,2.6459,1,1,1,0,0,20,20,-6,53,1,1,0,0.192
50600,0.4509,2.6416,175.96,0.4509,2.6416,1,1,1,0,0,20,20,-6,53,1,1,0,0.188
50610,0.4510,2.6374,175.96,0.4510,2.6374,1,1,1,0,0,20,20,-5,53,1,1,0,0.184
50620,0.4511,2.6331,175.96,0.4511,2.6331,1,1,1,0,0,20,20,-5,53,1,1,0,0.180
50630,0.4512,2.6289,175.96,0.4512,2.6289,1,1,1,0,0,20,20,-5,53,1,1,0,0.175
50640,0.4513,2.6247,175.97,0.4513,2.6247,1,1,1,0,0,20,20,-5,53,1,1,0,0.171
50650,0.4514,2.6204,175.97,0.4514,2.6204,1,1,1,0,0,20,20,-5,53,1,1,0,0.167
50660,0.4515,2.6162,175.97,0.4515,2.6162,1,1,1,0,0,20,20,-5,53,1,1,0,0.163
50670,0.4516,2.6120,175.98,0.4516,2.6120,1,1,1,0,0,20,20,-5,53,1,1,0,0.158
50680,0.4517,2.6077,175.98,0.4517,2.6077,1,1,1,0,0,20,20,-5,53,1,1,0,0.154
50690,0.4518,2.6035,175.98,0.4518,2.6035,1,1,1,0,0,20,20,-5,53,1,1,0,0.150
50700,0.4519,2.5993,175.98,0.4519,2.5993,2,1,0,0,0,20,20,0,0,0,0,0,1000.000
50710,0.4521,2.5952,175.98,0.4521,2.5952,2,1,0,0,0,20,20,0,0,0,0,0,1000.000
50720,0.4522,2.5913,175.98,0.4522,2.5913,2,1,0,0,0,20,20,0,0,0,0,0,1000.000
50730,0.4523,2.5875,175.98,0.4523,2.5875,2,1,0,0,0,20,20,0,0,0,0,0,1000.000
50740,0.4525,2.5840,175.98,0.4525,2.5840,2,1,0,0,0,20,20,0,0,0,0,0,1000.000
50750,0.4526,2.5807,175.98,0.4526,2.5807,2,1,1,0,0,20,20,0,0,0,0,0,1000.000
50760,0.4528,2.5776,175.98,0.4528,2.5776,2,1,1,0,0,20,20,0,0,0,0,0,1000.000
50770,0.4530,2.5747,175.98,0.4530,2.5747,2,1,1,0,0,20,20,0,0,0,0,0,1000.000
50780,0.4532,2.5720,175.98,0.4532,2.5720,2,1,1,0,0,20,20,0,0,0,0,0,1000.000
50790,0.4534,2.5695,175.98,0.4534,2.5695,2,1,1,0,0,20,20,0,0,0,0,0,1000.000
50800,0.4537,2.5672,175.98,0.4537,2.5672,2,1,1,0,0,20,20,-150,-11,0,0,0,2.276
50810,0.4539,2.5651,175.98,0.4539,2.5651,2,1,1,0,0,20,20,-150,-11,0,0,0,2.276
50820,0.4542,2.5632,175.98,0.4542,2.5632,2,1,1,0,0,20,20,-150,-11,0,0,0,2.276
50830,0.4545,2.5614,175.98,0.4545,2.5614,2,1,1,0,0,20,20,-150,-11,0,0,0,2.276
50840,0.4548,2.5599,175.98,0.4548,2.5599,2,1,1,0,0,20,20,-150,-11,0,0,0,2.275
50850,0.4551,2.5586,175.98,0.4551,2.5586,2,1,1,0,0,20,20,-150,-11,0,0,0,2.275
50860,0.4556,2.5573,175.99,0.4556,2.5573,2,1,1,0,0,20,20,-150,-11,0,0,0,2.274
50870,0.4563,2.5560,175.99,0.4563,2.5560,2,1,1,0,0,20,20,-150,-11,0,0,0,2.274
50880,0.4572,2.5546,175.99,0.4572,2.5546,2,1,1,0,0,20,20,-150,-11,0,0,0,2.273
50890,0.4583,2.5533,175.99,0.4583,2.5533,2,1,1,0,0,20,20,-150,-11,0,0,0,2.272
50900,0.4595,2.5519,176.00,0.4595,2.5519,2,1,1,0,0,20,20,-150,-10,0,0,0,2.270
50910,0.4610,2.5505,176.00,0.4610,2.5505,2,1,1,0,0,20,20,-150,-10,0,0,0,2.269
50920,0.4627,2.5491,176.00,0.4627,2.5491,2,1,1,0,0,20,20,-150,-10,0,0,0,2.267
50930,0.4646,2.5477,176.01,0.4646,2.5477,2,1,1,0,0,20,20,-150,-10,0,0,0,2.265
50940,0.4667,2.5463,176.01,0.4667,2.5463,2,1,1,0,0,20,20,-150,-10,0,0,0,2.263
50950,0.4690,2.5449,176.01,0.4690,2.5449,2,1,1,0,0,19,20,-150,-10,0,0,0,2.261
50960,0.4715,2.5434,176.02,0.4715,2.5434,2,1,1,0,0,19,20,-150,-10,0,0,0,2.259
50970,0.4742,2.5420,176.02,0.4742,2.5420,2,1,1,0,0,19,20,-150,-10,0,0,0,2.256
50980,0.4771,2.5405,176.02,0.4771,2.5405,2,1,1,0,0,19,20,-150,-10,0,0,0,2.253
50990,0.4801,2.5390,176.03,0.4801,2.5390,2,1,1,0,0,19,20,-150,-10,0,0,0,2.250
51000,0.4834,2.5375,176.03,0.4834,2.5375,2,1,1,0,0,18,20,-150,-10,0,0,0,2.247
51010,0.4869,2.5360,176.03,0.4869,2.5360,2,1,1,0,0,18,20,-150,-10,0,0,0,2.243
51020,0.4906,2.5344,176.03,0.4906,2.5344,2,1,1,0,0,18,20,-150,-10,0,0,0,2.239
51030,0.4945,2.5329,176.04,0.4945,2.5329,2,1,1,0,0,18,20,-150,-10,0,0,0,2.236
51040,0.4986,2.5313,176.04,0.4986,2.5313,2,1,1,0,0,18,20,-150,-10,0,0,0,2.231
51050,0.5029,2.5298,176.04,0.5029,2.5298,2,1,1,0,0,18,20,-150,-10,0,0,0,2.227
51060,0.5073,2.5282,176.05,0.5073,2.5282,2,1,1,0,0,18,20,-150,-10,0,0,0,2.223
51070,0.5120,2.5266,176.05,0.5120,2.5266,2,1,1,0,0,18,20,-150,-10,0,0,0,2.218
51080,0.5169,2.5250,176.05,0.5169,2.5250,2,1,1,0,0,18,20,-150,-10,0,0,0,2.213
51090,0.5220,2.5233,176.06,0.5220,2.5233,2,1,1,0,0,18,20,-150,-10,0,0,0,2.208
51100,0.5273,2.5217,176.06,0.5273,2.5217,2,1,1,0,0,17,20,-150,-10,0,0,0,2.203
51110,0.5327,2.5201,176.06,0.5327,2.5201,2,1,1,0,0,17,20,-150,-10,0,0,0,2.197
51120,0.5384,2.5184,176.07,0.5384,2.5184,2,1,1,0,0,17,20,-150,-10,0,0,0,2.192
51130,0.5443,2.5167,176.07,0.5443,2.5167,2,1,1,0,0,17,20,-150,-10,0,0,0,2.186
51140,0.5504,2.5150,176.07,0.5504,2.5150,2,1,1,0,0,17,20,-150,-10,0,0,0,2.180
51150,0.5567,2.5133,176.07,0.5567,2.5133,2,1,1,0,0,16,20,-150,-10,0,0,0,2.173
51160,0.5632,2.5116,176.08,0.5632,2.5116,2,1,1,0,0,16,20,-150,-10,0,0,0,2.167
51170,0.5698,2.5098,176.08,0.5698,2.5099,2,1,1,0,0,16,20,-150,-10,0,0,0,2.160
51180,0.5767,2.5081,176.08,0.5767,2.5081,2,1,1,0,0,16,20,-150,-10,0,0,0,2.153
51190,0.5838,2.5063,176.09,0.5838,2.5063,2,1,1,0,0,16,20,-150,-10,0,0,0,2.146
51200,0.5911,2.5046,176.09,0.5911,2.5046,2,1,1,0,0,15,20,-150,-10,0,0,0,2.139
51210,0.5985,2.5028,176.09,0.5985,2.5028,2,1,1,0,0,15,20,-150,-10,0,0,0,2.131
51220,0.6062,2.5010,176.10,0.6062,2.5010,2,1,1,0,0,15,20,-150,-10,0,0,0,2.124
51230,0.6141,2.4992,176.10,0.6141,2.4992,2,1,1,0,0,15,20,-150,-10,0,0,0,2.116
51240,0.6222,2.4973,176.10,0.6222,2.4973,2,1,1,0,0,15,20,-150,-10,0,0,0,2.108
51250,0.6305,2.4955,176.11,0.6305,2.4955,2,1,1,0,0,14,20,-150,-10,0,0,0,2.100
51260,0.6389,2.4937,176.11,0.6389,2.4937,2,1,1,0,0,14,20,-150,-10,0,0,0,2.091
51270,0.6476,2.4918,176.11,0.6476,2.4918,2,1,1,0,0,14,20,-150,-10,0,0,0,2.082
51280,0.6565,2.4899,176.11,0.6565,2.4899,2,1,1,0,0,14,20,-150,-10,0,0,0,2.074
51290,0.6656,2.4880,176.12,0.6656,2.4880,2,1,1,0,0,14,20,-150,-10,0,0,0,2.064
51300,0.6748,2.4861,176.12,0.6748,2.4861,2,1,1,0,0,13,20,-150,-10,0,0,0,2.055
51310,0.6843,2.4842,176.12,0.6843,2.4842,2,1,1,0,0,13,20,-150,-10,0,0,0,2.046
51320,0.6940,2.4823,176.13,0.6940,2.4823,2,1,1,0,0,13,20,-150,-10,0,0,0,2.036
51330,0.7038,2.4804,176.13,0.7038,2.4804,2,1,1,0,0,13,20,-150,-10,0,0,0,2.026
51340,0.7137,2.4786,176.13,0.7137,2.4786,2,1,1,0,0,13,20,-150,-10,0,0,0,2.016
51350,0.7238,2.4769,176.13,0.7238,2.4769,2,1,1,0,0,12,20,-150,-10,0,0,0,2.006
51360,0.7339,2.4753,176.13,0.7339,2.4753,2,1,1,0,0,12,20,-150,-10,0,0,0,1.996
51370,0.7441,2.4738,176.13,0.7441,2.4738,2,1,1,0,0,12,20,-150,-10,0,0,0,1.986
51380,0.7545,2.4724,176.13,0.7545,2.4724,2,1,1,0,0,12,20,-150,-10,0,0,0,1.975
51390,0.7650,2.4710,176.14,0.7650,2.4710,2,1,1,0,0,12,20,-150,-10,0,0,0,1.965
51400,0.7755,2.4698,176.14,0.7755,2.4698,2,1,1,0,0,12,20,-150,-10,0,0,0,1.954
51410,0.7862,2.4687,176.14,0.7862,2.4687,2,1,1,0,0,12,20,-150,-10,0,0,0,1.944
51420,0.7970,2.4676,176.14,0.7970,2.4676,2,1,1,0,0,12,20,-150,-10,0,0,0,1.933
51430,0.8079,2.4667,176.14,0.8079,2.4667,2,1,1,0,0,12,20,-150,-10,0,0,0,1.922
51440,0.8189,2.4658,176.15,0.8189,2.4658,2,1,1,0,0,12,20,-150,-10,0,0,0,1.911
51450,0.8300,2.4651,176.15,0.8300,2.4651,2,1,1,0,0,11,20,-150,-10,0,0,0,1.900
51460,0.8412,2.4644,176.15,0.8412,2.4644,2,1,1,0,0,11,20,-150,-10,0,0,0,1.889
51470,0.8525,2.4638,176.15,0.8525,2.4638,2,1,1,0,0,11,20,-150,-10,0,0,0,1.878
51480,0.8639,2.4633,176.15,0.8639,2.4633,2,1,1,0,0,11,20,-150,-10,0,0,0,1.866
51490,0.8754,2.4629,176.15,0.8754,2.4629,2,1,1,0,0,11,20,-150,-10,0,0,0,1.855
51500,0.8871,2.4626,176.16,0.8871,2.4626,2,1,1,0,0,11,20,-150,-10,0,0,0,1.843
51510,0.8988,2.4624,176.16,0.8988,2.4624,2,1,1,0,0,11,20,-150,-10,0,0,0,1.831
51520,0.9106,2.4623,176.17,0.9106,2.4623,2,1,1,0,0,11,20,-150,-10,0,0,0,1.819
51530,0.9225,2.4622,176.17,0.9225,2.4622,2,1,1,0,0,11,20,-150,-10,0,0,0,1.808
51540,0.9345,2.4622,176.17,0.9345,2.4622,2,1,1,0,0,11,20,-150,-10,0,0,0,1.796
51550,0.9464,2.4622,176.17,0.9464,2.4622,2,1,1,0,0,11,20,-150,-10,0,0,0,1.784
51560,0.9584,2.4622,176.17,0.9584,2.4622,2,1,1,0,0,11,20,-150,-10,0,0,0,1.772
51570,0.9704,2.4622,176.17,0.9704,2.4622,2,1,1,0,0,11,20,-150,-10,0,0,0,1.760
51580,0.9823,2.4622,176.18,0.9823,2.4622,2,1,1,0,0,11,20,-150,-10,0,0,0,1.748
51590,0.9943,2.4622,176.18,0.9943,2.4622,2,1,1,0,0,11,20,-150,-10,0,0,0,1.736
51600,1.0062,2.4622,176.18,1.0062,2.4622,2,1,1,0,0,11,20,-150,-10,0,0,0,1.724
51610,1.0182,2.4622,176.18,1.0182,2.4622,2,1,1,0,0,11,20,-150,-10,0,0,0,1.712
51620,1.0302,2.4622,176.18,1.0302,2.4622,2,1,1,0,0,11,20,-150,-10,0,0,0,1.700
51630,1.0421,2.4622,176.19,1.0421,2.4622,2,1,1,0,0,11,20,-150,-10,0,0,0,1.688
51640,1.0541,2.4622,176.19,1.0541,2.4622,2,1,1,0,0,11,20,-150,-10,0,0,0,1.676
51650,1.0661,2.4622,176.19,1.0661,2.4622,2,1,1,0,0,11,20,-150,-10,0,0,0,1.664
51660,1.0780,2.4622,176.20,1.0780,2.4622,2,1,1,0,0,11,20,-150,-10,0,0,0,1.652
51670,1.0900,2.4622,176.20,1.0900,2.4622,2,1,1,0,0,11,20,-150,-10,0,0,0,1.640
51680,1.1020,2.4622,176.20,1.1020,2.4622,2,1,1,0,0,11,20,-150,-10,0,0,0,1.628
51690,1.1139,2.4622,176.20,1.1139,2.4622,2,1,1,0,0,11,20,-150,-10,0,0,0,1.616
51700,1.1259,2.4622,176.20,1.1259,2.4622,2,1,1,0,0,11,20,-150,-10,0,0,0,1.604
51710,1.1379,2.4622,176.21,1.1379,2.4622,2,1,1,0,0,11,20,-150,-10,0,0,0,1.592
51720,1.1498,2.4622,176.21,1.1498,2.4622,2,1,1,0,0,11,20,-150,-10,0,0,0,1.580
51730,1.1618,2.4622,176.21,1.1618,2.4622,2,1,1,0,0,11,20,-150,-10,0,0,0,1.568
51740,1.1738,2.4622,176.21,1.1738,2.4622,2,1,1,0,0,11,20,-150,-10,0,0,0,1.556
51750,1.1857,2.4622,176.21,1.1857,2.4622,2,1,1,0,0,11,20,-150,-10,0,0,0,1.544
51760,1.1977,2.4623,176.22,1.1977,2.4623,2,1,1,0,0,11,20,-150,-10,0,0,0,1.532
51770,1.2096,2.4623,176.22,1.2096,2.4623,2,1,1,0,0,11,20,-150,-10,0,0,0,1.520
51780,1.2216,2.4623,176.22,1.2216,2.4623,2,1,1,0,0,11,20,-150,-10,0,0,0,1.508
51790,1.2336,2.4623,176.22,1.2336,2.4623,2,1,1,0,0,11,20,-150,-10,0,0,0,1.496
51800,1.2455,2.4623,176.22,1.2455,2.4623,2,1,1,0,0,11,20,-150,-10,0,0,0,1.484
51810,1.2575,2.4623,176.23,1.2575,2.4623,2,1,1,0,0,11,20,-150,-10,0,0,0,1.472
51820,1.2695,2.4623,176.23,1.2695,2.4623,2,1,1,0,0,11,20,-150,-10,0,0,0,1.461
51830,1.2814,2.4623,176.23,1.2814,2.4623,2,1,1,0,0,11,20,-150,-10,0,0,0,1.449
51840,1.2934,2.4623,176.23,1.2934,2.4623,2,1,1,0,0,11,20,-150,-10,0,0,0,1.437
51850,1.3054,2.4623,176.24,1.3054,2.4623,2,1,1,0,0,11,20,-150,-10,0,0,0,1.425
51860,1.3173,2.4623,176.24,1.3173,2.4623,2,1,1,0,0,11,20,-150,-10,0,0,0,1.413
51870,1.3293,2.4623,176.24,1.3293,2.4623,2,1,1,0,0,11,20,-150,-10,0,0,0,1.401
51880,1.3413,2.4624,176.24,1.3413,2.4624,2,1,1,0,0,11,20,-150,-10,0,0,0,1.389
51890,1.3532,2.4624,176.24,1.3532,2.4624,2,1,1,0,0,11,20,-150,-10,0,0,0,1.377
51900,1.3652,2.4624,176.25,1.3652,2.4624,2,1,1,0,0,11,20,-150,-10,0,0,0,1.365
51910,1.3772,2.4624,176.25,1.3772,2.4624,2,1,1,0,0,11,20,-150,-10,0,0,0,1.353
51920,1.3891,2.4624,176.25,1.3891,2.4624,2,1,1,0,0,11,20,-150,-10,0,0,0,1.341
51930,1.4011,2.4624,176.25,1.4011,2.4624,2,1,1,0,0,11,20,-150,-10,0,0,0,1.329
51940,1.4130,2.4624,176.25,1.4130,2.4624,2,1,1,0,0,11,20,-150,-10,0,0,0,1.317
51950,1.4250,2.4625,176.25,1.4250,2.4625,2,1,1,0,0,11,20,-150,-10,0,0,0,1.305
51960,1.4370,2.4625,176.25,1.4370,2.4625,2,1,1,0,0,11,20,-150,-10,0,0,0,1.293
51970,1.4489,2.4625,176.25,1.4489,2.4625,2,1,1,0,0,11,20,-150,-10,0,0,0,1.281
51980,1.4609,2.4625,176.26,1.4609,2.4625,2,1,1,0,0,11,20,-150,-10,0,0,0,1.269
51990,1.4729,2.4625,176.26,1.4729,2.4625,2,1,1,0,0,11,20,-150,-10,0,0,0,1.257
52000,1.4848,2.4625,176.26,1.4848,2.4625,2,1,1,0,0,11,20,-150,-10,0,0,0,1.245
52010,1.4968,2.4625,176.26,1.4968,2.4625,2,1,1,0,0,11,20,-150,-10,0,0,0,1.233
52020,1.5088,2.4626,176.26,1.5088,2.4626,2,1,1,0,0,11,20,-150,-10,0,0,0,1.221
52030,1.5207,2.4626,176.27,1.5207,2.4626,2,1,1,0,0,11,20,-150,-10,0,0,0,1.209
52040,1.5327,2.4626,176.27,1.5327,2.4626,2,1,1,0,0,11,20,-150,-10,0,0,0,1.197
52050,1.5447,2.4626,176.27,1.5447,2.4626,2,1,1,0,0,11,20,-150,-10,0,0,0,1.185
52060,1.5566,2.4626,176.27,1.5566,2.4626,2,1,1,0,0,11,20,-150,-10,0,0,0,1.173
52070,1.5686,2.4626,176.27,1.5686,2.4626,2,1,1,0,0,11,20,-150,-10,0,0,0,1.161
52080,1.5805,2.4627,176.27,1.5805,2.4627,2,1,1,0,0,11,20,-150,-10,0,0,0,1.149
52090,1.5925,2.4627,176.27,1.5925,2.4627,2,1,1,0,0,11,20,-150,-10,0,0,0,1.137
52100,1.6045,2.4627,176.27,1.6045,2.4627,2,1,1,0,0,11,20,-150,-10,0,0,0,1.126
52110,1.6164,2.4627,176.27,1.6164,2.4627,2,1,1,0,0,11,20,-150,-10,0,0,0,1.114
52120,1.6284,2.4627,176.28,1.6284,2.4627,2,1,1,0,0,11,20,-150,-10,0,0,0,1.102
52130,1.6404,2.4628,176.28,1.6404,2.4628,2,1,1,0,0,11,20,-150,-10,0,0,0,1.090
52140,1.6523,2.4628,176.28,1.6523,2.4628,2,1,1,0,0,11,20,-150,-10,0,0,0,1.078
52150,1.6643,2.4628,176.28,1.6643,2.4628,2,1,1,0,0,11,20,-150,-10,0,0,0,1.066
52160,1.6763,2.4628,176.28,1.6763,2.4628,2,1,1,0,0,11,20,-150,-10,0,0,0,1.054
52170,1.6882,2.4628,176.28,1.6882,2.4628,2,1,1,0,0,11,20,-150,-10,0,0,0,1.042
52180,1.7002,2.4629,176.28,1.7002,2.4629,2,1,1,0,0,11,20,-150,-10,0,0,0,1.030
52190,1.7122,2.4629,176.28,1.7122,2.4629,2,1,1,0,0,11,20,-150,-10,0,0,0,1.018
52200,1.7241,2.4629,176.28,1.7241,2.4629,2,1,1,0,0,11,20,-150,-10,0,0,0,1.006
52210,1.7361,2.4629,176.29,1.7361,2.4629,2,1,1,0,0,11,20,-150,-10,0,0,0,0.994
52220,1.7481,2.4629,176.29,1.7481,2.4629,2,1,1,0,0,11,20,-150,-10,0,0,0,0.982
52230,1.7600,2.4630,176.29,1.7600,2.4630,2,1,1,0,0,11,20,-150,-10,0,0,0,0.970
52240,1.7720,2.4630,176.29,1.7720,2.4630,2,1,1,0,0,11,20,-150,-10,0,0,0,0.958
52250,1.7839,2.4630,176.29,1.7839,2.4630,2,1,1,0,0,11,20,-150,-10,0,0,0,0.946
52260,1.7959,2.4630,176.29,1.7959,2.4630,2,1,1,0,0,11,20,-150,-10,0,0,0,0.934
52270,1.8079,2.4630,176.29,1.8079,2.4630,2,1,1,0,0,11,20,-150,-10,0,0,0,0.922
52280,1.8198,2.4631,176.29,1.8198,2.4631,2,1,1,0,0,11,20,-150,-10,0,0,0,0.910
52290,1.8318,2.4631,176.30,1.8318,2.4631,2,1,1,0,0,11,20,-150,-10,0,0,0,0.898
52300,1.8438,2.4631,176.30,1.8438,2.4631,2,1,1,0,0,11,20,-150,-10,0,0,0,0.886
52310,1.8557,2.4631,176.30,1.8557,2.4631,2,1,1,0,0,11,20,-150,-10,0,0,0,0.874
52320,1.8677,2.4632,176.30,1.8677,2.4632,2,1,1,0,0,11,20,-150,-10,0,0,0,0.862
52330,1.8797,2.4632,176.30,1.8797,2.4632,2,1,1,0,0,11,20,-150,-10,0,0,0,0.850
52340,1.8916,2.4632,176.30,1.8916,2.4632,2,1,1,0,0,11,20,-150,-10,0,0,0,0.838
52350,1.9036,2.4632,176.30,1.9036,2.4632,2,1,1,0,0,11,20,-150,-10,0,0,0,0.826
52360,1.9156,2.4633,176.30,1.9156,2.4633,2,1,1,0,0,11,20,-150,-10,0,0,0,0.814
52370,1.9275,2.4633,176.30,1.9275,2.4633,2,1,1,0,0,11,20,-150,-10,0,0,0,0.802
52380,1.9395,2.4633,176.31,1.9395,2.4633,2,1,1,0,0,11,20,-150,-10,0,0,0,0.791
52390,1.9514,2.4633,176.31,1.9514,2.4633,2,1,1,0,0,11,20,-150,-10,0,0,0,0.779
52400,1.9634,2.4634,176.31,1.9634,2.4634,2,1,1,0,0,11,20,-150,-10,0,0,0,0.767
52410,1.9754,2.4634,176.31,1.9754,2.4634,2,1,1,0,0,11,20,-150,-10,0,0,0,0.755
52420,1.9873,2.4634,176.31,1.9873,2.4634,2,1,1,0,0,11,20,-150,-10,0,0,0,0.743
52430,1.9993,2.4634,176.31,1.9993,2.4634,2,1,1,0,0,11,20,-150,-10,0,0,0,0.731
52440,2.0113,2.4635,176.31,2.0113,2.4635,2,1,1,0,0,11,20,-150,-10,0,0,0,0.719
52450,2.0232,2.4635,176.31,2.0232,2.4635,2,1,1,0,0,11,20,-150,-10,0,0,0,0.707
52460,2.0352,2.4635,176.31,2.0352,2.4635,2,1,1,0,0,11,20,-150,-10,0,0,0,0.695
52470,2.0472,2.4635,176.32,2.0472,2.4635,2,1,1,0,0,11,20,-150,-10,0,0,0,0.683
52480,2.0591,2.4636,176.32,2.0591,2.4636,2,1,1,0,0,11,20,-150,-10,0,0,0,0.671
52490,2.0711,2.4636,176.32,2.0711,2.4636,2,1,1,0,0,11,20,-150,-10,0,0,0,0.659
52500,2.0831,2.4636,176.32,2.0831,2.4636,2,1,1,0,0,11,20,-150,-10,0,0,0,0.647
52510,2.0950,2.4637,176.32,2.0950,2.4637,2,1,1,0,0,11,20,-150,-10,0,0,0,0.635
52520,2.1070,2.4637,176.33,2.1070,2.4637,2,1,1,0,0,11,20,-150,-10,0,0,0,0.623
52530,2.1190,2.4637,176.33,2.1190,2.4637,2,1,1,0,0,11,20,-150,-10,0,0,0,0.611
52540,2.1309,2.4637,176.33,2.1309,2.4637,2,1,1,0,0,11,20,-150,-10,0,0,0,0.599
52550,2.1429,2.4638,176.33,2.1429,2.4638,2,1,1,0,0,11,20,-150,-10,0,0,0,0.587
52560,2.1548,2.4638,176.33,2.1548,2.4638,2,1,1,0,0,11,20,-150,-10,0,0,0,0.575
52570,2.1668,2.4638,176.33,2.1668,2.4638,2,1,1,0,0,11,20,-150,-10,0,0,0,0.563
52580,2.1788,2.4639,176.33,2.1788,2.4639,2,1,1,0,0,11,20,-150,-10,0,0,0,0.551
52590,2.1907,2.4639,176.33,2.1907,2.4639,2,1,1,0,0,11,20,-149,-9,1,0,0,0.539
52600,2.2026,2.4639,176.33,2.2026,2.4639,2,1,1,0,0,20,20,-147,-9,1,0,0,0.527
52610,2.2143,2.4638,176.34,2.2143,2.4638,2,1,1,0,0,20,20,-145,-9,1,0,0,0.516
52620,2.2259,2.4638,176.34,2.2259,2.4638,2,1,1,0,0,20,20,-143,-9,1,0,0,0.504
52630,2.2374,2.4638,176.35,2.2374,2.4638,2,1,1,0,0,20,20,-142,-9,1,0,0,0.493
52640,2.2486,2.4638,176.35,2.2486,2.4638,2,1,1,0,0,20,20,-140,-9,1,0,0,0.481
52650,2.2597,2.4638,176.35,2.2597,2.4638,2,1,1,0,0,20,20,-138,-9,1,0,0,0.470
52660,2.2707,2.4638,176.35,2.2707,2.4638,2,1,1,0,0,20,20,-136,-9,1,0,0,0.459
52670,2.2815,2.4639,176.35,2.2815,2.4639,2,1,1,0,0,20,20,-134,-8,1,0,0,0.448
52680,2.2922,2.4638,176.35,2.2922,2.4638,2,1,1,0,0,20,20,-133,-8,1,0,0,0.438
52690,2.3029,2.4638,176.36,2.3029,2.4638,2,1,1,0,0,20,20,-131,-8,1,0,0,0.427
52700,2.3134,2.4638,176.36,2.3134,2.4638,2,1,1,0,0,20,20,-129,-8,1,0,0,0.417
52710,2.3237,2.4638,176.36,2.3237,2.4638,2,1,1,0,0,20,20,-127,-8,1,0,0,0.406
52720,2.3339,2.4638,176.36,2.3339,2.4638,2,1,1,0,0,20,20,-126,-8,1,0,0,0.396
52730,2.3439,2.4638,176.37,2.3439,2.4638,2,1,1,0,0,20,20,-124,-8,1,0,0,0.386
52740,2.3538,2.4638,176.37,2.3538,2.4638,2,1,1,0,0,20,20,-122,-8,1,0,0,0.376
52750,2.3635,2.4638,176.38,2.3635,2.4638,2,1,1,0,0,20,20,-120,-8,1,0,0,0.367
52760,2.3731,2.4638,176.38,2.3731,2.4638,2,1,1,0,0,20,20,-118,-7,1,0,0,0.357
52770,2.3825,2.4638,176.38,2.3825,2.4638,2,1,1,0,0,20,20,-117,-7,1,0,0,0.348
52780,2.3917,2.4638,176.38,2.3917,2.4638,2,1,1,0,0,20,20,-115,-7,1,0,0,0.338
52790,2.4008,2.4638,176.38,2.4008,2.4638,2,1,1,0,0,20,20,-113,-7,1,0,0,0.329
52800,2.4098,2.4638,176.38,2.4098,2.4638,2,1,1,0,0,20,20,-111,-6,1,0,0,0.320
52810,2.4187,2.4637,176.38,2.4187,2.4637,2,1,1,0,0,20,20,-110,-6,1,0,0,0.311
52820,2.4275,2.4637,176.39,2.4275,2.4637,2,1,1,0,0,20,20,-108,-6,1,0,0,0.303
52830,2.4361,2.4637,176.39,2.4361,2.4637,2,1,1,0,0,20,20,-106,-6,1,0,0,0.294
52840,2.4445,2.4636,176.39,2.4445,2.4636,2,1,1,0,0,20,20,-104,-6,1,0,0,0.286
52850,2.4528,2.4636,176.39,2.4528,2.4636,2,1,1,0,0,20,20,-103,-6,1,0,0,0.277
52860,2.4609,2.4635,176.39,2.4609,2.4635,2,1,1,0,0,20,20,-101,-6,1,0,0,0.269
52870,2.4689,2.4635,176.39,2.4689,2.4635,2,1,1,0,0,20,20,-99,-5,1,0,0,0.261
52880,2.4768,2.4634,176.40,2.4768,2.4634,2,1,1,0,0,20,20,-97,-5,1,0,0,0.253
52890,2.4846,2.4634,176.41,2.4846,2.4634,3,1,0,0,0,20,20,0,0,0,0,0,1000.000
52900,2.4922,2.4633,176.42,2.4922,2.4633,3,1,0,0,0,20,20,0,0,0,0,0,1000.000
52910,2.4997,2.4632,176.42,2.4997,2.4632,3,1,0,0,0,20,20,0,0,0,0,0,1000.000
52920,2.5069,2.4632,176.43,2.5069,2.4632,3,1,0,0,0,20,20,0,0,0,0,0,1000.000
52930,2.5139,2.4632,176.44,2.5139,2.4632,3,1,0,0,0,20,20,0,0,0,0,0,1000.000
52940,2.5207,2.4631,176.45,2.5207,2.4631,3,1,0,0,0,20,20,0,0,0,0,0,1000.000
52950,2.5273,2.4631,176.46,2.5273,2.4631,3,1,1,0,0,20,20,0,0,0,0,0,1000.000
52960,2.5337,2.4632,176.47,2.5337,2.4632,3,1,1,0,0,20,20,0,0,0,0,0,1000.000
52970,2.5399,2.4632,176.48,2.5399,2.4632,3,1,1,0,0,20,20,0,0,0,0,0,1000.000
52980,2.5459,2.4632,176.49,2.5459,2.4632,3,1,1,0,0,20,20,0,0,0,0,0,1000.000
52990,2.5518,2.4633,176.50,2.5518,2.4633,3,1,1,0,0,20,20,0,0,0,0,0,1000.000
53000,2.5574,2.4633,176.51,2.5574,2.4633,3,1,1,0,0,20,20,-9,53,0,1,0,1.015
53010,2.5628,2.4634,176.52,2.5628,2.4634,3,1,1,0,0,20,20,-9,53,0,1,0,1.015
53020,2.5680,2.4635,176.53,2.5680,2.4635,3,1,1,0,0,20,20,-9,53,0,1,0,1.015
53030,2.5730,2.4636,176.54,2.5730,2.4636,3,1,1,0,0,20,20,-9,53,0,1,0,1.015
53040,2.5778,2.4637,176.55,2.5778,2.4637,3,1,1,0,0,20,20,-9,53,0,1,0,1.015
53050,2.5824,2.4639,176.56,2.5824,2.4639,3,1,1,0,0,20,19,-9,53,0,1,0,1.015
53060,2.5869,2.4640,176.57,2.5869,2.4640,3,1,1,0,0,20,19,-9,53,0,1,0,1.016
53070,2.5911,2.4642,176.58,2.5911,2.4642,3,1,1,0,0,20,19,-9,53,0,1,0,1.016
53080,2.5951,2.4643,176.59,2.5951,2.4643,3,1,1,0,0,20,19,-9,53,0,1,0,1.016
53090,2.5989,2.4645,176.60,2.5989,2.4645,3,1,1,0,0,20,19,-9,53,0,1,0,1.016
53100,2.6025,2.4647,176.61,2.6025,2.4647,3,1,1,0,0,20,17,-9,53,0,1,0,1.016
53110,2.6059,2.4649,176.62,2.6059,2.4649,3,1,1,0,0,20,17,-9,53,0,1,0,1.016
53120,2.6092,2.4651,176.63,2.6092,2.4651,3,1,1,0,0,20,17,-9,53,0,1,0,1.017
53130,2.6122,2.4653,176.63,2.6122,2.4653,3,1,1,0,0,20,17,-9,53,0,1,0,1.017
53140,2.6151,2.4655,176.63,2.6151,2.4655,3,1,1,0,0,20,17,-9,53,0,1,0,1.017
53150,2.6179,2.4656,176.64,2.6179,2.4656,3,1,1,0,0,20,15,-9,53,0,1,0,1.017
53160,2.6205,2.4656,176.64,2.6205,2.4656,3,1,1,0,0,20,15,-9,53,0,1,0,1.017
53170,2.6232,2.4654,176.64,2.6232,2.4654,3,1,1,0,0,20,15,-9,53,0,1,0,1.017
53180,2.6257,2.4650,176.64,2.6257,2.4650,3,1,1,0,0,20,15,-9,53,0,1,0,1.017
53190,2.6283,2.4645,176.65,2.6283,2.4645,3,1,1,0,0,20,15,-9,53,0,1,0,1.016
53200,2.6309,2.4638,176.65,2.6309,2.4638,3,1,1,0,0,20,14,-9,53,0,1,0,1.015
53210,2.6334,2.4629,176.65,2.6334,2.4629,3,1,1,0,0,20,14,-9,53,0,1,0,1.014
53220,2.6359,2.4618,176.66,2.6359,2.4618,3,1,1,0,0,20,14,-9,53,0,1,0,1.013
53230,2.6384,2.4605,176.66,2.6384,2.4605,3,1,1,0,0,20,14,-9,53,0,1,0,1.012
53240,2.6408,2.4590,176.67,2.6408,2.4590,3,1,1,0,0,20,14,-9,53,0,1,0,1.011
53250,2.6432,2.4574,176.67,2.6432,2.4574,3,1,1,0,0,20,13,-9,53,0,1,0,1.009
53260,2.6455,2.4556,176.67,2.6455,2.4556,3,1,1,0,0,20,13,-9,53,0,1,0,1.007
53270,2.6479,2.4536,176.67,2.6479,2.4536,3,1,1,0,0,20,13,-9,53,0,1,0,1.005
53280,2.6502,2.4514,176.68,2.6502,2.4514,3,1,1,0,0,20,13,-9,53,0,1,0,1.003
53290,2.6525,2.4491,176.68,2.6525,2.4491,3,1,1,0,0,20,13,-9,53,0,1,0,1.001
53300,2.6548,2.4465,176.69,2.6548,2.4465,3,1,1,0,0,20,12,0,0,0,1,0,0.998
53310,2.6570,2.4440,176.69,2.6570,2.4440,3,1,1,0,0,20,12,0,0,0,1,0,0.995
53320,2.6592,2.4415,176.69,2.6592,2.4415,3,1,1,0,0,20,12,0,0,0,1,0,0.993
53330,2.6613,2.4392,176.69,2.6613,2.4392,3,1,1,0,0,20,12,0,0,0,1,0,0.991
53340,2.6633,2.4370,176.69,2.6633,2.4370,3,1,1,0,0,20,12,0,0,0,1,0,0.988
53350,2.6652,2.4349,176.69,2.6652,2.4349,3,1,1,0,0,20,11,0,0,0,1,0,0.986
53360,2.6669,2.4329,176.69,2.6669,2.4329,3,1,1,0,0,20,11,0,0,0,1,0,0.984
53370,2.6686,2.4309,176.69,2.6686,2.4309,3,1,1,0,0,20,11,0,0,0,1,0,0.982
53380,2.6702,2.4291,176.69,2.6702,2.4291,3,1,1,0,0,20,11,0,0,0,1,0,0.981
53390,2.6718,2.4275,176.69,2.6718,2.4275,3,1,1,0,0,20,11,0,0,0,1,0,0.979
53400,2.6732,2.4259,176.69,2.6732,2.4259,3,1,1,0,0,20,10,0,0,0,1,1,0.977
53410,2.6745,2.4244,176.69,2.6745,2.4244,3,1,1,0,0,20,10,0,0,0,1,1,0.976
53420,2.6757,2.4230,176.69,2.6757,2.4230,3,1,1,0,0,20,10,0,0,0,1,1,0.975
53430,2.6768,2.4217,176.69,2.6768,2.4217,3,1,1,0,0,20,10,0,0,0,1,1,0.973
53440,2.6779,2.4206,176.69,2.6779,2.4206,3,1,1,0,0,20,10,0,0,0,1,1,0.972
53450,2.6788,2.4195,176.69,2.6788,2.4195,3,1,1,0,0,20,9,0,0,0,1,1,0.971
53460,2.6797,2.4186,176.69,2.6797,2.4186,3,1,1,0,0,20,9,0,0,0,1,1,0.970
53470,2.6804,2.4177,176.69,2.6804,2.4177,3,1,1,0,0,20,9,0,0,0,1,1,0.969
53480,2.6811,2.4170,176.69,2.6811,2.4170,3,1,1,0,0,20,9,0,0,0,1,1,0.968
53490,2.6817,2.4163,176.69,2.6817,2.4163,3,1,1,0,0,20,9,0,0,0,1,1,0.968
53500,2.6821,2.4158,176.69,2.6821,2.4158,3,1,1,0,0,20,9,0,0,0,1,1,0.967
53510,2.6825,2.4154,176.69,2.6825,2.4154,3,1,1,0,0,20,9,0,0,0,1,1,0.967
53520,2.6828,2.4150,176.69,2.6828,2.4150,3,1,1,0,0,20,9,0,53,0,1,1,0.967
53530,2.6829,2.4148,176.69,2.6829,2.4148,3,1,1,0,0,20,9,0,53,0,1,1,0.966
53540,2.6829,2.4145,176.69,2.6829,2.4145,3,1,1,0,0,20,9,0,53,0,1,1,0.966
53550,2.6829,2.4141,176.69,2.6829,2.4141,3,1,1,0,0,20,9,0,53,0,1,1,0.966
53560,2.6829,2.4136,176.69,2.6829,2.4136,3,1,1,0,0,20,9,0,53,0,1,1,0.965
53570,2.6828,2.4129,176.69,2.6828,2.4129,3,1,1,0,0,20,9,0,53,0,1,1,0.964
53580,2.6828,2.4121,176.70,2.6828,2.4121,3,1,1,0,0,20,9,0,53,0,1,1,0.964
53590,2.6827,2.4111,176.70,2.6827,2.4111,3,1,1,0,0,20,9,0,53,0,1,1,0.963
53600,2.6827,2.4100,176.70,2.6827,2.4100,3,1,1,0,0,20,9,0,53,0,1,1,0.962
53610,2.6826,2.4088,176.70,2.6826,2.4088,3,1,1,0,0,20,9,0,53,0,1,1,0.960
53620,2.6825,2.4075,176.70,2.6825,2.4075,3,1,1,0,0,20,9,0,53,0,1,1,0.959
53630,2.6824,2.4060,176.71,2.6824,2.4060,3,1,1,0,0,20,9,0,53,0,1,1,0.957
53640,2.6823,2.4044,176.71,2.6823,2.4044,3,1,1,0,0,20,9,0,53,0,1,1,0.956
53650,2.6822,2.4026,176.71,2.6822,2.4026,3,1,1,0,0,20,9,0,53,0,1,1,0.954
53660,2.6821,2.4006,176.71,2.6821,2.4006,3,1,1,0,0,20,9,0,53,0,1,1,0.952
53670,2.6820,2.3985,176.71,2.6820,2.3985,3,1,1,0,0,20,9,0,53,0,1,1,0.950
53680,2.6819,2.3963,176.71,2.6819,2.3963,3,1,1,0,0,20,9,0,53,0,1,1,0.948
53690,2.6817,2.3940,176.71,2.6817,2.3940,3,1,1,0,0,20,9,0,53,0,1,1,0.945
53700,2.6816,2.3915,176.72,2.6816,2.3915,3,1,1,0,0,20,9,0,53,0,1,1,0.943
53710,2.6815,2.3889,176.73,2.6815,2.3889,3,1,1,0,0,20,9,0,53,0,1,1,0.940
53720,2.6813,2.3861,176.73,2.6813,2.3861,3,1,1,0,0,20,9,0,53,0,1,1,0.938
53730,2.6811,2.3832,176.73,2.6811,2.3832,3,1,1,0,0,20,9,0,53,0,1,1,0.935
53740,2.6810,2.3802,176.73,2.6810,2.3802,3,1,1,0,0,20,9,0,53,0,1,1,0.932
53750,2.6808,2.3769,176.73,2.6808,2.3769,3,1,1,0,0,20,9,0,53,0,1,1,0.928
53760,2.6806,2.3736,176.73,2.6806,2.3736,3,1,1,0,0,20,9,0,53,0,1,1,0.925
53770,2.6804,2.3702,176.73,2.6804,2.3702,3,1,1,0,0,20,9,0,53,0,1,1,0.922
53780,2.6802,2.3666,176.74,2.6802,2.3666,3,1,1,0,0,20,9,0,53,0,1,1,0.918
53790,2.6800,2.3628,176.74,2.6800,2.3628,3,1,1,0,0,20,9,0,53,0,1,1,0.914
53800,2.6797,2.3589,176.74,2.6797,2.3589,3,1,1,0,0,20,9,0,53,0,1,1,0.910
53810,2.6795,2.3549,176.74,2.6795,2.3549,3,1,1,0,0,20,9,0,53,0,1,1,0.906
53820,2.6793,2.3507,176.74,2.6793,2.3507,3,1,1,0,0,20,9,0,53,0,1,1,0.902
53830,2.6790,2.3465,176.74,2.6790,2.3465,3,1,1,0,0,20,9,0,53,0,1,1,0.898
53840,2.6788,2.3423,176.75,2.6788,2.3423,3,1,1,0,0,20,9,0,53,0,1,1,0.894
53850,2.6786,2.3381,176.75,2.6786,2.3381,3,1,1,0,0,20,9,0,53,0,1,1,0.890
53860,2.6783,2.3339,176.75,2.6783,2.3339,3,1,1,0,0,20,9,0,53,0,1,1,0.885
53870,2.6781,2.3296,176.75,2.6781,2.3296,3,1,1,0,0,20,9,0,53,0,1,1,0.881
53880,2.6778,2.3254,176.75,2.6778,2.3254,3,1,1,0,0,20,9,0,53,0,1,1,0.877
53890,2.6776,2.3212,176.75,2.6776,2.3212,3,1,1,0,0,20,9,0,53,0,1,1,0.873
53900,2.6774,2.3170,176.76,2.6774,2.3170,3,1,1,0,0,20,9,0,53,0,1,1,0.869
53910,2.6771,2.3128,176.76,2.6771,2.3128,3,1,1,0,0,20,9,0,53,0,1,1,0.864
53920,2.6769,2.3086,176.76,2.6769,2.3086,3,1,1,0,0,20,9,0,53,0,1,1,0.860
53930,2.6766,2.3044,176.76,2.6766,2.3044,3,1,1,0,0,20,9,0,53,0,1,1,0.856
53940,2.6764,2.3002,176.76,2.6764,2.3002,3,1,1,0,0,20,9,0,53,0,1,1,0.852
53950,2.6762,2.2960,176.76,2.6762,2.2960,3,1,1,0,0,20,9,0,53,0,1,1,0.847
53960,2.6759,2.2917,176.76,2.6759,2.2917,3,1,1,0,0,20,9,0,53,0,1,1,0.843
53970,2.6757,2.2875,176.76,2.6757,2.2875,3,1,1,0,0,20,9,0,53,0,1,1,0.839
53980,2.6755,2.2833,176.77,2.6755,2.2833,3,1,1,0,0,20,9,0,53,0,1,1,0.835
53990,2.6752,2.2791,176.77,2.6752,2.2791,3,1,1,0,0,20,9,0,53,0,1,1,0.831
54000,2.6750,2.2749,176.77,2.6750,2.2749,3,1,1,0,0,20,9,0,53,0,1,1,0.826
54010,2.6747,2.2707,176.77,2.6747,2.2707,3,1,1,0,0,20,9,0,53,0,1,1,0.822
54020,2.6745,2.2665,176.77,2.6745,2.2665,3,1,1,0,0,20,9,0,53,0,1,1,0.818
54030,2.6743,2.2623,176.77,2.6743,2.2623,3,1,1,0,0,20,9,0,53,0,1,1,0.814
54040,2.6740,2.2581,176.77,2.6740,2.2581,3,1,1,0,0,20,9,0,53,0,1,1,0.810
54050,2.6738,2.2538,176.77,2.6738,2.2538,3,1,1,0,0,20,10,0,53,0,1,1,0.805
54060,2.6736,2.2496,176.77,2.6736,2.2496,3,1,1,0,0,20,10,0,53,0,1,1,0.801
54070,2.6733,2.2454,176.78,2.6733,2.2454,3,1,1,0,0,20,10,0,53,0,1,1,0.797
54080,2.6731,2.2412,176.78,2.6731,2.2412,3,1,1,0,0,20,10,0,53,0,1,1,0.793
54090,2.6728,2.2370,176.78,2.6728,2.2370,3,1,1,0,0,20,10,0,53,0,1,1,0.789
54100,2.6726,2.2328,176.78,2.6726,2.2328,3,1,1,0,0,20,10,0,53,0,1,1,0.784
54110,2.6724,2.2286,176.78,2.6724,2.2286,3,1,1,0,0,20,10,0,53,0,1,1,0.780
54120,2.6721,2.2244,176.78,2.6721,2.2244,3,1,1,0,0,20,10,0,53,0,1,1,0.776
54130,2.6719,2.2202,176.78,2.6719,2.2202,3,1,1,0,0,20,10,0,53,0,1,1,0.772
54140,2.6717,2.2159,176.78,2.6717,2.2159,3,1,1,0,0,20,10,0,53,0,1,1,0.767
54150,2.6714,2.2117,176.78,2.6714,2.2117,3,1,1,0,0,20,10,0,53,0,1,1,0.763
54160,2.6712,2.2075,176.79,2.6712,2.2075,3,1,1,0,0,20,10,0,53,0,1,1,0.759
54170,2.6709,2.2033,176.79,2.6709,2.2033,3,1,1,0,0,20,10,0,53,0,1,1,0.755
54180,2.6707,2.1991,176.79,2.6707,2.1991,3,1,1,0,0,20,10,0,53,0,1,1,0.751
54190,2.6705,2.1949,176.79,2.6705,2.1949,3,1,1,0,0,20,10,0,53,0,1,1,0.746
54200,2.6702,2.1907,176.79,2.6702,2.1907,3,1,1,0,0,20,10,0,53,0,1,1,0.742
54210,2.6700,2.1865,176.79,2.6700,2.1865,3,1,1,0,0,20,10,0,53,0,1,1,0.738
54220,2.6698,2.1823,176.79,2.6698,2.1823,3,1,1,0,0,20,10,0,53,0,1,1,0.734
54230,2.6695,2.1780,176.79,2.6695,2.1780,3,1,1,0,0,20,10,0,53,0,1,1,0.730
54240,2.6693,2.1738,176.79,2.6693,2.1738,3,1,1,0,0,20,10,0,53,0,1,1,0.725
54250,2.6691,2.1696,176.80,2.6691,2.1696,3,1,1,0,0,20,10,0,53,0,1,1,0.721
54260,2.6688,2.1654,176.80,2.6688,2.1654,3,1,1,0,0,20,10,0,53,0,1,1,0.717
54270,2.6686,2.1612,176.80,2.6686,2.1612,3,1,1,0,0,20,10,0,53,0,1,1,0.713
54280,2.6683,2.1570,176.80,2.6683,2.1570,3,1,1,0,0,20,10,0,53,0,1,1,0.708
54290,2.6681,2.1528,176.80,2.6681,2.1528,3,1,1,0,0,20,10,0,53,0,1,1,0.704
54300,2.6679,2.1486,176.80,2.6679,2.1486,3,1,1,0,0,20,10,0,53,0,1,1,0.700
54310,2.6676,2.1443,176.80,2.6676,2.1443,3,1,1,0,0,20,10,0,53,0,1,1,0.696
54320,2.6674,2.1401,176.80,2.6674,2.1401,3,1,1,0,0,20,10,0,53,0,1,1,0.692
54330,2.6672,2.1359,176.80,2.6672,2.1359,3,1,1,0,0,20,10,0,53,0,1,1,0.687
54340,2.6669,2.1317,176.81,2.6669,2.1317,3,1,1,0,0,20,10,0,53,0,1,1,0.683
54350,2.6667,2.1275,176.81,2.6667,2.1275,3,1,1,0,0,20,10,0,53,0,1,1,0.679
54360,2.6665,2.1233,176.81,2.6665,2.1233,3,1,1,0,0,20,10,0,53,0,1,1,0.675
54370,2.6662,2.1191,176.81,2.6662,2.1191,3,1,1,0,0,20,10,0,53,0,1,1,0.671
54380,2.6660,2.1149,176.81,2.6660,2.1149,3,1,1,0,0,20,10,0,53,0,1,1,0.666
54390,2.6658,2.1107,176.81,2.6658,2.1107,3,1,1,0,0,20,10,0,53,0,1,1,0.662
54400,2.6655,2.1064,176.81,2.6655,2.1064,3,1,1,0,0,20,10,0,53,0,1,1,0.658
54410,2.6653,2.1022,176.81,2.6653,2.1022,3,1,1,0,0,20,10,0,53,0,1,1,0.654
54420,2.6651,2.0980,176.81,2.6651,2.0980,3,1,1,0,0,20,10,0,53,0,1,1,0.650
54430,2.6648,2.0938,176.82,2.6648,2.0938,3,1,1,0,0,20,10,0,53,0,1,1,0.645
54440,2.6646,2.0896,176.82,2.6646,2.0896,3,1,1,0,0,20,10,0,53,0,1,1,0.641
54450,2.6644,2.0854,176.82,2.6644,2.0854,3,1,1,0,0,20,10,0,53,0,1,1,0.637
54460,2.6641,2.0812,176.82,2.6641,2.0812,3,1,1,0,0,20,10,0,53,0,1,1,0.633
54470,2.6639,2.0770,176.82,2.6639,2.0770,3,1,1,0,0,20,10,0,53,0,1,1,0.628
54480,2.6637,2.0727,176.83,2.6637,2.0727,3,1,1,0,0,20,10,0,53,0,1,1,0.624
54490,2.6634,2.0685,176.83,2.6634,2.0685,3,1,1,0,0,20,10,0,53,0,1,1,0.620
54500,2.6632,2.0643,176.83,2.6632,2.0643,3,1,1,0,0,20,11,0,53,0,1,1,0.616
54510,2.6630,2.0601,176.83,2.6630,2.0601,3,1,1,0,0,20,11,0,53,0,1,1,0.612
54520,2.6627,2.0559,176.83,2.6627,2.0559,3,1,1,0,0,20,11,0,53,0,1,1,0.607
54530,2.6625,2.0517,176.83,2.6625,2.0517,3,1,1,0,0,20,11,0,53,0,1,1,0.603
54540,2.6623,2.0475,176.83,2.6623,2.0475,3,1,1,0,0,20,11,0,53,0,1,1,0.599
54550,2.6620,2.0433,176.83,2.6620,2.0433,3,1,1,0,0,20,11,0,53,0,1,1,0.595
54560,2.6618,2.0391,176.83,2.6618,2.0391,3,1,1,0,0,20,11,0,53,0,1,1,0.591
54570,2.6616,2.0348,176.84,2.6616,2.0348,3,1,1,0,0,20,11,0,53,0,1,1,0.586
54580,2.6613,2.0306,176.84,2.6613,2.0306,3,1,1,0,0,20,11,0,53,0,1,1,0.582
54590,2.6611,2.0264,176.84,2.6611,2.0264,3,1,1,0,0,20,11,0,53,0,1,1,0.578
54600,2.6609,2.0222,176.84,2.6609,2.0222,3,1,1,0,0,20,11,0,53,0,1,1,0.574
54610,2.6606,2.0180,176.84,2.6606,2.0180,3,1,1,0,0,20,11,0,53,0,1,1,0.569
54620,2.6604,2.0138,176.84,2.6604,2.0138,3,1,1,0,0,20,11,0,53,0,1,1,0.565
54630,2.6602,2.0096,176.84,2.6602,2.0096,3,1,1,0,0,20,11,0,53,0,1,1,0.561
54640,2.6599,2.0054,176.84,2.6599,2.0054,3,1,1,0,0,20,11,0,53,0,1,1,0.557
54650,2.6597,2.0012,176.84,2.6597,2.0012,3,1,1,0,0,20,11,0,53,0,1,1,0.553
54660,2.6595,1.9969,176.85,2.6595,1.9969,3,1,1,0,0,20,11,0,53,0,1,1,0.548
54670,2.6592,1.9927,176.85,2.6592,1.9927,3,1,1,0,0,20,11,0,53,0,1,1,0.544
54680,2.6590,1.9885,176.85,2.6590,1.9885,3,1,1,0,0,20,11,0,53,1,1,1,0.540
54690,2.6588,1.9843,176.85,2.6588,1.9843,3,1,1,0,0,20,11,0,53,1,1,1,0.536
54700,2.6585,1.9801,176.85,2.6585,1.9801,3,1,1,0,0,20,11,0,53,1,1,1,0.532
54710,2.6583,1.9759,176.85,2.6583,1.9759,3,1,1,0,0,20,11,0,53,1,1,1,0.527
54720,2.6581,1.9717,176.85,2.6581,1.9717,3,1,1,0,0,20,11,0,53,1,1,1,0.523
54730,2.6578,1.9675,176.85,2.6578,1.9675,3,1,1,0,0,20,11,0,53,1,1,1,0.519
54740,2.6576,1.9632,176.85,2.6576,1.9632,3,1,1,0,0,20,11,0,53,1,1,1,0.515
54750,2.6574,1.9590,176.86,2.6574,1.9590,3,1,1,0,0,20,11,0,53,1,1,1,0.511
54760,2.6571,1.9548,176.86,2.6571,1.9548,3,1,1,0,0,20,11,0,53,1,1,1,0.506
54770,2.6569,1.9506,176.86,2.6569,1.9506,3,1,1,0,0,20,11,0,53,1,1,1,0.502
54780,2.6567,1.9464,176.86,2.6567,1.9464,3,1,1,0,0,20,11,0,53,1,1,1,0.498
54790,2.6565,1.9422,176.86,2.6565,1.9422,3,1,1,0,0,20,11,0,53,1,1,1,0.494
54800,2.6562,1.9380,176.86,2.6562,1.9380,3,1,1,0,0,20,11,0,53,1,1,1,0.489
54810,2.6560,1.9338,176.86,2.6560,1.9338,3,1,1,0,0,20,11,0,53,1,1,1,0.485
54820,2.6558,1.9296,176.86,2.6558,1.9296,3,1,1,0,0,20,11,0,53,1,1,1,0.481
54830,2.6555,1.9253,176.86,2.6555,1.9253,3,1,1,0,0,20,11,0,53,1,1,1,0.477
54840,2.6553,1.9211,176.87,2.6553,1.9211,3,1,1,0,0,20,11,0,53,1,1,1,0.473
54850,2.6551,1.9169,176.87,2.6551,1.9169,3,1,1,0,0,20,11,0,53,1,1,1,0.468
54860,2.6548,1.9127,176.87,2.6548,1.9127,3,1,1,0,0,20,11,0,53,1,1,1,0.464
54870,2.6546,1.9085,176.87,2.6546,1.9085,3,1,1,0,0,20,11,0,53,1,1,1,0.460
54880,2.6544,1.9043,176.87,2.6544,1.9043,3,1,1,0,0,20,11,0,53,1,1,1,0.456
54890,2.6541,1.9001,176.87,2.6541,1.9001,3,1,1,0,0,20,11,0,53,1,1,1,0.452
54900,2.6539,1.8959,176.87,2.6539,1.8959,3,1,1,0,0,20,12,0,53,1,1,1,0.447
54910,2.6537,1.8916,176.87,2.6537,1.8916,3,1,1,0,0,20,12,0,53,1,1,1,0.443
54920,2.6535,1.8874,176.88,2.6535,1.8874,3,1,1,0,0,20,12,0,53,1,1,1,0.439
54930,2.6532,1.8832,176.88,2.6532,1.8832,3,1,1,0,0,20,12,0,53,1,1,1,0.435
54940,2.6530,1.8790,176.88,2.6530,1.8790,3,1,1,0,0,20,12,0,53,1,1,1,0.431
54950,2.6528,1.8748,176.88,2.6528,1.8748,3,1,1,0,0,20,12,0,53,1,1,1,0.426
54960,2.6525,1.8706,176.88,2.6525,1.8706,3,1,1,0,0,20,12,0,53,1,1,1,0.422
54970,2.6523,1.8664,176.88,2.6523,1.8664,3,1,1,0,0,20,12,0,53,1,1,1,0.418
54980,2.6521,1.8622,176.89,2.6521,1.8622,3,1,1,0,0,20,12,0,53,1,1,1,0.414
54990,2.6519,1.8579,176.89,2.6519,1.8579,3,1,1,0,0,20,12,0,53,1,1,1,0.409
55000,2.6516,1.8537,176.89,2.6516,1.8537,3,1,1,0,0,20,12,0,53,1,1,1,0.405
55010,2.6514,1.8495,176.89,2.6514,1.8495,3,1,1,0,0,20,12,0,53,1,1,1,0.401
55020,2.6512,1.8453,176.89,2.6512,1.8453,3,1,1,0,0,20,12,0,53,1,1,1,0.397
55030,2.6509,1.8411,176.89,2.6509,1.8411,3,1,1,0,0,20,12,0,53,1,1,1,0.393
55040,2.6507,1.8369,176.89,2.6507,1.8369,3,1,1,0,0,20,12,0,53,1,1,1,0.388
55050,2.6505,1.8327,176.89,2.6505,1.8327,3,1,1,0,0,20,12,0,53,1,1,1,0.384
55060,2.6503,1.8285,176.90,2.6503,1.8285,3,1,1,0,0,20,12,0,53,1,1,1,0.380
55070,2.6500,1.8243,176.90,2.6500,1.8243,3,1,1,0,0,20,12,0,53,1,1,1,0.376
55080,2.6498,1.8200,176.90,2.6498,1.8200,3,1,1,0,0,20,12,0,53,1,1,1,0.372
55090,2.6496,1.8158,176.90,2.6496,1.8158,3,1,1,0,0,20,12,0,53,1,1,1,0.367
55100,2.6493,1.8116,176.90,2.6493,1.8116,3,1,1,0,0,20,12,0,53,1,1,1,0.363
55110,2.6491,1.8074,176.90,2.6491,1.8074,3,1,1,0,0,20,12,0,53,1,1,1,0.359
55120,2.6489,1.8032,176.90,2.6489,1.8032,3,1,1,0,0,20,12,0,53,1,1,1,0.355
55130,2.6487,1.7990,176.90,2.6487,1.7990,3,1,1,0,0,20,12,0,53,1,1,1,0.350
55140,2.6484,1.7948,176.90,2.6484,1.7948,3,1,1,0,0,20,12,0,53,1,1,1,0.346
55150,2.6482,1.7906,176.91,2.6482,1.7906,3,1,1,0,0,20,12,0,53,1,1,1,0.342
55160,2.6480,1.7863,176.91,2.6480,1.7863,3,1,1,0,0,20,12,0,53,1,1,1,0.338
55170,2.6477,1.7821,176.91,2.6477,1.7821,3,1,1,0,0,20,12,0,53,1,1,1,0.334
55180,2.6475,1.7779,176.91,2.6475,1.7779,3,1,1,0,0,20,12,0,53,1,1,1,0.329
55190,2.6473,1.7737,176.91,2.6473,1.7737,3,1,1,0,0,20,12,0,53,1,1,1,0.325
55200,2.6471,1.7695,176.91,2.6471,1.7695,3,1,1,0,0,20,12,0,53,1,1,1,0.321
55210,2.6468,1.7653,176.91,2.6468,1.7653,3,1,1,0,0,20,12,0,53,1,1,1,0.317
55220,2.6466,1.7611,176.91,2.6466,1.7611,3,1,1,0,0,20,12,0,53,1,1,1,0.313
55230,2.6464,1.7569,176.91,2.6464,1.7569,3,1,1,0,0,20,12,0,53,1,1,1,0.308
55240,2.6462,1.7527,176.92,2.6462,1.7527,3,1,1,0,0,20,12,0,53,1,1,1,0.304
55250,2.6459,1.7484,176.92,2.6459,1.7484,3,1,1,0,0,20,12,0,53,1,1,1,0.300
55260,2.6457,1.7442,176.92,2.6457,1.7442,3,1,1,0,0,20,12,0,53,1,1,1,0.296
55270,2.6455,1.7400,176.92,2.6455,1.7400,3,1,1,0,0,20,12,0,53,1,1,1,0.292
55280,2.6452,1.7358,176.92,2.6452,1.7358,3,1,1,0,0,20,12,0,53,1,1,1,0.287
55290,2.6450,1.7316,176.92,2.6450,1.7316,3,1,1,0,0,20,12,0,53,1,1,1,0.283
55300,2.6448,1.7274,176.92,2.6448,1.7274,3,1,1,0,0,20,12,0,53,1,1,1,0.279
55310,2.6446,1.7232,176.92,2.6446,1.7232,3,1,1,0,0,20,12,0,53,1,1,1,0.275
55320,2.6443,1.7190,176.92,2.6443,1.7190,3,1,1,0,0,20,12,0,53,1,1,1,0.270
55330,2.6441,1.7147,176.93,2.6441,1.7147,3,1,1,0,0,20,12,0,53,1,1,1,0.266
55340,2.6439,1.7105,176.93,2.6439,1.7105,3,1,1,0,0,20,12,0,53,1,1,1,0.262
55350,2.6437,1.7063,176.93,2.6437,1.7063,3,1,1,0,0,20,13,-5,53,1,1,0,0.258
55360,2.6435,1.7021,176.93,2.6435,1.7021,3,1,1,0,0,20,13,-5,53,1,1,0,0.254
55370,2.6436,1.6979,176.93,2.6436,1.6979,3,1,1,0,0,20,13,-5,53,1,1,0,0.249
55380,2.6437,1.6936,176.93,2.6437,1.6936,3,1,1,0,0,20,13,-5,53,1,1,0,0.245
55390,2.6439,1.6894,176.93,2.6439,1.6894,3,1,1,0,0,20,13,-5,53,1,1,0,0.241
55400,2.6441,1.6852,176.93,2.6441,1.6852,3,1,1,0,0,20,13,-5,53,1,1,0,0.237
55410,2.6442,1.6809,176.93,2.6442,1.6809,3,1,1,0,0,20,13,-4,53,1,1,0,0.232
55420,2.6443,1.6767,176.94,2.6443,1.6767,3,1,1,0,0,20,13,-4,53,1,1,0,0.228
55430,2.6444,1.6725,176.94,2.6444,1.6725,3,1,1,0,0,20,13,-4,53,1,1,0,0.224
55440,2.6445,1.6683,176.94,2.6445,1.6683,3,1,1,0,0,20,13,-4,53,1,1,0,0.220
55450,2.6446,1.6640,176.94,2.6446,1.6640,3,1,1,0,0,20,13,-4,53,1,1,0,0.216
55460,2.6447,1.6598,176.94,2.6447,1.6598,3,1,1,0,0,20,13,-4,53,1,1,0,0.211
55470,2.6448,1.6556,176.95,2.6448,1.6556,3,1,1,0,0,20,13,-4,53,1,1,0,0.207
55480,2.6449,1.6513,176.95,2.6449,1.6513,3,1,1,0,0,20,13,-4,53,1,1,0,0.203
55490,2.6450,1.6471,176.95,2.6450,1.6471,3,1,1,0,0,20,13,-4,53,1,1,0,0.199
55500,2.6451,1.6429,176.95,2.6451,1.6429,3,1,1,0,0,20,13,-4,53,1,1,0,0.194
55510,2.6452,1.6387,176.95,2.6452,1.6387,3,1,1,0,0,20,13,-4,53,1,1,0,0.190
55520,2.6453,1.6344,176.95,2.6453,1.6344,3,1,1,0,0,20,13,-4,53,1,1,0,0.186
55530,2.6454,1.6302,176.95,2.6454,1.6302,3,1,1,0,0,20,13,-4,53,1,1,0,0.182
55540,2.6455,1.6260,176.95,2.6455,1.6260,3,1,1,0,0,20,13,-4,53,1,1,0,0.177
55550,2.6455,1.6217,176.95,2.6455,1.6217,3,1,1,0,0,20,13,-4,53,1,1,0,0.173
55560,2.6456,1.6175,176.96,2.6456,1.6175,3,1,1,0,0,20,13,-4,53,1,1,0,0.169
55570,2.6457,1.6133,176.96,2.6457,1.6133,3,1,1,0,0,20,13,-4,53,1,1,0,0.165
55580,2.6458,1.6090,176.96,2.6458,1.6090,3,1,1,0,0,20,13,-4,53,1,1,0,0.161
55590,2.6459,1.6048,176.96,2.6459,1.6048,3,1,1,0,0,20,13,-3,53,1,1,0,0.156
55600,2.6459,1.6006,176.96,2.6459,1.6006,3,1,1,0,0,20,13,-3,53,1,1,0,0.152
55610,2.6459,1.5964,176.97,2.6459,1.5964,4,1,0,0,0,20,13,0,0,0,0,0,1000.000
55620,2.6459,1.5925,176.98,2.6459,1.5925,4,1,0,0,0,20,13,0,0,0,0,0,1000.000
55630,2.6460,1.5887,176.99,2.6460,1.5887,4,1,0,0,0,20,13,0,0,0,0,0,1000.000
55640,2.6460,1.5852,177.00,2.6460,1.5852,4,1,0,0,0,20,13,0,0,0,0,0,1000.000
55650,2.6461,1.5818,177.01,2.6461,1.5818,4,1,0,0,0,20,13,0,0,0,0,0,1000.000
55660,2.6462,1.5787,177.02,2.6462,1.5787,4,1,0,0,0,20,13,0,0,0,0,0,1000.000
55670,2.6463,1.5757,177.03,2.6463,1.5757,4,1,0,0,0,20,13,0,0,0,0,0,1000.000
55680,2.6464,1.5730,177.04,2.6464,1.5730,4,1,0,0,0,20,13,0,0,0,0,0,1000.000
55690,2.6465,1.5704,177.06,2.6465,1.5704,4,1,0,0,0,20,13,0,0,0,0,0,1000.000
55700,2.6466,1.5680,177.07,2.6466,1.5680,4,1,1,0,0,20,12,0,0,0,0,0,1000.000
55710,2.6467,1.5659,177.08,2.6467,1.5659,4,1,1,0,0,20,12,0,0,0,0,0,1000.000
55720,2.6468,1.5639,177.09,2.6468,1.5639,4,1,1,0,0,20,12,0,0,0,0,0,1000.000
55730,2.6470,1.5621,177.10,2.6470,1.5621,4,1,1,0,0,20,12,0,0,0,0,0,1000.000
55740,2.6471,1.5606,177.10,2.6471,1.5606,4,1,1,0,0,20,12,0,0,0,0,0,1000.000
55750,2.6473,1.5592,177.11,2.6473,1.5592,4,1,1,0,0,20,12,150,8,0,0,0,2.377
55760,2.6474,1.5580,177.12,2.6474,1.5580,4,1,1,0,0,20,12,150,8,0,0,0,2.377
55770,2.6475,1.5570,177.12,2.6475,1.5570,4,1,1,0,0,20,12,150,8,0,0,0,2.378
55780,2.6475,1.5560,177.13,2.6475,1.5560,4,1,1,0,0,20,12,150,8,0,0,0,2.378
55790,2.6473,1.5551,177.13,2.6473,1.5551,4,1,1,0,0,20,12,150,8,0,0,0,2.377
55800,2.6469,1.5542,177.14,2.6469,1.5542,4,1,1,0,0,20,12,150,7,0,0,0,2.377
55810,2.6463,1.5533,177.15,2.6463,1.5533,4,1,1,0,0,20,12,150,7,0,0,0,2.376
55820,2.6455,1.5524,177.15,2.6455,1.5524,4,1,1,0,0,20,12,150,7,0,0,0,2.376
55830,2.6446,1.5515,177.16,2.6446,1.5515,4,1,1,0,0,20,12,150,7,0,0,0,2.375
55840,2.6434,1.5506,177.16,2.6434,1.5506,4,1,1,0,0,20,12,150,7,0,0,0,2.373
55850,2.6420,1.5497,177.17,2.6420,1.5497,4,1,1,0,0,20,12,150,7,0,0,0,2.372
55860,2.6404,1.5489,177.17,2.6404,1.5489,4,1,1,0,0,20,12,150,7,0,0,0,2.370
55870,2.6386,1.5480,177.18,2.6386,1.5480,4,1,1,0,0,20,12,150,7,0,0,0,2.369
55880,2.6366,1.5472,177.18,2.6366,1.5472,4,1,1,0,0,20,12,150,7,0,0,0,2.367
55890,2.6344,1.5464,177.19,2.6344,1.5464,4,1,1,0,0,20,12,150,7,0,0,0,2.364
55900,2.6320,1.5456,177.19,2.6320,1.5456,4,1,1,0,0,20,12,150,7,0,0,0,2.362
55910,2.6294,1.5447,177.20,2.6294,1.5447,4,1,1,0,0,20,12,150,7,0,0,0,2.359
55920,2.6266,1.5439,177.21,2.6266,1.5439,4,1,1,0,0,20,12,150,7,0,0,0,2.357
55930,2.6236,1.5432,177.21,2.6236,1.5432,4,1,1,0,0,20,12,150,7,0,0,0,2.354
55940,2.6204,1.5424,177.22,2.6204,1.5424,4,1,1,0,0,20,12,150,7,0,0,0,2.350
55950,2.6170,1.5416,177.22,2.6170,1.5416,4,1,1,0,0,19,13,150,7,0,0,0,2.347
55960,2.6135,1.5408,177.23,2.6135,1.5408,4,1,1,0,0,19,13,150,7,0,0,0,2.343
55970,2.6097,1.5401,177.23,2.6097,1.5401,4,1,1,0,0,19,13,150,7,0,0,0,2.340
55980,2.6057,1.5393,177.24,2.6057,1.5393,4,1,1,0,0,19,13,150,7,0,0,0,2.336
55990,2.6015,1.5386,177.24,2.6015,1.5386,4,1,1,0,0,19,13,150,7,0,0,0,2.331
56000,2.5971,1.5379,177.25,2.5971,1.5379,4,1,1,0,0,19,14,150,7,0,0,0,2.327
56010,2.5925,1.5372,177.25,2.5925,1.5372,4,1,1,0,0,19,14,150,7,0,0,0,2.323
56020,2.5877,1.5365,177.26,2.5877,1.5365,4,1,1,0,0,19,14,150,7,0,0,0,2.318
56030,2.5827,1.5358,177.26,2.5827,1.5358,4,1,1,0,0,19,14,150,7,0,0,0,2.313
56040,2.5776,1.5351,177.27,2.5776,1.5351,4,1,1,0,0,19,14,150,7,0,0,0,2.308
56050,2.5722,1.5344,177.28,2.5722,1.5344,4,1,1,0,0,18,15,150,7,0,0,0,2.302
56060,2.5666,1.5337,177.28,2.5666,1.5337,4,1,1,0,0,18,15,150,7,0,0,0,2.297
56070,2.5608,1.5331,177.29,2.5608,1.5331,4,1,1,0,0,18,15,150,7,0,0,0,2.291
56080,2.5548,1.5324,177.29,2.5548,1.5324,4,1,1,0,0,18,15,150,7,0,0,0,2.285
56090,2.5486,1.5318,177.30,2.5486,1.5318,4,1,1,0,0,18,15,150,7,0,0,0,2.279
56100,2.5422,1.5311,177.30,2.5422,1.5311,4,1,1,0,0,18,17,150,7,0,0,0,2.272
56110,2.5356,1.5305,177.31,2.5356,1.5305,4,1,1,0,0,18,17,150,7,0,0,0,2.266
56120,2.5289,1.5299,177.31,2.5289,1.5299,4,1,1,0,0,18,17,150,7,0,0,0,2.259
56130,2.5219,1.5293,177.32,2.5219,1.5293,4,1,1,0,0,18,17,150,7,0,0,0,2.252
56140,2.5147,1.5287,177.32,2.5147,1.5287,4,1,1,0,0,18,17,150,7,0,0,0,2.245
56150,2.5073,1.5281,177.33,2.5073,1.5281,4,1,1,0,0,18,20,150,7,0,0,0,2.237
56160,2.4997,1.5275,177.34,2.4997,1.5275,4,1,1,0,0,18,20,150,7,0,0,0,2.230
56170,2.4919,1.5269,177.34,2.4919,1.5269,4,1,1,0,0,18,20,150,7,0,0,0,2.222
56180,2.4840,1.5264,177.35,2.4840,1.5264,4,1,1,0,0,18,20,150,7,0,0,0,2.214
56190,2.4758,1.5258,177.35,2.4758,1.5258,4,1,1,0,0,18,20,150,7,0,0,0,2.206
56200,2.4674,1.5252,177.36,2.4674,1.5252,4,1,1,0,0,18,20,150,7,0,0,0,2.197
56210,2.4588,1.5247,177.36,2.4588,1.5247,4,1,1,0,0,18,20,150,7,0,0,0,2.189
56220,2.4500,1.5242,177.37,2.4500,1.5242,4,1,1,0,0,18,20,150,7,0,0,0,2.180
56230,2.4410,1.5236,177.37,2.4410,1.5236,4,1,1,0,0,18,20,150,7,0,0,0,2.171
56240,2.4319,1.5231,177.38,2.4319,1.5231,4,1,1,0,0,18,20,150,7,0,0,0,2.162
56250,2.4225,1.5226,177.38,2.4225,1.5226,4,1,1,0,0,17,20,150,7,0,0,0,2.152
56260,2.4129,1.5221,177.39,2.4129,1.5221,4,1,1,0,0,17,20,150,7,0,0,0,2.143
56270,2.4031,1.5216,177.39,2.4031,1.5216,4,1,1,0,0,17,20,150,7,0,0,0,2.133
56280,2.3931,1.5211,177.40,2.3931,1.5211,4,1,1,0,0,17,20,150,7,0,0,0,2.123
56290,2.3830,1.5207,177.41,2.3830,1.5207,4,1,1,0,0,17,20,150,7,0,0,0,2.113
56300,2.3726,1.5202,177.41,2.3726,1.5202,4,1,1,0,0,17,20,150,7,0,0,0,2.103
56310,2.3620,1.5197,177.42,2.3620,1.5197,4,1,1,0,0,17,20,150,7,0,0,0,2.092
56320,2.3512,1.5193,177.42,2.3512,1.5193,4,1,1,0,0,17,20,150,7,0,0,0,2.081
56330,2.3402,1.5189,177.43,2.3402,1.5189,4,1,1,0,0,17,20,150,7,0,0,0,2.070
56340,2.3291,1.5184,177.43,2.3291,1.5184,4,1,1,0,0,17,20,150,7,0,0,0,2.059
56350,2.3177,1.5181,177.43,2.3177,1.5181,4,1,1,0,0,17,20,150,7,0,0,0,2.048
56360,2.3062,1.5177,177.43,2.3062,1.5177,4,1,1,0,0,17,20,150,7,0,0,0,2.036
56370,2.2945,1.5174,177.44,2.2945,1.5174,4,1,1,0,0,17,20,150,7,0,0,0,2.025
56380,2.2827,1.5171,177.44,2.2827,1.5171,4,1,1,0,0,17,20,150,7,0,0,0,2.013
56390,2.2709,1.5170,177.45,2.2709,1.5170,4,1,1,0,0,17,20,150,7,0,0,0,2.001
56400,2.2590,1.5170,177.45,2.2590,1.5170,4,1,1,0,0,17,20,150,7,0,0,0,1.989
56410,2.2470,1.5169,177.45,2.2470,1.5169,4,1,1,0,0,17,20,150,7,0,0,0,1.977
56420,2.2351,1.5169,177.45,2.2351,1.5169,4,1,1,0,0,17,20,150,7,0,0,0,1.965
56430,2.2231,1.5169,177.45,2.2231,1.5169,4,1,1,0,0,17,20,150,7,0,0,0,1.953
56440,2.2112,1.5169,177.45,2.2112,1.5169,4,1,1,0,0,17,20,150,7,0,0,0,1.941
56450,2.1992,1.5168,177.45,2.1992,1.5168,4,1,1,0,0,17,20,150,7,0,0,0,1.929
56460,2.1873,1.5168,177.45,2.1873,1.5168,4,1,1,0,0,17,20,150,7,0,0,0,1.917
56470,2.1753,1.5168,177.45,2.1753,1.5168,4,1,1,0,0,17,20,150,7,0,0,0,1.905
56480,2.1634,1.5168,177.45,2.1634,1.5168,4,1,1,0,0,17,20,150,7,0,0,0,1.893
56490,2.1514,1.5167,177.46,2.1514,1.5167,4,1,1,0,0,17,20,150,7,0,0,0,1.881
56500,2.1395,1.5167,177.46,2.1395,1.5167,4,1,1,0,0,17,20,150,7,0,0,0,1.869
56510,2.1275,1.5167,177.46,2.1275,1.5167,4,1,1,0,0,17,20,150,7,0,0,0,1.858
56520,2.1156,1.5166,177.46,2.1156,1.5166,4,1,1,0,0,17,20,150,7,0,0,0,1.846
56530,2.1036,1.5166,177.46,2.1036,1.5166,4,1,1,0,0,17,20,150,7,0,0,0,1.834
56540,2.0917,1.5166,177.46,2.0917,1.5166,4,1,1,0,0,17,20,150,7,0,0,0,1.822
56550,2.0797,1.5166,177.46,2.0797,1.5166,4,1,1,0,0,17,20,150,7,0,0,0,1.810
56560,2.0678,1.5165,177.46,2.0678,1.5165,4,1,1,0,0,17,20,150,7,0,0,0,1.798
56570,2.0558,1.5165,177.46,2.0558,1.5165,4,1,1,0,0,17,20,150,7,0,0,0,1.786
56580,2.0439,1.5165,177.47,2.0439,1.5165,4,1,1,0,0,17,20,150,7,0,0,0,1.774
56590,2.0319,1.5165,177.47,2.0319,1.5165,4,1,1,0,0,17,20,150,7,0,0,0,1.762
56600,2.0199,1.5164,177.47,2.0199,1.5164,4,1,1,0,0,17,20,150,7,0,0,0,1.750
56610,2.0080,1.5164,177.47,2.0080,1.5164,4,1,1,0,0,17,20,150,7,0,0,0,1.738
56620,1.9960,1.5164,177.47,1.9960,1.5164,4,1,1,0,0,17,20,150,7,0,0,0,1.726
56630,1.9841,1.5163,177.47,1.9841,1.5163,4,1,1,0,0,17,20,150,7,0,0,0,1.714
56640,1.9721,1.5163,177.47,1.9721,1.5163,4,1,1,0,0,17,20,150,7,0,0,0,1.702
56650,1.9602,1.5163,177.47,1.9602,1.5163,4,1,1,0,0,17,20,150,7,0,0,0,1.690
56660,1.9482,1.5162,177.48,1.9482,1.5162,4,1,1,0,0,17,20,150,7,0,0,0,1.678
56670,1.9363,1.5162,177.48,1.9363,1.5162,4,1,1,0,0,17,20,150,7,0,0,0,1.666
56680,1.9243,1.5162,177.48,1.9243,1.5162,4,1,1,0,0,17,20,150,7,0,0,0,1.654
56690,1.9124,1.5161,177.48,1.9124,1.5161,4,1,1,0,0,17,20,150,7,0,0,0,1.642
56700,1.9004,1.5161,177.48,1.9004,1.5161,4,1,1,0,0,17,20,150,7,0,0,0,1.630
56710,1.8885,1.5161,177.48,1.8885,1.5161,4,1,1,0,0,17,20,150,7,0,0,0,1.618
56720,1.8765,1.5161,177.48,1.8765,1.5161,4,1,1,0,0,17,20,150,7,0,0,0,1.607
56730,1.8646,1.5160,177.48,1.8646,1.5160,4,1,1,0,0,17,20,150,7,0,0,0,1.595
56740,1.8526,1.5160,177.48,1.8526,1.5160,4,1,1,0,0,17,20,150,7,0,0,0,1.583
56750,1.8407,1.5160,177.49,1.8407,1.5160,4,1,1,0,0,17,20,150,7,0,0,0,1.571
56760,1.8287,1.5159,177.49,1.8287,1.5159,4,1,1,0,0,17,20,150,7,0,0,0,1.559
56770,1.8168,1.5159,177.49,1.8168,1.5159,4,1,1,0,0,17,20,150,7,0,0,0,1.547
56780,1.8048,1.5159,177.49,1.8048,1.5159,4,1,1,0,0,17,20,150,7,0,0,0,1.535
56790,1.7929,1.5158,177.49,1.7929,1.5158,4,1,1,0,0,17,20,150,7,0,0,0,1.523
56800,1.7809,1.5158,177.49,1.7809,1.5158,4,1,1,0,0,17,20,150,7,0,0,0,1.511
56810,1.7690,1.5158,177.49,1.7690,1.5158,4,1,1,0,0,17,20,150,7,0,0,0,1.499
56820,1.7570,1.5157,177.49,1.7570,1.5157,4,1,1,0,0,17,20,150,7,0,0,0,1.487
56830,1.7451,1.5157,177.49,1.7451,1.5157,4,1,1,0,0,17,20,150,7,0,0,0,1.475
56840,1.7331,1.5156,177.50,1.7331,1.5156,4,1,1,0,0,17,20,150,7,0,0,0,1.463
56850,1.7212,1.5156,177.50,1.7212,1.5156,4,1,1,0,0,17,20,150,7,0,0,0,1.451
56860,1.7092,1.5156,177.50,1.7092,1.5156,4,1,1,0,0,17,20,150,7,0,0,0,1.439
56870,1.6973,1.5155,177.50,1.6973,1.5155,4,1,1,0,0,17,20,150,7,0,0,0,1.427
56880,1.6853,1.5155,177.50,1.6853,1.5155,4,1,1,0,0,17,20,150,7,0,0,0,1.415
56890,1.6734,1.5155,177.51,1.6734,1.5155,4,1,1,0,0,17,20,150,7,0,0,0,1.403
56900,1.6614,1.5154,177.51,1.6614,1.5154,4,1,1,0,0,17,20,150,7,0,0,0,1.391
56910,1.6495,1.5154,177.51,1.6495,1.5154,4,1,1,0,0,17,20,150,7,0,0,0,1.379
56920,1.6375,1.5154,177.51,1.6375,1.5154,4,1,1,0,0,17,20,150,7,0,0,0,1.368
56930,1.6256,1.5153,177.51,1.6256,1.5153,4,1,1,0,0,17,20,150,7,0,0,0,1.356
56940,1.6136,1.5153,177.51,1.6136,1.5153,4,1,1,0,0,17,20,150,7,0,0,0,1.344
56950,1.6017,1.5152,177.51,1.6017,1.5152,4,1,1,0,0,17,20,150,7,0,0,0,1.332
56960,1.5897,1.5152,177.51,1.5897,1.5152,4,1,1,0,0,17,20,150,7,0,0,0,1.320
56970,1.5778,1.5152,177.51,1.5778,1.5152,4,1,1,0,0,17,20,150,7,0,0,0,1.308
56980,1.5658,1.5151,177.51,1.5658,1.5151,4,1,1,0,0,17,20,150,7,0,0,0,1.296
56990,1.5539,1.5151,177.51,1.5539,1.5151,4,1,1,0,0,17,20,150,7,0,0,0,1.284
57000,1.5419,1.5151,177.51,1.5419,1.5151,4,1,1,0,0,17,20,150,7,0,0,0,1.272
57010,1.5300,1.5150,177.51,1.5300,1.5150,4,1,1,0,0,17,20,150,7,0,0,0,1.260
57020,1.5180,1.5150,177.51,1.5180,1.5150,4,1,1,0,0,17,20,150,7,0,0,0,1.248
57030,1.5061,1.5150,177.51,1.5061,1.5150,4,1,1,0,0,17,20,150,7,0,0,0,1.236
57040,1.4941,1.5149,177.51,1.4941,1.5149,4,1,1,0,0,17,20,150,7,0,0,0,1.224
57050,1.4822,1.5149,177.51,1.4822,1.5149,4,1,1,0,0,17,20,150,7,0,0,0,1.212
57060,1.4702,1.5148,177.51,1.4702,1.5148,4,1,1,0,0,17,20,150,7,0,0,0,1.200
57070,1.4583,1.5148,177.51,1.4583,1.5148,4,1,1,0,0,17,20,150,7,0,0,0,1.188
57080,1.4463,1.5148,177.51,1.4463,1.5148,4,1,1,0,0,17,20,150,7,0,0,0,1.176
57090,1.4343,1.5147,177.51,1.4343,1.5147,4,1,1,0,0,17,20,150,7,0,0,0,1.164
57100,1.4224,1.5147,177.51,1.4224,1.5147,4,1,1,0,0,17,20,150,7,0,0,0,1.152
57110,1.4104,1.5147,177.51,1.4104,1.5147,4,1,1,0,0,17,20,150,7,0,0,0,1.140
57120,1.3985,1.5146,177.51,1.3985,1.5146,4,1,1,0,0,17,20,150,7,0,0,0,1.129
57130,1.3865,1.5146,177.51,1.3865,1.5146,4,1,1,0,0,17,20,150,7,0,0,0,1.117
57140,1.3746,1.5145,177.51,1.3746,1.5145,4,1,1,0,0,17,20,150,7,0,0,0,1.105
57150,1.3626,1.5145,177.51,1.3626,1.5145,4,1,1,0,0,16,20,150,7,0,0,0,1.093
57160,1.3507,1.5145,177.51,1.3507,1.5145,4,1,1,0,0,16,20,150,7,0,0,0,1.081
57170,1.3387,1.5144,177.51,1.3387,1.5144,4,1,1,0,0,16,20,150,7,0,0,0,1.069
57180,1.3268,1.5144,177.51,1.3268,1.5144,4,1,1,0,0,16,20,150,7,0,0,0,1.057
57190,1.3148,1.5144,177.51,1.3148,1.5144,4,1,1,0,0,16,20,150,7,0,0,0,1.045
57200,1.3029,1.5143,177.51,1.3029,1.5143,4,1,1,0,0,16,20,150,7,0,0,0,1.033
57210,1.2909,1.5143,177.51,1.2909,1.5143,4,1,1,0,0,16,20,150,7,0,0,0,1.021
57220,1.2790,1.5142,177.51,1.2790,1.5143,4,1,1,0,0,16,20,150,7,0,0,0,1.009
57230,1.2670,1.5142,177.51,1.2670,1.5142,4,1,1,0,0,16,20,150,7,0,0,0,0.997
57240,1.2551,1.5142,177.51,1.2551,1.5142,4,1,1,0,0,16,20,150,7,0,0,0,0.985
57250,1.2431,1.5141,177.51,1.2431,1.5141,4,1,1,0,0,16,20,150,7,0,0,0,0.973
57260,1.2312,1.5141,177.51,1.2312,1.5141,4,1,1,0,0,16,20,150,7,0,0,0,0.961
57270,1.2192,1.5141,177.51,1.2192,1.5141,4,1,1,0,0,16,20,150,7,0,0,0,0.949
57280,1.2073,1.5140,177.51,1.2073,1.5140,4,1,1,0,0,16,20,150,7,0,0,0,0.937
57290,1.1953,1.5140,177.51,1.1953,1.5140,4,1,1,0,0,16,20,150,7,0,0,0,0.925
57300,1.1834,1.5140,177.51,1.1834,1.5140,4,1,1,0,0,16,20,150,7,0,0,0,0.913
57310,1.1714,1.5139,177.51,1.1714,1.5139,4,1,1,0,0,16,20,150,7,0,0,0,0.901
57320,1.1595,1.5139,177.51,1.1595,1.5139,4,1,1,0,0,16,20,150,7,0,0,0,0.889
57330,1.1475,1.5138,177.51,1.1475,1.5138,4,1,1,0,0,16,20,150,7,0,0,0,0.878
57340,1.1356,1.5138,177.51,1.1356,1.5138,4,1,1,0,0,16,20,150,7,0,0,0,0.866
57350,1.1236,1.5138,177.51,1.1236,1.5138,4,1,1,0,0,16,20,150,7,0,0,0,0.854
57360,1.1117,1.5137,177.51,1.1117,1.5137,4,1,1,0,0,16,20,150,7,0,0,0,0.842
57370,1.0997,1.5137,177.51,1.0997,1.5137,4,1,1,0,0,16,20,150,7,0,0,0,0.830
57380,1.0878,1.5137,177.51,1.0878,1.5137,4,1,1,0,0,16,20,150,7,0,0,0,0.818
57390,1.0758,1.5136,177.51,1.0758,1.5136,4,1,1,0,0,16,20,150,7,0,0,0,0.806
57400,1.0639,1.5136,177.51,1.0639,1.5136,4,1,1,0,0,16,20,150,7,0,0,0,0.794
57410,1.0519,1.5135,177.51,1.0519,1.5135,4,1,1,0,0,16,20,150,7,0,0,0,0.782
57420,1.0400,1.5135,177.51,1.0400,1.5135,4,1,1,0,0,16,20,150,7,0,0,0,0.770
57430,1.0280,1.5135,177.51,1.0280,1.5135,4,1,1,0,0,16,20,150,7,0,0,0,0.758
57440,1.0161,1.5134,177.51,1.0161,1.5134,4,1,1,0,0,16,20,150,7,0,0,0,0.746
57450,1.0041,1.5134,177.51,1.0041,1.5134,4,1,1,0,0,16,20,150,7,0,0,0,0.734
57460,0.9922,1.5134,177.51,0.9922,1.5134,4,1,1,0,0,16,20,150,7,0,0,0,0.722
57470,0.9802,1.5133,177.51,0.9802,1.5133,4,1,1,0,0,16,20,150,7,0,0,0,0.710
57480,0.9683,1.5133,177.51,0.9683,1.5133,4,1,1,0,0,16,20,150,7,0,0,0,0.698
57490,0.9563,1.5133,177.51,0.9563,1.5133,4,1,1,0,0,16,20,150,7,0,0,0,0.686
57500,0.9444,1.5132,177.51,0.9444,1.5132,4,1,1,0,0,20,20,150,7,0,0,0,0.674
57510,0.9324,1.5132,177.51,0.9324,1.5132,4,1,1,0,0,20,20,150,7,0,0,0,0.662
57520,0.9205,1.5131,177.51,0.9205,1.5131,4,1,1,0,0,20,20,150,7,0,0,0,0.650
57530,0.9085,1.5131,177.51,0.9085,1.5131,4,1,1,0,0,20,20,150,7,0,0,0,0.639
57540,0.8966,1.5131,177.51,0.8966,1.5131,4,1,1,0,0,20,20,150,7,0,0,0,0.627
57550,0.8846,1.5130,177.51,0.8846,1.5130,4,1,1,0,0,20,20,150,7,0,0,0,0.615
57560,0.8727,1.5130,177.51,0.8727,1.5130,4,1,1,0,0,20,20,150,7,0,0,0,0.603
57570,0.8607,1.5130,177.51,0.8607,1.5130,4,1,1,0,0,20,20,150,7,0,0,0,0.591
57580,0.8488,1.5129,177.51,0.8488,1.5129,4,1,1,0,0,20,20,150,7,0,0,0,0.579
57590,0.8368,1.5129,177.51,0.8368,1.5129,4,1,1,0,0,20,20,150,7,0,0,0,0.567
57600,0.8248,1.5128,177.51,0.8248,1.5128,4,1,1,0,0,20,20,150,7,0,0,0,0.555
57610,0.8129,1.5128,177.51,0.8129,1.5128,4,1,1,0,0,20,20,150,7,0,0,0,0.543
57620,0.8010,1.5128,177.51,0.8010,1.5128,4,1,1,0,0,20,20,148,6,1,0,0,0.531
57630,0.7893,1.5128,177.51,0.7893,1.5128,4,1,1,0,0,20,20,146,6,1,0,0,0.519
57640,0.7777,1.5129,177.51,0.7777,1.5129,4,1,1,0,0,20,20,144,6,1,0,0,0.508
57650,0.7662,1.5129,177.51,0.7662,1.5129,4,1,1,0,0,20,20,142,6,1,0,0,0.496
57660,0.7549,1.5129,177.51,0.7549,1.5129,4,1,1,0,0,20,20,141,6,1,0,0,0.485
57670,0.7438,1.5129,177.51,0.7438,1.5129,4,1,1,0,0,20,20,139,6,1,0,0,0.474
57680,0.7328,1.5129,177.51,0.7328,1.5129,4,1,1,0,0,20,20,137,6,1,0,0,0.463
57690,0.7219,1.5129,177.51,0.7219,1.5129,4,1,1,0,0,20,20,135,6,1,0,0,0.452
57700,0.7112,1.5129,177.51,0.7112,1.5129,4,1,1,0,0,20,20,133,6,1,0,0,0.441
57710,0.7006,1.5129,177.51,0.7006,1.5129,4,1,1,0,0,20,20,132,6,1,0,0,0.431
57720,0.6901,1.5129,177.51,0.6901,1.5129,4,1,1,0,0,20,20,130,6,1,0,0,0.420
57730,0.6798,1.5128,177.51,0.6798,1.5128,4,1,1,0,0,20,20,128,5,1,0,0,0.410
57740,0.6696,1.5128,177.51,0.6696,1.5128,4,1,1,0,0,20,20,126,5,1,0,0,0.400
57750,0.6596,1.5129,177.51,0.6596,1.5129,4,1,1,0,0,20,20,124,5,1,0,0,0.390
57760,0.6498,1.5129,177.51,0.6498,1.5129,4,1,1,0,0,20,20,123,5,1,0,0,0.380
57770,0.6400,1.5129,177.51,0.6400,1.5129,4,1,1,0,0,20,20,121,5,1,0,0,0.370
57780,0.6304,1.5130,177.51,0.6304,1.5130,4,1,1,0,0,20,20,119,5,1,0,0,0.360
57790,0.6210,1.5130,177.51,0.6210,1.5130,4,1,1,0,0,20,20,117,5,1,0,0,0.351
57800,0.6117,1.5130,177.51,0.6117,1.5130,4,1,1,0,0,20,20,116,5,1,0,0,0.342
57810,0.6025,1.5130,177.51,0.6025,1.5130,4,1,1,0,0,20,20,114,5,1,0,0,0.333
57820,0.5935,1.5130,177.51,0.5935,1.5130,4,1,1,0,0,20,20,112,5,1,0,0,0.323
57830,0.5846,1.5130,177.51,0.5846,1.5130,4,1,1,0,0,20,20,110,5,1,0,0,0.315
57840,0.5758,1.5129,177.51,0.5758,1.5129,4,1,1,0,0,20,20,109,5,1,0,0,0.306
57850,0.5672,1.5129,177.51,0.5672,1.5129,4,1,1,0,0,20,20,107,5,1,0,0,0.297
57860,0.5587,1.5129,177.51,0.5587,1.5129,4,1,1,0,0,20,20,105,4,1,0,0,0.289
57870,0.5504,1.5130,177.51,0.5504,1.5130,4,1,1,0,0,20,20,103,4,1,0,0,0.280
57880,0.5422,1.5130,177.51,0.5422,1.5130,4,1,1,0,0,20,20,102,4,1,0,0,0.272
57890,0.5341,1.5130,177.51,0.5341,1.5130,4,1,1,0,0,20,20,100,4,1,0,0,0.264
57900,0.5262,1.5131,177.51,0.5262,1.5131,4,1,1,0,0,20,20,98,4,1,0,0,0.256
57910,0.5184,1.5131,177.51,0.5184,1.5131,4,1,1,0,0,20,20,96,4,1,0,0,0.248
57920,0.5108,1.5131,177.51,0.5108,1.5131,4,1,1,0,0,20,20,95,4,1,0,0,0.241
57930,0.5033,1.5131,177.51,0.5033,1.5131,4,1,1,0,0,20,20,93,4,1,0,0,0.233
57940,0.4959,1.5131,177.51,0.4959,1.5131,4,1,1,0,0,20,20,91,4,1,0,0,0.226
57950,0.4887,1.5131,177.51,0.4887,1.5131,4,1,1,0,0,20,20,90,4,1,0,0,0.219
57960,0.4816,1.5131,177.51,0.4816,1.5131,4,1,1,0,0,20,20,88,4,1,0,0,0.212
57970,0.4746,1.5131,177.51,0.4746,1.5131,4,1,1,0,0,20,20,86,4,1,0,0,0.205
57980,0.4678,1.5131,177.51,0.4678,1.5131,4,1,1,0,0,20,20,85,3,1,0,0,0.198
57990,0.4611,1.5131,177.51,0.4611,1.5131,4,1,1,0,0,20,20,83,3,1,0,0,0.191
58000,0.4545,1.5132,177.51,0.4545,1.5132,4,1,1,0,0,20,20,81,3,1,0,0,0.185
58010,0.4481,1.5132,177.51,0.4481,1.5132,4,1,1,0,0,20,20,80,3,1,0,0,0.178
58020,0.4418,1.5132,177.51,0.4418,1.5132,4,1,1,0,0,20,20,78,3,1,0,0,0.172
58030,0.4356,1.5133,177.51,0.4356,1.5133,4,1,1,0,0,20,20,76,3,1,0,0,0.166
58040,0.4296,1.5133,177.51,0.4296,1.5133,4,1,1,0,0,20,20,75,3,1,0,0,0.160
58050,0.4237,1.5133,177.51,0.4237,1.5133,4,1,1,0,0,20,20,73,3,1,0,0,0.154
58060,0.4179,1.5133,177.51,0.4179,1.5133,4,1,1,0,0,20,20,71,3,1,0,0,0.148
58070,0.4123,1.5133,177.51,0.4123,1.5133,4,1,1,0,0,20,20,70,3,1,0,0,0.142
58080,0.4068,1.5133,177.51,0.4068,1.5133,4,1,1,0,0,20,20,68,3,1,0,0,0.137
58090,0.4014,1.5133,177.51,0.4014,1.5133,4,1,1,0,0,20,20,66,3,1,0,0,0.131
58100,0.3961,1.5133,177.51,0.3961,1.5133,4,1,1,0,0,20,20,65,3,1,0,0,0.126
58110,0.3910,1.5133,177.51,0.3910,1.5133,4,1,1,0,0,20,20,63,2,1,0,0,0.121
58120,0.3860,1.5134,177.51,0.3860,1.5134,4,1,1,0,0,20,20,62,2,1,0,0,0.116
58130,0.3812,1.5134,177.51,0.3812,1.5134,4,1,1,0,0,20,20,60,2,1,0,0,0.111
58140,0.3764,1.5135,177.51,0.3764,1.5135,4,1,1,0,0,20,20,58,2,1,0,0,0.106
58150,0.3718,1.5135,177.51,0.3718,1.5135,5,1,0,0,0,20,20,0,0,0,0,0,1000.000
58160,0.3674,1.5135,177.51,0.3674,1.5135,5,1,0,0,0,20,20,0,0,0,0,0,1000.000
58170,0.3631,1.5136,177.51,0.3631,1.5136,5,1,0,0,0,20,20,0,0,0,0,0,1000.000
58180,0.3591,1.5136,177.51,0.3591,1.5136,5,1,0,0,0,20,20,0,0,0,0,0,1000.000
58190,0.3553,1.5136,177.51,0.3553,1.5136,5,1,0,0,0,20,20,0,0,0,0,0,1000.000
58200,0.3517,1.5136,177.51,0.3517,1.5136,5,1,1,0,0,20,20,0,0,0,0,0,1000.000
58210,0.3482,1.5136,177.51,0.3482,1.5136,5,1,1,0,0,20,20,0,0,0,0,0,1000.000
58220,0.3450,1.5135,177.51,0.3450,1.5135,5,1,1,0,0,20,20,0,0,0,0,0,1000.000
58230,0.3420,1.5135,177.51,0.3420,1.5135,5,1,1,0,0,20,20,0,0,0,0,0,1000.000
58240,0.3391,1.5135,177.51,0.3391,1.5135,5,1,1,0,0,20,20,0,0,0,0,0,1000.000
58250,0.3365,1.5134,177.51,0.3365,1.5134,5,1,1,0,0,20,20,-7,67,0,1,0,1.210
58260,0.3341,1.5134,177.51,0.3341,1.5134,5,1,1,0,0,20,20,-7,67,0,1,0,1.210
58270,0.3318,1.5133,177.51,0.3318,1.5133,5,1,1,0,0,20,20,-7,67,0,1,0,1.210
58280,0.3298,1.5133,177.51,0.3298,1.5133,5,1,1,0,0,20,20,-7,67,0,1,0,1.210
58290,0.3280,1.5132,177.51,0.3280,1.5132,5,1,1,0,0,20,20,-7,67,0,1,0,1.210
58300,0.3263,1.5131,177.51,0.3263,1.5131,5,1,1,0,0,20,20,-7,67,0,1,0,1.210
58310,0.3249,1.5130,177.51,0.3249,1.5130,5,1,1,0,0,20,20,-7,67,0,1,0,1.209
58320,0.3237,1.5129,177.51,0.3237,1.5129,5,1,1,0,0,20,20,-7,67,0,1,0,1.209
58330,0.3226,1.5127,177.51,0.3226,1.5127,5,1,1,0,0,20,20,-7,67,0,1,0,1.209
58340,0.3216,1.5125,177.51,0.3216,1.5125,5,1,1,0,0,20,20,-7,67,0,1,0,1.209
58350,0.3206,1.5120,177.51,0.3206,1.5120,5,1,1,0,0,20,20,-7,67,0,1,0,1.208
58360,0.3196,1.5113,177.51,0.3196,1.5113,5,1,1,0,0,20,20,-7,67,0,1,0,1.208
58370,0.3186,1.5105,177.51,0.3186,1.5105,5,1,1,0,0,20,20,-7,67,0,1,0,1.207
58380,0.3177,1.5095,177.51,0.3177,1.5095,5,1,1,0,0,20,20,-7,67,0,1,0,1.206
58390,0.3167,1.5083,177.51,0.3167,1.5083,5,1,1,0,0,20,20,-7,67,0,1,0,1.205
58400,0.3158,1.5069,177.51,0.3158,1.5069,5,1,1,0,0,20,20,-7,67,0,1,0,1.203
58410,0.3148,1.5053,177.51,0.3148,1.5053,5,1,1,0,0,20,20,-7,67,0,1,0,1.202
58420,0.3139,1.5036,177.51,0.3139,1.5036,5,1,1,0,0,20,20,-7,67,0,1,0,1.200
58430,0.3130,1.5017,177.51,0.3130,1.5017,5,1,1,0,0,20,20,-7,67,0,1,0,1.198
58440,0.3121,1.4996,177.51,0.3121,1.4996,5,1,1,0,0,20,20,-7,67,0,1,0,1.196
58450,0.3112,1.4973,177.51,0.3112,1.4973,5,1,1,0,0,20,20,-7,67,0,1,0,1.194
58460,0.3104,1.4948,177.51,0.3104,1.4948,5,1,1,0,0,20,20,-7,67,0,1,0,1.191
58470,0.3095,1.4922,177.51,0.3095,1.4922,5,1,1,0,0,20,20,-7,67,0,1,0,1.189
58480,0.3087,1.4894,177.51,0.3087,1.4894,5,1,1,0,0,20,20,-7,67,0,1,0,1.186
58490,0.3078,1.4864,177.51,0.3078,1.4864,5,1,1,0,0,20,20,-7,67,0,1,0,1.183
58500,0.3070,1.4832,177.51,0.3070,1.4832,5,1,1,0,0,20,20,-7,67,0,1,0,1.180
58510,0.3062,1.4799,177.51,0.3062,1.4799,5,1,1,0,0,20,20,-7,67,0,1,0,1.176
58520,0.3054,1.4763,177.51,0.3054,1.4763,5,1,1,0,0,20,20,-7,67,0,1,0,1.173
58530,0.3046,1.4726,177.51,0.3046,1.4726,5,1,1,0,0,20,20,-7,67,0,1,0,1.169
58540,0.3039,1.4687,177.51,0.3039,1.4687,5,1,1,0,0,20,20,-7,67,0,1,0,1.165
58550,0.3031,1.4646,177.51,0.3031,1.4646,5,1,1,0,0,20,20,-7,67,0,1,0,1.161
58560,0.3024,1.4604,177.51,0.3024,1.4604,5,1,1,0,0,20,20,-7,67,0,1,0,1.157
58570,0.3018,1.4560,177.51,0.3018,1.4560,5,1,1,0,0,20,20,-7,67,0,1,0,1.153
58580,0.3013,1.4516,177.51,0.3013,1.4516,5,1,1,0,0,20,20,-7,67,0,1,0,1.148
58590,0.3008,1.4471,177.51,0.3008,1.4471,5,1,1,0,0,20,20,-7,67,0,1,0,1.144
58600,0.3005,1.4424,177.51,0.3005,1.4424,5,1,1,0,0,20,20,-7,67,0,1,0,1.139
58610,0.3003,1.4377,177.51,0.3003,1.4377,5,1,1,0,0,20,20,-7,67,0,1,0,1.134
58620,0.3002,1.4328,177.51,0.3002,1.4328,5,1,1,0,0,20,20,-7,67,0,1,0,1.129
58630,0.3001,1.4279,177.51,0.3001,1.4279,5,1,1,0,0,20,20,-7,67,0,1,0,1.124
58640,0.3002,1.4228,177.51,0.3002,1.4228,5,1,1,0,0,20,20,-7,67,0,1,0,1.119
58650,0.3003,1.4176,177.51,0.3003,1.4176,5,1,1,0,0,20,20,-7,67,0,1,0,1.114
58660,0.3006,1.4124,177.51,0.3006,1.4124,5,1,1,0,0,20,20,-7,67,0,1,0,1.109
58670,0.3009,1.4070,177.51,0.3009,1.4070,5,1,1,0,0,20,20,-7,67,0,1,0,1.104
58680,0.3012,1.4017,177.51,0.3012,1.4017,5,1,1,0,0,20,20,-7,67,0,1,0,1.098
58690,0.3016,1.3963,177.51,0.3016,1.3963,5,1,1,0,0,20,20,-7,67,0,1,0,1.093
58700,0.3019,1.3910,177.51,0.3019,1.3910,5,1,1,0,0,20,20,-7,67,0,1,0,1.087
58710,0.3022,1.3856,177.51,0.3022,1.3856,5,1,1,0,0,20,20,-7,67,0,1,0,1.082
58720,0.3025,1.3803,177.51,0.3025,1.3803,5,1,1,0,0,20,20,-7,67,0,1,0,1.077
58730,0.3029,1.3749,177.51,0.3029,1.3749,5,1,1,0,0,20,20,-7,67,0,1,0,1.071
58740,0.3032,1.3696,177.51,0.3032,1.3696,5,1,1,0,0,20,20,-7,67,0,1,0,1.066
58750,0.3035,1.3642,177.51,0.3035,1.3642,5,1,1,0,0,20,20,-7,67,0,1,0,1.061
58760,0.3038,1.3589,177.51,0.3038,1.3589,5,1,1,0,0,20,20,-7,67,0,1,0,1.055
58770,0.3042,1.3535,177.51,0.3042,1.3535,5,1,1,0,0,20,20,-7,67,0,1,0,1.050
58780,0.3045,1.3482,177.51,0.3045,1.3482,5,1,1,0,0,20,20,-7,67,0,1,0,1.045
58790,0.3048,1.3428,177.51,0.3048,1.3428,5,1,1,0,0,20,20,-7,67,0,1,0,1.039
58800,0.3051,1.3375,177.51,0.3051,1.3375,5,1,1,0,0,20,20,-7,67,0,1,0,1.034
58810,0.3055,1.3321,177.51,0.3055,1.3321,5,1,1,0,0,20,20,-7,67,0,1,0,1.029
58820,0.3058,1.3268,177.51,0.3058,1.3268,5,1,1,0,0,20,20,-7,67,0,1,0,1.023
58830,0.3061,1.3214,177.51,0.3061,1.3214,5,1,1,0,0,20,20,-7,67,0,1,0,1.018
58840,0.3064,1.3160,177.51,0.3064,1.3160,5,1,1,0,0,20,20,-7,67,0,1,0,1.013
58850,0.3068,1.3107,177.51,0.3068,1.3107,5,1,1,0,0,20,20,-7,67,0,1,0,1.007
58860,0.3071,1.3053,177.51,0.3071,1.3053,5,1,1,0,0,20,20,-7,67,0,1,0,1.002
58870,0.3074,1.3000,177.51,0.3074,1.3000,5,1,1,0,0,20,20,-7,67,0,1,0,0.996
58880,0.3077,1.2946,177.51,0.3077,1.2946,5,1,1,0,0,20,20,-7,67,0,1,0,0.991
58890,0.3081,1.2893,177.51,0.3081,1.2893,5,1,1,0,0,20,20,-7,67,0,1,0,0.986
58900,0.3084,1.2839,177.51,0.3084,1.2839,5,1,1,0,0,20,20,-7,67,0,1,0,0.980
58910,0.3087,1.2786,177.51,0.3087,1.2786,5,1,1,0,0,20,20,-7,67,0,1,0,0.975
58920,0.3090,1.2732,177.51,0.3090,1.2732,5,1,1,0,0,20,20,-7,67,0,1,0,0.970
58930,0.3093,1.2679,177.51,0.3093,1.2679,5,1,1,0,0,20,20,-7,67,0,1,0,0.964
58940,0.3097,1.2625,177.51,0.3097,1.2625,5,1,1,0,0,20,20,-7,67,0,1,0,0.959
58950,0.3100,1.2572,177.51,0.3100,1.2572,5,1,1,0,0,20,20,-7,67,0,1,0,0.954
58960,0.3103,1.2518,177.51,0.3103,1.2518,5,1,1,0,0,20,20,-7,67,0,1,0,0.948
58970,0.3106,1.2465,177.51,0.3106,1.2465,5,1,1,0,0,20,20,-7,67,0,1,0,0.943
58980,0.3110,1.2411,177.51,0.3110,1.2411,5,1,1,0,0,20,20,-7,67,0,1,0,0.938
58990,0.3113,1.2358,177.51,0.3113,1.2358,5,1,1,0,0,20,20,-7,67,0,1,0,0.932
59000,0.3116,1.2304,177.51,0.3116,1.2304,5,1,1,0,0,20,20,-7,67,0,1,0,0.927
59010,0.3119,1.2251,177.51,0.3119,1.2251,5,1,1,0,0,20,20,-7,67,0,1,0,0.922
59020,0.3123,1.2197,177.51,0.3123,1.2197,5,1,1,0,0,20,20,-7,67,0,1,0,0.916
59030,0.3126,1.2144,177.51,0.3126,1.2144,5,1,1,0,0,20,20,-7,67,0,1,0,0.911
59040,0.3129,1.2090,177.51,0.3129,1.2090,5,1,1,0,0,20,20,-7,67,0,1,0,0.906
59050,0.3132,1.2037,177.51,0.3132,1.2037,5,1,1,0,0,20,20,-7,67,0,1,0,0.900
59060,0.3136,1.1983,177.51,0.3136,1.1983,5,1,1,0,0,20,20,-7,67,0,1,0,0.895
59070,0.3139,1.1930,177.51,0.3139,1.1930,5,1,1,0,0,20,20,-7,67,0,1,0,0.889
59080,0.3142,1.1876,177.51,0.3142,1.1876,5,1,1,0,0,20,20,-7,67,0,1,0,0.884
59090,0.3145,1.1823,177.51,0.3145,1.1823,5,1,1,0,0,20,20,-7,67,0,1,0,0.879
59100,0.3149,1.1769,177.51,0.3149,1.1769,5,1,1,0,0,20,20,-7,67,0,1,0,0.873
59110,0.3152,1.1716,177.51,0.3152,1.1716,5,1,1,0,0,20,20,-7,67,0,1,0,0.868
59120,0.3155,1.1662,177.51,0.3155,1.1662,5,1,1,0,0,20,20,-7,67,0,1,0,0.863
59130,0.3158,1.1609,177.51,0.3158,1.1609,5,1,1,0,0,20,20,-7,67,0,1,0,0.857
59140,0.3162,1.1555,177.51,0.3162,1.1555,5,1,1,0,0,20,20,-7,67,0,1,0,0.852
59150,0.3165,1.1502,177.51,0.3165,1.1502,5,1,1,0,0,20,20,-7,67,0,1,0,0.847
59160,0.3168,1.1448,177.51,0.3168,1.1448,5,1,1,0,0,20,20,-7,67,0,1,0,0.841
59170,0.3171,1.1394,177.51,0.3171,1.1394,5,1,1,0,0,20,20,-7,67,0,1,0,0.836
59180,0.3175,1.1341,177.51,0.3175,1.1341,5,1,1,0,0,20,20,-7,67,0,1,0,0.831
59190,0.3178,1.1287,177.51,0.3178,1.1287,5,1,1,0,0,20,20,-7,67,0,1,0,0.825
59200,0.3181,1.1234,177.51,0.3181,1.1234,5,1,1,0,0,20,20,-7,67,0,1,0,0.820
59210,0.3184,1.1180,177.51,0.3184,1.1180,5,1,1,0,0,20,20,-7,67,0,1,0,0.815
59220,0.3188,1.1127,177.51,0.3188,1.1127,5,1,1,0,0,20,20,-7,67,0,1,0,0.809
59230,0.3191,1.1073,177.51,0.3191,1.1073,5,1,1,0,0,20,20,-7,67,0,1,0,0.804
59240,0.3194,1.1020,177.51,0.3194,1.1020,5,1,1,0,0,20,20,-7,67,0,1,0,0.798
59250,0.3197,1.0966,177.51,0.3197,1.0966,5,1,1,0,0,20,20,-7,67,0,1,0,0.793
59260,0.3201,1.0913,177.51,0.3201,1.0913,5,1,1,0,0,20,20,-7,67,0,1,0,0.788
59270,0.3204,1.0859,177.51,0.3204,1.0859,5,1,1,0,0,20,20,-7,67,0,1,0,0.782
59280,0.3207,1.0806,177.51,0.3207,1.0806,5,1,1,0,0,20,20,-7,67,0,1,0,0.777
59290,0.3210,1.0752,177.51,0.3210,1.0752,5,1,1,0,0,20,20,-7,67,0,1,0,0.772
59300,0.3214,1.0699,177.51,0.3214,1.0699,5,1,1,0,0,20,20,-7,67,0,1,0,0.766
59310,0.3217,1.0645,177.51,0.3217,1.0645,5,1,1,0,0,20,20,-7,67,0,1,0,0.761
59320,0.3220,1.0592,177.51,0.3220,1.0592,5,1,1,0,0,20,20,-7,67,0,1,0,0.756
59330,0.3223,1.0538,177.51,0.3223,1.0538,5,1,1,0,0,20,20,-7,67,0,1,0,0.750
59340,0.3227,1.0485,177.51,0.3227,1.0485,5,1,1,0,0,20,20,-7,67,0,1,0,0.745
59350,0.3230,1.0431,177.51,0.3230,1.0431,5,1,1,0,0,20,20,-7,67,0,1,0,0.740
59360,0.3233,1.0378,177.51,0.3233,1.0378,5,1,1,0,0,20,20,-7,67,0,1,0,0.734
59370,0.3236,1.0324,177.51,0.3236,1.0324,5,1,1,0,0,20,20,-7,67,0,1,0,0.729
59380,0.3240,1.0271,177.51,0.3240,1.0271,5,1,1,0,0,20,20,-7,67,0,1,0,0.724
59390,0.3243,1.0217,177.51,0.3243,1.0217,5,1,1,0,0,20,20,-7,67,0,1,0,0.718
59400,0.3246,1.0164,177.51,0.3246,1.0164,5,1,1,0,0,20,20,-7,67,0,1,0,0.713
59410,0.3249,1.0110,177.51,0.3249,1.0110,5,1,1,0,0,20,20,-7,67,0,1,0,0.708
59420,0.3252,1.0057,177.51,0.3252,1.0057,5,1,1,0,0,20,20,-7,67,0,1,0,0.702
59430,0.3256,1.0003,177.51,0.3256,1.0003,5,1,1,0,0,20,20,-7,67,0,1,0,0.697
59440,0.3259,0.9950,177.51,0.3259,0.9950,5,1,1,0,0,20,20,-7,67,0,1,0,0.691
59450,0.3262,0.9896,177.51,0.3262,0.9896,5,1,1,0,0,20,20,-7,67,0,1,0,0.686
59460,0.3265,0.9843,177.51,0.3265,0.9843,5,1,1,0,0,20,20,-7,67,0,1,0,0.681
59470,0.3269,0.9789,177.51,0.3269,0.9789,5,1,1,0,0,20,20,-7,67,0,1,0,0.675
59480,0.3272,0.9736,177.51,0.3272,0.9736,5,1,1,0,0,20,20,-7,67,0,1,0,0.670
59490,0.3275,0.9682,177.51,0.3275,0.9682,5,1,1,0,0,20,20,-7,67,0,1,0,0.665
59500,0.3278,0.9628,177.51,0.3278,0.9628,5,1,1,0,0,20,20,-7,67,0,1,0,0.659
59510,0.3282,0.9575,177.51,0.3282,0.9575,5,1,1,0,0,20,20,-7,67,0,1,0,0.654
59520,0.3285,0.9521,177.51,0.3285,0.9521,5,1,1,0,0,20,20,-7,67,0,1,0,0.649
59530,0.3288,0.9468,177.51,0.3288,0.9468,5,1,1,0,0,20,20,-7,67,0,1,0,0.643
59540,0.3291,0.9414,177.51,0.3291,0.9414,5,1,1,0,0,20,20,-7,67,0,1,0,0.638
59550,0.3295,0.9361,177.51,0.3295,0.9361,5,1,1,0,0,20,20,-7,67,0,1,0,0.633
59560,0.3298,0.9307,177.51,0.3298,0.9307,5,1,1,0,0,20,20,-7,67,0,1,0,0.627
59570,0.3301,0.9254,177.51,0.3301,0.9254,5,1,1,0,0,20,20,-7,67,0,1,0,0.622
59580,0.3304,0.9200,177.51,0.3304,0.9200,5,1,1,0,0,20,20,-7,67,0,1,0,0.617
59590,0.3308,0.9147,177.51,0.3308,0.9147,5,1,1,0,0,20,20,-7,67,0,1,0,0.611
59600,0.3311,0.9093,177.51,0.3311,0.9093,5,1,1,0,0,20,20,-7,67,0,1,0,0.606
59610,0.3314,0.9040,177.51,0.3314,0.9040,5,1,1,0,0,20,20,-7,67,0,1,0,0.600
59620,0.3317,0.8986,177.51,0.3317,0.8986,5,1,1,0,0,20,20,-7,67,0,1,0,0.595
59630,0.3321,0.8933,177.51,0.3321,0.8933,5,1,1,0,0,20,20,-7,67,0,1,0,0.590
59640,0.3324,0.8879,177.51,0.3324,0.8879,5,1,1,0,0,20,20,-7,67,0,1,0,0.584
59650,0.3327,0.8826,177.51,0.3327,0.8826,5,1,1,0,0,20,20,-7,67,0,1,0,0.579
59660,0.3330,0.8772,177.51,0.3330,0.8772,5,1,1,0,0,20,20,-7,67,0,1,0,0.574
59670,0.3334,0.8719,177.51,0.3334,0.8719,5,1,1,0,0,20,20,-7,67,0,1,0,0.568
59680,0.3337,0.8665,177.51,0.3337,0.8665,5,1,1,0,0,20,20,-7,67,0,1,0,0.563
59690,0.3340,0.8612,177.51,0.3340,0.8612,5,1,1,0,0,20,20,-7,67,0,1,0,0.558
59700,0.3343,0.8558,177.51,0.3343,0.8558,5,1,1,0,0,20,20,-7,67,0,1,0,0.552
59710,0.3347,0.8505,177.51,0.3347,0.8505,5,1,1,0,0,20,20,-7,67,0,1,0,0.547
59720,0.3350,0.8451,177.51,0.3350,0.8451,5,1,1,0,0,20,20,-6,67,1,1,0,0.542
59730,0.3352,0.8398,177.51,0.3352,0.8398,5,1,1,0,0,20,20,-6,67,1,1,0,0.536
59740,0.3355,0.8344,177.51,0.3355,0.8344,5,1,1,0,0,20,20,-6,67,1,1,0,0.531
59750,0.3357,0.8291,177.51,0.3357,0.8291,5,1,1,0,0,20,20,-6,67,1,1,0,0.526
59760,0.3360,0.8237,177.51,0.3360,0.8237,5,1,1,0,0,20,20,-6,67,1,1,0,0.520
59770,0.3362,0.8184,177.51,0.3362,0.8184,5,1,1,0,0,20,20,-6,67,1,1,0,0.515
59780,0.3365,0.8130,177.51,0.3365,0.8130,5,1,1,0,0,20,20,-6,67,1,1,0,0.510
59790,0.3367,0.8077,177.51,0.3367,0.8077,5,1,1,0,0,20,20,-6,67,1,1,0,0.504
59800,0.3370,0.8023,177.51,0.3370,0.8023,5,1,1,0,0,20,20,-6,67,1,1,0,0.499
59810,0.3372,0.7970,177.51,0.3372,0.7970,5,1,1,0,0,20,20,-6,67,1,1,0,0.493
59820,0.3374,0.7916,177.51,0.3374,0.7916,5,1,1,0,0,20,20,-6,67,1,1,0,0.488
59830,0.3377,0.7863,177.51,0.3377,0.7863,5,1,1,0,0,20,20,-6,67,1,1,0,0.483
59840,0.3379,0.7809,177.51,0.3379,0.7809,5,1,1,0,0,20,20,-6,67,1,1,0,0.477
59850,0.3382,0.7756,177.51,0.3382,0.7756,5,1,1,0,0,20,20,-6,67,1,1,0,0.472
59860,0.3384,0.7702,177.51,0.3384,0.7702,5,1,1,0,0,20,20,-6,67,1,1,0,0.467
59870,0.3387,0.7649,177.51,0.3387,0.7649,5,1,1,0,0,20,20,-6,67,1,1,0,0.461
59880,0.3389,0.7595,177.51,0.3389,0.7595,5,1,1,0,0,20,20,-6,67,1,1,0,0.456
59890,0.3392,0.7542,177.51,0.3392,0.7542,5,1,1,0,0,20,20,-6,67,1,1,0,0.451
59900,0.3394,0.7488,177.51,0.3394,0.7488,5,1,1,0,0,20,20,-6,67,1,1,0,0.445
59910,0.3396,0.7435,177.51,0.3396,0.7435,5,1,1,0,0,20,20,-6,67,1,1,0,0.440
59920,0.3399,0.7382,177.51,0.3399,0.7382,5,1,1,0,0,20,20,-6,67,1,1,0,0.435
59930,0.3401,0.7328,177.51,0.3401,0.7328,5,1,1,0,0,20,20,-6,67,1,1,0,0.429
59940,0.3404,0.7275,177.51,0.3404,0.7275,5,1,1,0,0,20,20,-6,67,1,1,0,0.424
59950,0.3406,0.7221,177.51,0.3406,0.7221,5,1,1,0,0,20,20,-6,67,1,1,0,0.419
59960,0.3409,0.7168,177.51,0.3409,0.7168,5,1,1,0,0,20,20,-6,67,1,1,0,0.413
59970,0.3411,0.7114,177.51,0.3411,0.7114,5,1,1,0,0,20,20,-5,67,1,1,0,0.408
59980,0.3413,0.7061,177.51,0.3413,0.7061,5,1,1,0,0,20,20,-5,67,1,1,0,0.403
59990,0.3414,0.7007,177.51,0.3414,0.7007,5,1,1,0,0,20,20,-5,67,1,1,0,0.397
60000,0.3416,0.6954,177.51,0.3416,0.6954,5,1,1,0,0,20,20,-5,67,1,1,0,0.392
60010,0.3418,0.6900,177.51,0.3418,0.6900,5,1,1,0,0,20,20,-5,67,1,1,0,0.387
60020,0.3419,0.6847,177.51,0.3419,0.6847,5,1,1,0,0,20,20,-5,67,1,1,0,0.381
60030,0.3421,0.6793,177.51,0.3421,0.6793,5,1,1,0,0,20,20,-5,67,1,1,0,0.376
60040,0.3423,0.6740,177.51,0.3423,0.6740,5,1,1,0,0,20,20,-5,67,1,1,0,0.371
60050,0.3424,0.6687,177.51,0.3424,0.6687,5,1,1,0,0,20,20,-5,67,1,1,0,0.365
60060,0.3426,0.6633,177.51,0.3426,0.6633,5,1,1,0,0,20,20,-5,67,1,1,0,0.360
60070,0.3428,0.6580,177.51,0.3428,0.6580,5,1,1,0,0,20,20,-5,67,1,1,0,0.354
60080,0.3429,0.6526,177.51,0.3429,0.6526,5,1,1,0,0,20,20,-5,67,1,1,0,0.349
60090,0.3431,0.6473,177.51,0.3431,0.6473,5,1,1,0,0,20,20,-5,67,1,1,0,0.344
60100,0.3433,0.6419,177.51,0.3433,0.6419,5,1,1,0,0,20,20,-5,67,1,1,0,0.338
60110,0.3434,0.6366,177.51,0.3434,0.6366,5,1,1,0,0,20,20,-5,67,1,1,0,0.333
60120,0.3436,0.6312,177.51,0.3436,0.6312,5,1,1,0,0,20,20,-5,67,1,1,0,0.328
60130,0.3438,0.6259,177.51,0.3438,0.6259,5,1,1,0,0,20,20,-5,67,1,1,0,0.322
60140,0.3439,0.6206,177.51,0.3439,0.6206,5,1,1,0,0,20,20,-5,67,1,1,0,0.317
60150,0.3441,0.6152,177.51,0.3441,0.6152,5,1,1,0,0,20,20,-5,67,1,1,0,0.312
60160,0.3443,0.6099,177.51,0.3443,0.6099,5,1,1,0,0,20,20,-5,67,1,1,0,0.306
60170,0.3444,0.6045,177.51,0.3444,0.6045,5,1,1,0,0,20,20,-5,67,1,1,0,0.301
60180,0.3446,0.5992,177.51,0.3446,0.5992,5,1,1,0,0,20,20,-4,67,1,1,0,0.296
60190,0.3447,0.5938,177.51,0.3447,0.5938,5,1,1,0,0,20,20,-4,67,1,1,0,0.290
60200,0.3448,0.5885,177.51,0.3448,0.5885,5,1,1,0,0,20,20,-4,67,1,1,0,0.285
60210,0.3449,0.5832,177.51,0.3449,0.5832,5,1,1,0,0,20,20,-4,67,1,1,0,0.280
60220,0.3449,0.5778,177.51,0.3449,0.5778,5,1,1,0,0,20,20,-4,67,1,1,0,0.274
60230,0.3450,0.5725,177.51,0.3450,0.5725,5,1,1,0,0,20,20,-4,67,1,1,0,0.269
60240,0.3451,0.5671,177.51,0.3451,0.5671,5,1,1,0,0,20,20,-4,67,1,1,0,0.264
60250,0.3452,0.5618,177.51,0.3452,0.5618,5,1,1,0,0,20,20,-4,67,1,1,0,0.258
60260,0.3453,0.5564,177.51,0.3453,0.5564,5,1,1,0,0,20,20,-4,67,1,1,0,0.253
60270,0.3454,0.5511,177.51,0.3454,0.5511,5,1,1,0,0,20,20,-4,67,1,1,0,0.248
60280,0.3455,0.5458,177.51,0.3455,0.5458,5,1,1,0,0,20,20,-4,67,1,1,0,0.242
60290,0.3455,0.5404,177.51,0.3455,0.5404,5,1,1,0,0,20,20,-4,67,1,1,0,0.237
60300,0.3456,0.5351,177.51,0.3456,0.5351,5,1,1,0,0,20,20,-4,67,1,1,0,0.232
60310,0.3457,0.5297,177.51,0.3457,0.5297,5,1,1,0,0,20,20,-4,67,1,1,0,0.226
60320,0.3458,0.5244,177.51,0.3458,0.5244,5,1,1,0,0,20,20,-4,67,1,1,0,0.221
60330,0.3459,0.5191,177.51,0.3459,0.5191,5,1,1,0,0,20,20,-4,67,1,1,0,0.216
60340,0.3460,0.5137,177.51,0.3460,0.5137,5,1,1,0,0,20,20,-4,67,1,1,0,0.210
60350,0.3461,0.5084,177.51,0.3461,0.5084,5,1,1,0,0,20,20,-4,67,1,1,0,0.205
60360,0.3461,0.5030,177.51,0.3461,0.5030,5,1,1,0,0,20,20,-3,67,1,1,0,0.200
60370,0.3462,0.4977,177.51,0.3462,0.4977,5,1,1,0,0,20,20,-3,67,1,1,0,0.194
60380,0.3462,0.4924,177.51,0.3462,0.4924,5,1,1,0,0,20,20,-3,67,1,1,0,0.189
60390,0.3462,0.4870,177.51,0.3462,0.4870,5,1,1,0,0,20,20,-3,67,1,1,0,0.184
60400,0.3462,0.4817,177.51,0.3462,0.4817,5,1,1,0,0,20,20,-3,67,1,1,0,0.178
60410,0.3462,0.4763,177.51,0.3462,0.4763,5,1,1,0,0,20,20,-3,67,1,1,0,0.173
60420,0.3462,0.4710,177.51,0.3462,0.4710,5,1,1,0,0,20,20,-3,67,1,1,0,0.168
60430,0.3462,0.4657,177.51,0.3462,0.4657,5,1,1,0,0,20,20,-3,67,1,1,0,0.162
60440,0.3462,0.4603,177.51,0.3462,0.4603,5,1,1,0,0,20,20,-3,67,1,1,0,0.157
60450,0.3462,0.4550,177.51,0.3462,0.4550,5,1,1,0,0,20,20,-3,67,1,1,0,0.151
60460,0.3462,0.4497,177.51,0.3462,0.4497,5,1,1,0,0,20,20,-3,67,1,1,0,0.146
60470,0.3462,0.4443,177.51,0.3462,0.4443,5,1,1,0,0,20,20,-3,67,1,1,0,0.141
60480,0.3462,0.4390,177.51,0.3462,0.4390,5,1,1,0,0,20,20,-3,67,1,1,0,0.135
60490,0.3462,0.4337,177.51,0.3462,0.4337,5,1,1,0,0,20,20,-3,66,1,0,0,0.130
60500,0.3462,0.4284,177.51,0.3462,0.4284,5,1,1,0,0,20,20,-3,64,1,0,0,0.125
60510,0.3462,0.4233,177.51,0.3462,0.4233,5,1,1,0,0,20,20,-2,63,1,0,0,0.120
60520,0.3462,0.4184,177.51,0.3462,0.4184,5,1,1,0,0,20,20,-2,61,1,0,0,0.115
60530,0.3461,0.4135,177.51,0.3461,0.4135,5,1,1,0,0,20,20,-2,60,1,0,0,0.110
60540,0.3461,0.4088,177.51,0.3461,0.4088,5,1,1,0,0,20,20,-2,58,1,0,0,0.105
60550,0.3460,0.4042,177.51,0.3460,0.4050,5,1,1,0,0,18,20,-2,57,1,0,0,0.102
60560,0.3460,0.3997,177.51,0.3460,0.4050,5,1,1,0,0,18,20,-2,57,1,0,0,0.102
60570,0.3460,0.3952,177.51,0.3460,0.4050,5,1,1,0,0,18,20,-2,57,1,0,0,0.102
60580,0.3459,0.3906,177.51,0.3459,0.4050,5,1,1,0,0,18,20,-2,57,1,0,0,0.102
60590,0.3459,0.3861,177.51,0.3459,0.4050,5,1,1,0,0,18,20,-2,57,1,0,0,0.102
60600,0.3458,0.3816,177.51,0.3458,0.3750,5,1,1,0,0,15,20,0,0,1,0,0,0.072
60610,0.3458,0.3771,177.51,0.3458,0.3750,5,1,1,0,0,15,20,0,0,1,0,0,0.072
60620,0.3458,0.3729,177.51,0.3458,0.3750,5,1,1,0,0,15,20,0,0,1,0,0,0.072
60630,0.3458,0.3689,177.51,0.3458,0.3750,5,1,1,0,0,15,20,-2,46,1,0,0,0.072
60640,0.3458,0.3650,177.51,0.3458,0.3750,5,1,1,0,0,15,20,-2,46,1,0,0,0.072
60650,0.3458,0.3614,177.51,0.3458,0.3550,5,1,1,0,0,13,20,0,0,1,0,0,0.052
60660,0.3458,0.3580,177.51,0.3458,0.3550,5,1,1,0,0,13,20,0,0,1,0,0,0.052
60670,0.3458,0.3547,177.51,0.3458,0.3550,5,1,1,0,0,13,20,-1,37,1,0,0,0.052
60680,0.3458,0.3517,177.51,0.3458,0.3550,5,1,1,0,0,13,20,-1,37,1,0,0,0.052
60690,0.3459,0.3489,177.51,0.3459,0.3550,5,1,1,0,0,13,20,-1,37,1,0,0,0.052
60700,0.3459,0.3463,177.51,0.3459,0.3450,5,1,1,0,0,12,20,-1,31,1,1,0,0.042
60710,0.3460,0.3438,177.51,0.3460,0.3450,5,1,1,0,0,12,20,-1,31,1,1,0,0.042
60720,0.3460,0.3416,177.51,0.3460,0.3450,5,1,1,0,0,12,20,-1,31,1,1,0,0.042
60730,0.3461,0.3396,177.51,0.3461,0.3450,5,1,1,0,0,12,20,-1,31,1,1,0,0.042
60740,0.3462,0.3377,177.51,0.3462,0.3450,5,1,1,0,0,12,20,-1,31,1,1,0,0.042
60750,0.3463,0.3361,177.51,0.3463,0.3350,5,1,1,0,0,11,20,-1,25,1,1,0,0.032
60760,0.3464,0.3347,177.51,0.3464,0.3350,5,1,1,0,0,11,20,-1,25,1,1,0,0.032
60770,0.3465,0.3334,177.51,0.3465,0.3350,5,1,1,0,0,11,20,-1,25,1,1,0,0.032
60780,0.3466,0.3324,177.51,0.3466,0.3350,5,1,1,0,0,11,20,-1,25,1,1,0,0.032
60790,0.3466,0.3315,177.51,0.3466,0.3350,5,1,1,0,0,11,20,-1,25,1,1,0,0.032
60800,0.3466,0.3306,177.51,0.3740,0.3085,5,1,0,0,1,10,20,0,0,0,0,0,1000.000
60810,0.3466,0.3298,177.51,0.3740,0.3250,5,1,0,0,1,10,20,0,0,0,0,0,1000.000
60820,0.3466,0.3292,177.51,0.3740,0.3250,5,1,0,0,1,10,20,0,0,0,0,0,1000.000
60830,0.3466,0.3288,177.51,0.3740,0.3250,5,1,0,0,1,10,20,0,0,0,0,0,1000.000
60840,0.3466,0.3285,177.52,0.3740,0.3250,5,1,0,0,1,10,20,0,0,0,0,0,1000.000
60850,0.3467,0.3283,177.53,0.3740,0.3250,5,1,0,0,1,10,20,0,0,0,0,0,1000.000
60860,0.3467,0.3283,177.52,0.3740,0.3250,5,1,0,0,1,10,20,0,0,0,0,0,1000.000
60870,0.3467,0.3283,177.52,0.3740,0.3250,5,1,0,0,1,10,20,0,0,0,0,0,1000.000
60880,0.3467,0.3283,177.53,0.3740,0.3250,5,1,0,0,1,10,20,0,0,0,0,0,1000.000
60890,0.3467,0.3283,177.53,0.3740,0.3250,5,1,0,0,1,10,20,0,0,0,0,0,1000.000
60900,0.3467,0.3283,177.53,0.3740,0.3250,5,1,0,0,1,10,20,0,0,0,0,0,1000.000
60910,0.3467,0.3283,177.54,0.3740,0.3250,5,1,0,0,1,10,20,0,0,0,0,0,1000.000
60920,0.3467,0.3283,177.54,0.3740,0.3250,5,1,0,0,1,10,20,0,0,0,0,0,1000.000
60930,0.3467,0.3283,177.54,0.3740,0.3250,5,1,0,0,1,10,20,0,0,0,0,0,1000.000
60940,0.3467,0.3283,177.54,0.3740,0.3250,5,1,0,0,1,10,20,0,0,0,0,0,1000.000
60950,0.3467,0.3283,177.54,0.3740,0.3250,5,1,0,0,1,10,20,0,0,0,0,0,1000.000
60960,0.3467,0.3283,177.55,0.3740,0.3250,5,1,0,0,1,10,20,0,0,0,0,0,1000.000
60970,0.3467,0.3283,177.55,0.3740,0.3250,5,1,0,0,1,10,20,0,0,0,0,0,1000.000
60980,0.3467,0.3283,177.55,0.3740,0.3250,5,1,0,0,1,10,20,0,0,0,0,0,1000.000
60990,0.3467,0.3283,177.55,0.3740,0.3250,5,1,0,0,1,10,20,0,0,0,0,0,1000.000
61000,0.3467,0.3283,177.55,0.3740,0.3250,5,1,0,0,1,10,20,0,0,0,0,0,1000.000
61010,0.3467,0.3283,177.56,0.3740,0.3250,5,1,0,0,1,10,20,0,0,0,0,0,1000.000
61020,0.3467,0.3283,177.56,0.3740,0.3250,5,1,0,0,1,10,20,0,0,0,0,0,1000.000
61030,0.3467,0.3283,177.56,0.3740,0.3250,5,1,0,0,1,10,20,0,0,0,0,0,1000.000
61040,0.3467,0.3283,177.56,0.3740,0.3250,5,1,0,0,1,10,20,0,0,0,0,0,1000.000
61050,0.3467,0.3283,177.56,0.3740,0.3250,5,1,0,0,1,10,20,0,0,0,0,0,1000.000
61060,0.3467,0.3283,177.57,0.3740,0.3250,5,1,0,0,1,10,20,0,0,0,0,0,1000.000
61070,0.3467,0.3283,177.57,0.3740,0.3250,5,1,0,0,1,10,20,0,0,0,0,0,1000.000
61080,0.3467,0.3283,177.57,0.3740,0.3250,5,1,0,0,1,10,20,0,0,0,0,0,1000.000
61090,0.3467,0.3283,177.57,0.3740,0.3250,5,1,0,0,1,10,20,0,0,0,0,0,1000.000
61100,0.3467,0.3283,177.57,0.3740,0.3250,5,1,0,0,1,10,20,0,0,0,0,0,1000.000
61110,0.3467,0.3283,177.58,0.3740,0.3250,5,1,0,0,1,10,20,0,0,0,0,0,1000.000
61120,0.3467,0.3283,177.58,0.3740,0.3250,5,1,0,0,1,10,20,0,0,0,0,0,1000.000
61130,0.3467,0.3283,177.58,0.3740,0.3250,5,1,0,0,1,10,20,0,0,0,0,0,1000.000
61140,0.3467,0.3283,177.58,0.3740,0.3250,5,1,0,0,1,10,20,0,0,0,0,0,1000.000
61150,0.3467,0.3283,177.59,0.3740,0.3250,5,1,0,0,1,10,20,0,0,0,0,0,1000.000
61160,0.3467,0.3283,177.59,0.3740,0.3250,5,1,0,0,1,10,20,0,0,0,0,0,1000.000
61170,0.3467,0.3283,177.59,0.3740,0.3250,5,1,0,0,1,10,20,0,0,0,0,0,1000.000
61180,0.3467,0.3283,177.59,0.3740,0.3250,5,1,0,0,1,10,20,0,0,0,0,0,1000.000
61190,0.3467,0.3283,177.59,0.3740,0.3250,5,1,0,0,1,10,20,0,0,0,0,0,1000.000
61200,0.3467,0.3283,177.60,0.3740,0.3250,5,1,0,0,1,10,20,0,0,0,0,0,1000.000
61210,0.3467,0.3283,177.60,0.3740,0.3250,5,1,0,0,1,10,20,0,0,0,0,0,1000.000
61220,0.3467,0.3283,177.60,0.3740,0.3250,5,1,0,0,1,10,20,0,0,0,0,0,1000.000
61230,0.3467,0.3283,177.61,0.3740,0.3250,5,1,0,0,1,10,20,0,0,0,0,0,1000.000
61240,0.3467,0.3283,177.61,0.3740,0.3250,5,1,0,0,1,10,20,0,0,0,0,0,1000.000
61250,0.3467,0.3283,177.61,0.3740,0.3250,5,1,0,0,1,10,20,0,0,0,0,0,1000.000
61260,0.3467,0.3283,177.61,0.3740,0.3250,5,1,0,0,1,10,20,0,0,0,0,0,1000.000
61270,0.3467,0.3283,177.61,0.3740,0.3250,5,1,0,0,1,10,20,0,0,0,0,0,1000.000
61280,0.3467,0.3283,177.62,0.3740,0.3250,5,1,0,0,1,10,20,0,0,0,0,0,1000.000
61290,0.3467,0.3283,177.62,0.3740,0.3250,5,1,0,0,1,10,20,0,0,0,0,0,1000.000
61300,0.3467,0.3283,177.62,0.3740,0.3250,5,1,0,0,1,10,20,0,0,0,0,0,1000.000
61310,0.3467,0.3283,177.62,0.3740,0.3250,5,1,0,0,1,10,20,0,0,0,0,0,1000.000
61320,0.3467,0.3283,177.62,0.3740,0.3250,5,1,0,0,1,10,20,0,0,0,0,0,1000.000
61330,0.3467,0.3283,177.63,0.3740,0.3250,5,1,0,0,1,10,20,0,0,0,0,0,1000.000
61340,0.3467,0.3283,177.63,0.3740,0.3250,5,1,0,0,1,10,20,0,0,0,0,0,1000.000
61350,0.3467,0.3283,177.63,0.3740,0.3250,5,1,0,0,1,10,20,0,0,0,0,0,1000.000
61360,0.3467,0.3283,177.63,0.3740,0.3250,5,1,0,0,1,10,20,0,0,0,0,0,1000.000
61370,0.3467,0.3283,177.63,0.3740,0.3250,5,1,0,0,1,10,20,0,0,0,0,0,1000.000
61380,0.3467,0.3283,177.64,0.3740,0.3250,5,1,0,0,1,10,20,0,0,0,0,0,1000.000
61390,0.3467,0.3283,177.64,0.3740,0.3250,5,1,0,0,1,10,20,0,0,0,0,0,1000.000
61400,0.3467,0.3283,177.64,0.3740,0.3250,5,1,0,0,1,10,20,0,0,0,0,0,1000.000
61410,0.3467,0.3283,177.64,0.3740,0.3250,5,1,0,0,1,10,20,0,0,0,0,0,1000.000
61420,0.3467,0.3283,177.64,0.3740,0.3250,5,1,0,0,1,10,20,0,0,0,0,0,1000.000
61430,0.3467,0.3283,177.65,0.3740,0.3250,5,1,0,0,1,10,20,0,0,0,0,0,1000.000
61440,0.3467,0.3283,177.65,0.3740,0.3250,5,1,0,0,1,10,20,0,0,0,0,0,1000.000
61450,0.3467,0.3283,177.65,0.3740,0.3250,5,1,0,0,1,10,20,0,0,0,0,0,1000.000
61460,0.3467,0.3283,177.65,0.3740,0.3250,5,1,0,0,1,10,20,0,0,0,0,0,1000.000
61470,0.3467,0.3283,177.65,0.3740,0.3250,5,1,0,0,1,10,20,0,0,0,0,0,1000.000
61480,0.3467,0.3283,177.66,0.3740,0.3250,5,1,0,0,1,10,20,0,0,0,0,0,1000.000
61490,0.3467,0.3283,177.66,0.3740,0.3250,5,1,0,0,1,10,20,0,0,0,0,0,1000.000
61500,0.3467,0.3283,177.66,0.3740,0.3250,5,1,0,0,1,10,20,0,0,0,0,0,1000.000
61510,0.3467,0.3283,177.67,0.3740,0.3250,5,1,0,0,1,10,20,0,0,0,0,0,1000.000
61520,0.3467,0.3283,177.67,0.3740,0.3250,5,1,0,0,1,10,20,0,0,0,0,0,1000.000
61530,0.3467,0.3283,177.67,0.3740,0.3250,5,1,0,0,1,10,20,0,0,0,0,0,1000.000
61540,0.3467,0.3283,177.67,0.3740,0.3250,5,1,0,0,1,10,20,0,0,0,0,0,1000.000
61550,0.3467,0.3283,177.67,0.3740,0.3250,5,1,0,0,1,10,20,0,0,0,0,0,1000.000
61560,0.3467,0.3283,177.68,0.3740,0.3250,5,1,0,0,1,10,20,0,0,0,0,0,1000.000
61570,0.3467,0.3283,177.68,0.3740,0.3250,5,1,0,0,1,10,20,0,0,0,0,0,1000.000
61580,0.3467,0.3283,177.68,0.3740,0.3250,5,1,0,0,1,10,20,0,0,0,0,0,1000.000
61590,0.3467,0.3283,177.68,0.3740,0.3250,5,1,0,0,1,10,20,0,0,0,0,0,1000.000
61600,0.3467,0.3283,177.68,0.3740,0.3250,5,1,0,0,1,10,20,0,0,0,0,0,1000.000
61610,0.3467,0.3283,177.69,0.3740,0.3250,5,1,0,0,1,10,20,0,0,0,0,0,1000.000
61620,0.3467,0.3283,177.69,0.3740,0.3250,5,1,0,0,1,10,20,0,0,0,0,0,1000.000
61630,0.3467,0.3283,177.69,0.3740,0.3250,5,1,0,0,1,10,20,0,0,0,0,0,1000.000
61640,0.3467,0.3283,177.69,0.3740,0.3250,5,1,0,0,1,10,20,0,0,0,0,0,1000.000
61650,0.3467,0.3283,177.69,0.3740,0.3250,5,1,0,0,1,10,20,0,0,0,0,0,1000.000
61660,0.3467,0.3283,177.70,0.3740,0.3250,5,1,0,0,1,10,20,0,0,0,0,0,1000.000
61670,0.3467,0.3283,177.70,0.3740,0.3250,5,1,0,0,1,10,20,0,0,0,0,0,1000.000
61680,0.3467,0.3283,177.70,0.3740,0.3250,5,1,0,0,1,10,20,0,0,0,0,0,1000.000
61690,0.3467,0.3283,177.70,0.3740,0.3250,5,1,0,0,1,10,20,0,0,0,0,0,1000.000
61700,0.3467,0.3283,177.70,0.3740,0.3250,5,1,0,0,1,10,20,0,0,0,0,0,1000.000
61710,0.3467,0.3283,177.71,0.3740,0.3250,5,1,0,0,1,10,20,0,0,0,0,0,1000.000
61720,0.3467,0.3283,177.71,0.3740,0.3250,5,1,0,0,1,10,20,0,0,0,0,0,1000.000
61730,0.3467,0.3283,177.71,0.3740,0.3250,5,1,0,0,1,10,20,0,0,0,0,0,1000.000
61740,0.3467,0.3283,177.71,0.3740,0.3250,5,1,0,0,1,10,20,0,0,0,0,0,1000.000
61750,0.3467,0.3283,177.72,0.3740,0.3250,5,1,0,0,1,10,20,0,0,0,0,0,1000.000
61760,0.3467,0.3283,177.72,0.3740,0.3250,5,1,0,0,1,10,20,0,0,0,0,0,1000.000
61770,0.3467,0.3283,177.72,0.3740,0.3250,5,1,0,0,1,10,20,0,0,0,0,0,1000.000
61780,0.3467,0.3283,177.72,0.3740,0.3250,5,1,0,0,1,10,20,0,0,0,0,0,1000.000
61790,0.3467,0.3283,177.72,0.3740,0.3250,5,1,0,0,1,10,20,0,0,0,0,0,1000.000
61800,0.3467,0.3283,177.73,0.3740,0.3250,5,1,0,0,1,10,20,0,0,0,0,0,1000.000
