:020000040800F2
:10000000C050012499030008A1BF0008999A000874
:1000100099BF0008610B0008894201080000000038
:10002000000000000000000000000000A10901081D
:10003000892500080000000041ED000801100108BA
:10004000B7030008B7030008B7030008B7030008A8
:10005000B7030008B7030008B7030008B703000898
:10006000B7030008B7030008B7030008291D0008FC
:10007000391D0008491D0008591D0008691D0008A8
:10008000791D0008891D0008B703000869350008BC
:1000900079350008B7030008B7030008B703000864
:1000A000B7030008B7030008B7030008B703000848
:1000B000B7030008B7030008B7030008B703000838
:1000C000B7030008B7030008B7030008B703000828
:1000D000B703000839300108B7030008B703000868
:1000E000B7030008B703000800000000B7030008CA
:1000F000B7030008B7030008B7030008991D0008FC
:10010000B7030008B7030008B7030008B7030008E7
:1001100041130108B7030008B9110108B70300082B
:10012000A91D0008B91D0008C91D0008D91D000837
:10013000B7030008B7030008B7030008B7030008B7
:1001400000000000000000000000000000000000AF
:10015000B7030008B7030008B703000849300108D7
:10016000B7030008B7030008B7030008B703000887
:10017000B7030008B7030008B70300080000000039
:10018000B7030008B7030008511301086113010801
:10019000B7030008B7030008B7030008B703000857
:1001A000B7030008B7030008B70300080000000009
:1001B000B7030008B7030008B7030008B703000837
:1001C000B7030008B70300080000000000000000AB
:1001D0000000000000000000B7030008000000005D
:1001E000000000000000000000000000000000000F
:1001F0000000000000000000B7030008B70300087B
:10020000B7030008B703000800000000B7030008A8
:10021000B7030008B7030008B7030008B7030008D6
:10022000B703000800000000B7030008000000004A
:10023000B7030008B703000800000000B703000878
:10024000B7030008B7030008B7030008B7030008A6
:10025000B7030008B7030008B7030008B703000896
:10026000B7030008B7030008B7030008B703000886
:10027000B7030008B7030008B70300080000000038
:10028000B7030008B7030008B7030008B703000866
:1002900000000000B7030008B703000800000000DA
:1002A00000000000B7030008B7030008711301083D
:1002B000B7030008B7030008B70300088935000832
:1002C000B7030008B7030008B703000800F002F8FE
:1002D00000F052F814A696E8000CB244B344DA4594
:1002E00001D100F049F8BAE80F000FA696E83000F7
:1002F000A5EB040504EB0607AAEB0704A7F1010729
:100300004FEA15154FEA3414A4F10104AC4201D3AD
:1003100000F032F813F0010F18BFFB1A43F001038D
:1003200000F001F8DBE71847148001003480010079
:10033000103A24BF78C878C1FAD8520724BF30C811
:1003400030C144BF04680C60704700007047000073
:100350000023002400250026103A28BF78C1FBD8CE
:10036000520728BF30C148BF0B6070471FB517F058
:10037000A1FD1FBD10B510BD00F0C2F91146FFF779
:10038000F5FF14F081FC00F0E0F903B4FFF7F2FF91
:1003900003BC00F0E3F900000A4880470A488047A0
:1003A0000A480047FEE7FEE7FEE7FEE7FEE7FEE756
:1003B000FEE7FEE7FEE7FEE705480649064A074B6B
:1003C0007047000039350008E1100108CD0200082F
:1003D000C03E0124C0500124C0400124C04001247B
:1003E00053EA020C00F069802DE9F04B4FF0000653
:1003F000002B1FBFB3FA83F503FA05F424FA05F6C0
:100400005E4012BF1643B2FA82F502FA05F4C5F156
:1004100020051EBF22FA05FC44EA0C04203556EAEA
:10042000044C4FEA144418BF641C4FF000084FF00E
:100430000009904271EB030C39D3002919BFB1FABE
:1004400081F701FA07F6B0FA80F700FA07F6C7F16C
:1004500020071EBF20FA07FC46EA0C062037B6FB31
:10046000F4FCA7EB0507103F07F01F0BCBF12006AC
:100470002CFA06F60CFA0BFB44BFB3460026202FDD
:10048000A4BF5E464FF0000B5BEA060C08BF4FF0BE
:10049000010B19EB0B0948EB0608ABFB027C06FBD2
:1004A00002CC0BFB03CCC01B71EB0C01C1E70B466C
:1004B000024641464846BDE8F08B13B5084318BFD5
:1004C0004FF0FF300146AFF30080BDE81C4070479D
:1004D00053EA020C23D010B54C1084EA530404D51F
:1004E0004042C1F1000138BF491E1B4204D55242AF
:1004F000C3F1000338BF5B1EFFF772FF14F0804F9B
:1005000004D04042C1F1000138BF491E14F0004F31
:1005100004D05242C3F1000338BF5B1E10BD13B5B7
:1005200040424FF0000070EB0104B8BF012001F021
:10053000004100281CBF6FF000414FF0FF30AFF3C7
:1005400000801CBD032A40F2308010F0030C00F044
:10055000158011F8013BBCF1020F624498BF11F8FD
:1005600001CB00F8013B38BF11F8013BA2F10402B6
:1005700098BF00F801CB38BF00F8013B11F003032E
:1005800000F02580083AC0F0088051F8043B083A92
:1005900051F804CBA0E80810F5E7121D5CBF51F834
:1005A000043B40F8043BAFF30080D20724BF11F8AE
:1005B000013B11F801CB48BF11F8012B24BF00F813
:1005C000013B00F801CB48BF00F8012B704710B584
:1005D000203AC0F00B80B1E81850A0E81850B1E8FC
:1005E0001850A0E81850203ABFF4F5AF5FEA027C3B
:1005F00024BFB1E81850A0E8185044BF18C918C06B
:10060000BDE810405FEA827C24BF51F8043B40F80B
:10061000043B08BF7047D20728BF31F8023B48BFF0
:1006200011F8012B28BF20F8023B48BF00F8012B2E
:10063000704702F0FF0343EA032242EA024200F05D
:1006400024B84FF000020429C0F0128010F0030C0F
:1006500000F01B80CCF1040CBCF1020F18BF00F8B5
:10066000012BA8BF20F8022BA1EB0C0100F00DB864
:100670005FEAC17C24BF00F8012B00F8012B48BFC2
:1006800000F8012B70474FF0000200B51346944666
:100690009646203922BFA0E80C50A0E80C50B1F1DA
:1006A0002001BFF4F7AF090728BFA0E80C5048BFEE
:1006B0000CC05DF804EB890028BF40F8042B08BF8C
:1006C000704748BF20F8022B11F0804F18BF00F888
:1006D000012B704770477047704710B500F008F85D
:1006E000006810BD10B5044600F002F8046010BDAB
:1006F00000487047700000240048704770000024D4
:100700007546FFF7F9FFAE4605006946534620F0EF
:100710000700854618B020B5FFF74EFEBDE8204023
:100720004FF000064FF000074FF000084FF0000BAD
:10073000AC46ACE8C009ACE8C009ACE8C009ACE81C
:10074000C00921F007018D46704710B50446AFF38C
:1007500000802046BDE81040FFF717BE0149182071
:10076000ABBEFEE72600020070470000000000005C
:10077000072801D90120704740F21001C2F2004160
:10078000087000207047000070B584B012F014FEAD
:1007900040F21425C2F2004520B1E97819B90021D0
:1007A000A5F80510E8702879F0B105F069FF2979FE
:1007B00004464A1E072A00F24281DFE812F00900CF
:1007C000AD0081008D007500F7000301A50000BF9A
:1007D00012F006FE002800F031810020A871287078
:1007E000A88004B070BD00BF40F21006EFF3108087
:1007F000C2F2004672B600284FF0FF003478307025
:1008000004D0FF2C05D104B070BD00BF62B6FF2C30
:10081000F9D0072C36D0022C0AD112F095FD002811
:1008200036D09FEDC20A12F093FE287004B070BD5E
:1008300012F0C2FD60B3072CE5D8DFE814F00B001E
:100840001F0109000F01470157013701230000BFB5
:10085000E7E700BF6879012840F06081A8790128A6
:1008600040F05C819FEDB40AF0EE400AB0EE401A11
:10087000F0EE401A13F000FC00282870C3D10120CC
:1008800042E100BF12F0E8FB287004B070BD00BF69
:10089000EFF3108072B63178FF2908BF347000285A
:1008A000B1D162B604B070BD12F006FF002800F0AE
:1008B000C580002028704FF40070A88004B070BD7F
:1008C00012F0FAFE002800F0B98012F0B9FE28708C
:1008D00098B90420ABE000BF12F0B6FC022800F08B
:1008E000AD80002878D19FED8F0AF0EE400A13F01A
:1008F00043FC0028287000F099800020287104B083
:10090000BDE8704013F0B4BC12F0BAFB002800F050
:10091000958003205AE000BF684612F019FC0028B9
:1009200000F08C8095ED020A0021B5EE400A9DEDA5
:10093000002A9FED7D1A0022F1EE10FA4FF0000020
:10094000B4EE412A08BF0121F1EE10FA9DED012A13
:10095000A8BF0122B4EE412AF1EE10FAA8BF01208F
:1009600011400840012804D1B1EE000A4FF0814146
:10097000A960D5ED030AF5EE400AF1EE10FA31D187
:100980009DED022AB4EE412AF1EE10FA2ADB9DED2C
:10099000032AB4EE412AF1EE10FA23DB0020F0EE38
:1009A000080AC4F24000E8601DE000BF12F084FEB7
:1009B000002843D0002028704FF44070A88004B075
:1009C00070BD00BF12F05CFBC0B30220A871002014
:1009D0002870287104B070BD28700020287113F0B1
:1009E00047FC2BE020B113F007FB08B101202EE0FB
:1009F00012F0F6FC10B3B1EE000A95ED021AB4EE57
:100A0000401AF1EE10FA19D1B0EE080A95ED031A6A
:100A1000B4EE401AF1EE10FA10D10120A8710020B6
:100A200028704FF48070A88008E000BF052028716E
:100A300005F026FE41F28831084428612979002911
:100A40003FF4E1AE2869201A3FF5DDAE032028709F
:100A50000020287113F00CFC04B070BD68790128E7
:100A60005CD19FED320AF0EE400A13F085FB0028BE
:100A700028707FF4C8AE032046E000BFA8796979EA
:100A8000C0B208434AD1DFED2A0A00209FED290AAF
:100A9000B0EE601AF0EE401AC5E9020013F0ECFA6D
:100AA000002828707FF4AFAE02202DE0A87902283C
:100AB00034D19FED1F0ADFED1F0A13F01DFA002845
:100AC00028707FF4A0AE08201EE000BF68790228DD
:100AD00024D19FED180ADFED160A13F04DFB002814
:100AE00028707FF490AE06200EE000BFA8790128A0
:100AF00014D19FED0C0AF0EE400A13F0FDF9002826
:100B000028707FF480AE0720287105F0B9FD41F20E
:100B100088310844286104B070BD00BF01202870EE
:100B200004B070BD0000B4420000C0420000B443F5
:100B300000003943000037430000000000000000BF
:100B400040F21422002818BF0120C2F200420029FE
:100B5000507018BF01219170704700000000000024
:100B6000FEE7000000000000F0B583B0002863D06D
:100B7000044690F82F0001285ED194F82C1000292B
:100B800050D0D4F824C0201D01F0030E04294FF0EA
:100B900000034FF000055BD2BEF1000F42D005EB21
:100BA00005110CEB810191F82020A2F1090313F14A
:100BB000080F0BD300EB820252F8042C32B1002351
:100BC0001377C2E90333938582F84230BEF1010FF7
:100BD00028D091F86420A2F1090313F1080F0BD378
:100BE00000EB820252F8042C32B100231377C2E9E1
:100BF0000333938582F84230BEF1020F12D091F890
:100C0000A810A1F1090212F1080F0BD300EB81002B
:100C100050F8040C30B100210177C0E9031181853F
:100C200080F8421094F82D0050B16068002863D01D
:100C3000808D010A62E000BF0125284603B0F0BDA7
:100C4000002594F82E00012800F08E80C5E000BF3A
:100C500001F0FC020CF1EC0105E000BF043501F5E8
:100C60008871AA4298D011F8CC6CA6F1090717F147
:100C7000080F0AD300EB860656F8046C2EB1C6E9BD
:100C800003333377B38586F8423011F8886CA6F1C8
:100C9000090717F1080F0AD300EB860656F8046C13
:100CA0002EB1C6E903333377B38586F8423011F8A5
:100CB000446CA6F1090717F1080F0AD300EB86066A
:100CC00056F8046C2EB1C6E903333377B38586F842
:100CD00042300E78A6F1090717F1080FBED300EBDA
:100CE000860656F8046C002EB8D0C6E90333337775
:100CF000B38586F84230B1E700200021A2688DF864
:100D000004108DF805001AB1908D010A02E000BFB1
:100D100000200021E2688DF806108DF807001AB156
:100D2000908D010A02E000BF0020002122698DF8A9
:100D300008108DF809001AB1908D010A02E000BF79
:100D4000002000218DF80A1001AA8DF80B00206800
:100D50004FF4007110F008F90546002818BF01256E
:100D600094F82E00012838D1606918B1808D010AED
:100D700002E000BF00200021A2698DF804108DF868
:100D800005001AB1908D010A02E000BF0020002189
:100D9000E2698DF806108DF807001AB1908D010AEE
:100DA00002E000BF00200021226A8DF808108DF8B3
:100DB00009001AB1908D010A02E000BF0020002155
:100DC0008DF80A1001AA8DF80B00206840F2FF117F
:100DD00010F0CAF8002818BF012505F051FCA062E8
:100DE000284603B0F0BD0000844600284FF0000004
:100DF0001FD0A1F1090313F1080F1AD3CAB15CF88F
:100E00002110002908BF7047D1F82A008B6B1360AE
:100E10004B6B5360CB6BC2E90203B1F84000108208
:100E200091F84200D074411EB1FA81F148099074E2
:100E300001207047000000002DE9F04F83B01446F8
:100E40000122002818BF002904D1104603B0BDE8D4
:100E5000F08F00BFDDF83080A8F1090212F1080F11
:100E60004FF00102F1D3002BEFD0002C1CBF91F802
:100E700018725FEAC777E8D000F104090F462C2109
:100E8000029048461D46FFF7FEFB08EB08104FEAAC
:100E9000800B20465946FFF7F6FB029948F2000EF8
:100EA0004FF0000C01F12D0A0F600835C1E9094C23
:100EB00081F82C809FED4D0A9FED4D1AC4F23B5EE8
:100EC0000021019715F8087C7A1ED3B2072B00F297
:100ED000878015F8078CB8F1FF0F02D0B8F1010F29
:100EE0007ED115ED012AB0EEC22AB4EE402AF1EE11
:100EF00010FA75DC95ED002AB0EEC23AB4EE403A35
:100F0000F1EE10FA6CDC95ED013AB0EEC34AB4EEA6
:100F1000404AF1EE10FA63DC95ED024A0122B0EE90
:100F2000C45AB4EE405AF1EE10FA8EDCB5EE402A07
:100F3000F1EE10FAFFF689AFB5EE403AF1EE10FA95
:100F4000A4BFB5EE404AF1EE10FAFFF67EAFB4EE64
:100F5000412AF1EE10FA3FF778AFB4EE413AF1EEE4
:100F600010FADCBFB4EE414AF1EE10FA3FF76DAF74
:100F700059F82320A2BB621882F8207082F82180E1
:100F8000D5E90076A8686750C2E9016055F8040CFD
:100F90001063980844318B4505F11405C2E905EE4C
:100FA00082F842C049F823204FF001020AF80020DD
:100FB0007FF488AF44F6F131C0F60101DDE90102AA
:100FC0000FF0E2FD029900284FF001027FF43DAFDF
:100FD00081F82F200022104603B0BDE8F08F00BF3B
:100FE0000122104603B0BDE8F08F00BFFFFF7F7FF6
:100FF00000401C4600000000002800F0348190F8FA
:101000002F20012A40F02F81826A8A1A022A38BFD3
:101010007047F0B583B090F82C208162002A00F070
:10102000AB8002EB0212D0F824C0930000229FEDA7
:101030008E0A4FF0010E9FED8D1A00249FED8D2A30
:101040009FED8B3A9FED8C4A0CEB0405B5F92860B7
:1010500095ED095AB8EEC55A06EE106A95F9216069
:1010600025EE017A05EE106AB8EEC66A95F8406082
:10107000B8EEC55A012E86EE006A87EE007A66EE5B
:10108000050A27EE056AC5ED0D0A85ED0E6A23D126
:10109000EE6B00278E1B152E38BF0127142E85F806
:1010A00041701BD895F84260012E17D195ED0C7A4E
:1010B00037EE466AB0EEC67AB4EE427AF1EE10FA36
:1010C0000CDB2E7F012E23D195ED047A36EE477A84
:1010D00087EE047A20E000BF85F84120EA60B0EE98
:1010E000435A2A612A7795ED066A4434B1EE467A6E
:1010F000B4EE465AF1EE10FA85FE077A36FE075A2C
:10110000A342BDEEC55A15EE106AAE859CD133E000
:10111000B0EE437A85F81CE0D5ED010A85ED046A4E
:1011200066EE200AD5ED031AE0EE841AD5ED050A25
:10113000F1EE602AC1FEA22AF4EE601AD5ED001A83
:10114000F1EE10FA70FEA20AC5ED030AE1EE860A7E
:10115000D5ED021AE1EE870A95ED067AF1EE471A0F
:10116000C0FEA11AF4EE470AF1EE10FA37FE217A1A
:1011700027EE055AB7E700BF90F82D10B9B34168C4
:1011800011B1898D0A0A01E00021002283688DF8DF
:1011900004208DF805101BB1998D0A0A02E000BFEA
:1011A00000210022C3688DF806208DF807101BB1BE
:1011B000998D0A0A02E000BF0021002203698DF820
:1011C00008208DF809101BB1998D0A0A02E000BFB2
:1011D0000021002203688DF80A208DF80B1001AA67
:1011E0004FF40071044618460FF0BEFE204690F8FA
:1011F0002E10012934D1416911B1898D0A0A01E00B
:101200000021002283698DF804208DF805101BB1A0
:10121000998D0A0A02E000BF00210022C3698DF8FF
:1012200006208DF807101BB1998D0A0A02E000BF55
:1012300000210022036A8DF808208DF809101BB1E7
:10124000998D0A0A02E000BF002100228DF80A20D1
:1012500000688DF80B1001AA40F2FF110FF084FE18
:1012600003B0BDE8F0407047000010420000343D7C
:1012700000000000CDCC4C3E6F12033B000000008C
:10128000024600284FF0010016D0A1F1090313F126
:10129000080F38BF704752F8211069B1B0EEC01A7C
:1012A0009FED062AB4EE421AF1EE10FADEBF81ED90
:1012B0000C0A81F842000020704700BFFFFF7F7FCB
:1012C00000285CD090F82F10012958D190F82C10EC
:1012D000002908BF704770B5D0F824C0043001F071
:1012E000030E04294FF000034FF0000248D2BEF174
:1012F000000F42D002EB02110CEB810191F820208B
:10130000A2F1090313F1080F0BD300EB820252F88C
:10131000042C32B100231377C2E90333938582F89A
:101320004230BEF1010F28D091F86420A2F10903E8
:1013300013F1080F0BD300EB820252F8042C32B1E8
:1013400000231377C2E90333938582F84230BEF15C
:10135000020F12D091F8A810A1F1090212F1080FA2
:101360000BD300EB810050F8040C30B10021017761
:10137000C0E90311818580F84210BDE870407047D4
:1013800001F0FC010CF1EC0405E000BF043204F5AF
:1013900088749142ABD014F8CC5CA5F1090616F123
:1013A000080F0AD300EB850555F8045C2DB1C5E99B
:1013B00003332B77AB8585F8423014F8885CA5F1B0
:1013C000090616F1080F0AD300EB850555F8045CF1
:1013D0002DB1C5E903332B77AB8585F8423014F87E
:1013E000445CA5F1090616F1080F0AD300EB850548
:1013F00055F8045C2DB1C5E903332B77AB8585F82F
:1014000042302578A5F1090616F1080FBED300EB8E
:10141000850555F8045C002DB8D0C5E903332B775A
:10142000AB8585F84230B1E72DE9F04F81B000EE91
:10143000102A9FED7D1A0F18401A1C46B8EEC00AFC
:1014400020EE010ABDEEC00A10EE102A17EB0209C9
:1014500000EB02064D46A0EB020A3046A7EB020B5A
:1014600048BFC9F10005002E48BF7042A84288BF9E
:1014700005465046BAF1000F48BFCAF10000A84225
:1014800088BF05465846BBF1000F48BFCBF10000AE
:10149000A84288BF0546B5F57A6F49D900206F0884
:1014A00000945C46B0EB550B4FF47A6260F1000893
:1014B0003846B9F1000F08EAE97148BF58460023E1
:1014C000C9FB02012A464FF47A69FFF701F83A4650
:1014D000002E48BF5A4608EAE6710023C6FB0921E0
:1014E00081464FF47A6610462A46FEF7F1FF3A46E7
:1014F000BAF1000F48BF5A4608EAEA710023CAFB56
:10150000062106464FF47A6A10462A46FEF7E0FFA7
:10151000002C224648BF5F4608EAE2710023C2FB66
:101520000A7182462A46009C3846FEF7D1FF834660
:10153000A0084A2858D84FEAE970A9FB041200FB1A
:10154000042296204FF09608002A4FEAE27348BF23
:101550006FF09500401843EB02014FF496720023A0
:10156000FEF7B6FFF117A6FB042301FB0431962317
:10157000814600294FEAE17648BF6FF095039F1836
:101580004FF49672714100233846FEF7A1FF4FEAEF
:10159000EA71AAFB042301FB0431962306460029C5
:1015A0004FEAE17548BF6FF095039F184FF49672AC
:1015B000694100233846FEF78BFF4FEAEB71ABFB26
:1015C000042301FB0431824600294FEAE17348BF3E
:1015D0006FF0950818EB02074FF4967259410023FB
:1015E0003846FEF775FF834640F238454946C2F259
:1015F0000045284613F09CF858B905F12C003146F7
:1016000013F096F828B905F15800514613F090F8F8
:1016100010B101B0BDE8F08F05F18400594601B06A
:10162000BDE8F04F13F084B89A99D940000000004B
:1016300003280FD840F22822C2F2004252784AB161
:1016400040F238422C23C2F2004210FB032012F079
:101650007FBF00BF002070472DE9F04740F22826E9
:10166000C2F20046707818B10020BDE8F08700BFD4
:1016700006F1240440F65051C2F20041204612F017
:1016800007FE18B10120BDE8F08700BF40F23845E1
:1016900048F28807C2F20045C0F6010728462146F5
:1016A0003A4612F071FFD0B905F12C0A07F1100289
:1016B0005046214612F068FF88B905F1580807F135
:1016C00020024046214612F05FFF40B905F184092F
:1016D00007F130024846214612F056FF30B120464D
:1016E00012F022FF0120BDE8F08700BF002030701B
:1016F00004F0C6FFF06001207070284612F0E8FF89
:10170000504612F0E5FF404612F0E2FF484612F064
:10171000DFFF0020BDE8F0872DE9F04F87B040F2F1
:10172000282BC2F2004B9BF80100012840F01781E2
:1017300004F0A6FF0BF124060446304612F024FE06
:1017400040F238454FF00008C2F200450DF1110794
:1017500005F12C0A05F1580905F18400039004E015
:10176000B8F11F0F08F1010822D23046394612F0B5
:10177000D7FD02281CD00028F2D12846394622463F
:1017800012F036FF0028EBD150463946224612F0BF
:101790002FFF0028E4D148463946224612F028FFA0
:1017A0000028DDD103983946224612F021FFD7E701
:1017B0002846214612F0E0FF5046214612F0DCFF99
:1017C0004846214612F0D8FF0398214612F0D4FF74
:1017D000EFF3108072B6BBF90470BBF90660BBF979
:1017E00008209BF8023000B962B647EA06001043B1
:1017F00080B2002818BF01209BF80010A3B1042973
:1018000028D1EFF3108072B6BBF8041041B9BBF8D1
:10181000061029B9BBF8081011B900218BF8021085
:1018200000283BD162B639E0042900F27F80DFE86E
:1018300001F0035337412F0058BB00200021002244
:1018400008F02EF90246002000214FF49673FFF7AE
:10185000EBFD71E040F238460021C2F2004630460E
:1018600012F066FF80B906F12C00002112F060FF33
:1018700050B906F15800002112F05AFF20B906F1C4
:101880008400002112F054FF04208BF8000058E07F
:1018900020B1CBF8104001204CE000BF002049E00F
:1018A00090B33846314608F0FBF802464FF4967381
:1018B0000DE000BF002855D001208BF8000038460D
:1018C0003146CBF8104008F0EBF8024600233846CA
:1018D0003146FFF7A9FD2FE0B0B1DBF8100031462B
:1018E000A4EB0008384608F0DBF8B8F5967F02460E
:1018F00004D34FF4967802208BF800003846314626
:101900004346FFF791FD17E0CBF810406869CBF82C
:101910001400286CCBF81800E86ECBF81C00D5F842
:101920009800CBF82000032004E000BF01208BF8D2
:10193000020004208BF80000DBF80C00201A0A28B3
:101940000DD32846CBF80C4012F0C2FE504612F0E0
:10195000BFFE484612F0BCFE039812F0B9FE07B075
:10196000BDE8F08FDBF81010601AC82804D30027F8
:101970008BF800700AE000BF8C4205D1DBE90580DE
:101980000190DBE9076050E0C0F1C807DBF81420E4
:10199000DBF81880DBF81C30019382FB0701642020
:1019A000002300294FEAE17148BF6FF06300C2FBDA
:1019B0000701DBF820200292C822FEF789FD88FB90
:1019C000071264260023002A4FEAE27148BF6FF035
:1019D0006306C822C8FB076180463046FEF778FDE3
:1019E000019B642683FB0712002A4FEAE27148BF7D
:1019F0006FF063060190C822C3FB076100233046E5
:101A0000FEF766FD029E642386FB0712002A4FEA5A
:101A1000E27148BF6FF06303C822C6FB0731064678
:101A20001F4600233846FEF753FD40F23847029028
:101A3000C2F200474146384612F07AFE00287FF491
:101A40007BAF07F12C00019912F072FE00287FF4A1
:101A500073AF07F15800314612F06AFE00287FF498
:101A60006BAF07F18400029912F062FE64E7000098
:101A700040F2282CC2F2004C9CF80130012B19D105
:101A800089B283B2EFF3108092B272B6ACF8043030
:101A90000B43ACF8061053EA0201ACF808201CBF57
:101AA00000218CF8021000281CBF0020704762B68D
:101AB000002070470120704740F22820C2F2004009
:101AC000417801290ED1EFF3108172B600294FF051
:101AD000000282804FF00101C2800281817018BF34
:101AE000704762B67047000040F25421C2F20041D4
:101AF000CA681AB1904204BF012088717047000083
:101B000060B1B0B540F25424C2F2004421780129FA
:101B100006D1E168081A18BF0120B0BD0120704746
:101B2000E0600022C4F81A20FF21C4F81E2001251D
:101B300084F82220A282E2822283A170611C2261A9
:101B4000E27022716271A271A4F807206272012210
:101B5000258007F0F9FD00280CBF0020A571B0BD5D
:101B600070B582B040F25425C2F20045E868002802
:101B700048D0A97901290FD10024AC7106F014FDD9
:101B8000E868A5F807406C7220B1691C012207F0D3
:101B9000DBFD08B10120A871EFF3108172B6E8787F
:101BA00001280AD1AA8AADF80220EA8AADF80420F9
:101BB0002A8BADF806200022EA702E79012E05D17D
:101BC000AC7800222A7121B902E000BFFF2401B9DC
:101BD00062B6C8B916B12046FEF7CAFDE86808F03B
:101BE000CBFCE86800F014FC04F04AFD6979012997
:101BF00008D12969401AB0F5FA7F03D9002068712D
:101C0000FFF75AFF02B070BD0DF10200811C021DEA
:101C10000BF072FEBDF90200BDF90620BDF90410FB
:101C2000FFF726FF002ED6D1D8E700000000000005
:101C3000F0B581B040F25424C2F20044E368002BB6
:101C40006ED098426CD1607A6178022810D0012859
:101C50004AD101F0FE005A284CD10322E17602203D
:101C60005A29E07108BF09226072227250E000BF59
:101C7000E07994F808C025180130C2B2E0716245DD
:101C8000A97645D3E07E5B2838D05A283CD194F819
:101C90001CC094F82270627F94F81EE0E07F82EA14
:101CA0000C0181EA0E0594F8201085EA000694F8EC
:101CB00021504E406E40B74226D14CEA0222A28209
:101CC0004EEA0020E08241EA0520208304F0D8FC9F
:101CD00020610120E070E36860714FF00000A4F81B
:101CE00007006072A3B919E0A52911D1A520A0763B
:101CF00001200CE0A52907D10AE000BF207F0728BA
:101D000002D8A070012020710020A4F807006072A2
:101D1000611C0122184607F017FD08B10120A071CF
:101D200001B0F0BD0000000040F66040C2F200408B
:101D300002F066B90000000040F6D840C2F2004050
:101D400002F05EB90000000040F67030C2F20040C0
:101D500002F056B90000000040F6E830C2F2004040
:101D600002F04EB90000000040F62800C2F2004028
:101D700002F046B90000000040F2B070C2F200402C
:101D800002F03EB90000000040F6A000C2F20040A0
:101D900002F036B90000000040F61810C2F2004010
:101DA00002F02EB90000000040F68020C2F2004090
:101DB00002F026B90000000040F6F820C2F2004010
:101DC00002F01EB90000000040F69010C2F2004080
:101DD00002F016B90000000040F60820C2F20040F0
:101DE00002F00EB90000000040F20F42D0F800C02F
:101DF000C4F20202944511DC6F22C4F2020294453F
:101E000022DC3F22C4F20202944539DC1022C4F2E3
:101E1000020294455AD0282254E000BF40F26F429B
:101E2000C4F2020294451BDC40F23F42C4F20202BB
:101E300094452DDC40F21042C4F20202944545D094
:101E400040F228423EE000BF9F22C4F202029445C5
:101E500028DC7022C4F20202944537D0882231E097
:101E600040F29F42C4F20202944523DC40F27042E9
:101E7000C4F20202944529D040F2884222E000BF19
:101E80004022C4F20202944520D058221AE000BF3A
:101E900040F24042C4F20202944517D040F2584248
:101EA00010E000BFA022C4F2020294450ED0B82276
:101EB00008E000BF40F2B842C4F20202944505D0E7
:101EC00040F2A042C4F20202944517D10CF0F8028D
:101ED0004AF6AB23103ACAF6AA23A2FB03310AA39F
:101EE0005F2AC1F302115B5C40F2FF312CEA010171
:101EF000C36588BF04318165084670472CF0FF0137
:101F000081650846704700BF0006101600061016CF
:101F100070B540F26F44D0F800C0C4F20204D0F8AB
:101F200058E0A4451ADC9F25C4F20205AC4533DC19
:101F30005725C4F20205AC455ADC1025C4F202054F
:101F4000AC4500F098802825C4F20205AC4500F0AD
:101F500092804025C4F202058AE000BF45F22F4579
:101F6000C5F60205AC452DDC40F2B745C4F20205CA
:101F7000AC454BDC40F27045C4F20205AC457AD06A
:101F800040F28845C4F20205AC4574D040F2A04549
:101F9000C4F202056CE000BF40F22745C4F202051E
:101FA000AC4543DCA025C4F20205AC4563D0B8259E
:101FB000C4F20205AC455ED040F21045C4F2020501
:101FC00056E000BF45F26B45C5F60205AC453FDC67
:101FD00045F23045C5F60205AC454CD045F24445C6
:101FE000C5F60205AC4546D045F258453EE000BF77
:101FF0005825C4F20205AC453DD07025C4F2020557
:10200000AC4538D08825C4F2020531E040F2B8452D
:10201000C4F20205AC452ED045F20845C5F60205CE
:10202000AC4528D045F21C4520E000BF40F22845D1
:10203000C4F20205AC451ED040F24045C4F2020590
:10204000AC4518D040F25845C4F2020510E000BF7C
:1020500045F26C45C5F60205AC450CD045F29445F9
:10206000C5F60205AC4506D045F28045C5F6020529
:10207000AC4540F0D080456EC66E002E866E6E6018
:102080001CBFD0E91C566E60A44515DC9F24C4F229
:102090000204A4452CDC5724C4F20204A44551DCFC
:1020A0001024C4F20204A4457AD02824C4F2020405
:1020B000A44575D040246FE045F22F44C5F60204D4
:1020C000A44529DC40F2B744C4F20204A44545DC2F
:1020D00040F27044C4F20204A44561D040F2884446
:1020E000C4F20204A4455BD040F2A04454E000BF17
:1020F00040F22744C4F20204A4453FDCA024C4F209
:102100000204A4454CD0B824C4F20204A44547D02C
:1021100040F2104440E000BF45F26B44C5F60204B3
:10212000A44555DC45F23044C5F60204A44561D00F
:1021300045F24444C5F60204A4455BD045F2584438
:1021400054E000BF5824C4F20204A44528D07024EF
:10215000C4F20204A44523D088241DE040F2B84410
:10216000C4F20204A4451BD045F20844C5F602049B
:10217000A4453FD045F21C4438E000BF40F228445B
:10218000C4F20204A4450BD040F24044C4F202045D
:10219000A44505D040F25844C4F20204A4453AD103
:1021A0008468C06D00F01F003F2505FA00F0CEF8EE
:1021B0000800DCF80000402C20F48020CCF800005F
:1021C000CCF8043023D1CCF80820CCF80C1070BD2A
:1021D00045F26C44C5F60204A4450BD045F2804498
:1021E000C5F60204A44505D045F29444C5F60204A0
:1021F000A44510D1C46D012504F01F04806805FAC0
:1022000004F4CEF804404028CCF80430DBD0CCF8FD
:102210000810CCF80C2070BD40F27821C2F20041C9
:102220004A681AB1904204BF0120C8737047000089
:1022300060B1B0B540F27824C2F20044217801299F
:1022400006D16168081A18BF0120B0BD012070478F
:1022500060600021E1730122A1730125A182216147
:10226000A175E17584F82410216284F8251084F8A2
:102270002610A183A161A177E17784F82C10A162D7
:1022800084F82D1084F82E1004F10801257007F051
:102290005BFA18B10120E573B0BD00BF0020B0BDEE
:1022A000B0B540F27824C2F200446068002842D001
:1022B000E17B59B10021E173A17304F1080101220E
:1022C000012507F041FA002818BFE57304F0D8F99A
:1022D000A17D31B12169411AB1F5FA7F01D90021FF
:1022E000A17594F8251061B1216A411AB1F5FA7F00
:1022F00007D9002184F8251084F82410012184F8DE
:102300002610A17F31B1A169411AB1F5FA7F01D937
:102310000021A17794F82D1069B1A16A401AB0F597
:10232000FA7F98BFB0BD002084F82D0084F82C00FF
:10233000012084F82E00B0BDF0B581B040F27824C1
:10234000C2F200446368002B5DD098425BD1A17B50
:10235000207A99B321444872A07B0130A073C1B2A6
:10236000052947D3A67AA6F1420010F1020F3DD30A
:10237000607A277BE57A627B80EA060169407940D2
:102380008A4233D1AA2805D0AB282FD145EA0720AD
:1023900001282BD804F074F9617AAA2918D1B6F172
:1023A000400145EA072218BF012104EBC1018A82DE
:1023B000086101208875C87518E000BF00F0FE01B3
:1023C000AA2917D1607201206368A07393B918E03D
:1023D000B6F1400118BF012104EBC10181F824507E
:1023E0000862012081F8250081F82600002063683A
:1023F000A07333B104F108010122184607F0A4F9D3
:1024000008B10120E07301B0F0BD00000000000041
:10241000002808BF704770B58EB040F27822EFF305
:10242000108CC2F2004272B60646002410690B906E
:10243000908ABCF1000FADF82800907D8DF8260041
:10244000D07D8DF82500116A059192F824108DF841
:10245000101092F825108DF80F1092F826108DF8B4
:102460000E1092F827108DF80910D47582F82640C6
:1024700091690891938BADF81C30917F8DF81A10FB
:10248000D17F8DF81910956ACDF80A5092F82C502A
:102490008DF8085092F82D508DF8075092F82E5074
:1024A0008DF8065092F82F508DF80550D47782F8A9
:1024B0002E4000D162B6B9B144F2AA10ADF8330093
:1024C000180A8DF8360083EA13208DF8353080F035
:1024D000EB008DF837000DF133010522142330464F
:1024E00007F09AF99DF82500B8B1BDF8280044F22C
:1024F000AA01ADF8331005228DF83500010A80EAF3
:1025000010208DF8361080F0EA008DF837000DF1BC
:1025100033011423304607F07FF99DF80600A8B177
:102520009DF8080044F2AB11ADF8331000218DF88E
:10253000350080F0EA008DF836100DF133018DF88A
:10254000370005221423304607F066F99DF80E0087
:10255000A8B19DF8100044F2AB01ADF83310002192
:102560008DF8350080F0EB008DF836100DF1330159
:102570008DF8370005221423304607F04DF90EB0D0
:10258000BDE8704070470000704700000000000088
:10259000F0B583B040B390F8C532012B24D190F848
:1025A000C4320BB3013B00268519AF888F421FD080
:1025B000D3B1B5F85C708F422CD0012B14D0B5F894
:1025C000B4708F4246D0022B0ED0B5F80C718F42FA
:1025D00046D0043B06F5B0765F1C4FF00105E3D111
:1025E000284603B0F0BD00BF0125284603B0F0BD6A
:1025F0002C1D9AB194F8520000284FF0010084F885
:10260000510002D1002084F850000025656428465E
:1026100003B0F0BD05F15C04002AEBD16E4607461D
:10262000002084F851002046314600F039FD05466F
:1026300050B9BDF800103868F21C0EF095FC054644
:10264000022818BF032588B184F84150284603B0FA
:10265000F0BD00BF05F1B404002ADFD0CAE700BF17
:1026600005F58674002AC5D1D8E700BF002584F897
:10267000415084F8505004F003F8643060642846F8
:1026800003B0F0BD00000000F0B587B060B3002BD0
:102690004FF000041CBF90F8C5725FEAC77703D102
:1026A000204607B0F0BD00BF90F8C462002EF7D0FE
:1026B000013E87888F421BD0B6B1B0F85C708F4264
:1026C0001AD0012E10D0B0F8B4708F4218D0022E5C
:1026D0000AD0B0F80C718F4216D0043E00F5B070ED
:1026E000771CE6D1DCE700BF0024204607B0F0BD30
:1026F0001546041D0BE000BF154600F15C0406E022
:10270000154600F1B40402E0154600F5867401A9EF
:10271000204600261F46C3E90066C3E90266C3E9F6
:102720000466C3E9066600F03BFE3946787670B36E
:1027300094F940009DED010A9FED1B1A9DED022AC0
:1027400080EE010A04EE100A9FED181A9DED033A7F
:1027500004AB20EE010AB8EEC44A22EE011A9FED46
:10276000142A23EE022A20EE040A21EE041A81ED37
:10277000000A22EE040A81ED011A0DCBC860A81AE6
:1027800081ED020A33280A6138BF01264B618E763B
:10279000B4F85100A1F81B0094F841000124087618
:1027A000204607B0F0BD00BF35FA8E3CE4380E3F3E
:1027B0006666E63F0000000040B390F8C522012A9B
:1027C00024D190F8C4220AB310B5531E82888A42DD
:1027D00024D0EBB1B0F85C208A4235D0012B17D061
:1027E000B0F8B4208A4249D0022B11D0B0F80C21A5
:1027F0008A424BD0043B00F5B0705A1C4FF00102E6
:10280000E4D1BDE810401046704700BF012070477A
:102810000122BDE810401046704700BF041D94F827
:102820005300012816D103F02BFFE16C401AC82891
:1028300018D30322002084F8530084F84120BDE817
:1028400010401046704700BF00F15C0494F853003C
:102850000128E8D094F8540050B10022BDE810409F
:10286000104670470222BDE810401046704700BF76
:1028700094F84120BDE810401046704700F1B404C0
:1028800094F853000128E5D1CDE700BF00F5867428
:1028900094F853000128C6D0DCE7000000000000D7
:1028A0002DE9F04F81B00124002818BF002903D181
:1028B000204601B0BDE8F08FA3F1090717F1080F1A
:1028C000F6D3002A1CBF91F818725FEAC777EFD0E1
:1028D0004FF0000C9FEDC00A4FF0000ECEEBCE047F
:1028E00002EB840898F80540FF2C01D0012C73D12D
:1028F00098ED021AB0EEC11AB4EE401AF1EE10FAD9
:102900006ADC98ED031AB0EEC11AB4EE401AF1EE8B
:1029100010FA61DC98ED041AB0EEC11AB4EE401A58
:10292000F1EE10FA58DC98ED051AB0EEC11AB4EECB
:10293000401AF1EE10FA4FDC98ED061AB0EEC11A0B
:10294000B4EE401AF1EE10FA46DCE1467646741C0D
:102950009C421DD202EB0905B8F80040AF8BBC4287
:102960003AD0B71C9F4213D22F8FBC4234D0F71CF1
:102970009F420DD2B5F85470BC422DD004369E4211
:1029800006D2B5F8705009F17009AC42DFD123E0EE
:102990000EF1010E0CF11C0C9E459FD100F1040BB1
:1029A0000D464FF431710646584617461C46FDF752
:1029B0006AFE39883B797A885846A8463560BA4617
:1029C000B146254686F8C44200F006FD50B10446E3
:1029D000204601B0BDE8F08F0124204601B0BDE8DB
:1029E000F08F00BF0AF1080709F13003DAE9056446
:1029F00086CF86C3C9E90F6448469AF80510012DB1
:102A000089F8441010D144F681210246C0F6010134
:102A100040460EF0B9F8002800F0D6800324204686
:102A200001B0BDE8F08F00BFBAF81C109AF8203052
:102A3000BAF81E205C3000F0CFFC0028C7D10AF1A4
:102A4000240709F18803DAE90C6486CF86C3C9E953
:102A5000256448469AF82110022D89F89C10D2D09E
:102A6000BAF838109AF83C30BAF83A20B43000F08E
:102A7000B3FC0028ABD10AF1400709F1E003DAE921
:102A8000136486CF86C3C9E93B6448469AF83D1073
:102A9000032D89F8F410B6D0BAF854109AF85830CB
:102AA000BAF8562000F5867000F096FC00288ED10A
:102AB0000AF15C0709F59C73DAE91A6486CF86C3CC
:102AC000C9E9516448469AF85910042D89F84C1107
:102AD00099D0BAF870109AF87430BAF8722000F5EC
:102AE000B27000F079FC00287FF471AF0AF178072A
:102AF00009F5C873DAE9216486CF86C3C9E967643A
:102B000048469AF87510052D89F8A4113FF47BAF5B
:102B1000BAF88C109AF89030BAF88E2000F5DE7072
:102B200000F05AFC00287FF452AF0AF1940709F52F
:102B3000F473DAE9286486CF86C3C9E97D64484620
:102B40009AF89110062D89F8FC113FF45CAFBAF8A1
:102B5000A8109AF8AC30BAF8AA2000F5057000F079
:102B60003BFC00287FF433AF0AF1B00709F510737E
:102B7000DAE92F6486CF86C3C9E9936448469AF898
:102B8000AD10072D89F854123FF43DAFBAF8C410C8
:102B90009AF8C830BAF8C62000F51B7000F01CFC8B
:102BA00000287FF414AF0AF1CC0709F5267CDAF887
:102BB000DC6048468ECF8CE88E00C9F8A8629AF88F
:102BC000C91089F8AC121EE70024012089F8C5025B
:102BD000204601B0BDE8F08FFFFF7F7F00000000BE
:102BE000002808BF70472DE9F04F81B02DED068B0E
:102BF0008AB0044690F8C502012840F0BD8094F8E0
:102C0000C402002800F0B88007AE0D46F71C4FF054
:102C100000099FED5D8A4FF0000A9FED5C9A4FF02E
:102C200000089FED5BAA01F164000190481C009030
:102C30000BE000BF8BF8450094F8C40208F10108CE
:102C40000AF1580A804580F0978004EB0A0B9BF844
:102C500055009BF8561000280BF1040046D0DBF815
:102C600048200029A5EB020162D00029E4D49BF89A
:102C700058100129E0D19BF944109BED0C1A9BEDF3
:102C80000D2A9BED0E3A00EE101ADBE90F12CDE98A
:102C90000512B8EEC00A02A9324621EE001A22EE51
:102CA000002A23EE000A21EE081A22EE092A20EE5D
:102CB0000A0A8DED032A21EE091A8DED040A8DED25
:102CC000021A00F02DFA0028B4D1BDF81C102068BB
:102CD0003A460EF049F90146022818BF03200029A0
:102CE000A8D100988BF8459042E000BF19B99BF835
:102CF00054100029A0D0DBF84810691A9CD4314642
:102D000000F0CEF9002895D1BDF81C1020683A4695
:102D10000EF02AF90146022818BF032000297FF48B
:102D200089AF00208BF845004FF000091DE000BF7F
:102D300000293FF581AF314600F0D2F900287FF439
:102D400079AFBDF81C1020683A460EF00DF9014627
:102D5000022818BF032000297FF46CAF9BF85400B1
:102D60008BF84590FF2802D001308BF85400019871
:102D7000CBF8480060E700BF0AB0BDEC068B01B09D
:102D8000BDE8F04F704700BF35FA8E3C6666E63FFF
:102D9000E4380E3F00000000D0B14FF00103C2B193
:102DA000B0B588B090F8C552ED070BD092ED000A8F
:102DB0009FED525AB0EEC01AB4EE451AF1EE10FA79
:102DC0000ADD012308B0BDE8B0401846704700BFD7
:102DD00001231846704700BF92ED011AB0EEC12AD8
:102DE000B4EE452AF1EE10FA3ADC92ED023AB0EE7A
:102DF000C32AB4EE452AF1EE10FA31DC92ED032A33
:102E0000B0EEC24AB4EE454AF1EE10FA28DC92ED7B
:102E1000044AB0EEC46AB4EE456AF1EE10FA1FDC63
:102E200090F8C432E3B15D1E83888B421ED0BDB1E1
:102E3000B0F85C308B421DD0012D11D0B0F8B43009
:102E40008B421BD0022D0BD0B0F80C318B4219D025
:102E5000043D00F5B0706B1C4FF00103E4D1B1E705
:102E6000012308B0BDE8B040184670471546041D60
:102E70000BE000BF154600F15C0406E0154600F1CA
:102E8000B40402E0154600F5867494F940009FED05
:102E90001C6A694605AA05EE100A20468DED032A34
:102EA0008DED044AB8EEC55A20EE050A21EE051A4A
:102EB00023EE053A9FED145A20EE060A9FED116AA3
:102EC00021EE061A8DED011A20EE060A8DED000A9C
:102ED00023EE050A8DED020A00F022F903460028D0
:102EE0007FF470AF04F12C0C2FCD8CE82F00002361
:102EF000636408B0BDE8B04018467047FFFF7F7FAD
:102F000035FA8E3C6666E63FE4380E3F000000006E
:102F1000F0B583B030B390F8C522012A22D190F8E1
:102F2000C422FAB1013A00230124C618B7888F429F
:102F30001CD0BAB1B6F85C708F421DD0012A11D0F6
:102F4000B6F8B4708F421DD0022A0BD0B6F80C71BF
:102F50008F421DD0043A03F5B073571CE5D12046CB
:102F600003B0F0BD0124204603B0F0BD351D95F837
:102F70005210C1B911E000BF06F15C0595F852107E
:102F800089B90AE006F1B40595F8521029B10AE0B2
:102F900006F5867595F8521029B995F8511011B9B2
:102FA00095F8531021B10224204603B0F0BD00BFB4
:102FB0006E4607462846314600F0D2F90446A8B9C5
:102FC0000024EC62A86AA86403F05AFBE8640120BC
:102FD000A5F85300BDF800103868F21C0DF0C4FFCE
:102FE0000146022818BF032118B10C46002085F8BD
:102FF000530085F84140204603B0F0BD00000000BA
:10300000002849D090F8C412002945D001F0030CE3
:1030100004294FF000034FF000021FD310B58908B8
:103020004FF4B07201FB02FE00210022441801F5AA
:10303000B0718E4502F1040284F85530A36484F81F
:10304000AD30C4F8A03084F80531C4F8F83084F805
:103050005D31C4F85031E9D1BDE81040BCF1000F3A
:103060001AD05821043002FB01010023BCF1010FEA
:1030700081F851304B640FD0BCF1020F81F8A930B8
:10308000C1F89C3008BF7047582102FB01000021A5
:1030900080F80111C0F8F410704700000000000033
:1030A000024600284FF0010018BF002900D17047E8
:1030B00013880020B0EBD32F02D00120704700BF4F
:1030C00088604860086012880A8008228A704FF081
:1030D000FF32C1F80320C1F80620FD228A72704732
:1030E000024600284FF0010018BF002900D17047A8
:1030F00013880020B0EBD32F02D00120704700BF0F
:1031000088604860086012880A8008228A704FF040
:10311000FF32C1F80320C1F80620FC228A727047F2
:10312000034600284FF0010018BF002900D1704766
:1031300091ED000A9FED841AB0EEC02AB4EE412A48
:10314000F1EE10FAF3DC93ED022AB1EE423AB4EE5E
:10315000430AF1EE10FAEADBB4EE420AF1EE10FA9D
:10316000E5DC91ED010AB0EEC02AB4EE412AF1EEA1
:1031700010FADCDC93ED032AB1EE423AB4EE430AD6
:10318000F1EE10FAD3DBB4EE420AF1EE10FACEDC27
:1031900091ED020AB0EEC02AB4EE412AF1EE10FA27
:1031A000C5DC93ED042AB1EE423AB4EE430AF1EEE7
:1031B00010FABCDBB4EE420AF1EE10FAB7DC91ED86
:1031C000032AB0EEC20AB4EE410AF1EE10FAAEDC08
:1031D000B5EE402AF1EE10FAA9DB9FED5C0AB4EEE1
:1031E000402AF1EE10FAC8BF7047002A9FD091ED37
:1031F000042AB0EEC23AB4EE413AF1EE10FA96DC8F
:10320000B5EE402AF1EE10FA91DBB1EE041AB4EEFD
:10321000412AF1EE10FA3FF78AAFB3F800C0002060
:10322000B0EBDC2F02D00120704700BFB0B590603A
:103230005060106093ED022A91ED004AB1EE423ADF
:1032400091ED016A84FE425AD1ED020AB4EE443A8D
:1032500093ED034AF1EE10FA86FE447A33FE053A06
:10326000B1EE445A32EE033AB4EE465A9FED386A54
:10327000F1EE10FA23EE063A93ED046A35FE075A92
:1032800032EE022AB1EE467A34EE055A83EE022A75
:103290009FED303A34EE044A25EE035AC0FEC61ABA
:1032A000B4EE607AD1ED040AF1EE10FA85EE044A2C
:1032B00037FE215A91ED037A87FE407ADFED261A18
:1032C000C0FEC10A198836EE055A118087FE217AA0
:1032D0000821C0FEA10A917025EE035A27EE037A59
:1032E00036EE066A20EE833A87EE000A85EE065A2D
:1032F00083EE011ABCEEC22ABCEEC44ABCEEC00A80
:10330000BCEEC53A12EE101ABCEEC11A14EE103A19
:1033100010EE10EA117113EE10CA0D0A11EE104AE8
:1033200019095171190141EA1E2191712109117286
:103330002101D57082F807E041EA1C21517282F820
:103340000AC0BDE8B0407047FFFF7F7F0000FA432E
:1033500000FF7F4700F07F450000000000000000F4
:10336000024600284FF0010018BF002900D1704725
:1033700013880020B0EBD32F02D00120704700BF8C
:1033800088604860086012880A8008228A704FF0BE
:10339000FF32C1F80320C1F80620FE228A7270476E
:1033A000024600284FF0000018BF002900D17047E6
:1033B000B0B502F1140E906AD2E908459EE80850B3
:1033C00081E80850C1E903450028486118BF012081
:1033D000BDE8B04070470000F0B581B00F2B154636
:1033E00002464FF001001CD8DAB10E4629431C46B4
:1033F0000023B3EBD12F14D1101D28211746FDF760
:1034000042F900200021C4F24810B8600020C4F244
:10341000F011C4F220103E80C7E9031000207D8027
:103420003C7101B0F0BD00004FF0000C002818BF47
:10343000002A01D160467047082BFBD1438899428E
:10344000F8D192F800C003790CF00F01994267D1CE
:1034500080B5B2F80110137992F803E090ED021AEA
:1034600031EE012A90ED045A09BA9FED2E7A090C2B
:1034700075EE050A00EE101A4FEA0E1192F805E0FB
:1034800041EA131103F00F0303EE101AB8EE400ADD
:103490004EEA032106EE101AB8EE433A4FFA8CFEBC
:1034A00022EE000A5FFA8EF390ED032A32EE024A12
:1034B0004FF00F0CB8EE466ADCEB131180EE070AF2
:1034C0004FF0010C24EE033A20EE864A30EE410A1A
:1034D0009FED151A83EE013A80ED050A84EE011A7C
:1034E00033EE420A80ED060A31EE450A80ED070A06
:1034F00018BF19091B0980F8223001EADE1180F893
:103500002310917980F820100299D279416280F8D5
:103510002120826A511C8162BDE88040604670476C
:103520000020704700FF7F4700F07F45000000004B
:1035300072B600BFFEE7000044F60400C5F60200C4
:10354000816841F0020181600168890409D4016841
:1035500089045CBF01685FEA814102D40168890483
:10356000F2D570470000000040F65050C2F2004013
:1035700002F02EB90000000040F6F050C2F2004008
:1035800002F026B90000000040F69060C2F2004050
:1035900002F01EB90000000010B540F2B414C2F2EF
:1035A00000442078012815D142F68C00C2F2004078
:1035B0000CF006FA10B1012010BD00BF20780128E0
:1035C00008D142F6A870C2F20040BDE810400DF0EC
:1035D0002BBB00BF002010BD40F2B410C2F200406F
:1035E000017842F68C00C2F20040002908BF08466C
:1035F000704700000000000040F2B410C2F200402A
:10360000017842F6A870C2F20040002908BF0846BF
:10361000704700000000000040F6F052C2F2004285
:1036200090420DD040F69062C2F20042904218BF24
:10363000704742F6A870C2F200400DF0FDBA00BF1C
:1036400042F68C00C2F200400CF0C2B9000000004B
:1036500040F6F052C2F2004290420DD040F6906225
:10366000C2F20042904218BF704742F6A870C2F200
:1036700000400DF0F1BA00BF42F68C00C2F20040EB
:103680000CF0B6B900000000B0B540F2B414C2F2BC
:103690000044217811B10020B0BD00BF80B1416865
:1036A00071B1017A61B10546027842F68C0040F6AC
:1036B000F051C2F20040C2F200410CF0EDF908B145
:1036C0000120B0BD2B7A42F6A87040F690616A687E
:1036D000C2F20040C2F200410DF00EFB40B142F6D2
:1036E0008C00C2F200400CF0DBFA0120B0BD00BF3C
:1036F0000020606001212170B0BD000000000000CA
:1037000040F2B410C2F200400078012806D142F61F
:103710008C00C2F200400CF053B900BF002070478B
:10372000B0B540F2B415C2F200452878012818BFA0
:10373000B0BD02F0A5FF2978012934D1044642F634
:103740008C00C2F200400CF03BF908B36868201A04
:1037500029D404F16400686042F68C00C2F2004093
:103760000CF02EF928B142F68C00C2F200400CF0A9
:1037700017FA42F6A870C2F200400DF055FA90B167
:1037800042F6A870C2F200400DF0B6FB0BE000BF9D
:103790002878012807D142F6A870C2F200400DF047
:1037A00043FA0028D2D142F68C00C2F200400CF05D
:1037B000BBF942F6A870C2F20040BDE8B0400DF07F
:1037C0004BBB00000000000040F2B410C2F2004009
:1037D0000078012806D142F6A870C2F200400DF030
:1037E00023BA00BF0020704710B540F2B414C2F2F3
:1037F00000442078012818BF10BD42F68C00C2F2A8
:1038000000400CF04DFA42F6A870C2F200400DF0F4
:10381000E3FB0020207010BD2DE9F041044602F0CA
:103820002FFF3CB3054694F83500022826D12768BF
:1038300040F20F46C4F2020640F26F483868B742C1
:1038400020F0010038606FF00E00C4F202081DDCA9
:103850006F21C4F202018F422ADC3F21C4F202012F
:103860008F4241DC1021C4F202018F4263D0282133
:103870005CE000BF0120BDE8F08100BF80206065F2
:103880000120002184F83410BDE8F08147451BDC9D
:1038900040F23F41C4F202018F422DDC40F2104160
:1038A000C4F202018F4246D040F228413EE000BF00
:1038B0009F21C4F202018F4228DC7021C4F2020170
:1038C0008F4238D0882131E040F29F41C4F202019A
:1038D0008F4223DC40F27041C4F202018F422AD0B1
:1038E00040F2884122E000BF4021C4F202018F4231
:1038F00021D058211AE000BF40F24041C4F2020139
:103900008F4218D040F2584110E000BFA021C4F20D
:1039100002018F420FD0B82108E000BF40F2B84149
:10392000C4F202018F4206D040F2A041C4F202016B
:103930008F42394607D13946386820F01E0041F8D9
:10394000140B6FF080000A68474500EA0200086027
:103950001ADC9F20C4F20200874233DC5720C4F2F5
:10396000020087425ADC1020C4F20200874200F0B5
:1039700097802820C4F20200874200F09180402006
:10398000C4F202008AE000BF45F22F40C5F60200F3
:1039900087422DDC40F2B740C4F2020087424BDC84
:1039A00040F27040C4F20200874279D040F2884071
:1039B000C4F20200874273D040F2A040C4F2020079
:1039C0006CE000BF40F22740C4F20200874243DCB3
:1039D000A020C4F20200874262D0B820C4F20200E4
:1039E00087425DD040F21040C4F2020056E000BFB2
:1039F00045F26B40C5F6020087423FDC45F230409D
:103A0000C5F6020087424BD045F24440C5F602009D
:103A1000874245D045F258403EE000BF5820C4F2EE
:103A2000020087423CD07020C4F20200874237D0A7
:103A30008820C4F2020031E040F2B840C4F2020033
:103A400087422DD045F20840C5F60200874227D0B4
:103A500045F21C4020E000BF40F22840C4F20200C2
:103A600087421DD040F24040C4F20200874217D086
:103A700040F25840C4F2020010E000BF45F26C4032
:103A8000C5F6020087420BD045F29440C5F602000D
:103A9000874205D045F28040C5F60200874205D135
:103AA000206E016821F48071016000BF3868C00792
:103AB00010D002F0E5FD401B0628F7D320206065FA
:103AC000032084F835000120002184F83410BDE87B
:103AD000F08100BF20680821B0424FF03F0211DCA6
:103AE0006F23C4F2020398421EDC3F23C4F2020398
:103AF000984235DC1023C4F20203984257D02823A1
:103B000050E000BF40451BDC40F23F43C4F20203DB
:103B100098422DDC40F21043C4F20203984246D092
:103B200040F228433EE000BF9F23C4F202039842C4
:103B300028DC7023C4F20203984238D0882331E095
:103B400040F29F43C4F20203984223DC40F27043E8
:103B5000C4F2020398422AD040F2884322E000BF18
:103B60004023C4F20203984221D058231AE000BF38
:103B700040F24043C4F20203984218D040F2584346
:103B800010E000BFA023C4F2020398420FD0B82374
:103B900008E000BF40F2A043C4F20203984206D0FE
:103BA00040F2B843C4F20203984240F0C580D4E921
:103BB000163707F01F07404502FA07F25A5019DC82
:103BC0009F21C4F20201884232DC5721C4F2020173
:103BD000884259DC1021C4F20201884200F096802C
:103BE0002821C4F20201884200F090804021C4F2F2
:103BF000020189E045F22F41C5F6020188422DDC21
:103C000040F2B741C4F2020188424BDC40F27041FD
:103C1000C4F20201884279D040F28841C4F2020124
:103C2000884273D040F2A041C4F202016CE000BFB0
:103C300040F22741C4F20201884243DCA021C4F2D1
:103C40000201884262D0B821C4F2020188425DD0EC
:103C500040F21041C4F2020156E000BF45F26B4150
:103C6000C5F6020188423FDC45F23041C5F602014B
:103C700088424BD045F24441C5F60201884245D006
:103C800045F258413EE000BF5821C4F2020188428B
:103C90003CD07021C4F20201884237D08821C4F29E
:103CA000020131E040F2B841C4F2020188422DD055
:103CB00045F20841C5F60201884227D045F21C4171
:103CC00020E000BF40F22841C4F2020188421DD02A
:103CD00040F24041C4F20201884217D040F25841FC
:103CE000C4F2020110E000BF45F26C41C5F60201CA
:103CF00088420BD045F29441C5F60201884205D0B6
:103D000045F28041C5F6020188420BD1616EA26E78
:103D1000E06E4A6030B1016821F480710160D4E93D
:103D20001C014160012084F835000020002184F846
:103D30003410BDE8F08100BF0421012237E7000004
:103D4000F0B190F83510022918D180B540F20F4239
:103D50000168C4F20202914214DC6F23C4F2020330
:103D6000994225DC3F23C4F2020399423CDC102334
:103D7000C4F2020399425DD0282357E080214165B7
:103D80000120704740F26F43C4F2020399421BDCEA
:103D900040F23F43C4F2020399422DDC40F210434B
:103DA000C4F20203994245D040F228433EE000BFEE
:103DB0009F23C4F20203994228DC7023C4F2020359
:103DC000994237D0882331E040F29F43C4F2020386
:103DD000994223DC40F27043C4F20203994229D095
:103DE00040F2884322E000BF4023C4F2020399421C
:103DF00020D058231AE000BF40F24043C4F202032F
:103E0000994217D040F2584310E000BFA023C4F2FB
:103E1000020399420ED0B82308E000BF40F2B84335
:103E2000C4F20203994205D040F2A043C4F2020357
:103E3000994275D191424FF0040280F8352011DC8F
:103E40006F20C4F20200814222DC3F20C4F2020053
:103E5000814239DC1020C4F20200814259D028206E
:103E600054E000BF40F26F40C4F2020081421BDC0C
:103E700040F23F40C4F2020081422DDC40F210408B
:103E8000C4F20200814244D040F228403EE000BF2C
:103E90009F20C4F20200814228DC7020C4F202009C
:103EA000814236D0882031E040F29F40C4F20200C7
:103EB000814223DC40F27040C4F20200814228D0EB
:103EC00040F2884022E000BF4020C4F2020081425C
:103ED0001FD058201AE000BF40F24040C4F2020058
:103EE000814216D040F2584010E000BFA020C4F23A
:103EF000020081420DD0B82008E000BF40F2B84077
:103F0000C4F20200814204D040F2A040C4F2020098
:103F10008142086820F001000860002080BD00BFD9
:103F20000A6822F001020A6045F25742C5F6020211
:103F300091420A6822F00E020A600FDC45F22F421D
:103F4000C5F60202914219DC45F20842C5F60202AA
:103F5000914229D045F21C4222E000BF45F27F4247
:103F6000C5F60202914213DC45F25842C5F6020240
:103F7000914219D045F26C4212E000BF45F2304246
:103F8000C5F6020291420FD045F2444208E000BF5C
:103F900045F29442C5F60202914205D045F28042B4
:103FA000C5F6020291421AD1D0E9181CD0E916E3F5
:103FB0000A6822F480720A6003F01F01012202FAEB
:103FC00001F1CEF80410816ECCF80410C16E31B14D
:103FD0000A6822F480720A60D0E91C124A6001214A
:103FE00080F83510016D0022002980F8342094D02B
:103FF0008847002080BD0000406D70470000000031
:104000002DE9F04782B00021019140F2080148F209
:10401000B513C2F20041C1F64E33856D40F26F49CF
:104020000A680168C4F202092E68A2FB0328494508
:104030002A6815DC9F22C4F2020291422CDC57222E
:10404000C4F20202914251DC1022C4F202029142F7
:104050007BD02822C4F20202914276D040226FE047
:1040600045F22F43C5F60203994229DC40F2B743DB
:10407000C4F20203994245DC40F27042C4F20202EB
:10408000914262D040F28842C4F2020291425CD076
:1040900040F2A04254E000BF40F22742C4F20202C4
:1040A00091423FDCA022C4F2020291424DD0B822DC
:1040B000C4F20202914248D040F2104240E000BFF8
:1040C00045F26B43C5F60203994275DC45F2304375
:1040D000C5F60203994200F0828045F24443C5F6DA
:1040E000020399427BD045F2584373E05822C4F250
:1040F0000202914229D07022C4F20202914224D0DD
:1041000088221DE040F2B843C4F2020399421CD059
:1041100045F20843C5F60203994260D045F21C43BC
:1041200058E000BF40F22842C4F2020291420CD093
:1041300040F24042C4F20202914206D040F258429C
:10414000C4F20202914240F05383C26D082302F090
:104150001F0240F20F4A9340C4F2020A334200F0B9
:10416000DE8051454FF0040412DC6F27C4F20207D1
:10417000B9426DDC3F27C4F20207B94200F39C80CC
:104180001027C4F20207B94200F0BD802827B5E02D
:10419000494569DC40F23F47C4F20207B94200F3E7
:1041A000938040F21047C4F20207B94200F0AB809E
:1041B00040F22847A2E000BF45F26C43C5F6020377
:1041C00099420CD045F28043C5F60203994206D0CD
:1041D00045F29443C5F60203994240F009830B6807
:1041E000C76D07F01F070426BE40164218BF13F024
:1041F000040423D10226BE40164218BF13F0020465
:1042000042D1FA40120740F1F38213F0080200F0A5
:10421000EF820A6822F00E020A60012101FA07F219
:104220006A60416580F83510C16C00294FF00002CA
:1042300080F8342040F0D882DAE200BF1A046E60C1
:1042400034D49A0635D40A6822F004020A6030E0B9
:104250009F27C4F20207B94240DC7027C4F202076C
:10426000B94250D0882749E040F29F47C4F2020784
:10427000B9423BDC40F27047C4F20207B94242D077
:1042800040F288473AE000BF1A046E6000F1B48241
:104290009A0600F1B5820A6822F00A020A6001213A
:1042A00080F83510002180F83410A9E2D90300F11C
:1042B000A982016C97E200BF4027C4F20207B9420D
:1042C00021D058271AE000BF40F24047C4F202074D
:1042D000B94218D040F2584710E000BFA027C4F2FE
:1042E0000207B9420FD0B82708E000BF40F2A0474C
:1042F000C4F20207B94206D040F2B847C4F202073E
:10430000B94218BF08240F68274208D00F6827F069
:1043100004070F60AB60436D43F001034365012365
:10432000934033426FD0514510DC6F27C4F202072F
:10433000B9421DDC3F27C4F20207B94234DC102722
:10434000C4F20207B94256D028274FE049451BDC8A
:1043500040F23F47C4F20207B9422DDC40F2104759
:10436000C4F20207B94246D040F228473EE000BFFF
:104370009F27C4F20207B94228DC7027C4F2020763
:10438000B94238D0882731E040F29F47C4F2020793
:10439000B94223DC40F27047C4F20207B9422AD086
:1043A00040F2884722E000BF4027C4F20207B9422A
:1043B00021D058271AE000BF40F24047C4F202075C
:1043C000B94218D040F2584710E000BFA027C4F20D
:1043D0000207B9420FD0B82708E000BF40F2A0475B
:1043E000C4F20207B94206D040F2B847C4F202074D
:1043F000B94240F00D824F693F0604D5AB60436D72
:1044000043F0020343650423934033426FD0514588
:1044100010DC6F27C4F20207B9421DDC3F27C4F24B
:104420000207B94234DC1027C4F20207B94256D061
:1044300028274FE049451BDC40F23F47C4F2020702
:10444000B9422DDC40F21047C4F20207B94246D00F
:1044500040F228473EE000BF9F27C4F20207B9425E
:1044600028DC7027C4F20207B94238D0882731E02F
:1044700040F29F47C4F20207B94223DC40F2704782
:10448000C4F20207B9422AD040F2884722E000BFB6
:104490004027C4F20207B94221D058271AE000BFD2
:1044A00040F24047C4F20207B94218D040F25847E0
:1044B00010E000BFA027C4F20207B9420FD0B8270E
:1044C00008E000BF40F2A047C4F20207B94206D09C
:1044D00040F2B847C4F20207B94240F0A1810F6828
:1044E000BF0704D5AB60436D43F00403436510235D
:1044F00003FA02F2324200F0828051454FF0080385
:1045000010DC6F27C4F20207B9421DDC3F27C4F25A
:104510000207B94234DC1027C4F20207B94256D070
:1045200028274FE049451BDC40F23F47C4F2020711
:10453000B9422DDC40F21047C4F20207B94246D01E
:1045400040F228473EE000BF9F27C4F20207B9426D
:1045500028DC7027C4F20207B94238D0882731E03E
:1045600040F29F47C4F20207B94223DC40F2704791
:10457000C4F20207B9422AD040F2884722E000BFC5
:104580004027C4F20207B94221D058271AE000BFE1
:1045900040F24047C4F20207B94218D040F25847EF
:1045A00010E000BFA027C4F20207B9420FD0B8271D
:1045B00008E000BF40F2A047C4F20207B94206D0AB
:1045C00040F2B847C4F20207B94218BF04230F688B
:1045D0001F4214D0AA600A6852030A6808D4D205A0
:1045E00008D40A6822F008020A60016C21B906E0CA
:1045F000110351D4016C11B1044688472046C16DA6
:1046000001F01F02202101FA02F3334200F0AF80D3
:1046100001681027514511DC6F26C4F20206B14231
:104620001EDC3F26C4F20206B14239DC1026C4F279
:104630000206B1425BD0282654E000BF49451BDC8E
:1046400040F23F46C4F20206B14231DC40F210466D
:10465000C4F20206B1424AD040F2284642E000BF0E
:104660009F26C4F20206B1422CDC7026C4F2020678
:10467000B1423CD0882635E040F29F46C4F20206A3
:10468000B14227DC40F27046C4F20206B1422ED09D
:1046900040F2884626E000BF816C0029ACD1AEE72D
:1046A0004026C4F20206B14221D058261AE000BFCB
:1046B00040F24046C4F20206B14218D040F25846D9
:1046C00010E000BFA026C4F20206B1420FD0B82607
:1046D00008E000BF40F2A046C4F20206B14206D094
:1046E00040F2B846C4F20206B14218BF02270E6873
:1046F0003E423CD0AB6090F83530042B0B681DD1A6
:1047000023F016030B604B6923F080034B61036CAD
:104710000BB9836C1BB10B6823F008030B603F21BE
:104720009140A960012180F83510016D00294FF0FA
:10473000000280F8342057D15AE000BF5A030A68BB
:104740000ED4D2050ED40A6822F010020A600121AC
:1047500080F83510002180F83410C16B21B906E0D3
:10476000110351D4C16B11B1044688472046416DF5
:1047700000293DD0416DC90734D0042180F835109F
:1047800001684FEA98220B6823F001030B60019B3C
:104790000133019393421AD80B68DB0717D0019BB2
:1047A00001330193934212D80B68DB070FD0019BB2
:1047B0000133019393420AD80B68DB0707D0019BB2
:1047C00001330193934202D80B68DB07DFD10968FC
:1047D000C9074FF0030108BF012180F835100021FF
:1047E00080F83410C16C19B102B0BDE8F047084739
:1047F00002B0BDE8F08700BFD90301D4416CF2E7F5
:10480000C16BF0E7816CEEE7416C0029ACD1AEE7FB
:104810000B680423934033427FF4F9AD67E600BF91
:104820000B6864E6000000002DE9F041044601F049
:1048300027FFFCB140F26F4805462068C4F2020829
:1048400040451BDC9F21C4F20201884232DC572123
:10485000C4F20201884259DC1021C4F202018842EC
:1048600000F083802821C4F20201884200F07D809C
:10487000402175E00120BDE8F08100BF45F22F41E5
:10488000C5F60201884229DC40F2B741C4F20201B8
:10489000884247DC40F27041C4F20201884264D091
:1048A00040F28841C4F2020188425ED040F2A04149
:1048B00056E000BF40F22741C4F20201884241DCC9
:1048C000A021C4F2020188424FD0B821C4F20201F3
:1048D00088424AD040F2104142E000BF45F26B41AD
:1048E000C5F60201884200F3D18045F23041C5F699
:1048F0000201884200F0DD8045F24441C5F6020124
:10490000884200F0D68045F25841CDE05821C4F2EB
:104910000201884229D07021C4F20201884224D0C9
:1049200088211DE040F2B841C4F2020188421CD047
:1049300045F20841C5F60201884200F0BA8045F20E
:104940001C41B1E040F22841C4F2020188420CD07F
:1049500040F24041C4F20201884206D040F2584180
:10496000C4F20201884240F03981022184F83510F6
:10497000002184F83410016821F00101016000BFBA
:1049800020680168C9070DD001F07AFE401B062897
:10499000F6D320206065032084F835000120BDE8AF
:1049A000F08100BF48F23F0204F108060168CFF62B
:1049B0001062114065694CCE1143A2691943E36945
:1049C0003143266A0D43616A2B43042943EA0603F7
:1049D00043EA020303D1D4E90B652E4333436568F0
:1049E000A5F12906292E00F23182DFE816F02B000E
:1049F0002B002B002B002B002B002F022F022F024D
:104A00002F022F022F022F022F022F022F022F021E
:104A10002F022F022F022F022F022B002B002B0020
:104A20002B002F022F022F022F022B002B002F0210
:104A30002F022F022F022F022F022B002B002B0000
:104A40002B0000BF43F4801303600429436923F063
:104A5000070341EA030140F0DD80D4E90A53002B4B
:104A600041EA050100F0D680B2F5005F00F0B880A1
:104A7000002A40F0C180022D00F0C180012D00F01D
:104A8000B580002D00F0BB80C4E000BF45F26C4152
:104A9000C5F6020188420CD045F28041C5F60201FC
:104AA000884206D045F29441C5F60201884240F0A2
:104AB000958004F1080E022184F83510002184F855
:104AC00034100168A3699EE80450A2F18005E769EB
:104AD000B5FA85F566696D09402A4FEA853543EADE
:104AE00007026FF3101142EA060208BF102541EADF
:104AF000DC0142EA0E02236A294341EAD20141EA7B
:104B0000131140F80819C0B2CD2148433C2101EAF5
:104B10009020E0652046FDF767F9E16D012201F084
:104B20001F0102FA01F141602068404500F38180D5
:104B30009F21C4F20201884214DC5721C4F2020111
:104B4000884227DC1021C4F20201884200F0C780AD
:104B50002821C4F20201884200F0C1804021C4F241
:104B60000201B9E040F22741C4F20201884221DC8F
:104B7000A021C4F20201884200F0B180B821C4F241
:104B80000201884200F0AB8040F21041C4F2020101
:104B9000A2E000BF5821C4F20201884200F09F80C9
:104BA0007021C4F20201884200F099808821C4F289
:104BB000020191E040F22841C4F20201884200F073
:104BC0008E8040F24041C4F20201884200F08780AA
:104BD00040F25841C4F202017EE000BF4020D9E615
:104BE000032D17D8DFE805F00E0B0E02A3F1C072FB
:104BF000B2FA82F2520904E0032D03D30AD1C3F3BF
:104C000000623AB140206065012084F83500BDE8BB
:104C1000F08100BF41612046FDF7E6F8E16D3F22DB
:104C200001F01F0102FA01F18160206840457FF721
:104C30007FAF45F22F41C5F60201884216DC40F2F3
:104C4000B741C4F20201884226DC40F27041C4F24E
:104C50000201884243D040F28841C4F202018842F6
:104C60003DD040F2A041C4F2020135E045F26B4173
:104C7000C5F6020188421FDC45F23041C5F602014B
:104C800088422CD045F24441C5F60201884226D024
:104C900045F258411EE000BF40F2B841C4F20201A3
:104CA00088421CD045F20841C5F60201884216D060
:104CB00045F21C410EE000BF45F26C41C5F6020111
:104CC00088420CD045F29441C5F60201884206D0D4
:104CD00045F28041C5F60201884240F0E18045F28C
:104CE000574C45F6FC0EC5F6020CC5F6020E6045A3
:104CF0000EDC45F22F41C5F60201884218DC45F270
:104D00000841C5F60201884228D045F21C4121E045
:104D100045F27F41C5F60201884213DC45F2584155
:104D2000C5F60201884219D045F26C4112E000BF7D
:104D300045F23041C5F6020188420FD045F24441A8
:104D400008E000BF45F29441C5F60201884205D053
:104D500045F28041C5F60201884247D100F0FC01CE
:104D60004CF6CD420839CCF6CC42A1FB0212AEF192
:104D7000FC05AEF17C061309A26803F01F01802A2E
:104D80004FF0010205EB8305256602FA01F2666623
:104D9000A26605D100206060286072601EE000BF3E
:104DA0006368D9B25F1E072F2960726016D84E1E45
:104DB000082E19D260450EF1440237DC45F22F412E
:104DC000C5F60201884249DC45F20841C5F60201F8
:104DD000884259D045F21C4152E000BF0020606774
:104DE000C4E91B005CE000BFE06E54E000F0F80195
:104DF0004AF6AB221039CAF6AA22A1FB021240F2EF
:104E00000F43C4F2020308251109984203F1AA06D0
:104E10000B4688BF05EB121340F60005B042C4F202
:104E2000020505F1800628BF0B46A5E745F27F4144
:104E3000C5F6020188421BDC45F25841C5F6020165
:104E4000884221D045F26C411AE000BF25F00307EB
:104E5000742F08BF43F48013F6E500BF45F23041DC
:104E6000C5F6020188420FD045F2444108E000BF78
:104E700045F28041C5F60201884205D045F29441D1
:104E8000C5F60201884213D10EEB83000121E066D2
:104E9000B1402267616700210160D4E91C014160D3
:104EA00000206065012184F83510BDE8F08100BF65
:104EB00040F60000C4F2020000F1FC0E00F5A07202
:104EC000E2E700000000000030B110B590F8344077
:104ED000012C03D1022010BD01207047012480F86D
:104EE000344090F83540012C2CD1022480F8354014
:104EF00000244465D0F800C0DCF8004024F0010430
:104F0000CCF800400446FDF703F840F20F4C20684F
:104F1000C4F2020C40F26F416045C4F2020119DC98
:104F20006F23C4F20203984226DC3F23C4F202033B
:104F300098423DDC1023C4F2020398425FD028233C
:104F400058E000BF4FF400614165002180F8341043
:104F5000012010BD88421BDC40F23F43C4F2020333
:104F600098422DDC40F21043C4F20203984246D02E
:104F700040F228433EE000BF9F23C4F20203984260
:104F800028DC7023C4F20203984238D0882331E031
:104F900040F29F43C4F20203984223DC40F2704384
:104FA000C4F2020398422AD040F2884322E000BFB4
:104FB0004023C4F20203984221D058231AE000BFD4
:104FC00040F24043C4F20203984218D040F25843E2
:104FD00010E000BFA023C4F2020398420FD0B82310
:104FE00008E000BF40F2B843C4F20203984206D082
:104FF00040F2A043C4F20203984240F02F810368BC
:105000000B2262F344030360226C1AB10823026886
:105010001A430260884219DC9F22C4F202029042C5
:1050200032DC5722C4F20202904259DC1022C4F250
:105030000202904200F096802822C4F202029042BE
:1050400000F090804022C4F2020289E045F22F4233
:10505000C5F6020290422DDC40F2B742C4F20202D1
:1050600090424BDC40F27042C4F20202904279D08E
:1050700040F28842C4F20202904273D040F2A04251
:10508000C4F202026CE000BF40F22742C4F2020206
:10509000904243DCA022C4F20202904262D0B822C5
:1050A000C4F2020290425DD040F21042C4F2020209
:1050B00056E000BF45F26B42C5F6020290423FDC6B
:1050C00045F23042C5F6020290424BD045F24442CE
:1050D000C5F60202904245D045F258423EE000BF7C
:1050E0005822C4F2020290423CD07022C4F2020262
:1050F000904237D08822C4F2020231E040F2B84236
:10510000C4F2020290422DD045F20842C5F60202D6
:10511000904227D045F21C4220E000BF40F22842D6
:10512000C4F2020290421DD040F24042C4F2020298
:10513000904217D040F25842C4F2020210E000BF81
:1051400045F26C42C5F6020290420BD045F2944201
:10515000C5F60202904205D045F28042C5F6020231
:10516000904274D1236E1A68D20303D51A6842F4B0
:1051700080721A60E36E1BB11A6842F480721A6082
:10518000604511DC6F21C4F2020188421EDC3F2120
:10519000C4F20201884235DC1021C4F202018842C7
:1051A00055D0282150E000BF88421BDC40F23F412F
:1051B000C4F2020188422DDC40F21041C4F2020127
:1051C000884244D040F228413EE000BF9F21C4F213
:1051D0000201884228DC7021C4F20201884236D0E4
:1051E000882131E040F29F41C4F20201884223DC71
:1051F00040F27041C4F20201884228D040F2884156
:1052000022E000BF4021C4F2020188421FD0582191
:105210001AE000BF40F24041C4F20201884216D0B9
:1052200040F2584110E000BFA021C4F202018842C0
:105230000DD0B82108E000BF40F2B841C4F202012D
:10524000884204D040F2A041C4F2020188420168C1
:1052500041F001010160002010BD00BF026805237C
:1052600063F343020260226C002A3FF4D3AE0423AE
:10527000CDE6000000000000B0B5044601F000FAE1
:1052800040F200010546C2F20041621C097818BFD5
:105290000C4400BF01F0F4F9401BA042FAD3B0BDAA
:1052A00090F89830013B012B0ED80068836D0B42BB
:1052B00012D0836D0B408B4232D1C36D43F0020399
:1052C000C3658B050ED412E000F19C01012002227F
:1052D0000B681A430A607047C36D43F00103C3654E
:1052E0008B0504D5D0F8E0301343C0F8E0304B050F
:1052F00004D5D0F8E4301A43C0F8E4204FF6FF722A
:10530000436DC3F6CF720A401A4342658A0F4AF6CC
:1053100014010020C4F200010B681A430A607047B0
:105320000323C3658B05DDD4E1E700000000000026
:1053300090F89830022B1BD12DE9F0430668D6F87F
:10534000C03013F07C5F1BD0D6F8C4309B0221D450
:10535000D6F8C4300C69C3F3044CD1E90035002DF4
:105360008D6821D023432B4343F0804E20E000BFC3
:10537000D0F89C1041F00801C0F89C100120704743
:10538000D0F89C1041F02001C0F89C100120BDE82D
:10539000F08300BFD0F89C1041F40071C0F89C105D
:1053A0000120BDE8F08300BF44EA834343EA050ED1
:1053B000836ED0F88450D1E907970CFB03F48B6916
:1053C00049EA0767D1F81480D1F80C901F4305EB28
:1053D000840347EA080745F824E047EA09475F6085
:1053E000CF6887B148F2EC05083303320024C0F6D9
:1053F000010500BF171957F8037C1F51CF6804340B
:10540000EF5DBC42F6D3012101FA0CF1C6F8D010D1
:10541000C0F894100020BDE8F083000000000000F8
:10542000704700000000000090F89820013A012A1F
:105430000CD880B50A68002ACA680FD00B69072A01
:1054400043EA427E18D18B691BE000BFD0F89C1064
:1054500041F00201C0F89C1001207047072A19D1C1
:105460000A69D1E906C3120442EA032242EA0C02A5
:1054700042F0605218E000BFD1F808C04B6943EA1F
:105480008C73006F496800EBC10240F831E0536053
:10549000002080BD8B68D1E904CE9B0743EAC2623D
:1054A00042EA0C4242EA0E024968C06E40F82120EE
:1054B000002080BD0000000090F898C0BCF1010FF2
:1054C0000ED19200006842EA0111DDF800C041EA05
:1054D000430141EA0C01C0F880100020704700BF72
:1054E000D0F89C1041F00401C0F89C1001207047D6
:1054F00090F89830012B0DD1402900684FEAC27115
:1055000010D1D0F8A02022F000421143C0F8A01022
:1055100000207047D0F89C1041F00401C0F89C10A6
:1055200001207047D0F8B02022F000421143C0F8AB
:10553000B01000207047000070470000000000001D
:10554000FEF76AB8000000000068426C02F0070035
:105550000860C2F302204860C2F3803302F01800F2
:105560008860C2F34010C860C2F380100861C2F3C3
:10557000C0104861C2F3C0208861C2F30030C86126
:10558000C2F34030C1E90803C2F3064200208A6238
:105590007047000000000000B422402908BFA42288
:1055A0000068805800F07F00704700000000000095
:1055B0002DE9F04390F89870022F17D140291FD1A0
:1055C0000468274657F8A06F16F4FE0F3AD0D4F8B7
:1055D000A460760640D0D4F8A460D4F8A450ED01BD
:1055E000C6F3052E42D44425742656E0D0F89C100C
:1055F00041F00801C0F89C100120BDE8F08300BF15
:10560000412915D10668374657F8B05F15F4FE0FEB
:1056100018D0D6F8B4506D061ED0D6F8B450D6F8CF
:10562000B460F601C5F3052E2AD44C25782634E063
:10563000076DB94206D24FF0000C54257C268E46E9
:105640002CE000BFD0F89C1041F02001C0F89C1065
:105650000120BDE8F08300BFD0F89C1041F48071B8
:10566000C0F89C100120BDE8F08300BF3E684425CF
:10567000B6F1FF3F4FF07406F4460FDC08E000BFC0
:105680003E684C25B6F1FF3F4FF07806F44605DC46
:105690000EF101043F6804EA174EF4464459855957
:1056A0000EFB04F405EB840E55F8247017F08047C8
:1056B000576055F8247027F0604608BFC7F38A4644
:1056C000166055F8247007F00057976055F824408D
:1056D00004F000441461BEF80440D461BEF80640F2
:1056E00014F00F04D460DEF8044004F48014546114
:1056F000DEF8044004F4001494619EF8074004F0BE
:105700007F041462DEF804404FEAD474546228D057
:1057100048F2EC080026C0F601080EEB0604751CE2
:10572000277A9F55D76818F80770BD4219D29F197C
:10573000657A7D70D56818F80590B51C4D453FBF5A
:10574000A57ABD70D56818F805903CBFF51C4D458D
:1057500007D2E47A0436FC70D46818F80440A642F4
:10576000DBD3402906D10068C0F8A8C00020BDE8FE
:10577000F08300BF412905D10068C0F8B8C00020FF
:10578000BDE8F0831F2909D80068012202FA01F15F
:10579000C0F898100020BDE8F08300BF006801F059
:1057A0001F01012202FA01F1C0F89C100020BDE89F
:1057B000F0830000000000000068D0F8C40000F092
:1057C0003F0070470000000070470000000000002C
:1057D0002DE9F04F87B004464AF61000C4F20000ED
:1057E00001684AF61400C4F20000026820680A400A
:1057F000D0F850B0D0F85490056D466D036D02930B
:10580000436D0193036D0693436D0593036D0493FC
:10581000436D0393D0F854A0D0F850805FEACA5388
:1058200011D518F480710ED04FF4807101654AF6DD
:1058300010010020C4F20001174608602046FFF75F
:10584000C3FF3A4620685FEA4A510BEA090B4FEA68
:10585000827740F14B814AF6100918F48061C4F256
:10586000000910D0D0F8DC100092D0F8E4201140EC
:105870004FF4806202650020C9F80000204600F065
:10588000F3FD009A206805EA06050BF4704657B14F
:105890000021016502F00300C9F8000020463946E6
:1058A000FFF7BEFD2068DDE9012101EA020705F0EE
:1058B0000F0546B106650020C9F8000020463146B4
:1058C00000F0DAFD206807F0F00645B1056500201C
:1058D000C9F800002046294600F0C6FB206846B102
:1058E00006650020C9F800002046314600F0C0FBE4
:1058F00020685FEA0A510CD518F4006109D04FF412
:10590000006101650020C9F80000204600F0B8FDE4
:1059100020685FEA8A5111D518F400710ED0D0F8D2
:10592000D810D0F8E02011404FF40072026500203A
:10593000C9F80000204600F09BFD20685FEA0A31AC
:105940000CD518F4002109D04FF400210165002086
:10595000C9F80000204600F083FB20685FEACA31E6
:105960000CD518F4803109D04FF480310165002046
:10597000C9F80000204600F073FD20685FEA4A3154
:10598000DDE9032101EA02050CD518F4802109D0D4
:105990004FF4802101650020C9F80000204600F086
:1059A0005BFD20685FEA8A31DDE9052102EA010238
:1059B00005F060710ED518F400330BD04FF40033AE
:1059C00003650023C9F80030D4F89C3043F080030D
:1059D000C4F89C3002F0715539B101650020C9F856
:1059E00000002046FFF7ACFD206845B105650021A9
:1059F000C9F80010D4F89C102943C4F89C10A9F5EC
:105A0000016188420AD0D4F89C0000286AD0204660
:105A100007B0BDE8F04FFFF78FBD00BF6068816839
:105A20008907F0D0016A426A036A476A114003EAB3
:105A3000070202F03005D0F82080D0F82490D0F88A
:105A400020B0466A026A069211F00F01426A05927E
:105A5000D0F824A0026A049203D00162204600F02C
:105A6000EFFC08EA09072DB1606829460562204667
:105A700000F0EEFC5FEA4A6006EA0B0607F4C07528
:105A80000ED5049810F040000AD060684023C16B26
:105A9000C26B090C02F03F020362204600F0D4FC06
:105AA000DDE9051000EA010706F4FC462DB1606847
:105AB00029460562204600F0BFFC07F4F02036B10D
:105AC00061680E62D4F89C103143C4F89C10002821
:105AD00099D061680862D4F89C100843C4F89C000F
:105AE00091E700BF07B0BDE8F08F00BF4AF610098C
:105AF000C4F20009002F05EA06050BF470467FF496
:105B0000C7AED0E600000000F0B12DE9F04F83B041
:105B10004AF200080446C4F200080068404533D049
:105B200094F89810B9B3816921F01001816100F0F7
:105B3000A7FD054620688169090707D500F0A0FD8B
:105B4000401B0B28F6D312E001207047816941F019
:105B50000101816100F094FD054600BF2068816964
:105B6000C90721D100F08CFD401B0B28F6D3012082
:105B7000D4F89C100843C4F89C00032084F89800D3
:105B8000012003B0BDE8F08F08F58071616094F8E2
:105B900098100029C7D1002084F89900204600F011
:105BA000B3F92068BFE700BF816941F0020181615C
:105BB000217C826922F04002012918BF40328261B3
:105BC000617C826922F48042012908BF02F580428B
:105BD0008261A17C826922F48052012918BF02F5FA
:105BE00080528261816921F44073D4E902120B432F
:105BF0008361836923F0A4038361036923F01003A5
:105C000003619AB1012A0DD0022A09D08369032ABF
:105C100043F080038361036943F01002026105D100
:105C2000202200E0042283691A438261D4E90572CC
:105C3000E369561E6FF0FF02256A02EB0323B1F5FC
:105C4000407F43EA4663A5F1010646EA030640F2B7
:105C50000003CFF6FF7303EB074746EA0701C16174
:105C600010D1D4E90B65D4E90917013F02EB0622F4
:105C70006FF00F063A4306EB05173A4303EB014179
:105C80001143C160236E2BB1616ED0F8C020114367
:105C9000C0F8C010E16DCDE90113D94247F6E471B7
:105CA000C0F6010109D0D0F8C820A36E22F0070287
:105CB00051F823301A43C0F8C820D4F840C0BCF1D2
:105CC000000F09D0D0F8BC20636C22F0070251F815
:105CD00023301A43C0F8BC20D4F848B0BBF1000F01
:105CE0000AD0D0F8BC20E36C22F0700251F82330C7
:105CF00042EA0312C0F8BC20D4F850A0BAF1000F59
:105D00000AD0D0F8BC20636D22F4E06251F8231071
:105D100042EA0121C0F8BC10404504D161688A689C
:105D200022F003028A600021C4F89410C4F89C1089
:105D3000012184F8981004F13409D0F884104FF64A
:105D4000FC729143656C99E80C02009541EA82016E
:105D5000C0F88410D0F8841021F47F0141EA034197
:105D6000C0F884109918D0F888306FF38F0343EA95
:105D70008103C0F88830D0F8883023F4FE0343EA6A
:105D80000943C0F8883001EB4903D0F8A0606FF3F5
:105D90008F0646EA8306C0F8A060D0F8A06026F41B
:105DA000FE0646EA0C46C0F8A06005FB0C36D0F8AB
:105DB000B0306FF38F0343EA8603C0F8B030D0F8F9
:105DC000B03023F4FE0343EA0B43C0F8B030E36C79
:105DD000D0F8AC506FF38F0503FB0B6645EA8605E0
:105DE000C0F8AC50D4F8548008FB0A65D0F8F060D5
:105DF0006FF38F0646EA8506C0F8F060D0F8F0E051
:105E0000A66D2EF47C1747EA0647C0F8F070F7003D
:105E100007EB8507D0F8C0506FF38F052F43C0F80C
:105E2000C070D0F8C070009DDDF804E027F47C1746
:105E300005FB0CFC4AF2000547EA0E47C0F8C070AB
:105E4000C4F2000503FB0BC305F54067D0F8C05052
:105E500007EB820207EB810125F07C57029D47EAA0
:105E60000567C0F8C07001EBC90008FB0A3721675D
:105E7000A16E00EB8C0C606700EB8303E266C4E963
:105E80001EC30EFB01F300EB87006943C4F88000DA
:105E900000EBC600C4F8840000EB8300C4F888005F
:105EA00000EB81004DF2FC31C4F20001C4F8900017
:105EB000884201D920205BE682421FD21146002091
:105EC00041F8040BD4F890309942BFF45AAE5060B8
:105ED00002F10801D4F8903099423FBF906002F17E
:105EE0000C01D4F890309942BFF44BAED060103220
:105EF000D4F890108A42E1D343E600BF002003B0FB
:105F0000BDE8F08F0000000010B586B04DF20042F1
:105F10000068C4F20002002190420591CDE903110E
:105F2000CDE901115CD04AF20041C4F2000188427F
:105F30002ED04AF20001C4F20001884240F08B806A
:105F400040F2004144F2E040C2F20041C5F60200D6
:105F50000A68002A02F101020A6008D1C16841F40E
:105F60008071C160C16801F480710091009901687D
:105F7000132441F0010101600068092100F00100D3
:105F80000090009800204FF4C052C5F6020050E087
:105F900040F2004144F2E040C2F20041C5F6020086
:105FA0000A68002A02F101020A6008D1C16841F4BE
:105FB0008071C160C16801F480710091009901682D
:105FC000142441F0020101600068092100F0020080
:105FD000009000980020C5F6020000F5806026E0E1
:105FE00040F2004144F2E040C2F20041C5F6020036
:105FF0000A68002A02F101020A6008D1C16841F46E
:106000008071C160C16801F48071009100990168DC
:106010009F2441F0080101600068052100F008009C
:10602000009000980020C5F6020000F540604FF493
:106030004052059101A90192022202920022CDE96B
:10604000032200F021FA05210022204600F034FC52
:10605000204600F01DFC06B010BD0000000000004E
:106060007047000000000000FDF7F2BA00000000D9
:10607000704700000000000090F8981001290DD131
:10608000022180F8981001688A6922F001028A6171
:106090000021C0F89C100020704700BFD0F89C1071
:1060A00041F00401C0F89C1001207047000000007E
:1060B00090F89810022927D1016851F8182F42F062
:1060C00001020A600A68D20704BF0A685FEAC27266
:1060D00022D00A6822F010020A600A68120707D567
:1060E0000A68120744BF0A685FEA027200F1D280B0
:1060F0000A6842F002020A600021C0F894100122EE
:1061000080F8982008467047D0F89C1041F00801AC
:10611000C0F89C10012070470A68D20704BF0A68C3
:106120005FEAC272D5D10A68D20704BF0A685FEA83
:10613000C272CED10A68D20704BF0A685FEAC2728F
:10614000C7D10A68D20704BF0A685FEAC272C0D129
:106150000A68D20704BF0A685FEAC272B9D10A6846
:10616000D20704BF0A685FEAC272B2D10A68D207D6
:1061700004BF0A685FEAC272ABD10A68D20704BFE3
:106180000A685FEAC272A4D10A68D20704BF0A682B
:106190005FEAC2729DD10A68D20704BF0A685FEA4B
:1061A000C27296D10A68D20704BF0A685FEAC27257
:1061B0008FD10A68D20704BF0A685FEAC2727FF40F
:1061C00088AF0A68D20704BF0A685FEAC2727FF428
:1061D00080AF0A68D20704BF0A685FEAC2727FF420
:1061E00078AF0A68D20704BF0A685FEAC2727FF418
:1061F00070AF0A68D20704BF0A685FEAC2727FF410
:1062000068AF0A68D20704BF0A685FEAC2727FF407
:1062100060AF0A68D20704BF0A685FEAC2727FF4FF
:1062200058AF0A68D20704BF0A685FEAC2727FF4F7
:1062300050AF0A68D20704BF0A685FEAC2727FF4EF
:1062400048AF0A68D20704BF0A685FEAC2727FF4E7
:1062500040AF0A68D20704BF0A685FEAC2727FF4DF
:1062600038AF0A68D20704BF0A685FEAC2727FF4D7
:1062700030AF0A68D20704BF0A685FEAC2727FF4CF
:1062800028AF0A68D20704BF0A685FEAC2727FF4C7
:1062900020AFC3E00A68120744BF0A685FEA0272CF
:1062A0007FF526AF0A68120744BF0A685FEA0272E8
:1062B0007FF51EAF0A68120744BF0A685FEA0272E0
:1062C0007FF516AF0A68120744BF0A685FEA0272D8
:1062D0007FF50EAF0A68120744BF0A685FEA0272D0
:1062E0007FF506AF0A68120744BF0A685FEA0272C8
:1062F0007FF5FEAE0A68120744BF0A685FEA0272C1
:106300007FF5F6AE0A68120744BF0A685FEA0272B8
:106310007FF5EEAE0A68120744BF0A685FEA0272B0
:106320007FF5E6AE0A68120744BF0A685FEA0272A8
:106330007FF5DEAE0A68120744BF0A685FEA0272A0
:106340007FF5D6AE0A68120744BF0A685FEA027298
:106350007FF5CEAE0A68120744BF0A685FEA027290
:106360007FF5C6AE0A68120744BF0A685FEA027288
:106370007FF5BEAE0A68120744BF0A685FEA027280
:106380007FF5B6AE0A68120744BF0A685FEA027278
:106390007FF5AEAE0A68120744BF0A685FEA027270
:1063A0007FF5A6AE0A68120744BF0A685FEA027268
:1063B0007FF59EAE0A68120744BF0A685FEA027260
:1063C0007FF596AE0A68120744BF0A685FEA027258
:1063D0007FF58EAE0A68120744BF0A685FEA027250
:1063E0007FF586AE0A68120744BF0A685FEA027248
:1063F0007FF57EAE0A68120744BF0A685FEA027240
:106400007FF576AE0A68120744BF0A685FEA027237
:106410007FF56EAE0A6812077FF56AAED0F89C1061
:1064200041F00101C0F89C10032180F89810012070
:1064300070470000000000007047000000000000EE
:1064400070470000000000007047000000000000DE
:1064500070470000000000007047000000000000CE
:1064600070470000000000007047000000000000BE
:1064700070470000000000007047000000000000AE
:1064800070470000000000002DE9F04F85B00F6854
:106490000390002F00F0E680039842F2004600F1DE
:1064A00026428C4602F1FF72C5F602060A21B0426E
:1064B0004FEAB22600F1200008BF09210090082E03
:1064C00038BF4FEAB221002400264FF000080191A6
:1064D000CDF808C00CE000BF08F10108DCF800703E
:1064E00037FA08F106F1020604F1040400F0BA805C
:1064F000012000FA08F217EA0209EDD0DCF804A046
:1065000003200AF0030B00FA06F5ABF10107012F97
:1065100012D803988768DCE902C3AF43B3403B431A
:106520008360CAF30017436823EA020207FA08F3FC
:106530001A43426008E000BFDCF808C0BBF1030F5B
:1065400008BFBCF1010F2DD003994FEA480EE84374
:106550000CFA06F3CA68BBF1020F22EA050242EA0E
:106560000302CA601AD183466FF0030000EA5802A2
:10657000009804F01C050F2150F802C001FA05FA3A
:1065800002992CEA0A078C460B69AB403B438350C7
:10659000D1F804A058460AF0030B0BE0DDF808C060
:1065A00008E000BF4FF0030BB6460BFA06F2DDF829
:1065B00008C0D043039B1AF4403F1A6802EA000166
:1065C0000BFA0EF241EA020119603FF485AF44F282
:1065D000F44040F20845C5F60200C5F60005016822
:1065E00041F00201016001680F2001F002010491F5
:1065F00028F00301049A04F00C024B5900FA02F748
:106600000198BB4300FA02F24FF0B0401A434A51DE
:106610000168DCF8042041EA0903D70258BF21EAE7
:1066200009039702036040F20400C5F60000016808
:1066300041EA090358BF21EA090397030360D0F830
:10664000801041EA090358BF21EA0903D203C0F8C8
:106650008030C16F41EA090358BF21EA0903C367CB
:106660003AE700BF05B0BDE8F08F00000000000071
:10667000002A08BF09048161704700000000000083
:1066800043F2C410C2F201400068704700000000ED
:1066900040F2000043F2C411C2F20040C2F20141D4
:1066A00000780A681044086070470000000000008D
:1066B00080B5032000F030F901F0C2F944F218412E
:1066C00048F23C03C5F60201C0F601030A68C2F3B2
:1066D00003229A5C096801F00F0102F01F02595C65
:1066E000D04040F20C02C2F2004201F01F0120FA39
:1066F00001F1116040F20801C2F2004108600F2070
:1067000000F00AF800281CBF012080BD00F0A8F8A6
:10671000002080BD000000000F2847D8B0B58AB027
:106720000446362000222146002500F0C5F8362018
:1067300000F0AEF840F20400C2F20040046044F2FF
:10674000E840C5F60200016841F0100101600068F0
:1067500001A900F010000290029802A801F0BCF814
:10676000079C002C18BF012401F00AF94DF6836143
:10677000A040C4F21B3141F20002A0FB010140F62F
:106780003070C2F200404FF0FF33C4F200020260EA
:1067900003EB9141C0E9011540F2E731C0E903156F
:1067A00001F082FC20B101200AB0B0BD0120704789
:1067B00040F63070C2F2004001F0AAFC0AB0B0BD51
:1067C00010B54EF6A05E4378CEF2000E90F800C0F1
:1067D0004EF8083CDEF8003023F00103CEF800301C
:1067E00043684EF8043C037BC27A817A447B1206EC
:1067F00042EA0372837B42EAC141C27B41EA84419F
:10680000447A41EA4341007A41EA024141EA0421E3
:1068100041EA400040EA0C00CEF8000010BD000044
:106820004EF62450CEF20000BFF35F8F016821F4D2
:106830008031016000210167704700000000000006
:106840004EF6245140F00100CEF2000108670868BE
:1068500040F480300860BFF34F8FBFF36F8F7047F5
:1068600081B044F2F4400022C5F60200016841F014
:106870000201016000680F2100F0020000906FF03B
:106880000100009B01B000F017B8000000000000FC
:10689000002848BF704700F01F01012202FA01F1F1
:1068A0004EF20012C0F34A10CEF2000242F820105D
:1068B000704700000000000070B54EF60C5C4FF011
:1068C000FF36CEF2000C00F1604505F56445DCF8BA
:1068D0000030C3F3022E8EF00703042B28BF0423DD
:1068E000BEF1030406FA03F321EA030100F00F03EB
:1068F00038BF0024043B0028634406FA04F048BF74
:1069000003F10C05A14022EA0000084300012870B1
:1069100070BD0000000000004EF60C514FF6FF0362
:10692000CEF200010A681A4060F30A2242F0806049
:1069300040F0FD7008607047B0B544F60C05C5F630
:10694000020529684907296806D401F00701081AD9
:1069500018BF0120B0BD00BF21F007010843286027
:10696000FFF78EFE044600BF55F8080C800407D4DC
:10697000FFF786FE001BB0F57A7FF5D90120B0BD88
:106980000020B0BD0000000080B500F0D1FF44F24F
:10699000204148F23C02C5F60201C0F60102096836
:1069A000C1F30211515C01F01F01C84080BD00001D
:1069B00080B544F2384EC5F6020E5EF8103C5EF823
:1069C000101C5EF80C2CC1F3053CDEF80410BCF181
:1069D000000F19D0C9089FED3C1AD20601EAE271F6
:1069E00003F003026FF35F3100EE101AB8EE400AB5
:1069F000DFE802F0022210225EF8381C89060DD46E
:106A00009FED331A18E000BF00218160C0E900113A
:106A100080BD00BF9FED2D1A0EE000BF5EF8381C50
:106A200049F20002C0F2D032C1F3C10122FA01F1F1
:106A300001EE101AB8EE411ADEF800109FED253A6B
:106A40006FF35F2102EE101ADEF80010C1F3462149
:106A5000B8EE422A013100EE032A00EE10CAB7EE6A
:106A6000003AB8EE400A81EE000A32EE031A20EE38
:106A7000010A01EE101AB8EE411A80EE011ABCEEBE
:106A8000C11A80ED001ADEF80010C1F30641013191
:106A900001EE101AB8EE411A80EE011ABCEEC11ACE
:106AA00080ED011ADEF80010C1F30661013101EE3C
:106AB000101AB8EE411A80EE010ABCEEC00A10EEC0
:106AC000101A816080BD00BF0024744A20BCBE4BF8
:106AD0000024744C0000003980B544F2404EC5F6E5
:106AE000020E5EF8183C5EF8181C5EF8142CC1F318
:106AF000055CDEF80410BCF1000F19D0C9089FED49
:106B00003C1AD20501EAE27103F003026FF35F3130
:106B100000EE101AB8EE400ADFE802F0022210225E
:106B20005EF8401C89060DD49FED331A18E000BFB3
:106B300000218160C0E9001180BD00BF9FED2D1ACA
:106B40000EE000BF5EF8401C49F20002C0F2D032F5
:106B5000C1F3C10122FA01F101EE101AB8EE411A97
:106B6000DEF800109FED253A6FF35F2102EE101A58
:106B7000DEF80010C1F34621B8EE422A013100EEE2
:106B8000032A00EE10CAB7EE003AB8EE400A81EED2
:106B9000000A32EE031A20EE010A01EE101AB8EED6
:106BA000411A80EE011ABCEEC11A80ED001ADEF81F
:106BB0000010C1F30641013101EE101AB8EE411A7E
:106BC00080EE011ABCEEC11A80ED011ADEF8001049
:106BD000C1F30661013101EE101AB8EE411A80EEE0
:106BE000010ABCEEC00A10EE101A816080BD00BF21
:106BF0000024744A20BCBE4B0024744C00000039B1
:106C00002DE9F0470446C07844F22C480007C5F649
:106C1000020828D5606E4FEA305103292AD8DFE8F0
:106C200001F0030B131B00BFD8F8001041F4003132
:106C3000C8F8001010E000BF04F10800022108F0BD
:106C4000B3F8064680B906E004F12800022108F0F6
:106C50003FF9064640B9606ED8F8241021F440117F
:106C60000843C8F8240000266078C00706D13546DE
:106C70002FE000BF01266078C007F8D0A06D04287F
:106C80003ED83546DFE800F004140E0B0B0000BFC1
:106C9000D8F80000354640F40030C8F800002F4610
:106CA000C5B90DE004F12800002108F011F904E055
:106CB00004F10800002108F077F805462F464DB989
:106CC000D8F82400A16D20F0070000250843C8F87B
:106CD00024003746607840073AD5D4F8A4004FEA3C
:106CE0007050052818D8DFE800F0031D1123232376
:106CF000D8F8000040F40030C8F8000018E000BFE9
:106D00000125012760784007E7D421E004F128003D
:106D1000002108F0DDF80AE001250126607800076F
:106D20001AD44FE004F10800002108F03DF80546B0
:106D30002E461DB1607800070ED443E0D8F82C0031
:106D4000D4F8A41020F4600000250843C8F82C00F3
:106D50003E466078000735D5D4F8A8004FEA306089
:106D6000052813D8DFE800F004180C1E1E1E00BF13
:106D7000D8F8000040F40030C8F8000012E000BF6E
:106D800004F12800002108F0A3F80AE001250127FA
:106D9000E07880071AD434E004F10800002108F0FC
:106DA00003F805462F461DB1E07880070ED428E091
:106DB000D8F82C00D4F8A81020F0E0600025084393
:106DC000C8F82C003746E07880071AD5E06C4FEA07
:106DD0003010032838D8DFE800F009032D0900BF80
:106DE000D8F8000040F40030C8F800002E464DB935
:106DF000D8F82000E16C20F0300000250843C8F8E6
:106E000020003E466078C00639D5E06D4FEA30304C
:106E1000042847D8DFE800F004221C0A0A0000BF5B
:106E2000D8F8000040F40030C8F800002F463DBB01
:106E30001CE000BF04F10800022107F0B5FF054681
:106E4000002D2E46DED1D3E701250126DAE700BF6B
:106E500004F12800002108F03BF804E004F10800E8
:106E6000002107F0A1FF05462F464DB9D8F82400B0
:106E7000E16D20F4E04000250843C8F824003746BF
:106E80006078800635D5206E4FEA3040052815D849
:106E9000DFE800F0041A0E04040400BF2E46DDB93A
:106EA0001EE000BF0125012760788006EBD420E0BA
:106EB00004F12800012108F00BF80AE00125012661
:106EC0006078400619D449E004F10800012107F078
:106ED0006BFF05462E461DB1607840060DD43DE09F
:106EE000D8F82400216E20F4E02000250843C8F8DB
:106EF00024003E466078400630D5D4F8AC004FEA16
:106F0000307005280ED8DFE800F0031307030303F1
:106F10002F46ADB918E000BF04F12800012107F0A9
:106F2000D7FF0AE001250127607800061AD43CE06B
:106F300004F10800012107F037FF05462F461DB177
:106F4000607800060ED430E0D8F82C00D4F8AC10ED
:106F500020F0E04000250843C8F82C003746607850
:106F6000000622D5E06E58B1B0F1005F0CD0B0F150
:106F7000805F37D1D8F8000040F40030C8F8000036
:106F80002E469DB908E000BF04F10800012107F07A
:106F90000BFF05462E464DB9D8F82400E16E20F0CF
:106FA000405000250843C8F824003E46E078C0075A
:106FB0001DD0A06C032855D8DFE800F008024A086D
:106FC000D8F8000040F40030C8F80000A9467DB9A8
:106FD000D8F82000A16C20F0030000250843C8F871
:106FE000200004E001250126E078C007E1D1B14688
:106FF000A078400602D44F4618E000BFD8F8D4036A
:1070000040F48070C8F8D403FFF73AFB064600BF8F
:10701000D8F8D403C00507D4FFF732FB801B6428DF
:10702000F6D90325032701E02F46FDB12078C007DC
:1070300000F06F80A06F4FEAF00005284ED8DFE81F
:1070400000F0035347030303002D2E4654D157E0AD
:1070500004F10800022107F0A7FE0546002DA9460D
:10706000C6D1B5E701254FF00109C1E7D8F84410B2
:10707000D4F8B000414011F4407F11D0D8F844104A
:10708000D8F8442042F48032C8F84420D8F844208C
:1070900021F4407122F48032C8F84420C8F844102A
:1070A000B0F5807F40F0D082FFF7EAFA064641F261
:1070B000883A0325032700BFD8F84400800700F171
:1070C000C182FFF7DDFA801B5045F5D9AEE700BF5E
:1070D00004F12800012107F0FBFE0AE0012501264A
:1070E0002078800719D446E004F10800012107F058
:1070F0005BFE05462E461DB1207880070DD43AE090
:10710000D8F82800A16F20F0380000250843C8F8FF
:1071100028003E46207880072DD5606F05280FD8BF
:10712000DFE800F004140804040400BF2F46ADB9E2
:1071300018E000BF04F12800012107F0C9FE0AE0B1
:10714000012501272078400719D447E004F1080001
:10715000012107F029FE05462F461DB12078400782
:107160000DD43BE0D8F82800616F20F0070000251F
:107170000843C8F828003746207840072ED5D4F8B1
:10718000900005280ED8DFE800F00313070303037F
:107190002E46ADB918E000BF04F12800012107F028
:1071A00097FE0AE001250126207880061AD44BE0DC
:1071B00004F10800012107F0F7FD05462E461DB138
:1071C000207880060ED43FE0D8F82C00D4F8901038
:1071D00020F0070000250843C8F82C003E46207820
:1071E000800631D5D4F88C004FEA307005280FD8CE
:1071F000DFE800F004140804040400BF2F46ADB912
:1072000018E000BF04F12800022107F061FE0AE047
:1072100001250127207840061AD44BE004F108002C
:10722000002107F0C1FD05462F461DB1207840061C
:107230000ED43FE0D8F82800D4F88C1020F0E040BD
:1072400000250843C8F8280037462078400631D585
:10725000D4F898004FEAB02005280FD8DFE800F0F6
:1072600004140804040400BF2E46ADB918E000BFA2
:1072700004F12800022107F02BFE0AE00125012677
:10728000207800061AD44EE004F10800002107F02F
:107290008BFD05462E461DB1207800060ED442E037
:1072A000D8F82C00D4F8981020F4E05000250843BA
:1072B000C8F82C003E462078000634D5D4F89C004F
:1072C0004FEA7030052815D8DFE800F0041A0E04E4
:1072D000040400BF2F46E5B12068010727D4C1068A
:1072E0003ED4000355D477E004F12800022107F0D2
:1072F000EFFD0AE00125012720680107EFD516E020
:1073000004F10800002107F04FFD0546002D2F462F
:10731000E2D1D8F82C00D4F89C1020F4604000256D
:107320000843C8F82C00374620680107D7D5D4F8A1
:107330008000B0F5805F09D104F12800022107F038
:10734000C7FD002818BF0127D4F88000D8F82810FE
:1073500021F440510843C8F828002068C106C0D570
:10736000D4F89400B0F5807F09D104F128000221FF
:1073700007F0AEFD002818BF0127D4F89400D8F814
:107380002C1021F440710843C8F82C002068000339
:1073900022D5D4F8A000B0F5003F11D0B0F5803F61
:1073A00008D0002844D104F10800002107F0FCFCBB
:1073B00005E000BF04F12800022107F089FD054621
:1073C0002E4655B9D8F82C00D4F8A01020F440303F
:1073D00000250843C8F82C003E46A07840072CD56D
:1073E000D4F88400B0F5401F0BD0B0F5001F0BD0CF
:1073F000B0F5801F2AD1D8F8000040F40030C8F85A
:1074000000002F46D5B907E004F12800012107F05C
:107410005FFD05462F468DB9D8F82800D4F88410B2
:1074200020F4401000250843C8F8280005E000BFFC
:1074300001250126A0784007D2D43746A078C0079E
:1074400009D13E462168880015D532E00125012783
:10745000A078C007F5D0206DB0F5803F10D018BBE4
:10746000D8F8000040F40030C8F800002E4685B17E
:10747000216888001DD460688A0326D465E000BFB7
:1074800004F10800022107F08FFC0546002D2E466E
:10749000EED1D8F82000216D20F48030002508437B
:1074A000C8F82000CDE700BF01250126216888002B
:1074B000E1D504F12800022107F00AFD002818BFD9
:1074C0000126D4E900108A033FD5E26F6FF0010373
:1074D00003EB3223022B0BD34FEA322343B1012BB0
:1074E00040F0AA80D8F8003043F40033C8F80030E8
:1074F00025B3CA022CD48A0234D44A003CD4CA0F21
:1075000049D1090251D4C1075AD1810763D4410737
:107510006CD4010776D4C10600F18080800607D5BF
:1075200004F12800022107F0D3FC002818BF012530
:10753000002D18BF01252846BDE8F087D8F828306F
:1075400023F440731A43C8F828203546CA02D2D51E
:10755000D8F82420236F22F000421A43C8F82420D0
:107560008A02CAD5D8F82420A36E22F080721A436A
:10757000C8F824204A00C2D558F81C2C22F4004236
:1075800048F81C2CD4F8B42058F81C3C1A4348F88E
:107590001C2CCA0FB5D0D8F82020636D22F04052C1
:1075A0001A43C8F820200902ADD5D8F82810D4F81D
:1075B000882021F440011143C8F82810C107A4D045
:1075C00004F10800002107F0EFFB002818BF054672
:1075D000606881079BD504F10800012107F0E4FBF6
:1075E000002818BF05466068410792D504F10800DD
:1075F000022107F0D9FB002818BF05466068010783
:107600007FF589AF04F12800002107F061FC002814
:1076100018BF05466068C1067FF580AF04F12800F9
:10762000012107F055FC002818BF05466068800658
:107630003FF576AF7CE700BF0125CA027FF55BAF5F
:1076400086E700BFD4F8B0004FF6CF7358F81C2C73
:10765000C0F2FF0300F4407122F47C5203EA1013DD
:107660006FF31F30B1F5407F08BF1A43002548F87B
:107670001C2CD8F844100843C8F84400FFF7BBBCE2
:107680002DE9F04381B0002800F0208142F200098A
:107690000446C5F20029D9F8000000F00F0081422D
:1076A0000DD9D9F8000020F00F000843C9F80000F8
:1076B000D9F8000000F00F00884240F007812068F0
:1076C00044F218464207C5F602060AD52269336815
:1076D00003F070039A4204D9336823F070031A430D
:1076E000326002070AD56269736803F070039A4238
:1076F00004D9736823F070031A437260C2060AD576
:10770000A269736803F4E0639A4204D9736823F4AE
:10771000E0631A43726082060AD5E269B36803F037
:1077200070039A4204D9B36823F070031A43B2601D
:1077300010F002020AD0E368376807F00F07BB4277
:1077400004D9376827F00F073B433360C3073FD0A6
:10775000306820F47062D4E901031A4332600128D2
:1077600056F8182C0AD0032804D002280AD1920314
:107770000BD4ABE0920108D4A8E000BFD20504D43A
:10778000A4E000BF520740F1A180884656F8081CCB
:1077900021F00701084346F8080CFEF771FF054683
:1077A00041F2883756F8080C616800F03800B0EBF9
:1077B000C10F09D0FEF764FF401BB842F2D9032085
:1077C00001B0BDE8F08300BF2068414600F002022E
:1077D00052B1E268336803F00F039A4204D233686F
:1077E00023F00F031A433260D9F8002002F00F0291
:1077F00091420CD2D9F8002022F00F020A43C9F8B6
:107800000020D9F8002002F00F028A425ED1410721
:107810000AD52169326802F07002914204D23268BE
:1078200022F070021143316001070AD56169726864
:1078300002F07002914204D2726822F07002114389
:107840007160C1060AD5A169726802F4E0629142D2
:1078500004D2726822F4E0621143716080060AD596
:10786000E069B16801F07001884204D2B16821F08A
:1078700070010843B06000F0E3F8316848F23C0260
:10788000C0F60102C1F30321515C336803F00F031A
:1078900001F01F01D25C20FA01F102F01F0040F25A
:1078A0000C02C2F2004221FA00F0106040F2040023
:1078B00040F20802C2F20040C2F2004200681160C9
:1078C00001B0BDE8F043FEF727BF00BF012001B0C3
:1078D000BDE8F083000000003F22026044F218423D
:1078E000C5F6020252F8083C03F007034360136830
:1078F00003F470638360136803F00F03C3601368BD
:1079000003F070030361536803F07003436153682D
:1079100003F4E0638361926802F07002C26142F294
:107920000000C5F20020006800F00F0008607047FA
:1079300080B500F085F844F2184148F23C03C5F6E2
:107940000201C0F601030A68C2F303229A5C0968C7
:1079500001F00F0102F01F02595C20FA02F201F05F
:107960001F0040F20C01C2F2004122FA00F0086050
:1079700040F20801C2F200410A6080BD0000000030
:1079800080B500F05DF844F2184C48F23C03C5F6AF
:10799000020CC0F60103DCF80020C2F303229A5C5B
:1079A000DCF8001001F00F0102F01F02595CD0401A
:1079B00040F20C02C2F2004201F01F0120FA01F174
:1079C000116040F20802C2F200421060DCF80400CC
:1079D000C0F30210185C00F01F0021FA00F080BD17
:1079E00080B500F02DF844F2184C48F23C03C5F67F
:1079F000020CC0F60103DCF80020C2F303229A5CFB
:107A0000DCF8001001F00F0102F01F02595CD040B9
:107A100040F20C02C2F2004201F01F0120FA01F113
:107A2000116040F20802C2F200421060DCF804006B
:107A3000C0F30220185C00F01F0021FA00F080BDA6
:107A400044F20041C5F602010869C0F3C2000328F0
:107A500016D002280ED0002832D10868800649F2DC
:107A60000000C0F2D03058BF70470968C1F3C101AF
:107A7000C840704747F64000C0F27D10704700BF15
:107A80008B6A886AD1F82CC04A6BC0F30510E8B144
:107A9000C2F3CC0203F0030300EE102A9FED2A1A72
:107AA000B8EE400A20EE010A9FED281ADFE803F045
:107AB000022110210A6892060ED49FED261A18E0C2
:107AC00040F60010C0F23D00704700BF0020704734
:107AD0009FED1F1A0DE000BF0A6849F20003C0F2D3
:107AE000D033C2F3C10223FA02F201EE102AB8EE3B
:107AF000411A0A6B9FED183A6FF35F2202EE102ACB
:107B00005FEACC7203FE000A03EE100A086BB8EEBF
:107B1000422AC0F34620B8EE433A013030EE020A62
:107B2000B7EE002A81EE031A30EE020A21EE000AB7
:107B300001EE100AB8EE411A80EE010ABCEEC00A4E
:107B400010EE100A704700BF000000390024744A8C
:107B500020BCBE4B0024744C00000000000000005C
:107B600070B3F0B581B00446007844F20046C00717
:107B7000C5F6020626D1207880076AD5306910F054
:107B80003801B06A42D0182908BF5FEA80703DD042
:107B9000E0683168002800F02D8121F019010843C8
:107BA0003060FEF76DFD0546306840074AD4FEF7A9
:107BB00067FD401B0228F7D9032001B0F0BD00BFCC
:107BC00001207047306900F03801B06A102905D0F3
:107BD00018290BD100F00300022807D13068800378
:107BE000C9D560680028C6D1AAE000BF61683068C6
:107BF000002900F03981B1F5A02F00F02D81B1F5F9
:107C0000803F40F0478140F4803049E130684007D0
:107C1000E06802D5002800F09380316821F0190156
:107C200008433060FEF72CFD054600BF3068400772
:107C300008D4FEF725FD401B02284FF00300F5D9BC
:107C400001B0F0BD7068216920F0FE4040EA01609B
:107C500070602078C0061AD5306900F03801B06A2B
:107C6000082907D0182940F0858000F0030001287A
:107C700040F080803068C00502D5E06980285FD17F
:107C8000F068216A20F07C5040EA0160F0602078C2
:107C900000073FD42078800656D42078400700F1B2
:107CA0008180656A9DB3306900F03800182840F083
:107CB0001981012DB16A306B42D001F00302A36A31
:107CC0009A423DD1C1F30511E26A914238D1014691
:107CD000226B6FF35F21013A914231D1C0F346220A
:107CE000616B01398A422BD1C0F30642A16B013985
:107CF0008A4225D1C0F30660E16B013988421FD169
:107D0000706BA16CC0F3CC00814240F0A5810020D3
:107D100001B0F0BD60690028706F59D040F00100DB
:107D20007067FEF7ADFC0546706F8007B2D4FEF7B2
:107D3000A7FC401B0228F7D9032001B0F0BD00BF0B
:107D4000012001B0F0BD00BFA0690028306871D0EB
:107D500040F480503060FEF793FC054630688004A4
:107D60009BD4FEF78DFC401B0228F7D9032001B0FD
:107D7000F0BD00BFE0690028306800F0A18040F04D
:107D800080003060FEF77CFC054600BF3068C0050F
:107D90003FF576AFFEF774FC401B02284FF003005E
:107DA000F4D94DE7D6F8000440F48070C6F800041A
:107DB000FEF766FC054600BFD6F80004C0052BD4CC
:107DC000FEF75EFC401B6428F6D9032001B0F0BD2D
:107DD00020F001007067FEF753FC0546706F8007C6
:107DE0007FF558AFFEF74CFC401B02284FF0030014
:107DF000F4D925E721F001003060FEF741FC05468B
:107E0000306840077FF525AFFEF73AFC401B02289B
:107E10004FF00300F4D913E7A168306F002900F098
:107E20008B80052900F08080012940F09D8040F082
:107E300001009FE020F480503060FEF721FC0546F1
:107E4000306880047FF529AFFEF71AFC401B02283A
:107E50004FF00300F4D9F3E640F48020306030683E
:107E600040F480301CE000BF20F480303060306887
:107E700020F480203060FEF703FC05463068800364
:107E80007FF579AEFEF7FCFB401B64284FF0030042
:107E9000F4D9D5E620F480303060306820F48020BA
:107EA0003060FEF7EDFB0546306880033FF563AEBA
:107EB000FEF7E6FB401B6428F6D9032001B0F0BDB5
:107EC00020F080003060FEF7DBFB05463068C0051F
:107ED0007FF5DDAEFEF7D4FB401B02284FF0030018
:107EE000F4D9ADE6306820F080703060FEF7C8FB52
:107EF000022D05460CD100BF306880014CD5FEF73D
:107F0000BFFB401B02284FF00300F5D998E600BFE5
:107F1000306880017FF5FBAEFEF7B2FB401B022804
:107F20004FF00300F4D98BE640F004003067306F67
:107F300040F001001EE000BF20F001003067306F0C
:107F400020F004003067FEF79BFB054641F28837BE
:107F5000306F80077FF5A5AEFEF792FB401BB8425D
:107F60004FF00300F4D96BE620F001003067306F6A
:107F700020F004003067FEF783FB054641F28837A6
:107F8000306F80073FF58DAEFEF77AFB401BB8429D
:107F90004FF00300F4D953E604F12807B06A40F229
:107FA000F33188438ECF0843591E40EA02104FF444
:107FB0007E426FF35F21B06202EB47204FF4FE0276
:107FC00080B2E36B0844A16B02EB01414FF0FE422B
:107FD00001F4FE0102EB0362084402F0FE41084492
:107FE0003063F06A4FF6F87120F00100F062706BB8
:107FF000A26C884340EAC2007063F06A216C20F0F2
:108000000C000843F062F06A616C20F00200084343
:10801000F062F06A40F48030F062F06A40F40030C0
:10802000F062F06A40F48020F062F06A40F00100F3
:10803000F062306840F080703060FEF721FB04464B
:10804000306880013FF563AEFEF71AFB001B022883
:108050004FF00300F4D9F3E5F06A20F00100F0627C
:10806000FEF70EFB0546FEF70BFBA842FBD0706B3C
:108070004FF6F871A26C884340EAC2007063F06A60
:1080800040F00100F062002001B0F0BD00000000EF
:108090007047000000000000704700000000000072
:1080A000704700000000000060B310B5044690F86F
:1080B0003D0028B9002084F83C00204600F024F858
:1080C000022084F83D002068211D09F07DF8012080
:1080D00084F8480084F83E0084F83F0084F84000AB
:1080E00084F8410084F8420084F8430084F8440096
:1080F00084F8450084F8460084F8470084F83D0081
:10810000002010BD012070477047000000000000F3
:1081100090F83D10012927D1022180F83D10016817
:108120004DF6FF70C4F200008142C86840F00100C3
:10813000C8601BDC40F2FF70C4F2000081422DDDFC
:1081400040F60000C4F2000081423DD040F60040FD
:10815000C4F20000814237D041F60000C4F20000B2
:10816000814231D03CE000BF012070474FF6FF70E4
:10817000C4F2000081421BDD0020C4F201008142F4
:1081800022D044F20000C4F2010081421CD040F22F
:108190000040C4F20100814216D021E0B1F1804FCD
:1081A00012D040F20040C4F2000081420CD017E02F
:1081B0004EF20000C4F20000814205D04EF20040B1
:1081C000C4F2000081420BD107228868C0F201028C
:1081D00002400020062A18BFB2F5803F00D1704748
:1081E000086840F0010008600020704700000000AF
:1081F0007047000000000000F0B581B00446006840
:10820000C5680669B10717D515F0020114D06FF0E3
:1082100002010161012121778069800704D0204695
:10822000FFF7E6FF06E000BF204600F09DF820467D
:1082300000F09EF800202077700719D515F0040093
:1082400016D020686FF00401016102212177806956
:1082500010F4407F04D02046FFF7CAFF06E000BFBD
:10826000204600F081F8204600F082F800202077B8
:10827000300717D515F0080014D020686FF00801FA
:10828000016104212177C069800703D02046FFF7F0
:10829000AFFF05E0204600F067F8204600F068F8E0
:1082A00000202077F00619D515F0100016D02068B0
:1082B0006FF01001016108212177C06910F4407F3F
:1082C00004D02046FFF794FF06E000BF204600F0F0
:1082D0004BF8204600F04CF800202077F00718BF3C
:1082E00015F0010006D020686FF001010161204601
:1082F00000F042F805F0800716F4025F18BF002F67
:1083000002D1F00509D410E020686FF40251016138
:108310002046FFF7C1FEF00507D537B120686FF49E
:10832000807101612046FFF7B3FE700609D515F094
:10833000400006D020686FF040010161204600F047
:1083400027F8B0060CD515F0200009D020686FF092
:1083500020010161204601B0BDE8F040FFF7A0BE5A
:1083600001B0F0BD000000007047000000000000F8
:10837000704700000000000041F200010068C4F2F4
:108380000001884218BF7047FEF782B90000000064
:10839000704700000000000090F88410012901D10E
:1083A000022070472421C0F8881001680A680B6811
:1083B00022F0005223F001030B60002343660A60A1
:1083C0002021C0F8881080F8843000207047000019
:1083D000D0F88C30202B07D110B50446012000299D
:1083E00018BF002A02D110BD02207047E0660020AD
:1083F000206720460AF08CFA002818BF10BDE06EF6
:1084000001282DD1206810210162206850E8000F5A
:10841000216840F0100041E80002002A1FBF2068D8
:1084200050E8000F216840F010001CBF41E8000236
:10843000002A17D0206850E8000F216840F0100093
:1084400041E8000272B1206850E8000F216840F056
:10845000100041E800020020002AD6D1C3E700BF87
:10846000012010BD002010BD01F0D6BC00000000AE
:10847000704700000000000090F88420012A01D11C
:108480000220704770B52422C0F888200268D0F816
:1084900064E0BEF1000FD2F800C0136823F00103BE
:1084A0001360936823F0606341EA0301916019D07F
:1084B000916848F2FC0E9368C0F6010E5B0F48F21B
:1084C0000415C1F34266C0F601051EF80340E95CDD
:1084D0002301B3FBF1F11EF80630AE5D1B01B3FBC7
:1084E000F6F301E001210123A0F86A102021A0F891
:1084F0006830C2F800C0C0F88810002180F88410ED
:10850000002070BD0000000090F88420012A01D1F5
:108510000220704770B52422C0F888200268D0F885
:1085200064E0BEF1000FD2F800C0136823F001032D
:108530001360936823F0604341EA0301916019D00E
:10854000916848F2FC0E9368C0F6010E5B0F48F28A
:108550000415C1F34266C0F601051EF80340E95C4C
:108560002301B3FBF1F11EF80630AE5D1B01B3FB36
:10857000F6F301E001210123A0F86A102021A0F800
:108580006830C2F800C0C0F88810002180F884105C
:10859000002070BD000000007047000000000000D7
:1085A000704700000000000010B50446206850E845
:1085B000000F216820F4907041E80002F2B12068B9
:1085C00050E8000F216820F4907041E80002002A72
:1085D0001FBF206850E8000F216820F490701CBF76
:1085E00041E80002002A09D0206850E8000F216805
:1085F00020F4907041E80002002AD7D14FF6FE70B7
:10860000CEF6FF70216851E8021F2268014042E85F
:108610000213DBB1216851E8021F2268014042E8E1
:108620000213002B1FBF216851E8021F226801407E
:108630001CBF42E80213002B08D0216851E8021F3A
:108640002268014042E80213002BDBD1E06E0128D2
:1086500027D1206850E8000F216820F0100041E881
:108660000002F2B1206850E8000F216820F01000ED
:1086700041E80002002A1FBF206850E8000F21686F
:1086800020F010001CBF41E80002002A09D0206839
:1086900050E8000F216820F0100041E80002002A95
:1086A000D7D12068806840063AD5206850E8020F8C
:1086B000216820F0400041E80202F2B1206850E851
:1086C000020F216820F0400041E80202002A1FBF8B
:1086D000206850E8020F216820F040001CBF41E8EC
:1086E0000202002A09D0206850E8020F216820F019
:1086F000400041E80202002AD7D1D4F8800078B1C6
:1087000000210165FBF788F850B1D4F88000FBF731
:1087100073FC202804D11020C4F89000032010BD61
:1087200020680F210162816941F0080181612020E8
:10873000C4F88C000020E06610BD000000000000BE
:1087400010B50446206850E8000F216820F0C000F2
:1087500041E80002F2B1206850E8000F216820F0E3
:10876000C00041E80002002A1FBF206850E8000F47
:10877000216820F0C0001CBF41E80002002A09D097
:10878000206850E8000F216820F0C00041E8000296
:10879000002AD7D1206850E8020F216820F4000099
:1087A00041E80202F2B1206850E8020F216820F48B
:1087B000000041E80202002A1FBF206850E8020FB3
:1087C000216820F400001CBF41E80202002A09D001
:1087D000206850E8020F216820F4000041E80202FE
:1087E000002AD7D120688068000639D5206850E873
:1087F000020F216820F0800041E80202F2B12068F7
:1088000050E8020F216820F0800041E80202002AAF
:108810001FBF206850E8020F216820F080001CBFB5
:1088200041E80202002A09D0206850E8020F2168BE
:1088300020F0800041E80202002AD7D1E06F78B131
:1088400000210165FAF7E8FF50B1E06FFBF7D4FBB8
:10885000202805D1902203201021A15010BD00BF77
:10886000606EB0F1005F04D12068816941F01001B1
:108870008161882200202021A15010BD000000004D
:1088800010B50446F9F730F92046F9F7C5FC204643
:1088900001F0C6FA204602F043FB2046BDE8104036
:1088A00003F036BA0000000070B5016840F62F02F0
:1088B000CB691A40202A0A688E680BD102F0200486
:1088C00006F080552D1917D0416F69B3BDE870408F
:1088D000084700BF40F60F052B420DD0012540F29E
:1088E0002014C1F20005C0F2004406EA050C02EAB9
:1088F000040515EB0C0525D1DD06C46E16D5012C3B
:1089000014D112F0100511D010220A6289684906AC
:1089100066D4B0F85C10B0F85E20B0F85E30002B82
:1089200018BF914240F0688270BD00BFDD0215D5CE
:1089300016F4800512D04FF480120A62BDE8704030
:10894000FFF72EBEDD0718BF12F4807540F02A81B4
:108950009D0706F0010E00F131813AE1190606D5B6
:1089600002F0800106F40006891940F0CB82590616
:1089700040F10C8112F0400100F00881016851E8DB
:10898000001F026821F0400142E80013F3B10168C2
:1089900051E8001F026821F0400142E80013002B5B
:1089A0001FBF016851E8001F026821F040011CBF91
:1089B00042E80013002B09D0016851E8001F02684B
:1089C00021F0400142E80013002BD7D12021C0F84C
:1089D000881000218167BDE8704001F04DB800BFEC
:1089E000D0F8802011684B68B0F85C4099B200293B
:1089F00000F0C280A14280F0BF80A0F85E30D16953
:108A0000B1F5807F00F0AC80016851E8001F02687A
:108A100021F4807142E80013F3B1016851E8001FAE
:108A2000026821F4807142E80013002B1FBF016827
:108A300051E8001F026821F480711CBF42E8001356
:108A4000002B09D0016851E8001F026821F48071F1
:108A500042E80013002BD7D1016851E8021F0268D9
:108A600021F0010142E80213F3B1016851E8021F4D
:108A7000026821F0010142E80213002B1FBF0168C8
:108A800051E8021F026821F001011CBF42E80213F5
:108A9000002B09D0016851E8021F026821F0010192
:108AA00042E80213002BD7D1016851E8021F026887
:108AB00021F0400142E80213F3B1016851E8021FBE
:108AC000026821F0400142E80213002B1FBF016839
:108AD00051E8021F026821F040011CBF42E8021366
:108AE000002B09D0016851E8021F026821F0400103
:108AF00042E80213002BD7D12021C0F88C100021AE
:108B0000C166016851E8001F026821F0100142E8C7
:108B10000013F3B1016851E8001F026821F0100151
:108B200042E80013002B1FBF016851E8001F0268D4
:108B300021F010011CBF42E80013002B09D001688E
:108B400051E8001F026821F0100142E80013002BD9
:108B5000D7D1D0F8801004460846FAF75DFE2046CB
:108B600002210167B0F85C10B0F85E20891A89B262
:108B7000BDE87040FFF778BC8C427FF4D5AED26977
:108B8000B2F5807F7FF4D0AEB6E100BF190240F1AC
:108B9000C58112F0804100F0C181BDE87040FFF74F
:108BA000FBBC00BF01250D62D0F8905045F00105D7
:108BB000C0F890509D0706F0010E0AD5BEF1000FD7
:108BC00007D002240C62D0F8904044F00404C0F8AE
:108BD00090405C070AD5BEF1000F07D004250D6256
:108BE000D0F8905045F00205C0F890501D070CD504
:108BF00002F0200555EA0C0507D008250D62D0F8D3
:108C0000905045F00805C0F890501D050BD512F0A6
:108C1000806508D04FF400650D62D0F8905045F0A3
:108C20002005C0F89050D0F89050002D3FF47CAE55
:108C30009B060BD502F0200206F08053D21805D017
:108C4000426F1AB10446904720462168D0F8902020
:108C5000896801F0400102F02802891806D1044613
:108C6000FFF70EFE0020C4F8900070BD016851E8C7
:108C7000001F026821F4907142E80013F3B101680B
:108C800051E8001F026821F4907142E80013002BA4
:108C90001FBF016851E8001F026821F490711CBFDA
:108CA00042E80013002B09D0016851E8001F026858
:108CB00021F4907142E80013002BD7D14FF6FE71DA
:108CC000CEF6FF71026852E8022F03680A4043E8BB
:108CD0000226DEB1026852E8022F03680A4043E828
:108CE0000226002E1FBF026852E8022F03680A40C6
:108CF0001CBF43E80226002E08D0026852E8022F6B
:108D000003680A4043E80226002EDBD1C16E012928
:108D100027D1016851E8001F026821F0100142E8E4
:108D20000013F3B1016851E8001F026821F010013F
:108D300042E80013002B1FBF016851E8001F0268C2
:108D400021F010011CBF42E80013002B09D001687C
:108D500051E8001F026821F0100142E80013002BC7
:108D6000D7D12021C0F88C100021C166026841676C
:108D70009168490640F1CE80016851E8021F0268FF
:108D800021F0400142E80213F3B1016851E8021FEB
:108D9000026821F0400142E80213002B1FBF016866
:108DA00051E8021F026821F040011CBF42E8021393
:108DB000002B09D0016851E8021F026821F0400130
:108DC00042E80213002BD7D1D0F88010002900F020
:108DD000A18041F2D15204460846C0F601020A655C
:108DE000FAF7AEFF00283FF49FADD4F88000016D84
:108DF000BDE87040084700BF891A026852E8002F9A
:108E0000036822F4907243E80026F6B1026852E843
:108E1000002F036822F4907243E80026002E1FBF43
:108E2000026852E8002F036822F490721CBF43E8E6
:108E30000026002E09D0026852E8002F036822F4B1
:108E4000907243E80026002ED7D14FF6FE72CEF680
:108E5000FF72036853E8023F0668134046E8023594
:108E6000DDB1036853E8023F0668134046E8023567
:108E7000002D1FBF036853E8023F066813401CBF64
:108E800046E80235002D08D0036853E8023F066823
:108E9000134046E80235002DDBD12022C0F88C209B
:108EA0000022C2664267026852E8002F036822F07F
:108EB000100243E80026F6B1026852E8002F03686A
:108EC00022F0100243E80026002E1FBF026852E87D
:108ED000002F036822F010021CBF43E80026002E7A
:108EE00009D0026852E8002F036822F0100243E81C
:108EF0000026002ED7D189B202220267BDE8704059
:108F0000FFF7B2BA816F00293FF40EADBDE87040A3
:108F1000084700BFBDE87040FFF7B2BCD9017FF53C
:108F200003ADB2F1FF3FC8BF70BDBDE87040FFF7B1
:108F30009FBA00000000000010B5D8B10446D0F878
:108F4000880028B9002084F88400204600F028F822
:108F50002420C4F888002068A16A0268002922F051
:108F60000101016002D0204608F00AFA204609F00B
:108F70007FFA08B1012010BD2068416821F49041BA
:108F80004160816821F02A018160016841F001019E
:108F900001602046BDE8104008F062BA0000000001
:108FA0002DE9F041B6B000210446CDE93411CDE9F8
:108FB0003211319102A8B821F7F765FB40F6FF7135
:108FC0002068C4F20101884278DC44F60041C4F212
:108FD0000001884200F0F88047F60001C4F2000169
:108FE000884200F0CB8147F60041C4F2000188427C
:108FF00040F0A38244F2E04040F21008C5F60200BF
:109000000026C4F20208816841F000418160816855
:1090100001F0004101910199016841F010010160E6
:10902000006831A900F010000190019803203190F0
:10903000022032900820359041F20000C5F602006F
:1090400033963496FDF720FA40F6901508F58660C1
:10905000C2F200454FF4806728605120C5E901063F
:109060002846EE60C5E90476C5E90666C5E90866E6
:10907000FBF7DAFB08B1FAF75BFAC4F8805008F5A1
:109080008960AC6340F60825C2F2004505F108018D
:109090002860522068604020C1C128466E62C5E940
:1090A0000566C5E90766FBF7BFFB00284FF05306CE
:1090B0004FF07C0740F0358235E200BF41F20001FD
:1090C000C4F20101884200F0E38041F20041C4F2A1
:1090D0000101884200F0B88141F60001C4F20101AB
:1090E000884240F02A820120029002A800260396BE
:1090F000FDF786FD08B1FAF71BFA44F2E04040F2B2
:109100001008C5F60200C4F20208016941F04001EE
:109110000161016901F0400101910199016841F08B
:1091200008010160006841F2000100F008000190B0
:10913000C5F6020101984FF4404031900220349668
:10914000CDE932060B203590A1F5806031A9FDF7FD
:109150009BF940F6802508F58060C2F200454FF487
:10916000806728607420C5E901062846EE60C5E9DD
:109170000476C5E90666C5E90866FBF755FB08B144
:10918000FAF7D6F9C4F8805008F58360AC6340F66E
:10919000F825C2F200452860752068604020A8606C
:1091A0000020C5E90307C5E90500C5E907006862B5
:1091B0002846FBF739FB00284FF09B064FF07C0751
:1091C00040F0AF81AFE100BF44F2E04040F2100850
:1091D000C5F60200C4F202080026816841F40021AD
:1091E0008160816801F4002101910199016841F0D9
:1091F00001010160006831A900F0010001900198AF
:1092000003203190022032900820359041F2000076
:10921000C5F602003396A0F580503496FDF734F978
:1092200040F6280508F16000C2F200454FF480675F
:1092300028604020C5E901002846EE60C5E90476B3
:10924000C5E90666C5E90866FBF7EEFA08B1FAF764
:109250006FF9E56708F17800AC6340F2B075C2F2CF
:10926000004528603F20C5E9010628466E62C5E931
:109270000367C5E90566C5E90766FBF7D5FA002867
:109280004FF034064FF0800740F04B814BE100BFB8
:109290000120029002A800260396FDF7B1FC08B158
:1092A000FAF746F944F2E04040F21008C5F6020031
:1092B000C4F20208016941F010010161016901F085
:1092C000100101910199016841F0020101600068FB
:1092D00041F2000100F002000190C5F60201019880
:1092E0004FF44040319002203496CDE932060420FC
:1092F0003590A1F5406031A9FDF7C6F840F670350C
:1093000008F13000C2F200454FF480672860292040
:10931000C5E901064FF48070EE60C5E906604FF4C0
:109320004030C5E908062846C5E90476FBF77CFA13
:1093300008B1FAF7FDF8C4F8805008F14800AC63B2
:1093400040F6E835C2F200454FF4003128602A208B
:1093500068604020A8600020C5E90307C5E9050052
:10936000E861C5E908102846FBF75EFA00284FF0CF
:1093700025064FF07C0740F0D480D4E044F2E04072
:1093800040F21008C5F602000026C4F20208816807
:1093900041F080418160816801F080410191019933
:1093A000016841F010010160006831A900F010006F
:1093B000019001984FF4C070319002203290072044
:1093C000359041F20000C5F6020033963496FDF761
:1093D0005BF840F6A00508F19000C2F200454FF49A
:1093E000806728604F20C5E901064FF48070EE6069
:1093F000C5E907062846AE61C5E904766E62FBF74B
:1094000013FA08B1FAF794F8C4F8805008F1A800EC
:10941000AC6340F61815C2F2004505F1080128605A
:10942000502068604020C1C128466E62C5E90566CB
:10943000C5E90766FBF7F8F900284FF052064FF030
:109440007C076ED16FE000BF0120029002A80026C9
:109450000396FDF7D5FB08B1FAF76AF844F2E0404D
:1094600040F21008C5F60200C4F20208016941F09A
:1094700020010161016901F0200101910199016858
:1094800041F004010160006841F2000100F00400B5
:109490000190C5F602010198C02031900220349657
:1094A000CDE9320607203590A1F5006031A9FCF71F
:1094B000EBFF40F660454720C2F200454FF480675D
:1094C000C5E901064FF48070C5F80080C5E90706BC
:1094D0002846EE60C5E90476AE616E62FBF7A4F93A
:1094E00008B1FAF725F8C4F8805008F11800AC6309
:1094F00040F6D845C2F20045286048206860402008
:10950000A8600020C5E90307C5E90500C5E9070013
:1095100068622846FBF788F94FF047064FF07C0752
:1095200008B1FAF705F8052100223046E551AC6391
:10953000FDF7C2F93046FDF7ABF936B0BDE8F08172
:10954000D0F88C30202B0BD194460A4600294FF0DE
:10955000010118BFBCF1000F06D10846704700BFDB
:1095600002210846704700BF10B54FF0000EC0F84A
:109570006CE040F600440368C5F60004A34203D043
:109580005B681B0200F1B28082652221A0F85CC0FA
:10959000C0F890E0C0F88C10D0F8803033B341F2BE
:1095A000C97141F66114C0F60101C0F60104C3E9B6
:1095B0000F1441F2D9510024C0F60101C3E913147C
:1095C00001680446243118466346FBF77DFC0146DA
:1095D000204659B11021C0F890102021C0F88C10FD
:1095E0000121BDE810400846704700BF016939B34A
:1095F000016851E8001F026841F4807142E80013DD
:10960000F3B1016851E8001F026841F4807142E83B
:109610000013002B1FBF016851E8001F026841F4CE
:1096200080711CBF42E80013002B09D0016851E88B
:10963000001F026841F4807142E80013002BD7D16B
:10964000016851E8021F026841F0010142E802137B
:10965000F3B1016851E8021F026841F0010142E8DC
:109660000213002B1FBF016851E8021F026841F07E
:1096700001011CBF42E80213002B09D0016851E828
:10968000021F026841F0010142E80213002BD7D10A
:10969000016851E8021F026841F0400142E80213EC
:1096A000F3B1016851E8021F026841F0400142E84D
:1096B0000213002B1FBF016851E8021F026841F02E
:1096C00040011CBF42E80213002B09D0016851E899
:1096D000021F026841F0400142E80213002BD7D17B
:1096E0000021BDE810400846704700BF036853E8FA
:1096F000003F046843F0806344E8003100293FF4F0
:1097000043AF016851E8001F036841F0806143E8FE
:109710000014002C1FBF016851E8001F036841F0CE
:1097200080611CBF43E80014002C3FF42DAF01689A
:1097300051E8001F036841F0806143E80014002CE9
:10974000D4D121E700000000D0F88C30202B07D1C5
:109750000123002918BF002A06D11846704700BF10
:1097600002231846704700BF80B50023C36640F649
:109770000043D0F800C0C5F600039C4503D0DCF8D8
:1097800004301B0204D409F06FF9002080BD00BF33
:10979000036853E800CFD0F800E04CF080634EE857
:1097A000003CBCF1000FEED0036853E800CFD0F8C6
:1097B00000E04CF080634EE8003CBCF1000F1FBF9E
:1097C000036853E800CFD0F800E04CF080631CBF82
:1097D0004EE8003CBCF1000FD5D0036853E800CF41
:1097E000D0F800E04CF080634EE8003CBCF1000F84
:1097F000CED1C8E70000000010B50446F8F718FA0B
:109800002046BDE81040F8F797BD000000000000BA
:1098100070470000000000002DE9F04381B00446CD
:10982000D0F88800202809D188460120002918BFD7
:10983000002A07D101B0BDE8F08300BF022001B0CB
:10984000BDE8F0831D460020C4F890002120C4F834
:1098500088001646FCF714FFA4F85460A4F856607C
:109860000646A168B1F5805F02D12069002843D087
:1098700047464FF00008B4F856002168002841D050
:1098800005F10109C86900060ED4B9F1000F0FD027
:10989000002D61D0FCF7F4FE801BA8425ED8216841
:1098A0000868C8690006F5D587B117F8010B12E002
:1098B000C8690006F8D4C86900065CBFC8695FEAD9
:1098C0000060F1D4C8690006F2D5EDE738F8020B64
:1098D00000276FF35F208862D4F8880000F0210031
:1098E00021284BD1B4F856000138A4F85600B4F83A
:1098F00056000028C6D105E00027B4F856002168BC
:109900000028BDD1C86940061ED42DB3681C14D1EF
:10991000C86940062AD4C869400627D4C8694006E9
:1099200024D4C86940064FF00000F1D50DE000BF17
:1099300020680168C069400618D4FCF7A1FE801BAE
:10994000A842F5D90AE000BF00202021C4F8881001
:1099500001B0BDE8F08300BFFCF792FE0320202198
:10996000C4F8881001B0BDE8F08300BF00202021BA
:10997000C4F8881001B0BDE8F08300BF012001B039
:10998000BDE8F08300000000D0F88830202B07D11C
:1099900013460122002918BF002B05D1104670473D
:1099A00002221046704700BF10B501650022A0F8E2
:1099B00054302124A0F85630C0F89020C0F88840D8
:1099C000D0F87CC0BCF1000F24D041F6991E41F6BE
:1099D0005924C0F6010EC0F60104CCE90FE441F2AF
:1099E000D954C0F60104CCE9134202680446283277
:1099F0006046FBF769FA0146204659B11021C0F8CC
:109A000090102021C0F888100122BDE810401046B7
:109A1000704700BF016840220A62016851E8021FD6
:109A2000026841F0800142E80213F3B1016851E895
:109A3000021F026841F0800142E80213002B1FBFA1
:109A4000016851E8021F026841F080011CBF42E832
:109A50000213002B09D0016851E8021F026841F08F
:109A6000800142E80213002BD7D10022BDE810404C
:109A7000104670470000000010B5044601F040FA9F
:109A80002046BDE8104002F033B90000000000009D
:109A90007047000000000000FEE70000000000002A
:109AA00070B52DED028B40F20435C2F200452B78E3
:109AB000012B41D195F86130012B3DD195F83C3017
:109AC000042B39D195F86030012B35D195F85E30F3
:109AD000012B31D195F85F3073B3131F4FF6F87631
:109AE0009BB2B3424AD840F21800C2F2004090F84C
:109AF0004C10012910D000210123C0E90511037782
:109B0000C0E90D1180F83C30C0E910118164016595
:109B100080F8541080F84C30296B012380F85530C0
:109B20000020C5E91510A5F85C2085F8620010B288
:109B3000BDEC028B70BD00BF40F21800C2F20040C5
:109B400090F84C10A1B100210123C0E90511037761
:109B5000C0E90D1180F83C300165A0F85410C0E94F
:109B60001011816480F84C10C5E9151185F8621058
:109B7000A5F85C2010B2BDEC028B70BD02B240F2C1
:109B80001804C2F20044002380EAE230A0EBE23085
:109B90000AB280B2032881EAE230A0EBE2304FF053
:109BA000000180B238BF012103284FF0020038BF06
:109BB000012394F8552011EA030618BF03205AB177
:109BC00094F84C10814210D1FCF75AFD94F85410CF
:109BD000012920D02AE000BF296B6965012184F8A2
:109BE000551094F84C108142EED000210122C4E9B6
:109BF00005112277C4E90D1184F83C20C4E9101145
:109C0000A16484F8541084F84C00FCF739FD94F8F2
:109C1000541001290AD1216D411A042906D8B5F83A
:109C20005C2010B2BDEC028B70BD00BF95ED0D0A3B
:109C30002065012084F854000AF0EAFE95ED0C1A24
:109C400095ED152A32EE411AB0EE408A9FED422A78
:109C5000B4EE421AF1EE10FA54DA9FED410A04EB29
:109C60004614B4EE401AF1EE10FA1DDA9FED3D2ACB
:109C700031EE021AB4EE401AF1EE10FA14DA31EEB7
:109C8000021AB4EE401AF1EE10FABEBF31EE021A1B
:109C9000B4EE401AF1EE10FA06DA31EE021AB4EE22
:109CA000401AF1EE10FAE3DBB0EEC10A9FED2E2A66
:109CB000012085ED161A85F86200B4EE420AF1EE35
:109CC00010FA3FDDB0EE410A20460AF061FDB1EE28
:109CD000041A98EE010A94ED041AB1EE412A80FEAE
:109CE000411AB4EE402AF1EE10FA32FE010ABDEE3E
:109CF000C00A10EE102AA5F85C2010B2BDEC028B51
:109D000070BD00BF9FED150A31EE001AB4EE421A85
:109D1000F1EE10FAA1BF31EE001AB4EE421AF1EEE4
:109D200010FA31EE001AA4BFB4EE421AF1EE10FAA6
:109D300093DB31EE001AB4EE421AF1EE10FAE3DAD8
:109D40008BE700BF00222077C4E90522A5F85C203C
:109D500010B2BDEC028B70BD000034430000B4C3F0
:109D6000000034C30000B4437B142E3E000000000A
:109D700040F20431C2F200410A78012A18BF70474C
:109D800081F8610040F21800C2F200400022012375
:109D9000A1F85C20C0E905220377C0E90D2280F814
:109DA0003C300265A0F85420C0E91022826480F89B
:109DB0004C20C1E9152281F86220704700000000A4
:109DC00040F204320346C2F200420028117818BF64
:109DD0000123194001291BD170B502F13806D2E9DF
:109DE0000CCE78CE46610561C4608360C0E900CEC8
:109DF000D2E912CED2E91454D2E91636C0E90A36B5
:109E0000C0E90854C0E906CE126E0263BDE8704096
:109E1000084670470000000000F0BEBC00000000D3
:109E200000F00EBF00000000B0B540F20434C2F2F2
:109E30000044207810B10020B0BD00BF04F1300014
:109E40003421F6F720FC40F67C70C2F2004000F0AE
:109E50000FFF28B1052084F83C000120B0BD00BFF1
:109E60000020E062C4E90500C4E90700C4E9090074
:109E7000012584F83C5084F86150FCF701FC643003
:109E8000A061FCF7FDFB0146002001F57A716162DB
:109E90002570B0BD0000000070B58CB040F20435F4
:109EA000C2F200452878012840F0E28200F008FF65
:109EB000684600F035FCE8B1FCF7E2FBA96906460C
:109EC000401A00F1B080287D042800F2AC80DFE861
:109ED00000F003735F67310048F250100421C0F6B0
:109EE000010000F0F9FF00286FD10120287506F16C
:109EF000320097E007202875052085F83C0040F2E5
:109F000018000021C2F200400122C5E91511C0E984
:109F100005110277C0E90D1180F83C200165A0F819
:109F20005410C0E91011816480F84C10E96585F87F
:109F300062109DE295F82E000FF21C61085C48F259
:109F40005011C0F6010100EB400001EB40004179E7
:109F500000F0C2FFC8BB95F82E00013085F82E0036
:109F6000C1B209295CD395F82F00012840F0EA829C
:109F7000002085F82F000620287506F5FA60686233
:109F8000042085F83C009DF8100001284FD0B0E077
:109F900003202875022085F83C0006F1640041E0AA
:109FA000002085F82E0004202875AE619DF8100071
:109FB00001283CD09DE000BF48F250100421C0F6BB
:109FC0000100063000F088FF20B307202875052027
:109FD00085F83C0040F218000021C2F20040012246
:109FE000C5E91511C0E905110277C0E90D1180F826
:109FF0003C200165A0F85410C0E91011816480F87C
:10A000004C10E96585F862109DF8100001280ED00B
:10A010006FE000BF0220287506F57A6002E000BFFD
:10A0200006F11400A8619DF81000012861D1029882
:10A03000E96988425DD0297DE86106294ED005296D
:10A0400040F0BD81A88D9DED000A95ED0A1A30EE15
:10A05000010A411C88B285ED0A0AC828A98548D39F
:10A0600001EE100A4FF07E5129614FF48071A5F87E
:10A070005E1040F21801B8EE411AC2F20041039896
:10A0800028620020A5F8010080EE010A012285ED7A
:10A090000E0AC5E90200C5E90C00C1E905000A770E
:10A0A000C1E90D0081F83C200865A1F8540081F851
:10A0B0004C00C1E910008864C5E91500A5F85C00F2
:10A0C00085F8620006202875FCF7DAFA00F57A7048
:10A0D0006862042085F83C000BE000BF9DED000A9B
:10A0E00095ED0E1A31EE400A012085ED0D0A85F836
:10A0F0005F00287D062840F062819DF8110001284C
:10A1000040F05D810398296A884200F058819DEDF6
:10A11000012A9FEDD80AB1EE421A2862B4EE402A15
:10A12000F1EE10FA40F3CC80B4EE401AF1EE10FAE2
:10A130001DDA9FEDD12A31EE021AB4EE401AF1EE8B
:10A1400010FA14DA31EE021AB4EE401AF1EE10FAF7
:10A15000BEBF31EE021AB4EE401AF1EE10FA06DA82
:10A1600031EE021AB4EE401AF1EE10FAE3DB687831
:10A17000002800F0C78095ED022A31EE422A9FEDBB
:10A18000BF1AB4EE412AF1EE10FA80F2C380B4EEA9
:10A19000402AF1EE10FA1DDA9FEDB73A32EE032AAB
:10A1A000B4EE402AF1EE10FA14DA32EE032AB4EEDD
:10A1B000402AF1EE10FABEBF32EE032AB4EE402A76
:10A1C000F1EE10FA06DA32EE032AB4EE402AF1EE8E
:10A1D00010FAE3DBA878002800F0BC8095ED033A84
:10A1E0009FEDE45A32EE434A95ED042AB4EE414A1B
:10A1F000F1EE10FA80F2448132EE052AB4EE404AC4
:10A20000F1EE10FA1DDA9FEDD95A34EE054AB4EE9C
:10A21000404AF1EE10FA14DA34EE054AB4EE404A40
:10A22000F1EE10FABEBF34EE054AB4EE404AF1EE4C
:10A2300010FA06DA34EE054AB4EE404AF1EE10FAAE
:10A24000E3DBB0EE085A32EE055A82EE055AA5EE6F
:10A25000043AB4EE413AF1EE10FA80F23181B4EEF4
:10A26000403AF1EE10FA1DDA9FEDC01A33EE013AD2
:10A27000B4EE403AF1EE10FA14DA33EE013AB4EEED
:10A28000403AF1EE10FABEBF33EE013AB4EE403A76
:10A29000F1EE10FA06DA33EE013AB4EE403AF1EE9E
:10A2A00010FAE3DBB7EE000A85ED033A30EE450A1B
:10A2B00022EE000AB0EE432A85ED040A7AE000BFE0
:10A2C0009FEDA82A9FEDA83A31EE021AB4EE431A88
:10A2D000F1EE10FAA1BF31EE021AB4EE431AF1EE1C
:10A2E00010FA31EE021AA4BFB4EE431AF1EE10FADE
:10A2F000FFF61AAF31EE021AB4EE431AF1EE10FA7D
:10A30000E2DA11E79FED9A2A85ED021A01206870C2
:10A3100050E000BF9FED933A32EE032AB4EE412A9B
:10A32000F1EE10FAA1BF32EE032AB4EE412AF1EEAB
:10A3300010FA32EE032AA4BFB4EE412AF1EE10FA6D
:10A34000FFF625AF32EE032AB4EE412AF1EE10FA01
:10A35000E2DA1CE7B4EE412AF1EE10FA80F2D28084
:10A36000B4EE402AF1EE10FA1DDA9FED801A32EEBB
:10A37000012AB4EE402AF1EE10FA14DA32EE012A84
:10A38000B4EE402AF1EE10FABEBF32EE012AB4EE6E
:10A39000402AF1EE10FA06DA32EE012AB4EE402A33
:10A3A000F1EE10FAE3DB85ED032A4FF07E502861D1
:10A3B0000120A87085ED0C2A012085F85E0005A813
:10A3C00000F0CAF9E0B105AC09981ECCC5E910014E
:10A3D0000A98AA64301AEB6464284FF000002C65D8
:10A3E0000CD89DF81010C90708D00B980021301A1E
:10A3F00065289DF8110038BF0121084085F86000EC
:10A40000287D062834D195F86000012804D106F58E
:10A410007A7068620CB070BD686A301A28D400F097
:10A420004BFD4FF48070E8850420287506F5FA602E
:10A430006862022085F83C0040F218000021C2F258
:10A440000040AE610122A5F85C10C0E90511027759
:10A45000C0E90D1180F83C200165A0F85410C0E956
:10A460001011816480F84C10C5E915115FE500BF3B
:10A470000CB070BD000034C30000B443000034438E
:10A480009FED386A34EE064AB4EE414AF1EE10FA16
:10A49000A1BF34EE064AB4EE414AF1EE10FA34EEB2
:10A4A000064AA4BFB4EE414AF1EE10FAFFF6A4AE9C
:10A4B00034EE064AB4EE414AF1EE10FAE2DA9BE6D7
:10A4C0009FED284A33EE043AB4EE413AF1EE10FA29
:10A4D000FFF6C5AE33EE043AB4EE413AF1EE10FAAF
:10A4E000A2BF33EE043AB4EE413AF1EE10FAFFF6B1
:10A4F000B6AE33EE043AB4EE413AF1EE10FAE1DAD8
:10A50000ADE600BF9FED173A32EE032AB4EE412AC2
:10A51000F1EE10FAA1BF32EE032AB4EE412AF1EEB9
:10A5200010FA32EE032AA4BFB4EE412AF1EE10FA7B
:10A53000FFF616AF32EE032AB4EE412AF1EE10FA1E
:10A54000E2DA0DE7DDE902010BF062FD9DF8100093
:10A5500001283FF46CADCCE50002030405060708B2
:10A56000090000000000B4C3000034430000B443FD
:10A57000000000000AD7A33CF0B1B0B582B040F2B1
:10A580000435C2F200452978012911D195F86010EF
:10A5900001290DD195F85E10012909D10446FCF777
:10A5A0006FF86968411A322908D2022002B0B0BDA2
:10A5B000012002B0B0BD00BF0120704795ED0C0A2C
:10A5C0009FED151A20EE010ABEEE001AB6EE002A23
:10A5D000686045F6A541ADF80310B5EE400A0123C9
:10A5E000F1EE10FA22FE011A30EE010ABDEEC00AA9
:10A5F00010EE100A8DF8050081B20A0A8DF80620C7
:10A6000080EA11208DF807000DF103010522204694
:10A61000FFF702F902B0B0BD0000C8420000000020
:10A6200040F20431C2F20041087801284CD110EE0A
:10A63000100A20F00040B0F1FF4F45D89FED331ACB
:10A64000B4EE410AF1EE10FA40DA9FED321AB4EEA0
:10A65000410AF1EE10FA1DDA9FED2F2A30EE020AC0
:10A66000B4EE410AF1EE10FA14DA30EE020AB4EE5A
:10A67000410AF1EE10FABEBF30EE020AB4EE410A12
:10A68000F1EE10FA06DA30EE020AB4EE410AF1EE0B
:10A6900010FAE3DB81ED150A0020886540F218010D
:10A6A000C2F200410122C1E905000A77C1E90D00AB
:10A6B00081F83C204FF48072C1E91000886408657D
:10A6C000A1F85420704700BF012070479FED102A69
:10A6D00030EE020AB4EE410AF1EE10FAA1BF30EEFC
:10A6E000020AB4EE410AF1EE10FA30EE020AA4BFFB
:10A6F000B4EE410AF1EE10FAA7DB30EE020AB4EE36
:10A70000410AF1EE10FAE3DA9FE700BF000034439C
:10A710000000B4C3000034C30000B44300000000D4
:10A7200041F2F4220346C2F20042002892F8551387
:10A7300018BF0123194001290CD110B502F5497E3B
:10A74000D2E9CC429EE8085080E80850C0E90342B4
:10A75000BDE810400846704741F2F4220346C2F2B9
:10A760000042002892F8551318BF0123194001290F
:10A7700010D170B502F55076D2E9CECE78CE4661D2
:10A780000561C4608360C0E900CED2F850238261C5
:10A79000BDE87040084670472DE9F04141F2F422CF
:10A7A000C2F2004292F85533012B40F0C381136886
:10A7B000984240F0BF81B1F5807F07D9D2F83C03C1
:10A7C0000130C2F83C03BDE8F08100BFB2F820338D
:10A7D00098B22DD1FF2826D800210BE0B2F81C53E7
:10A7E000154485F80431A2F81C63013083B2B3F537
:10A7F000807F18D013181B79B2F81C630136B5B2EC
:10A80000B1EB552F18BF0026B2F81E53B4B2AC42BC
:10A81000E4D1D2F840330133C2F84033013083B27F
:10A82000B3F5807FE6D10020A2F82003BDE8F081D7
:10A8300081421DD9CB1A13F0030EA3F1010C00F0D5
:10A84000E380131800241B79B2F81C63751CAEB2A8
:10A85000B4EB562F18BF0025B2F81E43AEB2A64285
:10A8600040F0D480D2F840330133C2F84033D4E012
:10A8700028BFBDE8F081FF2827D84FF0000C0BE07F
:10A88000B2F81C33134483F80451A2F81C4301307E
:10A8900083B2B3F5807F18D016183579B2F81C63EF
:10A8A000741CA6B2BCEB562F18BF0024B2F81E636E
:10A8B000A3B2B342E4D1D2F840330133C2F84033FB
:10A8C000013083B2B3F5807FE6D1002900F03081FA
:10A8D00001F0030C04294FF000084FF0000378D377
:10A8E00001F4FE7E08E000BFD2F840030130C2F858
:10A8F000400304339E456CD0D4182579B2F81C630C
:10A900000136B7B2B8EB572F18BF0026B2F81E7346
:10A91000B0B2B84206D1D2F840030130C2F84003C9
:10A9200007E000BFB2F81C03104480F80451A2F8FD
:10A930001C636579B2F81C03461CB0B2B8EB502F0B
:10A9400018BF0026B2F81E03B7B2874206D1D2F86C
:10A9500040030130C2F8400307E000BFB2F81C0317
:10A96000104480F80451A2F81C63A579B2F81C03C6
:10A97000461CB0B2B8EB502F18BF0026B2F81E0329
:10A98000B7B2874206D1D2F840030130C2F8400383
:10A9900007E000BFB2F81C03104480F80451A2F88D
:10A9A0001C63E479B2F81C03451CA8B2B8EB502F25
:10A9B00018BF0025B2F81E03AEB2864294D0B2F89A
:10A9C0001C03104480F80441A2F81C5304339E4534
:10A9D00092D1BCF1000F00F0AB80D01800260379B3
:10A9E000B2F81C737D1CAFB2B6EB572F18BF002511
:10A9F000B2F81E73AEB2BE422CD1D2F8403301334E
:10AA0000C2F840332DE000BF03468DE0B2F81C438E
:10AA1000144484F80431A2F81C53BEF1010F00F174
:10AA2000010300F08180134400261B79B2F81C4317
:10AA3000651CACB2B6EB542F18BF0025B2F81E430C
:10AA4000AEB2A64226D1D2F840330133C2F8403329
:10AA500027E000BFB2F81C73174487F80431A2F84E
:10AA60001C53BCF1010F63D04379B2F81C7300266C
:10AA70007D1CAFB2B6EB572F18BF0025B2F81E737E
:10AA8000AEB2BE4228D1D2F840330133C2F84033CF
:10AA900029E000BFB2F81C43144484F80431A2F842
:10AAA0001C53BEF1020F00F102033DD013440024F9
:10AAB0001B79B2F81C63751CAEB2B4EB562F18BFED
:10AAC0000025B2F81E63ACB2B44225D1D2F84033AF
:10AAD0000133C2F8403326E0B2F81C73174487F8FC
:10AAE0000431A2F81C53BCF1020F21D08079B2F8D6
:10AAF0001C33002601339FB2B6EB572F18BF00233B
:10AB0000B2F81E739EB2BE4240F09080D2F840036D
:10AB10000130C2F840030BE0B2F81C63164486F81B
:10AB20000431A2F81C53C31C1FFA8CF0032803D273
:10AB3000A2F82013BDE8F0814FF0000C09E000BF3F
:10AB4000D2F840030130C2F84003043398B2814286
:10AB5000EED0D41894F804E0B2F81C630136B5B214
:10AB6000BCEB552F18BF0026B2F81E53B0B2A84256
:10AB700006D1D2F840030130C2F8400307E000BF1D
:10AB8000B2F81C03104480F804E1A2F81C6394F8A6
:10AB900005E0B2F81C630136B5B2BCEB552F18BF07
:10ABA0000026B2F81E53B0B2A84205D1D2F8400335
:10ABB0000130C2F8400306E0B2F81C03104480F8EC
:10ABC00004E1A2F81C6394F806E0B2F81C630136B5
:10ABD000B5B2BCEB552F18BF0026B2F81E53B0B269
:10ABE000A84205D1D2F840030130C2F8400306E084
:10ABF000B2F81C03104480F804E1A2F81C63E07969
:10AC0000B2F81C630136B5B2BCEB552F18BF002655
:10AC1000B2F81E53B4B2AC4292D0B2F81C531544F1
:10AC200085F80401A2F81C638FE700BFB2F81C731B
:10AC3000174487F80401A2F81C3379E700000000EC
:10AC400041F2F421C2F2004191F85523012A0BD1BF
:10AC50000A68904218BF7047D1F844030130C1F828
:10AC60004403012081F854037047000000000000F5
:10AC700070B1B0B541F2F424C2F2004494F8551317
:10AC8000012907D12168081A18BF0120B0BD00BFF3
:10AC900001207047221D4FF4557105461046F5F707
:10ACA000F2FC25600BF0ECF920B1002020600120BF
:10ACB000B0BD00BF012084F855030020B0BD0000E6
:10ACC0002DE9F04F81B02DED088B41F2F425C2F251
:10ACD000004595F8550301281CD195F85403012827
:10ACE00012D1002485F854432868FDF75DFCB5F8BF
:10ACF0001C03A5F81E03A5F822430BF0C1F9002898
:10AD00001CBF012085F85403B5F81E03B5F81C13C9
:10AD1000884205D1BDEC088B01B0BDE8F08F00BFC3
:10AD200095F8220300264FF0AA084FF0550A9FED30
:10AD3000618A9FED5F9A0AE0012085F804A385F8F7
:10AD40002203B5F81E13B5F81C239142E2D0C0B21D
:10AD5000B5F81E13294491F80471B5F81E1301319A
:10AD60008AB2B6EB522F18BF00210128A5F81E1396
:10AD700004D048B9552FDFD00020E2E7AA2F44D1F4
:10AD800085F805830220DAE7182839D2284480F8AC
:10AD9000047395F82203022806D0032806D1781EF2
:10ADA000032825D2132026E00320C8E795F82313B3
:10ADB000013085F822030029C3D0C4B28C42C0D12F
:10ADC00055FA80F005F54F7B90F803030A2853D11C
:10ADD00095F80793B9F1010F20D1FBF751FC02461A
:10ADE00005F54170214601F00BF905F54E7444E07C
:10ADF000042F05D1172085F8230304209FE700BF07
:10AE0000D5F83C030130C5F83C03552F4FF0000046
:10AE100085F823033FF490AF91E700BFA9F1040048
:10AE200005F54E7410F1020F27D395EDC4AAB0EECC
:10AE3000CABA1BEE100AB0F1FF4F1DD8FBF720FC79
:10AE4000B9F1020F12D1B4EE48BA0122F1EE10FAB4
:10AE500012DCD5F82C1385EDC9AA0131C5F82C13E5
:10AE600085F8342305F553711DE000BFB4EE49BAEF
:10AE70000122F1EE10FA0BDD5C4620680130206003
:10AE8000552F4FF0000085F823033FF455AF56E7E8
:10AE9000D5F8301385EDCAAA0131C5F8301305F590
:10AEA000547185F835230860C5F84803E5E700BF0D
:10AEB0000000B4430000FA4441F2F420C2F2004022
:10AEC00090F85513012918BF7047012180F85413D9
:10AED000704700000000000081B10A4601460028CA
:10AEE0001FBF41F2F420C2F2004090F855335FEAF0
:10AEF000C37303D000686423FEF78EBC0120704743
:10AF000040F2A821C2F200410A78012A04D1CA689D
:10AF1000904204BF002088707047000000000000CD
:10AF200040F2A821C2F200410A78012A08D1CA6879
:10AF3000904218BF7047486901304861012048704D
:10AF4000704700000000000030B147F600020168C1
:10AF5000C4F20002914201D001207047D0F8801065
:10AF60000029F9D0C26F002AF6D0B0B5C969B1F591
:10AF7000807F0BD140F2A824C2F20044217801293D
:10AF800006D1E168081A18BF0120B0BD0120B0BD8C
:10AF9000E06041F24C60C2F200404FF48071F5F77E
:10AFA00072FB41F24C704FF48071C2F20040F5F731
:10AFB0006AFB00256570A57025616561A561E56185
:10AFC00025626562E57025716571E580A56200F016
:10AFD000BFFA18B10120E560B0BD00BF01202070AC
:10AFE0000020B0BD000000002DE9F04F8DB040F210
:10AFF000A82AC2F2004A9AF80000012840F0A08274
:10B000009AF80100E0B100248AF80140DAF80C0057
:10B01000FDF7CAFADAF80C00FDF792FB8AF8024055
:10B02000AAF8064000F094FA50B101208AF8010015
:10B030000DB0BDE8F08F00BFB9F1200F40F066827F
:10B040009AF80000012840F06182DAF80C00D0F88C
:10B05000800000684068C0F5807188B2FF2888BF12
:10B060000021BFF35F8F89B2BAF80800884200F070
:10B070004982002283B241F24C67C2F2004701309C
:10B080000DF10E0B02F10109FB5C87B2FF2F88BFA7
:10B0900000201E2A0BF8023003D882B28A424A46A8
:10B0A000E8D1AAF808000024DAF810004844CAF8E9
:10B0B00010009AF8061008E001218AF80610A52071
:10B0C0008AF82C000134A145B6D0C8B21BF8043070
:10B0D000012805D080B9A52BEED00021F2E700BFF2
:10B0E000A52B37D05A2B37D102218AF806105A20C7
:10B0F0008AF82D00E6E700BF481C8AF80600C2B2B5
:10B100005AFA81F1052A81F82C3009D19AF83010C9
:10B11000112980F0F28101F107088AF8078001E027
:10B120009AF80780A8F10101C9B291420146C9D23B
:10B130009AF830C00CF10400010611D05FFA80FECD
:10B14000BEF1010F0ED1002100205FEACE7240F067
:10B150008180B4E00121B5E700218AF80610B1E74B
:10B160000020ACE00EF0FE006FF001014342002031
:10B170000AEB0105023195F830205040072246B213
:10B180004700002E48BF82EA400778B27E000028C0
:10B1900048BF82EA470670B27700002848BF82EABB
:10B1A000460778B27E00002848BF82EA470670B2A0
:10B1B0007700002848BF82EA460778B27E00002860
:10B1C00048BF82EA470670B27700002848BF82EA8B
:10B1D000460778B27E00002895F8310048BF82EA21
:10B1E0004706704045B24600002D48BF82EA40063F
:10B1F00070B27500002848BF82EA460568B26E004A
:10B20000002848BF82EA450670B27500002848BF92
:10B2100082EA460568B26E00002848BF82EA450609
:10B2200070B27500002848BF82EA460568B26E0019
:10B23000002848BF82EA450675B27000002D03EB76
:10B24000010548BF82EA4600AA1C91D102315FEA9B
:10B25000CE7234D0514491F82E104840072142B2AA
:10B260004300002A48BF81EA400358B25A00002830
:10B2700048BF81EA430250B25300002848BF81EA28
:10B28000420358B25A00002848BF81EA430250B234
:10B290005300002848BF81EA420358B25A000028F0
:10B2A00048BF81EA430250B25300002848BF81EAF8
:10B2B00042035AB25800002A48BF81EA43005AFAB2
:10B2C00088F1C0B291F82B10814267D19AF82E30E4
:10B2D000BCF1060F9AF82F00DAF81C1001F10101F9
:10B2E000CAF81C1040F0F980A3F1FF015A1EB1FA10
:10B2F00081F1B2FA82F249095209114300F0ED805E
:10B30000012840F0EA809AF932209AF836009AF93A
:10B3100033100190D0B2029380284FF00003ADF8B3
:10B320002E3008BF11F180033CD04BF200554FF096
:10B33000960ECFF6FF7510FB0E56CBB240F61107F6
:10B3400030B2C0F20427A6FB07C8002AC0F306608B
:10B3500013FB0E533044A6EB08061FB29FED7B1A79
:10B3600000B208EB560CC7F3066740F61106C0F2B0
:10B37000042603EB070212B2A3FB0665C0F3CF104D
:10B38000A3EB05034FEAE21248BF4FEA9C1005EB1E
:10B390005303002948BF9A0951423AE00AF12000BC
:10B3A000A8E000BF9AF934804DF6802C4B27CFF6E9
:10B3B000FF7C5FFA88F09AF9352010FB07C640F64B
:10B3C000110EC0F2042EB8F1000F30B2A6FB0E35FC
:10B3D000D3B29FED5D1AC0F3066013FB07C3A6EB63
:10B3E000050730441EB200B205EB5707C6F30666E8
:10B3F000A3FB0E51C0F3CF101E4436B2A3EB0103E2
:10B4000048BFB809F711002A01EB530148BF8F0963
:10B41000794211FB01F210FB002200EE102AB8EE77
:10B42000400AB1EEC00AB4EE410A019DF1EE10FAF5
:10B43000ADF83200ADF830101DDD00B202EE100A9A
:10B4400008B203EE100AB8EEC22AB8EEC33A21EEF3
:10B45000022A21EE031A82EE002A81EE000ABDEED6
:10B46000C21ABDEEC00A11EE100AADF8320010EE9D
:10B47000100AADF83000C5F38010B0EBD51F08D02E
:10B4800015F040004FF00A0008BF6FF00900ADF85A
:10B490002E0005F03F008AF803009AF8370000F00C
:10B4A00001008AF8040001208AF80500FBF7E8F89B
:10B4B0000DF13203CAF828000CA90DF12E020090FC
:10B4C00018462B4603F00CFCBDF93200BDF92E20C6
:10B4D000BDF93010F6F7CCFA029BFF2B18BF022BF8
:10B4E0000BD19AF807100AF12C0000F089FC20B16A
:10B4F0000AF124000168013101600021AAF8061058
:10B50000E0E500BFDAF81000CAF810009AF805006C
:10B51000B0B1FBF7B5F8DAF82810401AC9280FD3F4
:10B5200000208AF805008AF803008AF80400FBF777
:10B53000A7F802F0C9F9002000210022F6F798FAD6
:10B540000DB0BDE8F08F00BF00009642000016432A
:10B5500010B540F2A8240022C2F20044E068228123
:10B560000F2201680A628A6942F008028A6141F288
:10B570004C614FF48072C2F20041FDF7E1FF0028F8
:10B5800018BF10BDE16840F20F42C4F20202D1F8C8
:10B590008010096891426FF0180211DC6F23C4F229
:10B5A0000203994222DC3F23C4F20203994239DCB0
:10B5B0001023C4F2020399425CD0282354E000BF58
:10B5C00040F26F43C4F2020399421BDC40F23F4356
:10B5D000C4F2020399422DDC40F21043C4F202038C
:10B5E000994247D040F228433EE000BF9F23C4F277
:10B5F0000203994228DC7023C4F20203994239D035
:10B60000882331E040F29F43C4F20203994223DCD5
:10B6100040F27043C4F2020399422BD040F28843B7
:10B6200022E000BF4023C4F20203994222D05823F3
:10B630001AE000BF40F24043C4F20203994219D01D
:10B6400040F2584310E000BFA023C4F20203994225
:10B6500010D0B82308E000BF40F2A043C4F20203B8
:10B66000994207D040F2B843C4F20203994218BF8E
:10B670006FF006020B681A400A6010BD000000005F
:10B6800080B582B044F2D8400022C5F602000168BD
:10B6900041F001010160016801F00101019101998E
:10B6A000016841F0020101600068052100F002001C
:10B6B000009000980B20FBF7FFF80B20FBF7E8F851
:10B6C0000C2005210022FBF7F7F80C20FBF7E0F82F
:10B6D0000D2005210022FBF7EFF80D20FBF7D8F82D
:10B6E0000E2005210022FBF7E7F80E20FBF7D0F82B
:10B6F0000F2005210022FBF7DFF80F20FBF7C8F829
:10B70000102005210022FBF7D7F81020FBF7C0F826
:10B71000112005210022FBF7CFF81120FBF7B8F824
:10B720002F2005210022FBF7C7F82F20FBF7B0F8E8
:10B73000382005210022FBF7BFF83820FBF7A8F8D6
:10B74000392005210022FBF7B7F83920FBF7A0F8D4
:10B750003A2005210022FBF7AFF83A20FBF798F8D2
:10B760003B2005210022FBF7A7F83B2002B0BDE8F3
:10B770008040FBF78DB8000080B540F650504AF28B
:10B780000001C2F20040C4F2000101220E23016058
:10B790000021C0E90211028205228174C0E905225C
:10B7A000C0E90732C0E90922C0E90B32C0E90D1136
:10B7B0000822C263202202640422C165C0E911216B
:10B7C000C0E91321C0E9152110238266C0E91831B0
:10B7D000FAF79AF9002808BF80BDBDE88040F7F766
:10B7E000A7BE00000000000080B540F6F0504AF20D
:10B7F0000041C2F20040C4F2000101220E230160A8
:10B800000021C0E90211028205228174C0E90522EB
:10B81000C0E90732C0E90922C0E90B32D022C16574
:10B82000C0E90D210822C2632022026404221023F1
:10B83000C0E91121C0E91321C0E91521C0E918317F
:10B840008266FAF761F9002808BF80BDBDE8804034
:10B85000F7F76EBE0000000080B540F690604DF234
:10B860000041C2F20040C4F2000101220E23016037
:10B870000021C0E90211028205228174C0E905227B
:10B88000C0E90732C0E90922C0E90B324FF4D07297
:10B8900042630822C165C0E90E212022026404220D
:10B8A0001023C0E91121C0E91321C0E91521C0E925
:10B8B00018318266FAF728F9002808BF80BDBDE874
:10B8C0008040F7F735BE000010B501F0B5FF40F637
:10B8D000013048F2D822C0F60100C0F60102002172
:10B8E00009F016FB40F2D00448F26402C2F20044B0
:10B8F000C0F601020021206040F6C910C0F6010028
:10B9000009F006FB606040F6D12048F28C12C0F6C8
:10B910000100C0F60102002109F0FAFAA06040F629
:10B92000712048F2C802C0F60100C0F601020021F1
:10B9300009F0EEFAE06010BD70B586B044F2E04068
:10B940000025C5F602000595CDE90355CDE9015561
:10B95000016840F6000441F0040101600168C5F689
:10B96000020401F0040100910099016841F0800196
:10B9700001600168002201F08001009100990168D6
:10B9800041F00101016001684FF4204601F001011E
:10B9900000910099016841F010010160016801F017
:10B9A000100100910099016841F0020101600168F5
:10B9B00001F0020100910099016841F00801016065
:10B9C00000684FF4204100F00800009000982046E5
:10B9D000FAF74EFE012001A9CDE9020520460196A5
:10B9E0000495FAF751FD06B070BD0000000000009C
:10B9F00080B541F2100044F60041C2F20040C4F2AA
:10BA000000010C2201604FF4E13141600021C0E9E6
:10BA100002110161C0E90521C0E90711C0E909115E
:10BA2000FDF78AFA08B1F7F783FD41F21000002113
:10BA3000C2F20040FCF768FD08B1F7F779FD41F26A
:10BA400010000021C2F20040FCF716FD08B1F7F724
:10BA50006FFD41F21000C2F20040FCF79DFC00288F
:10BA600008BF80BDBDE88040F7F762BD0000000060
:10BA700080B541F2381047F60001C2F20040C4F22E
:10BA800000010C2201604FF4E13141600021C0E966
:10BA900002110161C0E90521C0E90711C0E90911DE
:10BAA000FDF74AFA08B1F7F743FD41F238100021DB
:10BAB000C2F20040FCF728FD08B1F7F739FD41F26A
:10BAC00038100021C2F20040FCF7D6FC08B1F7F7AD
:10BAD0002FFD41F23810C2F20040FCF75DFC002857
:10BAE00008BF80BDBDE88040F7F722BD0000000020
:10BAF00080B541F2CC1047F60041C2F2004048F256
:10BB00008042C4F20001C0F21E02C0E9001200210E
:10BB10000161C0E902110C22C0E90521C0E9071149
:10BB2000C0E90911FDF708FA08B1F7F701FD41F284
:10BB3000CC100021C2F20040FCF7E6FC08B1F7F798
:10BB4000F7FC41F2CC100021C2F20040FCF794FC5B
:10BB500008B1F7F7EDFC41F2CC10C2F20040FCF75F
:10BB60001BFC002808BF80BDBDE88040F7F7E0BCA3
:10BB700080B541F2602041F60001C2F20040C4F2FB
:10BB800001010C2201604FF4E13141600021C0E964
:10BB900002110161C0E90521C0E90711C0E90911DD
:10BBA000FDF7CAF908B1F7F7C3FC41F260200021A4
:10BBB000C2F20040FCF7A8FC08B1F7F7B9FC41F26B
:10BBC00060200021C2F20040FCF756FC08B1F7F7F4
:10BBD000AFFC41F26020C2F20040FCF7DDFB002820
:10BBE00008BF80BDBDE88040F7F7A2BC00000000A0
:10BBF00080B540F67C7041F20001C2F20040C4F210
:10BC000001010C2201604FF4612141600021C0E973
:10BC100002110161C0E90521C0E90711C0E909115C
:10BC2000FDF78AF908B1F7F783FC40F67C70002134
:10BC3000C2F20040FCF768FC08B1F7F779FC40F667
:10BC40007C700021C2F20040FCF716FC08B1F7F747
:10BC50006FFC40F67C70C2F20040FCF79DFB0028B0
:10BC600008BF80BDBDE88040F7F762BC000000005F
:10BC700080B541F2A40041F20041C2F2004048F216
:10BC80008042C4F20101C0F21E02C0E9001200218C
:10BC90000161C0E902110C22C0E90521C0E90711C8
:10BCA000C0E90911FDF748F908B1F7F741FC41F285
:10BCB000A4000021C2F20040FCF726FC08B1F7F70F
:10BCC00037FC41F2A4000021C2F20040FCF7D4FB93
:10BCD00008B1F7F72DFC41F2A400C2F20040FCF7D6
:10BCE0005BFB002808BF80BDBDE88040F7F720BCA3
:10BCF00040F2EC21C2F200410A78012A04D18A689C
:10BD0000904204BF002088707047000000000000CF
:10BD100040F2EC21C2F200410A78012A08D18A6877
:10BD2000904218BF704708690130086101204870CF
:10BD3000704700000000000030B141F2004201688D
:10BD4000C4F20102914201D001207047D0F8801066
:10BD50000029F9D0C26F002AF6D0B0B5C969B1F593
:10BD6000807F0BD140F2EC24C2F2004421780129FB
:10BD700006D1A168081A18BF0120B0BD0120B0BDCE
:10BD8000A06041F6D400C2F200404FF48061F4F7A5
:10BD90007AFC41F6D4404FF40071C2F20040F4F74F
:10BDA00072FC00256570A570E5602561656100F095
:10BDB0005BF818B10120A560B0BD00BF0120207064
:10BDC0000020B0BD00000000B0B540F2EC24C2F28B
:10BDD00000442078012818BFB0BD607801280ED13A
:10BDE00000256570A068FCF7DFFBA068FCF7A8FCE5
:10BDF000A57000F039F800281CBF01206070B0BDAC
:10BE0000A1F2012292B2B2F57E4F02464FF001003C
:10BE100029D342B370B540F2EC26C2F20046337823
:10BE2000FBB1B07810B102201BE000BF41F6D44452
:10BE30000D46C2F20044114620462A46F4F782FB22
:10BE40000120B070B06821462A46FDF79DFD0146ED
:10BE500000284FF0000004D0B070706901307061AC
:10BE60000846BDE87040704710B540F2EC2400224F
:10BE7000C2F20044A068A2800F2201680A628A69A7
:10BE800042F008028A6141F6D4014FF48062C2F2A6
:10BE90000041FDF755FB002818BF10BDA16840F216
:10BEA0000F42C4F20202D1F88010096891426FF08B
:10BEB000180211DC6F23C4F20203994222DC3F23F3
:10BEC000C4F20203994239DC1023C4F202039942FE
:10BED0005CD0282354E000BF40F26F43C4F2020359
:10BEE00099421BDC40F23F43C4F2020399422DDC2D
:10BEF00040F21043C4F20203994247D040F2284373
:10BF00003EE000BF9F23C4F20203994228DC702365
:10BF1000C4F20203994239D0882331E040F29F43B2
:10BF2000C4F20203994223DC40F27043C4F20203DC
:10BF300099422BD040F2884322E000BF4023C4F254
:10BF40000203994222D058231AE000BF40F2404336
:10BF5000C4F20203994219D040F2584310E000BFE6
:10BF6000A023C4F20203994210D0B82308E000BF16
:10BF700040F2A043C4F20203994207D040F2B84312
:10BF8000C4F20203994218BF6FF006020B681A4010
:10BF90000A6010BD00000000FEE700000000000085
:10BFA000FEE700000000000090B142F6A021C2F2BE
:10BFB000004191F8061501290AD180B542F6A02169
:10BFC0008C22C2F20041F4F702FB012080BD00BFC9
:10BFD000002070470000000010B542F6A0244FF486
:10BFE000A161C2F200442046F4F74DFB4FF0FF3050
:10BFF000C4E91C00012084F8870084F8060510BD00
:10C0000042F6A02CC2F2004C9CF80635012B18BF5A
:10C01000704780B500280CF17C0364D0132962D1ED
:10C02000C17801295FD1416800EE101AB0EEC03A24
:10C0300013EE101AB1F1FF4F55D8816801EE101AB6
:10C040000121C7F68071B0EEC14A14EE10EA8E45A8
:10C0500049D2C06802EE100AB0EEC25A15EE100ABC
:10C06000B0F1FF4F3FD89FED236AB4EE463AF1EEB0
:10C0700010FA38DCB4EE464AF1EE10FADCBFB4EE4A
:10C08000465AF1EE10FA2EDC9CF88E0110280CD3E3
:10C090009CF88D110138013101F00F018CF88D11E0
:10C0A000DCF880100131CCF880109CF88C11013044
:10C0B0008CF88E018CED000A0CEB0113013101F0BC
:10C0C0000F018CF88C1183ED230A83ED241A83ED84
:10C0D000252AC3F898200CF178038CED011A8CED19
:10C0E000022ACCF86C20186801301860BDE8804046
:10C0F000704700BF0000C8422DE9F04F81B02DED20
:10C10000108BB4B042F6A027C2F2004797F806158C
:10C11000012940F03E86054697F80305012811D114
:10C12000D7F8FC049FEDD9DA854210D0281A1428DC
:10C130000DD800EE100A9FEDD61AB8EE400A20EE98
:10C1400001DA04E09FEDD1DA012087F803050FA89A
:10C15000C7F8FC548346FDF733FE804618B90FA894
:10C160003421F4F790FA2EA900204FF00009F5F7DA
:10C170005FFA00289FEDC58ACDF824B060D028A9C9
:10C180000120F5F755FA002862D022A90220F5F720
:10C190004FFA00285CD01CA90320F5F749FA0028C3
:10C1A00056D03399002400294FF0FF301FBF2D9E39
:10C1B000002E279B002B4ED0B0EE48AAB0EE48BA16
:10C1C000219A002A4BD09DED2F0A9DED291AB8EE39
:10C1D000C00A9DED232AB8EEC11A9FEDAE3AB8EE23
:10C1E000C22A9DED1D4A20EE030A681A21EE031AA9
:10C1F000A91B22EE032A8142B8EEC44A4FF0010483
:10C2000030EE015A30EE410A24EE031A35EE023ABE
:10C2100030EE420A88BF084633EE012AB5EE003AF6
:10C2200030EE010AE91A814222EE03AA20EE03BA97
:10C2300088BF0846A91A814288BF08460FE000BFA0
:10C240004FF0FF30B0EE48AAB0EE48BA002406E046
:10C2500000244FF0FF30B0EE48AAB0EE48BA2BEE03
:10C260000B0A002104953D2838BF0121AAEE0A0AD5
:10C270004FF0000A0026B0F57A7F88BF4FF0010A20
:10C2800004EA0105B1EEC0CA9FEDD30AB4EE40CA7C
:10C29000F1EE10FAD8BF0126B8F1000F786725D06B
:10C2A0009DF86C0001281FD19DF86A0001281BD160
:10C2B0009DED0F0A9FEDC91A20EE018AB0EE480AE3
:10C2C0000BF02CFBB0EE409AB0EE480A0BF026FCC7
:10C2D0002BEE408A4FF001092BEE094AA9EE0A8A9B
:10C2E000A0EE0A4A04E000BF4FF00009B0EE484A51
:10C2F000002D87ED0EAA87ED0FBA87ED108A87ED26
:10C30000114A47D0B5EE40DAF1EE10FA46DD97F863
:10C31000010501280FD107F2EC40B6EE001A90EDAE
:10C32000000A3CEE000A20EE010A97ED141AA0EE76
:10C330000D1A87ED141A07F2EC40B9F1000F80EDE9
:10C3400000CA4FF0010087F801053DD097F80205BB
:10C3500001282ED107F2E440B6EE001A97ED133A09
:10C3600090ED000A07F59D6038EE000A90ED002A76
:10C3700034EE022A20EE010A22EE011A97ED122A6B
:10C38000A0EE0D2AA1EE0D3A87ED122A87ED133AA1
:10C390000FE000BF002187F8011516E007F2EC401E
:10C3A000B9F1000F80ED00CA4FF0010087F80105D8
:10C3B0000AD007F2E44007F59D6180ED008A81ED27
:10C3C000004A012101E000BF0021786F0022B0F592
:10C3D0007A7F98BF012287F80215144214D03C28B6
:10C3E0005AD897F80515052980F0DA844A1C0429E3
:10C3F0004FF0000187F8052587F8041512D187F85A
:10C4000087108CB956E000BF97F80415032949D26C
:10C41000022901F1010287F804254FF0000187F895
:10C42000051542D0002C45D097F88710B6EE001ABB
:10C430009FED162A002901FE020A3D2811D381B979
:10C44000B0EE420AC1087C290BD8C0F57A719FED85
:10C45000982A00EE101AB8EE400A80EE020A20EE8A
:10C46000010A97ED1A5AB4EE405AF1EE10FA2ADAA0
:10C470003DEE051A81FE405A9FED040AB5EE401AC2
:10C48000F1EE10FAB8BFB0EE405A2DE00000000007
:10C490006F12833A3665023C0021A7F80415002C80
:10C4A000C2D107E0002187F80515012187F8871020
:10C4B000002CB9D11FED0B0A97ED1A5AB4EE405A71
:10C4C000F1EE10FAD4DBB4EE405AF1EE10FA19DDB9
:10C4D00035EE4D1AB6EE002A81FE422AB4EE410A2C
:10C4E000F1EE10FA30FE025A87ED1A5A4FF00001B1
:10C4F0008DED05DA64B997F88E3187F88610BBB9EF
:10C50000DEE300BF002C4FF000018DED05DAF2D024
:10C51000B0F57A7F98BF012197F8870080F001007D
:10C52000014097F88E3187F88610002B00F0C88301
:10C5300084F001008DED015A40EA0A008DED024AB7
:10C5400030430A9009988DED038AD7ED07AAD7EDFD
:10C55000089A97ED09EA97ED0AAA97ED0B0A8DED77
:10C56000080A97ED0C0A8DED070A97ED0D0A8DED7F
:10C57000060AB7F8DA9497F88D51B7F8D814B8F1DD
:10C58000000F9DF86C209FED151A08BF40469DEDE9
:10C590000F0A97F8A04120EE018A97F8B46197F846
:10C5A00000C548F21F5ADFED43BAC5F2EB1ADFEDC2
:10C5B00042CA4FF0640BDFED41DA0990DFED40EA4B
:10C5C00008EA02005FED4FFA0B909FED3EBA9FED37
:10C5D0003ECA9FED3EDA22E08FC2F53C35FA8E3C32
:10C5E000002087F800050D9E0C9907F2DC434909ED
:10C5F000681C01FB1B6107F59C6683ED001A97F828
:10C600008E3100F00F0586ED002A002B4FF001045B
:10C610004FF001060E98C7F8F80400F03983EAB22B
:10C6200007EB021292ED231A92ED242AD2F8980019
:10C63000E2070E90A3F1010287F88E2112D097ED48
:10C64000643A97ED654A23EE2B0A97ED675AA1EEFF
:10C650002C0AA4EE2C0A97ED664AA4EE2D0AA5EE4C
:10C660002E0A08E0012087F8A001B0EE413AB0EEB2
:10C67000414AB0EE410AF20787ED641A87ED653A48
:10C6800087ED660A87ED674A22D097ED693A97ED04
:10C690006A4A23EE2B1A97ED6C5AA2EE2C1AA4EEDE
:10C6A0002C1A97ED6B4AA4EE2D1AA5EE2E1A18E05F
:10C6B00000006B44CDF2473ECCF2C73DEF5B713FCB
:10C6C000ABAAAABE0000C8420AD7A33D9A99193E58
:10C6D000012087F8B401B0EE423AB0EE424AB0EE23
:10C6E000421A481C07EB8102A0FB0A14B9F1630F40
:10C6F00087ED692A87ED6A3A87ED6B1A87ED6C4AF8
:10C7000082ED6E0A82EDD21A40F27081B0EE6F3A7D
:10C71000B0EE6F2A002100BF7A185031B1F5C87F02
:10C7200092ED6E4A92EDE35A32EE042A92EDD24A2D
:10C7300033EE043A92ED6F4A32EE042A92EDD34A78
:10C7400033EE043A92ED704A32EE042A92EDD44A66
:10C7500033EE043A92ED714A32EE042A92EDD54A54
:10C7600033EE043A92ED724A32EE042A92EDD64A42
:10C7700033EE043A92ED734A32EE042A92EDD74A30
:10C7800033EE043A92ED744A32EE042A92EDD84A1E
:10C7900033EE043A92ED754A32EE042A92EDD94A0C
:10C7A00033EE043A92ED764A32EE042A92EDDA4AFA
:10C7B00033EE043A92ED774A32EE042A92EDDB4AE8
:10C7C00033EE043A92ED784A32EE042A92EDDC4AD6
:10C7D00033EE043A92ED794A32EE042A92EDDD4AC4
:10C7E00033EE043A92ED7A4A32EE042A92EDDE4AB2
:10C7F00033EE043A92ED7B4A32EE042A92EDDF4AA0
:10C8000033EE043A92ED7C4A32EE042A92EDE04A8D
:10C8100033EE043A92ED7D4A32EE042A92EDE14A7B
:10C8200033EE043A92ED7E4A32EE042A92EDE24A69
:10C8300033EE043A92ED7F4A32EE042A92ED804ABA
:10C8400033EE053A92EDE45A32EE042A92ED814A33
:10C8500033EE053A92EDE55A32EE042A33EE053A0C
:10C860007FF45AAF82EE0B2AB0EE6F4A83EE0B3A9A
:10C87000B0EE6F5A002100BF7A182831B1F5C87F99
:10C8800092ED6E6A92EDD27A36EE426A37EE437AD4
:10C89000A6EE065A92ED6F6AA7EE074A92EDD37A9A
:10C8A00036EE426A37EE437AA6EE065A92ED706A89
:10C8B000A7EE074A92EDD47A36EE426A37EE437A13
:10C8C000A6EE065A92ED716AA7EE074A92EDD57A66
:10C8D00036EE426A37EE437AA6EE065A92ED726A57
:10C8E000A7EE074A92EDD67A36EE426A37EE437AE1
:10C8F000A6EE065A92ED736AA7EE074A92EDD77A32
:10C9000036EE426A37EE437AA6EE065A92ED746A24
:10C91000A7EE074A92EDD87A36EE426A37EE437AAE
:10C92000A6EE065A92ED756AA7EE074A92EDD97AFD
:10C9300036EE426A37EE437AA6EE065A92ED766AF2
:10C94000A7EE074A92EDDA7A36EE426A37EE437A7C
:10C95000A6EE065A92ED776AA7EE074A92EDDB7AC9
:10C9600036EE426A37EE437AA6EE065AA7EE074A3B
:10C9700082D185EE0B5A002284EE0B4A4FF0000E56
:10C980000023B1EEC55AB1EEC44AB4EE4C5AF1EEF2
:10C9900010FAD8BF0122B4EE4C4AF1EE10FAD8BF1B
:10C9A0004FF0010E0B99CDE90C40B9B3099E96F8F2
:10C9B0002F10012932D196F82E1001292ED1317B6A
:10C9C00004292BD196ED014AB6EE005AB0EEC44AC6
:10C9D00000260121B4EE454AF1EE10FAC8BF012647
:10C9E00097F88480B8F1010F1FD037E0B9F1630FD9
:10C9F00009F10109A7F8DA9402D14FF0640985E63C
:10CA00000123B0EE6F2AB0EE6F3A01224FF0010E13
:10CA10000B990029CDE90C40C8D100BF01260021A7
:10CA200097F88480B8F1010F18D132EE6A4AB0EE5F
:10CA3000C44AB4EE4D4AF1EE10FA03DD00264FF081
:10CA4000010871E033EE694A0020B0EEC44AB4EE4A
:10CA50004D4AF1EE10FAD8BF0120024043EA060029
:10CA60000A9B23EA0000C00718BF002A36D164469B
:10CA7000002630EE6AFA002971EE698A5BD0B0EECA
:10CA8000480A0AF04BFFB0EE409AB0EE480A0BF0AD
:10CA900045F828EEC01A97F884C028EE892A4FF08E
:10CAA000640BA9EE0F1AA0EE0F2AB0EE6F0AE00792
:10CAB0004BD15FEACC7008EA06023FF491AD002A40
:10CAC0000D9E65D00020B0EE6FAAC7E909000120D5
:10CAD00087F80005B0EE6FEA86E500BF7646B8F14C
:10CAE000000F08BF96F0010000F0B08008EA0600D1
:10CAF000012819D132EE6A2A9FEDAE4A33EE693A27
:10CB00004FF0010864460126E2EE04AAE3EE049A1F
:10CB1000C7ED07AAC7ED089A30EE6AFA002971EE50
:10CB2000698AACD107E000BF644630EE6AFA00299A
:10CB300071EE698AA3D14FF0000CB0EE6F1AB0EE1F
:10CB40006F2AB0EE6F0AE007B3D0D7F8F8140E984A
:10CB5000884211D0421A142A0ED800EE102A9FEDF6
:10CB6000953AB8EE400A20EE030A5FEACC7008EA74
:10CB700006023FF435ADA2E788428FA008BF04301B
:10CB800090ED000A5FEACC7008EA060297D127E52B
:10CB9000B5EE400A0020F1EE10FAC8BF0120204097
:10CBA000C00771D007F59C60F6EE001AB0EE4A5A45
:10CBB00090ED003A07F2DC4032EE033A90ED004A85
:10CBC00031EE044A23EE213AA3EE005A24EE213A34
:10CBD000B0EE4E4A87ED0A5AA3EE004A2AEE0A3A10
:10CBE00025EE056A7AEE050A87ED094AAEEE0E3AA1
:10CBF000B0EE45AAA4EE046A3EEE047AB0EE44EA32
:10CC0000B1EEC33AB1EEC66A33EE063A27EE216AB8
:10CC100020EEA17ADDED080A23EE213AE6EE000AC5
:10CC20009DED076AA7EE006A9DED067AA3EE007AF5
:10CC3000CDED080AC7ED0B0A8DED076A87ED0C6A8A
:10CC40008DED067A87ED0D7ACEE400BF87ED072AD9
:10CC50004FF0010887ED083A002487F88480B0EE91
:10CC60006FAA87F80045B0EE6FEAC7E90944F0EE15
:10CC7000439AF0EE42AA30EE6AFA002971EE698A10
:10CC80003FF459AFFBE600BF012087F80005ABE495
:10CC90009DED038A9DED024A9DED015A87F88D5165
:10CCA000A7F8D8140CF0010087F8882087ED03FA64
:10CCB000C7ED048A87ED051A87ED062A87F88500F7
:10CCC000F86E049AB96F101A002908BF4FF0FF30B0
:10CCD0006528386706D3002087F8850087F8880024
:10CCE00087F80005B7EE000A24EE051A97ED093A19
:10CCF0009DED057AB5EE407A30EE452A28EE050A1C
:10CD0000F1EE10FAA2EE030A97ED0A3AA2EE031A28
:10CD100087ED150A87ED161A33DD07F2F44021EE90
:10CD2000014AB6EE006A90ED002A07F59E6022EEF9
:10CD3000023A90ED005AA0EE004A31EE022AA5EE2A
:10CD4000053A30EE055A22EE062AB1EEC44AB1EE9B
:10CD5000C33A34EE033A25EE064A97ED175A23EE0E
:10CD6000063A97ED186AA4EE075A97ED194AA2EE13
:10CD7000076AA3EE074A87ED175A87ED186A87ED11
:10CD8000194A07F59E6007F2F44180ED000A81ED33
:10CD9000001A34B0BDEC108B01B0BDE8F08F00BFBD
:10CDA000002187F8041587F88710002C7FF43CAB2E
:10CDB000FFF780BB6F12833A000000000AD7A33B45
:10CDC00000286DD010EE901A21F00041B1F1FF4F14
:10CDD00066D8B0B52DED068B054611EE100A01247C
:10CDE000C7F6807420F00040A0424FF0000054D2FB
:10CDF000F5EE400AF1EE10FA4FDD9FED2A0AB0EE93
:10CE000060AA21EE009AB0EE490A0AF087FDB0EE62
:10CE1000408AB0EE490A0AF081FEB5EE408A002051
:10CE2000F1EE10FA39DD9FED201A4FF2B6323AEEEC
:10CE3000013A9FED1E2A9FED1E1AC3F69D62C5E9B9
:10CE40000120A3EE082AA3EE401A85ED002A85ED05
:10CE5000031A12EE101A21F00041A1421DD2B5EEC4
:10CE6000402AF1EE10FA18DBB0EE080AB4EE402AC0
:10CE7000F1EE10FA11DC9FED0F0A0021B4EE401A1A
:10CE80009FED0D0AF1EE10FAA8BF0121B4EE401A91
:10CE9000F1EE10FAD8BF01200840BDEC068BB0BD02
:10CEA0000020704735FA8E3C3333333E39B4483D69
:10CEB000B6F39D3E6F1283BA3108C04000000000F7
:10CEC000002848F208221CBF0621017040F2D4302D
:10CED000C0F60102C2F20040017848F2D810C0F654
:10CEE0000100002918BF1046704700000000000034
:10CEF000002848F268221CBF0621017040F2D4309D
:10CF0000C0F60102C2F20040017848F23820C0F6B3
:10CF10000100002918BF1046704700000000000003
:10CF200040F2D430C2F200400078704700000000A8
:10CF300021EEA12A9FEDEC3AA1EE012AB1EEC24A00
:10CF4000B4EE434AF1EE10FA0CDD81EE041A81EEE4
:10CF5000842AB4EE431AF1EE10FA07DD9FEDE34A9E
:10CF60000DE000BF9FEDE20A704700BF9FEDE14A70
:10CF7000B4EE441AF1EE10FA0EDA9FEDDF4A34EE09
:10CF8000404A9FEDDE5A84EE014A84FE054A9FED39
:10CF9000D85AC4FE453A01E0DFEDD53A40F2D4302C
:10CFA000B4EE432AF1EE10FAC2F2004002DD9FED2A
:10CFB000D44A0EE09FEDCF4AB4EE442AF1EE10FAC7
:10CFC00011DA81789FEDCF4A9FEDCF5A002905FEF7
:10CFD000044A34EE604A9FEDC95A84EE024A84FE48
:10CFE000054AC3FEC43A2DED088B00789FEDC76A51
:10CFF0009FEDC77AB0EEC15A0028DFEDC61ADFED0B
:10D00000C62AB0EEC24A47FE064A42FEA15AB4EE14
:10D01000640AF1EE10FAC0F22581B4EE650AF1EE71
:10D0200010FA00F31F81DFEDBD6AF4EE660AF1EE3F
:10D0300010FAC0F21781DFEDBA6AF4EE660AF1EE7B
:10D0400010FA00F30F8170EE644AFFEE007A75EE7D
:10D05000C05AB7EE008A76EEE06A9FEDA8BA0FF2EA
:10D060007C51F4EE654AC5FEE44ADFEDAE5A70EE3F
:10D07000A55AF1EE10FA85FEE4AAF4EE654A38FEF0
:10D08000279AF1EE10FAB4EE66AA77FE8B7AF1EEEB
:10D0900010FAF4EE654A7BFE094AF1EE10FAB4EE9E
:10D0A00066AA7BFE244AF1EE10FA78FE275A62EE59
:10D0B000255AE1EE245AF5EE405AF1EE10FAA8BFD7
:10D0C0000431D1ED006A0028DFEDF54ADFEDF55AB5
:10D0D000C3FEE63A46FE244A45FEA25AB4EE640A6E
:10D0E000F1EE10FAC0F22081B4EE650AF1EE10FA0A
:10D0F00000F31A81DFEDEC6AF4EE660AF1EE10FA45
:10D10000C0F21281DFEDE96AF4EE660AF1EE10FA80
:10D1100000F30A8170EE644AFFEE007A75EEC05AA1
:10D12000B7EE008A76EEE06A9FED74BA0FF2AC417A
:10D13000F4EE654AC5FEE44ADFEDDD5A70EEA55A0D
:10D14000F1EE10FA85FEE4AAF4EE654A38FE279A5D
:10D15000F1EE10FAB4EE66AA77FE8B7AF1EE10FAD1
:10D16000F4EE654A7BFE094AF1EE10FAB4EE66AAC7
:10D170007BFE244AF1EE10FA78FE275A62EE255A19
:10D18000E1EE245AF5EE405AF1EE10FAA8BF043150
:10D19000D1ED006A002847FE064A83FEE66A02FED9
:10D1A000A17AB4EE640AF1EE10FAC0F2FF80B4EE98
:10D1B000470AF1EE10FA00F3F980DFEDF01AF4EE11
:10D1C000610AF1EE10FAC0F2F180DFEDF61AF4EE2A
:10D1D000610AF1EE10FA00F3E98030EE643ABFEE36
:10D1E000005A37EE400A0FF2F43080FE434AB4EEA4
:10D1F000403A9FEDED3A30EE833AB7EE000AF1EE99
:10D2000010FA71EEE00ADFEDF21AC3FE442A30FE96
:10D21000057AB4EE434AF1EE10FAF4EE602A35FED8
:10D22000215AF1EE10FAB4EE434A31FE877AF1EE5C
:10D2300010FAF4EE602A31FE873AF1EE10FA30FE71
:10D24000050A22EE000AA1EE030AB5EE400AF1EE4D
:10D2500010FAA8BF043090ED005A86FE450ABDECD6
:10D26000088B7047B4EE435AF1EE10FA40F3E680B3
:10D2700074EEC04A75EEC05AC4EE814AC5EE815ABA
:10D28000C4FEE56AC4FEA54ADFEDD15AC6FEA55A22
:10D29000DFEDCE6AC4FEE64AF4EE645AF1EE10FA0F
:10D2A0003FF711AFB4EE434ADFEDCA6AF1EE10FA70
:10D2B00040F3DC80DFEDC87A76EEE06A77EEE07A64
:10D2C000C6EE826AC7EE827A86FEE78AC6FEA76A43
:10D2D000C5FE885AC4FEE64AF4EE645AF1EE10FA2E
:10D2E00040F3D480D8E000BFBD37863552B82E4019
:10D2F00000007A44BD3786B5713D8A3E00000000CB
:10D30000EE7CB540A245963E2731A83E713D8ABECF
:10D3100014AE473F7B140E40AE475140F2D23D3F22
:10D320007368B93FF2D23DBFB4EE435AF1EE10FA42
:10D3300040F3C08074EEC04A75EEC05AC4EE814A14
:10D34000C5EE815AC4FEE56AC4FEA54ADFEDA05AC7
:10D35000C6FEA55ADFED9D6AC4FEE64AF4EE645AA5
:10D36000F1EE10FA3FF716AFB4EE434ADFED9D6AD7
:10D37000F1EE10FA40F3B480DFED9B7A76EEE06ACE
:10D3800077EEE07AC6EE826AC7EE827A86FEE78A98
:10D39000C6FEA76AC5FE885AC4FEE64AF4EE645A81
:10D3A000F1EE10FA40F3AC80AFE000BFB4EE435AA8
:10D3B000F1EE10FA40F3AC8034EEC05A37EE400A7A
:10D3C00085EE015A80EE010A85FE401A85FE007A3C
:10D3D0009FED7F0A9FED7D5A81FE000A87FE451A68
:10D3E000B4EE410AF1EE10FA3FF737AFB4EE434A1C
:10D3F000F1EE10FA40F3A0809FED7C3A9FED7C4A5D
:10D4000033EE603A34EE604A83EE023A84EE022A4A
:10D4100083FE424A83FE022A80FE040A81FE421AEB
:10D42000B4EE410AF1EE10FA40F398809FED675A8E
:10D4300086FE450ABDEC088B704700BFB4EE640A57
:10D44000DFED624AF1EE10FAC0F29480B4EE650AA4
:10D45000F1EE10FA00F38E80DFED5D5AB4EE434A30
:10D46000DFED5C6AF1EE10FA3FF724AFF4EE660AE6
:10D47000DFED566AF1EE10FAFFF625AEDFED567AD3
:10D48000F4EE670AF1EE10FA3FF71DAEF5EE404AF2
:10D49000F1EE10FA80F28080DFED4C6A13E600BFF7
:10D4A00048E13A3FAE471140508DDF3F25061D4011
:10D4B000508DDFBFB4EE640ADFED444AF1EE10FA9E
:10D4C0005EDBB4EE650AF1EE10FA59DCDFED405A8E
:10D4D000B4EE434ADFED436AF1EE10FA3FF74CAF8A
:10D4E000F4EE660ADFED396AF1EE10FAFFF652AE9D
:10D4F000DFED3D7AF4EE670AF1EE10FA3FF74AAE3F
:10D50000F5EE404AF1EE10FA50DADFED306A41E60E
:10D51000B4EE640A9FED2D1AF1EE10FA34DBB4EE8E
:10D52000470AF1EE10FA2FDC9FED290AB4EE434AC8
:10D53000F1EE10FA3FF760AF9FED2C2AF4EE420AAD
:10D540009FED225AF1EE10FAFFF687AE9FED282AE2
:10D55000F4EE420AF1EE10FA3FF77FAEB5EE401A54
:10D56000F1EE10FA28DA9FED195A86FE450ABDEC55
:10D57000088B7047F0EE646AA5E500BFA8C62F408F
:10D58000F0EE646A06E600BFB0EE415A86FE450A38
:10D59000BDEC088B704700BFDFED0D4AC5FEA46AE5
:10D5A00091E500BF25065D40A8C62FC0DFED084A03
:10D5B000C5FEA46AEEE500BF9FED051A80FE015A84
:10D5C00086FE450ABDEC088B704700BF00007A4418
:10D5D00000000000F2D23D3F7368B93F0000000038
:10D5E00000007A44508DDF3F25061D40A8C62F401D
:10D5F00025065D4000000000052801D90020704785
:10D6000040F2D43148F23823C2F20041C0F601039F
:10D6100048F2082C4A78C0F6010C0978002A48F232
:10D62000D812C0F6010218BF134648F26822C0F6AD
:10D63000010218BF6246002903EBC0011CBF13465C
:10D6400002EBC00113F8300091ED011A002891F9A6
:10D65000010000FE200A01284FF00000B4EE410A4C
:10D6600004DBF1EE10FAA8BF01207047F1EE10FACA
:10D67000D8BF01207047000040F2D431C2F200410F
:10D68000887070470000000040F2D431C2F20041BF
:10D69000087070470000000040F2D431C2F200412F
:10D6A000487070470000000038B3F5EE400AF1EE14
:10D6B00010FA22DDB5EE400AF1EE10FA20DD01EE9F
:10D6C000100AB8EEC11AB0EEC11A21EE201AB4EE5B
:10D6D000401AF1EE10FA10DD80EE200ABDEEC00A0D
:10D6E00010EE101A01290BDB47F6FF72914238BF8A
:10D6F0000A46002848BF5242104600B2704700BF99
:10D70000002000B2704700000022002818BF002946
:10D7100002D11046704700BFF5EE400AF1EE10FA54
:10D72000F7DDB1F9002001EE102AB0F90020B8EEC3
:10D73000C12A01EE102AB8EEC11A22EE022AA1EE89
:10D74000012AB5EE402AF1EE10FA0DD0B1EEC22A50
:10D7500020EE822AB4EE420AF1EE10FA06DBB5EEB4
:10D76000400AF1EE10FA01DD00207047B5EE400AE4
:10D77000F1EE10FA18DD80EE020A20EE011ABDEE7D
:10D78000C11A11EE102A0280B1F9000001EE100A50
:10D79000B8EEC11A20EE010ABDEEC00A10EE102A42
:10D7A0000A80012210467047002202800A8001226E
:10D7B00010467047000000009FED102A80FE823A5C
:10D7C00030EE430AB5EE400AF1EE10FA12DDF5EE46
:10D7D000401AF1EE10FA0DDD81FE021A31EEA12A97
:10D7E00021EE811A22EE000AA1EE010AB1EEC00A72
:10D7F00030EE412AB0EE420A704700BF0000000040
:10D800009FED0C3AF5EE401A80FE832AF1EE10FAF5
:10D810000DDD81FE031AB0EEC03A20EE000A31EEB3
:10D82000A14AA3EE012A80EE040A32EE002AB0EEED
:10D83000420A70470000000010B541F6D4647C2114
:10D84000C2F200442046F2F71EFF40F2683040F278
:10D850000012C2F200400021C0F20102C0E9101122
:10D86000C0E91211C0E91411C0E91611C0E918117C
:10D8700081668181C1810182017081614170C161D4
:10D8800041828182C182C0F80220C0F806108172F4
:10D89000C0E90811C0E90A11C0E90C11C0E90E1174
:10D8A0000020FFF7F1FE0020FFF7F6FE0020FFF753
:10D8B000E3FE01202070207500200621A175C4F22E
:10D8C0007A40E06510BD000040F26831C2F20041CC
:10D8D000CA69531CCB61BFF35F8F00238B81CB815F
:10D8E0000B820B708861901C4B70BFF35F8FC86117
:10D8F0004B828B82CB82704718B1002918BF002A57
:10D9000000D1704740F2683CC2F2004CBCF81230C3
:10D910000380BCF814000880BCF816001080704723
:10D920002DE9F04F81B02DED0E8BAEB041F6D465F0
:10D93000C2F200452978012941F0AA8140F26837F6
:10D94000C2F20047D7F81C80BFF35F8FB7F80C9086
:10D950005FEAC873B7F80EA03E8A3978D7F818B0D6
:10D960007A78BFF35F8FFB69ECD19845EAD1A0EBE1
:10D970000B00002A18BF0122C9284FF0000038BF51
:10D9800001203B6A0024984500EA0200049000F060
:10D990009A80C7F8208038B1C80709D10122FA70EF
:10D9A0008C0707D548B92CE02C71A7F803408AE012
:10D9B0008C07F7D40121397118B3F878012820D1E8
:10D9C000687D05284FF00000F8701AD8287980F09B
:10D9D00001002871686A0130686207A8FFF770FAD1
:10D9E000297C012902D1697D08E000BF07A8FFF763
:10D9F0007FFA697D9DF81C20914202D210F8310017
:10DA00002875002C02D400245DE000BF3879002482
:10DA1000012858D1287C3C7180B1A87C012852D1C2
:10DA20004FF48070A5F8050000202C74AC742C71A4
:10DA30006C75FFF731FE012445E000BF68790128CD
:10DA400041D1E87801283ED101202874B878AC741F
:10DA50002C7101286C754FF48070A5F8050013D166
:10DA60009FEDCD8A97ED0B0AF0EE480A09F0FEFF14
:10DA70009FEDCA1AB4EE410AF1EE10FA08DD9FEDEF
:10DA8000C82A30EE020A0CE09FEDC61A14E000BF6F
:10DA90009FEDC52AB4EE420AF1EE10FA01DA30EE3B
:10DAA000080AB0EEC00A9FEDC12AB4EE420AF1EEB8
:10DAB00010FAD8BF9FEDBB1A012087ED0C1A012484
:10DAC000BC72FFF7E9FD07A8FCF77AF9CDE9054636
:10DAD000A0B39DF82800042830D19DF84C000128FF
:10DAE0002CD19DF84A00012828D19DED070A10EE9F
:10DAF000100A20F00040B0F1FF4F1FD8287C87EDBE
:10DB00000B0A01284FF00100B87065D197ED0C9A0F
:10DB10009FEDA18A30EE490AF0EE480A09F0A6FF0F
:10DB20009FED9E1AB4EE410AF1EE10FA40F3F6842E
:10DB30009FED9B1A30EE010A00F0F9BC287C797940
:10DB40009DF84D200024C007BC7001EA02000BD0F4
:10DB500097ED0C8AB97A80F001000843002C18BFB9
:10DB60005FEAC07031D043E0C0074BD09FED8A8A96
:10DB70009DED100AF0EE480A09F078FF9FED871A34
:10DB8000B4EE410AF1EE10FA04DD9FED851A30EE95
:10DB9000010A08E09FED841AB4EE410AF1EE10FA92
:10DBA00001DA30EE080AB0EEC00AB6EE001A002024
:10DBB0009FED7C8AB4EE410AF1EE10FAC8BF012055
:10DBC000002C18BF5FEAC07012D17C710CBB9FEDB6
:10DBD000750A00243EE000BF78799FED728A012823
:10DBE00006D19DF84D00C00702D00124BEE700BF5A
:10DBF00001200124FCF7BCF8B0EE480AFCF710FD48
:10DC000020B100247C719FED670A23E00020B872E8
:10DC10007C719DED070A30EE480A9FED5F8AF0EEB9
:10DC2000480A09F023FF9FED5D1AB4EE410AF1EEB8
:10DC300010FA05DD9FED5A1A30EE010A09E000BF27
:10DC40009FED591AB4EE410AF1EE10FA01DA30EE06
:10DC5000080A0124B0EEC00AB1EE041A0020002127
:10DC600040F28823B4EE410A97ED0C0AF1EE10FA67
:10DC7000B5EE400AC2F20043D8BF0121F1EE10FA1E
:10DC80002A7C01EA040108BF01206974AC731040CA
:10DC9000E874EFF3108072B6D3F800E0996802914F
:10DCA0009A88B3F80CC099799E7B0B4600293446BC
:10DCB00018BF0123002E18BF012400B962B6E8780E
:10DCC000EB712C72012803910ED197F8624041F656
:10DCD000D4600023C2F200400029C375047671D1DC
:10DCE00087F84A30C0E000BF76B16346BCF1140F3C
:10DCF00028BF1423052B98BF0523BCF1140F09D3AB
:10DD000097F8624025E000BF002487F8624087F85A
:10DD100068401EE097F8680090B197F86240022CC6
:10DD200017D8786E029D854213D00298786607EB6B
:10DD30004400013487F86240A0F85C3009E000BF7D
:10DD400002987866012487F8684087F86240A7F84F
:10DD50005C30387A0028BAD10029B8D0132A2AD8E2
:10DD6000032C25D3B7F85C50B7F86000B7F85E30E5
:10DD700001909D42184688BF2B4638BF2846019D1A
:10DD8000AB4228BF2B46984288BF03460120387219
:10DD9000142B28BF78720EE00000B4430000344317
:10DDA0000000B4C300000000000034C30000B4420F
:10DDB00001203872787241F6D4630020C2F2004329
:10DDC000D8751C76142A28BF142297F84A00052A11
:10DDD00098BF052250B397F842406CB3786C8645E3
:10DDE00042D097F8430045F25651022C019600F1BB
:10DDF000010303FB01F107EB40004FEA1141828769
:10DE000001EB4100A3EB000087F8430002D8013486
:10DE100087F84240BA8FA01E631E0328C7F844E06B
:10DE200003F0030E80F06882012383E2754601202F
:10DE300087F84A00002302E097F843307546581CE3
:10DE400045F25654444307F13C0E7D64240C2EF8F1
:10DE50001320BA8F04EB4404001B87F84300012011
:10DE600087F84200A7F8482041F6D460B7F848E0A8
:10DE7000C2F20040A0F81AE0D6B3BCF1140F28BFDC
:10DE80004FF0140C97F85A00BCF1050F98BF4FF0F3
:10DE9000050C88B397F85240A4B3786D029981427B
:10DEA0004BD097F8530045F25653022C019600F1DF
:10DEB000010101FB03F307EB40004FEA1343A0F815
:10DEC0004CC003EB4300A1EB000087F8530002D8DD
:10DED000013487F85240B7F84C30A11E601E032968
:10DEE00000F0030C0299796580F0A2820120BEE265
:10DEF000002087F85A0020E00196012087F85A0098
:10DF0000002002E097F853000196411C45F2565359
:10DF10004B4307F14C041B0C24F810C003EB4303E4
:10DF2000C81AB7F84C3087F85300012087F8520020
:10DF300002987865019EA7F8583041F6D461B7F889
:10DF400058300398C2F200418B8348B300EE10EAC8
:10DF50009FEDE51A087CB8EE400A012820EE010A80
:10DF60000ED1487960B9487D052809D19FEDDF1AA7
:10DF7000B4EE410AF1EE10FA09DC012011E000BF15
:10DF80009FEDDB1AB4EE410AF1EE10FAF5DD9FEDDC
:10DF9000D92A31EE021AB4EE410AF1EE10FA01DB91
:10DFA0000020B871E6B100EE103A9FEDCF1A41F6AD
:10DFB000D465069EC2F20045B8EE400A20EE010A82
:10DFC0009FEDEB1AB4EE410AF1EE10FA10DD9FED71
:10DFD000E91AB4EE410AF1EE10FA0BDAF8790BE027
:10DFE00041F6D4650020C2F20045069E03E000BF62
:10DFF000012000E00020F87107ACB979A872204632
:10E000006972FDF7D1FF002862D09DF8A1109DF83C
:10E01000A200014311F00101A97000F06381C0B2B8
:10E0200004F1540110F0010018BF04F13801002878
:10E0300004F1580018BF04F13C0009687A7A696558
:10E04000E9780068012AA8654FEAC17044D1002828
:10E0500045D1688B9FEDA41A012400EE100A01201F
:10E06000B8EE400A20EE018A9FEDDB0A30EE489AB6
:10E07000FFF70AFB41F262004FF2B631C4F228000A
:10E08000C3F69D61C7E90D01B9789DED1E0A9FEDAC
:10E09000D31A9DED1F2A31EE400A002939EE421AAB
:10E0A00087ED090A87ED0A1A97ED0B0A1FEDC31ACF
:10E0B000EC7001FE000AA86385ED0F9A002085ED43
:10E0C000100A85ED118AC5E91200286507E000BF36
:10E0D0000021A97070E200BF002800F0B180287C08
:10E0E000012845D1687D052842D1B87807F1300173
:10E0F0009FEDBB1A002818BF07F12C0191ED000A13
:10E1000020EE010A09F00AFCB5EE400AF1EE10FA21
:10E110002EDAE879012812D1688B13280FD800EE87
:10E12000100A9FED711A9FEDAF2AB8EE400A00EE7B
:10E13000012A9DED1F0A32EE400A87ED0A0AFEF71A
:10E14000EFFEA8B1287A012812D1A88B13280FD886
:10E1500000EE100A9FEDA41A9FEDA42AB8EE400A23
:10E1600000EE012A9DED1E0A32EE400A87ED090AF3
:10E17000287C97ED090A97ED0A1A9DED1E2A9DED60
:10E180001F3A30EE020A31EE031A01282AA885ED63
:10E190000C0A85ED0D1A03D1FEF792FE02E000BFD6
:10E1A000FEF7A6FE2A799DF8A860697D012A24D190
:10E1B000B14222D210F8312005F13403002A00EBDD
:10E1C000C10208BF05F1300392ED011A92F9012056
:10E1D00093ED000A31EE402A002A30EE410A9FED0D
:10E1E000641A32FE000AB4EE410AF1EE10FA04DCC1
:10E1F00000222A71AA6A0132AA62B142039080F019
:10E20000BD80002406E000BFCAB29DF8A860B242FB
:10E2100080F0B48095ED0C0AD5ED0D0AC8B2FFF779
:10E22000EBF9697D002800F0A78028790131697534
:10E230000128E9D1A86A2C710130A862E4E700BF87
:10E24000B87801284ED197F8620002284AD9B7F869
:10E250005C00B7F86020B7F85E109FED231A884283
:10E260000B4688BF014638BF034691422AA828BF03
:10E2700011468B4288BF194600EE101AB8EE400ACC
:10E2800020EE018A97ED0B1A9FEDC20AF0EE480AC4
:10E29000FEF796FD002800F067819DED2A0A9DEDAE
:10E2A0002B1A9DED1E2A9DED1F3A30EE422A87ED76
:10E2B0000D0A31EE433A87ED092A87ED0A3A01202B
:10E2C00087ED0E1A0021E870F86A85ED0E0A85EDDB
:10E2D0000F1AC5E9100185ED128A2D98C5E91310B2
:10E2E000FDE600BF002167E10AD7233C0C02AB3DED
:10E2F0008FC2F53D0AD7A33C23F00304002300BFDF
:10E3000092B207EB43010433C88F904238BF0246F4
:10E31000B1F84000904238BF0246B1F84200904246
:10E3200038BF0246B1F84400904238BF02469C42D2
:10E33000E6D10133019EBEF1000F3FF493AD07EB30
:10E340004303988F904238BF0246BEF1010F3FF45D
:10E3500089ADD88F904238BF0246BEF1020F3FF41C
:10E3600081ADB3F84000904238BF02467AE500BF65
:10E37000CDCCCC3D90C2F53D9DF8A860CAB200203E
:10E38000B2426FF0040252FA81F14FF0000338BF3D
:10E390000120B1FA81F12A7C4FEA511128BF0123F3
:10E3A000084010406B71FFF767F9287C60B1A87CCA
:10E3B0006979069E4FEAC174D0B1002C4FF000017C
:10E3C00000F0F580F8E000BF68790021069EC007E4
:10E3D00000F0ED80F0E000BFCDCCEC3F62102840B3
:10E3E00035FA8E3C6666663E0AD723BCFCA93140EE
:10E3F000002C5BD097ED0D0A97ED0E1A9DED1E2AAD
:10E400009DED1F3A30EE422A012131EE433A002CB5
:10E4100087ED092A4FF0000087ED0A3A85ED0C0AD6
:10E4200085ED0D1AA9742871A97100F0C080C3E0B0
:10E4300020F00300002400BF9BB207EB440104342A
:10E44000B1F84E209A4238BF1346B1F850209A4294
:10E4500038BF1346B1F852209A4238BF1346B1F87C
:10E460005410994238BF0B46A042E5D1601CBCF164
:10E47000000F3FF45FAD07EB4000B0F84C1099423D
:10E4800038BF0B46BCF1010F3FF454ADB0F84E104D
:10E49000994238BF0B46BCF1020F3FF44BADB0F8C8
:10E4A0005000984238BF034644E500BF687D052808
:10E4B0007CD1B87807F130011FED371A002818BF5A
:10E4C00007F12C0191ED000A20EE010A09F026FA6D
:10E4D000B5EE400AF1EE10FA5EDA688B95ED0D0AA2
:10E4E0009FED5C1A002280B2B4EE410A0B284FF077
:10E4F000000038BF0120E979F1EE10FAD8BF0122FF
:10E500000840002110427FF475AF9FED531AB4EE1E
:10E51000410AF1EE10FA4ADC6CE700BF9FED4F1A9A
:10E52000B4EE410AF1EE10FA01DA30EE080AB0EE6C
:10E53000C00A9FED4B1AB4EE410AF1EE10FA1FDD4E
:10E540000FF27070B5EE409AF1EE10FA08BF043089
:10E550009DF84D10012490ED008A787987ED0C8AA2
:10E560000840BC72FFF7F6BAE978E86A0130E86261
:10E57000C8074FF0000187F862107FF4B0AD1BE0D0
:10E5800078799DF84D1097ED0C8A01240840FFF72B
:10E59000E1BA00BF0000000095ED0D0A9FED2E1AB4
:10E5A000B4EE410AF1EE10FA7FF724AF0021687D46
:10E5B000039A12F8300028750391FEF7B1FC049C11
:10E5C000E8736C70C5F820B0A5F87090A5F872A03B
:10E5D0003CB94FF000094FF0000A85F8049087F825
:10E5E0000390A87901281FD1B9F5004F4FF0000022
:10E5F00000F09C810FFA89F189EAE132A2EBE13166
:10E6000089B203294FF0000110D8BAF5004F0DD0A0
:10E610000FFA8AF18AEAE132A2EBE13189B20329E9
:10E620004FF0000102D8A871484651462A7CADF847
:10E630001C00ADF8A810012A14D16B7C002C08BF77
:10E64000264683B900210020ADF81C10ADF8A810B3
:10E6500009E000BF5A64DB3E6E12A33E000034C3E3
:10E660000000C84200262B79012B68D1002ABB7814
:10E6700097ED0C0A1FED39AA0AFE000A002B00B222
:10E6800097ED0B1A09B200FE01BA00EE100AB8EEBF
:10E69000C0CA00EE101AB8EEC0DA1FEDAF0A2BEEBA
:10E6A000008AB0EE480A09F039F9B0EE409AB0EEAF
:10E6B000480A09F033FA29EE0D2A287D2DEE401A7A
:10E6C0000028A0EE0C2A9FEDB70A2BEE008AA9EED7
:10E6D0000C1AB0EE480A01FE0ACA0AFE02AA09F0A4
:10E6E0001DF9B0EE409AB0EE480A09F017FA2AEE8A
:10E6F000401AB6EE003A29EE0A2AA9EE0C1AA0EE4C
:10E700000C2ABEEE000AB5EE401AF1EE10FAB5EE94
:10E71000402A23FE004AF1EE10FA23FE000A31EEF1
:10E72000041A32EE000ABDEEC11ABDEEC00A11EEA7
:10E73000100A10EE101AADF81C00ADF8A810AA7857
:10E740004FF00009002385F80B90012AC4F27A43A8
:10E75000EB6540F01B81EA78012A40F0178140EA1E
:10E760000102120400F0128109B21FED76BA00B264
:10E7700000EE101A01EE100A287CB978B8EEC00A33
:10E78000C007B8EEC11A20EE002AA1EE012AB1EEB0
:10E79000C22A80EE02DA97ED0C0A0BFE000A00296D
:10E7A00081EE02CA97ED0B1A00FE01AA9FEDBB0A8B
:10E7B0002AEE008AB0EE480A09F0B0F8B0EE409AAE
:10E7C000B0EE480A09F0AAF92DEE401AD5ED0D0A6F
:10E7D0006DEE091AA9EE0C1AE0EE0C1A95ED0C0A72
:10E7E000FEF7A6FB9FEDAECA85ED170AB4EE4C0A04
:10E7F000F1EE10FA00F39E80BDF91C00BDF9A810DF
:10E8000000EE100AB8EEC0DA00EE101AB8EEC0EA58
:10E81000B0EE480A09F082F8B0EE409AB0EE480A2D
:10E8200009F07CF92EEE401AD5ED0D0A29EE0E2ADC
:10E83000A9EE0D1AA0EE0D2AB0EEC10AB0EEC23A52
:10E84000B4EE403A95ED0C0AF1EE10FA32FE0B9A56
:10E850003BFE018AF0EE491AB0EE481AFEF768FB5B
:10E86000B5EE408A0020F1EE10FA4FF00001B5EE4F
:10E87000409A18BF0121F1EE10FA18BF0120084399
:10E88000C00755D0B4EE4C0AF1EE10FA50DD9FED02
:10E89000451AB0EE40DA2AEE01AAB0EE4A0A09F0B3
:10E8A0003DF8B0EE40BAB0EE4A0A09F037F9B0EEE2
:10E8B000401A29EE0B3AB6EE004AB0EE4D0A85ED4D
:10E8C00017DA29EE412AA1EE083ABEEE001AABEEA5
:10E8D000082AB5EE402AF1EE10FAB5EE403A24FED1
:10E8E000015AF1EE10FA24FE011A32EE052A33EE37
:10E8F000011AB6EEC24ABDEEC22AB6EEC13ABDEE6C
:10E90000C11A12EE100A23EE033AADF81C0011EE04
:10E91000100AA4EE043AADF8A8000120E872B5EEA2
:10E92000403AF1EE10FA05D12EE000BF00217DE65D
:10E9300095ED170A9FEDDD1AB4EE410AF1EE10FADB
:10E9400022DADFEDDB0A9FEDE21ADFEDE21AFEF7D5
:10E9500033FF07A82AA9DFEDE00AFEF7D5FE00285D
:10E960004FF000091CBF0120E87295ED170AB4EEC4
:10E970004C0AF1EE10FA09DCADF81C90ADF8A89045
:10E980004FF0010902E000BF4FF00009287C069615
:10E99000012809D1687938B9687D052804D19FED2F
:10E9A000C88A03E035FA8EBC9FEDC68A4CF6CD408E
:10E9B000BDF91C40C3F6CC506866E879BDF9A86083
:10E9C0004FF0000AA5F80CA0012885ED188AC5F8BB
:10E9D00068A0C4F10000C5F86CA0049062D100EEFC
:10E9E000106A688B9FEDBC1A002E9FEDB12A95ED41
:10E9F000163AB8EEC00AB0EE00AA83FE02CA9FED36
:10EA0000B4BAF0EE480A20EE010A01EE100AF0EE68
:10EA10004A1AB8EE411A30FE020A9FEDA82A21EEEA
:10EA2000029AB0EE4B1A80FE0C0AFEF7E9FE85ED65
:10EA3000180AB0EE490AF0EE480AB0EE4B1AF0EEB2
:10EA40004A1AFEF7B9FE012E85ED1A0A09DBDFED41
:10EA5000A20A3046FEF728FEB04202D00646012147
:10EA60002973B879012805D1012E03DB0026012185
:10EA7000297301E0002E15D495ED1A0A9FED971A1F
:10EA800030EE010AB4EE40CAF1EE10FA04DC48B1EF
:10EA9000B7F91400012805DB012004E035FA8E3CAB
:10EAA0000AD7233C00200190287CB9789FED808A0A
:10EAB00097ED0C0AC00708FE000A002997ED0B1A13
:10EAC00000FE010A9FED811A20EE010A08F026FFE0
:10EAD000B5EE400A4FF0000BF1EE10FAA8BF4FF070
:10EAE000010BFEF71DFAA98B2A7A142938BF4FF0C3
:10EAF000010A012A029657D180EA0B0040EA0A0077
:10EB0000C00751D0049E9FED741A00EE106A02EE09
:10EB1000101A002CB0EE009A9FED6BAAB8EEC00A56
:10EB20009FED6BBAB8EE422AF0EE4A0AF0EE491AAF
:10EB300020EE010A95ED151AB1EE411A28FE000AE1
:10EB400081FE08CA9FED5D1A22EE018AB0EE4B1AD3
:10EB500080FE0C0AFEF754FE85ED190AB0EE480A55
:10EB6000F0EE4A0AB0EE4B1AF0EE491AFEF724FE18
:10EB7000B4F1FF3F85ED1B0A0ADC34B2DFED560A23
:10EB80002046FEF791FD844202D0064601216973BA
:10EB9000F879019A01280BD1012E09DB0121697353
:10EBA0000026039907E000BFDDE90316019A16E08D
:10EBB000002E039913D495ED1B0A9FED481A30EEF1
:10EBC000010AB4EE40CAF1EE10FA01DD012206E0BE
:10EBD00028B1B7F91200B0F1FF3FD8BF0122029867
:10EBE000ADF8A8007042ADF81C00EFF3108A72B6C1
:10EBF000BFF35F8FF8694045059840EA010049EA94
:10EC0000020140EA010009D101281DD1F2F754FFA9
:10EC100000244FF0000900262DE000BF012808D194
:10EC2000F2F74AFF00207882B882F8826867A5F878
:10EC30007800BAF1000F2BD162B62EB0BDEC0E8B6E
:10EC400001B0BDE8F08F00BFBDF91C60BDF9A84060
:10EC5000788ADDF81890B1B2814206D1A1B2B88AA3
:10EC6000814202D1F88A814505D00FFA89F23046F7
:10EC70002146F2F7FDFEBAF1000F7E82BC82A7F8B2
:10EC80001690A5F87460A5F87640A5F8789005D0A0
:10EC90002EB0BDEC0E8B01B0BDE8F08F62B62EB089
:10ECA000BDEC0E8B01B0BDE8F08F00BF00007A44D0
:10ECB0000000000000000000000034430AD7233C9D
:10ECC0000C02AB3D8FC2F53DCDCCCC3D35FA8E3C30
:10ECD0000AD7A33DCDCCCC3F3665023C8FC2F53C74
:10ECE00018B1002918BF002A00D17047F0B540F2D2
:10ECF0006834B0F800C0C2F20044B1F800E01588F2
:10ED000003F03F03E669771CE761BFF35F8FA4F868
:10ED10000CC0A4F80EE025822370059BA36101239B
:10ED20006370B31CBFF35F8FE361638A0380A08AC3
:10ED30000880E08A1080BDE8F040704700000000C5
:10ED4000EFF30980BFF36F8F154B1A681EF0100F99
:10ED500008BF20ED108A20E9F04F10602DE909006E
:10ED60004FF0500080F31188BFF34F8FBFF36F8FC8
:10ED700007F0EEFE4FF0000080F31188BDE80900B7
:10ED800019680868B0E8F04F1EF0100F08BFB0EC2B
:10ED9000108A80F30988BFF36F8F704700BF00BFF0
:10EDA0004020002400000000F0B581B044F22C4760
:10EDB000C5F6020757F8042C02F00302032A03D118
:10EDC000012001B0F0BD00BF054657F82C0C0C46E1
:10EDD00020F0806047F82C0CF7F752FC064600BF85
:10EDE00057F82C0C000105D5F7F74AFC801B0228C8
:10EDF000F6D964E057F8040CEE6895E80E0020F4AC
:10EE00007C30012C40EA0130A2F101016FF35F2157
:10EE10004FF47E4202EB432247F8040C92B24FF0CB
:10EE2000FE4302EB01004FF4FE012A6901EB0641AB
:10EE300001F4FE0103EB0262084402F0FE410844C3
:10EE4000F8603868696920F0C00040EA0100386065
:10EE50003868A96920F0200040EA0100386038686D
:10EE60004FF6F87120F0100038603869EA6920EA3E
:10EE700001004FF4001140EAC2003861386808BF51
:10EE80004FF4801140F01000002C386008BF4FF4A0
:10EE9000002138680843386057F82C0C40F0806037
:10EEA00047F82C0CF7F7ECFB044600BF57F82C0C86
:10EEB000000107D4F7F7E4FB001B0328F6D3032077
:10EEC00001B0F0BD002001B0F0BD00000000000066
:10EED000F0B581B044F22C47C5F6020757F8042C70
:10EEE00002F00302032A03D1012001B0F0BD00BFEC
:10EEF000054657F82C0C0C4620F0805047F82C0C97
:10EF0000F7F7BEFB064600BF57F82C0C800005D56E
:10EF1000F7F7B6FB801B0228F6D964E057F8040C1B
:10EF2000EE6895E80E0020F07C70012C40EA01505C
:10EF3000A2F101016FF35F214FF47E4202EB432205
:10EF400047F8040C92B24FF0FE4302EB01004FF47D
:10EF5000FE012A6901EB064101F4FE0103EB0262A6
:10EF6000084402F0FE41084478613868696920F479
:10EF7000406040EA010038603868A96920F40070F8
:10EF800040EA0100386038684FF6F87120F480706C
:10EF90003860B869EA6920EA01004FF0807140EA00
:10EFA000C200B861386808BF4FF4000140F48070B7
:10EFB000002C386008BF4FF480013868084338607F
:10EFC00057F82C0C40F0805047F82C0CF7F758FB02
:10EFD000044600BF57F82C0C800007D4F7F750FB0D
:10EFE000001B0328F6D3032001B0F0BD002001B0C0
:10EFF000F0BD00000000000040B390F8E523012AB6
:10F0000024D190F8E4230AB310B5531E90F8502091
:10F010008A4223D0E3B190F8CC208A4220D0012B41
:10F0200016D090F848218A421ED0022B10D090F8BA
:10F03000C4218A421CD0043B00F5F8705A1C4FF0E2
:10F040000102E3D1BDE8104010467047012070472F
:10F050000122BDE810401046704700BF041D09E0C2
:10F0600000F1800406E000BF00F1FC0402E000BFF4
:10F0700000F5BC74204600F027FE024684F86D00BF
:10F08000BDE810401046704740B390F8E533012BBF
:10F0900024D190F8E4330BB310B55C1E90F85030D7
:10F0A0008B4223D0E4B190F8CC308B422AD0012C93
:10F0B00016D090F848318B4236D0022C10D090F800
:10F0C000C4318B4236D0043C00F5F870631C4FF01D
:10F0D0000103E3D1BDE81040184670470120704796
:10F0E0000123BDE810401846704700BF041D6AB1F7
:10F0F0000023012084F878006367BDE810401846BB
:10F10000704700BF00F18004002AF1D1002084F88C
:10F110007800204601F010FC034684F86D00BDE83D
:10F1200010401846704700BF00F1FC04002AEDD0E3
:10F13000DEE700BF00F5BC74002AD9D1E6E7000085
:10F1400070B58AB060B3002B4FF000041CBF90F87C
:10F15000E5635FEAC67603D120460AB070BD00BF02
:10F1600090F8E463002EF7D0751E90F850608E4240
:10F170001AD0ADB190F8CC608E4219D0012D0FD0CD
:10F1800090F848618E4217D0022D09D090F8C461E2
:10F190008E4215D0043D00F5F8706E1CE5D1DBE71A
:10F1A000002420460AB070BD1546041D0BE000BFC8
:10F1B000154600F1800406E0154600F1FC0402E06B
:10F1C000154600F5BC742C2118461E46F1F75BFA73
:10F1D00001A9204600F0A8FD94F96C109DED010AEC
:10F1E0009FED271A9DED022A80EE010A04EE101A07
:10F1F0009FED241A9DED033A0499F16020EE010A77
:10F200000599B8EEC44A316122EE011A9FED1E2A1B
:10F2100023EE022A069920EE040A716121EE041AF7
:10F2200086ED000A22EE040A0799B16108999DF85B
:10F23000242086ED011A86ED020A0029F16130468C
:10F2400086F8202018BF012186F825104FF0000114
:10F2500004D0626BAA1A332A38BF012180F8261025
:10F2600094F8781094F84E2080F8271094F86D10D8
:10F27000012480F8282080F8241020460AB070BDB0
:10F2800035FA8E3CE4380E3F6666E63F000000002B
:10F2900040B390F8E523012A24D190F8E4230AB37F
:10F2A00010B5531E90F850208A4223D0E3B190F855
:10F2B000CC208A4220D0012B16D090F848218A42D7
:10F2C0001ED0022B10D090F8C4218A421CD0043BDF
:10F2D00000F5F8705A1C4FF00102E3D1BDE8104070
:10F2E00010467047012070470122BDE810401046CB
:10F2F000704700BF041D09E000F1800406E000BF74
:10F3000000F1FC0402E000BF00F5BC74204600F0F0
:10F310002BFD024684F86D00BDE810401046704792
:10F320002DE9F04F81B0814600284FF0010011D047
:10F330008A4679B1A3F109001F4610F1080F4FF07A
:10F34000010007D39346002A1CBF9AF810125FEA07
:10F35000C17103D101B0BDE8F08F00BF00240025CA
:10F3600068011BF90060002E44D40BEB4510417876
:10F37000FF2901D001293DD1083005F0ADFAC8B30D
:10F38000F0B221462A46531CBB421DD20BEB0103AF
:10F3900093F82060B0422DD0961CBE4214D293F850
:10F3A0004060B04226D0D61CBE420DD293F86060B9
:10F3B000B0421FD00432BA4206D293F88030803176
:10F3C0009842E0D116E000BF01352034BD42C7D3DA
:10F3D00009F104084FF479714046F1F754F99BF8AC
:10F3E000002040465146C9F800A089F8E47300F0B7
:10F3F000E7FC18B1012001B0BDE8F08F0BF1080661
:10F4000009F1580CDBF81C504FCE8CE84F00C9F8BE
:10F410006C509BF80100DBF8041089F8700000299B
:10F4200008BF0A21012FC9F8741013D144F64931DD
:10F430005046C0F601014A4600F022FC00284FF079
:10F4400001007FF487AF89F8E503002001B0BDE833
:10F45000F08F00BF9BF8202009F18000514600F09A
:10F46000AFFC0028C6D10BF1280609F1D40CDBF85B
:10F470003C504FCE8CE84F00C9F8E8509BF8210073
:10F48000DBF8241089F8EC00002908BF0A21022FBC
:10F49000C9F8F010CAD09BF8402009F1FC00514691
:10F4A00000F08EFC0028A5D10BF1480609F5A87CD8
:10F4B000DBF85C504FCE8CE84F00C9F864519BF8E4
:10F4C0004100DBF8441089F86801002908BF0A21CF
:10F4D000032FC9F86C11A9D09BF8602009F5BC7006
:10F4E000514600F06DFC00287FF484AF0BF16806F4
:10F4F00009F5E67CDBF87C504FCE8CE84F00C9F86C
:10F50000E0519BF86100DBF8641089F8E401002900
:10F5100008BF0A21042FC9F8E81187D09BF8802082
:10F5200009F5FA70514600F04BFC00287FF462AFF9
:10F530000BF1880609F5127CDBF89C504FCE8CE865
:10F540004F00C9F85C529BF88100DBF8841089F801
:10F550006002002908BF0A21052FC9F864123FF490
:10F5600065AF9BF8A02009F51C70514600F028FCFF
:10F5700000287FF43FAF0BF1A80609F5317CDBF8DA
:10F58000BC504FCE8CE84F00C9F8D8529BF8A10070
:10F59000DBF8A41089F8DC02002908BF0A21062F35
:10F5A000C9F8E0123FF442AF9BF8C02009F53B7068
:10F5B000514600F005FC00287FF41CAF0BF1C80693
:10F5C00009F5507CDBF8DC504FCE8CE84F00C9F8D1
:10F5D00054539BF8C100DBF8C41089F85803002984
:10F5E00008BF0A21072FC9F85C133FF41FAF9BF82F
:10F5F000E02009F55A70514600F0E2FB00287FF444
:10F60000F9AE0BF1E80709F56F7CDBF8FC608FCFF2
:10F610008CE88F00C9F8D063DBF8E4009BF8E110B8
:10F62000002889F8D41308BF0A20C9F8D803FDE6DA
:10F63000002808BF70472DE9F0472DED068B0446E2
:10F6400090F8E503012840F0C98094F8E40300280D
:10F6500000F0C480884604F1510700254FF00109ED
:10F660009FED618A9FED619A9FED61AA0BE000BF5B
:10F6700001F062F987F8200094F8E40301357C3743
:10F68000854280F0AB8097F82B000028A7F14D0051
:10F690004AD0D7F82710B8EB0101EDD417F8311C88
:10F6A000C906E9D57A7897F91FA0F979012A04D11A
:10F6B0003A788A4201D13A794AB14246064601F087
:10F6C00063F8002887F82000D6D1F979304605295B
:10F6D00032D800EE10AA07F10B02B8EEC00ADFE83C
:10F6E00001F0033F2F572B6392ED001A92ED012A90
:10F6F00021EE001A92ED023A22EE002AD2ED031A10
:10F7000023EE003A21EE081A62EE090A92ED042A6D
:10F7100021EE090A23EE0A1A00F072FD002887F88C
:10F720002000A9D153E000BF79780029A0D1397910
:10F7300000299DD1A0E700BF87F820909CE700BF7B
:10F7400092ED001AD2ED010A21EE000A20EE090A1C
:10F7500000F0F2FE002887F820007FF48DAF36E03D
:10F7600092ED001A21EE000A92ED011A92ED022AA2
:10F7700061EE090A22EE091A20EE080A20EE090AB3
:10F7800000F03AFE002887F820007FF475AF1EE0F5
:10F7900092ED001A21EE000A00F0D6FC002887F84E
:10F7A00020007FF469AF12E092ED001A21EE000A0A
:10F7B00092ED011A61EE090A20EE080A20EE090A0C
:10F7C00000F002FC002887F820007FF455AFD7F83E
:10F7D00023004044C7F827004EE700BFBDEC068B6E
:10F7E000BDE8F047704700BF35FA8E3C6666E63FDD
:10F7F000E4380E3F0000000080B390F8E533012BA1
:10F800002CD170B5064610460D46144605F064F836
:10F8100030B396F8E40318B332462B46411EA44693
:10F8200092F8500098421DD0D1B192F8CC00984285
:10F830001AD0012914D092F84801984218D0022910
:10F840000ED092F8C401984216D0043902F5F8722D
:10F85000481C4FF00100E3D11CE000BF01207047BD
:10F86000012070BD111D09E002F1800106E000BF1A
:10F8700002F1FC0102E000BF02F5BC719CE84D0002
:10F88000DCE9045401F1540CC1E919548CE84D0031
:10F890000020486770BD000040B390F8E523012ABE
:10F8A00024D190F8E4230AB310B5531E90F85020E9
:10F8B0008A421DD003B390F8CC208A4222D0012B7B
:10F8C0001AD090F848218A422CD0022B14D090F8FC
:10F8D000C4218A422ED0043B00F5F8705A1C4FF028
:10F8E0000102E3D1BDE81040104670470120704787
:10F8F000041D94F8780058B10122BDE8104010466C
:10F90000704700BF00F1800494F878000028F3D11C
:10F91000204600F0E5FE024684F86D00BDE8104088
:10F920001046704700F1FC0494F878000028EFD0EE
:10F93000E2E700BF00F5BC7494F878000028DBD142
:10F94000E6E7000000000000B0B390F8E41399B3BC
:10F9500001F0030C04294FF000024FF0000314D310
:10F9600080B501F0FC0EA0F5F8710023043381F896
:10F970006C2281F8E8229E4581F8642381F8E02317
:10F9800001F5F871F2D1BDE88040BCF1000F08BF6D
:10F990007047C3EB43110430BCF1010F00EB810051
:10F9A0004FF0000180F8781006D0BCF1020F80F80B
:10F9B000F41018BF80F870117047000000000000BC
:10F9C000002814BF90F80E02002000F001007047DC
:10F9D000002808BF7047890106D590F81012C907A2
:10F9E0001CBF012180F80E127047000000000000CB
:10F9F000002808BF70472DE9F0438DB00446C807C2
:10FA00001CBF94F810025FEAC07003D10DB0BDE8CE
:10FA1000F043704720684021F5F7BEFD0028F5D07F
:10FA200004F10C080DF10C096E4605E02068402138
:10FA3000F5F7B2FD0028E9D0206840214A46334658
:10FA4000F5F7B6FD0028E1D10498B0F1804FEDD173
:10FA50000598002804BF06980828E7D194F80C02FE
:10FA600094F80D22411C01F01F079742DED00101DE
:10FA7000039A08EB001548F80120F6F701FE6860CC
:10FA80000098A8600198E860BFF35F8F84F80C725B
:10FA9000CCE7000000000000F0B589B0054600206A
:10FAA000089007904FF00100D5B30C46C1B3281D54
:10FAB0004FF404711646F0F7E6FD4FF080400190D8
:10FAC0000020029002200390FF20069001A920460A
:10FAD0002C60012785F80F62CDE90476F5F7A4FCC8
:10FAE00098B902210222012320460097F5F7E4FC91
:10FAF00058B92046F6F7C0FA38B901210022C0F201
:10FB000080312046F5F7CCFB30B105462046F6F7AC
:10FB1000CFFA284609B0F0BD012085F81002002078
:10FB200009B0F0BD00000000002808BF7047F0B524
:10FB300085B0044690F8100201282DD1606858B3B2
:10FB400094F80D0294F80C12884225D001A804F113
:10FB50000C0600F1080700BF94F80D02010106EB46
:10FB6000001201307158019151680291916803911E
:10FB7000D1680491BFF35F8F00F01F0084F80D027D
:10FB8000D4E90150DDE901133A46A84794F80D0283
:10FB900094F80C128842DFD105B0BDE8F040704700
:10FBA00080B390F8101201292CD190F80E1201297F
:10FBB0002AD1B0B5016891F89820022A06D10446EE
:10FBC0000846F6F775FAE0B92046216891F89820C2
:10FBD000012A1BD190F80C22044680F80D22084619
:10FBE000F6F74AFA68B901212068C0F28031002294
:10FBF0000025F5F755FB002818BFB0BD002084F89C
:10FC00000E52B0BD01207047002070470120B0BDEA
:10FC100070B58AB04FF00003099338B390F81032F2
:10FC2000012B23D190F80E6203464FF00100DAB1A8
:10FC3000F60719D118680E4614461D46F5F7BCFDA7
:10FC4000C0B126F0604001904FF08040029000204B
:10FC5000039008210890CDE90410CDE9060028683A
:10FC600001A92246F5F764FB0AB070BD01200AB075
:10FC700070BD00BF02200AB070BD0000000000008F
:10FC800060B18446012000291FBF9CF810325FEA52
:10FC9000C373CCE901120020704700BF01207047F8
:10FCA00078B190F81012012918BF704710B501689B
:10FCB00004460846F6F7FCF9002084F81002BDE877
:10FCC000104070470000000010B3036803B370B524
:10FCD00084B093F8101201291CD190F94C100246FF
:10FCE0000120002912D493F80F520024164682F8FE
:10FCF000514001AACDE9020441EA0520043240F056
:10FD0000806118460191FFF783FF38B104B070BDE0
:10FD100001207047012004B070BD00BF002086F8AC
:10FD20004E4004B070BD00000122002818BF002919
:10FD300002D11046704700BFB0B500F10C0501F1CB
:10FD40000807D0E901CE3CCD3CC7C1E900CED0E9DF
:10FD50000723406A0862C1E906230022BDE8B040DB
:10FD60001046704700000000D0B10168C1B110B565
:10FD700091F8101201291DD190F94C10002919D4C5
:10FD800090F8311001290DD10446F6F779FCA26AEA
:10FD9000801A40F2DC5290420ED30320208610BD20
:10FDA0000120704790F83210012903D190F83000FB
:10FDB00010BD00BF012010BD022010BD00000000DA
:10FDC0004FF0010C002818BF002901D16046704790
:10FDD00053B2002BFAD491F81032DB07F6D070B58D
:10FDE000031D0C465021054618461646F0F74BFCFD
:10FDF0004FF0000C2C6085F84C60FF2085F84D001A
:10FE000085F85200BDE87040604670470000000071
:10FE1000002800F0C980D0F800C0BCF1000F08BF76
:10FE2000704710B59CF810E2BEF1010F40F0BA80A7
:10FE3000002A00F0B78090F94CE0BEF1000F00F10D
:10FE4000B180CCB29CF80FC2A44540F0AB800C0A44
:10FE50005FFA84FC5FFA8EF4644540F0A380C1F33E
:10FE6000046CACF11104022CC0F09B80BCF1150FA6
:10FE700000F08C80BCF1020F40F0948014889FED5C
:10FE80004B1A9FED4C2AD0F81CC09FED4B3A24BA78
:10FE9000240C00EE104A4CF00104C461B8EE400A94
:10FEA00020EE010A9FED421A80EE010A30EE020AAE
:10FEB00080ED010A548824BA240C02EE104AB8EEF0
:10FEC000422A22EE032A9FED3D3A82EE012A32EECB
:10FED000032AB3EE0C3A80ED022A948824BA240C4B
:10FEE00002EE104AB8EE422A22EE032A82EE011AEE
:10FEF000BAEE0C2A31EE021A9FED312A80ED031A78
:10FF0000D28852BA01EE102AC1F305424261C1F310
:10FF1000815201F44001B8EE411AB1F50001B1FA85
:10FF200081F180F824204FEA511180F84E1021EE23
:10FF3000021A80ED041A0BD090F8511041B990F8D4
:10FF40004D10FF2904D0FF2180F84D1080F8521089
:10FF500090F831104CF03F02C261026A012902F1AF
:10FF6000010101621DD1C26A91421AD0B0EEC00AED
:10FF70009FED141AB4EE410AF1EE10FA11DC0121E2
:10FF800080F83210002101860BE000BF116841614A
:10FF900051688161D0E9071241F02001C161511C13
:10FFA00001624363BDE81040704700BFDB0FC941E9
:10FFB00000FF7F47DB0F49C100008442000004C2FC
:10FFC000CDCCCC3DCDCC4C3D10B52DED048B84B0CB
:10FFD000B0EEC02A9FED581AB4EE412AF1EE10FAA5
:10FFE00006DD0121084604B0BDEC048B10BD00BF46
:10FFF00000284FF00101F5D0B0EEE02AB4EE412A1E
:020000040801F1
:10000000F1EE10FAEEDCF5EE400AF1EE10FAE9DB63
:100010000368002BE6D093F81012012940F0868087
:1000200090F94C10002900F1818090F84E20012AAF
:100030007CD190F84D20052A78D19FED402A90F888
:10004000502080FEC22A9FED3E3A920782FE038A2C
:1000500006D590ED102AB4EE482AF1EE10FA3AD007
:10006000B0EEC82AB4EE412AF1EE10FA5EDC93F845
:100070000F2218EE10EA0DF1040C47F21704029457
:10008000B0EE409A41EA02210CF1040241F0905195
:100090004FEA1E248DF80D404FEA1E448DF80E40A5
:1000A0004FEA1E648DF80F400446184601918DF802
:1000B0000CE0FFF7ADFD0146002893D1B0EE490AF0
:1000C00094F850102368204684ED108A41F0020114
:1000D00084F8501053B393F81012012926D190F9E7
:1000E0004C00002822D493F80F1247F21604029411
:1000F00010EE104A01AA40EA0120043240F090516B
:10010000200A8DF80D00200C8DF80E00200E8DF8C1
:100110000F00184601918DF80C40FFF779FD01465C
:10012000084604B0BDEC048B10BD00BF0121084699
:1001300004B0BDEC048B10BDFFFF7F7F00000442C4
:100140000000000000000000014600284FF0010000
:1001500051D0B0EEC02A9FED281AB4EE412AF1EE3C
:1001600010FAC8BF70470868F0B190F81022012A51
:100170001AD191F94C20002A16D491F84E30012B57
:1001800012D191F84D1003290ED1B3EE002A80FE52
:10019000420ABBEE002A80FE020AB0EEC02AB4EE8C
:1001A000412AF1EE10FA01DD0120704780B584B0DC
:1001B00090F80F1210EE10EA0DF1040C47F206034E
:1001C000029342EA01210CF1040241F090510191A5
:1001D0008DF80CE04FEA1E238DF80D304FEA1E43D8
:1001E0008DF80E304FEA1E638DF80F30FFF710FDCB
:1001F00004B0BDE880407047FFFF7F7F0000000033
:10020000014600284FF001000FD0B0EEC04A9FED2C
:100210006F3AB4EE434AF1EE10FADEBFB0EEE04AB8
:10022000B4EE434AF1EE10FA00DD7047B0EEC14A79
:10023000B4EE434AF1EE10FADEBFB0EEE14AB4EE9E
:10024000434AF1EE10FAF0DCB0EEC24AB4EE434A93
:10025000F1EE10FAE9DC086870B190F81022012A7A
:100260000AD191F94C20002A06D491F84E30012B86
:1002700002D191F84D1009B1012070479FED543A19
:1002800080FE434A9FED530A84FE004AB4EE404A82
:10029000F1EE10FA1DDA9FED505A34EE054AB4EE35
:1002A000404AF1EE10FA14DA34EE054AB4EE404A50
:1002B000F1EE10FABEBF34EE054AB4EE404AF1EE5C
:1002C00010FA06DA34EE054AB4EE404AF1EE10FABE
:1002D000E3DB80B584B0B2EE0C5ABAEE0C6A84FE51
:1002E000434AB1EE047A0DF1040C81FE451A84FEF6
:1002F000000AB3EE0C4A82FE472A81FE061A9FEDE1
:10030000396A30EE030A9FED353A31EE051A20EED8
:10031000030A21EE031A81EE041A9FED2F4A80EEA4
:10032000040A9FED2F4A80FEC45ABCEEC11ABCEEEF
:10033000C00A85FE065A9FED2D6AC1FEC60A11EE5F
:10034000101A35EE044A9FED2A5AC0FE850A82FE35
:10035000052A9FED255A24EE034A42EA012160EE68
:10036000830A10EE102A22EE032A41F0807184EEF7
:10037000051A8DF8092080EE863A130A8DF80830A8
:10038000BCEEC10A019182EE071ABCEEC32A10EE40
:10039000102ABCEEC10A8DF80B20130A12EE102AA7
:1003A0008DF80A308DF80D20130A8DF80C3010EE00
:1003B000103A8DF80F301A0A8DF80E200CF1040255
:1003C000FFF726FC04B0BDE880407047FFFF7F7F49
:1003D000DB0F4941DB0F49C1DB0FC94100FF7F47FC
:1003E00000000442000004C2000084420000FA43FE
:1003F0000000000000000000B0B52DED068B84B0B9
:10040000B0EEC03A9FED492A05460120B4EE423ACB
:10041000F1EE10FA18DCB0EEE03AB4EE423AF1EE4A
:1004200010FA11DC85B1B0EEC13AB4EE423AF1EE09
:1004300010FA09DCF5EE400AF1EE10FAA4BFB5EEB1
:10044000401AF1EE10FA03DA04B0BDEC068BB0BD31
:10045000286848B390F81012012925D195F94C105D
:10046000002921D495F84E30012B1DD195F84D303F
:10047000012B19D19FED2E2A95F84F3080FEC29A9C
:10048000C3B195ED0E2AB4EE492AF1EE10FA06D169
:1004900095ED0F2AB4EE412AF1EE10FA3DD002207C
:1004A00004B0BDEC068BB0BD012004B0BDEC068BE2
:1004B000B0BD00BF90F80F2247F22404029419EE59
:1004C000104A01ABB0EE418A41EA02211A1D41F007
:1004D0009051B0EE40AA0191230A8DF80C408DF89E
:1004E0000D30230C8DF80E30230E8DF80F30FFF7F2
:1004F0008FFB0028A8D1B0EE480A47F22501284614
:1005000006F09EFB00289FD1B0EE4A0A85ED0E9AB8
:1005100085ED0F8A012085F84F0047F21601284625
:1005200006F08EFB04B0BDEC068BB0BDFFFF7F7FF5
:10053000000004420000000010B52DED068B84B0D1
:10054000B0EEC01A9FED628AB4EE481AF1EE10FACE
:1005500004DD012004B0BDEC068B10BD034600286D
:100560004FF00100F6D0B0EEE01AB4EE481AF1EE0A
:1005700010FAEFDCF5EE400AF1EE10FAEADB18684B
:1005800048B390F81012012925D193F94C10002995
:1005900021D493F84E20012A1DD193F84D20022A30
:1005A00019D1B3EE001A9FED4B2A93F8502080FE2C
:1005B000C11AD20781FE029A06D093ED111AB4EE49
:1005C000491AF1EE10FA3ED0B0EEC91AB4EE481A4C
:1005D000F1EE10FA04DD012004B0BDEC068B10BD75
:1005E00090F80F2219EE10EA0DF1040C47F21804EE
:1005F0000294B0EE40AA41EA02210CF1040241F05B
:10060000905101918DF80CE04FEA1E248DF80D40B9
:100610004FEA1E448DF80E404FEA1E648DF80F40DD
:100620001C46FFF7F5FA002894D194F850102346A1
:10063000206884ED119A002841F0010184F85010DF
:1006400040D0B0EE4A0A9FED241A90F8101280FEB6
:10065000410A9FED221A012980FE010A2CD193F94B
:100660004C200121002A2ED4B0EEC01AB4EE481A54
:10067000F1EE10FA27DC90F80F1247F20A04029408
:1006800010EE104A01AB42EA01211A1D41F09051CF
:1006900001918DF80C40230A8DF80D30230C8DF854
:1006A0000E30230E8DF80F30FFF7B2FA01460846E0
:1006B00004B0BDEC068B10BD0121084604B0BDECB2
:1006C000068B10BD0121084604B0BDEC068B10BDA1
:1006D000FFFF7F7F0000000000000442000004C212
:1006E00090B1016881B110B584B091F81012012960
:1006F00006D190F94C10002902D490F84E1029B17F
:10070000012004B010BD00BF0120704790F83110E7
:1007100011B1022004B010BD0446F5F7B1FF214627
:10072000226AC1E90A0220684FF4817222864FF0E2
:10073000000284F83220E8B190F81022012A19D181
:1007400091F94C30B3F1FF3F14DD90F80FC201AACC
:10075000002103910121029143EA0C21043241F06E
:10076000C0610191FFF754FA214620B9002004B07E
:1007700010BD00BF0120002281F8312081F8300037
:1007800004B010BD0000000000B30368F3B12DE910
:10079000F04184B00C4693F81012012918D190F959
:1007A0004C10002914D4042C01D3052C10D190F83E
:1007B0005150A5B190F85270A7420DD1876CD71B4C
:1007C0002FD5022004B0BDE8F08100BF01207047A2
:1007D000012004B0BDE8F081002780F8517090F846
:1007E0004E7080F85240012F14D1054693F80F0245
:1007F000144601AA0432002641EA002040F080613C
:100800001846CDE902660191FFF702FA80B304B001
:10081000BDE8F0810125174680F851508264D71B4E
:10082000CFD4032D32D0022D08D0012D3CD190F829
:100830004D70A74254D1022780F85170044693F8B6
:100840000F02164601AA0432002541EA002040F0BA
:1008500040711846CDE902550191FFF7D9F928B347
:100860000146204680F85150084604B0BDE8F081AA
:10087000284685F84E60E11CA9640221012580F814
:100880005150084604B0BDE8F08100BF90F84E100A
:10089000C1B100250021A0F84F5080F85150084602
:1008A00004B0BDE8F08100BF012111E006F1640150
:1008B0002046A1640221032580F85150084604B067
:1008C000BDE8F081FF2180F84D1080F8521003211F
:1008D000002580F85150084604B0BDE8F08100BF03
:1008E000064693F80F02904601AA0432002541EA19
:1008F0000020039540F09051184647F205070297F3
:1009000001918DF80C40FFF783F938B1014630466C
:1009100080F85150084604B0BDE8F081304686F8B2
:100920004D4008F10301B1640225022180F85150C5
:10093000084604B0BDE8F08100B301460068E8B1A4
:1009400070B584B090F81022012A19D191F94C3079
:10095000002B15D490F80F5200240E4681F8514018
:1009600001A90A1D43EA052141F080610191CDE909
:100970000244FFF74DF938B104B070BD0120704753
:10098000012004B070BD00BF002086F84E4004B0C6
:1009900070BD00000000000000000000000000002A
:1009A000074B19680868B0E8F04F80F30988BFF377
:1009B0006F8F4FF0000080F31188704700BF00BFB9
:1009C000402000240000000070B504F025FA044621
:1009D000F9F72AFA0646F0F73FFE0546FBF7FCFA60
:1009E0000134FEB128060DD0F5F74AFEFBF784FB73
:1009F000F5F746FEFCF794FF204604F0D9F90134E0
:100A0000F2E700BFF0F788FEF5F73AFEFBF774FB5C
:100A1000F5F736FEFCF784FF204604F0C9F90134EF
:100A2000F0E700BF28060FD0F9F736FAF5F728FEF1
:100A3000FBF762FBF5F724FEFCF772FF204604F09B
:100A4000B7F90134F0E700BFF9F726FAF0F764FED2
:100A5000F5F716FEFBF750FBF5F712FEFCF760FF0B
:100A6000204604F0A5F90134EEE700000000000084
:100A700010B541F21000C2F20040F1F741F841F226
:100A80006020C2F20040F1F7D3FB41F23810C2F20D
:100A90000040FAF759FA41F2A400C2F20040FBF715
:100AA0004BF940F29824C2F2004400BFF1F7F8FB82
:100AB000FAF79AFAFBF788F92079217BF0F740F8EA
:100AC000F1F74EF8012004F053F9EFE700000000C1
:100AD00010B504F0A1F9044602F0CEFB013428B1B0
:100AE000204604F065F90134FAE700BF02F054FE35
:100AF000EFF74AFE204604F05BF90134F6E7000008
:100B0000B0B540F600044FF40051C5F602040122CE
:100B10002046F5F7ADFD50254FF400410122204657
:100B2000F5F7A6FD012004F023F94FF4004100225F
:100B30002046F5F79DFD012004F01AF9013DEBD1A7
:100B40005020502504F014F94FF4004101222046B2
:100B5000F5F78EFD012004F00BF94FF4004100225F
:100B60002046F5F785FD012004F002F9013DEBD1A7
:100B7000502004F0FDF84FF4004100222046F5F724
:100B800077FD04F0BDF90000B0B34FF00103A1B34D
:100B9000F0B590F81862F6073CD090F817328BB396
:100BA000C3F1000CA3F1010E002402E00434A342BF
:100BB00026D000EBC4056E688E4202D1AE68964224
:100BC00027D0A6451CD0EE688E4202D12E699642EF
:100BD0001FD00CEB0406B71C12D06F698F4202D1F4
:100BE000AF69974215D003360AD0EE698E42DDD147
:100BF0002D6A9542DAD10CE001231846704700BFF8
:100C0000012B0BD100EBC307C7E90112591C80F877
:100C100017120023BDE8F040184670470123BDE8D5
:100C2000F040184670470000002814BF90F81602E4
:100C3000002000F001007047002808BF70478901BC
:100C400006D590F81812C9071CBF012180F81612AA
:100C50007047000000000000002808BF70472DE921
:100C6000F0438DB00446C8071CBF94F818025FEA31
:100C7000C07003D10DB0BDE8F0437047206840213B
:100C8000F4F78AFC0028F5D004F114080DF10C09E2
:100C90006E4605E020684021F4F77EFC0028E9D08C
:100CA000206840214A463346F4F782FC0028E1D10F
:100CB00004980028EED10598002804BF069808285B
:100CC000E8D194F8140294F81522411C01F01F0792
:100CD0009742DFD00101039A08EB001528F80120A4
:100CE000F5F7CEFC68600098A8600198E860BFF353
:100CF0005F8F84F81472CDE72DE9F04F8BB001259A
:100D0000002818BF002903D128460BB0BDE8F08F9A
:100D1000002A18BF002BF7D05F1E4FF0000C5FFABF
:100D200087F84FF0000E32F81E40BCEBD42F77D17D
:100D30007546A84518D002EB45067788BC426FD0AF
:100D40000135454510D0B788BC4269D001354545CD
:100D50000AD0F788BC4263D00135454504D03689B6
:100D60000135B442E5D15BE00EF1010E9E45DAD1CA
:100D70009346021D8A464FF40671029010461E46A5
:100D8000EFF781FC731CDAF838105046B1EB530FC3
:100D90000299C1F800A04FF0010149D332465D0825
:100DA00000240DF10C0901274FF000083BF8283012
:100DB00097420A94CDE90844CDE90348CDE90541BD
:100DC000079305D20BEB88010122498803E000BF9D
:100DD00040F2FF710222089149460592F4F724FB84
:100DE00020BB08F1010802374545504632464FF016
:100DF0000101DBD102210222012301270097F4F730
:100E00005BFB58B95046F5F737F938B90121002294
:100E1000C0F280315046F4F743FA88B1014606E04B
:100E2000012528460BB0BDE8F08F00BF01215046D8
:100E30000D46F5F73DF928460BB0BDE8F08F00BF31
:100E400002980025012180F8181228460BB0BDE851
:100E5000F08F000000000000002808BF70472DE957
:100E6000F04385B0044690F81802012805D194F8A3
:100E7000150294F81412884204D105B0BDE8F0437D
:100E8000704700BF01A804F11408271D00F10809EC
:100E900006E000BF94F8150294F814128842ECD0D2
:100EA00094F81502010108EB0012013058F8011006
:100EB00001915168029191680391D1680491BFF347
:100EC0005F8F00F01F0084F8150294F817020028C5
:100ED000E0D0002607EBC600BDF8041057F83650E6
:100EE000029B40684A46A84794F81702013686429A
:100EF000F0D3CFE70000000080B390F8181201296A
:100F00002CD190F8161201292AD1B0B5016891F8B8
:100F10009820022A06D104460846F5F7C9F8E0B938
:100F20002046216891F89820012A1BD190F81422BC
:100F3000044680F815220846F5F79EF868B90121A5
:100F40002068C0F2803100220025F4F7A9F90028BA
:100F500018BFB0BD002084F81652B0BD0120704704
:100F6000002070470120B0BD70B58AB04FF000037B
:100F7000099338B390F81832012B23D1002590F84B
:100F800016620346B5EBD12F4FF0010018D1BAB16C
:100F9000F60715D118680E4614461D46F4F70CFCEA
:100FA000A0B100200821CDE90200CDE90410CDE96F
:100FB00006000890286801A922460196F4F7B8F9BE
:100FC0000AB070BD01200AB070BD00BF02200AB097
:100FD00070BD00000000000078B190F818120129DF
:100FE00018BF704710B5016804460846F5F760F869
:100FF000002084F81802BDE810407047000000008F
:1010000080B54EF21000CEF20000006806F020FA23
:10101000012808BF80BDBDE8804005F039BF000051
:10102000B0B59CB044F6180409A84C21C5F60204DA
:10103000EFF729FB02200025CDE90755CDE905553D
:10104000CDE90355CDE90155F5F776FC009520680B
:1010500020F440402060206800F440400090009858
:101060002068800409D4206880045CBF20685FEA9F
:10107000804002D420688004F2D5012009904FF40A
:1010800080310A9102212C22CDE9152004201491EF
:10109000CDE917010C20199009A80024CDE91211FF
:1010A000CDE91A44F6F75CFD10B172B6FEE700BF59
:1010B0003F20019003204FF48061CDE90204082015
:1010C00004904020CDE90500CDE9071001A80321D7
:1010D000F6F7D6FA10B172B6FEE700BF1CB0B0BD8D
:1010E0004EF6885042F2000CCEF20000C5F2002C01
:1010F000026842F470020260DCF8000000F00F00A9
:10110000062806D8DCF80000072262F30300CCF8BA
:10111000000044F200404EF67F51C5F60200CEF6C4
:10112000F621026842F001020260002202610368B7
:1011300019400160DCF80010090706D5DCF8001042
:10114000072363F30301CCF8001040F20021826111
:10115000C261C0F20221026281620021C0F2FF116D
:10116000C16240F28021C0F20111016342638163D8
:10117000C26301644264016821F480210160026657
:10118000D0F8D410C90448BF7047D0F8D41043F247
:10119000D20241F48051C0F8D41044F20001C5F2EB
:1011A00000210A60D0F8D41021F48051C0F8D41086
:1011B000704700000000000040F63070C2F20040AE
:1011C000F7F71AB80000000010B540F6FF32D0F86B
:1011D00000E0C4F20002904210DCB0F1804F1ED05B
:1011E00040F20043C4F20003984218D040F60003D6
:1011F000C4F20003984212D016E000BF40F600434C
:10120000C4F2000398420AD040F20043C4F2010342
:10121000984204D00023C4F20103984204D12EF076
:1012200070024B6843EA020E4EF2FF3343F6FF7C36
:10123000C4F20003C4F2010C984213DD60452BDCBC
:101240004EF20043C4F20003984242D00023C4F29D
:10125000010398423DD040F20043C4F2010398429A
:1012600037D03BE040F2FF73C4F20003984227DD21
:1012700040F60003C4F2000398422AD040F600432F
:10128000C4F20003984224D04EF20003C4F20003DB
:1012900098421ED022E000BF44F20003C4F20103D2
:1012A000984216D044F60003C4F20103984210D0CD
:1012B00044F20043C4F2010398420AD00EE000BF9A
:1012C000B0F1804F05D040F20043C4F200039842D1
:1012D00004D12EF44072CB6843EA020E4B6960459C
:1012E0000A688C68C462826212DD44F20002C4F2B1
:1012F0000102904217D044F60002C4F2010290426B
:1013000011D044F20042C4F2010290420BD00CE032
:101310000022C4F20102904205D040F20042C4F221
:101320000102904201D109690163016841F00401A1
:101330000160012141612EF080011943016010BD5F
:1013400041F21000C2F20040F7F7AEBA0000000010
:1013500041F23810C2F20040F7F7A6BA00000000D0
:1013600041F2CC10C2F20040F7F79EBA0000000034
:1013700041F26020C2F20040F7F796BA0000000088
:10138000816A0A070CD4CA0715D18A071ED44A07F6
:1013900027D4CA0630D48A0639D44A0642D454E047
:1013A0000268D0F838C0536823F4004343EA0C03C2
:1013B0005360CA07E9D00268D0F82CC0536823F400
:1013C000003343EA0C0353608A07E0D50268D0F883
:1013D00030C0536823F4803343EA0C0353604A0758
:1013E000D7D50268D0F834C0536823F4802343EA89
:1013F0000C035360CA06CED50268D0F83CC093688F
:1014000023F4805343EA0C0393608A06C5D502682F
:10141000D0F840C0936823F4005343EA0C03936070
:101420004A0612D50268D0F844C0BCF5801F536844
:1014300023F4801343EA0C03536006D1536823F46A
:10144000C00C836C43EA0C035360090658BF704715
:101450000168C06C4A6822F400221043486070475B
:10146000B0B582B004460020C4F89000F5F708F942
:10147000216805460A68120737D54FF4001100228B
:101480006FF07E40009020462B4601F029FC58B3B7
:10149000206850E8000F216820F0800041E8000239
:1014A000002A1FBF206850E8000F216820F080004C
:1014B0001CBF41E80002002A12D0206850E8000F4B
:1014C000216820F0800041E800024AB1206850E81D
:1014D000000F216820F0800041E80002002AD7D1E7
:1014E0000320202188226CE02168086840075FD52E
:1014F0004FF4800100226FF07E40009020462B4682
:1015000001F0EEFB002853D0206850E8000F21685E
:1015100020F4907041E80002F2B1206850E8000F1A
:10152000216820F4907041E80002002A1FBF206863
:1015300050E8000F216820F490701CBF41E80002C1
:10154000002A09D0206850E8000F216820F490702C
:1015500041E80002002AD7D1206850E8020F216834
:1015600020F0010041E80202002A1FBF206850E875
:10157000020F216820F001001CBF41E80202002A8E
:1015800012D0206850E8020F216820F0010041E8E5
:1015900002024AB1206850E8020F216820F00100E1
:1015A00041E80202002AD7D1032020218C2208E042
:1015B0002020C4F88800C4F88C000021702200208C
:1015C000E166A150002184F8841002B0B0BD000093
:1015D000806BF7F755B90000806B0268D0F888304F
:1015E000D0F88CC09168090656D5212B54D10168DA
:1015F00051E8001F026821F0C00142E80013FBB16E
:10160000016851E8001F026821F0C00142E80013A0
:10161000002B1FBF016851E8001F026821F0C001C4
:101620001CBF42E80013002B0AD0016851E8001FDC
:10163000026821F0C00142E80013002BD7D100BF9F
:10164000016851E8021F026821F4000142E8021318
:10165000F3B1016851E8021F026821F4000142E879
:101660000213002B1FBF016851E8021F026821F41A
:1016700000011CBF42E80213002B09D0016851E8A9
:10168000021F026821F4000142E80213002BD7D1A7
:101690002021C0F8881002689168490640F18980CD
:1016A000BCF1220F40F08580016851E8001F0268FC
:1016B00021F4907142E80013F3B1016851E8001F72
:1016C000026821F4907142E80013002B1FBF0168EB
:1016D00051E8001F026821F490711CBF42E800131A
:1016E000002B09D0016851E8001F026821F49071B5
:1016F00042E80013002BD7D14FF6FE7CCEF6FF7CDC
:10170000026852E8022F036802EA0C0243E8022151
:10171000F1B1016851E8021F026801EA0C0142E8D8
:101720000213002B1FBF016851E8021F026801EA83
:101730000C011CBF42E80213002B09D0016851E8DC
:10174000021F026801EA0C0142E80213002BD7D104
:10175000C16E012927D1016851E8001F026821F0FC
:10176000100142E80013F3B1016851E8001F02685C
:1017700021F0100142E80013002B1FBF016851E85F
:10178000001F026821F010011CBF42E80013002B6B
:1017900009D0016851E8001F026821F0100142E8F9
:1017A0000013002BD7D12021C0F88C100021C16676
:1017B0004167D0F8901041F01001C0F89010F7F791
:1017C0005FB80000000000008446C069B0F5807F6B
:1017D000DCF8380000F0AA800022A0F85E20026841
:1017E00052E8002F036822F4807243E80021F9B127
:1017F000016851E8001F026821F4807142E800137B
:10180000002B1FBF016851E8001F026821F480719E
:101810001CBF42E80013002B0AD0016851E8001FEA
:10182000026821F4807142E80013002BD7D100BF79
:10183000016851E8021F026821F0010142E8021329
:10184000F3B1016851E8021F026821F0010142E88A
:101850000213002B1FBF016851E8021F026821F02C
:1018600001011CBF42E80213002B09D0016851E8B6
:10187000021F026821F0010142E80213002BD7D1B8
:10188000016851E8021F026821F0400142E802139A
:10189000F3B1016851E8021F026821F0400142E8FB
:1018A0000213002B1FBF016851E8021F026821F0DC
:1018B00040011CBF42E80213002B09D0016851E827
:1018C000021F026821F0400142E80213002BD7D129
:1018D0002021C0F88C10C16E012927D1016851E880
:1018E000001F026821F0100142E80013F3B1016803
:1018F00051E8001F026821F0100142E80013002B9C
:101900001FBF016851E8001F026821F010011CBFD1
:1019100042E80013002B09D0016851E8001F02685B
:1019200021F0100142E80013002BD7D100220267FA
:10193000C16E012912D1A0F85E20DCF800104A68BF
:10194000B0F85C1093B28B4238BFA0F85E20B0F8BC
:101950005E20891A89B2F6F787BD00BFF7F74CBF42
:101960000146806B01220267C26E012A12D1B0F8D3
:101970005C205308A0F85E30096849688BB2934236
:1019800098BFA0F85E10B0F85E10511A89B2F6F751
:101990006BBD00BFF7F73CBFC169806BB1F5807FBD
:1019A00002D1F8F769B800BF0021A0F8561001680D
:1019B00051E8021F026821F0800142E80213FBB1E6
:1019C000016851E8021F026821F0800142E8021319
:1019D000002B1FBF016851E8021F026821F080013F
:1019E0001CBF42E80213002B0AD0016851E8021F15
:1019F000026821F0800142E80213002BD7D100BF1A
:101A0000016851E8001F026841F0400142E80013FC
:101A1000F3B1016851E8001F026841F0400142E85B
:101A20000013002B1FBF016851E8001F026841F03E
:101A300040011CBF42E80013002B09D0016851E8A7
:101A4000001F026841F0400142E80013002BD7D18B
:101A50007047000000000000806BF8F719B8000024
:101A6000B0F860200168D0F88C30222B40F0A880BC
:101A7000496A836D114023F8021B8365B0F85E103C
:101A80000139A0F85E10B0F85E10002918BF704749
:101A9000016851E8001F026821F4907142E80013C8
:101AA000F3B1016851E8001F026821F4907142E827
:101AB0000013002B1FBF016851E8001F026821F4CA
:101AC00090711CBF42E80013002B09D0016851E857
:101AD000001F026821F4907142E80013002BD7D157
:101AE000016851E8021F026821F0010142E8021377
:101AF000F3B1016851E8021F026821F0010142E8D8
:101B00000213002B1FBF016851E8021F026821F079
:101B100001011CBF42E80213002B09D0016851E803
:101B2000021F026821F0010142E80213002BD7D105
:101B30002021C0F88C1000214167016740F6004267
:101B40000168C5F60002914202D0496809023DD4FD
:101B5000C16E012964D10021C166016851E8001FEE
:101B6000026821F0100142E80013F3B1016851E866
:101B7000001F026821F0100142E80013002B1FBF74
:101B8000016851E8001F026821F010011CBF42E803
:101B90000013002B09D0016851E8001F026821F0F2
:101BA000100142E80013002BD7D10168CA69D206A0
:101BB00001D510220A62B0F85C10F6F755BC00BFE0
:101BC000886940F008008861704700BF016851E8EB
:101BD000001F026821F0806142E80013002BB7D09B
:101BE000016851E8001F026821F0806142E800139B
:101BF000002B1FBF016851E8001F026821F08061BF
:101C00001CBF42E80013002BA2D0016851E8001F5E
:101C1000026821F0806142E80013002BD6D197E7DB
:101C2000F7F7EABD000000002DE9F04F81B004464F
:101C30000068B4F86050C66901688268D4F88C30D6
:101C4000222B55D1B4F86800002800F0F28001F48E
:101C5000807802F001074FF000094FF0020B4FF0BF
:101C6000010A03E0B4F85E00002852D0B00640F14B
:101C7000E0802068A16D426A2A4021F8022BA1650C
:101C8000B4F85E100139A4F85E10C6697107E9D096
:101C9000F20718BFB8F1000F02D1B2070AD412E060
:101CA000C0F820A0D4F8902042F00102C4F890209F
:101CB000B20708D53FB1C0F820B0D4F8902042F068
:101CC0000402C4F89020002908D53FB10421016224
:101CD000D4F8900040F00200C4F89000D4F89000CE
:101CE0000028BFD02046F6F7CBFDC4F89090B9E7A6
:101CF000816941F00801816101B0BDE8F08F00BF4A
:101D0000206850E8000F216820F4807041E800024C
:101D1000EAB1206850E8000F216820F4807041E8A3
:101D20000002A2B1206850E8000F216820F4807002
:101D300041E80002002A1FBF206850E8000F216818
:101D400020F480701CBF41E80002002AD8D14FF671
:101D5000FE70CEF6FF70216851E8021F2268014034
:101D600042E80213DBB1216851E8021F22680140FA
:101D700042E80213002B1FBF216851E8021F2268AE
:101D800001401CBF42E80213002B08D0216851E833
:101D9000021F2268014042E80213002BDBD1202001
:101DA000C4F88C0000206067206740F6004120687E
:101DB000C5F60001884203D04068000200F19A8015
:101DC000E06E012840F0C2800020E066206850E804
:101DD000000F216820F0100041E80002F2B12068F5
:101DE00050E8000F216820F0100041E80002002AAE
:101DF0001FBF206850E8000F216820F010001CBFB2
:101E000041E80002002A09D0206850E8000F21684C
:101E100020F0100041E80002002AD7D12068C169F3
:101E2000C90601D510210162B4F85C102046F6F70E
:101E30001BFBB4F85E00002800F09080B4F8681036
:101E4000884280F08B80206850E8020F216820F0E3
:101E5000805041E80202F2B1206850E8020F216888
:101E600020F0805041E80202002A1FBF206850E89D
:101E7000020F216820F080501CBF41E80202002AB6
:101E800009D0206850E8020F216820F0805041E816
:101E90000202002AD7D141F66120C0F60100606736
:101EA000206850E8000F216840F0200041E800025F
:101EB000002A53D0206850E8000F216840F020002D
:101EC00041E80002002A1FBF206850E8000F216887
:101ED00040F020001CBF41E80002002A3ED02068EC
:101EE00050E8000F216840F0200041E80002002A7D
:101EF000D6D133E0206850E8000F216820F08060E0
:101F000041E80002002A3FF45BAF206850E8000F70
:101F1000216820F0806041E80002002A1FBF20688D
:101F200050E8000F216820F080601CBF41E80002EB
:101F3000002A3FF445AF206850E8000F216820F0E8
:101F4000806041E80002002AD4D139E72046F7F743
:101F500053FCB4F85E0000287FF470AF01B0BDE818
:101F6000F08F000000000000B0F860100268D0F8A8
:101F70008C30222B40F0AA80526A836D1140197078
:101F8000816D01318165B0F85E100139A0F85E10F5
:101F9000B0F85E10002918BF7047016851E8001FB3
:101FA000026821F4907142E80013FBB1016851E826
:101FB000001F026821F4907142E80013002B1FBF3C
:101FC000016851E8001F026821F490711CBF42E8CB
:101FD0000013002B0AD0016851E8001F026821F4A9
:101FE000907142E80013002BD7D100BF016851E87F
:101FF000021F026821F0010142E80213F3B10168F7
:1020000051E8021F026821F0010142E80213002B8F
:102010001FBF016851E8021F026821F001011CBFC7
:1020200042E80213002B09D0016851E8021F026840
:1020300021F0010142E80213002BD7D12021C0F882
:102040008C1000214167016740F600420168C5F627
:102050000002914202D0496809023DD4C16E0129B3
:1020600064D10021C166016851E8001F026821F0B7
:10207000100142E80013F3B1016851E8001F026843
:1020800021F0100142E80013002B1FBF016851E846
:10209000001F026821F010011CBF42E80013002B52
:1020A00009D0016851E8001F026821F0100142E8E0
:1020B0000013002BD7D10168CA69D20601D51022BE
:1020C0000A62B0F85C10F6F7CFB900BF906940F033
:1020D00008009061704700BF016851E8001F026866
:1020E00021F0806142E80013002BB7D0016851E86D
:1020F000001F026821F0806142E80013002B1FBF1F
:10210000016851E8001F026821F080611CBF42E8AD
:102110000013002BA2D0016851E8001F026821F0D3
:10212000806142E80013002BD6D197E7F7F764BB34
:102130002DE9F04F81B004460068B4F86050C669DC
:1021400001688268D4F88C30222B57D1B4F868002B
:10215000002800F0F48001F4807B02F001074FF0CA
:1021600000084FF0020A4FF0010903E0B4F85E00E6
:10217000002854D0B00640F1E2802068A16D406A8A
:1021800028400870A06D0130A0652068B4F85E108A
:102190000139A4F85E10C6697107E7D0F20718BFCD
:1021A000BBF1000F02D1B2070AD412E0C0F82090B0
:1021B000D4F8902042F00102C4F89020B20708D56C
:1021C0003FB1C0F820A0D4F8902042F00402C4F837
:1021D0009020002908D53FB104210162D4F8900075
:1021E00040F00200C4F89000D4F890000028BDD060
:1021F0002046F6F745FBC4F89080B7E7816941F0C7
:102200000801816101B0BDE8F08F00BF206850E88F
:10221000000F216820F4807041E80002EAB12068D4
:1022200050E8000F216820F4807041E80002A2B15C
:10223000206850E8000F216820F4807041E8000217
:10224000002A1FBF206850E8000F216820F480702A
:102250001CBF41E80002002AD8D14FF6FE70CEF62E
:10226000FF70216851E8021F2268014042E8021312
:10227000DBB1216851E8021F2268014042E80213E5
:10228000002B1FBF216851E8021F226801401CBFBC
:1022900042E80213002B08D0216851E8021F22688F
:1022A000014042E80213002BDBD12020C4F88C004F
:1022B00000206067206740F600412068C5F60001F5
:1022C000884203D04068000200F19A80E06E012845
:1022D00040F0C2800020E066206850E8000F2168CE
:1022E00020F0100041E80002F2B1206850E8000F31
:1022F000216820F0100041E80002002A1FBF20687A
:1023000050E8000F216820F010001CBF41E80002D7
:10231000002A09D0206850E8000F216820F0100042
:1023200041E80002002AD7D12068C169C90601D559
:1023300010210162B4F85C102046F6F795F8B4F865
:102340005E00002800F09080B4F86810884280F0A9
:102350008B80206850E8020F216820F0805041E80F
:102360000202F2B1206850E8020F216820F080508C
:1023700041E80202002A1FBF206850E8020F2168CE
:1023800020F080501CBF41E80202002A09D02068DA
:1023900050E8020F216820F0805041E80202002A34
:1023A000D7D141F66970C0F601006067206850E837
:1023B000000F216840F0200041E80002002A53D0BD
:1023C000206850E8000F216840F0200041E800023A
:1023D000002A1FBF206850E8000F216840F020004D
:1023E0001CBF41E80002002A3ED0206850E8000FE0
:1023F000216840F0200041E80002002AD6D133E0F5
:10240000206850E8000F216820F0806041E8000259
:10241000002A3FF45BAF206850E8000F216820F0ED
:10242000806041E80002002A1FBF206850E8000FCA
:10243000216820F080601CBF41E80002002A3FF4C0
:1024400045AF206850E8000F216820F0806041E827
:102450000002002AD4D139E72046F7F7CDF9B4F8C5
:102460005E0000287FF470AF01B0BDE8F08F00007F
:10247000F0B583B00446006846F6F31640F6004E09
:1024800022696569D4E902130A43E7690168CCF659
:10249000FF762A4331401143C5F6000E39430160EF
:1024A0004168704521F4405144F2544C41EA030123
:1024B0004160A2694FF2FF431CBF216A0A43816851
:1024C000C1F2FF131940C5F6020C1143816047F6B3
:1024D000FF32C16AC4F2000221F00F01656A904226
:1024E0004FF0800341EA0501C16219DD41F2FF713D
:1024F000C4F2010188422DDC47F60041C4F200011C
:10250000884257D041F20001C4F20101884239D01B
:1025100041F20041C4F20101884233D056E000BFCD
:1025200044F6FF31C4F20001884237DD44F6004131
:10253000C4F2000188423DD045F20001C4F200011E
:10254000884237D047F60001C4F20001884231D0FA
:102550003CE000BF41F60001C4F20101884211D005
:1025600041F60041C4F2010188420BD070452DD1E3
:10257000DCF8041001F00702062A27D20FF2883196
:1025800022E000BFDCF80010C1F3C202062A1DD20F
:1025900048F23601C0F6010116E000BF44F20041E6
:1025A000C4F20001884205D044F60001C4F20001E3
:1025B00088420BD1DCF8001001F00702062A05D290
:1025C00048F23001C0F601018B181B78704540F6C7
:1025D0000010C0F23D0000F05380B7F5004F40F00E
:1025E0007B80402B4FF0010100F28581DFE813F082
:1025F00042002E018301830136018301830183019F
:1026000042018301830183018301830183018301EB
:102610000A01830183018301830183018301830113
:10262000830183018301830183018301830183018A
:1026300048018301830183018301830183018301B5
:10264000830183018301830183018301830183016A
:10265000830183018301830183018301830183015A
:10266000830183018301830183018301830183014A
:10267000260100BFF5F784F9002840F0008136E11B
:102680009A1E01211E2A00F27580DFE812F01F0059
:10269000340187003401340134018D0034013401E8
:1026A000340134013401340134017900340134013E
:1026B0003401340134013401340134013401340172
:1026C000340134013401340134019500F4F75CF92C
:1026D000002840F070800AE1402B4FF0010100F229
:1026E0000A81DFE813F04100B70008010801C100CA
:1026F000080108010801E9000801080108010801B2
:102700000801080108019D000801080108010801ED
:102710000801080108010801080108010801080171
:10272000080108010801EF0008010801080108017B
:102730000801080108010801080108010801080151
:102740000801080108010801080108010801080141
:102750000801080108010801080108010801080131
:10276000080108010801AF00F5F70AF9002840F058
:10277000A880BCE0402B40F0BE804FF400401BE03E
:102780005CF8540C800649F20000C0F2D03013D53A
:102790005CF8541CC1F3C101C8400DE06846F4F771
:1027A00007F9019838B9A2E06846F4F795F901985D
:1027B000002800F09C80656A48F24C016268C0F60F
:1027C000010131F81510B0FBF1F002EB4201884233
:1027D0004FF00101C0F08F801303984200F28B800C
:1027E000010E0023000210EB520041F10001EDF751
:1027F000F7FD4FF60052A0F54071C0F20F02914272
:1028000073D377E05CF8540C800649F20000C0F204
:10281000D03035D55CF8541CC1F3C101C8402FE05D
:102820005CF8540C800649F20000C0F2D03049D563
:102830005CF8541CC1F3C101C84043E04FF40040B0
:102840001EE000BF4FF400403CE000BFF5F7C8F8C1
:10285000A8B94CE0F5F7C4F898BB48E06846F4F72F
:10286000A7F8019858B942E06846F4F7A1F8019832
:1028700038BB3CE06846F4F72FF90198B8B3656AB5
:1028800048F24C01C0F6010131F81510B0FBF1F02F
:1028900061684A0802EB40004FF6EF72B0FBF1F0BE
:1028A000A0F11001914225D84FF6F0710140C0F31C
:1028B0004200084419E000BF6846F4F70DF901989A
:1028C000A8B1656A48F24C016268C0F6010131F8AE
:1028D0001510B0FBF1F000EB5200B0FBF2F0A0F1EC
:1028E00010014FF6EF72914204D82168C8600021B0
:1028F00001E000BF01214FF00110A0660020C4E9F3
:102900001D00084603B0F0BD02040810204000007E
:1029100010B504468C4681650021A0F85C20C0F803
:1029200090102220C4F88C00D4F88000F0B1134637
:1029300041F2C97E41F66112C0F6010EC0F60102F5
:10294000C0E90FE241F2D952C0F60102C0E91321F9
:10295000216862462431F2F7B7FA38B11020C4F882
:1029600090002020C4F88C00012010BD206938B3ED
:10297000206850E8000F216840F4807041E80002B0
:10298000F2B1206850E8000F216840F4807041E8FF
:102990000002002A1FBF206850E8000F216840F4A1
:1029A00080701CBF41E80002002A09D0206850E86E
:1029B000000F216840F4807041E80002002AD7D15E
:1029C000206850E8020F216840F0010041E802024F
:1029D000F2B1206850E8020F216840F0010041E8A0
:1029E0000202002A1FBF206850E8020F216840F051
:1029F00001001CBF41E80202002A09D0206850E80B
:102A0000020F216840F0010041E80202002AD7D1FC
:102A1000206850E8020F216840F0400041E80202BF
:102A2000F2B1206850E8020F216840F0400041E810
:102A30000202002A1FBF206850E8020F216840F000
:102A400040001CBF41E80202002A09D0206850E87B
:102A5000020F216840F0400041E80202002AD7D16D
:102A6000002010BD0000000081650023A0F85C205C
:102A7000A0F85E208168436771B1B1F1805F07D033
:102A8000B1F5805F0ED1016951B940F2FF110AE042
:102A9000016919B13F2106E0016909B17F2102E016
:102AA000FF2100E00021A0F860100021C0F8901084
:102AB0002221C0F88C10016851E8021FD0F800C034
:102AC00041F001014CE802130BB3016851E8021F09
:102AD000D0F800C041F001014CE80213002B1FBFE9
:102AE000016851E8021FD0F800C041F001011CBF8D
:102AF0004CE80213002B0AD0016851E8021FD0F8FD
:102B000000C041F001014CE80213002BD3D1416E0B
:102B1000B1F1005F03D1B0F868108A4240D28168F9
:102B2000B1F5805F016907D1002947D041F669718D
:102B3000C0F60101416706E041F669720029C0F65E
:102B4000010242673FD0016851E8001F026841F46A
:102B5000907142E80013002B00F0BE80016851E83C
:102B6000001F026841F4907142E80013002B1FBF60
:102B7000016851E8001F026841F490711CBF42E8EF
:102B80000013002B00F0A880016851E8001F0268C4
:102B900041F4907142E80013002BD4D19CE000BFB7
:102BA0008168B1F5805F016938D1002966D042F2B1
:102BB0003111C0F60101416736E000BF41F66121E5
:102BC000C0F601014167016851E8001F026841F049
:102BD000200142E80013002B7ED0016851E8001F5D
:102BE000026841F0200142E80013002B1FBF01687A
:102BF00051E8001F026841F020011CBF42E80013A9
:102C0000002B69D0016851E8001F026841F02001E3
:102C100042E80013002BD6D15EE000BF42F2311231
:102C2000C0F60102426779B3016851E8001F0268EB
:102C300041F4807142E8001333B3016851E8001F8A
:102C4000026841F4807142E80013002B1FBF016845
:102C500051E8001F026841F480711CBF42E8001374
:102C6000002B11D0016851E8001F026841F4807107
:102C700042E80013002BD7D106E000BF41F62941FE
:102C8000C0F60101416700BF016851E8021F0268F8
:102C900041F0805142E80213F3B1016851E8021F8C
:102CA000026841F0805142E80213002B1FBF016807
:102CB00051E8021F026841F080511CBF42E8021334
:102CC000002B09D0016851E8021F026841F08051D1
:102CD00042E80213002BD7D100207047000000000B
:102CE0002DE9F041804600680D46C7693940491B0F
:102CF000B1FA81F149098A4225D1069C34B31646BE
:102D0000611C29D1C1692940491BB1FA81F14909E6
:102D10008E4218D1C1692940491BB1FA81F1490994
:102D20008E4201BFC1692940491BB1FA81F104BF3C
:102D300049098E4207D1C1692940491BB1FA81F185
:102D400049098E42DED00020BDE8F081F3F798FCFF
:102D50000320BDE8F08100BF1F4607E0C06928409E
:102D6000401BB0FA80F040098642ECD1F3F788FCB2
:102D7000C01BA04200F2B680D8F8000001684907E5
:102D8000ECD5402D18BF802DE8D0C169090700F1AE
:102D9000AD80C1690905E1D54FF400610162D8F841
:102DA000000050E8000FD8F8001020F4907041E8BF
:102DB000000222B3D8F8000050E8000FD8F8001045
:102DC00020F4907041E80002002A1FBFD8F80000EC
:102DD00050E8000FD8F8001020F490701CBF41E8B4
:102DE0000002002A0BD0D8F8000050E8000FD8F8F5
:102DF000001020F4907041E80002002ACFD14FF675
:102E0000FE70CEF6FF70D8F8001051E8021FD8F817
:102E10000020014042E802130BB3D8F8001051E83B
:102E2000021FD8F80020014042E80213002B1FBF08
:102E3000D8F8001051E8021FD8F8002001401CBF4C
:102E400042E80213002B0AD0D8F8001051E8021F04
:102E5000D8F80020014042E80213002BD3D1D8F863
:102E60006C0001282FD1D8F8000050E8000FD8F8E6
:102E7000001020F0100041E8000222B3D8F8000052
:102E800050E8000FD8F8001020F0100041E80002D0
:102E9000002A1FBFD8F8000050E8000FD8F8001033
:102EA00020F010001CBF41E80002002A0BD0D8F827
:102EB000000050E8000FD8F8001020F0100041E8A2
:102EC0000002002ACFD12020C8F88C000021C8F8C9
:102ED0006C10C8F87410C8F89000032088F88410AB
:102EE000BDE8F0810320BDE8F08100BF0821016248
:102EF000D8F8000050E8000FD8F8001020F49070C7
:102F000041E8000222B3D8F8000050E8000FD8F8DA
:102F1000001020F4907041E80002002A1FBFD8F88A
:102F2000000050E8000FD8F8001020F490701CBF8B
:102F300041E80002002A0BD0D8F8000050E8000F4A
:102F4000D8F8001020F4907041E80002002ACFD198
:102F50004FF6FE70CEF6FF70D8F8001051E8021F51
:102F6000D8F80020014042E802130BB3D8F8001053
:102F700051E8021FD8F80020014042E80213002B5C
:102F80001FBFD8F8001051E8021FD8F800200140F8
:102F90001CBF42E80213002B0AD0D8F8001051E8F9
:102FA000021FD8F80020014042E80213002BD3D1C1
:102FB000D8F86C0001282FD1D8F8000050E8000F95
:102FC000D8F8001020F0100041E8000222B3D8F831
:102FD000000050E8000FD8F8001020F0100041E881
:102FE0000002002A1FBFD8F8000050E8000FD8F8F0
:102FF000001020F010001CBF41E80002002A0BD096
:10300000D8F8000050E8000FD8F8001020F01000A9
:1030100041E80002002ACFD12020C8F88C0000200F
:10302000C8F86C00C8F874000821C8F8901088F837
:1030300084000120BDE8F08140F67C70C2F20040BF
:10304000F5F732BC0000000041F2A400C2F20040DB
:10305000F5F72ABC0000000010B540F2BC14C2F223
:103060000044E078012807D140F20840C2F2004055
:10307000EDF77AFD207010BD0120207010BD00001A
:10308000B0B590B040F2BC15C2F20045E878012816
:1030900036D1F0F781FA00284FF000002ED1697880
:1030A00004292BD1687900284FF0000026D1A97996
:1030B00021BBF3F7E5FA044640F2E840C2F20040D3
:1030C00008AB05212246EFF7DFFAC8B140F2E8402D
:1030D0006B46C2F2004007212246EFF7D5FA78B1DD
:1030E0009DF83A0001280BD19DF81A0001284FF0F5
:1030F000000004BF9DF82F10002905D010B0B0BD0E
:10310000002010B0B0BD00BF9DF80F100029F5D110
:103110009DED080A95ED101A30EE410AB0EEC01A86
:10312000B0EE080AB4EE401AF1EE10FAE6DC9DEDBE
:10313000001A95ED112A31EE421AB0EEC11AB4EE22
:10314000401AF1EE10FAD8BF012010B0B0BD000057
:10315000B0B5A6B00446F3F793FA002C56D0054656
:1031600042F2A440C2F200401BAB27212A46FBF7E3
:10317000E7FF00284AD042F2A44010ABC2F2004060
:1031800028212A46FBF7DCFF00283FD040F2E84028
:1031900008ABC2F2004005212A46EFF775FAA8B342
:1031A00040F2E8406B46C2F2004007212A46EFF7A2
:1031B0006BFA58B39DF8920001281B982060109874
:1031C00060600898A0600098E0601FD19DF86600DC
:1031D00001281BD19DF83A00012817D19DF81A004B
:1031E000012813D19DF8940001280FD19DF86800A3
:1031F00001280BD19DF83C00012807D19DF81C0047
:10320000012803D19DF88400C00703D1002026B017
:10321000B0BD00BF9DF85800C0074FF000000ED0B1
:103220001F99002904BF1499002908D19DF82F1077
:10323000002902BF9DF80F00B0FA80F0400926B0C7
:10324000B0BD000000000000B0B540F2BC15012484
:10325000C2F20045E87801280CD1F0F79DF948B991
:103260006878A9792A78C0B2002918BF02220428F8
:1032700008BF1446E0B2B0BDB0B582B040F2BC1495
:10328000C2F20044E07800284FF0000009D120711C
:1032900048F24410C0F60100F0F7F6F920B1012021
:1032A000207002B0B0BD00BFF0F796F9014642F2BF
:1032B000A44048F29822C2F20040C0F60102022364
:1032C000FCF72EF810BBF0F797F9014640F2E84002
:1032D00048F20C12C2F20040C0F60102022302259D
:1032E000EFF7DEFA90B9F0F787F9014640F20840AF
:1032F00041F64C0248F2B013C2F20040C2F2004262
:10330000C0F601030095EDF797FD38B1012020705C
:10331000F0F76AFA012002B0B0BD00BF0120E070F2
:103320000021A4F80510C4E903116070F3F7A8F9AF
:103330000146002061611431A070A4F807002162E9
:10334000AEE700000000000040F2BC10C2F20040F6
:10335000C078012822D180B58AB0F0F735FA08BBD1
:1033600040F2084005AAC2F200400121EDF73CFD01
:10337000C0B140F208406A46C2F200400221EDF7B7
:1033800033FD78B19DF8250001280BD19DF811007F
:103390000AB0BDE8804000F001007047002000F056
:1033A0000100704700200AB0BDE8804000F0010035
:1033B000704700000000000010B540F2BC14C2F2DB
:1033C0000044E078012802D1F0F7E6F810B10020BF
:1033D00010BD00BF60780438B0FA80F0400910BD1D
:1033E000B0B52DED028B96B0F3F74AF940F2BC155B
:1033F000C2F20045E978012940F0A2800446F0F7C6
:10340000CBF800284FF000002CD16978042929D18D
:10341000687900284FF0000024D1A97911BB42F24D
:10342000A4400BABC2F2004027212246FBF788FEE6
:10343000B8B142F2A4406B46C2F2004028212246B5
:10344000FBF77EFE68B19DF85200012809D19DF876
:103450002600012805D10F98002804BF04980028F1
:1034600004D0002016B0BDEC028BB0BD9DF8440026
:10347000C007F6D09DF81800C007F2D09DED0B0AEA
:1034800095ED0E1A30EE410AB0EE088AB0EEC00A91
:10349000B4EE480AF1EE10FAE3DC9DED000A95ED7A
:1034A0000F1A30EE410AB0EEC00AB4EE480AF1EE4F
:1034B00010FA45DC40F2E8400BABC2F200400521B7
:1034C0002246EFF7E1F8D8B340F2E8406B46C2F28B
:1034D000004007212246EFF7D7F888B39DF8460051
:1034E00001282DD19DF81A0001284FF0000004BFDB
:1034F0009DF83B100029B5D19DF80F100029B1D1DE
:103500009DED0B0A95ED101A30EE410AB0EEC00A9F
:10351000B4EE480AF1EE10FAA4DC9DED000A95ED38
:10352000111A30EE410AB0EEC00AB4EE480AF1EECC
:1035300010FAD8BF012016B0BDEC028BB0BD00BFA1
:10354000002016B0BDEC028BB0BD000000000000F2
:1035500010B52DED028B8AB040F2BC14C2F20044CB
:10356000E07801285ED1B0EE408AF0F72DF900280E
:1035700058D140F2084005AAC2F200400121EDF7FF
:1035800033FC00284ED040F208406A46C2F20040A8
:103590000221EDF729FC002844D09DF825000028E1
:1035A00040D09DF8110001284FF001003BD1B0EE52
:1035B000C80A9FED221AB4EE410AF1EE10FA32DC8D
:1035C00040F2084005AAC2F200400121EDF70CFCD0
:1035D0000146012039B340F208406A46C2F2004079
:1035E0000221EDF701FC18B39DED050A40F20840F9
:1035F00038EE000AC2F200400121EDF741FE01461B
:10360000012081B99DED000A40F2084038EE000A21
:10361000C2F200400221EDF733FE20700AB0BDEC8B
:10362000028B10BD012020700AB0BDEC028B10BDD2
:10363000012020700AB0BDEC028B10BDFFFF7F7F20
:10364000B0B540F2BC14C2F20044E078012818D1B1
:10365000EFF7A2FF00284FF0010029D1617804297B
:1036600026D1607900284FF0010021D1A179F9B964
:1036700042F2A4402721C2F200400022FBF704FDE1
:1036800010B101202070B0BD42F2A4402821C2F246
:1036900000400022FBF7F8FC00284FF0010007D1A2
:1036A0000125F2F7EDFF411DA571C4E906010020D7
:1036B0002070B0BD00000000B0B596B040F2BC155F
:1036C000C2F20045E878012840D1EFF765FF0028F5
:1036D0004FF0000030D1697804292DD16879002895
:1036E0004FF0000028D1A97931BBF2F7C9FF044699
:1036F00042F2A440C2F200400BAB27212246FBF766
:103700001FFD18B342F2A4406B46C2F200402821CC
:103710002246FBF715FDC8B19DF85200012815D1CE
:103720009DF8260001284FF0000005D10F990029CF
:1037300004BF0499002901D016B0B0BD9DF8440023
:10374000C00703D09DF81800C00703D1002016B0B1
:10375000B0BD00BF9DED0B0A95ED0E1A30EE410A8B
:103760000020B0EEC01AB0EE080AB4EE401AF1EE36
:1037700010FAE1DC9DED001A95ED0F2A31EE421AA8
:10378000B0EEC11AB4EE401AF1EE10FAD8BF012023
:1037900016B0B0BD000000002DE9F041A6B040F227
:1037A000BC17C2F20047F878012813D1F2F768FF7E
:1037B0008046EFF7B5FFEFF7A3FF0646F0F704F8F2
:1037C00005463043C4070BD0397939B16EB1E807EB
:1037D00014D01CB326B0BDE8F08100BF01213970C0
:1037E00000F001003871002EF1D142F2A4404146B0
:1037F000C2F20040FBF71CFFE807EAD140F2E840C4
:103800004146C2F20040EFF7EBF940F20840414672
:10381000C2F20040EDF7F0FB002CDBD178780138E4
:10382000052867D8DFE800F0062A5A3A040400BFEA
:10383000D0E700BF404602F00BF9022800F03681C5
:10384000002857D10020C7F82480CCF2D620C7F832
:103850001480C7E90E00C7E91000B86AB864F86AB6
:10386000F864386B3865786B7865012078714FF4AF
:10387000007038800020C7E9030017E1787901283B
:1038800040F0BC80786AA8EB0000B0F5FA6F6BD30B
:10389000B7EE000A002078716EE000BFB87960B121
:1038A000B96941F28932A8EB010191422AD3012082
:1038B000387002F081FC06207870787901287FF456
:1038C00089AF786AA8EB0000B0F5FA6FC0F000810C
:1038D000B7EE000A0020787102E100BF404602F016
:1038E000B7F8022800F0E28020B94FF480603880F9
:1038F000DCE000BF0320387002F05EFC0620787028
:10390000D4E000BF0138DFE810F00700A101410159
:1039100075013301AF0100BF42F2A4401BABC2F2FC
:10392000004027214246FBF70BFC0028BFD042F2A3
:10393000A44010ABC2F2004028214246FBF700FC35
:103940000028B4D09DF894000028B6D19DF86800F6
:103950000028B2D1F869B8EB0000AED4002038726C
:103960000220F880A9E700BF00EE100A9FEDDB1AE5
:10397000B8EE400A80EE010AB1EE081ABAEE0E2A3D
:1039800020EE003A97ED104A97ED115AA0EE012A69
:10399000B2EE041A97ED136A97ED157A35EE475A91
:1039A000A0EE021A97ED0E2A20EE030A97ED123AC6
:1039B00020EE010A32EE431A97ED0F2A32EE462A24
:1039C000A5EE007AA1EE003A97ED141A34EE414AC2
:1039D000A2EE006A87ED0D7A87ED0A3AA4EE001A8E
:1039E00087ED0B6A87ED0C1A02F08AFA387028B15D
:1039F0000020787102F0E0FB0620787078790028CA
:103A000054D142F2A4401BABC2F2004027214246EF
:103A1000FBF796FB002849D042F2A44010ABC2F25B
:103A2000004028214246FBF78BFB00283ED040F2A5
:103A3000E84008ABC2F2004005214246EEF724FE02
:103A4000A0B340F2E8406B46C2F200400721424674
:103A5000EEF71AFE50B39DF89200012826D19DF88A
:103A60006600012822D19DF83A0001281ED19DF858
:103A70001A0001281AD19DF89400012816D19DF84A
:103A80006800012812D19DF83C0001280ED19DF854
:103A90001C00012804BF1F98002807D11498002893
:103AA00004BF9DF82F00002800F0DE8178780738E9
:103AB00010F1040F3FF68EAE786943F69921A8EB1A
:103AC00000008842FFF486AE0320387048E000BF53
:103AD00000EE100A9FED811AB8EE400A80EE010A4E
:103AE000B1EE081ABAEE0E2A20EE003A97ED104A0F
:103AF00097ED115AA0EE012AB2EE041A97ED136A5F
:103B000097ED157A35EE475AA0EE021A97ED0E2A78
:103B100020EE030A97ED123A20EE010A32EE431A24
:103B200097ED0F2A32EE462AA5EE007AA1EE003A72
:103B300097ED141A34EE414AA2EE006A87ED0D7A31
:103B400087ED0A3AA4EE001A87ED0B6A87ED0C1A8E
:103B500002F0D6F9002838703FF43CAE00207871AE
:103B600002F02AFB0620787026B0BDE8F08100BF85
:103B7000F8790228C0F0B4800020C7E90C00C7E93A
:103B80001000C7E914000620F88096E6F8790128AD
:103B900000F2BA8048F298214301C0F601010028E2
:103BA00001EB401207F12C00D2E9026514691C9563
:103BB00055691B9696691D941E9508BF07F128004C
:103BC000D269CDE91F62CD5C00681C9042F2A4402E
:103BD000C2F200401BAA2946FBF70EFE00287FF424
:103BE0006CAE42F2A4400122C2F200402946FBF72B
:103BF0004BFA6CE040F2E8401BABC2F200400521FA
:103C00004246EEF741FD00283FF451AE40F2E84055
:103C100010ABC2F2004007214246EEF735FD002806
:103C20003FF445AE9DF8880000287FF446AE9DF82D
:103C30005C0000287FF441AEF869B8EB00003FF566
:103C40003CAE002038720520F88036E6F87902286C
:103C5000C0F096800020C7E90A00C7E90E00C7E956
:103C600012000320F88028E6F879012800F2A080ED
:103C7000C0EBC00148F20C12C0F60102002802EBB2
:103C8000810307F13400D3E902651C691C955D6965
:103C90001D941E9508BF07F130009B691F931B966A
:103CA00032F8215000681B9040F2E8401BAAC2F293
:103CB00000402946EFF770F800287FF4FEAD40F28F
:103CC000E8400122C2F200402946EEF761FC0028DC
:103CD0007FF4F3ADF8790130F871EEE50000FA44B5
:103CE00048F20C11C0EBC000C0F601013A7A31F87D
:103CF000201040F2E840C2F20040002A00F0A88004
:103D0000EEF75AFD4BE000BF42F2A4401BABC2F2FB
:103D1000004027214246FBF713FA00283FF4CDADBF
:103D200042F2A44010ABC2F2004028214246FBF709
:103D300007FA00283FF4C1AD9DF8920001287FF4F6
:103D4000BCAD9DF8660001287FF4B7AD9DF89400E6
:103D500001287FF4B2AD9DF8680001287FF4ADAD75
:103D60009DF88400C0073FF4A8AD9DF85800C00737
:103D70003FF4A3AD1F9800287FF49FAD149849E04D
:103D800048F298214001C0F601013A7A095C42F2FA
:103D9000A440C2F20040002A5ED0FBF779FA002866
:103DA0007FF48BADF8790130F8710020387284E52A
:103DB00040F2E8401BABC2F2004005214246EEF75C
:103DC00063FC00283FF479AD40F2E84010ABC2F24A
:103DD000004007214246EEF757FC00283FF46DAD46
:103DE0009DF8860001287FF468AD9DF85A000128EF
:103DF0007FF463AD9DF8880001287FF45EAD9DF8E7
:103E00005C00012804BF9DF87B0000287FF455ADBD
:103E10009DF84F0000287FF450AD9DED1B0AB0EED9
:103E2000C01AB0EE080AB4EE401AF1EE10FA3FF7ED
:103E300044AD9DED101AB0EEC11AB4EE401AF1EE89
:103E400010FA3FF73AAD0020B871387035E500BF81
:103E5000EFF75EF802E000BFFBF71EFD00287FF4DD
:103E60002CAD0120387228E59DF80F0000287FF462
:103E70001DAE9DED1B1A9FED1F0A31EE001AB0EE2C
:103E8000C12AB0EE081AB4EE412AF1EE10FA3FF75B
:103E90000DAE9DED102A32EE002AB0EEC22AB4EE2D
:103EA000412AF1EE10FA3FF701AE9DED082A32EEFD
:103EB000002AB0EEC22AB4EE412AF1EE10FA3FF722
:103EC000F5AD9DED002A32EE000AB0EEC00AB4EE68
:103ED000410AF1EE10FA3FF7E9AD0020A7F807001C
:103EE00008F1140038620320A7F80100C7F8148015
:103EF000DCE500BF0000D64210B52DED088B40F286
:103F0000BC14C2F20044E07801280FD1B0EE40AA00
:103F1000B0EE60BA94ED0E8A94ED0F9AEFF73CFB89
:103F200050B101202070BDEC088B10BD0120207025
:103F3000BDEC088B10BD00BF607804284FF0010075
:103F400004BFA1790029EDD1B0EEC80A9FED272A60
:103F5000B4EE420AF1EE10FAE4DCB0EEC90AB4EEB7
:103F6000420AF1EE10FADDDCB0EECA3AB0EE4A1ABF
:103F7000B4EE423AF1EE10FAD4DCB0EECB4AB0EE39
:103F80004B0AB4EE424AF1EE10FACBDC9FED182A50
:103F9000B4EE423AF1EE10FADCBFB4EE420AF1EEB2
:103FA00010FABFDC9FED132AB4EE420AF1EE10FACC
:103FB000B8DBA06AA064E06AE064206B2065606BF7
:103FC000606584ED0E8A84ED0F9A84ED101A84EDFD
:103FD000110AF2F755FB60620020C4E903000121D9
:103FE00061712070BDEC088B10BD00BFFFFF7F7FAB
:103FF00096F1C64396F1C6C310B52DED048B40F281
:10400000BC14C2F20044E078012811D1B0EE608AFD
:10401000B0EE409AEFF7C0FA00284FF0010004BF5D
:10402000617804290AD02070BDEC048B10BD00BF5C
:1040300001202070BDEC048B10BD00BFB0EEC91A8A
:104040009FED0B0AB4EE401AF1EE10FAEBDCB0EE85
:10405000C81AB4EE401AF1EE10FAE4DC84ED039ACB
:1040600084ED048A01F04CFF2070BDEC048B10BD80
:10407000FFFF7F7F0000000010B52DED088B40F2A0
:10408000BC14C2F20044E07801280FD1B0EE40BA6F
:10409000B0EE60AAB0EE418AB0EE619AEFF77CFA1A
:1040A00050B101202070BDEC088B10BD01202070A4
:1040B000BDEC088B10BD00BF607804284FF00100F4
:1040C00004BFA1790029EDD1B0EECB1A9FED274AAC
:1040D000B4EE441AF1EE10FAE4DCB0EECA2AB4EE03
:1040E000442AF1EE10FADDDCB0EEC85AB0EE483AE0
:1040F000B4EE445AF1EE10FAD4DCB0EEC96AB0EE78
:10410000492AB4EE446AF1EE10FACBDC9FED184A6E
:10411000B4EE445AF1EE10FADCBFB4EE442AF1EEEC
:1041200010FABFDC9FED134AB4EE442AF1EE10FA08
:10413000B8DBA06AA064E06AE064206B2065606B75
:10414000606584ED0EBA84ED0FAA84ED103A84ED1B
:10415000112AF2F795FA60620020C4E903000121F8
:1041600061712070BDEC088B10BD00BFFFFF7F7F29
:1041700096F1C64396F1C6C310B52DED088B40F2FB
:10418000BC14C2F20044E07801280FD1B0EE40BA6E
:10419000B0EE60AA94ED108A94ED119AEFF7FCF955
:1041A00050B101202070BDEC088B10BD01202070A3
:1041B000BDEC088B10BD00BF607804284FF00100F3
:1041C00004BFA1790029EDD1B0EECB1A9FED252ACD
:1041D000B4EE421AF1EE10FAE4DCB0EECA3AB4EEF4
:1041E000423AF1EE10FADDDCB0EEC83AB4EE423AF3
:1041F000F1EE10FAD6DCB0EEC94AB4EE424AF1EE66
:1042000010FACFDC9FED182AB4EE423AF1EE10FA24
:10421000DCBFB4EE429AF1EE10FAC3DC9FED132A34
:10422000B4EE429AF1EE10FABCDBA06AA064E06A38
:10423000E064206B2065606B606584ED0EBA84EDF0
:104240000FAA84ED108A84ED119AF2F719FA6062D0
:104250000020C4E90300012161712070BDEC088BCE
:1042600010BD00BFFFFF7F7F96F1C64396F1C6C326
:1042700080B501F0A1FF40F2BC100521C2F2004060
:10428000417080BD00000000FEE70000000000005B
:10429000B0B58AB003460020099008904FF00100A5
:1042A000D3B10C46C1B1187900284FF0000013D1EA
:1042B0004FF080410790CDE90210022104910121C5
:1042C0000122CDE90510402120461D46F1F710F9E5
:1042D00000284FF0010001D00AB0B0BD02A920466D
:1042E000F1F7A2F800284FF00100F5D102210222D7
:1042F000012300902046F1F7DFF818B101200AB041
:10430000B0BD00BF2046F1F7B7FE00284FF0010016
:10431000E2D1287100202C600AB0B0BD000000007E
:10432000B0B58AB00C46054668462821ECF7ABF9D3
:104330009DB12879012810D14FF0010014B32A68EB
:1043400002B340211046F1F727F948B12868E31C71
:104350006A464021F1F72CF930B101200AB0B0BD16
:1043600002200AB0B0BD00BF0198B0F1804F4FF0FD
:10437000010007D1029929B900982070000A6070E5
:104380000020A0700AB0B0BDB0B58CB0044601A842
:104390002C21ECF778F914B3207901281FD120687B
:1043A000E8B10168D9B14AF6100501A9C4F20005C7
:1043B000F1F7CAF82168069A09680B6D9B0111D4C0
:1043C00000B9A2B98869C00711D1086D400715D49A
:1043D000086D000703D508200865002028600CB090
:1043E000B0BD00BF4FF000700865002028608869EC
:1043F00020F001008861086D4007E9D504200865B8
:1044000000202860086D0007E5D4E8E70000000000
:1044100090B12DE9F0478CB00446007901280DD108
:10442000149E0120082E03D825680DB153B94EB152
:104430000CB0BDE8F08700BF0120704701200CB030
:10444000BDE8F087884601A82C21914627461C46E6
:10445000ECF719F92868E8B14AF6100A01A92846CC
:10446000C4F2000AF1F770F83D68069A29680B6DEE
:104470009B0131D400B9AABB8869C00732D1086D4D
:10448000400736D4086D000704D5082008650020D1
:10449000CAF800002846F1F78FF9C8B148EA0920A8
:1044A00001904FF08040029016A000210391224617
:1044B00050F82600CDE90401CDE90611CDE9081137
:1044C000386801A9F0F734FF0CB0BDE8F08700BFF1
:1044D00002200CB0BDE8F0874FF0007008650020A6
:1044E000CAF80000886920F001008861086D400763
:1044F000C8D5042008650020CAF80000086D000730
:10450000C3D4C7E700000000010000000200000063
:104510000300000004000000050000000600000089
:10452000070000000800000078B1017901290CD1D2
:104530000168002908BF704710B504460846F1F726
:10454000B7FD00202071BDE810407047000000005A
:104550000B460246002818BF0120002918BF01237E
:104560001840012818BF7047B0B502F1140ED2E907
:1045700008459EE80850926A4A6181E80850C1E9FE
:104580000345BDE8B04070474FF0010318B1002962
:1045900018BF002A02D11846704700BF537873B184
:1045A000D2F804C0BCF1000F09D49368634506DB60
:1045B00092ED030AB5EE400AF1EE10FA02DA01209C
:1045C000704700BF016092E80A10D2688360002340
:1045D0004160C0F80CC002618362C0E90533C0E9E4
:1045E000073380F8243018467047000000000000B0
:1045F000034600284FF0000018BF002900D1704783
:104600002DE9F04381B008781E79B04224D1487872
:10461000092827D1887808284FF000001DD190463E
:104620000A79CC784F798946897925061E4641EA70
:1046300002415A7941EA07235FEA50014FEA32000A
:10464000002D43EA046313D4C01841EBE371002347
:10465000EBF7C6FE13E000BF002001B0BDE8F04359
:10466000704700BF002001B0BDE8F043704700BFB5
:10467000C01A61EBE3710023EBF7B2FE4042B06178
:10468000B2EE041AB9F80700C0BA00EE100AB8EE8C
:10469000C00A80EE010A9FED0C1A86ED070AB9F8F0
:1046A0000900C6F82880C0BA00EE100A012086F87A
:1046B0002400B8EEC00A80EE010A86ED080A01B0B7
:1046C000BDE8F043704700BF00007A4400000000DE
:1046D00060B30146006848B380B582B04A694FF0C4
:1046E000FF3E4B7983FB023CD3F100427EEB0C0290
:1046F0004FF00002B8BF0122002A0CBF4FF0004368
:10470000E6466FF0004CB3EB0C027EF10002A8BF4E
:10471000634609794FF0040C1ABA019201AB0322E7
:10472000CDF800C0FFF774FE02B080BD01207047D5
:10473000E0B18C46002948BFC1F1000C80B5D0F82B
:1047400008E00022BCEB0E0372EBEE730ADBC268DA
:104750004FEAE27EB2EB0C037EF1000308DA002997
:1047600048BF52424261002080BD00BF0120704717
:104770000A464261002080BD40B1826A1AB1891A9E
:10478000C92938BF7047002180F824107047000005
:10479000B0EEC01AB2EE042AB4EE421AF1EE10FAEC
:1047A0000CDD90ED051A9FED462A21EE021A017FDD
:1047B00080ED051AC9B990ED062A1AE090ED011AAC
:1047C00090ED052AA1EE002A90ED031AB1EE413AD0
:1047D00082FE411AB4EE423AF1EE10FA33FE011AAB
:1047E000017F80ED051A0029E5D0B0EE402A0021B6
:1047F000017730EE422A9FED333AB4EE432AF1EED0
:1048000010FA3DDA9FED313AB4EE432AF1EE10FA98
:104810001DDA9FED2F4A32EE042AB4EE432AF1EE60
:1048200010FA14DA32EE042AB4EE432AF1EE10FA4A
:10483000BEBF32EE042AB4EE432AF1EE10FA06DAD5
:1048400032EE042AB4EE432AF1EE10FAE3DB90EDE7
:10485000003A80ED060AA3EE001A90ED023AA3EEAC
:10486000021A90ED042AB1EE423A81FE422AB4EED9
:10487000413AF1EE10FA33FE021AB0EE410A7047E7
:104880009FED114A32EE042AB4EE432AF1EE10FAFB
:10489000A1BF32EE042AB4EE432AF1EE10FA32EE52
:1048A000042AA4BFB4EE432AF1EE10FAAADB32EEDA
:1048B000042AB4EE432AF1EE10FAE3DAA2E700BFCD
:1048C0006666663F000034430000B4C3000034C392
:1048D0000000B4430000000030B30278014600201D
:1048E000052A00F28480DFE802F02153038382036B
:1048F00091ED010A9FED451AB0EEC00AB4EE410AEF
:10490000F1EE10FA73DC91ED020AB0EEC02AB4EEBB
:10491000412AF1EE10FA6ADCB5EE400AF1EE10FA27
:10492000A8BF0120704700BF0020704791ED010A29
:10493000B0EEC01A9FED350AB4EE401AF1EE10FA4F
:1049400055DC91ED021AB0EEC11AB4EE401AF1EE48
:1049500010FA4CDC91ED031AB0EEC11AB4EE401A15
:10496000F1EE10FA43DC91ED041AB0EEC11AB4EE88
:10497000401AF1EE10FA3ADC91ED051AB0EEC11AC8
:10498000B4EE401AF1EE10FAD8BF0120704700BF14
:1049900091ED010AB0EEC01A9FED1C0AB4EE401A68
:1049A000F1EE10FA23DC91ED021AB0EEC12AB4EE5A
:1049B000402AF1EE10FAC8BF704791ED032A00219A
:1049C000B0EEC23A0022B4EE403AF1EE10FAB5EE83
:1049D000401AD8BF0121F1EE10FAA8BF0122B5EEAE
:1049E000402AF1EE10FAA8BF01201140084070479C
:1049F00091ED010A9FED051AB0EEC00AB4EE410A2E
:104A0000F1EE10FAD8BF0120704700BFFFFF7F7F93
:104A100040F21800C2F2004090F84810D1B190ED79
:104A2000111A9FED162A31EE021AB0EE002A90ED0F
:104A3000103AB7EE004A30EE430A31EE022A81EE18
:104A4000022AA2EE003A34EE420A21EE002AB0EE2B
:104A5000430A04E0B7EE002A012180F84810B2EEC4
:104A6000041A80ED100A80ED112A20EE013AB8FEFA
:104A7000433A83EE011AB0EE410A7047CDCCCC3DEB
:104A8000002808BF70472DE9F04782B0002A9246FF
:104A90001EBF044690F8C5025FEAC07004D102B0A0
:104AA000BDE8F047704700BF94F8C4020028F6D074
:104AB0009846894604F12C05002700BF28460823A4
:104AC0004946524650F82869CDF80080EEF7ACFC14
:104AD00030B994F8C402013758358742EED3DEE787
:104AE00015F8060C15F8051C421EB2FA82F20029D0
:104AF0004FEA521285F82A201CBF03226A7695F8E5
:104B00002B20012ACBD12A68B242C8D00029C6D1B5
:104B1000296A8A4218BF0128C1D015ED050A9FED08
:104B2000081AB0EEC00AB4EE410AF1EE10FAB6DC93
:104B30004FF48070A5F82B0002B0BDE8F047704735
:104B4000CDCC4C3D00000000002818BF002A01D148
:104B5000704700BFB0B590F8E4431CB3C1F3072C15
:104B6000A4F1010E90F8504064451FD0BEF1000F33
:104B700018D090F8CC4064451AD0BEF1010F11D086
:104B800090F84841644517D0BEF1020F0AD090F862
:104B9000C441644514D0AEF1040E00F5F8701EF166
:104BA0000104DFD1BDE8B040704700BF041D09E03B
:104BB00000F1800406E000BF00F1FC0402E000BF49
:104BC00000F5BC742046256AFBF722F9206AA8424A
:104BD000E8D0207F8006E5D560690028E2D000207B
:104BE00084F87800012084F86D00BDE8B04070477B
:104BF00058B1A1F2092C1CF1080F06D3002A1CBFE2
:104C000090F82FC05FEACC7C00D1704700EB8100A8
:104C10004FF60001CFF6FF714058002808BF7047DB
:104C200010B5B2F800C090F8401001299CFA8CFC35
:104C30004FEA1C4C12D1418CACEB010E74461EF5B0
:104C4000805FB8BF04F50054BEF5805FC8BFAEF505
:104C50000054416A2144416205E000BF00214162E5
:104C6000012180F84010A0F822C0518809BA090C2F
:104C70000185918890F92120C36309BA090C514339
:104C80004185BDE810407047AEB04EF6145701257F
:104C9000CEF200070095F1F7C3FD6C4648F21F7095
:104CA000029040F201100390204600260196F1F791
:104CB00087FD0420F1F7C4FD3868800311D4BFF3E9
:104CC0004F8FBFF36F8FC7F83C62BFF34F8FBFF3B7
:104CD0006F8F386840F400303860BFF34F8FBFF3F8
:104CE0006F8FF1F7E5FCFCF79BF904F128009021A8
:104CF000EBF7C9FC48F2020000900220029010215C
:104D00000196CDE90310CDE90500C0200996CDE953
:104D100007064FF000501B9020461D95F1F770FFDD
:104D200010B172B6FEE700BFF6F706FEF6F7A8FC74
:104D3000F6F722FDF6F758FDF6F78EFDF6F758FF69
:104D4000F6F756FEF6F794FEF6F712FFF6F7D0FEEA
:104D5000F6F78EFF4FF47A70F0F78EFA00F078F8DD
:104D6000F6F7B2FD00F09CF8FEE70000000000003E
:104D7000EFF3058100291CBF6FF00500704710B5E7
:104D8000044602F065FB01462046012904D108B122
:104D900001F0CEFC002010BDEFF3108119B9EFF344
:104DA00011810029F3D06FF0050010BD0000000054
:104DB000EFF3058100291CBF6FF00500704710B5A7
:104DC00082B0044602F044FB012815D102F050FBEA
:104DD0000146844201906FF003000AD0611A08D4A2
:104DE00001A802F0C5FA01460020002908BF4FF0D3
:104DF000FF3002B010BD00BFEFF3108020B16FF0A4
:104E0000050002B010BD00BFEFF311800028DDD017
:104E10006FF0050002B010BDEFF3058010B102F095
:104E20002FBB00BF80B502F013FB0128BDE8804016
:104E300002D102F01DBB00BFEFF310800028EED1BD
:104E4000EFF311800028EAD1F3E700000000000032
:104E5000EFF3058000281CBF6FF00500704780B598
:104E600002F0F6FA012811D102F0F2FA01284FF00F
:104E7000FF3009D140F20441C2F200410A68002A21
:104E800002BF01200860002080BD00BFEFF310804A
:104E900018B9EFF311800028E6D06FF0050080BD4F
:104EA000EFF3058000281CBF6FF00500704780B548
:104EB00002F0CEFA012819D102F0CAFA01284FF007
:104EC000FF3012D140F20441C2F200410A68012AC7
:104ED00018BF80BD4EF61F500022CEF200000270B7
:104EE0000220086001F0A8FD002080BDEFF31080D3
:104EF00018B9EFF311800028DED06FF0050080BDF7
:104F0000002001F061FC00BFFEE70000000000008F
:104F10002DE9F04385B000240494EFF305831BB121
:104F2000204605B0BDE8F083154604460E4602F063
:104F30008FFA012808D12046B446BCB90024204687
:104F400005B0BDE8F08300BFEFF3108020B100246E
:104F5000204605B0BDE8F0832046002C4FF0000449
:104F6000EFF31181DCD00029B446D9D14FF0000411
:104F700035B3AB69002B08BF1823382BD0D829795B
:104F8000C907CDD16F69BA08002FD5E902899646C5
:104F900008BF4FF4807EB8F1000F296824D0B9F122
:104FA0005C0FBDD32E69002E18BF002FB8D08DE83E
:104FB0004801634602F090F905B0BDE8F08300BFF8
:104FC0004FF4807E182300211FFA8EF204AFCDE942
:104FD0000037334602F050F90499012808BF0C4607
:104FE000204605B0BDE8F083B9F1000F98D12A69D9
:104FF000002A95D1E8E700002DE9F04381B004468E
:1050000001F0AEF940F2E00642F24008C2F200467A
:10501000C2F2004842F24405B068C2F200450130D5
:10502000B060D8F8000068B1F068002840F00A814C
:10503000D8F80000E16AC06A884298BFC8F800400A
:1050400000E100BFC8F80040B068012840F0FA80D5
:10505000284601F025F905F1140001F021F905F1C8
:10506000280001F01DF905F13C0001F019F905F1E6
:10507000500001F015F905F1640001F011F905F196
:10508000780001F00DF905F18C0001F009F905F146
:10509000A00001F005F905F1B40001F001F905F1F6
:1050A000C80001F0FDF805F1DC0001F0F9F805F1A8
:1050B000F00001F0F5F805F5827001F0F1F805F562
:1050C0008C7001F0EDF805F5967001F0E9F805F542
:1050D000A07001F0E5F805F5AA7001F0E1F805F51A
:1050E000B47001F0DDF805F5BE7001F0D9F805F5F2
:1050F000C87001F0D5F805F5D27001F0D1F805F5CA
:10510000DC7001F0CDF805F5E67001F0C9F805F5A1
:10511000F07001F0C5F805F5FA7001F0C1F805F579
:10512000027001F0BDF805F5077001F0B9F805F55A
:105130000C7001F0B5F805F5117001F0B1F805F546
:10514000167001F0ADF805F51B7001F0A9F805F532
:10515000207001F0A5F805F5257001F0A1F805F51E
:105160002A7001F09DF805F52F7001F099F805F50A
:10517000347001F095F805F5397001F091F805F5F6
:105180003E7001F08DF805F5437001F089F805F5E2
:10519000487001F085F805F54D7001F081F805F5CE
:1051A000527001F07DF805F5577001F079F805F5BA
:1051B0005C7001F075F805F5617001F071F805F5A6
:1051C000667001F06DF805F56B7001F069F805F592
:1051D000707001F065F805F5757001F061F805F57E
:1051E0007A7001F05DF805F57F7001F059F805F56A
:1051F000826001F055F805F2244001F051F805F500
:10520000876001F04DF805F24C4001F049F840F29A
:10521000D839C2F20049484601F042F809F11407B2
:10522000384601F03DF806F14C0001F039F806F17E
:10523000380001F035F806F1600001F031F8C6F8E9
:105240001890F7613068271D316A421CE06A3260AD
:105250008842626488BF306200EB800005EB800109
:1052600061614A68A2609368E36097605F6055F887
:105270002010013145F8201001F09AF8F06880B153
:10528000D8F80000E16AC06A88420AD24EF604509B
:105290004FF08051CEF200000160BFF34F8FBFF39B
:1052A0006F8F01B0BDE8F08340F2E00542F24406A2
:1052B0004EF60458C2F20045C2F20046CEF2000893
:1052C0004FF0805703E000BF204601F089F868687E
:1052D000D0B101F045F8686CC468201D00F0A4FF4F
:1052E000A8680138A86068680138686001F060F853
:1052F00094F859000228EAD00128E5D070B9206B53
:1053000001F06EF8E0E700BF30680228DFD3C8F88C
:105310000070BFF34F8FBFF36F8FD8E74FF050008F
:1053200080F31188BFF36F8FBFF34F8FFEE700004C
:105330002DE9F04381B00A9C16460F468146206B4A
:105340009100A5229846089DEBF773F9002F206B7A
:1053500041D0397884F83410D1B3797884F8351095
:10536000B1B3B97884F8361091B3F97884F837106E
:1053700071B3397984F8381051B3797984F83910D8
:1053800031B3B97984F83A1011B3F97984F83B1044
:10539000F1B1397A84F83C10D1B1797A84F83D10B2
:1053A000B1B1B97A84F83E1091B1F97A84F83F101E
:1053B00071B1397B84F8401051B1797B84F8411088
:1053C00031B1B97B84F8421011B1F97B84F84310F4
:1053D000002184F84310382D0AD34FF0500080F399
:1053E0001188BFF36F8FBFF34F8F00BFFEE700BF81
:1053F00000EB8600099F0438E56220F00706201DB7
:10540000E56400F059FF04F1180000F055FFC5F104
:105410003800A0613046494642462461646200F08B
:10542000FFFA002F206018BF3C6001B0BDE8F08398
:1054300008480068006880F308884FF0000080F397
:10544000148862B661B6BFF34F8FBFF36F8F00DF72
:1054500000BF000008ED00E081B00020009040F2A5
:105460001400C2F2004000684FF0500181F311882F
:10547000BFF36F8FBFF34F8F013003D0FEE700BF44
:10548000009838B9009828B90098002804BF0098FF
:105490000028F5D001B0704784B040F25419E846B6
:1054A000C2F20049D9F8080006681EB1C068D0F8F9
:1054B00000A001E04FF0000A01F042FB01F0D8FF2C
:1054C000D9F81010834688421FD3002EC9F810B0B7
:1054D00060D0DA455ED802F013F9D9F80800C06848
:1054E000C668371D384600F09FFE96F82800410731
:1054F00038D400F0FA0086F8280071E000F0FA00D5
:1055000086F82800316A30468847D9F808000168D3
:10551000B1B3C068C6680568371D384600F084FE20
:1055200096F828004107E9D5B0694419746040191C
:10553000366108D2316A30468847B0692118044480
:1055400074603661F6D3D9F80C00394600F0B8FE25
:10555000D8E700BFABEB0A0181423BD3316A30464A
:105560008847A246B069366100EB0A0474605C4566
:10557000F0D9D34509F108002ED25445EED22BE0E4
:10558000D9F80C10C9F810B0C9E9021002F0B8F847
:1055900030E000BF16B1002206E000BFD9F80C00D1
:1055A0000068B0FA80F04209D9F80000AAEB0B01BC
:1055B00001F08AF802F0A4F8E0B94EF604504FF07A
:1055C0008051CEF200000160BFF34F8FBFF36F8FA9
:1055D00010E000BF09F10C000068394600F070FED1
:1055E000316A3046884705E009F10C0630683946D3
:1055F00000F066FED9F800000022414601F0CCFC24
:1056000000283FF44FAF0098B0F1FF3F06DCDDE922
:1056100001200399904700980028EBD4DDF808B0EA
:10562000DBF8140018B10BF1040000F0FDFD01F0EF
:105630001FFFD9F810108246884208D330E000BF1F
:1056400000F0FA0087F82800396A38468847D9F808
:105650000800016801B3C068C76805683C1D2046A2
:1056600000F0E2FD97F828004107E9D5B86946192E
:105670007E6040193F6108D2396A38468847B86968
:10568000311806447E603F61F6D3D9F80C002146FC
:1056900000F016FED8E700BFD9F80C10C9E90210D7
:1056A0000098C9F810A001380828A3D8DFE800F056
:1056B0000606482C6E0606482C0000BF9BF82810F2
:1056C000019ADBF818005F4641F001038BF828309F
:1056D000831847F8043F5345CBF810B008D99245DA
:1056E00009F10806BFF482AF934206D27EE700BFFD
:1056F000AAEB02028242FFF477AF4A0728D401F0F6
:10570000FA008BF828004FE09BF8280040F00101D8
:10571000019800288BF82810CBF818004AD0504484
:1057200009F10C025946504588BF09F1080241F8B9
:10573000040FCBF810B0106800F0C2FD5AE700BFAC
:105740009BF8280000F0FE008BF8280052E700BF0D
:10575000019901440BE000BFAAEB010181421DD376
:10576000DBF8201058468847DBF8180021460C1853
:10577000CBF804405445CBF810B0EDD98A4509F177
:1057800008000DD28C42EBD20AE000BF9BF8280043
:105790008107D7D4584600F023FE2BE709F10C000F
:1057A0000068394600F08CFDDBF820105846884729
:1057B00020E700BF4FF0500080F31188BFF36F8FD8
:1057C000BFF34F8FFEE70000F0B581B0044600F054
:1057D000C7FD94F94560012E10DB04F1240503E0B8
:1057E000F0B2013E012809D9286838B1284601F0F5
:1057F00013FF0028F4D001F06BF8F1E7FF2684F8DE
:10580000456000F0D5FD00F0ABFD94F94470012F28
:1058100010DB04F1100503E0F8B2013F012809D9BB
:10582000286838B1284601F0F7FE0028F4D001F0CE
:105830004FF8F1E784F8446001B0BDE8F04000F0B3
:10584000B7BD00000000000070B5044601F078F913
:1058500040F29010C2F2004003680BBB43F2C41147
:10586000C2F20041CA1D11F0070322F00702A1EBAA
:10587000020303F5803304BF0A464FF4803300214E
:10588000134423F00703A3F108060660C0E90521CD
:1058900043E90211B11A516003681360C0E90111B4
:1058A00004F10802092A11D201F02AFF00F0F0FCED
:1058B0000020410708BF70BD4FF0500080F31188F1
:1058C000BFF36F8FBFF34F8FFEE700BF14F00701E8
:1058D00006D009398A42E7D824F0070101F1100205
:1058E000012AE1DB41688A42DED886465EF814CFA1
:1058F000DCF80440944230D2DCF80010E1B1654697
:105900004C6894421CD20E68D6B1746894421BD283
:10591000D6F800E0BEF1000F16D0DEF80440944245
:1059200016D2DEF800509DB16C68944214D22968FA
:10593000AC460029E4D110E000F1140E0DE000BFE8
:105940008C46AE4609E000BFB4468E4605E000BF77
:10595000F446B64601E000BFAC469C45A4D0A11A6F
:10596000DEF800301129DCF80040CEF800403ED3CC
:105970000CEB0204660709D04FF0500080F3118849
:10598000BFF36F8FBFF34F8FFEE700BF00F1140628
:105990006160CCF804203168A1420BD20E68A642A7
:1059A0000CD23168A14205D20E680A46A642F2D353
:1059B00005E000BF32460E4601E000BF0A465168CE
:1059C0005518A542656802D10D4414465560611909
:1059D000B14201D0314606E001688E4203D0D6E9DB
:1059E00000162E446660A242216018BF1460DCF8E5
:1059F000041003F10804D0E90126521A4260B242B1
:105A000041F0004138BF82600022CCE90021C1682A
:105A10000131C16001F074FE20464AE70000000039
:105A200045F2594321F0010140F8081C4FF0807104
:105A300040F8041CA0F14401C0F6010340F80C3CFE
:105A40006FF0020340E90932084670470000000089
:105A500070B52DED028B96B040F2BC160446C2F232
:105A60000046316A401A00F13882B078082800F206
:105A70008981DFE800F0059B195F0BA1AF65E500A8
:105A8000F0790228C0F0AE810120A4E1F07902286B
:105A9000C0F07E8100200521C6E90A00C6E90E009B
:105AA000C6E9120094E000BF42F2A4400BABC2F280
:105AB000004027212246F9F743FB002800F00D8221
:105AC00042F2A4406B46C2F2004028212246F9F778
:105AD00037FB002800F001829DF85400002804BF25
:105AE0009DF828005FEAC07040F0F78140F2E8407E
:105AF0000BABC2F2004005212246ECF7C5FD0028A1
:105B000000F0EB8140F2E8406B46C2F20040072112
:105B10002246ECF7B9FD002800F0DF819DF848002F
:105B2000002804BF9DF81C005FEAC07040F0D581DA
:105B3000032050E1F0790228C0F03C8104204AE1C2
:105B4000F079012800F2468148F2982C4FEA401E75
:105B5000C0F6010C00280CEB401206F12C00D2E933
:105B6000025113690C9151690B9595690D930E9132
:105B700008BF06F12800D1690BAACDE90F511CF826
:105B80000E5000680C9042F2A440C2F20040294638
:105B9000F9F732FE002840F0A58142F2A44001222C
:105BA000C2F200402946F9F76FFA0FE1F0790228B6
:105BB000C0F02C8102200EE1F0790228C0F03C8177
:105BC00000200621C6E90C00C6E91000C6E9140051
:105BD000B17002E1F079012800F24881C0EBC00108
:105BE00048F20C1CC0F6010C00280CEB810306F1F6
:105BF0003400D3E902E21D690C925A690D950E92A8
:105C000008BF06F130009A690F92CDF82CE03CF8FD
:105C1000215000680B9040F2E8400BAAC2F200400D
:105C20002946EDF7B9F8002840F05C8140F2E840E1
:105C30000122C2F200402946ECF7AAFCC6E000BFF0
:105C400042F2A4400BABC2F2004027212246F9F7F2
:105C500077FA002800F0418142F2A4406B46C2F27C
:105C6000004028212246F9F76BFA002800F0358120
:105C70009DF85200012840F030819DF8260001284F
:105C800040F02B819DF85400012840F026819DF8BA
:105C90002800012840F021819DF84400C00700F051
:105CA0001C819DF81800C00700F017810F9800288C
:105CB00004BF0498002840F010819DED0B0AB0EE5F
:105CC000088AB0EEC00AB4EE480AF1EE10FA00F30A
:105CD00004819DED000AB0EEC00AB4EE480AF1EE70
:105CE00010FA00F3FA8040F2E8400BABC2F2004039
:105CF00005212246ECF7C8FC002800F0EE8040F2B7
:105D0000E8406B46C2F2004007212246ECF7BCFC9B
:105D1000002800F0E2809DF84600012840F0DD8078
:105D20009DF81A00012840F0D8809DF8480001280D
:105D300040F0D3809DF81C00012804BF9DF83B0073
:105D4000002840F0CA809DF80F00002840F0C58070
:105D50009DED0B0AB0EEC00AB4EE480AF1EE10FA5F
:105D600000F3BB809DED000AB0EEC00AB4EE480A15
:105D7000F1EE10FA00F3B180002016B0BDEC028BFA
:105D800070BD00BF012016B0BDEC028B70BD00BF1E
:105D900048F298214001C0F60101327A095C42F2D2
:105DA000A440C2F20040002A00F08C80F9F770FA9B
:105DB00052E000BF48F298214001C0F60101095CA1
:105DC00042F2A440C2F20040F9F716F9002840F070
:105DD00089802DE00820B0700020A6F8070004F1AB
:105DE000140085E048F298214001C0F6010100222C
:105DF0000025095C42F2A440C2F20040F9F744F9E0
:105E0000B0B101203070357270E000BF48F20C1163
:105E1000C0EBC000C0F601010022002531F82010BF
:105E200040F2E840C2F20040ECF7B2FB0028E8D1B3
:105E3000F0790130F071D2E748F20C11C0EBC000EC
:105E4000C0F60101327A31F8201040F2E840C2F287
:105E50000040DAB3ECF7B0FC02283ED0002841D174
:105E6000F0790130F07100203072B8E740F2E8407C
:105E70000BABC2F2004005212246ECF705FC60B3F3
:105E800040F2E8406B46C2F2004007212246ECF7A0
:105E9000FBFB10B39DF8460001281ED19DF81A00A7
:105EA00001281AD19DF84800012816D19DF81C0040
:105EB000012812D19DF83B0078B99DF80F0060B918
:105EC000072088E7F9F7E8FC02E000BFEDF720F8CB
:105ED000022802D030B901203072022016B0BDEC89
:105EE000028B70BD012030700020307204F164001C
:105EF0003062022016B0BDEC028B70BD00000000C5
:105F000010B58CB036A040F2BC14031D3449069184
:105F1000C2F200440ECB07910169CDE9093136A1E7
:105F2000089240690B9034480190D1E90102029037
:105F3000C86809690392CDE90401A06A0790E06886
:105F4000099042F2A44006AAC2F200402721F9F7C4
:105F500053FC28BB48F29820C0F60100D0E90E128D
:105F6000836A0693006B0890CDE90A12E06A0790F5
:105F7000E068099042F2A44006AAC2F2004028213B
:105F8000F9F73AFC60B9206B01902069039040F268
:105F9000E84001AAC2F200400521ECF7FDFE18B16D
:105FA00001200CB010BD00BF48F20C10C0F601007B
:105FB000D0E90C12806A0290CDE90412606B019066
:105FC0002069039040F2E84001AAC2F20040072194
:105FD000ECF7E2FE002818BF01200CB010BD00BF96
:105FE00000000000000000000000000000000000B1
:105FF0000000A0420000004000000000CDCC4C3E5C
:106000000000000000008C420000A03F00000000E3
:1060100040F204320023C2F20042C2E907014FF00D
:106020007E50106140F218009362C2F200409385E6
:10603000A2F801300121C2E90233C2E90C339363B3
:10604000A2F85E30C0E905330177C0E90D3380F86E
:106050003C100365A0F8543080F84C30C0E9103390
:1060600083640520C2E91533A2F85C3082F86230FF
:106070001075032082F83C0070470000000000000B
:1060800010B541F2F424C2F20044206890B3D0F875
:10609000801079B301680022A4F820230F220A623D
:1060A0008A6942F008028A61211D4FF48072F2F77A
:1060B0008FF9002818BF10BD206840F20F41C4F2CC
:1060C0000201D0F88000006888426FF0080113DCFC
:1060D0006F22C4F20202904224DC3F22C4F2020288
:1060E00090423BDC1022C4F2020290425ED0282291
:1060F00056E000BF012010BD40F26F42C4F2020220
:1061000090421BDC40F23F42C4F2020290422DDC7E
:1061100040F21042C4F20202904247D040F22842BC
:106120003EE000BF9F22C4F20202904228DC7022AF
:10613000C4F20202904239D0882231E040F29F42FC
:10614000C4F20202904223DC40F27042C4F2020226
:1061500090422BD040F2884222E000BF4022C4F29D
:106160000202904222D058221AE000BF40F2404280
:10617000C4F20202904219D040F2584210E000BF2F
:10618000A022C4F20202904210D0B82208E000BF60
:1061900040F2A042C4F20202904207D040F2B8425C
:1061A000C4F20202904218BF6FF00401026811406D
:1061B0000160002010BD000040F2BC10C2F200409F
:1061C000C178012918BF7047F0B581B042F2A444EC
:1061D0000021C2F20044A0F80510C0E903112046D6
:1061E000F9F7B2FB40F2E845C2F200452846ECF769
:1061F00007FF40F20846C2F200463046EBF760F86F
:10620000F0F73EFA074620463946F9F711FA2846D4
:106210003946ECF7E5FC3046394601B0BDE8F040C0
:10622000EAF7EABE000000000169D0E90132D1F8C6
:1062300004C09A608445536008BF4A60002202612E
:106240000868013808600868704700000000000016
:1062500043F2C853C2F20143036043F2C810C2F2D2
:10626000014008604FF4807010607047000000002B
:1062700043F62463C2F20143036043F22460C2F296
:10628000014008604FF4007010607047000000008B
:106290007047000000000000704700000000000090
:1062A00002464FF0FF3142F8081F00214260C0E96A
:1062B0000322016070470000002101617047000067
:1062C00010B5D1F800C01CF1010213D000F1080490
:1062D00062681368634511D853681C68644511D817
:1062E0005A68146864450FD85468A6462368634505
:1062F000EED90BE00269D2F804E007E096462246A8
:1063000004E000BF9E4601E096461A46C1F804E04C
:10631000CEF808108A60516008610168013101609F
:1063200010BD000000000000D0F800C043684B60C2
:106330009A688A609960516008610CF101010160FE
:106340007047000000000000DFF80C00016841F415
:10635000700101607047000088ED00E0000000005F
:106360004FF0500080F31188BFF36F8FBFF34F8F52
:1063700040F21400C2F200400168002901F101015D
:10638000016001D0704700BF4EF60450CEF200000D
:106390000068000608BF70474FF0500080F3118876
:1063A000BFF36F8FBFF34F8FFEE7000000000000C8
:1063B00040F21400C2F20040016839B101390160B5
:1063C00018BF7047002080F3118870474FF05000CD
:1063D00080F31188BFF36F8FBFF34F8FFEE700008C
:1063E000B0B5002808BFB0BD50F8041C002909D47E
:1063F0004FF0500080F31188BFF36F8FBFF34F8FC2
:10640000FEE700BFA0F1080422684AB14FF0500037
:1064100080F31188BFF36F8FBFF34F8FFEE700BF8C
:1064200021F0004140F8041C054600F089FB40F2D1
:10643000901C55F8041CC2F2004C0CF11402DCF85C
:1064400004000844CCF804001068A0420AD2026894
:10645000A24213D21068A04204D202680346A242AC
:10646000F2D301E01346024658681D18A5420AD02F
:10647000601890420DD0104613E000BF03465868E4
:106480001D18A542F4D101441C4659606018904281
:10649000F1D1DCF80000824203D0D2E900021144BD
:1064A0006160A342206018BF1C60DCF8100001305E
:1064B000CCF81000BDE8B04001F022B900000000A7
:1064C0004EF210000021CEF2000044F6D352C1F289
:1064D00062020160816040F20801C2F20041096875
:1064E000A1FB02124FF0FF3101EB92114160072135
:1064F000016070470000000040F2AC10EFF305812E
:106500001029C2F2004011D34EF2F032CEF2000256
:10651000895C0278914209D24FF0500080F31188D3
:10652000BFF36F8FBFF34F8FFEE700BF4EF60C51E6
:10653000CEF200010968406801F4E061814298BF31
:1065400070474FF0500080F31188BFF36F8FBFF397
:106550004F8F00BFFEE7000000286BD0002908BF66
:106560007047B0B543F68062C2F201425368984268
:106570006AD0D36898426DD05369984272D0D3697B
:10658000984277D0536A984200F07C80D36A984250
:1065900000F08080536B984200F08480D36B984267
:1065A00000F0888015464FF0000CD2F800E055F856
:1065B000084F002C144618BF6546BEF1000F08BFF7
:1065C000154654F8103F002B134618BF6446002DA3
:1065D00018BF2C4653F8185F002D154618BF6346A8
:1065E000002C18BF234655F8204F002C144618BF26
:1065F0006546002B18BF1D4654F8283F002B134654
:1066000018BF6446002D18BF2C4653F8305F002D8C
:1066100018BF6346002C18BF2346002B4CD152F8FC
:10662000383F002B134608BFC3E90010BDE8B04057
:10663000704700BF4FF0500080F31188BFF36F8F99
:10664000BFF34F8FFEE700BF1346C3E90010BDE85C
:10665000B040704702F10803C3E90010BDE8B04044
:10666000704700BF02F11003C3E90010BDE8B0405D
:10667000704700BF02F11803C3E90010BDE8B04045
:10668000704700BF02F12003C3E90010BDE8B0402D
:10669000704700BF02F12803C3E90010BDE8B04015
:1066A000704700BF02F13003C3E90010BDE8B040FD
:1066B000704700BF02F13803C3E90010BDE8B040E5
:1066C000704700000000000070B515460E460446F5
:1066D000FFF746FE94F84400FF280DD094F84500DB
:1066E000FF2810D0FFF764FEA06BA0B12046BDE8E4
:1066F0007040FFF769B800BF002084F8440094F8A8
:106700004500FF28EED1002084F84500FFF750FE39
:10671000A06B0028EAD104F1240031462A4600F09B
:106720002FF92046BDE87040FFF74EB8000000008A
:10673000F0B581B0002839D040F2E004C2F2004444
:10674000216949B14FF0500080F31188BFF36F8F7A
:10675000BFF34F8FFEE700BF216942F240060131CF
:106760002161C2F200466569074631680431084676
:10677000FFF75AFD3068ED19456009D3E0693168CB
:106780000431FFF79DFD00F0BBFF68B90EE000BFCC
:10679000A06931680431FFF793FDE06A854238BF94
:1067A000E56200F0ADFF08B101B0F0BD4EF6045057
:1067B0004FF08051CEF200000160BFF34F8FBFF366
:1067C0006F8F01B0F0BD0000F0B581B00446FFF757
:1067D000C7FD42F24006002CC2F2004608BF3468F2
:1067E000251D2846FFF720FDA06A18B104F1180006
:1067F000FFF71AFD40F2E007C2F2004738680130A7
:1068000038603068844209D0B8680138B860B86927
:10681000006888B1B869C06800680FE007F1380007
:106820002946FFF781FD786801307860FFF7C0FDE9
:106830003068844208D114E04FF0FF30F862FFF76F
:10684000B7FD306884420CD094F85900022808D073
:10685000012803D0C0B9206BFFF7C2FD2046FFF727
:10686000BFFDF86810B13068844201D001B0F0BDBE
:10687000386998B14FF0500080F31188BFF36F8FE3
:10688000BFF34F8FFEE700BF4FF0500080F3118839
:10689000BFF36F8FBFF34F8FFEE700BF4EF604507C
:1068A0004FF08051CEF200000160BFF34F8FBFF375
:1068B0006F8F01B0F0BD000040F2E001C2F2004174
:1068C0004A6B0260496941607047000000000000A7
:1068D00040F2E0000121C2F2004041627047000036
:1068E000F0B581B000B342F240060C46C2F2004659
:1068F00031681831FFF7E4FC40F2E005C2F20045D0
:106900006F6930680430FFF78FFC601C16D0306868
:10691000E419446026D3E8693168043101B0BDE868
:10692000F040FFF7CDBC00BF4FF0500080F311885E
:10693000BFF36F8FBFF34F8FFEE700BF3068316842
:1069400032683368376855F8606F6C6884607D61C1
:10695000A068C860111D4160181DA060701C2860EF
:1069600001B0F0BDA86931680431FFF7A9FCE86AFD
:10697000844238BFEC6201B0F0BD000000000000AE
:106980002DE9F041A0B342F240071546C2F200479C
:106990008846416840F2E0063A68C2F20046D1619A
:1069A0008A683B681A623B68183353603A68183249
:1069B0008A603968886201680131016074693868E9
:1069C0000430FFF731FCEDB1386839683A683B684C
:1069D0003F6856F8605F746884607E61A068C86034
:1069E000111D4160181DA060681C3060BDE8F08179
:1069F0004FF0500080F31188BFF36F8FBFF34F8FBC
:106A0000FEE700BF386814EB0804446006D3F06961
:106A100039680431BDE8F041FFF752BCB06939680C
:106A20000431FFF74DFCF06A844228BFBDE8F081D5
:106A3000F462BDE8F081000070B588B0002005A9BF
:106A4000CDE9050006A804AAFFF702FC059E002E6A
:106A500048D0069C002C4FD0049D5C2007900798DE
:106A60005C2853D107985C212046E9F7EAFD2663AC
:106A7000022084F8590007A800210023CDE9001066
:106A800045F2A9202BA1C0F601002A460294FEF788
:106A90004FFC2046FEF7B0FA40F2E0040798C2F23D
:106AA0000044A062B0B100F0CBFE411C38D00128F8
:106AB00010D14FF0500080F31188BFF36F8FBFF3F8
:106AC0004F8F4FF0FF30E0620120E06000206061F6
:106AD00000F0FEF848F23830C0F60100006808B057
:106AE00070BD00BF4FF0500080F31188BFF36F8F6F
:106AF000BFF34F8FFEE700BF4FF0500080F31188C7
:106B0000BFF36F8FBFF34F8FFEE700BF4FF0500012
:106B100080F31188BFF36F8FBFF34F8FFEE700BF85
:106B20004FF0500080F31188BFF36F8FBFF34F8F8A
:106B3000FEE700BF49444C45000000000000000093
:106B400040F2E000C2F2004001690131016170478A
:106B500070B540F2E004C2F20044206910B1012097
:106B6000606270BD42F240060020C2F200466062E0
:106B70003068006B0168B1F1A53F0BD14168B1F1FC
:106B8000A53F07D18168B1F1A53F03D1C068B0F13D
:106B9000A53F04D0306831683431FFF77DFB206AAF
:106BA00042F24401C2F2004100EB800251F822306F
:106BB00001EB820253B1516802F108034968516048
:106BC00099421FD0C9683160206270BD283AF8B17F
:106BD00000EB8003556901EB83031DBB012817D02F
:106BE00015681DBB022813D052F8145C15BB03288E
:106BF0000ED052F8283C0438002BA2F15002E6D007
:106C00002832D8E7D1685160C9683160206270BD10
:106C10004FF0500080F31188BFF36F8FBFF34F8F99
:106C2000FEE700BFA3F114020138C4E7A3F1280274
:106C30000238C0E7A3F13C020338BCE700000000C3
:106C400000283FD002460068E0B390F81032012BD4
:106C500038D192F94C300122002B31D4B0EEC01A59
:106C60009FED192AB4EE421AF1EE10FA28DC80B535
:106C700084B090F80FE2002202920DF1040C8DF81E
:106C8000081010EE101A43EA0E2242F0905E7022B5
:106C90008DF809200CF104028DF80C100B0A8DF808
:106CA0000D300B0C090E8DF80F107146CDF804E075
:106CB0008DF80E30F8F7ACFF024604B0BDE8804016
:106CC0001046704701207047FFFF7F7F00000000E3
:106CD000B0B584B04EF200404CF27021CEF200000C
:106CE000C4F20F114B1CD0F800299A420AD14FF080
:106CF000500080F31188BFF36F8FBFF34F8F00BF39
:106D0000FEE700BFD0F800298A4209D14FF05000B9
:106D100080F31188BFF36F8FBFF34F8FFEE700BF83
:106D20000021019101788DF80B10FF21017001788D
:106D30008DF803109DF8031011F0500240F2AC11D1
:106D4000C2F200410A700BD09DF8032002F05002FD
:106D5000502A0FD19DF90320B2F1FF3F48DC1FE01C
:106D60004FF0500080F31188BFF36F8FBFF34F8F48
:106D7000FEE700BF4FF0500080F31188BFF36F8F24
:106D8000BFF34F8FFEE700BF019A013201929DF8D9
:106D9000032052008DF803209DF90320002A27D5F7
:106DA000019A013201929DF8032052008DF80320D0
:106DB0009DF90320B2F1FF3F1ADC019A01320192E2
:106DC0009DF8032052008DF803209DF90320B2F1B5
:106DD000FF3FDFBF019A013201929DF80320DFBF20
:106DE00052008DF803209DF90320B2F1FF3FCBDD67
:106DF000019A0024082A4FF0000206D0019A4FF4AD
:106E0000E063A3EB022202F4E0624A609DF80B10FB
:106E10000170D0F8201941F47F01C0F82019D0F892
:106E2000201941F07F41C0F82019FFF749FB40F2DB
:106E30001405C2F200452C60FFF786FA4EF6347056
:106E4000CEF20000016841F040410160FEF7F0FA27
:106E5000FFF77EFE039428684FF0500181F31188FC
:106E6000BFF36F8FBFF34F8F013003D0FEE700BF3A
:106E7000039838B9039828B90398002804BF0398E9
:106E80000028F5D0002004B0B0BD000000000000D4
:106E900080B54FF0500080F31188BFF36F8FBFF3C0
:106EA0004F8F00F0F9FA30B14EF604504FF0805198
:106EB000CEF200000160002080F3118880BD000048
:106EC00070B582B073B118B101B90AB9A1B19AB95C
:106ED0004FF0500080F31188BFF36F8FBFF34F8FD7
:106EE000FEE700BF4FF0500080F31188BFF36F8FB3
:106EF000BFF34F8FFEE700BF50250195019D502D38
:106F000018D1019DA0FB01454FF0010C002983F829
:106F100046C008BF1A461A60C3E90F01A5B14FF079
:106F2000500080F31188BFF36F8FBFF34F8F00BF06
:106F3000FEE700BF4FF0500080F31188BFF36F8F62
:106F4000BFF34F8FFEE700BF069E1C46FFF708FA0F
:106F5000D4E90F012268002501FB0023013800FB62
:106F60000120A5636260C4E90230FF2084F8440078
:106F700084F8450004F11000FFF792F904F12400B1
:106F8000FFF78EF9FFF714FA84F84C60204602B040
:106F900070BD0000000000002DE9F04F83B00292A8
:106FA00090B104461546002948D00E4600F050FA2C
:106FB000A0B99DB14FF0500080F31188BFF36F8FDF
:106FC000BFF34F8FFEE700BF4FF0500080F31188F2
:106FD000BFF36F8FBFF34F8FFEE700BFFFF7C0F91E
:106FE000D4F838A0BAF1000F36D0226C52B1D4E9EF
:106FF0000231114430469942E16001D32168E160D9
:10700000E9F7A0FAAAF10100A06354F8100F70B1DB
:10701000204600F001FB50B14EF604504FF0805175
:10702000CEF200000160BFF34F8FBFF36F8F0124DA
:10703000FFF7BEF9204603B0BDE8F08F206C0028B2
:10704000B3D04FF0500080F31188BFF36F8FBFF3C0
:107050004F8F00BFFEE700BF0298002800F0B48009
:107060006846FFF729FCFFF7A3F9FFF769FDFFF773
:1070700077F994F84400FF2802D1002084F84400F6
:1070800094F8450004F12408FF2802D1002084F878
:107090004500FFF78DF9684602A900F09DF878B128
:1070A0002046FEF791FB00F02BFBFFF759F9A56B8B
:1070B000FFF77EF92DBB0024204603B0BDE8F08F1A
:1070C000FFF74EF9A56BFFF773F92DB12046FEF7D8
:1070D0007BFB00F015FB14E002994046FFF700FC33
:1070E0002046FEF771FB00F00BFB50B94EF6045042
:1070F0004FF08051CEF200000160BFF34F8FBFF31D
:107100006F8FFFF72DF9D4F838A0BAF1000F7FF494
:107110006CAF4FF00009EB4602AF13E02046FEF7DC
:1071200053FB00F0EDFAFFF71BF9A56BFFF740F9F1
:10713000002DC0D0FFF714F9D4F838A0BAF1000F31
:107140007FF453AF029800283ED0FFF731F9FFF7E4
:10715000F7FCFFF705F994F84400FF2808BF84F80E
:10716000449094F84500FF2808BF84F84590FFF745
:107170001FF95846394600F02FF80028CED1FFF706
:10718000EFF8A56BFFF714F935B12046FEF71CFBAD
:1071900000F0B6FACEE700BF02994046FFF7A0FB29
:1071A0002046FEF711FB00F0ABFA0028C2D14EF6E4
:1071B00004504FF08051CEF200000160BFF34F8FBA
:1071C000BFF36F8FB6E700BF0024FFF7F1F820464A
:1071D00003B0BDE8F08F0000B0B548B30C4689B3EA
:1071E0000546FFF7BDF840F2E00CC2F2004CDCF8B7
:1071F00014302268501C37D0AE46D5E90050DCF878
:107200003410A94201D0834226D2181A824223D9CF
:10721000101A2060DCF83400CEF80000DCF814000E
:10722000CEF804000024FFF7C3F82046B0BD00BF2D
:107230004FF0500080F31188BFF36F8FBFF34F8F73
:10724000FEE700BF4FF0500080F31188BFF36F8F4F
:10725000BFF34F8FFEE700BF002020600124FFF73F
:10726000A7F82046B0BD00BF0024FFF7A1F82046D4
:10727000B0BD0000000000002DE9F04F83B00746CC
:107280009000984615468946FEF7DEFAF8B10446A6
:107290005C20FEF7D9FAB8B15C210646DDE90CBAEC
:1072A000E9F7CFF9384649462A4643463463CDE9E3
:1072B00000BA0296FEF73CF83046FDF79DFE01202D
:1072C00003B0BDE8F08F00BF2046FFF789F84FF00C
:1072D000FF3003B0BDE8F08F2DE9F04786B00F9F77
:1072E00047B3109C84B35C260496049E5C2E35D173
:1072F000049E88465C2106462046DDF838A0994663
:107300001546E9F79EF92763022084F8590005A87D
:10731000CDE90104304641462A464B46CDF800A04F
:10732000FEF706F82046FDF767FE059806B0BDE8B3
:10733000F08700BF4FF0500080F31188BFF36F8FCC
:10734000BFF34F8FFEE700BF4FF0500080F311886E
:10735000BFF36F8FBFF34F8FFEE700BF4FF05000BA
:1073600080F31188BFF36F8FBFF34F8FFEE70000EC
:10737000F0B581B080B1C9B140F2E005C2F200457C
:107380002A69EAB14FF0500080F31188BFF36F8F84
:10739000BFF34F8FFEE700BF4FF0500080F311881E
:1073A000BFF36F8FBFF34F8FFEE700BF4FF050006A
:1073B00080F31188BFF36F8FBFF34F8FFEE700BFDD
:1073C0002A6901322A616A6903689A421944016094
:1073D00006D299424FF0000426D2914206D823E00B
:1073E000994203D3914201D800241DE042F24004A7
:1073F0006E69C2F200448F1A20680430FEF714FF51
:107400002068F619466005D3E86921680431FEF763
:1074100057FF08E0A86921680431FEF751FFE86AC8
:10742000864238BFEE62012400F06AF910B12046AE
:1074300001B0F0BD4EF604504FF08051CEF2000086
:107440000160BFF34F8FBFF36F8F204601B0F0BDD7
:1074500040F2E000C2F20040C16829B10069B0FA10
:1074600080F0400940007047012070470000000094
:1074700040F2E000C2F200404069704700000000A6
:1074800080B5FFF739F840F2E000C2F200404069F1
:1074900080BD0000000000002DE9F04740F2E00A46
:1074A000C2F2004ADAF8100040B1DAF830000130D8
:1074B000CAF830000020BDE8F08700BFDAF81400F9
:1074C00010F10109CAF8149028D3DAF818000068FE
:1074D00050B14FF0500080F31188BFF36F8FBFF3AE
:1074E0004F8F00BFFEE700BFDAF81800DAF81C3053
:1074F000CAF81830CAF81C00DAF834000130CAF8AB
:107500003400DAF81800006820B1DAF81800C06812
:10751000006801E04FF0FF30CAF82C00DAF82C00C8
:1075200042F2400C42F244088145C2F2004CC2F2E1
:10753000004801D200205BE0DAF818004FF0000E9E
:10754000006800284CD0002021E000BFE66ADAF88D
:1075500020108E4206EB860188BFCAF8206008EB37
:10756000810262615368A3609F68E7609D607D60EF
:1075700058F82120013248F82120DCF80010C96AAF
:10758000DAF818208E4288BF0120116861B3DAF85A
:107590001840E468E468254655F8046FB14525D3E2
:1075A0006669D4E9023772689F60AA427B6008BFAF
:1075B00077603268013A3260A66A002EC6D0D4E9FC
:1075C000072704F118037168976099427A6008BF31
:1075D0007760C4F828E0316801393160B6E700BF50
:1075E0004FF0FF36002001E04FF0FF36CAF82C6064
:1075F000DCF80010C96A01EB810158F8211001295B
:1076000088BF0120DAF82410002918BF0120BDE846
:10761000F087000000000000C068C06850B370B57B
:10762000816A00F1180ED0E90723D1F804C09360F5
:10763000F4455A604FF0000208BF4B60826240F28E
:10764000E00C0A68C2F2004C013A0A60DCF8101043
:10765000D1B1614651F84C2F81624B68C361013250
:107660009C680462C3F808E0C4F804E00A60C36AD6
:1076700035E000BF4FF0500080F31188BFF36F8FEB
:10768000BFF34F8FFEE700BF436900F1040ED0E95E
:1076900002215C68916074454A6042F2440208BF6E
:1076A00059601968C2F2004201391960C36ADCF8F6
:1076B00020108B4203EB830188BFCCF8203002EB13
:1076C0008104446165688560AE68C660C5F808E0FD
:1076D000C6F804E052F82100013042F8210042F2DD
:1076E0004000C2F200400068C06A8342BDE87040BA
:1076F00004D90120CCF82400704700BF0020704757
:107700002DE9F04381B040F2E004C2F20044206968
:1077100070B1FEF725FE206901382061206988B12B
:107720000024FEF745FE204601B0BDE8F08300BF0F
:107730004FF0500080F31188BFF36F8FBFF34F8F6E
:10774000FEE700BFA0680028EAD0E06C002854D013
:1077500042F2440942F240084FF0000EC2F20049E2
:10776000C2F200484FF0010CA06DC36803F1180786
:10777000986AD3E907654268BA42B5606E6008BF8F
:107780004560C3F828E00268013A0260181D5D698F
:10779000D3E902266F6887429660726008BF6E6008
:1077A0002A68013A2A60DD6A226A954205EB850261
:1077B00088BF256209EB82065E6177689F60B968C1
:1077C000D960B860486059F82200013049F82200B9
:1077D000D8F80000C06A854288BFC4F824C0E06CB5
:1077E0000028C1D1A069006820B1A069C068006804
:1077F00002E000BF4FF0FF30E062256B4DB1012683
:10780000FFF74AFE002818BF6662013DF8D100204C
:107810002063606A00283FF483AF4EF604504FF0B7
:107820008051CEF2000001240160BFF34F8FBFF3FF
:107830006F8FFEF7BDFD204601B0BDE8F08300006C
:1078400070B586B0FEF78CFD40F25416C2F20046C9
:10785000306808BB06F114042046FEF721FD06F14E
:1078600028052846FEF71CFD41F6507241F6F073DC
:10787000C2F20042C2F200430A201021C6E90245CA
:1078800000250095FFF71CFB306028B148F232312B
:10789000C0F60101FEF760FEFEF78AFD3068D8B140
:1078A000002004A9CDE9040005A803AAFEF7E0FC26
:1078B000DDE9032002210023CDE9001045F29940C3
:1078C0000AA1C0F60100059D0295FFF705FD706055
:1078D00010B1012006B070BD4FF0500080F3118848
:1078E000BFF36F8FBFF34F8FFEE700BF546D722061
:1078F000537663004100080218BF04200A0E18BF27
:1079000040F001004FF07F4232EA010108BF40F031
:107910000200012808BF05207047000010EE101A71
:1079200008B5444A6846B2EB410F28D94FF0E6400B
:10793000B0EB410F94BF00204FF0FF300090009853
:10794000002861DB60EE000A10F0010F45D010F056
:10795000020FDFED391A9FED391A00EEA11ADFEDA3
:10796000381A40EE811A21EEA01AF0EE400A40EEDD
:10797000010A08BFF1EE600AB0EE600A08BD314BA3
:1079800021F0004293423CD911F0004FDFED2E0A66
:1079900020EE201ADFED2D0A19BF31EE601A71EECC
:1079A000200A31EE201A71EE600ABDEEE01A11EEE7
:1079B000100A9FED271A00F0030000EEC10A9FEDA8
:1079C000251A009000EEC10A9FED231A00EEC10AAD
:1079D0009FED221A00EEC10AB1E79FED211A9FED3B
:1079E000210A10F0020F00EE810A9FED1F1A00EE2F
:1079F000801AB7EE000A00EE810A18BFB1EE400A05
:107A000008BD00F067F99AE710EE100A4000B0F1E7
:107A10007F4F3CBFB7EE000A08BD07D14FF0010011
:107A2000E8F760FEBDE8084000F044B9BDE8084052
:107A300000F03CB9B61F927E336D4CB9DA82083C37
:107A4000A0AA2ABE490E494683F9223F0000004BF6
:107A50000000C93F00A0FD390020A2331A61342C78
:107A6000B93AB2BACA9F2A3DDDFFFFBE10B52DED6F
:107A7000028BF0EE408A18EE900AB0EE608A20F099
:107A80000040C0F1FF40C00F07D118EE100A20F0EF
:107A90000040C0F1FF40C00F2BD018EE101A18EEB6
:107AA000900A00F015FA00EE100A10EE100A6FEAC4
:107AB000D05010F0FF0F04BFBDEC028B10BD18EECC
:107AC000900A00F0004110EE100A00F000408142E0
:107AD00004BFBDEC028B10BD18EE101A10EE100A98
:107AE000BDEC028B61F31E0000EE900A30EE600ADE
:107AF00010BD18EE900A4FF07F41B1EB400F1CBF54
:107B000018EE100A5FEA4000C7D10120E8F7EAFD4D
:107B1000BDEC028BBDE8104000F0CCB800B510EE13
:107B2000101A2DED028B81B0524A6846B2EB410F1C
:107B30002ED94FF0E640B0EB410F94BF00204FF03C
:107B4000FF3000900098B0EE408A00286ADB10F009
:107B5000010F4BD068EE080A9FED471A9FED470AC8
:107B600000EE810A9FED461A10F0020F00EE801A17
:107B7000B7EE000A00EE810A02BF01B0BDEC028B35
:107B800000BD00BF01B0B1EE400ABDEC028B00BDEC
:107B90003C4B21F00042934241D911F0004FDFED00
:107BA0003A0A20EE201ADFED390A19BF31EE601AC9
:107BB00071EE200A31EE201A71EE600ABDEEE01A75
:107BC00011EE100A9FED321A00F0030000EEC10A18
:107BD0009FED301A009000EEC10A9FED2F1A00EEC3
:107BE000C10A9FED2E1A00EEC10AABE728EE080A83
:107BF0009FED2B1ADFED2B0A10F0020F40EE010A69
:107C00009FED291A00EE201A61EE000AB0EE480A34
:107C100008EE200AB6D101B0BDEC028B00BD00F029
:107C200059F88FE718EE100A4000B0F17F4F0DD2DF
:107C300018EE100AFFF75EFE042808BF00F042F8B5
:107C4000B0EE480A01B0BDEC028B00BD09D10120A5
:107C5000E8F748FD01B0BDEC028B5DF804EB00F0E5
:107C600029B801B0B0EE480ABDEC028B5DF804EB18
:107C700000F01CB8B61F927EB93AB2BACA9F2A3D2C
:107C8000DDFFFFBE490E494683F9223F0000004B4D
:107C90000000C93F00A0FD390020A2331A61342C36
:107CA000336D4CB9DA82083CA0AA2ABE30EE000A35
:107CB00070470000DFED020A80EEA00A7047000066
:107CC000000000009FED020A20EE000A704700004D
:107CD000000000102DE9F0014FF07F42B2EB410FA0
:107CE0009FBF4FF0FF310160BDE8F00170474FF0DA
:107CF000004242EA0123C1F3C752783A551112F00B
:107D00001F0C434CCCF120067C44C1F3C752A2F1B6
:107D100078024FEA621204EB820254F8254008BF51
:107D2000D2E9015612D0556804FA0CF425FA06F788
:107D30003C43976805FA0CF527FA06F8D26807FA6B
:107D40000CFCF24045EA08054CEA0206A4FB034C91
:107D5000A5FB0352A6FB03631D449D4234BF0126CD
:107D600000261319334416B1934202D903E093421B
:107D700001D2012200E00022624402F1200C9206AE
:107D8000DC0C42EA443200EE102A5B03DFED210AEC
:107D9000F8EEC01A00EE103A4FEA9C1C11F0004FAA
:107DA000B8EE400AC0F800C020EE201A00EE105ACB
:107DB000DFED190AB8EE400A20EE200A71EE810AC2
:107DC00070EE800A10EE902A02F500626FF30B024B
:107DD00000EE902A70EEE11A31EEC11ADFED101AB2
:107DE00030EE411A9FED0D0A20EE800A01EE210AC5
:107DF0009FED0C1A00EE810A04BFBDE8F001704748
:107E0000CCF180510160BDE8F001B1EE400A70474D
:107E1000B8020000000000360000802C22AAFD29D4
:107E2000DB0FC92F0000C92F0EF1020E2EF0030E3A
:107E30005EF8044B244204D44FEA4102B2F17F4F72
:107E400011D84FEA4003B3F17F4F0CD80ED14FEA5F
:107E5000D07C0CEB4C0C0CF1020CB2F17F4F08BF44
:107E60004CEBD17C04E04FF0080C01E04FEAD17CF0
:107E70000CEB4C0324FA03F404F00704B4F1040CF3
:107E800006D20EEB840CBDE810404CF0010C6047AC
:107E9000DFE80CF0070802024FF00040A0F5800078
:107EA00010BD0846420018BFD2F1807288BF00F0B2
:107EB000004010BDF1EE100A4FF6FF71C0F2C03164
:107EC00020EA010040F04070E1EE100A7047000027
:107ED0004FF07F4C3CEA410318BF3CEA400200F0FF
:107EE00062804FF47F0C0CEAD11310F0004F18BFE2
:107EF00043F005031CEAD01218BF13EA0C0F00F080
:107F000057804FF0004C4CEA00204CEA0121A3F5C9
:107F100080339A4210DD23F00203B0F1004F06D304
:107F200043F00203401ABCBF404283F001034FEA12
:107F30004000A2F58032ECE74FEA224CBCEB234F25
:107F400008DB884206D31CD0A0EB4100C0F1000042
:107F500083F0010340001DD217D40DD0B0FA80FC8D
:107F60000CF1010C00FA0CF0A2EB0C42D2F1000C67
:107F700012DB4FEAC37070474FEA437000F00040D5
:107F8000704713F0020FE5D0DEE74FEA4000B2F58C
:107F90008032EBDD002AE9DD4FEAC21242EA5020CE
:107FA00040EAC370704710B5FFF73EFFEDFFFF3E9C
:107FB0001CEAD11F02D000F0004070470048704713
:107FC0000000C07F000000006E83F9A22915444E16
:107FD000D15727FCC0DD34F5999562DB4190433CD5
:107FE000AB6351FE00000000000000000000000034
:107FF000000000000000000001000000020000007E
:108000000300000004000000000000000500000064
:10801000000000000000000000000000060000005A
:108020000000000000000000000000000700000049
:108030000004081020400104081020400000000047
:1080400001020304010203040607080901000200FB
:108050000400060008000A000C0010002000400088
:10806000800000010D8301080000000000000000F6
:1080700000000000000000000010000020000000D0
:108080000000000000000000571500000000000084
:10809000A00F0000000020412B1500000000000090
:1080A000A00F000000002041431500000000000068
:1080B000A00F0000000020413B1500000000000060
:1080C000A00F000000002041048301080000000010
:1080D000000000000000000000000000000C000094
:1080E0002800000000000000000000000001020362
:1080F00004050607080C1014182030400101010384
:108100000701000008040204080101010500150030
:108110000501000000000000CDCC4C3E0000000036
:1081200000008C420000A03F0700170007FF00007E
:1081300000000000CDCC4C3E0000000000008C424E
:108140000000A03FFD000000FC82010804000000C8
:10815000AA06010D0004AA03020D0004AA0A010DDB
:108160000004AA0D01050D05AA01130D0004AA01C2
:10817000140D0004AA01150D0004AA01160D000437
:10818000AA01070D0004AA06000D000419830108C6
:1081900000000000000000000000000000000000DF
:1081A000001000002000000000000000000000009F
:1081B00001FF000000000000000034420000000049
:1081C0000000A04002010000000000000000344256
:1081D000000000000000A04000FF0000EC51B83E8D
:1081E00001FF0000666626400001000052B81E40F4
:1081F00001FF0000CDCCCC3F00FF0000EE7CBF3E75
:1082000001FF0000B6F39D3E00010000C3F52840C9
:1082100001FF00006666264000FF0000B81E053F13
:1082200001FF0000CDCCCC3F0001000062102840CF
:1082300001FF0000B6F39D3E01010000CDCCCC3F14
:108240000001000052B81E40010100006666264091
:1082500000FF0000EC51B83E01010000CDCC6C40A5
:10826000000100000000003F01010000CDCCCC3F28
:1082700000FF0000B81E053F0101000066662640B1
:1082800000010000C3F5284001010000CDCC6C4086
:1082900000FF000000002040270100000A0000004D
:1082A00000000000000000000000000000000000CE
:1082B0000000A0420000004028FF00000A0000006B
:1082C00000000000000000000000000000000000AE
:1082D0000000A042000000402283010800000000CE
:1082E000000000000000000000000000000400008A
:1082F000180000000000000000000000150017003A
:1083000001020202636F6D6D5461736B00636861FB
:10831000737369735461736B006C69667454617331
:108320006B007374617274757052656D696E64650B
:108330007200546D72510000370000006083010824
:10834000000000247000000030030008D083010802
:10835000700000245050010050030008000000008D
:1083600001000000100000000090D0030090D00336
:10837000FF000000AAAAAAAACDCCCC3E00000000B3
:108380000000000000000041000048440000000020
:108390000000000001000000CDCC4C3F00000000B8
:1083A00000000000000040410000C8420000000042
:1083B00000000000010000000000000000000000BC
:1083C00000000000000000000000000000000000AD
:04000005080002CD20
:00000001FF
