:020000040800F2
:10000000B85001249903000899C10008019E000816
:1000100091C10008E10E0008292E0108000000002F
:1000200000000000000000000000000001F40008D3
:10003000F128000800000000A1D7000831FB0008EB
:10004000B7030008B7030008B7030008B7030008A8
:10005000B7030008B7030008B7030008B703000898
:10006000B7030008B7030008B70300089120000891
:10007000A1200008B1200008C1200008D1200008FC
:10008000E1200008F1200008B7030008D13800087B
:10009000E1380008B7030008B7030008B7030008F9
:1000A000B7030008B7030008B7030008B703000848
:1000B000B7030008B7030008B7030008B703000838
:1000C000B7030008B7030008B7030008B703000828
:1000D000B7030008691B0108B7030008B70300084D
:1000E000B7030008B703000800000000B7030008CA
:1000F000B7030008B7030008B70300080121000890
:10010000B7030008B7030008B7030008B7030008E7
:1001100071FE0008B7030008E9FC0008B7030008F7
:100120001121000821210008312100084121000887
:10013000B7030008B7030008B7030008B7030008B7
:1001400000000000000000000000000000000000AF
:10015000B7030008B7030008B7030008791B0108BC
:10016000B7030008B7030008B7030008B703000887
:10017000B7030008B7030008B70300080000000039
:10018000B7030008B703000881FE000891FE0008CD
:10019000B7030008B7030008B7030008B703000857
:1001A000B7030008B7030008B70300080000000009
:1001B000B7030008B7030008B7030008B703000837
:1001C000B7030008B70300080000000000000000AB
:1001D0000000000000000000B7030008000000005D
:1001E000000000000000000000000000000000000F
:1001F0000000000000000000B7030008B70300087B
:10020000B7030008B703000800000000B7030008A8
:10021000B7030008B7030008B7030008B7030008D6
:10022000B703000800000000B7030008000000004A
:10023000B7030008B703000800000000B703000878
:10024000B7030008B7030008B7030008B7030008A6
:10025000B7030008B7030008B7030008B703000896
:10026000B7030008B7030008B7030008B703000886
:10027000B7030008B7030008B70300080000000038
:10028000B7030008B7030008B7030008B703000866
:1002900000000000B7030008B703000800000000DA
:1002A00000000000B7030008B7030008A1FE000823
:1002B000B7030008B7030008B7030008F1380008C7
:1002C000B7030008B7030008B703000800F002F8FE
:1002D00000F052F814A696E8000CB244B344DA4594
:1002E00001D100F049F8BAE80F000FA696E83000F7
:1002F000A5EB040504EB0607AAEB0704A7F1010729
:100300004FEA15154FEA3414A4F10104AC4201D3AD
:1003100000F032F813F0010F18BFFB1A43F001038D
:1003200000F001F8DBE71847C4680100E468010049
:10033000103A24BF78C878C1FAD8520724BF30C811
:1003400030C144BF04680C60704700007047000073
:100350000023002400250026103A28BF78C1FBD8CE
:10036000520728BF30C148BF0B6070471FB516F059
:10037000D3FA1FBD10B510BD00F0C2F91146FFF74A
:10038000F5FF13F051FA00F0E0F903B4FFF7F2FFC4
:1003900003BC00F0E3F900000A4880470A488047A0
:1003A0000A480047FEE7FEE7FEE7FEE7FEE7FEE756
:1003B000FEE7FEE7FEE7FEE705480649064A074B6B
:1003C00070470000A138000811FC0008CD020008A9
:1003D000B83E0124B8500124B8400124B84001249B
:1003E00053EA020C00F069802DE9F04B4FF0000653
:1003F000002B1FBFB3FA83F503FA05F424FA05F6C0
:100400005E4012BF1643B2FA82F502FA05F4C5F156
:1004100020051EBF22FA05FC44EA0C04203556EAEA
:10042000044C4FEA144418BF641C4FF000084FF00E
:100430000009904271EB030C39D3002919BFB1FABE
:1004400081F701FA07F6B0FA80F700FA07F6C7F16C
:1004500020071EBF20FA07FC46EA0C062037B6FB31
:10046000F4FCA7EB0507103F07F01F0BCBF12006AC
:100470002CFA06F60CFA0BFB44BFB3460026202FDD
:10048000A4BF5E464FF0000B5BEA060C08BF4FF0BE
:10049000010B19EB0B0948EB0608ABFB027C06FBD2
:1004A00002CC0BFB03CCC01B71EB0C01C1E70B466C
:1004B000024641464846BDE8F08B13B5084318BFD5
:1004C0004FF0FF300146AFF30080BDE81C4070479D
:1004D00053EA020C23D010B54C1084EA530404D51F
:1004E0004042C1F1000138BF491E1B4204D55242AF
:1004F000C3F1000338BF5B1EFFF772FF14F0804F9B
:1005000004D04042C1F1000138BF491E14F0004F31
:1005100004D05242C3F1000338BF5B1E10BD13B5B7
:1005200040424FF0000070EB0104B8BF012001F021
:10053000004100281CBF6FF000414FF0FF30AFF3C7
:1005400000801CBD032A40F2308010F0030C00F044
:10055000158011F8013BBCF1020F624498BF11F8FD
:1005600001CB00F8013B38BF11F8013BA2F10402B6
:1005700098BF00F801CB38BF00F8013B11F003032E
:1005800000F02580083AC0F0088051F8043B083A92
:1005900051F804CBA0E80810F5E7121D5CBF51F834
:1005A000043B40F8043BAFF30080D20724BF11F8AE
:1005B000013B11F801CB48BF11F8012B24BF00F813
:1005C000013B00F801CB48BF00F8012B704710B584
:1005D000203AC0F00B80B1E81850A0E81850B1E8FC
:1005E0001850A0E81850203ABFF4F5AF5FEA027C3B
:1005F00024BFB1E81850A0E8185044BF18C918C06B
:10060000BDE810405FEA827C24BF51F8043B40F80B
:10061000043B08BF7047D20728BF31F8023B48BFF0
:1006200011F8012B28BF20F8023B48BF00F8012B2E
:10063000704702F0FF0343EA032242EA024200F05D
:1006400024B84FF000020429C0F0128010F0030C0F
:1006500000F01B80CCF1040CBCF1020F18BF00F8B5
:10066000012BA8BF20F8022BA1EB0C0100F00DB864
:100670005FEAC17C24BF00F8012B00F8012B48BFC2
:1006800000F8012B70474FF0000200B51346944666
:100690009646203922BFA0E80C50A0E80C50B1F1DA
:1006A0002001BFF4F7AF090728BFA0E80C5048BFEE
:1006B0000CC05DF804EB890028BF40F8042B08BF8C
:1006C000704748BF20F8022B11F0804F18BF00F888
:1006D000012B704770477047704710B500F008F85D
:1006E000006810BD10B5044600F002F8046010BDAB
:1006F00000487047700000240048704770000024D4
:100700007546FFF7F9FFAE4605006946534620F0EF
:100710000700854618B020B5FFF74EFEBDE8204023
:100720004FF000064FF000074FF000084FF0000BAD
:10073000AC46ACE8C009ACE8C009ACE8C009ACE81C
:10074000C00921F007018D46704710B50446AFF38C
:1007500000802046BDE81040FFF717BE0149182071
:10076000ABBEFEE72600020070470000000000005C
:10077000082801D90120704707D140F2A031C2F208
:100780000041CA7A82F00102CA7240F21001C2F23C
:10079000004108700020704770B584B011F0A4FBD0
:1007A00040F2A035C2F2004518B1297B11B90021F1
:1007B000E9812873687B08B306F016F9697B044663
:1007C0004A1E0A2A00F24A82DFE812F00C00F80002
:1007D000C200D000AC003C014A01E4006801BA004C
:1007E0005A0100BF11F094FB002800F0368200206F
:1007F000E8732870A5F80D0004B070BD40F2100435
:10080000EFF31080C2F2004472B600284FF0FF00F0
:100810002678207002D0FF2E04D1A1E262B6FF2E0E
:1008200000F09E82072E69D0022E0BD111F024FB1E
:10083000002869D09FEDB50A11F022FC287004B0A1
:1008400070BD00BF11F050FB00285DD0082E00F2F3
:100850008782DFE816F00B005D0109003F018F0180
:100860009F0175015300B901E4E700BFA87B01288F
:1008700040F05981E87B012840F05581287A012811
:1008800001D100202872002E00F03E8240F2EC11CF
:100890009FEDDF2AC2F200410020686191ED000A5D
:1008A00091ED011A30EE023A91ED024A85ED063AD9
:1008B0009FEDD83A30EE030A9FEDD73A71EE030A66
:1008C0009FEDD63A91ED037A31EE025A34EE031AD7
:1008D000A86277EE031A85ED075A34EE026A37EE06
:1008E000022A85ED086A85ED092A12F095F900289B
:1008F000287040F03582022035E200BF11F044F943
:10090000287004B070BD00BFEFF3108072B621787C
:10091000FF2908BF2670002840F0228262B604B08A
:1009200070BD00BF11F098FC002800F096810020F7
:1009300028704FF40070A5F80D0004B070BD00BF22
:1009400011F036F9002800F088810120ACE000BFEA
:1009500011F082FC002800F0808111F041FC002899
:10096000287040F086800420ABE000BF11F004FA4C
:10097000022800F07281002840F09C809FEDBE0AA2
:10098000F0EE400A12F0C8F90028287071D1052055
:1009900097E000BF11F0F0F9022800F05E81002816
:1009A00040F088809FEDB50AF0EE400A12F074F82E
:1009B000002828705DD1092083E000BF684611F04F
:1009C0005FF9002800F0498195ED050AB5EE400A6F
:1009D000F1EE10FA12D19DED001A95ED062AB4EE53
:1009E000421AF1EE10FA09DB9DED011A95ED072A86
:1009F000B4EE421AF1EE10FA80F2F6800020D5ED46
:100A00000A0AF5EE400AF1EE10FA40F0FB809DED87
:100A1000021A95ED082AB4EE421AF1EE10FAC0F26D
:100A2000F1809DED031A95ED092AB4EE421AF1EE1C
:100A300010FAC0F2E7800020F0EE080AC4F240008D
:100A4000A862E0E011F008FC002800F00681002018
:100A500028704FF48070A5F80D0004B070BD00BF81
:100A600011F0A6F8002800F0F88011F081FB287042
:100A700030B30020687304B0BDE8704012F0C8B90C
:100A800011F046FA002800F0E88040F21001287CBE
:100A9000C2F2004180F00100487006E011F088F8D1
:100AA000002800F0DA800220E873002028706873C4
:100AB00004B070BD28700020687312F0A9F9CCE072
:100AC0000820687305F090FF41F288310844E8621D
:100AD000C3E000BFA87B012840F0818040F2EC1009
:100AE0009FEDAB2AC2F2004090ED000A90ED011A92
:100AF00030EE020A9FEDA72A71EE020A12F00CF9FD
:100B00000028287040F02C8103202CE10000B44321
:100B1000E87BA97BC0B2084305D1E87A18B96078B0
:100B200000287FF4ABAE287A012858D1E87980F00C
:100B30000100E871002028720120287004B070BD07
:100B4000E87B02284BD140F2EC109FED8D1AC2F2E7
:100B5000004090ED020A90ED032A30EE010A72EE99
:100B6000010A11F099FF0028287040F0F9800A204E
:100B7000F9E000BFA87B022831D19FED830ADFEDA9
:100B8000830A12F0C9F80028287040F0E980062096
:100B9000E9E000BFE87B012821D140F2EC109FED95
:100BA000791AC2F2004090ED020A90ED032A30EE6D
:100BB000010A72EE010A11F06FFF0028287040F060
:100BC000CF800720CFE000BFE87BE97AAA7BC0B2E4
:100BD000104355D081F0010000F00100E8720120BF
:100BE000287004B070BD00BFB1EE000A4FF0814024
:100BF00068610120D5ED0A0AF5EE400AF1EE10FA1F
:100C00003FF405AF60B111F0C7FF48B101202CE0FF
:100C100000004C420000064300000443000005436E
:100C200011F076F9C8B1B1EE000A95ED051AB4EEEF
:100C3000401AF1EE10FA10D1B0EE080A95ED0A1A3A
:100C4000B4EE401AF1EE10FA07D10120E87300204B
:100C500028704FF48070A5F80D00697B002900F022
:100C60007F80E86A201A7BD40320287000206873F4
:100C700012F0CEF804B070BD0000B4420000E6C22D
:100C8000CA073AD040F2EC130020C2F2004393EDC1
:100C9000000AB0EEC01AB0EE080AB4EE401AF1EE47
:100CA00010FA99DCB8EE081A93ED012AB4EE412A45
:100CB000F1EE10FA90DBB4EE402AF1EE10FA3FF7B5
:100CC0008BAF93ED022AB4EE412AF1EE10FAFFF653
:100CD00083AFB4EE402AF1EE10FA3FF77DAF93ED0B
:100CE000032AB4EE412AF1EE10FAFFF675AFB4EE26
:100CF000402AF1EE10FA3FF76FAF297422B39FED4F
:100D00001F0A0020607021E040F2EC109FED223AB3
:100D1000C2F2004090ED000A90ED011A30EE030A95
:100D20009FED1E3A90ED022A71EE030A9FED1C3AE8
:100D300090ED034A32EE031A74EE031A11F06CFFC1
:100D4000287068B901200EE09FED0B0AF0EE400A12
:100D5000B0EE401AF0EE401A11F05EFF287008B1B4
:100D600004B070BD0B20687305F03EFE41F288317F
:100D70000844E86204B070BD000000000000344286
:100D8000000086C2000032C300003343000031433C
:100D90000000354300003743000006C3000004C3D1
:100DA000000005C300000000002818BF0120A9B101
:100DB00040F2A031C2F20041CA78BAB10A79824247
:100DC00008BF7047CA7A087182F00100C87240F209
:100DD00010000821C2F200400170704740F2A030BC
:100DE0000021C2F20040C170704700BF08710120AD
:100DF000C870704700000000002818BF0120B9B17A
:100E000040F2A031C2F200414A79CAB18A798242E5
:100E100008BF7047CA7988710120087220EA02026F
:100E200040F21000C2F20040CA710270704700BF69
:100E300040F2A0300021C2F200404171704700BF73
:100E4000887101204871704740F2A032002818BF15
:100E50000120C2F200420029507018BF0121917098
:100E60007047000000000000D1B140F2A031C2F292
:100E700000414A7A002A00F03F0219D0887A8A722B
:100E800022EA0000C30717D1810717D4410717D4FE
:100E9000010717D4C00658BF7047042013E000BFF5
:100EA00040F2A0300021C2F200404172704700BF02
:100EB0008A72012048727047002004E0012002E09D
:100EC000022000E0032004A1085C40F21001C2F2FD
:100ED00000410870704700BF0304020506FF0000D0
:100EE000FEE7000000000000F0B583B0002863D0EA
:100EF000044690F82F0001285ED194F82C100029A8
:100F000050D0D4F824C0201D01F0030E04294FF066
:100F100000034FF000055BD2BEF1000F42D005EB9D
:100F200005110CEB810191F82020A2F1090313F1C6
:100F3000080F0BD300EB820252F8042C32B10023CD
:100F40001377C2E90333938582F84230BEF1010F73
:100F500028D091F86420A2F1090313F1080F0BD3F4
:100F600000EB820252F8042C32B100231377C2E95D
:100F70000333938582F84230BEF1020F12D091F80C
:100F8000A810A1F1090212F1080F0BD300EB8100A8
:100F900050F8040C30B100210177C0E903118185BC
:100FA00080F8421094F82D0050B16068002863D09A
:100FB000808D010A62E000BF0125284603B0F0BD24
:100FC000002594F82E00012800F08E80C5E000BFB7
:100FD00001F0FC020CF1EC0105E000BF043501F565
:100FE0008871AA4298D011F8CC6CA6F1090717F1C4
:100FF000080F0AD300EB860656F8046C2EB1C6E93A
:1010000003333377B38586F8423011F8886CA6F144
:10101000090717F1080F0AD300EB860656F8046C8F
:101020002EB1C6E903333377B38586F8423011F821
:10103000446CA6F1090717F1080F0AD300EB8606E6
:1010400056F8046C2EB1C6E903333377B38586F8BE
:1010500042300E78A6F1090717F1080FBED300EB56
:10106000860656F8046C002EB8D0C6E903333377F1
:10107000B38586F84230B1E700200021A2688DF8E0
:1010800004108DF805001AB1908D010A02E000BF2E
:1010900000200021E2688DF806108DF807001AB1D3
:1010A000908D010A02E000BF0020002122698DF826
:1010B00008108DF809001AB1908D010A02E000BFF6
:1010C000002000218DF80A1001AA8DF80B0020687D
:1010D0004FF400710EF0E0FC0546002818BF012512
:1010E00094F82E00012838D1606918B1808D010A6A
:1010F00002E000BF00200021A2698DF804108DF8E5
:1011000005001AB1908D010A02E000BF0020002105
:10111000E2698DF806108DF807001AB1908D010A6A
:1011200002E000BF00200021226A8DF808108DF82F
:1011300009001AB1908D010A02E000BF00200021D1
:101140008DF80A1001AA8DF80B00206840F2FF11FB
:101150000EF0A2FC002818BF012505F045FCA06296
:10116000284603B0F0BD0000844600284FF0000080
:101170001FD0A1F1090313F1080F1AD3CAB15CF80B
:101180002110002908BF7047D1F82A008B6B13602B
:101190004B6B5360CB6BC2E90203B1F84000108285
:1011A00091F84200D074411EB1FA81F1480990745F
:1011B00001207047000000002DE9F04F83B0144675
:1011C0000122002818BF002904D1104603B0BDE851
:1011D000F08F00BFDDF83080A8F1090212F1080F8E
:1011E0004FF00102F1D3002BEFD0002C1CBF91F87F
:1011F00018725FEAC777E8D000F104090F462C2186
:10120000029048461D46FFF73EFA08EB08104FEAE9
:10121000800B20465946FFF736FA029948F2000E35
:101220004FF0000C01F12D0A0F600835C1E9094C9F
:1012300081F82C809FED4D0A9FED4D1AC4F23B5E64
:101240000021019715F8087C7A1ED3B2072B00F213
:10125000878015F8078CB8F1FF0F02D0B8F1010FA5
:101260007ED115ED012AB0EEC22AB4EE402AF1EE8D
:1012700010FA75DC95ED002AB0EEC23AB4EE403AB1
:10128000F1EE10FA6CDC95ED013AB0EEC34AB4EE23
:10129000404AF1EE10FA63DC95ED024A0122B0EE0D
:1012A000C45AB4EE405AF1EE10FA8EDCB5EE402A84
:1012B000F1EE10FAFFF689AFB5EE403AF1EE10FA12
:1012C000A4BFB5EE404AF1EE10FAFFF67EAFB4EEE1
:1012D000412AF1EE10FA3FF778AFB4EE413AF1EE61
:1012E00010FADCBFB4EE414AF1EE10FA3FF76DAFF1
:1012F00059F82320A2BB621882F8207082F821805E
:10130000D5E90076A8686750C2E9016055F8040C79
:101310001063980844318B4505F11405C2E905EEC8
:1013200082F842C049F823204FF001020AF8002059
:101330007FF488AF43F22161C0F60101DDE90102CB
:101340000EF0BAF9029900284FF001027FF43DAF88
:1013500081F82F200022104603B0BDE8F08F00BFB7
:101360000122104603B0BDE8F08F00BFFFFF7F7F72
:1013700000401C4600000000002800F0348190F876
:101380002F20012A40F02F81826A8A1A022A38BF50
:101390007047F0B583B090F82C208162002A00F0ED
:1013A000AB8002EB0212D0F824C0930000229FED24
:1013B0008E0A4FF0010E9FED8D1A00249FED8D2AAD
:1013C0009FED8B3A9FED8C4A0CEB0405B5F9286034
:1013D00095ED095AB8EEC55A06EE106A95F92160E6
:1013E00025EE017A05EE106AB8EEC66A95F84060FF
:1013F000B8EEC55A012E86EE006A87EE007A66EED8
:10140000050A27EE056AC5ED0D0A85ED0E6A23D1A2
:10141000EE6B00278E1B152E38BF0127142E85F882
:1014200041701BD895F84260012E17D195ED0C7ACA
:1014300037EE466AB0EEC67AB4EE427AF1EE10FAB2
:101440000CDB2E7F012E23D195ED047A36EE477A00
:1014500087EE047A20E000BF85F84120EA60B0EE14
:10146000435A2A612A7795ED066A4434B1EE467AEA
:10147000B4EE465AF1EE10FA85FE077A36FE075AA8
:10148000A342BDEEC55A15EE106AAE859CD133E07D
:10149000B0EE437A85F81CE0D5ED010A85ED046ACB
:1014A00066EE200AD5ED031AE0EE841AD5ED050AA2
:1014B000F1EE602AC1FEA22AF4EE601AD5ED001A00
:1014C000F1EE10FA70FEA20AC5ED030AE1EE860AFB
:1014D000D5ED021AE1EE870A95ED067AF1EE471A8C
:1014E000C0FEA11AF4EE470AF1EE10FA37FE217A97
:1014F00027EE055AB7E700BF90F82D10B9B3416841
:1015000011B1898D0A0A01E00021002283688DF85B
:1015100004208DF805101BB1998D0A0A02E000BF66
:1015200000210022C3688DF806208DF807101BB13A
:10153000998D0A0A02E000BF0021002203698DF89C
:1015400008208DF809101BB1998D0A0A02E000BF2E
:101550000021002203688DF80A208DF80B1001AAE3
:101560004FF40071044618460EF096FA204690F8A3
:101570002E10012934D1416911B1898D0A0A01E087
:101580000021002283698DF804208DF805101BB11D
:10159000998D0A0A02E000BF00210022C3698DF87C
:1015A00006208DF807101BB1998D0A0A02E000BFD2
:1015B00000210022036A8DF808208DF809101BB164
:1015C000998D0A0A02E000BF002100228DF80A204E
:1015D00000688DF80B1001AA40F2FF110EF05CFAC2
:1015E00003B0BDE8F0407047000010420000343DF9
:1015F00000000000CDCC4C3E6F12033B0000000009
:10160000024600284FF0010016D0A1F1090313F1A2
:10161000080F38BF704752F8211069B1B0EEC01AF8
:101620009FED062AB4EE421AF1EE10FADEBF81ED0C
:101630000C0A81F842000020704700BFFFFF7F7F47
:1016400000285CD090F82F10012958D190F82C1068
:10165000002908BF704770B5D0F824C0043001F0ED
:10166000030E04294FF000034FF0000248D2BEF1F0
:10167000000F42D002EB02110CEB810191F8202007
:10168000A2F1090313F1080F0BD300EB820252F809
:10169000042C32B100231377C2E90333938582F817
:1016A0004230BEF1010F28D091F86420A2F1090365
:1016B00013F1080F0BD300EB820252F8042C32B165
:1016C00000231377C2E90333938582F84230BEF1D9
:1016D000020F12D091F8A810A1F1090212F1080F1F
:1016E0000BD300EB810050F8040C30B100210177DE
:1016F000C0E90311818580F84210BDE87040704751
:1017000001F0FC010CF1EC0405E000BF043204F52B
:1017100088749142ABD014F8CC5CA5F1090616F19F
:10172000080F0AD300EB850555F8045C2DB1C5E917
:1017300003332B77AB8585F8423014F8885CA5F12C
:10174000090616F1080F0AD300EB850555F8045C6D
:101750002DB1C5E903332B77AB8585F8423014F8FA
:10176000445CA5F1090616F1080F0AD300EB8505C4
:1017700055F8045C2DB1C5E903332B77AB8585F8AB
:1017800042302578A5F1090616F1080FBED300EB0B
:10179000850555F8045C002DB8D0C5E903332B77D7
:1017A000AB8585F84230B1E72DE9F04F81B000EE0E
:1017B000102A9FED7D1A0F18401A1C46B8EEC00A79
:1017C00020EE010ABDEEC00A10EE102A17EB020946
:1017D00000EB02064D46A0EB020A3046A7EB020BD7
:1017E00048BFC9F10005002E48BF7042A84288BF1B
:1017F00005465046BAF1000F48BFCAF10000A842A2
:1018000088BF05465846BBF1000F48BFCBF100002A
:10181000A84288BF0546B5F57A6F49D900206F0800
:1018200000945C46B0EB550B4FF47A6260F100080F
:101830003846B9F1000F08EAE97148BF584600235D
:10184000C9FB02012A464FF47A69FEF741FE3A4687
:10185000002E48BF5A4608EAE6710023C6FB09215C
:1018600081464FF47A6610462A46FEF731FE3A4624
:10187000BAF1000F48BF5A4608EAEA710023CAFBD2
:10188000062106464FF47A6A10462A46FEF720FEE5
:10189000002C224648BF5F4608EAE2710023C2FBE3
:1018A0000A7182462A46009C3846FEF711FE83469E
:1018B000A0084A2858D84FEAE970A9FB041200FB97
:1018C000042296204FF09608002A4FEAE27348BFA0
:1018D0006FF09500401843EB02014FF4967200231D
:1018E000FEF7F6FDF117A6FB042301FB0431962356
:1018F000814600294FEAE17648BF6FF095039F18B3
:101900004FF49672714100233846FEF7E1FD4FEA2D
:10191000EA71AAFB042301FB043196230646002941
:101920004FEAE17548BF6FF095039F184FF4967228
:10193000694100233846FEF7CBFD4FEAEB71ABFB64
:10194000042301FB0431824600294FEAE17348BFBA
:101950006FF0950818EB02074FF496725941002377
:101960003846FEF7B5FD834640F230454946C2F29F
:101970000045284611F0ACFC58B905F12C00314661
:1019800011F0A6FC28B905F15800514611F0A0FC51
:1019900010B101B0BDE8F08F05F18400594601B0E7
:1019A000BDE8F04F11F094BC9A99D94000000000B6
:1019B00003280FD840F20C22C2F2004252784AB1FA
:1019C00040F230422C23C2F2004210FB032011F0FF
:1019D0008FBB00BF002070472DE9F04740F20C2676
:1019E000C2F20046707818B10020BDE8F08700BF51
:1019F00006F1240440F64851C2F20041204611F09D
:101A000017FA18B10120BDE8F08700BF40F2304559
:101A100046F6F817C2F20045C0F6010728462146EF
:101A20003A4611F081FBD0B905F12C0A07F11002FA
:101A30005046214611F078FB88B905F1580807F1A6
:101A400020024046214611F06FFB40B905F18409A0
:101A500007F130024846214611F066FB30B12046BE
:101A600011F032FB0120BDE8F08700BF002030708C
:101A700004F0BAFFF06001207070284611F0F8FB06
:101A8000504611F0F5FB404611F0F2FB484611F0CC
:101A9000EFFB0020BDE8F0872DE9F04F87B040F262
:101AA0000C2BC2F2004B9BF80100012840F006818C
:101AB00004F09AFF0BF124060446304611F034FA84
:101AC00040F230454FF00008C2F200450DF1110719
:101AD00005F12C0A05F1580905F18400039004E092
:101AE000B8F11F0F08F1010822D23046394611F033
:101AF000E7F902281CD00028F2D1284639462246B0
:101B000011F046FB0028EBD150463946224611F031
:101B10003FFB0028E4D148463946224611F038FB05
:101B20000028DDD103983946224611F031FBD7E772
:101B30002846214611F0F0FB5046214611F0ECFBFF
:101B40004846214611F0E8FB0398214611F0E4FBDA
:101B5000EFF3108072B6BBF90470BBF90660BBF9F5
:101B600008209BF8023000B962B647EA060010432D
:101B700080B2002818BF01209BF8001003B304298D
:101B800000F0898040F230460021C2F20046304623
:101B900011F09EFB80B906F12C00002111F098FB9A
:101BA00050B906F15800002111F092FB20B906F15E
:101BB0008400002111F08CFB04208BF800006FE002
:101BC00004295FD8DFE801F004341822120000BFB6
:101BD00070B900200021002208F016F9024600200A
:101BE00000214FF49673FFF7DFFD54E000284FD03B
:101BF000CBF8104001204CE090B33846314608F055
:101C000003F902464FF496730DE000BF002859D047
:101C100001208BF8000038463146CBF8104008F020
:101C2000F3F80246002338463146FFF7BDFD32E0A7
:101C3000B0B1DBF810003146A4EB0008384608F0DC
:101C4000E3F8B8F5967F024604D34FF49678022065
:101C50008BF80000384631464346FFF7A5FD1AE0F1
:101C6000CBF810406869CBF81400286CCBF818004A
:101C7000E86ECBF81C00D5F89800CBF820000320C4
:101C800007E000BF01208BF80200042001E000BF44
:101C900000208BF80000DBF80C00201A0A280DD376
:101CA0002846CBF80C4011F0E3FA504611F0E0FA68
:101CB000484611F0DDFA039811F0DAFA07B0BDE8F2
:101CC000F08F00BFDBF81010601AC82806D308F0A8
:101CD00003FA00278BF800700AE000BF8C4205D1A0
:101CE000DBE905800190DBE9076050E0C0F1C8073F
:101CF000DBF81420DBF81880DBF81C30019382FB42
:101D000007016420002300294FEAE17148BF6FF00A
:101D10006300C2FB0701DBF820200292C822FEF715
:101D2000D7FB88FB071264260023002A4FEAE271E2
:101D300048BF6FF06306C822C8FB07618046304683
:101D4000FEF7C6FB019B642683FB0712002A4FEABD
:101D5000E27148BF6FF063060190C822C3FB0761C0
:101D600000233046FEF7B4FB029E642386FB071275
:101D7000002A4FEAE27148BF6FF06303C822C6FB36
:101D8000073106461F4600233846FEF7A1FB40F206
:101D900030470290C2F200474146384611F098FAA7
:101DA00000287FF478AF07F12C00019911F090FA28
:101DB00000287FF470AF07F15800314611F088FA1F
:101DC00000287FF468AF07F18400029911F080FACF
:101DD00061E700000000000040F20C2CC2F2004C51
:101DE0009CF80130012B19D189B283B2EFF3108036
:101DF00092B272B6ACF804300B43ACF8061053EA5A
:101E00000201ACF808201CBF00218CF80210002849
:101E10001CBF0020704762B6002070470120704749
:101E200040F20C20C2F20040417801290ED1EFF3BC
:101E3000108172B600294FF0000282804FF001013C
:101E4000C2800281817018BF704762B6704700007F
:101E500040F2A421C2F20041CA681AB1904204BF04
:101E6000012088717047000060B1B0B540F2A42431
:101E7000C2F200442178012906D1E168081A18BF8E
:101E80000120B0BD01207047E0600022C4F81A2094
:101E9000FF21C4F81E20012584F82220A282E282BC
:101EA0002283A170611C2261E27022716271A271B1
:101EB000A4F8072062720122258007F0F9FD0028AE
:101EC0000CBF0020A571B0BD70B582B040F2A42552
:101ED000C2F20045E868002848D0A97901290FD14D
:101EE0000024AC7106F014FDE868A5F807406C7298
:101EF00020B1691C012207F0DBFD08B10120A871A7
:101F0000EFF3108172B6E87801280AD1AA8AADF8F9
:101F10000220EA8AADF804202A8BADF806200022C0
:101F2000EA702E79012E05D1AC7800222A7121B9F0
:101F300002E000BFFF2401B962B6C8B916B120465D
:101F4000FEF716FCE86808F0DBFCE86800F014FC1B
:101F500004F04AFD6979012908D12969401AB0F5D0
:101F6000FA7F03D900206871FFF75AFF02B070BDF5
:101F70000DF10200811C021D0BF09AF8BDF9020060
:101F8000BDF90620BDF90410FFF726FF002ED6D1BB
:101F9000D8E7000000000000F0B581B040F2A424B2
:101FA000C2F20044E368002B6ED098426CD1607A94
:101FB0006178022810D001284AD101F0FE005A2889
:101FC0004CD10322E17602205A29E07108BF092290
:101FD0006072227250E000BFE07994F808C02518C2
:101FE0000130C2B2E0716245A97645D3E07E5B283C
:101FF00038D05A283CD194F81CC094F82270627FE3
:1020000094F81EE0E07F82EA0C0181EA0E0594F864
:10201000201085EA000694F821504E406E40B742E9
:1020200026D14CEA0222A2824EEA0020E08241EA56
:102030000520208304F0D8FC20610120E070E368D3
:1020400060714FF00000A4F807006072A3B919E0B6
:10205000A52911D1A520A07601200CE0A52907D142
:102060000AE000BF207F082802D8A070012020715C
:102070000020A4F807006072611C0122184607F0D6
:1020800017FD08B10120A07101B0F0BD00000000F3
:1020900040F65840C2F2004002F066B9000000006D
:1020A00040F6D040C2F2004002F05EB900000000ED
:1020B00040F66830C2F2004002F056B9000000005D
:1020C00040F6E030C2F2004002F04EB900000000DD
:1020D00040F62000C2F2004002F046B900000000C5
:1020E00040F2A870C2F2004002F03EB900000000C9
:1020F00040F69800C2F2004002F036B9000000003D
:1021000040F61010C2F2004002F02EB900000000AC
:1021100040F67820C2F2004002F026B9000000002C
:1021200040F6F020C2F2004002F01EB900000000AC
:1021300040F68810C2F2004002F016B9000000001C
:1021400040F60020C2F2004002F00EB9000000008C
:1021500040F20F42D0F800C0C4F20202944511DCF4
:102160006F22C4F20202944522DC3F22C4F2020232
:10217000944539DC1022C4F2020294455AD0282238
:1021800054E000BF40F26F42C4F2020294451BDCEF
:1021900040F23F42C4F2020294452DDC40F210426C
:1021A000C4F20202944545D040F228423EE000BF0E
:1021B0009F22C4F20202944528DC7022C4F202027B
:1021C000944537D0882231E040F29F42C4F20202A7
:1021D000944523DC40F27042C4F20202944529D0B7
:1021E00040F2884222E000BF4022C4F2020294453D
:1021F00020D058221AE000BF40F24042C4F202024E
:10220000944517D040F2584210E000BFA022C4F21B
:10221000020294450ED0B82208E000BF40F2B84256
:10222000C4F20202944505D040F2A042C4F2020278
:10223000944517D10CF0F8024AF6AB23103ACAF6CF
:10224000AA23A2FB03310AA35F2AC1F302115B5C3C
:1022500040F2FF312CEA0101C36588BF043181657A
:10226000084670472CF0FF0181650846704700BFA3
:10227000000610160006101670B540F26F44D0F834
:1022800000C0C4F20204D0F858E0A4451ADC9F252F
:10229000C4F20205AC4533DC5725C4F20205AC4557
:1022A0005ADC1025C4F20205AC4500F098802825C0
:1022B000C4F20205AC4500F092804025C4F202054C
:1022C0008AE000BF45F22F45C5F60205AC452DDC7E
:1022D00040F2B745C4F20205AC454BDC40F2704514
:1022E000C4F20205AC457AD040F28845C4F202053A
:1022F000AC4574D040F2A045C4F202056CE000BFCA
:1023000040F22745C4F20205AC4543DCA025C4F2E7
:102310000205AC4563D0B825C4F20205AC455ED0D9
:1023200040F21045C4F2020556E000BF45F26B458D
:10233000C5F60205AC453FDC45F23045C5F6020561
:10234000AC454CD045F24445C5F60205AC4546D0F7
:1023500045F258453EE000BF5825C4F20205AC45A1
:102360003DD07025C4F20205AC4538D08825C4F2B2
:10237000020531E040F2B845C4F20205AC452ED06A
:1023800045F20845C5F60205AC4528D045F21C4586
:1023900020E000BF40F22845C4F20205AC451ED043
:1023A00040F24045C4F20205AC4518D040F2584511
:1023B000C4F2020510E000BF45F26C45C5F6020507
:1023C000AC450CD045F29445C5F60205AC4506D0A7
:1023D00045F28045C5F60205AC4540F0D080456E1B
:1023E000C66E002E866E6E601CBFD0E91C566E60F5
:1023F000A44515DC9F24C4F20204A4452CDC572418
:10240000C4F20204A44551DC1024C4F20204A44521
:102410007AD02824C4F20204A44575D040246FE089
:1024200045F22F44C5F60204A44529DC40F2B74426
:10243000C4F20204A44545DC40F27044C4F2020434
:10244000A44561D040F28844C4F20204A4455BD0A4
:1024500040F2A04454E000BF40F22744C4F202041A
:10246000A4453FDCA024C4F20204A4454CD0B82407
:10247000C4F20204A44547D040F2104440E000BF3B
:1024800045F26B44C5F60204A44555DC45F23044E0
:10249000C5F60204A44561D045F24444C5F60204E1
:1024A000A4455BD045F2584454E000BF5824C4F220
:1024B0000204A44528D07024C4F20204A44523D009
:1024C00088241DE040F2B844C4F20204A4451BD0A5
:1024D00045F20844C5F60204A4453FD045F21C4429
:1024E00038E000BF40F22844C4F20204A4450BD0F7
:1024F00040F24044C4F20204A44505D040F25844DE
:10250000C4F20204A4453AD18468C06D00F01F00F3
:102510003F2505FA00F0CEF80800DCF80000402C5A
:1025200020F48020CCF80000CCF8043023D1CCF883
:102530000820CCF80C1070BD45F26C44C5F60204BE
:10254000A4450BD045F28044C5F60204A44505D04D
:1025500045F29444C5F60204A44510D1C46D01258A
:1025600004F01F04806805FA04F4CEF80440402803
:10257000CCF80430DBD0CCF80810CCF80C2070BDBF
:1025800040F2C821C2F200414A681AB1904204BF29
:102590000120C8737047000060B1B0B540F2C82494
:1025A000C2F200442178012906D16168081A18BFD7
:1025B0000120B0BD0120704760600021E17301225D
:1025C000A1730125A1822161A175E17584F8241010
:1025D000216284F8251084F82610A183A161A177D7
:1025E000E17784F82C10A16284F82D1084F82E1065
:1025F00004F10801257007F05BFA18B10120E573BA
:10260000B0BD00BF0020B0BDB0B540F2C824C2F2DA
:1026100000446068002842D0E17B59B10021E17399
:10262000A17304F108010122012507F041FA0028F5
:1026300018BFE57304F0D8F9A17D31B12169411AC1
:10264000B1F5FA7F01D90021A17594F8251061B187
:10265000216A411AB1F5FA7F07D9002184F82510C3
:1026600084F82410012184F82610A17F31B1A169DA
:10267000411AB1F5FA7F01D90021A17794F82D1004
:1026800069B1A16A401AB0F5FA7F98BFB0BD0020C9
:1026900084F82D0084F82C00012084F82E00B0BDB1
:1026A000F0B581B040F2C824C2F200446368002B48
:1026B0005DD098425BD1A17B207A99B321444872C6
:1026C000A07B0130A073C1B2052947D3A67AA6F139
:1026D000420010F1020F3DD3607A277BE57A627BDE
:1026E00080EA0601694079408A4233D1AA2805D0A0
:1026F000AB282FD145EA072001282BD804F074F924
:10270000617AAA2918D1A6F1400145EA0722B1FA57
:1027100081F1490904EBC1018A82086101208875B1
:10272000C87517E000F0FE01AA2917D160720120D8
:102730006368A07393B918E0B6F1400118BF012196
:1027400004EBC10181F824500862012081F82500C2
:1027500081F8260000206368A07333B104F10801FA
:102760000122184607F0A4F908B10120E07301B076
:10277000F0BD000000000000002808BF704770B5E1
:102780008EB040F2C822EFF3108CC2F2004272B653
:102790000646002410690B90908ABCF1000FADF83A
:1027A0002800907D8DF82600D07D8DF82500116AD7
:1027B000059192F824108DF8101092F825108DF8DC
:1027C0000F1092F826108DF80E1092F827108DF841
:1027D0000910D47582F8264091690891938BADF861
:1027E0001C30917F8DF81A10D17F8DF81910956AE1
:1027F000CDF80A5092F82C508DF8085092F82D50D0
:102800008DF8075092F82E508DF8065092F82F5000
:102810008DF80550D47782F82E4000D162B6B9B158
:1028200044F2AA10ADF83300180A8DF8360083EA96
:1028300013208DF8353080F0EB008DF837000DF166
:10284000330105221423304607F09AF99DF825003C
:10285000B8B1BDF8280044F2AA01ADF83310052242
:102860008DF83500010A80EA10208DF8361080F0CE
:10287000EA008DF837000DF133011423304607F0DC
:102880007FF99DF80600A8B19DF8080044F2AB114D
:10289000ADF8331000218DF8350080F0EA008DF896
:1028A00036100DF133018DF8370005221423304620
:1028B00007F066F99DF80E00A8B19DF8100044F2EB
:1028C000AB01ADF8331000218DF8350080F0EB003E
:1028D0008DF836100DF133018DF8370005221423E1
:1028E000304607F04DF90EB0BDE87040704700006B
:1028F0007047000000000000F0B583B040B390F8CE
:10290000C532012B24D190F8C4320BB3013B002611
:102910008519AF888F421FD0D3B1B5F85C708F4254
:102920002CD0012B14D0B5F8B4708F4246D0022BB6
:102930000ED0B5F80C718F4246D0043B06F5B07648
:102940005F1C4FF00105E3D1284603B0F0BD00BF86
:102950000125284603B0F0BD2C1D9AB194F8520011
:1029600000284FF0010084F8510002D1002084F8C3
:10297000500000256564284603B0F0BD05F15C04F5
:10298000002AEBD16E460746002084F8510020460D
:10299000314600F039FD054650B9BDF800103868E1
:1029A000F21C0DF079F80546022818BF032588B1FE
:1029B00084F84150284603B0F0BD00BF05F1B404CF
:1029C000002ADFD0CAE700BF05F58674002AC5D10A
:1029D000D8E700BF002584F8415084F8505004F037
:1029E00003F864306064284603B0F0BD00000000C6
:1029F000F0B587B060B3002B4FF000041CBF90F817
:102A0000C5725FEAC77703D1204607B0F0BD00BFAB
:102A100090F8C462002EF7D0013E87888F421BD009
:102A2000B6B1B0F85C708F421AD0012E10D0B0F859
:102A3000B4708F4218D0022E0AD0B0F80C718F42B9
:102A400016D0043E00F5B070771CE6D1DCE700BF7D
:102A50000024204607B0F0BD1546041D0BE000BF62
:102A6000154600F15C0406E0154600F1B40402E0EE
:102A7000154600F5867401A9204600261F46C3E9C5
:102A80000066C3E90266C3E90466C3E9066600F0AE
:102A90003BFE3946787670B394F940009DED010A0B
:102AA0009FED1B1A9DED022A80EE010A04EE100A2A
:102AB0009FED181A9DED033A04AB20EE010AB8EE23
:102AC000C44A22EE011A9FED142A23EE022A20EEB8
:102AD000040A21EE041A81ED000A22EE040A81EDB7
:102AE000011A0DCBC860A81A81ED020A33280A61C9
:102AF00038BF01264B618E76B4F85100A1F81B0057
:102B000094F8410001240876204607B0F0BD00BFCC
:102B100035FA8E3CE4380E3F6666E63F0000000062
:102B200040B390F8C522012A24D190F8C4220AB3F8
:102B300010B5531E82888A4224D0EBB1B0F85C20D5
:102B40008A4235D0012B17D0B0F8B4208A4249D040
:102B5000022B11D0B0F80C218A424BD0043B00F577
:102B6000B0705A1C4FF00102E4D1BDE8104010468D
:102B7000704700BF012070470122BDE81040104699
:102B8000704700BF041D94F85300012816D103F0CC
:102B90002BFFE16C401AC82818D30322002084F8C8
:102BA000530084F84120BDE810401046704700BF34
:102BB00000F15C0494F853000128E8D094F8540024
:102BC00050B10022BDE81040104670470222BDE817
:102BD00010401046704700BF94F84120BDE81040F7
:102BE0001046704700F1B40494F853000128E5D171
:102BF000CDE700BF00F5867494F853000128C6D0D5
:102C0000DCE70000000000002DE9F04F81B0012456
:102C1000002818BF002903D1204601B0BDE8F08F7D
:102C2000A3F1090717F1080FF6D3002A1CBF91F88A
:102C300018725FEAC777EFD04FF0000C9FEDC00A23
:102C40004FF0000ECEEBCE0402EB840898F805405E
:102C5000FF2C01D0012C73D198ED021AB0EEC11AED
:102C6000B4EE401AF1EE10FA6ADC98ED031AB0EEF9
:102C7000C11AB4EE401AF1EE10FA61DC98ED041AB4
:102C8000B0EEC11AB4EE401AF1EE10FA58DC98ED2D
:102C9000051AB0EEC11AB4EE401AF1EE10FA4FDC8C
:102CA00098ED061AB0EEC11AB4EE401AF1EE10FA21
:102CB00046DCE1467646741C9C421DD202EB0905B7
:102CC000B8F80040AF8BBC423AD0B71C9F4213D239
:102CD0002F8FBC4234D0F71C9F420DD2B5F85470F0
:102CE000BC422DD004369E4206D2B5F8705009F190
:102CF0007009AC42DFD123E00EF1010E0CF11C0C87
:102D00009E459FD100F1040B0D464FF431710646EC
:102D1000584617461C46FDF7B6FC39883B797A8839
:102D20005846A8463560BA46B146254686F8C4429C
:102D300000F006FD50B10446204601B0BDE8F08F1A
:102D40000124204601B0BDE8F08F00BF0AF108075A
:102D500009F13003DAE9056486CF86C3C9E90F6457
:102D600048469AF80510012D89F8441010D143F215
:102D7000B9610246C0F6010140460CF09DFC0028F6
:102D800000F0D6800324204601B0BDE8F08F00BFDC
:102D9000BAF81C109AF82030BAF81E205C3000F007
:102DA000CFFC0028C7D10AF1240709F18803DAE92A
:102DB0000C6486CF86C3C9E9256448469AF8211079
:102DC000022D89F89C10D2D0BAF838109AF83C300D
:102DD000BAF83A20B43000F0B3FC0028ABD10AF1C5
:102DE000400709F1E003DAE9136486CF86C3C9E935
:102DF0003B6448469AF83D10032D89F8F410B6D08C
:102E0000BAF854109AF85830BAF8562000F586707F
:102E100000F096FC00288ED10AF15C0709F59C733E
:102E2000DAE91A6486CF86C3C9E9516448469AF83C
:102E30005910042D89F84C1199D0BAF870109AF8ED
:102E40007430BAF8722000F5B27000F079FC0028F6
:102E50007FF471AF0AF1780709F5C873DAE92164E4
:102E600086CF86C3C9E9676448469AF87510052D70
:102E700089F8A4113FF47BAFBAF88C109AF890301F
:102E8000BAF88E2000F5DE7000F05AFC00287FF4BE
:102E900052AF0AF1940709F5F473DAE9286486CF92
:102EA00086C3C9E97D6448469AF89110062D89F8D1
:102EB000FC113FF45CAFBAF8A8109AF8AC30BAF83D
:102EC000AA2000F5057000F03BFC00287FF433AF2A
:102ED0000AF1B00709F51073DAE92F6486CF86C3CB
:102EE000C9E9936448469AF8AD10072D89F8541241
:102EF0003FF43DAFBAF8C4109AF8C830BAF8C6200B
:102F000000F51B7000F01CFC00287FF414AF0AF1E0
:102F1000CC0709F5267CDAF8DC6048468ECF8CE8D1
:102F20008E00C9F8A8629AF8C91089F8AC121EE799
:102F30000024012089F8C502204601B0BDE8F08FC9
:102F4000FFFF7F7F00000000002808BF70472DE9C9
:102F5000F04F81B02DED068B8AB0044690F8C50283
:102F6000012840F0BD8094F8C402002800F0B88029
:102F700007AE0D46F71C4FF000099FED5D8A4FF03C
:102F8000000A9FED5C9A4FF000089FED5BAA01F1EB
:102F900064000190481C00900BE000BF8BF84500D6
:102FA00094F8C40208F101080AF1580A804580F03B
:102FB000978004EB0A0B9BF855009BF856100028ED
:102FC0000BF1040046D0DBF848200029A5EB0201F4
:102FD00062D00029E4D49BF858100129E0D19BF974
:102FE00044109BED0C1A9BED0D2A9BED0E3A00EE62
:102FF000101ADBE90F12CDE90512B8EEC00A02A9DA
:10300000324621EE001A22EE002A23EE000A21EEBB
:10301000081A22EE092A20EE0A0A8DED032A21EE73
:10302000091A8DED040A8DED021A00F02DFA002820
:10303000B4D1BDF81C1020683A460CF02DFD0146B5
:10304000022818BF03200029A8D100988BF84590CA
:1030500042E000BF19B99BF854100029A0D0DBF85A
:103060004810691A9CD4314600F0CEF9002895D159
:10307000BDF81C1020683A460CF00EFD01460228EF
:1030800018BF032000297FF489AF00208BF845008A
:103090004FF000091DE000BF00293FF581AF314628
:1030A00000F0D2F900287FF479AFBDF81C10206839
:1030B0003A460CF0F1FC0146022818BF0320002913
:1030C0007FF46CAF9BF854008BF84590FF2802D03A
:1030D00001308BF854000198CBF8480060E700BF3E
:1030E0000AB0BDEC068B01B0BDE8F04F704700BFE1
:1030F00035FA8E3C6666E63FE4380E3F000000007D
:10310000D0B14FF00103C2B1B0B588B090F8C5524C
:10311000ED070BD092ED000A9FED525AB0EEC01AA7
:10312000B4EE451AF1EE10FA0ADD012308B0BDE84D
:10313000B0401846704700BF01231846704700BFD3
:1031400092ED011AB0EEC12AB4EE452AF1EE10FA62
:103150003ADC92ED023AB0EEC32AB4EE452AF1EE23
:1031600010FA31DC92ED032AB0EEC24AB4EE454AC1
:10317000F1EE10FA28DC92ED044AB0EEC46AB4EE27
:10318000456AF1EE10FA1FDC90F8C432E3B15D1E1F
:1031900083888B421ED0BDB1B0F85C308B421DD00D
:1031A000012D11D0B0F8B4308B421BD0022D0BD0C2
:1031B000B0F80C318B4219D0043D00F5B0706B1C97
:1031C0004FF00103E4D1B1E7012308B0BDE8B040FE
:1031D000184670471546041D0BE000BF154600F168
:1031E0005C0406E0154600F1B40402E0154600F563
:1031F000867494F940009FED1C6A694605AA05EEA5
:10320000100A20468DED032A8DED044AB8EEC55A0A
:1032100020EE050A21EE051A23EE053A9FED145A19
:1032200020EE060A9FED116A21EE061A8DED011AB5
:1032300020EE060A8DED000A23EE050A8DED020A46
:1032400000F022F9034600287FF470AF04F12C0C43
:103250002FCD8CE82F000023636408B0BDE8B04098
:1032600018467047FFFF7F7F35FA8E3C6666E63F63
:10327000E4380E3F00000000F0B583B030B390F8A2
:10328000C522012A22D190F8C422FAB1013A0023C2
:103290000124C618B7888F421CD0BAB1B6F85C704A
:1032A0008F421DD0012A11D0B6F8B4708F421DD0C4
:1032B000022A0BD0B6F80C718F421DD0043A03F5E8
:1032C000B073571CE5D1204603B0F0BD0124204661
:1032D00003B0F0BD351D95F85210C1B911E000BF23
:1032E00006F15C0595F8521089B90AE006F1B405BB
:1032F00095F8521029B10AE006F5867595F8521036
:1033000029B995F8511011B995F8531021B102243B
:10331000204603B0F0BD00BF6E4607462846314642
:1033200000F0D2F90446A8B90024EC62A86AA864A7
:1033300003F05AFBE8640120A5F85300BDF8001023
:103340003868F21C0CF0A8FB0146022818BF0321C4
:1033500018B10C46002085F8530085F841402046FE
:1033600003B0F0BD00000000002849D090F8C4125E
:10337000002945D001F0030C04294FF000034FF061
:1033800000021FD310B589084FF4B07201FB02FE92
:1033900000210022441801F5B0718E4502F10402AB
:1033A00084F85530A36484F8AD30C4F8A03084F8B4
:1033B0000531C4F8F83084F85D31C4F85031E9D1F2
:1033C000BDE81040BCF1000F1AD05821043002FBB8
:1033D00001010023BCF1010F81F851304B640FD083
:1033E000BCF1020F81F8A930C1F89C3008BF7047CA
:1033F000582102FB0100002180F80111C0F8F410EF
:103400007047000000000000024600284FF0010055
:1034100018BF002900D1704713880020B0EBD32FCC
:1034200002D00120704700BF8860486008601288A1
:103430000A8008228A704FF0FF32C1F80320C1F8D9
:103440000620FD228A727047024600284FF00100D4
:1034500018BF002900D1704713880020B0EBD32F8C
:1034600002D00120704700BF886048600860128861
:103470000A8008228A704FF0FF32C1F80320C1F899
:103480000620FC228A727047034600284FF0010094
:1034900018BF002900D1704791ED000A9FED841AF2
:1034A000B0EEC02AB4EE412AF1EE10FAF3DC93ED4F
:1034B000022AB1EE423AB4EE430AF1EE10FAEADB28
:1034C000B4EE420AF1EE10FAE5DC91ED010AB0EE3D
:1034D000C02AB4EE412AF1EE10FADCDC93ED032AA7
:1034E000B1EE423AB4EE430AF1EE10FAD3DBB4EE99
:1034F000420AF1EE10FACEDC91ED020AB0EEC02ADB
:10350000B4EE412AF1EE10FAC5DC93ED042AB1EED7
:10351000423AB4EE430AF1EE10FABCDBB4EE420AD2
:10352000F1EE10FAB7DC91ED032AB0EEC20AB4EE68
:10353000410AF1EE10FAAEDCB5EE402AF1EE10FAD7
:10354000A9DB9FED5C0AB4EE402AF1EE10FAC8BF89
:103550007047002A9FD091ED042AB0EEC23AB4EE33
:10356000413AF1EE10FA96DCB5EE402AF1EE10FA8F
:1035700091DBB1EE041AB4EE412AF1EE10FA3FF7F6
:103580008AAFB3F800C00020B0EBDC2F02D00120DE
:10359000704700BFB0B590605060106093ED022A94
:1035A00091ED004AB1EE423A91ED016A84FE425A31
:1035B000D1ED020AB4EE443A93ED034AF1EE10FA6B
:1035C00086FE447A33FE053AB1EE445A32EE033AAF
:1035D000B4EE465A9FED386AF1EE10FA23EE063A41
:1035E00093ED046A35FE075A32EE022AB1EE467AAE
:1035F00034EE055A83EE022A9FED303A34EE044A47
:1036000025EE035AC0FEC61AB4EE607AD1ED040A64
:10361000F1EE10FA85EE044A37FE215A91ED037A55
:1036200087FE407ADFED261AC0FEC10A198836EE01
:10363000055A118087FE217A0821C0FEA10A9170E7
:1036400025EE035A27EE037A36EE066A20EE833A19
:1036500087EE000A85EE065A83EE011ABCEEC22AF6
:10366000BCEEC44ABCEEC00ABCEEC53A12EE101A5B
:10367000BCEEC11A14EE103A10EE10EA117113EEFE
:1036800010CA0D0A11EE104A19095171190141EAC7
:103690001E219171210911722101D57082F807E074
:1036A00041EA1C21517282F80AC0BDE8B04070475F
:1036B000FFFF7F7F0000FA4300FF7F4700F07F4558
:1036C0000000000000000000024600284FF001004A
:1036D00018BF002900D1704713880020B0EBD32F0A
:1036E00002D00120704700BF8860486008601288DF
:1036F0000A8008228A704FF0FF32C1F80320C1F817
:103700000620FE228A727047024600284FF0000011
:1037100018BF002900D17047B0B502F1140E906AAD
:10372000D2E908459EE8085081E80850C1E9034500
:103730000028486118BF0120BDE8B0407047000074
:10374000F0B581B00F2B154602464FF001001CD892
:10375000DAB10E4629431C460023B3EBD12F14D116
:10376000101D28211746FCF78EFF00200021C4F20F
:103770004810B8600020C4F2F011C4F220103E805E
:10378000C7E9031000207D803C7101B0F0BD00004E
:103790004FF0000C002818BF002A01D16046704786
:1037A000082BFBD143889942F8D192F800C00379E5
:1037B0000CF00F01994267D180B5B2F8011013796E
:1037C00092F803E090ED021A31EE012A90ED045ACE
:1037D00009BA9FED2E7A090C75EE050A00EE101A53
:1037E0004FEA0E1192F805E041EA131103F00F03BE
:1037F00003EE101AB8EE400A4EEA032106EE101A44
:10380000B8EE433A4FFA8CFE22EE000A5FFA8EF3CE
:1038100090ED032A32EE024A4FF00F0CB8EE466AE2
:10382000DCEB131180EE070A4FF0010C24EE033A93
:1038300020EE864A30EE410A9FED151A83EE013ADA
:1038400080ED050A84EE011A33EE420A80ED060A85
:1038500031EE450A80ED070A18BF19091B0980F8E7
:10386000223001EADE1180F82310917980F82010CF
:103870000299D279416280F82120826A511C8162CA
:10388000BDE88040604670470020704700FF7F47DA
:1038900000F07F450000000072B600BFFEE70000A8
:1038A00044F60400C5F60200816841F0020181601F
:1038B0000168890409D4016889045CBF01685FEA72
:1038C000814102D401688904F2D5704700000000EC
:1038D00040F64850C2F2004002F02EB9000000004D
:1038E00040F6E850C2F2004002F026B900000000A5
:1038F00040F68860C2F2004002F01EB900000000ED
:1039000010B540F29C24C2F200442078012815D161
:1039100042F68000C2F200400AF082FD10B10120A0
:1039200010BD00BF2078012808D142F69C70C2F279
:103930000040BDE810400BF00FBF00BF002010BDDD
:1039400040F29C20C2F20040017842F68000C2F2B0
:103950000040002908BF0846704700000000000032
:1039600040F29C20C2F20040017842F69C70C2F204
:103970000040002908BF0846704700000000000012
:1039800040F6E852C2F2004290420DD040F6886202
:10399000C2F20042904218BF704742F69C70C2F2D9
:1039A00000400BF0E1BE00BF42F68000C2F20040D2
:1039B0000AF03EBD0000000040F6E852C2F20042AC
:1039C00090420DD040F68862C2F20042904218BF89
:1039D000704742F69C70C2F200400BF0D5BE00BFAB
:1039E00042F68000C2F200400AF032BD0000000042
:1039F000B0B540F29C24C2F20044217811B10020FD
:103A0000B0BD00BF80B1416871B1017A61B10546B6
:103A1000027842F6800040F6E851C2F20040C2F25D
:103A200000410AF069FD08B10120B0BD2B7A42F6D1
:103A30009C7040F688616A68C2F20040C2F20041A0
:103A40000BF0F2FE40B142F68000C2F200400AF0F4
:103A500057FE0120B0BD00BF002060600121217031
:103A6000B0BD00000000000040F29C20C2F2004007
:103A70000078012806D142F68000C2F200400AF028
:103A8000CFBC00BF00207047B0B540F29C25C2F209
:103A900000452878012818BFB0BD02F0A5FF29789D
:103AA000012934D1044642F68000C2F200400AF0F7
:103AB000B7FC08B36868201A29D404F16400686070
:103AC00042F68000C2F200400AF0AAFC28B142F699
:103AD0008000C2F200400AF093FD42F69C70C2F2F0
:103AE00000400BF039FE90B142F69C70C2F20040EB
:103AF0000BF09AFF0BE000BF2878012807D142F6AF
:103B00009C70C2F200400BF027FE0028D2D142F692
:103B10008000C2F200400AF037FD42F69C70C2F20B
:103B20000040BDE8B0400BF02FBF000000000000D7
:103B300040F29C20C2F200400078012806D142F6F3
:103B40009C70C2F200400BF007BE00BF002070471F
:103B500010B540F29C24C2F200442078012818BF1E
:103B600010BD42F68000C2F200400AF0C9FD42F6E4
:103B70009C70C2F200400BF0C7FF0020207010BD07
:103B80002DE9F041044602F02FFF3CB3054694F8BE
:103B90003500022826D1276840F20F46C4F20206FB
:103BA00040F26F483868B74220F0010038606FF08B
:103BB0000E00C4F202081DDC6F21C4F202018F4224
:103BC0002ADC3F21C4F202018F4241DC1021C4F201
:103BD00002018F4263D028215CE000BF0120BDE8D4
:103BE000F08100BF802060650120002184F834103E
:103BF000BDE8F08147451BDC40F23F41C4F20201C1
:103C00008F422DDC40F21041C4F202018F4246D0B7
:103C100040F228413EE000BF9F21C4F202018F42E2
:103C200028DC7021C4F202018F4238D0882131E0B3
:103C300040F29F41C4F202018F4223DC40F2704106
:103C4000C4F202018F422AD040F2884122E000BF34
:103C50004021C4F202018F4221D058211AE000BF56
:103C600040F24041C4F202018F4218D040F2584164
:103C700010E000BFA021C4F202018F420FD0B82192
:103C800008E000BF40F2B841C4F202018F4206D002
:103C900040F2A041C4F202018F42394607D13946B1
:103CA000386820F01E0041F8140B6FF080000A689D
:103CB000474500EA020008601ADC9F20C4F20200B7
:103CC000874233DC5720C4F2020087425ADC1020BE
:103CD000C4F20200874200F097802820C4F202005C
:103CE000874200F091804020C4F202008AE000BFC9
:103CF00045F22F40C5F6020087422DDC40F2B74066
:103D0000C4F2020087424BDC40F27040C4F2020071
:103D1000874279D040F28840C4F20200874273D0D3
:103D200040F2A040C4F202006CE000BF40F2274025
:103D3000C4F20200874243DCA020C4F202008742A2
:103D400062D0B820C4F2020087425DD040F2104039
:103D5000C4F2020056E000BF45F26B40C5F6020017
:103D600087423FDC45F23040C5F6020087424BD027
:103D700045F24440C5F60200874245D045F258401E
:103D80003EE000BF5820C4F2020087423CD07020C1
:103D9000C4F20200874237D08820C4F2020031E02A
:103DA00040F2B840C4F2020087422DD045F20840EC
:103DB000C5F60200874227D045F21C4020E000BF34
:103DC00040F22840C4F2020087421DD040F2404039
:103DD000C4F20200874217D040F25840C4F20200F9
:103DE00010E000BF45F26C40C5F6020087420BD0E0
:103DF00045F29440C5F60200874205D045F2804066
:103E0000C5F60200874205D1206E016821F4807159
:103E1000016000BF3868C00710D002F0E5FD401B0C
:103E20000628F7D320206065032084F835000120A0
:103E3000002184F83410BDE8F08100BF206808211B
:103E4000B0424FF03F0211DC6F23C4F202039842EC
:103E50001EDC3F23C4F20203984235DC1023C4F277
:103E60000203984257D0282350E000BF40451BDC96
:103E700040F23F43C4F2020398422DDC40F210436B
:103E8000C4F20203984246D040F228433EE000BF0D
:103E90009F23C4F20203984228DC7023C4F2020379
:103EA000984238D0882331E040F29F43C4F20203A5
:103EB000984223DC40F27043C4F2020398422AD0B5
:103EC00040F2884322E000BF4023C4F2020398423C
:103ED00021D058231AE000BF40F24043C4F202034D
:103EE000984218D040F2584310E000BFA023C4F21B
:103EF000020398420FD0B82308E000BF40F2A0436D
:103F0000C4F20203984206D040F2B843C4F202035E
:103F1000984240F0C580D4E9163707F01F074045A6
:103F200002FA07F25A5019DC9F21C4F202018842BA
:103F300032DC5721C4F20201884259DC1021C4F25C
:103F40000201884200F096802821C4F202018842D2
:103F500000F090804021C4F2020189E045F22F4137
:103F6000C5F6020188422DDC40F2B741C4F20201DD
:103F700088424BDC40F27041C4F20201884279D0A1
:103F800040F28841C4F20201884273D040F2A0415D
:103F9000C4F202016CE000BF40F22741C4F202010A
:103FA000884243DCA021C4F20201884262D0B821D9
:103FB000C4F2020188425DD040F21041C4F2020115
:103FC00056E000BF45F26B41C5F6020188423FDC76
:103FD00045F23041C5F6020188424BD045F24441DA
:103FE000C5F60201884245D045F258413EE000BF87
:103FF0005821C4F2020188423CD07021C4F202016F
:10400000884237D08821C4F2020131E040F2B84141
:10401000C4F2020188422DD045F20841C5F60201E2
:10402000884227D045F21C4120E000BF40F22841E1
:10403000C4F2020188421DD040F24041C4F20201A4
:10404000884217D040F25841C4F2020110E000BF8C
:1040500045F26C41C5F6020188420BD045F294410D
:10406000C5F60201884205D045F28041C5F602013D
:1040700088420BD1616EA26EE06E4A6030B1016879
:1040800021F480710160D4E91C014160012084F8B1
:1040900035000020002184F83410BDE8F08100BF15
:1040A0000421012237E70000F0B190F83510022911
:1040B00018D180B540F20F420168C4F20202914269
:1040C00014DC6F23C4F20203994225DC3F23C4F2BF
:1040D000020399423CDC1023C4F2020399425DD0F2
:1040E000282357E0802141650120704740F26F434B
:1040F000C4F2020399421BDC40F23F43C4F20203C4
:1041000099422DDC40F21043C4F20203994245D09B
:1041100040F228433EE000BF9F23C4F202039942CD
:1041200028DC7023C4F20203994237D0882331E09F
:1041300040F29F43C4F20203994223DC40F27043F1
:10414000C4F20203994229D040F2884322E000BF22
:104150004023C4F20203994220D058231AE000BF42
:1041600040F24043C4F20203994217D040F2584350
:1041700010E000BFA023C4F2020399420ED0B8237E
:1041800008E000BF40F2B843C4F20203994205D0F0
:1041900040F2A043C4F20203994275D191424FF01C
:1041A000040280F8352011DC6F20C4F20200814245
:1041B00022DC3F20C4F20200814239DC1020C4F22C
:1041C0000200814259D0282054E000BF40F26F40E5
:1041D000C4F2020081421BDC40F23F40C4F2020004
:1041E00081422DDC40F21040C4F20200814244D0F2
:1041F00040F228403EE000BF9F20C4F2020081420E
:1042000028DC7020C4F20200814236D0882031E0E0
:1042100040F29F40C4F20200814223DC40F2704031
:10422000C4F20200814228D040F2884022E000BF60
:104230004020C4F2020081421FD058201AE000BF83
:1042400040F24040C4F20200814216D040F2584091
:1042500010E000BFA020C4F2020081420DD0B820BF
:1042600008E000BF40F2B840C4F20200814204D02E
:1042700040F2A040C4F202008142086820F0010030
:104280000860002080BD00BF0A6822F001020A60B9
:1042900045F25742C5F6020291420A6822F00E0228
:1042A0000A600FDC45F22F42C5F60202914219DC8A
:1042B00045F20842C5F60202914229D045F21C425D
:1042C00022E000BF45F27F42C5F60202914213DCB4
:1042D00045F25842C5F60202914219D045F26C42AD
:1042E00012E000BF45F23042C5F6020291420FD003
:1042F00045F2444208E000BF45F29442C5F602028E
:10430000914205D045F28042C5F6020291421AD18F
:10431000D0E9181CD0E916E30A6822F480720A601A
:1043200003F01F01012202FA01F1CEF80410816EA0
:10433000CCF80410C16E31B10A6822F480720A60B0
:10434000D0E91C124A60012180F83510016D00226D
:10435000002980F8342094D08847002080BD0000D8
:10436000406D7047000000002DE9F04782B0002149
:10437000019140F2080148F2B513C2F20041C1F6C2
:104380004E33856D40F26F490A680168C4F2020934
:104390002E68A2FB032849452A6815DC9F22C4F237
:1043A000020291422CDC5722C4F20202914251DCFB
:1043B0001022C4F2020291427BD02822C4F20202EF
:1043C000914276D040226FE045F22F43C5F60203BA
:1043D000994229DC40F2B743C4F20203994245DC1A
:1043E00040F27042C4F20202914262D040F288422E
:1043F000C4F2020291425CD040F2A04254E000BFFD
:1044000040F22742C4F2020291423FDCA022C4F2F1
:10441000020291424DD0B822C4F20202914248D029
:1044200040F2104240E000BF45F26B43C5F6020384
:10443000994275DC45F23043C5F60203994200F01B
:10444000828045F24443C5F6020399427BD045F28F
:10445000584373E05822C4F20202914229D07022DC
:10446000C4F20202914224D088221DE040F2B843F7
:10447000C4F2020399421CD045F20843C5F6020378
:10448000994260D045F21C4358E000BF40F22842F8
:10449000C4F2020291420CD040F24042C4F2020245
:1044A000914206D040F25842C4F20202914240F0DA
:1044B0005383C26D082302F01F0240F20F4A93405B
:1044C000C4F2020A334200F0DE8051454FF004048A
:1044D00012DC6F27C4F20207B9426DDC3F27C4F239
:1044E0000207B94200F39C801027C4F20207B942C8
:1044F00000F0BD802827B5E0494569DC40F23F4720
:10450000C4F20207B94200F3938040F21047C4F2AC
:104510000207B94200F0AB8040F22847A2E000BF9A
:1045200045F26C43C5F6020399420CD045F2804334
:10453000C5F60203994206D045F29443C5F602033C
:10454000994240F009830B68C76D07F01F070426E6
:10455000BE40164218BF13F0040423D10226BE4009
:10456000164218BF13F0020442D1FA40120740F17C
:10457000F38213F0080200F0EF820A6822F00E02C4
:104580000A60012101FA07F26A60416580F835107E
:10459000C16C00294FF0000280F8342040F0D8822E
:1045A000DAE200BF1A046E6034D49A0635D40A6881
:1045B00022F004020A6030E09F27C4F20207B942E9
:1045C00040DC7027C4F20207B94250D0882749E086
:1045D00040F29F47C4F20207B9423BDC40F2704709
:1045E000C4F20207B94242D040F288473AE000BF25
:1045F0001A046E6000F1B4829A0600F1B5820A686E
:1046000022F00A020A60012180F83510002180F8AA
:104610003410A9E2D90300F1A982016C97E200BF2E
:104620004027C4F20207B94221D058271AE000BF40
:1046300040F24047C4F20207B94218D040F258474E
:1046400010E000BFA027C4F20207B9420FD0B8277C
:1046500008E000BF40F2A047C4F20207B94206D00A
:1046600040F2B847C4F20207B94218BF08240F68E5
:10467000274208D00F6827F004070F60AB60436D36
:1046800043F0010343650123934033426FD051450A
:1046900010DC6F27C4F20207B9421DDC3F27C4F2C9
:1046A0000207B94234DC1027C4F20207B94256D0DF
:1046B00028274FE049451BDC40F23F47C4F2020780
:1046C000B9422DDC40F21047C4F20207B94246D08D
:1046D00040F228473EE000BF9F27C4F20207B942DC
:1046E00028DC7027C4F20207B94238D0882731E0AD
:1046F00040F29F47C4F20207B94223DC40F2704700
:10470000C4F20207B9422AD040F2884722E000BF33
:104710004027C4F20207B94221D058271AE000BF4F
:1047200040F24047C4F20207B94218D040F258475D
:1047300010E000BFA027C4F20207B9420FD0B8278B
:1047400008E000BF40F2A047C4F20207B94206D019
:1047500040F2B847C4F20207B94240F00D824F69F7
:104760003F0604D5AB60436D43F002034365042369
:10477000934033426FD0514510DC6F27C4F20207DB
:10478000B9421DDC3F27C4F20207B94234DC1027CE
:10479000C4F20207B94256D028274FE049451BDC36
:1047A00040F23F47C4F20207B9422DDC40F2104705
:1047B000C4F20207B94246D040F228473EE000BFAB
:1047C0009F27C4F20207B94228DC7027C4F202070F
:1047D000B94238D0882731E040F29F47C4F202073F
:1047E000B94223DC40F27047C4F20207B9422AD032
:1047F00040F2884722E000BF4027C4F20207B942D6
:1048000021D058271AE000BF40F24047C4F2020707
:10481000B94218D040F2584710E000BFA027C4F2B8
:104820000207B9420FD0B82708E000BF40F2A04706
:10483000C4F20207B94206D040F2B847C4F20207F8
:10484000B94240F0A1810F68BF0704D5AB60436D4A
:1048500043F004034365102303FA02F2324200F0EE
:10486000828051454FF0080310DC6F27C4F2020725
:10487000B9421DDC3F27C4F20207B94234DC1027DD
:10488000C4F20207B94256D028274FE049451BDC45
:1048900040F23F47C4F20207B9422DDC40F2104714
:1048A000C4F20207B94246D040F228473EE000BFBA
:1048B0009F27C4F20207B94228DC7027C4F202071E
:1048C000B94238D0882731E040F29F47C4F202074E
:1048D000B94223DC40F27047C4F20207B9422AD041
:1048E00040F2884722E000BF4027C4F20207B942E5
:1048F00021D058271AE000BF40F24047C4F2020717
:10490000B94218D040F2584710E000BFA027C4F2C7
:104910000207B9420FD0B82708E000BF40F2A04715
:10492000C4F20207B94206D040F2B847C4F2020707
:10493000B94218BF04230F681F4214D0AA600A6846
:1049400052030A6808D4D20508D40A6822F0080283
:104950000A60016C21B906E0110351D4016C11B158
:10496000044688472046C16D01F01F02202101FA4C
:1049700002F3334200F0AF8001681027514511DC8B
:104980006F26C4F20206B1421EDC3F26C4F20206C4
:10499000B14239DC1026C4F20206B1425BD02826AF
:1049A00054E000BF49451BDC40F23F46C4F202061A
:1049B000B14231DC40F21046C4F20206B1424AD0A4
:1049C00040F2284642E000BF9F26C4F20206B142F0
:1049D0002CDC7026C4F20206B1423CD0882635E0B9
:1049E00040F29F46C4F20206B14227DC40F2704614
:1049F000C4F20206B1422ED040F2884626E000BF43
:104A0000816C0029ACD1AEE74026C4F20206B14267
:104A100021D058261AE000BF40F24046C4F20206F8
:104A2000B14218D040F2584610E000BFA026C4F2B0
:104A30000206B1420FD0B82608E000BF40F2A046FF
:104A4000C4F20206B14206D040F2B846C4F20206F1
:104A5000B14218BF02270E683E423CD0AB6090F8CE
:104A60003530042B0B681DD123F016030B604B6906
:104A700023F080034B61036C0BB9836C1BB10B6893
:104A800023F008030B603F219140A960012180F8C9
:104A90003510016D00294FF0000280F8342057D105
:104AA0005AE000BF5A030A680ED4D2050ED40A6831
:104AB00022F010020A60012180F83510002180F8F0
:104AC0003410C16B21B906E0110351D4C16B11B18F
:104AD000044688472046416D00293DD0416DC907F5
:104AE00034D0042180F8351001684FEA98220B6811
:104AF00023F001030B60019B0133019393421AD809
:104B00000B68DB0717D0019B01330193934212D846
:104B10000B68DB070FD0019B0133019393420AD846
:104B20000B68DB0707D0019B01330193934202D846
:104B30000B68DB07DFD10968C9074FF0030108BF25
:104B4000012180F83510002180F83410C16C19B1B2
:104B500002B0BDE8F047084702B0BDE8F08700BFEB
:104B6000D90301D4416CF2E7C16BF0E7816CEEE749
:104B7000416C0029ACD1AEE70B680423934033426B
:104B80007FF4F9AD67E600BF0B6864E60000000043
:104B90002DE9F041044601F027FFFCB140F26F48D7
:104BA00005462068C4F2020840451BDC9F21C4F280
:104BB0000201884232DC5721C4F20201884259DCEA
:104BC0001021C4F20201884200F083802821C4F23F
:104BD0000201884200F07D80402175E00120BDE89F
:104BE000F08100BF45F22F41C5F60201884229DC61
:104BF00040F2B741C4F20201884247DC40F2704102
:104C0000C4F20201884264D040F28841C4F2020139
:104C100088425ED040F2A04156E000BF40F22741FA
:104C2000C4F20201884241DCA021C4F202018842A0
:104C30004FD0B821C4F2020188424AD040F210415C
:104C400042E000BF45F26B41C5F60201884200F325
:104C5000D18045F23041C5F60201884200F0DD8086
:104C600045F24441C5F60201884200F0D68045F283
:104C70005841CDE05821C4F20201884229D0702168
:104C8000C4F20201884224D088211DE040F2B841DC
:104C9000C4F2020188421CD045F20841C5F6020167
:104CA000884200F0BA8045F21C41B1E040F2284150
:104CB000C4F2020188420CD040F24041C4F2020129
:104CC000884206D040F25841C4F20201884240F0C6
:104CD0003981022184F83510002184F834100168EC
:104CE00021F00101016000BF20680168C9070DD0F3
:104CF00001F07AFE401B0628F6D3202060650320D1
:104D000084F835000120BDE8F08100BF48F23F0281
:104D100004F108060168CFF61062114065694CCEB7
:104D20001143A2691943E3693143266A0D43616A5D
:104D30002B43042943EA060343EA020303D1D4E9DF
:104D40000B652E4333436568A5F12906292E00F231
:104D50003182DFE816F02B002B002B002B002B00FC
:104D60002B002F022F022F022F022F022F022F02C1
:104D70002F022F022F022F022F022F022F022F02AB
:104D80002F022B002B002B002B002F022F022F02B3
:104D90002F022B002B002F022F022F022F022F0297
:104DA0002F022B002B002B002B0000BF43F480139D
:104DB00003600429436923F0070341EA030140F03B
:104DC000DD80D4E90A53002B41EA050100F0D680CA
:104DD000B2F5005F00F0B880002A40F0C180022DDB
:104DE00000F0C180012D00F0B580002D00F0BB80E7
:104DF000C4E000BF45F26C41C5F6020188420CD008
:104E000045F28041C5F60201884206D045F2944140
:104E1000C5F60201884240F0958004F1080E022197
:104E200084F83510002184F834100168A3699EE8E5
:104E30000450A2F18005E769B5FA85F566696D0948
:104E4000402A4FEA853543EA07026FF3101142EA20
:104E5000060208BF102541EADC0142EA0E02236A7D
:104E6000294341EAD20141EA131140F80819C0B2BE
:104E7000CD2148433C2101EA9020E0652046FDF722
:104E800067F9E16D012201F01F0102FA01F14160B1
:104E90002068404500F381809F21C4F202018842CE
:104EA00014DC5721C4F20201884227DC1021C4F22D
:104EB0000201884200F0C7802821C4F20201884222
:104EC00000F0C1804021C4F20201B9E040F2274164
:104ED000C4F20201884221DCA021C4F2020188420E
:104EE00000F0B180B821C4F20201884200F0AB802A
:104EF00040F21041C4F20201A2E000BF5821C4F206
:104F00000201884200F09F807021C4F202018842B1
:104F100000F099808821C4F2020191E040F228411A
:104F2000C4F20201884200F08E8040F24041C4F297
:104F30000201884200F0878040F25841C4F2020129
:104F40007EE000BF4020D9E6032D17D8DFE805F04A
:104F50000E0B0E02A3F1C072B2FA82F2520904E003
:104F6000032D03D30AD1C3F300623AB14020606538
:104F7000012084F83500BDE8F08100BF4161204682
:104F8000FDF7E6F8E16D3F2201F01F0102FA01F1A1
:104F90008160206840457FF77FAF45F22F41C5F61D
:104FA0000201884216DC40F2B741C4F20201884295
:104FB00026DC40F27041C4F20201884243D040F244
:104FC0008841C4F2020188423DD040F2A041C4F2BF
:104FD000020135E045F26B41C5F6020188421FDC53
:104FE00045F23041C5F6020188422CD045F24441D9
:104FF000C5F60201884226D045F258411EE000BFA6
:1050000040F2B841C4F2020188421CD045F2084186
:10501000C5F60201884216D045F21C410EE000BFE1
:1050200045F26C41C5F6020188420CD045F294412C
:10503000C5F60201884206D045F28041C5F602015C
:10504000884240F0E18045F2574C45F6FC0EC5F62B
:10505000020CC5F6020E60450EDC45F22F41C5F686
:105060000201884218DC45F20841C5F60201884277
:1050700028D045F21C4121E045F27F41C5F60201EE
:10508000884213DC45F25841C5F60201884219D026
:1050900045F26C4112E000BF45F23041C5F6020115
:1050A00088420FD045F2444108E000BF45F29441E8
:1050B000C5F60201884205D045F28041C5F60201DD
:1050C000884247D100F0FC014CF6CD420839CCF6BD
:1050D000CC42A1FB0212AEF1FC05AEF17C06130935
:1050E000A26803F01F01802A4FF0010205EB83053F
:1050F000256602FA01F26666A26605D100206060AC
:10510000286072601EE000BF6368D9B25F1E072F7F
:105110002960726016D84E1E082E19D260450EF115
:10512000440237DC45F22F41C5F60201884249DCD2
:1051300045F20841C5F60201884259D045F21C41AA
:1051400052E000BF00206067C4E91B005CE000BFC4
:10515000E06E54E000F0F8014AF6AB221039CAF6CE
:10516000AA22A1FB021240F20F43C4F20203082557
:105170001109984203F1AA060B4688BF05EB1213EA
:1051800040F60005B042C4F2020505F1800628BFD2
:105190000B46A5E745F27F41C5F6020188421BDCBC
:1051A00045F25841C5F60201884221D045F26C41D2
:1051B0001AE000BF25F00307742F08BF43F48013E3
:1051C000F6E500BF45F23041C5F6020188420FD036
:1051D00045F2444108E000BF45F28041C5F60201B6
:1051E000884205D045F29441C5F60201884213D1A8
:1051F0000EEB83000121E066B14022676167002168
:105200000160D4E91C01416000206065012184F83F
:105210003510BDE8F08100BF40F60000C4F2020086
:1052200000F1FC0E00F5A072E2E7000000000000B3
:1052300030B110B590F83440012C03D1022010BDDC
:1052400001207047012480F8344090F83540012C4B
:105250002CD1022480F8354000244465D0F800C0E9
:10526000DCF8004024F00104CCF800400446FDF7CF
:1052700003F840F20F4C2068C4F2020C40F26F4178
:105280006045C4F2020119DC6F23C4F202039842A4
:1052900026DC3F23C4F2020398423DDC1023C4F213
:1052A000020398425FD0282358E000BF4FF400610A
:1052B0004165002180F83410012010BD88421BDCBC
:1052C00040F23F43C4F2020398422DDC40F2104307
:1052D000C4F20203984246D040F228433EE000BFA9
:1052E0009F23C4F20203984228DC7023C4F2020315
:1052F000984238D0882331E040F29F43C4F2020341
:10530000984223DC40F27043C4F2020398422AD050
:1053100040F2884322E000BF4023C4F202039842D7
:1053200021D058231AE000BF40F24043C4F20203E8
:10533000984218D040F2584310E000BFA023C4F2B6
:10534000020398420FD0B82308E000BF40F2B843F0
:10535000C4F20203984206D040F2A043C4F2020312
:10536000984240F02F8103680B2262F344030360EC
:10537000226C1AB1082302681A430260884219DCC1
:105380009F22C4F20202904232DC5722C4F202028F
:10539000904259DC1022C4F20202904200F0968042
:1053A0002822C4F20202904200F090804022C4F20F
:1053B000020289E045F22F42C5F6020290422DDC3E
:1053C00040F2B742C4F2020290424BDC40F270421B
:1053D000C4F20202904279D040F28842C4F2020242
:1053E000904273D040F2A042C4F202026CE000BFCF
:1053F00040F22742C4F20202904243DCA022C4F2EF
:105400000202904262D0B822C4F2020290425DD001
:1054100040F21042C4F2020256E000BF45F26B4275
:10542000C5F6020290423FDC45F23042C5F6020268
:1054300090424BD045F24442C5F60202904245D01C
:1054400045F258423EE000BF5822C4F202029042A8
:105450003CD07022C4F20202904237D08822C4F2BB
:10546000020231E040F2B842C4F2020290422DD072
:1054700045F20842C5F60202904227D045F21C428E
:1054800020E000BF40F22842C4F2020290421DD048
:1054900040F24042C4F20202904217D040F2584219
:1054A000C4F2020210E000BF45F26C42C5F60202EF
:1054B00090420BD045F29442C5F60202904205D0CC
:1054C00045F28042C5F60202904274D1236E1A68FA
:1054D000D20303D51A6842F480721A60E36E1BB1DE
:1054E0001A6842F480721A60604511DC6F21C4F2C0
:1054F000020188421EDC3F21C4F20201884235DCF1
:105500001021C4F20201884255D0282150E000BF8A
:1055100088421BDC40F23F41C4F2020188422DDC8C
:1055200040F21041C4F20201884244D040F22841C6
:105530003EE000BF9F21C4F20201884228DC7021B6
:10554000C4F20201884236D0882131E040F29F4106
:10555000C4F20201884223DC40F27041C4F202012D
:10556000884228D040F2884122E000BF4021C4F2A6
:10557000020188421FD058211AE000BF40F240418A
:10558000C4F20201884216D040F2584110E000BF38
:10559000A021C4F2020188420DD0B82108E000BF6A
:1055A00040F2B841C4F20201884204D040F2A04166
:1055B000C4F202018842016841F00101016000204B
:1055C00010BD00BF0268052363F343020260226C32
:1055D000002A3FF4D3AE0423CDE600000000000013
:1055E000B0B5044601F000FA40F200010546C2F2EF
:1055F0000041621C097818BF0C4400BF01F0F4F9A7
:10560000401BA042FAD3B0BD90F89830013B012B6B
:105610000ED80068836D0B4212D0836D0B408B4215
:1056200032D1C36D43F00203C3658B050ED412E083
:1056300000F19C01012002220B681A430A607047A6
:10564000C36D43F00103C3658B0504D5D0F8E0308A
:105650001343C0F8E0304B0504D5D0F8E4301A43CA
:10566000C0F8E4204FF6FF72436DC3F6CF720A40D4
:105670001A4342658A0F4AF614010020C4F2000161
:105680000B681A430A6070470323C3658B05DDD49A
:10569000E1E700000000000090F89830022B1BD1D9
:1056A0002DE9F0430668D6F8C03013F07C5F1BD0BC
:1056B000D6F8C4309B0221D4D6F8C4300C69C3F3A9
:1056C000044CD1E90035002D8D6821D023432B43B4
:1056D00043F0804E20E000BFD0F89C1041F008015C
:1056E000C0F89C1001207047D0F89C1041F02001B8
:1056F000C0F89C100120BDE8F08300BFD0F89C10DA
:1057000041F40071C0F89C100120BDE8F08300BF97
:1057100044EA834343EA050E836ED0F88450D1E90E
:1057200007970CFB03F48B6949EA0767D1F81480EB
:10573000D1F80C901F4305EB840347EA080745F8AE
:1057400024E047EA09475F60CF6887B146F65C25E9
:10575000083303320024C0F6010500BF171957F8BB
:10576000037C1F51CF680434EF5DBC42F6D30121A6
:1057700001FA0CF1C6F8D010C0F894100020BDE872
:10578000F0830000000000007047000000000000EF
:1057900090F89820013A012A0CD880B50A68002AAE
:1057A000CA680FD00B69072A43EA427E18D18B6979
:1057B0001BE000BFD0F89C1041F00201C0F89C1023
:1057C00001207047072A19D10A69D1E906C31204DA
:1057D00042EA032242EA0C0242F0605218E000BFA3
:1057E000D1F808C04B6943EA8C73006F496800EB3D
:1057F000C10240F831E05360002080BD8B68D1E9E0
:1058000004CE9B0743EAC26242EA0C4242EA0E021D
:105810004968C06E40F82120002080BD00000000D3
:1058200090F898C0BCF1010F0ED19200006842EAD6
:105830000111DDF800C041EA430141EA0C01C0F862
:1058400080100020704700BFD0F89C1041F0040188
:10585000C0F89C100120704790F89830012B0DD1B2
:10586000402900684FEAC27110D1D0F8A02022F080
:1058700000421143C0F8A01000207047D0F89C10DF
:1058800041F00401C0F89C1001207047D0F8B0200E
:1058900022F000421143C0F8B01000207047000011
:1058A0007047000000000000FEF76AB8000000002A
:1058B0000068426C02F007000860C2F302204860F2
:1058C000C2F3803302F018008860C2F34010C86051
:1058D000C2F380100861C2F3C0104861C2F3C02057
:1058E0008861C2F30030C861C2F34030C1E90803E7
:1058F000C2F3064200208A627047000000000000E8
:10590000B422402908BFA4220068805800F07F001C
:1059100070470000000000002DE9F04390F89870F7
:10592000022F17D140291FD10468274657F8A06FCE
:1059300016F4FE0F3AD0D4F8A460760640D0D4F81E
:10594000A460D4F8A450ED01C6F3052E42D444253A
:10595000742656E0D0F89C1041F00801C0F89C1065
:105960000120BDE8F08300BF412915D10668374604
:1059700057F8B05F15F4FE0F18D0D6F8B4506D0686
:105980001ED0D6F8B450D6F8B460F601C5F3052E93
:105990002AD44C25782634E0076DB94206D24FF060
:1059A000000C54257C268E462CE000BFD0F89C10BD
:1059B00041F02001C0F89C100120BDE8F08300BF39
:1059C000D0F89C1041F48071C0F89C100120BDE813
:1059D000F08300BF3E684425B6F1FF3F4FF07406E8
:1059E000F4460FDC08E000BF3E684C25B6F1FF3FEF
:1059F0004FF07806F44605DC0EF101043F6804EA36
:105A0000174EF446445985590EFB04F405EB840EF9
:105A100055F8247017F08047576055F8247027F028
:105A2000604608BFC7F38A46166055F8247007F031
:105A30000057976055F8244004F000441461BEF804
:105A40000440D461BEF8064014F00F04D460DEF8C0
:105A5000044004F480145461DEF8044004F400149B
:105A600094619EF8074004F07F041462DEF804405D
:105A70004FEAD474546228D046F65C280026C0F65B
:105A800001080EEB0604751C277A9F55D76818F895
:105A90000770BD4219D29F19657A7D70D56818F8D4
:105AA0000590B51C4D453FBFA57ABD70D56818F867
:105AB00005903CBFF51C4D4507D2E47A0436FC70D6
:105AC000D46818F80440A642DBD3402906D1006808
:105AD000C0F8A8C00020BDE8F08300BF412905D16F
:105AE0000068C0F8B8C00020BDE8F0831F2909D8BD
:105AF0000068012202FA01F1C0F898100020BDE808
:105B0000F08300BF006801F01F01012202FA01F1D9
:105B1000C0F89C100020BDE8F083000000000000E9
:105B20000068D0F8C40000F03F007047000000009B
:105B300070470000000000002DE9F04F87B00446D8
:105B40004AF61000C4F2000001684AF61400C4F2DC
:105B50000000026820680A40D0F850B0D0F8549095
:105B6000056D466D036D0293436D0193036D0693BE
:105B7000436D0593036D0493436D0393D0F854A0D4
:105B8000D0F850805FEACA5311D518F480710ED056
:105B90004FF4807101654AF610010020C4F2000143
:105BA000174608602046FFF7C3FF3A4620685FEAC1
:105BB0004A510BEA090B4FEA827740F14B814AF6D2
:105BC000100918F48061C4F2000910D0D0F8DC107C
:105BD0000092D0F8E42011404FF48062026500206A
:105BE000C9F80000204600F0F3FD009A206805EA9D
:105BF00006050BF4704657B10021016502F0030061
:105C0000C9F8000020463946FFF7BEFD2068DDE9EF
:105C1000012101EA020705F00F0546B106650020E3
:105C2000C9F800002046314600F0DAFD206807F090
:105C3000F00645B105650020C9F800002046294658
:105C400000F0C6FB206846B106650020C9F80000D8
:105C50002046314600F0C0FB20685FEA0A510CD5AF
:105C600018F4006109D04FF4006101650020C9F803
:105C70000000204600F0B8FD20685FEA8A5111D587
:105C800018F400710ED0D0F8D810D0F8E0201140F0
:105C90004FF4007202650020C9F80000204600F0B1
:105CA0009BFD20685FEA0A310CD518F4002109D069
:105CB0004FF4002101650020C9F80000204600F0E3
:105CC00083FB20685FEACA310CD518F4803109D013
:105CD0004FF4803101650020C9F80000204600F033
:105CE00073FD20685FEA4A31DDE9032101EA02051C
:105CF0000CD518F4802109D04FF4802101650020D3
:105D0000C9F80000204600F05BFD20685FEA8A3198
:105D1000DDE9052102EA010205F060710ED518F4F3
:105D200000330BD04FF4003303650023C9F8003073
:105D3000D4F89C3043F08003C4F89C3002F07155D5
:105D400039B101650020C9F800002046FFF7ACFD1D
:105D5000206845B105650021C9F80010D4F89C10F1
:105D60002943C4F89C10A9F5016188420AD0D4F8EF
:105D70009C0000286AD0204607B0BDE8F04FFFF72E
:105D80008FBD00BF606881688907F0D0016A426AF0
:105D9000036A476A114003EA070202F03005D0F8AF
:105DA0002080D0F82490D0F820B0466A026A06928B
:105DB00011F00F01426A0592D0F824A0026A049201
:105DC00003D00162204600F0EFFC08EA09072DB17C
:105DD000606829460562204600F0EEFC5FEA4A60F2
:105DE00006EA0B0607F4C0750ED5049810F04000C3
:105DF0000AD060684023C16BC26B090C02F03F02FD
:105E00000362204600F0D4FCDDE9051000EA01073A
:105E100006F4FC462DB1606829460562204600F074
:105E2000BFFC07F4F02036B161680E62D4F89C1014
:105E30003143C4F89C10002899D061680862D4F8F6
:105E40009C100843C4F89C0091E700BF07B0BDE870
:105E5000F08F00BF4AF61009C4F20009002F05EACE
:105E600006050BF470467FF4C7AED0E600000000D4
:105E7000F0B12DE9F04F83B04AF200080446C4F2B5
:105E800000080068404533D094F89810B9B3816990
:105E900021F01001816100F0A7FD054620688169AD
:105EA000090707D500F0A0FD401B0B28F6D312E030
:105EB00001207047816941F00101816100F094FD8A
:105EC000054600BF20688169C90721D100F08CFD1B
:105ED000401B0B28F6D30120D4F89C100843C4F8CB
:105EE0009C00032084F89800012003B0BDE8F08FE7
:105EF00008F58071616094F898100029C7D10020DE
:105F000084F89900204600F0B3F92068BFE700BF8D
:105F1000816941F002018161217C826922F04002A5
:105F2000012918BF40328261617C826922F480427B
:105F3000012908BF02F580428261A17C826922F4B6
:105F40008052012918BF02F580528261816921F4D3
:105F50004073D4E902120B438361836923F0A403E5
:105F60008361036923F0100303619AB1012A0DD004
:105F7000022A09D08369032A43F0800383610369FD
:105F800043F01002026105D1202200E0042283695F
:105F90001A438261D4E90572E369561E6FF0FF026D
:105FA000256A02EB0323B1F5407F43EA4663A5F17E
:105FB000010646EA030640F20003CFF6FF7303EB47
:105FC000074746EA0701C16110D1D4E90B65D4E95E
:105FD0000917013F02EB06226FF00F063A4306EB6A
:105FE00005173A4303EB01411143C160236E2BB106
:105FF000616ED0F8C0201143C0F8C010E16DCDE94A
:106000000113D94246F65411C0F6010109D0D0F867
:10601000C820A36E22F0070251F823301A43C0F8BB
:10602000C820D4F840C0BCF1000F09D0D0F8BC2083
:10603000636C22F0070251F823301A43C0F8BC20E9
:10604000D4F848B0BBF1000F0AD0D0F8BC20E36C04
:1060500022F0700251F8233042EA0312C0F8BC204B
:10606000D4F850A0BAF1000F0AD0D0F8BC20636D6C
:1060700022F4E06251F8231042EA0121C0F8BC107A
:10608000404504D161688A6822F003028A600021D9
:10609000C4F89410C4F89C10012184F8981004F1FD
:1060A0003409D0F884104FF6FC729143656C99E87E
:1060B0000C02009541EA8201C0F88410D0F88410E7
:1060C00021F47F0141EA0341C0F884109918D0F807
:1060D00088306FF38F0343EA8103C0F88830D0F82B
:1060E000883023F4FE0343EA0943C0F8883001EB0B
:1060F0004903D0F8A0606FF38F0646EA8306C0F824
:10610000A060D0F8A06026F4FE0646EA0C46C0F86F
:10611000A06005FB0C36D0F8B0306FF38F0343EA74
:106120008603C0F8B030D0F8B03023F4FE0343EA61
:106130000B43C0F8B030E36CD0F8AC506FF38F0570
:1061400003FB0B6645EA8605C0F8AC50D4F85480D2
:1061500008FB0A65D0F8F0606FF38F0646EA850603
:10616000C0F8F060D0F8F0E0A66D2EF47C1747EA96
:106170000647C0F8F070F70007EB8507D0F8C0506D
:106180006FF38F052F43C0F8C070D0F8C070009D2A
:10619000DDF804E027F47C1705FB0CFC4AF200054F
:1061A00047EA0E47C0F8C070C4F2000503FB0BC3FA
:1061B00005F54067D0F8C05007EB820207EB81017C
:1061C00025F07C57029D47EA0567C0F8C07001EBD7
:1061D000C90008FB0A372167A16E00EB8C0C6067D1
:1061E00000EB8303E266C4E91EC30EFB01F300EB80
:1061F00087006943C4F8800000EBC600C4F884003F
:1062000000EB8300C4F8880000EB81004DF2FC3104
:10621000C4F20001C4F89000884201D920205BE656
:1062200082421FD21146002041F8040BD4F890306E
:106230009942BFF45AAE506002F10801D4F8903090
:1062400099423FBF906002F10C01D4F8903099421E
:10625000BFF44BAED0601032D4F890108A42E1D334
:1062600043E600BF002003B0BDE8F08F000000004F
:1062700010B586B04DF200420068C4F20002002161
:1062800090420591CDE90311CDE901115CD04AF2AC
:106290000041C4F2000188422ED04AF20001C4F24B
:1062A0000001884240F08B8040F2F83144F2E04037
:1062B000C2F20041C5F602000A68002A02F101029A
:1062C0000A6008D1C16841F48071C160C16801F4FD
:1062D0008071009100990168132441F0010101606F
:1062E0000068092100F001000090009800204FF4A0
:1062F000C052C5F6020050E040F2F83144F2E040EE
:10630000C2F20041C5F602000A68002A02F1010249
:106310000A6008D1C16841F48071C160C16801F4AC
:106320008071009100990168142441F0020101601C
:106330000068092100F00200009000980020C5F6D6
:10634000020000F5806026E040F2F83144F2E040BF
:10635000C2F20041C5F602000A68002A02F10102F9
:106360000A6008D1C16841F48071C160C16801F45C
:1063700080710091009901689F2441F0080101603B
:106380000068052100F00800009000980020C5F684
:10639000020000F540604FF44052059101A90192BE
:1063A000022202920022CDE9032200F021FA052107
:1063B0000022204600F034FC204600F01DFC06B010
:1063C00010BD000000000000704700000000000049
:1063D000FDF7F2BA00000000704700000000000066
:1063E00090F8981001290DD1022180F898100168C9
:1063F0008A6922F001028A610021C0F89C10002005
:10640000704700BFD0F89C1041F00401C0F89C1008
:10641000012070470000000090F89810022927D151
:10642000016851F8182F42F001020A600A68D20789
:1064300004BF0A685FEAC27222D00A6822F0100222
:106440000A600A68120707D50A68120744BF0A687B
:106450005FEA027200F1D2800A6842F002020A602A
:106460000021C0F89410012280F898200846704757
:10647000D0F89C1041F00801C0F89C100120704732
:106480000A68D20704BF0A685FEAC272D5D10A68F7
:10649000D20704BF0A685FEAC272CED10A68D20787
:1064A00004BF0A685FEAC272C7D10A68D20704BF94
:1064B0000A685FEAC272C0D10A68D20704BF0A68DC
:1064C0005FEAC272B9D10A68D20704BF0A685FEAFC
:1064D000C272B2D10A68D20704BF0A685FEAC27208
:1064E000ABD10A68D20704BF0A685FEAC272A4D1BE
:1064F0000A68D20704BF0A685FEAC2729DD10A68BF
:10650000D20704BF0A685FEAC27296D10A68D2074E
:1065100004BF0A685FEAC2728FD10A68D20704BF5B
:106520000A685FEAC2727FF488AF0A68D20704BFC4
:106530000A685FEAC2727FF480AF0A68D20704BFBC
:106540000A685FEAC2727FF478AF0A68D20704BFB4
:106550000A685FEAC2727FF470AF0A68D20704BFAC
:106560000A685FEAC2727FF468AF0A68D20704BFA4
:106570000A685FEAC2727FF460AF0A68D20704BF9C
:106580000A685FEAC2727FF458AF0A68D20704BF94
:106590000A685FEAC2727FF450AF0A68D20704BF8C
:1065A0000A685FEAC2727FF448AF0A68D20704BF84
:1065B0000A685FEAC2727FF440AF0A68D20704BF7C
:1065C0000A685FEAC2727FF438AF0A68D20704BF74
:1065D0000A685FEAC2727FF430AF0A68D20704BF6C
:1065E0000A685FEAC2727FF428AF0A68D20704BF64
:1065F0000A685FEAC2727FF420AFC3E00A6812073C
:1066000044BF0A685FEA02727FF526AF0A68120784
:1066100044BF0A685FEA02727FF51EAF0A6812077C
:1066200044BF0A685FEA02727FF516AF0A68120774
:1066300044BF0A685FEA02727FF50EAF0A6812076C
:1066400044BF0A685FEA02727FF506AF0A68120764
:1066500044BF0A685FEA02727FF5FEAE0A6812075D
:1066600044BF0A685FEA02727FF5F6AE0A68120755
:1066700044BF0A685FEA02727FF5EEAE0A6812074D
:1066800044BF0A685FEA02727FF5E6AE0A68120745
:1066900044BF0A685FEA02727FF5DEAE0A6812073D
:1066A00044BF0A685FEA02727FF5D6AE0A68120735
:1066B00044BF0A685FEA02727FF5CEAE0A6812072D
:1066C00044BF0A685FEA02727FF5C6AE0A68120725
:1066D00044BF0A685FEA02727FF5BEAE0A6812071D
:1066E00044BF0A685FEA02727FF5B6AE0A68120715
:1066F00044BF0A685FEA02727FF5AEAE0A6812070D
:1067000044BF0A685FEA02727FF5A6AE0A68120704
:1067100044BF0A685FEA02727FF59EAE0A681207FC
:1067200044BF0A685FEA02727FF596AE0A681207F4
:1067300044BF0A685FEA02727FF58EAE0A681207EC
:1067400044BF0A685FEA02727FF586AE0A681207E4
:1067500044BF0A685FEA02727FF57EAE0A681207DC
:1067600044BF0A685FEA02727FF576AE0A681207D4
:1067700044BF0A685FEA02727FF56EAE0A681207CC
:106780007FF56AAED0F89C1041F00101C0F89C1072
:10679000032180F8981001207047000000000000DD
:1067A000704700000000000070470000000000007B
:1067B000704700000000000070470000000000006B
:1067C000704700000000000070470000000000005B
:1067D000704700000000000070470000000000004B
:1067E000704700000000000070470000000000003B
:1067F0002DE9F04F85B00F680390002F00F0E68080
:10680000039842F2004600F126428C4602F1FF72E4
:10681000C5F602060A21B0424FEAB22600F1200076
:1068200008BF09210090082E38BF4FEAB22100248A
:1068300000264FF000080191CDF808C00CE000BF21
:1068400008F10108DCF8007037FA08F106F10206D9
:1068500004F1040400F0BA80012000FA08F217EAFB
:106860000209EDD0DCF804A003200AF0030B00FAC3
:1068700006F5ABF10107012F12D803988768DCE910
:1068800002C3AF43B3403B438360CAF3001743687E
:1068900023EA020207FA08F31A43426008E000BF45
:1068A000DCF808C0BBF1030F08BFBCF1010F2DD00D
:1068B00003994FEA480EE8430CFA06F3CA68BBF1A5
:1068C000020F22EA050242EA0302CA601AD1834695
:1068D0006FF0030000EA5802009804F01C050F2135
:1068E00050F802C001FA05FA02992CEA0A078C4610
:1068F0000B69AB403B438350D1F804A058460AF0E3
:10690000030B0BE0DDF808C008E000BF4FF0030BFD
:10691000B6460BFA06F2DDF808C0D043039B1AF422
:10692000403F1A6802EA00010BFA0EF241EA020146
:1069300019603FF485AF44F2F44040F20845C5F6D3
:106940000200C5F60005016841F00201016001681E
:106950000F2001F00201049128F00301049A04F0D1
:106960000C024B5900FA02F70198BB4300FA02F2FD
:106970004FF0B0401A434A510168DCF8042041EA64
:106980000903D70258BF21EA09039702036040F2C6
:106990000400C5F60000016841EA090358BF21EA76
:1069A000090397030360D0F8801041EA090358BF38
:1069B00021EA0903D203C0F88030C16F41EA09031C
:1069C00058BF21EA0903C3673AE700BF05B0BDE835
:1069D000F08F000000000000002A08BF0904816158
:1069E000704700000000000043F2B810C2F20140FE
:1069F000006870470000000040F2000043F2B81148
:106A0000C2F20040C2F2014100780A6810440860F6
:106A1000704700000000000080B5032000F030F94E
:106A200001F0C2F944F2184146F6AC13C5F6020172
:106A3000C0F601030A68C2F303229A5C096801F0F8
:106A40000F0102F01F02595CD04040F20C02C2F26A
:106A5000004201F01F0120FA01F1116040F208012B
:106A6000C2F2004108600F2000F00AF800281CBFA5
:106A7000012080BD00F0A8F8002080BD00000000CB
:106A80000F2847D8B0B58AB00446362000222146E8
:106A9000002500F0C5F8362000F0AEF840F2040002
:106AA000C2F20040046044F2E840C5F6020001680A
:106AB00041F010010160006801A900F0100002908F
:106AC000029802A801F0BCF8079C002C18BF012412
:106AD00001F00AF94DF68361A040C4F21B3141F286
:106AE0000002A0FB010140F62870C2F200404FF006
:106AF000FF33C4F20002026003EB9141C0E90115CB
:106B000040F2E731C0E9031501F082FC20B1012019
:106B10000AB0B0BD0120704740F62870C2F20040B4
:106B200001F0AAFC0AB0B0BD10B54EF6A05E4378E5
:106B3000CEF2000E90F800C04EF8083CDEF80030AF
:106B400023F00103CEF8003043684EF8043C037B89
:106B5000C27A817A447B120642EA0372837B42EA5C
:106B6000C141C27B41EA8441447A41EA4341007A0F
:106B700041EA024141EA042141EA400040EA0C00B6
:106B8000CEF8000010BD00004EF62450CEF20000FA
:106B9000BFF35F8F016821F480310160002101673C
:106BA00070470000000000004EF6245140F0010044
:106BB000CEF200010867086840F480300860BFF337
:106BC0004F8FBFF36F8F704781B044F2F4400022C3
:106BD000C5F60200016841F00201016000680F2162
:106BE00000F0020000906FF00100009B01B000F087
:106BF00017B8000000000000002848BF704700F0F0
:106C00001F01012202FA01F14EF20012C0F34A10F4
:106C1000CEF2000242F82010704700000000000091
:106C200070B54EF60C5C4FF0FF36CEF2000C00F162
:106C3000604505F56445DCF80030C3F3022E8EF0A4
:106C40000703042B28BF0423BEF1030406FA03F351
:106C500021EA030100F00F0338BF0024043B0028A1
:106C6000634406FA04F048BF03F10C05A14022EA90
:106C7000000008430001287070BD00000000000003
:106C80004EF60C514FF6FF03CEF200010A681A408F
:106C900060F30A2242F0806040F0FD7008607047A7
:106CA000B0B544F60C05C5F6020529684907296800
:106CB00006D401F00701081A18BF0120B0BD00BFBB
:106CC00021F0070108432860FFF78EFE044600BF4D
:106CD00055F8080C800407D4FFF786FE001BB0F5BA
:106CE0007A7FF5D90120B0BD0020B0BD00000000C2
:106CF00080B500F0D1FF44F2204146F6AC12C5F653
:106D00000201C0F601020968C1F30211515C01F0F1
:106D10001F01C84080BD000080B544F2384EC5F662
:106D2000020E5EF8103C5EF8101C5EF80C2CC1F3ED
:106D3000053CDEF80410BCF1000F19D0C9089FED26
:106D40003C1AD20601EAE27103F003026FF35F31ED
:106D500000EE101AB8EE400ADFE802F0022210221C
:106D60005EF8381C89060DD49FED331A18E000BF79
:106D700000218160C0E9001180BD00BF9FED2D1A88
:106D80000EE000BF5EF8381C49F20002C0F2D032BB
:106D9000C1F3C10122FA01F101EE101AB8EE411A55
:106DA000DEF800109FED253A6FF35F2102EE101A16
:106DB000DEF80010C1F34621B8EE422A013100EEA0
:106DC000032A00EE10CAB7EE003AB8EE400A81EE90
:106DD000000A32EE031A20EE010A01EE101AB8EE94
:106DE000411A80EE011ABCEEC11A80ED001ADEF8DD
:106DF0000010C1F30641013101EE101AB8EE411A3C
:106E000080EE011ABCEEC11A80ED011ADEF8001006
:106E1000C1F30661013101EE101AB8EE411A80EE9D
:106E2000010ABCEEC00A10EE101A816080BD00BFDE
:106E30000024744A20BCBE4B0024744C000000396E
:106E400080B544F2404EC5F6020E5EF8183C5EF87E
:106E5000181C5EF8142CC1F3055CDEF80410BCF1BC
:106E6000000F19D0C9089FED3C1AD20501EAE27162
:106E700003F003026FF35F3100EE101AB8EE400A20
:106E8000DFE802F0022210225EF8401C89060DD4D1
:106E90009FED331A18E000BF00218160C0E90011A6
:106EA00080BD00BF9FED2D1A0EE000BF5EF8401CB4
:106EB00049F20002C0F2D032C1F3C10122FA01F15D
:106EC00001EE101AB8EE411ADEF800109FED253AD7
:106ED0006FF35F2102EE101ADEF80010C1F34621B5
:106EE000B8EE422A013100EE032A00EE10CAB7EED6
:106EF000003AB8EE400A81EE000A32EE031A20EEA4
:106F0000010A01EE101AB8EE411A80EE011ABCEE29
:106F1000C11A80ED001ADEF80010C1F306410131FC
:106F200001EE101AB8EE411A80EE011ABCEEC11A39
:106F300080ED011ADEF80010C1F30661013101EEA7
:106F4000101AB8EE411A80EE010ABCEEC00A10EE2B
:106F5000101A816080BD00BF0024744A20BCBE4B63
:106F60000024744C000000392DE9F0470446C07835
:106F700044F22C480007C5F6020828D5606E4FEA97
:106F8000305103292AD8DFE801F0030B131B00BF9F
:106F9000D8F8001041F40031C8F8001010E000BF2C
:106FA00004F10800022106F02FFC064680B906E035
:106FB00004F12800022106F0BBFC064640B9606ED1
:106FC000D8F8241021F440110843C8F82400002602
:106FD0006078C00706D135462FE000BF01266078F3
:106FE000C007F8D0A06D04283ED83546DFE800F091
:106FF00004140E0B0B0000BFD8F80000354640F417
:107000000030C8F800002F46C5B90DE004F1280093
:10701000002106F08DFC04E004F10800002106F0D8
:10702000F3FB05462F464DB9D8F82400A16D20F09A
:10703000070000250843C8F8240037466078400759
:107040003AD5D4F8A4004FEA7050052818D8DFE8E4
:1070500000F0031D11232323D8F8000040F4003072
:10706000C8F8000018E000BF01250127607840073C
:10707000E7D421E004F12800002106F059FC0AE0E1
:1070800001250126607800071AD44FE004F10800BA
:10709000002106F0B9FB05462E461DB160780007B9
:1070A0000ED443E0D8F82C00D4F8A41020F46000EB
:1070B00000250843C8F82C003E466078000735D507
:1070C000D4F8A8004FEA3060052813D8DFE800F0B4
:1070D00004180C1E1E1E00BFD8F8000040F400303B
:1070E000C8F8000012E000BF04F12800002106F0FB
:1070F0001FFC0AE001250127E07880071AD434E05C
:1071000004F10800002106F07FFB05462F461DB163
:10711000E07880070ED428E0D8F82C00D4F8A81026
:1071200020F0E06000250843C8F82C003746E078DE
:1071300080071AD5E06C4FEA3010032838D8DFE812
:1071400000F009032D0900BFD8F8000040F400301A
:10715000C8F800002E464DB9D8F82000E16C20F0A8
:10716000300000250843C8F820003E466078C0067D
:1071700039D5E06D4FEA3030042847D8DFE800F019
:1071800004221C0A0A0000BFD8F8000040F40030B6
:10719000C8F800002F463DBB1CE000BF04F108000A
:1071A000022106F031FB0546002D2E46DED1D3E745
:1071B00001250126DAE700BF04F12800002106F0CE
:1071C000B7FB04E004F10800002106F01DFB0546B2
:1071D0002F464DB9D8F82400E16D20F4E040002599
:1071E0000843C8F8240037466078800635D5206EFD
:1071F0004FEA3040052815D8DFE800F0041A0E04E5
:10720000040400BF2E46DDB91EE000BF01250127A2
:1072100060788006EBD420E004F12800012106F01C
:1072200087FB0AE0012501266078400619D449E071
:1072300004F10800012106F0E7FA05462E461DB1CB
:10724000607840060DD43DE0D8F82400216E20F48B
:10725000E02000250843C8F824003E466078400638
:1072600030D5D4F8AC004FEA307005280ED8DFE8EE
:1072700000F00313070303032F46ADB918E000BF66
:1072800004F12800012106F053FB0AE00125012743
:10729000607800061AD43CE004F10800012106F0F1
:1072A000B3FA05462F461DB1607800060ED430E0D3
:1072B000D8F82C00D4F8AC1020F0E04000250843AA
:1072C000C8F82C0037466078000622D5E06E58B129
:1072D000B0F1005F0CD0B0F1805F37D1D8F800007A
:1072E00040F40030C8F800002E469DB908E000BF09
:1072F00004F10800012106F087FA05462E464DB933
:10730000D8F82400E16E20F0405000250843C8F86A
:1073100024003E46E078C0071DD0A06C032855D855
:10732000DFE800F008024A08D8F8000040F4003016
:10733000C8F80000A9467DB9D8F82000A16C20F05B
:10734000030000250843C8F8200004E001250126B9
:10735000E078C007E1D1B146A078400602D44F469C
:1073600018E000BFD8F8D40340F48070C8F8D40304
:10737000FFF73AFB064600BFD8F8D403C00507D490
:10738000FFF732FB801B6428F6D90325032701E0B1
:107390002F46FDB12078C00700F06F80A06F4FEA44
:1073A000F00005284ED8DFE800F00353470303033D
:1073B000002D2E4654D157E004F10800022106F0BA
:1073C00023FA0546002DA946C6D1B5E701254FF0A1
:1073D0000109C1E7D8F84410D4F8B000414011F4D5
:1073E000407F11D0D8F84410D8F8442042F48032BD
:1073F000C8F84420D8F8442021F4407122F48032A7
:10740000C8F84420C8F84410B0F5807F40F0D0821E
:10741000FFF7EAFA064641F2883A0325032700BF40
:10742000D8F84400800700F1C182FFF7DDFA801B25
:107430005045F5D9AEE700BF04F12800012106F060
:1074400077FA0AE0012501262078800719D446E062
:1074500004F10800012106F0D7F905462E461DB1BA
:10746000207880070DD43AE0D8F82800A16F20F0EA
:10747000380000250843C8F828003E4620788007D9
:107480002DD5606F05280FD8DFE800F0041408043C
:10749000040400BF2F46ADB918E000BF04F1280076
:1074A000012106F045FA0AE001250127207840076E
:1074B00019D447E004F10800012106F0A5F90546BA
:1074C0002F461DB1207840070DD43BE0D8F82800A6
:1074D000616F20F0070000250843C8F828003746F0
:1074E000207840072ED5D4F8900005280ED8DFE884
:1074F00000F00313070303032E46ADB918E000BFE5
:1075000004F12800012106F013FA0AE00125012602
:10751000207880061AD44BE004F10800012106F01F
:1075200073F905462E461DB1207880060ED43FE043
:10753000D8F82C00D4F8901020F00700002508435C
:10754000C8F82C003E462078800631D5D4F88C004F
:107550004FEA307005280FD8DFE800F00414080463
:10756000040400BF2F46ADB918E000BF04F12800A5
:10757000022106F0DDF90AE0012501272078400606
:107580001AD44BE004F10800002106F03DF905464D
:107590002F461DB1207840060ED43FE0D8F82800D1
:1075A000D4F88C1020F0E04000250843C8F82800EB
:1075B00037462078400631D5D4F898004FEAB020FD
:1075C00005280FD8DFE800F004140804040400BF05
:1075D0002E46ADB918E000BF04F12800022106F0E4
:1075E000A7F90AE001250126207800061AD44EE00A
:1075F00004F10800002106F007F905462E461DB1EA
:10760000207800060ED442E0D8F82C00D4F8981068
:1076100020F4E05000250843C8F82C003E462078AE
:10762000000634D5D4F89C004FEA7030052815D8F0
:10763000DFE800F0041A0E04040400BF2F46E5B191
:107640002068010727D4C1063ED4000355D477E053
:1076500004F12800022106F06BF90AE00125012758
:1076600020680107EFD516E004F10800002106F0BC
:10767000CBF80546002D2F46E2D1D8F82C00D4F8DF
:107680009C1020F4604000250843C8F82C003746C1
:1076900020680107D7D5D4F88000B0F5805F09D104
:1076A00004F12800022106F043F9002818BF012741
:1076B000D4F88000D8F8281021F440510843C8F8C5
:1076C00028002068C106C0D5D4F89400B0F5807FAA
:1076D00009D104F12800022106F02AF9002818BF78
:1076E0000127D4F89400D8F82C1021F440710843F5
:1076F000C8F82C002068000322D5D4F8A000B0F50B
:10770000003F11D0B0F5803F08D0002844D104F1EB
:107710000800002106F078F805E000BF04F1280019
:10772000022106F005F905462E4655B9D8F82C0079
:10773000D4F8A01020F4403000250843C8F82C00ED
:107740003E46A07840072CD5D4F88400B0F5401F01
:107750000BD0B0F5001F0BD0B0F5801F2AD1D8F8A0
:10776000000040F40030C8F800002F46D5B907E00B
:1077700004F12800012106F0DBF805462F468DB9FB
:10778000D8F82800D4F8841020F4401000250843CD
:10779000C8F8280005E000BF01250126A0784007B1
:1077A000D2D43746A078C00709D13E462168880068
:1077B00015D532E001250127A078C007F5D0206D4E
:1077C000B0F5803F10D018BBD8F8000040F400306E
:1077D000C8F800002E4685B1216888001DD4606875
:1077E0008A0326D465E000BF04F10800022106F0F8
:1077F0000BF80546002D2E46EED1D8F82000216D5D
:1078000020F4803000250843C8F82000CDE700BFF1
:107810000125012621688800E1D504F12800022114
:1078200006F086F8002818BF0126D4E900108A0364
:107830003FD5E26F6FF0010303EB3223022B0BD332
:107840004FEA322343B1012B40F0AA80D8F8003030
:1078500043F40033C8F8003025B3CA022CD48A029E
:1078600034D44A003CD4CA0F49D1090251D4C107CB
:107870005AD1810763D441076CD4010776D4C1067D
:1078800000F18080800607D504F12800022106F06F
:107890004FF8002818BF0125002D18BF01252846E4
:1078A000BDE8F087D8F8283023F440731A43C8F8AD
:1078B00028203546CA02D2D5D8F82420236F22F0DA
:1078C00000421A43C8F824208A02CAD5D8F82420D6
:1078D000A36E22F080721A43C8F824204A00C2D551
:1078E00058F81C2C22F4004248F81C2CD4F8B42080
:1078F00058F81C3C1A4348F81C2CCA0FB5D0D8F8CD
:107900002020636D22F040521A43C8F8202009025B
:10791000ADD5D8F82810D4F8882021F440011143BF
:10792000C8F82810C107A4D004F10800002105F010
:107930006BFF002818BF0546606881079BD504F1DE
:107940000800012105F060FF002818BF05466068A7
:10795000410792D504F10800022105F055FF0028E7
:1079600018BF0546606801077FF589AF04F128005C
:10797000002105F0DDFF002818BF05466068C1063C
:107980007FF580AF04F12800012105F0D1FF002828
:1079900018BF0546606880063FF576AF7CE700BFFC
:1079A0000125CA027FF55BAF86E700BFD4F8B000BF
:1079B0004FF6CF7358F81C2CC0F2FF0300F440714F
:1079C00022F47C5203EA10136FF31F30B1F5407FAD
:1079D00008BF1A43002548F81C2CD8F84410084367
:1079E000C8F84400FFF7BBBC2DE9F04381B0002884
:1079F00000F0208142F200090446C5F20029D9F8BE
:107A0000000000F00F0081420DD9D9F8000020F0ED
:107A10000F000843C9F80000D9F8000000F00F007B
:107A2000884240F00781206844F218464207C5F6B4
:107A300002060AD52269336803F070039A4204D91A
:107A4000336823F070031A43326002070AD5626973
:107A5000736803F070039A4204D9736823F07003CB
:107A60001A437260C2060AD5A269736803F4E06320
:107A70009A4204D9736823F4E0631A437260820661
:107A80000AD5E269B36803F070039A4204D9B36877
:107A900023F070031A43B26010F002020AD0E368C8
:107AA000376807F00F07BB4204D9376827F00F0784
:107AB0003B433360C3073FD0306820F47062D4E9A1
:107AC00001031A433260012856F8182C0AD0032803
:107AD00004D002280AD192030BD4ABE0920108D45F
:107AE000A8E000BFD20504D4A4E000BF520740F1D3
:107AF000A180884656F8081C21F00701084346F883
:107B0000080CFEF771FF054641F2883756F8080C5D
:107B1000616800F03800B0EBC10F09D0FEF764FFD8
:107B2000401BB842F2D9032001B0BDE8F08300BF8A
:107B30002068414600F0020252B1E268336803F067
:107B40000F039A4204D2336823F00F031A433260C2
:107B5000D9F8002002F00F0291420CD2D9F800208F
:107B600022F00F020A43C9F80020D9F8002002F0E1
:107B70000F028A425ED141070AD52169326802F0BC
:107B80007002914204D2326822F0700211433160D7
:107B900001070AD56169726802F07002914204D24D
:107BA000726822F0700211437160C1060AD5A169A2
:107BB000726802F4E062914204D2726822F4E062D8
:107BC0001143716080060AD5E069B16801F0700167
:107BD000884204D2B16821F070010843B06000F01F
:107BE000E3F8316846F6AC12C0F60102C1F3032196
:107BF000515C336803F00F0301F01F01D25C20FADF
:107C000001F102F01F0040F20C02C2F2004221FA20
:107C100000F0106040F2040040F20802C2F200409E
:107C2000C2F200420068116001B0BDE8F043FEF707
:107C300027BF00BF012001B0BDE8F08300000000B5
:107C40003F22026044F21842C5F6020252F8083C94
:107C500003F007034360136803F4706383601368E1
:107C600003F00F03C360136803F0700303615368EC
:107C700003F070034361536803F4E0638361926827
:107C800002F07002C26142F20000C5F200200068FA
:107C900000F00F000860704780B500F085F844F2EE
:107CA000184146F6AC13C5F60201C0F601030A6896
:107CB000C2F303229A5C096801F00F0102F01F026F
:107CC000595C20FA02F201F01F0040F20C01C2F2EE
:107CD000004122FA00F0086040F20801C2F20041BF
:107CE0000A6080BD0000000080B500F05DF844F23D
:107CF000184C46F6AC13C5F6020CC0F60103DCF8CE
:107D00000020C2F303229A5CDCF8001001F00F019E
:107D100002F01F02595CD04040F20C02C2F2004255
:107D200001F01F0120FA01F1116040F20802C2F2D5
:107D300000421060DCF80400C0F30210185C00F090
:107D40001F0021FA00F080BD80B500F02DF844F24C
:107D5000184C46F6AC13C5F6020CC0F60103DCF86D
:107D60000020C2F303229A5CDCF8001001F00F013E
:107D700002F01F02595CD04040F20C02C2F20042F5
:107D800001F01F0120FA01F1116040F20802C2F275
:107D900000421060DCF80400C0F30220185C00F020
:107DA0001F0021FA00F080BD44F20041C5F6020137
:107DB0000869C0F3C200032816D002280ED000289C
:107DC00032D10868800649F20000C0F2D03058BFB6
:107DD00070470968C1F3C101C840704747F64000C9
:107DE000C0F27D10704700BF8B6A886AD1F82CC042
:107DF0004A6BC0F30510E8B1C2F3CC0203F00303F1
:107E000000EE102A9FED2A1AB8EE400A20EE010A71
:107E10009FED281ADFE803F0022110210A6892067C
:107E20000ED49FED261A18E040F60010C0F23D0077
:107E3000704700BF002070479FED1F1A0DE000BF84
:107E40000A6849F20003C0F2D033C2F3C10223FA38
:107E500002F201EE102AB8EE411A0A6B9FED183AB1
:107E60006FF35F2202EE102A5FEACC7203FE000A73
:107E700003EE100A086BB8EE422AC0F34620B8EEB3
:107E8000433A013030EE020AB7EE002A81EE031ABF
:107E900030EE020A21EE000A01EE100AB8EE411A95
:107EA00080EE010ABCEEC00A10EE100A704700BF57
:107EB000000000390024744A20BCBE4B0024744CDE
:107EC000000000000000000070B3F0B581B004466F
:107ED000007844F20046C007C5F6020626D1207895
:107EE00080076AD5306910F03801B06A42D018298D
:107EF00008BF5FEA80703DD0E0683168002800F07C
:107F00002D8121F0190108433060FEF76DFD054613
:107F1000306840074AD4FEF767FD401B0228F7D9B6
:107F2000032001B0F0BD00BF01207047306900F0B0
:107F30003801B06A102905D018290BD100F00300D0
:107F4000022807D130688003C9D560680028C6D1EF
:107F5000AAE000BF61683068002900F03981B1F5FE
:107F6000A02F00F02D81B1F5803F40F0478140F413
:107F7000803049E130684007E06802D5002800F011
:107F80009380316821F0190108433060FEF72CFD21
:107F9000054600BF3068400708D4FEF725FD401BAA
:107FA00002284FF00300F5D901B0F0BD70682169D7
:107FB00020F0FE4040EA016070602078C0061AD5CB
:107FC000306900F03801B06A082907D0182940F05C
:107FD000858000F00300012840F080803068C005F3
:107FE00002D5E06980285FD1F068216A20F07C50DA
:107FF00040EA0160F060207800073FD420788006D6
:1080000056D42078400700F18180656A9DB33069BD
:1080100000F03800182840F01981012DB16A306B4A
:1080200042D001F00302A36A9A423DD1C1F3051187
:10803000E26A914238D10146226B6FF35F21013A27
:10804000914231D1C0F34622616B01398A422BD172
:10805000C0F30642A16B01398A4225D1C0F3066004
:10806000E16B013988421FD1706BA16CC0F3CC0069
:10807000814240F0A581002001B0F0BD6069002878
:10808000706F59D040F001007067FEF7ADFC0546F7
:10809000706F8007B2D4FEF7A7FC401B0228F7D907
:1080A000032001B0F0BD00BF012001B0F0BD00BF52
:1080B000A0690028306871D040F480503060FEF72D
:1080C00093FC0546306880049BD4FEF78DFC401B72
:1080D0000228F7D9032001B0F0BD00BFE0690028F5
:1080E000306800F0A18040F080003060FEF77CFC3A
:1080F000054600BF3068C0053FF576AFFEF774FC5B
:10810000401B02284FF00300F4D94DE7D6F80004D5
:1081100040F48070C6F80004FEF766FC054600BF18
:10812000D6F80004C0052BD4FEF75EFC401B642883
:10813000F6D9032001B0F0BD20F001007067FEF712
:1081400053FC0546706F80077FF558AFFEF74CFC77
:10815000401B02284FF00300F4D925E721F001006D
:108160003060FEF741FC0546306840077FF525AFDB
:10817000FEF73AFC401B02284FF00300F4D913E746
:10818000A168306F002900F08B80052900F0808005
:10819000012940F09D8040F001009FE020F48050D4
:1081A0003060FEF721FC0546306880047FF529AF7A
:1081B000FEF71AFC401B02284FF00300F4D9F3E647
:1081C00040F480203060306840F480301CE000BF14
:1081D00020F480303060306820F480203060FEF77A
:1081E00003FC0546306880037FF579AEFEF7FCFBA3
:1081F000401B64284FF00300F4D9D5E620F480300A
:108200003060306820F480203060FEF7EDFB0546DA
:10821000306880033FF563AEFEF7E6FB401B642841
:10822000F6D9032001B0F0BD20F080003060FEF7E9
:10823000DBFB05463068C0057FF5DDAEFEF7D4FBFD
:10824000401B02284FF00300F4D9ADE6306820F05F
:1082500080703060FEF7C8FB022D05460CD100BFD0
:10826000306880014CD5FEF7BFFB401B02284FF061
:108270000300F5D998E600BF306880017FF5FBAEBA
:10828000FEF7B2FB401B02284FF00300F4D98BE647
:1082900040F004003067306F40F001001EE000BF86
:1082A00020F001003067306F20F004003067FEF7E7
:1082B0009BFB054641F28837306F80077FF5A5AEFE
:1082C000FEF792FB401BB8424FF00300F4D96BE677
:1082D00020F001003067306F20F004003067FEF7B7
:1082E00083FB054641F28837306F80073FF58DAE3E
:1082F000FEF77AFB401BB8424FF00300F4D953E677
:1083000004F12807B06A40F2F33188438ECF084366
:10831000591E40EA02104FF47E426FF35F21B062B3
:1083200002EB47204FF4FE0280B2E36B0844A16BDE
:1083300002EB01414FF0FE4201F4FE0102EB036249
:10834000084402F0FE4108443063F06A4FF6F871C9
:1083500020F00100F062706BA26C884340EAC2001A
:108360007063F06A216C20F00C000843F062F06A40
:10837000616C20F002000843F062F06A40F4803043
:10838000F062F06A40F40030F062F06A40F480205D
:10839000F062F06A40F00100F062306840F08070F6
:1083A0003060FEF721FB0446306880013FF563AE84
:1083B000FEF71AFB001B02284FF00300F4D9F3E587
:1083C000F06A20F00100F062FEF70EFB0546FEF7B2
:1083D0000BFBA842FBD0706B4FF6F871A26C884380
:1083E00040EAC2007063F06A40F00100F0620020D1
:1083F00001B0F0BD00000000704700000000000068
:1084000070470000000000007047000000000000FE
:1084100060B310B5044690F83D0028B9002084F8F8
:108420003C00204600F024F8022084F83D0020683B
:10843000211D07F061FC012084F8480084F83E000B
:1084400084F83F0084F8400084F8410084F842003A
:1084500084F8430084F8440084F8450084F846001A
:1084600084F8470084F83D00002010BD01207047CB
:10847000704700000000000090F83D10012927D14E
:10848000022180F83D1001684DF6FF70C4F2000033
:108490008142C86840F00100C8601BDC40F2FF70F8
:1084A000C4F2000081422DDD40F60000C4F200005D
:1084B00081423DD040F60040C4F20000814237D0F6
:1084C00041F60000C4F20000814231D03CE000BF20
:1084D000012070474FF6FF70C4F2000081421BDD9F
:1084E0000020C4F20100814222D044F20000C4F214
:1084F000010081421CD040F20040C4F201008142E0
:1085000016D021E0B1F1804F12D040F20040C4F209
:10851000000081420CD017E04EF20000C4F20000CF
:10852000814205D04EF20040C4F2000081420BD1DE
:1085300007228868C0F2010202400020062A18BF04
:10854000B2F5803F00D17047086840F00100086034
:10855000002070470000000070470000000000008D
:10856000F0B581B004460068C5680669B10717D543
:1085700015F0020114D06FF0020101610121217791
:108580008069800704D02046FFF7E6FF06E000BFC1
:10859000204600F09DF8204600F09EF8002020774D
:1085A000700719D515F0040016D020686FF004018B
:1085B000016102212177806910F4407F04D02046B8
:1085C000FFF7CAFF06E000BF204600F081F8204612
:1085D00000F082F800202077300717D515F008004A
:1085E00014D020686FF00801016104212177C0696F
:1085F000800703D02046FFF7AFFF05E0204600F0DC
:1086000067F8204600F068F800202077F00619D5BA
:1086100015F0100016D020686FF0100101610821DC
:108620002177C06910F4407F04D02046FFF794FF03
:1086300006E000BF204600F04BF8204600F04CF862
:1086400000202077F00718BF15F0010006D0206841
:108650006FF001010161204600F042F805F080074B
:1086600016F4025F18BF002F02D1F00509D410E004
:1086700020686FF4025101612046FFF7C1FEF0054A
:1086800007D537B120686FF4807101612046FFF78C
:10869000B3FE700609D515F0400006D020686FF0D3
:1086A00040010161204600F027F8B0060CD515F016
:1086B000200009D020686FF020010161204601B040
:1086C000BDE8F040FFF7A0BE01B0F0BD0000000023
:1086D000704700000000000070470000000000002C
:1086E00041F200010068C4F20001884218BF7047DF
:1086F000FEF782B900000000704700000000000093
:1087000090F88410012901D1022070472421C0F87B
:10871000881001680A680B6822F0005223F00103F8
:108720000B60002343660A602021C0F8881080F89F
:108730008430002070470000D0F88C30202B07D107
:1087400010B504460120002918BF002A02D110BD2F
:1087500002207047E06600202067204608F070FE87
:10876000002818BF10BDE06E01282DD1206810210F
:108770000162206850E8000F216840F0100041E8D5
:108780000002002A1FBF206850E8000F216840F057
:1087900010001CBF41E80002002A17D0206850E8F2
:1087A000000F216840F0100041E8000272B120681B
:1087B00050E8000F216840F0100041E8000200205E
:1087C000002AD6D1C3E700BF012010BD002010BD94
:1087D00001F0E6BC0000000070470000000000004F
:1087E00090F88420012A01D10220704770B524221C
:1087F000C0F888200268D0F864E0BEF1000FD2F81B
:1088000000C0136823F001031360936823F06063D2
:1088100041EA0301916019D0916846F66C2E936885
:10882000C0F6010E5B0F46F67425C1F34266C0F632
:1088300001051EF80340E95C2301B3FBF1F11EF8CA
:108840000630AE5D1B01B3FBF6F301E0012101230D
:10885000A0F86A102021A0F86830C2F800C0C0F863
:108860008810002180F88410002070BD00000000F6
:1088700090F88420012A01D10220704770B524228B
:10888000C0F888200268D0F864E0BEF1000FD2F88A
:1088900000C0136823F001031360936823F0604362
:1088A00041EA0301916019D0916846F66C2E9368F5
:1088B000C0F6010E5B0F46F67425C1F34266C0F6A2
:1088C00001051EF80340E95C2301B3FBF1F11EF83A
:1088D0000630AE5D1B01B3FBF6F301E0012101237D
:1088E000A0F86A102021A0F86830C2F800C0C0F8D3
:1088F0008810002180F88410002070BD0000000066
:1089000070470000000000007047000000000000F9
:1089100010B50446206850E8000F216820F49070DC
:1089200041E80002F2B1206850E8000F216820F40D
:10893000907041E80002002A1FBF206850E8000F35
:10894000216820F490701CBF41E80002002A09D081
:10895000206850E8000F216820F4907041E8000280
:10896000002AD7D14FF6FE70CEF6FF70216851E88D
:10897000021F2268014042E80213DBB1216851E87E
:10898000021F2268014042E80213002B1FBF21682A
:1089900051E8021F226801401CBF42E80213002B6D
:1089A00008D0216851E8021F2268014042E8021302
:1089B000002BDBD1E06E012827D1206850E8000FA2
:1089C000216820F0100041E80002F2B1206850E870
:1089D000000F216820F0100041E80002002A1FBFAC
:1089E000206850E8000F216820F010001CBF41E80B
:1089F0000002002A09D0206850E8000F216820F00A
:108A0000100041E80002002AD7D1206880684006A3
:108A10003AD5206850E8020F216820F0400041E874
:108A20000202F2B1206850E8020F216820F04000F5
:108A300041E80202002A1FBF206850E8020F2168A7
:108A400020F040001CBF41E80202002A09D0206843
:108A500050E8020F216820F0400041E80202002A9D
:108A6000D7D1D4F8800078B100210165FBF788F8F0
:108A700050B1D4F88000FBF773FC202804D11020FB
:108A8000C4F89000032010BD20680F2101628169A5
:108A900041F0080181612020C4F88C000020E066CC
:108AA00010BD00000000000010B50446206850E82A
:108AB000000F216820F0C00041E80002F2B12068F8
:108AC00050E8000F216820F0C00041E80002002AB1
:108AD0001FBF206850E8000F216820F0C0001CBFB5
:108AE00041E80002002A09D0206850E8000F216800
:108AF00020F0C00041E80002002AD7D1206850E8E9
:108B0000020F216820F4000041E80202F2B120685F
:108B100050E8020F216820F4000041E80202002A18
:108B20001FBF206850E8020F216820F400001CBF1E
:108B300041E80202002A09D0206850E8020F2168AB
:108B400020F4000041E80202002AD7D120688068A2
:108B5000000639D5206850E8020F216820F0800017
:108B600041E80202F2B1206850E8020F216820F0CB
:108B7000800041E80202002A1FBF206850E8020F6F
:108B8000216820F080001CBF41E80202002A09D0C1
:108B9000206850E8020F216820F0800041E80202BE
:108BA000002AD7D1E06F78B100210165FAF7E8FF1C
:108BB00050B1E06FFBF7D4FB202805D190220320B1
:108BC0001021A15010BD00BF606EB0F1005F04D154
:108BD0002068816941F010018161882200202021F4
:108BE000A15010BD0000000010B50446F9F730F99F
:108BF0002046F9F7C5FC204601F0D6FA204602F0DF
:108C0000D3FA2046BDE8104003F02EB90000000062
:108C100070B5016840F62F02CB691A40202A0A6815
:108C20008E680BD102F0200406F080552D1917D064
:108C3000416F69B3BDE87040084700BF40F60F05BB
:108C40002B420DD0012540F22014C1F20005C0F2E4
:108C5000004406EA050C02EA040515EB0C0525D1D3
:108C6000DD06C46E16D5012C14D112F0100511D0FA
:108C700010220A628968490666D4B0F85C10B0F820
:108C80005E20B0F85E30002B18BF914240F0688241
:108C900070BD00BFDD0215D516F4800512D04FF46B
:108CA00080120A62BDE87040FFF72EBEDD0718BFD4
:108CB00012F4807540F02A819D0706F0010E00F144
:108CC00031813AE1190606D502F0800106F400066A
:108CD000891940F0CB82590640F10C8112F0400115
:108CE00000F00881016851E8001F026821F040018E
:108CF00042E80013F3B1016851E8001F026821F057
:108D0000400142E80013002B1FBF016851E8001F1B
:108D1000026821F040011CBF42E80013002B09D07B
:108D2000016851E8001F026821F0400142E8001389
:108D3000002BD7D12021C0F8881000218167BDE821
:108D4000704001F04DB800BFD0F8802011684B682A
:108D5000B0F85C4099B2002900F0C280A14280F0D6
:108D6000BF80A0F85E30D169B1F5807F00F0AC80A3
:108D7000016851E8001F026821F4807142E8001385
:108D8000F3B1016851E8001F026821F4807142E8E4
:108D90000013002B1FBF016851E8001F026821F477
:108DA00080711CBF42E80013002B09D0016851E814
:108DB000001F026821F4807142E80013002BD7D114
:108DC000016851E8021F026821F0010142E8021324
:108DD000F3B1016851E8021F026821F0010142E885
:108DE0000213002B1FBF016851E8021F026821F027
:108DF00001011CBF42E80213002B09D0016851E8B1
:108E0000021F026821F0010142E80213002BD7D1B2
:108E1000016851E8021F026821F0400142E8021394
:108E2000F3B1016851E8021F026821F0400142E8F5
:108E30000213002B1FBF016851E8021F026821F0D6
:108E400040011CBF42E80213002B09D0016851E821
:108E5000021F026821F0400142E80213002BD7D123
:108E60002021C0F88C100021C166016851E8001F64
:108E7000026821F0100142E80013F3B1016851E8E3
:108E8000001F026821F0100142E80013002B1FBFF1
:108E9000016851E8001F026821F010011CBF42E880
:108EA0000013002B09D0016851E8001F026821F06F
:108EB000100142E80013002BD7D1D0F880100446EF
:108EC0000846FAF75DFE204602210167B0F85C1003
:108ED000B0F85E20891A89B2BDE87040FFF778BC0F
:108EE0008C427FF4D5AED269B2F5807F7FF4D0AEEC
:108EF000B6E100BF190240F1C58112F0804100F0D7
:108F0000C181BDE87040FFF7FBBC00BF01250D62C9
:108F1000D0F8905045F00105C0F890509D0706F03C
:108F2000010E0AD5BEF1000F07D002240C62D0F862
:108F3000904044F00404C0F890405C070AD5BEF1AC
:108F4000000F07D004250D62D0F8905045F00205BF
:108F5000C0F890501D070CD502F0200555EA0C050D
:108F600007D008250D62D0F8905045F00805C0F8EC
:108F700090501D050BD512F0806508D04FF40065A8
:108F80000D62D0F8905045F02005C0F89050D0F810
:108F90009050002D3FF47CAE9B060BD502F02002D2
:108FA00006F08053D21805D0426F1AB1044690479C
:108FB00020462168D0F89020896801F0400102F035
:108FC0002802891806D10446FFF70EFE0020C4F8D7
:108FD000900070BD016851E8001F026821F4907193
:108FE00042E80013F3B1016851E8001F026821F460
:108FF000907142E80013002B1FBF016851E8001F69
:10900000026821F490711CBF42E80013002B09D0C4
:10901000016851E8001F026821F4907142E80013D2
:10902000002BD7D14FF6FE71CEF6FF71026852E8E1
:10903000022F03680A4043E80226DEB1026852E8C4
:10904000022F03680A4043E80226002E1FBF026871
:1090500052E8022F03680A401CBF43E80226002E94
:1090600008D0026852E8022F03680A4043E802264B
:10907000002EDBD1C16E012927D1016851E8001F04
:10908000026821F0100142E80013F3B1016851E8D1
:10909000001F026821F0100142E80013002B1FBFDF
:1090A000016851E8001F026821F010011CBF42E86E
:1090B0000013002B09D0016851E8001F026821F05D
:1090C000100142E80013002BD7D12021C0F88C10EA
:1090D0000021C166026841679168490640F1CE806F
:1090E000016851E8021F026821F0400142E80213C2
:1090F000F3B1016851E8021F026821F0400142E823
:109100000213002B1FBF016851E8021F026821F003
:1091100040011CBF42E80213002B09D0016851E84E
:10912000021F026821F0400142E80213002BD7D150
:10913000D0F88010002900F0A18040F2011204460E
:109140000846C0F601020A65FAF7AEFF00283FF4B0
:109150009FADD4F88000016DBDE87040084700BFA6
:10916000891A026852E8002F036822F4907243E8DB
:109170000026F6B1026852E8002F036822F49072CC
:1091800043E80026002E1FBF026852E8002F036844
:1091900022F490721CBF43E80026002E09D002681A
:1091A00052E8002F036822F4907243E80026002E54
:1091B000D7D14FF6FE72CEF6FF72036853E8023F36
:1091C0000668134046E80235DDB1036853E8023F04
:1091D0000668134046E80235002D1FBF036853E8B8
:1091E000023F066813401CBF46E80235002D08D038
:1091F000036853E8023F0668134046E80235002D35
:10920000DBD12022C0F88C200022C26642670268AF
:1092100052E8002F036822F0100243E80026F6B15E
:10922000026852E8002F036822F0100243E800268B
:10923000002E1FBF026852E8002F036822F01002C0
:109240001CBF43E80026002E09D0026852E8002F18
:10925000036822F0100243E80026002ED7D189B21D
:1092600002220267BDE87040FFF7B2BA816F0029A1
:109270003FF40EADBDE87040084700BFBDE8704048
:10928000FFF7B2BCD9017FF503ADB2F1FF3FC8BF14
:1092900070BDBDE87040FFF79FBA000000000000FD
:1092A00010B5D8B10446D0F8880028B9002084F859
:1092B0008400204600F028F82420C4F888002068A4
:1092C000A16A0268002922F00101016002D0204653
:1092D00006F0EEFD204607F063FE08B1012010BD48
:1092E0002068416821F490414160816821F02A01A1
:1092F0008160016841F0010101602046BDE8104035
:1093000006F046BE000000002DE9F041B6B0002195
:109310000446CDE93411CDE93211319102A8B821CA
:10932000F7F7B1F940F6FF712068C4F201018842F5
:1093300078DC44F60041C4F20001884200F0F88075
:1093400047F60001C4F20001884200F0CB8147F6E5
:109350000041C4F20001884240F0A38244F2E040A0
:1093600040F21008C5F602000026C4F20208816827
:1093700041F000418160816801F000410191019953
:10938000016841F010010160006831A900F010008F
:1093900001900198032031900220329008203590EE
:1093A00041F20000C5F6020033963496FDF720FA2C
:1093B00040F6881508F58660C2F200454FF48067D4
:1093C00028605120C5E901062846EE60C5E904760B
:1093D000C5E90666C5E90866FBF7DAFB08B1FAF7E6
:1093E0005BFAC4F8805008F58960AC6340F600254C
:1093F000C2F2004505F10801286052206860402053
:10940000C1C128466E62C5E90566C5E90766FBF776
:10941000BFFB00284FF053064FF07C0740F0358229
:1094200035E200BF41F20001C4F20101884200F0C0
:10943000E38041F20041C4F20101884200F0B881AA
:1094400041F60001C4F20101884240F02A82012065
:10945000029002A800260396FDF786FD08B1FAF7F0
:109460001BFA44F2E04040F21008C5F60200C4F2D4
:109470000208016941F040010161016901F0400108
:1094800001910199016841F008010160006841F211
:10949000000100F008000190C5F6020101984FF4A8
:1094A0004040319002203496CDE932060B203590B1
:1094B000A1F5806031A9FDF79BF940F6782508F504
:1094C0008060C2F200454FF4806728607420C5E9CF
:1094D00001062846EE60C5E90476C5E90666C5E9D9
:1094E0000866FBF755FB08B1FAF7D6F9C4F88050C7
:1094F00008F58360AC6340F6F025C2F200452860B1
:10950000752068604020A8600020C5E90307C5E910
:109510000500C5E9070068622846FBF739FB00280B
:109520004FF09B064FF07C0740F0AF81AFE100BFEA
:1095300044F2E04040F21008C5F60200C4F202080E
:109540000026816841F400218160816801F40021D6
:1095500001910199016841F001010160006831A9A0
:1095600000F0010001900198032031900220329018
:109570000820359041F20000C5F602003396A0F5B0
:1095800080503496FDF734F940F6200508F160006C
:10959000C2F200454FF4806728604020C5E9010011
:1095A0002846EE60C5E90476C5E90666C5E90866A1
:1095B000FBF7EEFA08B1FAF76FF9E56708F1780002
:1095C000AC6340F2A875C2F2004528603F20C5E9AF
:1095D000010628466E62C5E90367C5E90566C5E967
:1095E0000766FBF7D5FA00284FF034064FF08007E6
:1095F00040F04B814BE100BF0120029002A8002601
:109600000396FDF7B1FC08B1FAF746F944F2E040E1
:1096100040F21008C5F60200C4F20208016941F0E8
:1096200010010161016901F01001019101990168C6
:1096300041F002010160006841F2000100F0020007
:109640000190C5F6020101984FF44040319002208C
:109650003496CDE9320604203590A1F5406031A959
:10966000FDF7C6F840F6683508F13000C2F2004553
:109670004FF4806728602920C5E901064FF4807007
:10968000EE60C5E906604FF44030C5E9080628469B
:10969000C5E90476FBF77CFA08B1FAF7FDF8C4F8DF
:1096A000805008F14800AC6340F6E035C2F2004556
:1096B0004FF4003128602A2068604020A860002014
:1096C000C5E90307C5E90500E861C5E908102846B2
:1096D000FBF75EFA00284FF025064FF07C0740F0BC
:1096E000D480D4E044F2E04040F21008C5F6020015
:1096F0000026C4F20208816841F0804181608168DF
:1097000001F0804101910199016841F0100101606F
:10971000006831A900F01000019001984FF4C0706A
:109720003190022032900720359041F20000C5F6BA
:10973000020033963496FDF75BF840F6980508F181
:109740009000C2F200454FF4806728604F20C5E9C1
:1097500001064FF48070EE60C5E907062846AE6149
:10976000C5E904766E62FBF713FA08B1FAF794F8CC
:10977000C4F8805008F1A800AC6340F61015C2F29E
:10978000004505F108012860502068604020C1C1F3
:1097900028466E62C5E90566C5E90766FBF7F8F974
:1097A00000284FF052064FF07C076ED16FE000BFEB
:1097B0000120029002A800260396FDF7D5FB08B110
:1097C000FAF76AF844F2E04040F21008C5F60200E9
:1097D000C4F20208016941F020010161016901F050
:1097E000200101910199016841F0040101600068C4
:1097F00041F2000100F004000190C5F60201019859
:10980000C020319002203496CDE9320607203590F1
:10981000A1F5006031A9FCF7EBFF40F65845472061
:10982000C2F200454FF48067C5E901064FF480702D
:10983000C5F80080C5E907062846EE60C5E904764C
:10984000AE616E62FBF7A4F908B1FAF725F8C4F827
:10985000805008F11800AC6340F6D045C2F20045D4
:109860002860482068604020A8600020C5E9030700
:10987000C5E90500C5E9070068622846FBF788F9D5
:109880004FF047064FF07C0708B1FAF705F80521BD
:1098900000223046E551AC63FDF7C2F93046FDF7D2
:1098A000ABF936B0BDE8F081D0F88C30202B0BD16D
:1098B00094460A4600294FF0010118BFBCF1000F81
:1098C00006D10846704700BF02210846704700BF16
:1098D00010B54FF0000EC0F86CE040F6004403688D
:1098E000C5F60004A34203D05B681B0200F1B280FE
:1098F00082652221A0F85CC0C0F890E0C0F88C100E
:10990000D0F8803033B340F2F92140F29144C0F6F0
:109910000101C0F60104C3E90F1440F2091100244B
:10992000C0F60101C3E91314016804462431184646
:109930006346FBF77DFC0146204659B11021C0F873
:1099400090102021C0F88C100121BDE8104008467D
:10995000704700BF016939B3016851E8001F026810
:1099600041F4807142E80013F3B1016851E8001F2F
:10997000026841F4807142E80013002B1FBF0168A8
:1099800051E8001F026841F480711CBF42E80013D7
:10999000002B09D0016851E8001F026841F4807172
:1099A00042E80013002BD7D1016851E8021F02687A
:1099B00041F0010142E80213F3B1016851E8021FCE
:1099C000026841F0010142E80213002B1FBF016849
:1099D00051E8021F026841F001011CBF42E8021376
:1099E000002B09D0016851E8021F026841F0010113
:1099F00042E80213002BD7D1016851E8021F026828
:109A000041F0400142E80213F3B1016851E8021F3E
:109A1000026841F0400142E80213002B1FBF0168B9
:109A200051E8021F026841F040011CBF42E80213E6
:109A3000002B09D0016851E8021F026841F0400183
:109A400042E80213002BD7D10021BDE810400846A0
:109A5000704700BF036853E8003F046843F0806329
:109A600044E8003100293FF443AF016851E8001F8A
:109A7000036841F0806143E80014002C1FBF0168B7
:109A800051E8001F036841F080611CBF43E80014E7
:109A9000002C3FF42DAF016851E8001F036841F02E
:109AA000806143E80014002CD4D121E700000000BD
:109AB000D0F88C30202B07D10123002918BF002AB1
:109AC00006D11846704700BF02231846704700BFF2
:109AD00080B50023C36640F60043D0F800C0C5F649
:109AE00000039C4503D0DCF804301B0204D407F0CB
:109AF00053FD002080BD00BF036853E800CFD0F8BD
:109B000000E04CF080634EE8003CBCF1000FEED06A
:109B1000036853E800CFD0F800E04CF080634EE8D3
:109B2000003CBCF1000F1FBF036853E800CFD0F822
:109B300000E04CF080631CBF4EE8003CBCF1000F1D
:109B4000D5D0036853E800CFD0F800E04CF0806334
:109B50004EE8003CBCF1000FCED1C8E70000000089
:109B600010B50446F8F718FA2046BDE81040F8F79B
:109B700097BD0000000000007047000000000000DA
:109B80002DE9F04381B00446D0F88800202809D19F
:109B900088460120002918BF002A07D101B0BDE87E
:109BA000F08300BF022001B0BDE8F0831D46002015
:109BB000C4F890002120C4F888001646FCF714FF72
:109BC000A4F85460A4F856600646A168B1F5805F19
:109BD00002D12069002843D047464FF00008B4F86E
:109BE00056002168002841D005F10109C869000626
:109BF0000ED4B9F1000F0FD0002D61D0FCF7F4FEA8
:109C0000801BA8425ED821680868C8690006F5D59F
:109C100087B117F8010B12E0C8690006F8D4C869CB
:109C200000065CBFC8695FEA0060F1D4C86900063D
:109C3000F2D5EDE738F8020B00276FF35F2088625A
:109C4000D4F8880000F0210021284BD1B4F8560048
:109C50000138A4F85600B4F856000028C6D105E033
:109C60000027B4F8560021680028BDD1C869400615
:109C70001ED42DB3681C14D1C86940062AD4C86903
:109C8000400627D4C869400624D4C86940064FF06E
:109C90000000F1D50DE000BF20680168C0694006F2
:109CA00018D4FCF7A1FE801BA842F5D90AE000BF3A
:109CB00000202021C4F8881001B0BDE8F08300BF67
:109CC000FCF792FE03202021C4F8881001B0BDE803
:109CD000F08300BF00202021C4F8881001B0BDE847
:109CE000F08300BF012001B0BDE8F0830000000058
:109CF000D0F88830202B07D113460122002918BF45
:109D0000002B05D11046704702221046704700BF55
:109D100010B501650022A0F854302124A0F8563077
:109D2000C0F89020C0F88840D0F87CC0BCF1000F8B
:109D300024D040F2C94E40F28954C0F6010EC0F65C
:109D40000104CCE90FE440F20914C0F60104CCE9A7
:109D500013420268044628326046FBF769FA01465E
:109D6000204659B11021C0F890102021C0F8881069
:109D70000122BDE810401046704700BF0168402234
:109D80000A62016851E8021F026841F0800142E85E
:109D90000213F3B1016851E8021F026841F080012B
:109DA00042E80213002B1FBF016851E8021F02683E
:109DB00041F080011CBF42E80213002B09D001686A
:109DC00051E8021F026841F0800142E80213002BB3
:109DD000D7D10022BDE810401046704700000000B7
:109DE00010B5044601F0D0F92046BDE8104002F05D
:109DF0002BB80000000000007047000000000000C9
:109E0000FEE700000000000070B52DED028B40F26F
:109E10003825C2F200452B78012B41D195F86130ED
:109E2000012B3DD195F83C30042B39D195F86030A9
:109E3000012B35D195F85E30012B31D195F85F308B
:109E400073B3131F4FF6F8769BB2B3424AD840F271
:109E50001800C2F2004090F84C10012910D00021E7
:109E60000123C0E905110377C0E90D1180F83C30EA
:109E7000C0E910118164016580F8541080F84C30FD
:109E8000296B012380F855300020C5E91510A5F88D
:109E90005C2085F8620010B2BDEC028B70BD00BF83
:109EA00040F21800C2F2004090F84C10A1B100211D
:109EB0000123C0E905110377C0E90D1180F83C309A
:109EC0000165A0F85410C0E91011816480F84C10AD
:109ED000C5E9151185F86210A5F85C2010B2BDEC3B
:109EE000028B70BD02B240F21804C2F2004400239B
:109EF00080EAE230A0EBE2300AB280B2032881EAC5
:109F0000E230A0EBE2304FF0000180B238BF012117
:109F100003284FF0020038BF012394F8552011EABE
:109F2000030618BF03205AB194F84C10814210D197
:109F3000FCF75AFD94F85410012920D02AE000BF04
:109F4000296B6965012184F8551094F84C10814201
:109F5000EED000210122C4E905112277C4E90D11D8
:109F600084F83C20C4E91011A16484F8541084F8EA
:109F70004C00FCF739FD94F8541001290AD1216DE9
:109F8000411A042906D8B5F85C2010B2BDEC028B4A
:109F900070BD00BF95ED0D0A2065012084F85400C6
:109FA00009F006FB95ED0C1A95ED152A32EE411AD3
:109FB000B0EE408A9FED422AB4EE421AF1EE10FA5A
:109FC00054DA9FED410A04EB4614B4EE401AF1EE68
:109FD00010FA1DDA9FED3D2A31EE021AB4EE401A56
:109FE000F1EE10FA14DA31EE021AB4EE401AF1EE84
:109FF00010FABEBF31EE021AB4EE401AF1EE10FABA
:10A0000006DA31EE021AB4EE401AF1EE10FAE3DB92
:10A01000B0EEC10A9FED2E2A012085ED161A85F8B3
:10A020006200B4EE420AF1EE10FA3FDDB0EE410AF2
:10A03000204609F07DF9B9EE041AA8EE010A94ED64
:10A04000041AB1EE412A80FE411AB4EE402AF1EE24
:10A0500010FA32FE010ABDEEC00A10EE102AA5F871
:10A060005C2010B2BDEC028B70BD00BF9FED150AE5
:10A0700031EE001AB4EE421AF1EE10FAA1BF31EE41
:10A08000001AB4EE421AF1EE10FA31EE001AA4BF33
:10A09000B4EE421AF1EE10FA93DB31EE001AB4EE90
:10A0A000421AF1EE10FAE3DA8BE700BF00222077C4
:10A0B000C4E90522A5F85C2010B2BDEC028B70BD8E
:10A0C000000034430000B4C3000034C30000B443B4
:10A0D000CDCCCC3D0000000040F23821C2F200415E
:10A0E000087801284FF001002AD191F83C20042A79
:10A0F00026D191F86000012824D191F85E00012852
:10A100004FF0010018BF70470A6B0023C1E9152307
:10A11000A1F85C3081F8623040F21801C2F20041CF
:10A12000087781F83C004FF48070A1F854000020BB
:10A13000C1E90533C1E90D33C1E910338B640B6507
:10A14000704700BF0120704740F238220346C2F238
:10A1500000420028117818BF0123194001291BD1A2
:10A1600070B502F13806D2E90CCE78CE46610561B1
:10A17000C4608360C0E900CED2E912CED2E91454A3
:10A18000D2E91636C0E90A36C0E90854C0E906CE5D
:10A19000126E0263BDE87040084670470000000080
:10A1A00000F03EBC0000000000F08EBE0000000089
:10A1B000B0B540F23824C2F20044207810B100203B
:10A1C000B0BD00BF04F130003421F6F75CFA40F670
:10A1D0007470C2F2004000F08FFE28B1052084F8B0
:10A1E0003C000120B0BD00BF0020E062C4E90500D2
:10A1F000C4E90700C4E90900012584F83C5084F84B
:10A200006150FCF7F1FB6430A061FCF7EDFB014607
:10A21000002001F57A7161622570B0BD0000000078
:10A2200070B58CB040F23825C2F20045287801287C
:10A2300040F0E28200F088FE684600F0B5FBE8B12D
:10A24000FCF7D2FBA9690646401A00F1B080287DD0
:10A25000042800F2AC80DFE800F003735F67310090
:10A2600046F6C0200421C0F6010000F079FF002866
:10A270006FD10120287506F1320097E0072028757C
:10A28000052085F83C0040F218000021C2F2004091
:10A290000122C5E91511C0E905110277C0E90D11C8
:10A2A00080F83C200165A0F85410C0E910118164C9
:10A2B00080F84C10E96585F862109DE295F82E0053
:10A2C0000FF21C61085C46F6C021C0F6010100EBEC
:10A2D000400001EB4000417900F042FFC8BB95F817
:10A2E0002E00013085F82E00C1B209295CD395F803
:10A2F0002F00012840F0EA82002085F82F00062078
:10A30000287506F5FA606862042085F83C009DF81F
:10A31000100001284FD0B0E003202875022085F8F6
:10A320003C0006F1640041E0002085F82E00042086
:10A330002875AE619DF8100001283CD09DE000BF5B
:10A3400046F6C0200421C0F60100063000F008FFE8
:10A3500020B307202875052085F83C0040F218003E
:10A360000021C2F200400122C5E91511C0E9051122
:10A370000277C0E90D1180F83C200165A0F8541067
:10A38000C0E91011816480F84C10E96585F862100D
:10A390009DF8100001280ED06FE000BF0220287544
:10A3A00006F57A6002E000BF06F11400A8619DF88E
:10A3B0001000012861D10298E96988425DD0297DA9
:10A3C000E86106294ED0052940F0BD81A88D9DED9C
:10A3D000000A95ED0A1A30EE010A411C88B285ED9B
:10A3E0000A0AC828A98548D301EE100A4FF07E5109
:10A3F00029614FF48071A5F85E1040F21801B8EEA3
:10A40000411AC2F20041039828620020A5F8010019
:10A4100080EE010A012285ED0E0AC5E90200C5E9B8
:10A420000C00C1E905000A77C1E90D0081F83C2064
:10A430000865A1F8540081F84C00C1E91000886457
:10A44000C5E91500A5F85C0085F8620006202875AE
:10A45000FCF7CAFA00F57A706862042085F83C00BF
:10A460000BE000BF9DED000A95ED0E1A31EE400A9B
:10A47000012085ED0D0A85F85F00287D062840F053
:10A4800062819DF81100012840F05D810398296ADE
:10A49000884200F058819DED012A9FEDD80AB1EE67
:10A4A000421A2862B4EE402AF1EE10FA40F3CC8052
:10A4B000B4EE401AF1EE10FA1DDA9FEDD12A31EE1A
:10A4C000021AB4EE401AF1EE10FA14DA31EE021A62
:10A4D000B4EE401AF1EE10FABEBF31EE021AB4EE3D
:10A4E000401AF1EE10FA06DA31EE021AB4EE401A12
:10A4F000F1EE10FAE3DB6878002800F0C78095EDF4
:10A50000022A31EE422A9FEDBF1AB4EE412AF1EE43
:10A5100010FA80F2C380B4EE402AF1EE10FA1DDA90
:10A520009FEDB73A32EE032AB4EE402AF1EE10FA6C
:10A5300014DA32EE032AB4EE402AF1EE10FABEBF6E
:10A5400032EE032AB4EE402AF1EE10FA06DA32EEC9
:10A55000032AB4EE402AF1EE10FAE3DBA8780028D3
:10A5600000F0BC8095ED033A9FEDE45A32EE434A89
:10A5700095ED042AB4EE414AF1EE10FA80F24481DE
:10A5800032EE052AB4EE404AF1EE10FA1DDA9FEDE4
:10A59000D95A34EE054AB4EE404AF1EE10FA14DA14
:10A5A00034EE054AB4EE404AF1EE10FABEBF34EE86
:10A5B000054AB4EE404AF1EE10FA06DA34EE054AE6
:10A5C000B4EE404AF1EE10FAE3DBB0EE085A32EE98
:10A5D000055A82EE055AA5EE043AB4EE413AF1EE80
:10A5E00010FA80F23181B4EE403AF1EE10FA1DDA41
:10A5F0009FEDC01A33EE013AB4EE403AF1EE10FA94
:10A6000014DA33EE013AB4EE403AF1EE10FABEBF7E
:10A6100033EE013AB4EE403AF1EE10FA06DA33EED8
:10A62000013AB4EE403AF1EE10FAE3DBB7EE000A7D
:10A6300085ED033A30EE450A22EE000AB0EE432AD9
:10A6400085ED040A7AE000BF9FEDA82A9FEDA83AA5
:10A6500031EE021AB4EE431AF1EE10FAA1BF31EE58
:10A66000021AB4EE431AF1EE10FA31EE021AA4BF48
:10A67000B4EE431AF1EE10FAFFF61AAF31EE021AF9
:10A68000B4EE431AF1EE10FAE2DA11E79FED9A2ADE
:10A6900085ED021A0120687050E000BF9FED933AEB
:10A6A00032EE032AB4EE412AF1EE10FAA1BF32EEE7
:10A6B000032AB4EE412AF1EE10FA32EE032AA4BFC7
:10A6C000B4EE412AF1EE10FAFFF625AF32EE032A7E
:10A6D000B4EE412AF1EE10FAE2DA1CE7B4EE412AB8
:10A6E000F1EE10FA80F2D280B4EE402AF1EE10FAC8
:10A6F0001DDA9FED801A32EE012AB4EE402AF1EE07
:10A7000010FA14DA32EE012AB4EE402AF1EE10FA11
:10A71000BEBF32EE012AB4EE402AF1EE10FA06DA9C
:10A7200032EE012AB4EE402AF1EE10FAE3DB85EDB9
:10A73000032A4FF07E5028610120A87085ED0C2A75
:10A74000012085F85E0005A800F04AF9E0B105ACEB
:10A7500009981ECCC5E910010A98AA64301AEB6466
:10A7600064284FF000002C650CD89DF81010C90724
:10A7700008D00B980021301A65289DF8110038BFC9
:10A780000121084085F86000287D062834D195F81D
:10A790006000012804D106F57A7068620CB070BDC3
:10A7A000686A301A28D400F0CBFC4FF48070E8853A
:10A7B0000420287506F5FA606862022085F83C00DE
:10A7C00040F218000021C2F20040AE610122A5F85B
:10A7D0005C10C0E905110277C0E90D1180F83C203A
:10A7E0000165A0F85410C0E91011816480F84C1084
:10A7F000C5E915115FE500BF0CB070BD000034C3A2
:10A800000000B443000034439FED386A34EE064A3A
:10A81000B4EE414AF1EE10FAA1BF34EE064AB4EEAE
:10A82000414AF1EE10FA34EE064AA4BFB4EE414AB2
:10A83000F1EE10FAFFF6A4AE34EE064AB4EE414A49
:10A84000F1EE10FAE2DA9BE69FED284A33EE043A85
:10A85000B4EE413AF1EE10FAFFF6C5AE33EE043A2B
:10A86000B4EE413AF1EE10FAA2BF33EE043AB4EE80
:10A87000413AF1EE10FAFFF6B6AE33EE043AB4EE1A
:10A88000413AF1EE10FAE1DAADE600BF9FED173A7A
:10A8900032EE032AB4EE412AF1EE10FAA1BF32EEF5
:10A8A000032AB4EE412AF1EE10FA32EE032AA4BFD5
:10A8B000B4EE412AF1EE10FAFFF616AF32EE032A9B
:10A8C000B4EE412AF1EE10FAE2DA0DE7DDE9020119
:10A8D0000AF06EF99DF8100001283FF46CADCCE54C
:10A8E0000002030405060708090000000000B4C3C5
:10A8F000000034430000B443000000000AD7A33C2A
:10A90000F0B1B0B582B040F23825C2F200452978E6
:10A91000012911D195F8601001290DD195F85E102B
:10A92000012909D10446FCF75FF86968411A322908
:10A9300008D2022002B0B0BD012002B0B0BD00BFFD
:10A940000120704795ED0C0A9FED151A20EE010AC3
:10A95000BEEE001AB6EE002A686045F6A541ADF8D5
:10A960000310B5EE400A0123F1EE10FA22FE011A9F
:10A9700030EE010ABDEEC00A10EE100A8DF8050097
:10A9800081B20A0A8DF8062080EA11208DF80700AE
:10A990000DF1030105222046FFF7F2F802B0B0BD29
:10A9A0000000C8420000000041F2EC220346C2F25F
:10A9B0000042002892F8551318BF012319400129BD
:10A9C0000CD110B502F5497ED2E9CC429EE8085080
:10A9D00080E80850C0E90342BDE8104008467047CF
:10A9E00041F2EC220346C2F20042002892F85513CD
:10A9F00018BF01231940012910D170B502F5507616
:10AA0000D2E9CECE78CE46610561C4608360C0E9EC
:10AA100000CED2F850238261BDE8704008467047EE
:10AA20002DE9F04141F2EC22C2F2004292F8553396
:10AA3000012B40F0C3811368984240F0BF81B1F50B
:10AA4000807F07D9D2F83C030130C2F83C03BDE84F
:10AA5000F08100BFB2F8203398B22DD1FF2826D85C
:10AA600000210BE0B2F81C53154485F80431A2F81C
:10AA70001C63013083B2B3F5807F18D013181B79A3
:10AA8000B2F81C630136B5B2B1EB552F18BF0026E2
:10AA9000B2F81E53B4B2AC42E4D1D2F84033013321
:10AAA000C2F84033013083B2B3F5807FE6D1002095
:10AAB000A2F82003BDE8F08181421DD9CB1A13F022
:10AAC000030EA3F1010C00F0E380131800241B799E
:10AAD000B2F81C63751CAEB2B4EB562F18BF00253C
:10AAE000B2F81E43AEB2A64240F0D480D2F8403352
:10AAF0000133C2F84033D4E028BFBDE8F081FF281D
:10AB000027D84FF0000C0BE0B2F81C33134483F845
:10AB10000451A2F81C43013083B2B3F5807F18D0F2
:10AB200016183579B2F81C63741CA6B2BCEB562F0C
:10AB300018BF0024B2F81E63A3B2B342E4D1D2F826
:10AB400040330133C2F84033013083B2B3F5807F24
:10AB5000E6D1002900F0308101F0030C04294FF008
:10AB600000084FF0000378D301F4FE7E08E000BF38
:10AB7000D2F840030130C2F8400304339E456CD044
:10AB8000D4182579B2F81C630136B7B2B8EB572F49
:10AB900018BF0026B2F81E73B0B2B84206D1D2F880
:10ABA00040030130C2F8400307E000BFB2F81C03C5
:10ABB000104480F80451A2F81C636579B2F81C03B4
:10ABC000461CB0B2B8EB502F18BF0026B2F81E03D7
:10ABD000B7B2874206D1D2F840030130C2F8400331
:10ABE00007E000BFB2F81C03104480F80451A2F83B
:10ABF0001C63A579B2F81C03461CB0B2B8EB502F09
:10AC000018BF0026B2F81E03B7B2874206D1D2F8A9
:10AC100040030130C2F8400307E000BFB2F81C0354
:10AC2000104480F80451A2F81C63E479B2F81C03C4
:10AC3000451CA8B2B8EB502F18BF0025B2F81E0370
:10AC4000AEB2864294D0B2F81C03104480F804419E
:10AC5000A2F81C5304339E4592D1BCF1000F00F0C2
:10AC6000AB80D01800260379B2F81C737D1CAFB2FC
:10AC7000B6EB572F18BF0025B2F81E73AEB2BE4216
:10AC80002CD1D2F840330133C2F840332DE000BF5D
:10AC900003468DE0B2F81C43144484F80431A2F852
:10ACA0001C53BEF1010F00F1010300F08180134439
:10ACB00000261B79B2F81C43651CACB2B6EB542FCE
:10ACC00018BF0025B2F81E43AEB2A64226D1D2F874
:10ACD00040330133C2F8403327E000BFB2F81C73A1
:10ACE000174487F80431A2F81C53BCF1010F63D05C
:10ACF0004379B2F81C7300267D1CAFB2B6EB572F18
:10AD000018BF0025B2F81E73AEB2BE4228D1D2F8E9
:10AD100040330133C2F8403329E000BFB2F81C438E
:10AD2000144484F80431A2F81C53BEF1020F00F160
:10AD300002033DD0134400241B79B2F81C63751C38
:10AD4000AEB2B4EB562F18BF0025B2F81E63ACB2FA
:10AD5000B44225D1D2F840330133C2F8403326E063
:10AD6000B2F81C73174487F80431A2F81C53BCF1E5
:10AD7000020F21D08079B2F81C33002601339FB234
:10AD8000B6EB572F18BF0023B2F81E739EB2BE4217
:10AD900040F09080D2F840030130C2F840030BE04D
:10ADA000B2F81C63164486F80431A2F81C53C31C85
:10ADB0001FFA8CF0032803D2A2F82013BDE8F0811B
:10ADC0004FF0000C09E000BFD2F840030130C2F898
:10ADD0004003043398B28142EED0D41894F804E0D2
:10ADE000B2F81C630136B5B2BCEB552F18BF002674
:10ADF000B2F81E53B0B2A84206D1D2F840030130D7
:10AE0000C2F8400307E000BFB2F81C03104480F80A
:10AE100004E1A2F81C6394F805E0B2F81C63013663
:10AE2000B5B2BCEB552F18BF0026B2F81E53B0B216
:10AE3000A84205D1D2F840030130C2F8400306E031
:10AE4000B2F81C03104480F804E1A2F81C6394F8E3
:10AE500006E0B2F81C630136B5B2BCEB552F18BF43
:10AE60000026B2F81E53B0B2A84205D1D2F8400372
:10AE70000130C2F8400306E0B2F81C03104480F829
:10AE800004E1A2F81C63E079B2F81C630136B5B2A4
:10AE9000BCEB552F18BF0026B2F81E53B4B2AC421B
:10AEA00092D0B2F81C53154485F80401A2F81C6333
:10AEB0008FE700BFB2F81C73174487F80401A2F8AB
:10AEC0001C3379E70000000041F2EC21C2F200419E
:10AED00091F85523012A0BD10A68904218BF704798
:10AEE000D1F844030130C1F84403012081F8540330
:10AEF000704700000000000070B1B0B541F2EC24D2
:10AF0000C2F2004494F85513012907D12168081AA8
:10AF100018BF0120B0BD00BF01207047221D4FF4B3
:10AF2000557105461046F5F7AEFB256009F078FE31
:10AF300020B1002020600120B0BD00BF012084F8B6
:10AF400055030020B0BD00002DE9F04F81B02DED7C
:10AF5000088B41F2EC25C2F2004595F85503012813
:10AF60001CD195F85403012812D1002485F85443CC
:10AF70002868FDF7CDFCB5F81C03A5F81E03A5F85D
:10AF8000224309F04DFE00281CBF012085F8540320
:10AF9000B5F81E03B5F81C13884205D1BDEC088B2B
:10AFA00001B0BDE8F08F00BF95F8220300264FF0F6
:10AFB000AA084FF0550A9FED618A9FED5F9A0AE05B
:10AFC000012085F804A385F82203B5F81E13B5F80F
:10AFD0001C239142E2D0C0B2B5F81E13294491F867
:10AFE0000471B5F81E1301318AB2B6EB522F18BFA7
:10AFF00000210128A5F81E1304D048B9552FDFD031
:10B000000020E2E7AA2F44D185F805830220DAE781
:10B01000182839D2284480F8047395F822030228AE
:10B0200006D0032806D1781E032825D2132026E057
:10B030000320C8E795F82313013085F8220300297F
:10B04000C3D0C4B28C42C0D155FA80F005F54F7B15
:10B0500090F803030A2853D195F80793B9F1010F2B
:10B0600020D1FBF7C1FC024605F54170214601F0F5
:10B07000ABF805F54E7444E0042F05D1172085F890
:10B08000230304209FE700BFD5F83C030130C5F837
:10B090003C03552F4FF0000085F823033FF490AF99
:10B0A00091E700BFA9F1040005F54E7410F1020FFD
:10B0B00027D395EDC4AAB0EECABA1BEE100AB0F1C0
:10B0C000FF4F1DD8FBF790FCB9F1020F12D1B4EE7F
:10B0D00048BA0122F1EE10FA12DCD5F82C1385EDF6
:10B0E000C9AA0131C5F82C1385F8342305F553712D
:10B0F0001DE000BFB4EE49BA0122F1EE10FA0BDDFB
:10B100005C46206801302060552F4FF0000085F824
:10B1100023033FF455AF56E7D5F8301385EDCAAA9F
:10B120000131C5F8301305F5547185F835230860F1
:10B13000C5F84803E5E700BF0000B4430000FA4447
:10B1400041F2EC20C2F2004090F85513012918BFDB
:10B150007047012180F85413704700000000000080
:10B1600081B10A46014600281FBF41F2EC20C2F21D
:10B17000004090F855335FEAC37303D0006864233E
:10B18000FEF7FEBC0120704740F2F821C2F20041F8
:10B190000A78012A04D1CA68904204BF002088704E
:10B1A000704700000000000040F2F821C2F20041A8
:10B1B0000A78012A08D1CA68904218BF70474869C6
:10B1C0000130486101204870704700000000000015
:10B1D00030B147F600020168C4F20002914201D08A
:10B1E00001207047D0F880100029F9D0C26F002AE2
:10B1F000F6D0B0B5C969B1F5807F0BD140F2F82423
:10B20000C2F200442178012906D1E168081A18BF6A
:10B210000120B0BD0120B0BDE06041F24460C2F247
:10B2200000404FF48071F5F72EFA41F244704FF46C
:10B230008071C2F20040F5F726FA00256570A5700E
:10B2400025616561A561E56125626562A562E570BC
:10B2500025716571A571E571C4E90B55258100F073
:10B2600023FA18B10120E560B0BD00BF01202070B5
:10B270000020B0BD000000002DE9F04F8DB040F27D
:10B28000F82AC2F2004A9AF80000012840F0F5813D
:10B290009AF80100E8B100248AF80140DAF80C00BD
:10B2A000FDF736FBDAF80C00FDF7FEFB8AF80240EA
:10B2B0008AF80740CAF8304000F0F6F948B101209A
:10B2C0008AF801000DB0BDE8F08F00BF202C40F0DF
:10B2D0007F819AF80000012840F07A81DAF80C00AA
:10B2E000D0F8800000684068C0F5807188B2FF28FF
:10B2F00088BF0021BFF35F8F89B2BAF80A00884285
:10B3000000F06281002200BF83B241F24467C2F2C2
:10B310000047013086B2541CFB5C0DF10E07FF2E76
:10B3200088BF00201E2ABB5403D882B28A4222461C
:10B33000EAD1AAF80A000025DAF810002044CAF879
:10B34000100007E000208AF80700CAF83000013535
:10B35000AC42BBD07E5DFBF747FB9AF8071049B1C2
:10B36000DAF83020821A052A0ED300218AF8071055
:10B37000CAF83010A52EEAD1A5218AF8341001218F
:10B380008AF80710E1E700BF01290BD1A52E65D08F
:10B390005A2ED7D15A218AF8351002218AF807107F
:10B3A000D3E700BF4A1C5144D3B28AF807200A2BC6
:10B3B00081F83460CAF83000C9D1DAF81C000021E5
:10B3C0000130CAF81C009AF936909AF83A809AF936
:10B3D0003720ADF82E105FFA89F040F61101C0F267
:10B3E0000421802808BF12F180063BD04BF2005E9A
:10B3F00096235FFA82FBCFF6FF7E10FB03E6CDF8C3
:10B4000008808846B9F1000F30B2A6FB011C1BFB77
:10B4100003E19FEDA41AC0F306600FFA81FE3044E9
:10B4200000B2A6EB0C06CEF3066E0CEB560CA1FB9D
:10B430000863C0F3CF1001EB0E0636B2A1EB030197
:10B440004FEAE616DDF8088003EB510148BF4FEAEA
:10B450009C10002A48BF8E09714240E0A5218AF85D
:10B46000341072E79AF938904DF6802C4FF04B0E5D
:10B47000CFF6FF7C5FFA89F00A4610FB0EC19AF9FD
:10B4800039B0B9F1000F9FED861A08B2A1FB026234
:10B490005FFA8BF6C0F3066016FB0EC60844A1EBFC
:10B4A000020133B200B202EB510CC3F3066240F664
:10B4B0001101C0F20421324412B2A6FB0131C0F3E3
:10B4C000CF10A6EB01034FEAE21248BF4FEA9C10EF
:10B4D00001EB5301BBF1000F48BF8A09514211FB38
:10B4E00001F210FB002200EE102AB8EE400AB1EE85
:10B4F000C00AB4EE410AADF83200F1EE10FAADF830
:10B5000030101DDD00B202EE100A08B203EE100A80
:10B51000B8EEC22AB8EEC33A21EE022A21EE031A8F
:10B5200082EE002A81EE000ABDEEC21ABDEEC00A0C
:10B5300011EE100AADF8320010EE100AADF830002E
:10B54000C8F38010B0EBD81F08D018F040004FF0BF
:10B550000A0008BF6FF00900ADF82E0008F03F00A8
:10B560008AF803009AF83B000AF1340900F001015F
:10B570008AF80410C0F340008AF8050001208AF818
:10B580000600FBF731FA0DF13203CAF82C000CA9C2
:10B590000DF12E0200901846434602F0CDF8BDF999
:10B5A0003200BDF92E20BDF93010F6F715FC0A2146
:10B5B000484600F021FD00283FF4C4AEDAF8200030
:10B5C0000130CAF82000BDE6DAF81000CAF8100011
:10B5D000BAF8084044B90AF13E00202100F0A0FC6E
:10B5E0000446AAF8080060B3B4F5807F24D89AF81E
:10B5F000000008B39AF8020018BB41F244750AF142
:10B600003E01C2F2004522462846F4F79BFF012086
:10B610008AF80200DAF80C0029462246FEF768FB99
:10B6200070B300218AF80210DAF81810022801F12C
:10B630000100CAF8180004D0DAF824000130CAF872
:10B6400024009AF80600C0B1FBF7CEF9DAF82C1006
:10B65000401AC92811D300208AF806008AF803008E
:10B660008AF804008AF80500FBF7BEF901F000FD36
:10B67000002000210022F6F7AFFB0DB0BDE8F08FEF
:10B68000BAF80800DAF828100844CAF828000020A0
:10B69000AAF808009AF806000028D5D1EDE700BF07
:10B6A000000096420000164310B540F2F824002234
:10B6B000C2F20044E06862810F2201680A628A696E
:10B6C00042F008028A6141F244614FF48072C2F292
:10B6D0000041FEF7E9F8002818BF10BDE16840F20C
:10B6E0000F42C4F20202D1F88010096891426FF053
:10B6F000180211DC6F23C4F20203994222DC3F23BB
:10B70000C4F20203994239DC1023C4F202039942C5
:10B710005CD0282354E000BF40F26F43C4F2020320
:10B7200099421BDC40F23F43C4F2020399422DDCF4
:10B7300040F21043C4F20203994247D040F228433A
:10B740003EE000BF9F23C4F20203994228DC70232D
:10B75000C4F20203994239D0882331E040F29F437A
:10B76000C4F20203994223DC40F27043C4F20203A4
:10B7700099422BD040F2884322E000BF4023C4F21C
:10B780000203994222D058231AE000BF40F24043FE
:10B79000C4F20203994219D040F2584310E000BFAE
:10B7A000A023C4F20203994210D0B82308E000BFDE
:10B7B00040F2A043C4F20203994207D040F2B843DA
:10B7C000C4F20203994218BF6FF006020B681A40D8
:10B7D0000A6010BD0000000080B582B044F2D8407D
:10B7E0000022C5F60200016841F001010160016814
:10B7F00001F0010101910199016841F0020101602C
:10B800000068052100F00200009000980B20FBF773
:10B8100007FA0B20FBF7F0F90C2005210022FBF7BB
:10B82000FFF90C20FBF7E8F90D2005210022FBF7BA
:10B83000F7F90D20FBF7E0F90E2005210022FBF7B8
:10B84000EFF90E20FBF7D8F90F2005210022FBF7B6
:10B85000E7F90F20FBF7D0F9102005210022FBF7B4
:10B86000DFF91020FBF7C8F9112005210022FBF7B2
:10B87000D7F91120FBF7C0F92F2005210022FBF793
:10B88000CFF92F20FBF7B8F9382005210022FBF76C
:10B89000C7F93820FBF7B0F9392005210022FBF762
:10B8A000BFF93920FBF7A8F93A2005210022FBF760
:10B8B000B7F93A20FBF7A0F93B2005210022FBF75E
:10B8C000AFF93B2002B0BDE88040FBF795B900001E
:10B8D00080B540F648504AF20001C2F20040C4F27E
:10B8E000000101220E2301600021C0E90211028241
:10B8F00005228174C0E90522C0E90732C0E90922A6
:10B90000C0E90B32C0E90D110822C2632022026493
:10B910000422C165C0E91121C0E91321C0E9152144
:10B9200010238266C0E91831FAF7A2FA002808BF8E
:10B9300080BDBDE88040F7F7AFBF00000000000009
:10B9400080B540F6E8504AF20041C2F20040C4F22D
:10B95000000101220E2301600021C0E902110282D0
:10B9600005228174C0E90522C0E90732C0E9092235
:10B97000C0E90B32D022C165C0E90D210822C263A3
:10B980002022026404221023C0E91121C0E91321FE
:10B99000C0E91521C0E918318266FAF769FA002872
:10B9A00008BF80BDBDE88040F7F776BF000000000B
:10B9B00080B540F688604DF20041C2F20040C4F20A
:10B9C000000101220E2301600021C0E90211028260
:10B9D00005228174C0E90522C0E90732C0E90922C5
:10B9E000C0E90B324FF4D07242630822C165C0E94E
:10B9F0000E212022026404221023C0E91121C0E993
:10BA00001321C0E91521C0E918318266FAF730FA2E
:10BA1000002808BF80BDBDE88040F7F73DBF0000AB
:10BA200010B501F0F5FA4FF2316046F68832C0F6F3
:10BA30000000C0F60102002108F03AF840F2D004FC
:10BA400046F6D412C2F20044C0F601020021206082
:10BA50004FF22940C0F6000008F02AF860604FF26B
:10BA6000016046F6FC22C0F60000C0F6010200218B
:10BA700008F01EF8A0604FF2695046F63822C0F672
:10BA80000000C0F60102002108F012F8E06010BDCD
:10BA900070B586B044F2E0400025C5F60200059579
:10BAA000CDE90355CDE90155016840F6000441F0A8
:10BAB000040101600168C5F6020401F0040100916F
:10BAC0000099016841F0800101600168002201F0E5
:10BAD000800100910099016841F001010160016855
:10BAE0004FF4204601F0010100910099016841F0F6
:10BAF00010010160016801F01001009100990168D6
:10BB000041F002010160016801F002010091009919
:10BB1000016841F00801016000684FF4204100F025
:10BB20000800009000982046FAF756FF012001A96E
:10BB3000CDE90205204601960495FAF759FE06B0B4
:10BB400070BD00000000000080B541F2080044F61E
:10BB50000041C2F20040C4F200010C2201604FF427
:10BB6000E13141600021C0E902110161C0E9052114
:10BB7000C0E90711C0E90911FDF792FB08B1F7F719
:10BB80008BFE41F208000021C2F20040FCF770FE7B
:10BB900008B1F7F781FE41F208000021C2F200402F
:10BBA000FCF71EFE08B1F7F777FE41F20800C2F27B
:10BBB0000040FCF7A5FD002808BF80BDBDE880401F
:10BBC000F7F76ABE0000000080B541F2301047F67A
:10BBD0000001C2F20040C4F200010C2201604FF4E7
:10BBE000E13141600021C0E902110161C0E9052194
:10BBF000C0E90711C0E90911FDF752FB08B1F7F7D9
:10BC00004BFE41F230100021C2F20040FCF730FE42
:10BC100008B1F7F741FE41F230100021C2F20040B6
:10BC2000FCF7DEFD08B1F7F737FE41F23010C2F243
:10BC30000040FCF765FD002808BF80BDBDE88040DE
:10BC4000F7F72ABE0000000080B541F2C41047F6A5
:10BC50000041C2F2004048F28042C4F20001C0F24A
:10BC60001E02C0E9001200210161C0E902110C228C
:10BC7000C0E90521C0E90711C0E90911FDF710FB72
:10BC800008B1F7F709FE41F2C4100021C2F20040EA
:10BC9000FCF7EEFD08B1F7F7FFFD41F2C4100021FB
:10BCA000C2F20040FCF79CFD08B1F7F7F5FD41F248
:10BCB000C410C2F20040FCF723FD002808BF80BD7D
:10BCC000BDE88040F7F7E8BD80B541F2582041F665
:10BCD0000001C2F20040C4F201010C2201604FF4E5
:10BCE000E13141600021C0E902110161C0E9052193
:10BCF000C0E90711C0E90911FDF7D2FA08B1F7F759
:10BD0000CBFD41F258200021C2F20040FCF7B0FD0B
:10BD100008B1F7F7C1FD41F258200021C2F20040FE
:10BD2000FCF75EFD08B1F7F7B7FD41F25820C2F20B
:10BD30000040FCF7E5FC002808BF80BDBDE880405E
:10BD4000F7F7AABD0000000080B540F6747041F21C
:10BD50000001C2F20040C4F201010C2201604FF464
:10BD6000612141600021C0E902110161C0E90521A2
:10BD7000C0E90711C0E90911FDF792FA08B1F7F718
:10BD80008BFD40F674700021C2F20040FCF770FD9C
:10BD900008B1F7F781FD40F674700021C2F200404F
:10BDA000FCF71EFD08B1F7F777FD40F67470C2F29C
:10BDB0000040FCF7A5FC002808BF80BDBDE880401E
:10BDC000F7F76ABD0000000080B541F29C0041F227
:10BDD0000041C2F2004048F28042C4F20101C0F2C8
:10BDE0001E02C0E9001200210161C0E902110C220B
:10BDF000C0E90521C0E90711C0E90911FDF750FAB2
:10BE000008B1F7F749FD41F29C000021C2F2004061
:10BE1000FCF72EFD08B1F7F73FFD41F29C00002131
:10BE2000C2F20040FCF7DCFC08B1F7F735FD41F247
:10BE30009C00C2F20040FCF763FC002808BF80BDF4
:10BE4000BDE88040F7F728BD40F25831C2F200410A
:10BE50000A78012A04D18A68904204BF00208870C1
:10BE6000704700000000000040F25831C2F200416B
:10BE70000A78012A08D18A68904218BF7047086979
:10BE80000130086101204870704700000000000088
:10BE900030B141F200420168C4F20102914201D086
:10BEA00001207047D0F880100029F9D0C26F002A15
:10BEB000F6D0B0B5C969B1F5807F0BD140F25834E6
:10BEC000C2F200442178012906D1A168081A18BFDE
:10BED0000120B0BD0120B0BDA06041F6CC00C2F28F
:10BEE00000404FF48061F4F7CEFB41F6CC404FF4B4
:10BEF0000071C2F20040F4F7C6FB00256570A57022
:10BF0000E5602561656100F0ABF818B10120A5601E
:10BF1000B0BD00BF012020700020B0BD00000000B7
:10BF20002DE9F0414FF0000E002918BF002803D181
:10BF30001FFA8EF0BDE8F08140F2583CC2F2004C8E
:10BF40009CF80020002AF3D0DCF80820D2F88020EA
:10BF500012685268C2F5806293B2BEEB932F18BF8D
:10BF60000022BFF35F8F92B2BCF8043093421DD021
:10BF700041F6CC084FF0FF34C2F200489EB20133C4
:10BF80009FB20519BEEB972F04F1020718BF0023DB
:10BF90008F4218F8066004F101046E7002D29DB25F
:10BFA0009542EBD104F1010EACF80430DCF80C0042
:10BFB0007044CCF80C001FFA8EF0BDE8F081000050
:10BFC000B0B540F25834C2F200442078012818BFBE
:10BFD000B0BD607801280ED100256570A068FCF71F
:10BFE00097FCA068FCF760FDA57000F039F8002808
:10BFF0001CBF01206070B0BDA1F2012292B2B2F567
:10C000007E4F02464FF0010029D342B370B540F293
:10C010005836C2F200463378FBB1B07810B1022036
:10C020001BE000BF41F6CC440D46C2F2004411466D
:10C0300020462A46F4F786FA0120B070B0682146FF
:10C040002A46FDF755FE014600284FF0000004D0B7
:10C05000B0707069013070610846BDE8704070478B
:10C0600010B540F258340022C2F20044A068A28009
:10C070000F2201680A628A6942F008028A6141F669
:10C08000CC014FF48062C2F20041FDF70DFC0028A4
:10C0900018BF10BDA16840F20F42C4F20202D1F8ED
:10C0A0008010096891426FF0180211DC6F23C4F20E
:10C0B0000203994222DC3F23C4F20203994239DC95
:10C0C0001023C4F2020399425CD0282354E000BF3D
:10C0D00040F26F43C4F2020399421BDC40F23F433B
:10C0E000C4F2020399422DDC40F21043C4F2020371
:10C0F000994247D040F228433EE000BF9F23C4F25C
:10C100000203994228DC7023C4F20203994239D019
:10C11000882331E040F29F43C4F20203994223DCBA
:10C1200040F27043C4F2020399422BD040F288439C
:10C1300022E000BF4023C4F20203994222D05823D8
:10C140001AE000BF40F24043C4F20203994219D002
:10C1500040F2584310E000BFA023C4F2020399420A
:10C1600010D0B82308E000BF40F2A043C4F202039D
:10C17000994207D040F2B843C4F20203994218BF73
:10C180006FF006020B681A400A6010BD0000000044
:10C19000FEE7000000000000FEE7000000000000D5
:10C1A00010B542F694244FF4A161C2F20044204637
:10C1B000F4F769FA4FF0FF30C4E91C00012084F85D
:10C1C000870084F8060510BD42F6942CC2F2004C9C
:10C1D0009CF80635012B18BF704780B500280CF17C
:10C1E0007C0364D0132962D1C17801295FD14168F1
:10C1F00000EE101AB0EEC03A13EE101AB1F1FF4F74
:10C2000055D8816801EE101A0121C7F68071B0EE91
:10C21000C14A14EE10EA8E4549D2C06802EE100AF7
:10C22000B0EEC25A15EE100AB0F1FF4F3FD89FEDA5
:10C23000236AB4EE463AF1EE10FA38DCB4EE464A20
:10C24000F1EE10FADCBFB4EE465AF1EE10FA2EDC35
:10C250009CF88E0110280CD39CF88D110138013107
:10C2600001F00F018CF88D11DCF880100131CCF851
:10C2700080109CF88C1101308CF88E018CED000A36
:10C280000CEB0113013101F00F018CF88C1183EDDF
:10C29000230A83ED241A83ED252AC3F898200CF194
:10C2A00078038CED011A8CED022ACCF86C2018680A
:10C2B00001301860BDE88040704700BF0000C842F0
:10C2C0002DE9F04F81B02DED108BB4B042F69427DC
:10C2D000C2F2004797F80615012940F03E86054650
:10C2E00097F80305012811D1D7F8FC049FEDD9DA9E
:10C2F000854210D0281A14280DD800EE100A9FEDA0
:10C30000D61AB8EE400A20EE01DA04E09FEDD1DA49
:10C31000012087F803050FA8C7F8FC548346FDF7F2
:10C3200013FF804618B90FA83421F4F7ACF92EA9F1
:10C3300000204FF00009F5F73BFB00289FEDC58A70
:10C34000CDF824B060D028A90120F5F731FB0028F2
:10C3500062D022A90220F5F72BFB00285CD01CA993
:10C360000320F5F725FB002856D033990024002937
:10C370004FF0FF301FBF2D9E002E279B002B4ED06D
:10C38000B0EE48AAB0EE48BA219A002A4BD09DEDF3
:10C390002F0A9DED291AB8EEC00A9DED232AB8EEAA
:10C3A000C11A9FEDAE3AB8EEC22A9DED1D4A20EEAD
:10C3B000030A681A21EE031AA91B22EE032A8142FE
:10C3C000B8EEC44A4FF0010430EE015A30EE410A93
:10C3D00024EE031A35EE023A30EE420A88BF0846D0
:10C3E00033EE012AB5EE003A30EE010AE91A814235
:10C3F00022EE03AA20EE03BA88BF0846A91A81429A
:10C4000088BF08460FE000BF4FF0FF30B0EE48AAEB
:10C41000B0EE48BA002406E000244FF0FF30B0EE42
:10C4200048AAB0EE48BA2BEE0B0A002104953D282D
:10C4300038BF0121AAEE0A0A4FF0000A0026B0F523
:10C440007A7F88BF4FF0010A04EA0105B1EEC0CA45
:10C450009FEDD30AB4EE40CAF1EE10FAD8BF012620
:10C46000B8F1000F786725D09DF86C0001281FD126
:10C470009DF86A0001281BD19DED0F0A9FEDC91A96
:10C4800020EE018AB0EE480A0AF018F8B0EE409AA1
:10C49000B0EE480A0AF0BAF82BEE408A4FF00109D4
:10C4A0002BEE094AA9EE0A8AA0EE0A4A04E000BF70
:10C4B0004FF00009B0EE484A002D87ED0EAA87ED37
:10C4C0000FBA87ED108A87ED114A47D0B5EE40DAF2
:10C4D000F1EE10FA46DD97F8010501280FD107F2B9
:10C4E000EC40B6EE001A90ED000A3CEE000A20EE99
:10C4F000010A97ED141AA0EE0D1A87ED141A07F22F
:10C50000EC40B9F1000F80ED00CA4FF0010087F850
:10C5100001053DD097F8020501282ED107F2E4402D
:10C52000B6EE001A97ED133A90ED000A07F59D60FC
:10C5300038EE000A90ED002A34EE022A20EE010ABD
:10C5400022EE011A97ED122AA0EE0D2AA1EE0D3A65
:10C5500087ED122A87ED133A0FE000BF002187F81C
:10C56000011516E007F2EC40B9F1000F80ED00CAAA
:10C570004FF0010087F801050AD007F2E44007F503
:10C580009D6180ED008A81ED004A012101E000BF3C
:10C590000021786F0022B0F57A7F98BF012287F8DA
:10C5A0000215144214D03C285AD897F805150529CD
:10C5B00080F0DA844A1C04294FF0000187F8052531
:10C5C00087F8041512D187F887108CB956E000BFA0
:10C5D00097F80415032949D2022901F1010287F8CD
:10C5E00004254FF0000187F8051542D0002C45D0F6
:10C5F00097F88710B6EE001A9FED162A002901FE63
:10C60000020A3D2811D381B9B0EE420AC1087C2943
:10C610000BD8C0F57A719FED982A00EE101AB8EE8B
:10C62000400A80EE020A20EE010A97ED1A5AB4EE93
:10C63000405AF1EE10FA2ADA3DEE051A81FE405A10
:10C640009FED040AB5EE401AF1EE10FAB8BFB0EE55
:10C65000405A2DE0000000006F12833A3665023C1C
:10C660000021A7F80415002CC2D107E0002187F8AB
:10C670000515012187F88710002CB9D11FED0B0A91
:10C6800097ED1A5AB4EE405AF1EE10FAD4DBB4EE3C
:10C69000405AF1EE10FA19DD35EE4D1AB6EE002AC9
:10C6A00081FE422AB4EE410AF1EE10FA30FE025A3F
:10C6B00087ED1A5A4FF000018DED05DA64B997F84D
:10C6C0008E3187F88610BBB9DEE300BF002C4FF037
:10C6D00000018DED05DAF2D0B0F57A7F98BF012127
:10C6E00097F8870080F00100014097F88E3187F8B5
:10C6F0008610002B00F0C88384F001008DED015AF4
:10C7000040EA0A008DED024A30430A9009988DED07
:10C71000038AD7ED07AAD7ED089A97ED09EA97EDB6
:10C720000AAA97ED0B0A8DED080A97ED0C0A8DED1C
:10C73000070A97ED0D0A8DED060AB7F8DA9497F817
:10C740008D51B7F8D814B8F1000F9DF86C209FED0B
:10C75000151A08BF40469DED0F0A97F8A04120EE3C
:10C76000018A97F8B46197F800C548F21F5ADFEDC7
:10C7700043BAC5F2EB1ADFED42CA4FF0640BDFEDAE
:10C7800041DA0990DFED40EA08EA02005FED4FFA76
:10C790000B909FED3EBA9FED3ECA9FED3EDA22E040
:10C7A0008FC2F53C35FA8E3C002087F800050D9EBF
:10C7B0000C9907F2DC434909681C01FB1B6107F572
:10C7C0009C6683ED001A97F88E3100F00F0586ED18
:10C7D000002A002B4FF001044FF001060E98C7F815
:10C7E000F80400F03983EAB207EB021292ED231A43
:10C7F00092ED242AD2F89800E2070E90A3F10102EC
:10C8000087F88E2112D097ED643A97ED654A23EEB2
:10C810002B0A97ED675AA1EE2C0AA4EE2C0A97ED8D
:10C82000664AA4EE2D0AA5EE2E0A08E0012087F83C
:10C83000A001B0EE413AB0EE414AB0EE410AF20733
:10C8400087ED641A87ED653A87ED660A87ED674ADA
:10C8500022D097ED693A97ED6A4A23EE2B1A97EDAD
:10C860006C5AA2EE2C1AA4EE2C1A97ED6B4AA4EE89
:10C870002D1AA5EE2E1A18E000006B44CDF2473EAB
:10C88000CCF2C73DEF5B713FABAAAABE0000C84225
:10C890000AD7A33D9A99193E012087F8B401B0EE5A
:10C8A000423AB0EE424AB0EE421A481C07EB81020F
:10C8B000A0FB0A14B9F1630F87ED692A87ED6A3A84
:10C8C00087ED6B1A87ED6C4A82ED6E0A82EDD21A03
:10C8D00040F27081B0EE6F3AB0EE6F2A002100BFD7
:10C8E0007A185031B1F5C87F92ED6E4A92EDE35A55
:10C8F00032EE042A92EDD24A33EE043A92ED6F4AB8
:10C9000032EE042A92EDD34A33EE043A92ED704AA5
:10C9100032EE042A92EDD44A33EE043A92ED714A93
:10C9200032EE042A92EDD54A33EE043A92ED724A81
:10C9300032EE042A92EDD64A33EE043A92ED734A6F
:10C9400032EE042A92EDD74A33EE043A92ED744A5D
:10C9500032EE042A92EDD84A33EE043A92ED754A4B
:10C9600032EE042A92EDD94A33EE043A92ED764A39
:10C9700032EE042A92EDDA4A33EE043A92ED774A27
:10C9800032EE042A92EDDB4A33EE043A92ED784A15
:10C9900032EE042A92EDDC4A33EE043A92ED794A03
:10C9A00032EE042A92EDDD4A33EE043A92ED7A4AF1
:10C9B00032EE042A92EDDE4A33EE043A92ED7B4ADF
:10C9C00032EE042A92EDDF4A33EE043A92ED7C4ACD
:10C9D00032EE042A92EDE04A33EE043A92ED7D4ABB
:10C9E00032EE042A92EDE14A33EE043A92ED7E4AA9
:10C9F00032EE042A92EDE24A33EE043A92ED7F4A97
:10CA000032EE042A92ED804A33EE053A92EDE45A72
:10CA100032EE042A92ED814A33EE053A92EDE55A60
:10CA200032EE042A33EE053A7FF45AAF82EE0B2A37
:10CA3000B0EE6F4A83EE0B3AB0EE6F5A002100BFA2
:10CA40007A182831B1F5C87F92ED6E6A92EDD27AEC
:10CA500036EE426A37EE437AA6EE065A92ED6F6AD8
:10CA6000A7EE074A92EDD37A36EE426A37EE437A62
:10CA7000A6EE065A92ED706AA7EE074A92EDD47AB6
:10CA800036EE426A37EE437AA6EE065A92ED716AA6
:10CA9000A7EE074A92EDD57A36EE426A37EE437A30
:10CAA000A6EE065A92ED726AA7EE074A92EDD67A82
:10CAB00036EE426A37EE437AA6EE065A92ED736A74
:10CAC000A7EE074A92EDD77A36EE426A37EE437AFE
:10CAD000A6EE065A92ED746AA7EE074A92EDD87A4E
:10CAE00036EE426A37EE437AA6EE065A92ED756A42
:10CAF000A7EE074A92EDD97A36EE426A37EE437ACC
:10CB0000A6EE065A92ED766AA7EE074A92EDDA7A19
:10CB100036EE426A37EE437AA6EE065A92ED776A0F
:10CB2000A7EE074A92EDDB7A36EE426A37EE437A99
:10CB3000A6EE065AA7EE074A82D185EE0B5A0022CE
:10CB400084EE0B4A4FF0000E0023B1EEC55AB1EE51
:10CB5000C44AB4EE4C5AF1EE10FAD8BF0122B4EE3A
:10CB60004C4AF1EE10FAD8BF4FF0010E0B99CDE907
:10CB70000C40B9B3099E96F82F10012932D196F8CE
:10CB80002E1001292ED1317B04292BD196ED014A9B
:10CB9000B6EE005AB0EEC44A00260121B4EE454A72
:10CBA000F1EE10FAC8BF012697F88480B8F1010FA2
:10CBB0001FD037E0B9F1630F09F10109A7F8DA9442
:10CBC00002D14FF0640985E60123B0EE6F2AB0EE82
:10CBD0006F3A01224FF0010E0B990029CDE90C406C
:10CBE000C8D100BF0126002197F88480B8F1010F59
:10CBF00018D132EE6A4AB0EEC44AB4EE4D4AF1EEB4
:10CC000010FA03DD00264FF0010871E033EE694AA7
:10CC10000020B0EEC44AB4EE4D4AF1EE10FAD8BF8F
:10CC20000120024043EA06000A9B23EA0000C007F5
:10CC300018BF002A36D16446002630EE6AFA002971
:10CC400071EE698A5BD0B0EE480A09F037FCB0EEAD
:10CC5000409AB0EE480A09F0D9FC28EEC01A97F8BD
:10CC600084C028EE892A4FF0640BA9EE0F1AA0EEBB
:10CC70000F2AB0EE6F0AE0074BD15FEACC7008EAEA
:10CC800006023FF491AD002A0D9E65D00020B0EE63
:10CC90006FAAC7E90900012087F80005B0EE6FEA26
:10CCA00086E500BF7646B8F1000F08BF96F0010098
:10CCB00000F0B08008EA0600012819D132EE6A2A95
:10CCC0009FEDAE4A33EE693A4FF001086446012603
:10CCD000E2EE04AAE3EE049AC7ED07AAC7ED089AAC
:10CCE00030EE6AFA002971EE698AACD107E000BF24
:10CCF000644630EE6AFA002971EE698AA3D14FF0DA
:10CD0000000CB0EE6F1AB0EE6F2AB0EE6F0AE007BB
:10CD1000B3D0D7F8F8140E98884211D0421A142ACA
:10CD20000ED800EE102A9FED953AB8EE400A20EE9C
:10CD3000030A5FEACC7008EA06023FF435ADA2E7C9
:10CD400088428FA008BF043090ED000A5FEACC70E3
:10CD500008EA060297D127E5B5EE400A0020F1EE79
:10CD600010FAC8BF01202040C00771D007F59C60B1
:10CD7000F6EE001AB0EE4A5A90ED003A07F2DC40A7
:10CD800032EE033A90ED004A31EE044A23EE213AA6
:10CD9000A3EE005A24EE213AB0EE4E4A87ED0A5A2D
:10CDA000A3EE004A2AEE0A3A25EE056A7AEE050A53
:10CDB00087ED094AAEEE0E3AB0EE45AAA4EE046A3B
:10CDC0003EEE047AB0EE44EAB1EEC33AB1EEC66A82
:10CDD00033EE063A27EE216A20EEA17ADDED080A4D
:10CDE00023EE213AE6EE000A9DED076AA7EE006AFF
:10CDF0009DED067AA3EE007ACDED080AC7ED0B0A89
:10CE00008DED076A87ED0C6A8DED067A87ED0D7A58
:10CE1000CEE400BF87ED072A4FF0010887ED083AFE
:10CE2000002487F88480B0EE6FAA87F80045B0EE42
:10CE30006FEAC7E90944F0EE439AF0EE42AA30EEF9
:10CE40006AFA002971EE698A3FF459AFFBE600BF28
:10CE5000012087F80005ABE49DED038A9DED024AB1
:10CE60009DED015A87F88D51A7F8D8140CF00100F8
:10CE700087F8882087ED03FAC7ED048A87ED051A45
:10CE800087ED062A87F88500F86E049AB96F101AA4
:10CE9000002908BF4FF0FF306528386706D300200F
:10CEA00087F8850087F8880087F80005B7EE000A44
:10CEB00024EE051A97ED093A9DED057AB5EE407A14
:10CEC00030EE452A28EE050AF1EE10FAA2EE030A2A
:10CED00097ED0A3AA2EE031A87ED150A87ED161AA6
:10CEE00033DD07F2F44021EE014AB6EE006A90ED20
:10CEF000002A07F59E6022EE023A90ED005AA0EE5D
:10CF0000004A31EE022AA5EE053A30EE055A22EE2D
:10CF1000062AB1EEC44AB1EEC33A34EE033A25EE26
:10CF2000064A97ED175A23EE063A97ED186AA4EED3
:10CF3000075A97ED194AA2EE076AA3EE074A87ED52
:10CF4000175A87ED186A87ED194A07F59E6007F2B0
:10CF5000F44180ED000A81ED001A34B0BDEC108B75
:10CF600001B0BDE8F08F00BF002187F8041587F8F5
:10CF70008710002C7FF43CABFFF780BB6F12833A25
:10CF8000000000000AD7A33B41F64071C2F2004105
:10CF9000087070470000000041F6CC61C2F2004109
:10CFA0000A7C032A01D801320A740023032A88BFAD
:10CFB0000123032A0B7140F27033C2F200435A710D
:10CFC00058624FF00000C3E90A001872086648660C
:10CFD00088BF704701209043C8737047000000006D
:10CFE00040F270310028C2F20041C98A8AB201467B
:10CFF000134618BF0121002A18BF01231940012937
:10D0000003D1012323EA02020270084670470000A0
:10D01000F0B581B041F6CC647421C2F200442046E0
:10D02000F3F731FB40F270350020C2F200450026D4
:10D0300001276E81AE81EE812E70AE616E70EE6161
:10D040002E826E82AE82C5F80270C5E90866EE8255
:10D05000AE71FFF799FFC5E90A662E720420C4E994
:10D060001866277060744FF48070E08101B0F0BDE5
:10D0700040F27031C2F20041CA69531CCB61BFF368
:10D080005F8F00234B818B81CB810B708861901C5B
:10D090004B70BFF35F8FC8610B824B828B827047EE
:10D0A00040F27030C2F2004080797047000000000A
:10D0B00018B1002918BF002A00D1704740F2703C17
:10D0C000C2F2004CBCF810300380BCF8120008809B
:10D0D000BCF81400108070472DE9F04F8BB041F67A
:10D0E000CC61C2F200410978012940F0DA8140F2B6
:10D0F0007037C2F20047F98A11B1F98A0139F98211
:10D10000D7F81C80BFF35F8F7B89BE89FA8997F8B7
:10D1100000B0D7F818905FEAC8757C78BFF35F8FCE
:10D12000FD69EDD1A845EBD1A0EB090C0025002C41
:10D1300018BF0124BCF1C90F38BF0125396A8845E1
:10D1400005EA040508D0C7F820801DB1B979012986
:10D1500040F000810021B97005A9099365C140F232
:10D16000D825EFF31081C2F2004572B6AC88B5F84D
:10D170000CC0A879AA7B01B962B6A1B2002A0C46FC
:10D18000029218BF012200284FF0050518BF0120A8
:10D190008C2941F6CC6E28BF8C24CDF804C0C2F295
:10D1A000004E1FFA8CFC052C98BF2C466546BCF13E
:10D1B000F00F28BFF0254FF0050A8EF80500052D69
:10D1C00098BF55460A294FF00001AEF814404FF0C1
:10D1D00000048EF8062038BF0121BCF10A0FAEF81A
:10D1E000165038BF0124049001408EF8071002EA5F
:10D1F0000401079CB8790392099ACEF81890089B0D
:10D20000A246A1468EF8081000F001018EF80140F8
:10D21000002CAEF868204FF0000CAEF86A301CBF4E
:10D22000924699469EF80E00DDF818E0002908BFE6
:10D230008E4600F0FE01002C08BFA6460429ADF87A
:10D240002AC0ADF828C007D141F6CC6B0020554666
:10D25000C2F2004BC5E000BF099DD4B1B5F5004F47
:10D260006CD029B285EAE134A4EBE13189B20A2914
:10D2700064D80899B1F5004F60D0089A11B282EADB
:10D28000E134A4EBE13189B20A2957D81BF03B0104
:10D2900054D141F6CC6B0328C2F2004B60D0012878
:10D2A000059A08D0002865D141F28730824202D821
:10D2B000F87800283FD03879A8BB029999B30025A7
:10D2C00001986328934688BF012574462846FFF7D6
:10D2D0005BFE5A4641F6CC6BC2F2004B9FED8C2AA6
:10D2E000A6464FF0000CBBF814008BF80D50BBF8AD
:10D2F000161000EE100A012001EE101A9BF805101E
:10D3000004919BF80610B8EE400A3871B8EE411A45
:10D3100003918BF8030020EE020A21EE021A8BED36
:10D320000D0A8BED0E1A0499C90718BF002831D1D8
:10D3300001208BF80E000020554652E041F6CC6BE0
:10D340000520C2F2004BDDF820908BF80E00002083
:10D3500047E000BF5FEA4B7114D40121FBE600BF38
:10D360009BF810007979059A884222D078717A6208
:10D370001FE000BF4FF0000900258BF80E000020D1
:10D380002FE000BFB97801297FF4E6AE4FF4807139
:10D390007980E1E60398C007CAD09BF81000787145
:10D3A000A2F1410078620020C7E90A003872CBE997
:10D3B00018009BF80400012808D1A020F88204205E
:10D3C0008BF80E000120B87108E000BF786A101ACF
:10D3D00040286DD803208BF80E00002000254FF068
:10D3E00000090FFA89F19BF807302AB2002948BFDB
:10D3F0008C46002B9BF8081008BFCC46EFF3108931
:10D4000072B6BFF35F8F0029F96918BF22EAE2758F
:10D4100041450DD13A8A18B31AB9788A08B9B88A41
:10D4200008B1F4F7FDFC0024002500262DE000BF24
:10D4300078B1388A18B9788A08B9B88A08B1F4F787
:10D44000EFFC002038827882B882CBF86C00ABF811
:10D450007000B9F1000F24D162B60BB0BDE8F08FB7
:10D460002EB2B0B20FFA8EF590420FFA8CF407D1BB
:10D47000A1B2788A814203D1A9B2B88A814204D08C
:10D48000304621462A46F4F7A7FCB9F1000F3E8248
:10D490007C82BD82ABF86C60ABF86E40ABF870502C
:10D4A00002D00BB0BDE8F08F62B60BB0BDE8F08FD4
:10D4B0000DF12A000AA97446914600F061F800F0C7
:10D4C0002BF878B14846FFF767FD9BF80400012868
:10D4D00012D1A020F88204208BF80E000120B87130
:10D4E00000250EE0BDF82A500320BDF828904FF02B
:10D4F000000CA64641E700BF03208BF80E00002574
:10D5000001204FF000094FF0000CA64669E700BF6C
:10D510000AD7233C0000000041F6CC62C2F2004270
:10D52000137C032B28D880B5B2F816E092F806C019
:10D53000507BDFE803F0030D031700BF908A002142
:10D5400080B24528507938BF0121084080BD00BF16
:10D5500050B10020BEF1460F38BF012000EA0C0098
:10D5600080BD00BF0028F4D00020BEF1C70F88BFE7
:10D57000012000EA0C0080BD002070470000000080
:10D58000F0B541F6CC670023C2F2004703800B8060
:10D590003D7C032D64D8FC8A7A7BDFE805F0031913
:10D5A000032F00BF7A79012A5AD1BA8A9FED591AFE
:10D5B0004FF0010E4FF0000C00EE102AB8EE400ABA
:10D5C00030EE010AB5EE400AF1EE10FA34DC47E025
:10D5D000BE79012E44D100EE104A9FED4D1A9FED09
:10D5E0004B2A002A4FF0010CB8EE400A18BF4FF04A
:10D5F000FF3C31EE401A30EE020A14E0BE79012EF3
:10D600002ED100EE104A9FED411A9FED412A002ACB
:10D610004FF0FF3CB8EE400A18BF4FF0010C30EE5F
:10D62000011A32EE400A01FE000A4FF0000EB5EE7C
:10D63000400AF1EE10FA13DD40F270339FED361A16
:10D64000C2F2004380FE010A1A7A012A12D193ED38
:10D650000B1A9FED322A30EE411A81EE021A0BE0CE
:10D6600040F27030C2F20040C7E91833C0E90A3313
:10D670000372F0BD01221A729FED292A93ED0A3A36
:10D6800020EE022A9FED254A4FFA8CF283ED0B0A19
:10D6900087ED180AA2EE043ABBEE0E2A83FE022A98
:10D6A000B3EE0E3A82FE432A9FED1E3A83ED0A2A1C
:10D6B000A0EE032A9FED1C3AA1EE032A9FED1B1A50
:10D6C00082FE011A9FED1A2A81FE421ABDEEC12A7E
:10D6D00012EE106A06FB0EF57243FE792BB2002B98
:10D6E00058BF0023002E87ED191A028008BF2B4671
:10D6F0000B80397A012907D1B0F90010B1F1FF3F51
:10D70000C8BFF0BD00210180F0BD00BF00008AC28B
:10D7100000004843000088C2000000006F12833AF6
:10D720009A99993F66662640CDCC4C3D00002AC3AD
:10D7300000002A430000000018B1002918BF002A89
:10D7400000D17047F0B540F27034B0F800C0C2F2BA
:10D750000044B1F800E0158803F03F03E669771C48
:10D76000E761BFF35F8FA4F80AC0A4F80CE0E5817D
:10D770002370059BA36101236370B31CBFF35F8F0C
:10D78000E361238A0380608A0880A08A1080BDE854
:10D79000F0407047000000000000000000000000A2
:10D7A000EFF30980BFF36F8F154B1A681EF0100F4F
:10D7B00008BF20ED108A20E9F04F10602DE9090024
:10D7C0004FF0500080F31188BFF34F8FBFF36F8F7E
:10D7D00007F08EFF4FF0000080F31188BDE80900CC
:10D7E00019680868B0E8F04F1EF0100F08BFB0ECE1
:10D7F000108A80F30988BFF36F8F704700BF00BFA6
:10D800003420002400000000F0B581B044F22C4721
:10D81000C5F6020757F8042C02F00302032A03D1CD
:10D82000012001B0F0BD00BF054657F82C0C0C4696
:10D8300020F0806047F82C0CF9F7D6F8064600BFB8
:10D8400057F82C0C000105D5F9F7CEF8801B0228FB
:10D85000F6D964E057F8040CEE6895E80E0020F461
:10D860007C30012C40EA0130A2F101016FF35F210D
:10D870004FF47E4202EB432247F8040C92B24FF081
:10D88000FE4302EB01004FF4FE012A6901EB064161
:10D8900001F4FE0103EB0262084402F0FE41084479
:10D8A000F8603868696920F0C00040EA010038601B
:10D8B0003868A96920F0200040EA01003860386823
:10D8C0004FF6F87120F0100038603869EA6920EAF4
:10D8D00001004FF4001140EAC2003861386808BF07
:10D8E0004FF4801140F01000002C386008BF4FF456
:10D8F000002138680843386057F82C0C40F08060ED
:10D9000047F82C0CF9F770F8044600BF57F82C0CB8
:10D91000000107D4F9F768F8001B0328F6D30320A9
:10D9200001B0F0BD002001B0F0BD0000000000001B
:10D93000F0B581B044F22C47C5F6020757F8042C25
:10D9400002F00302032A03D1012001B0F0BD00BFA1
:10D95000054657F82C0C0C4620F0805047F82C0C4C
:10D96000F9F742F8064600BF57F82C0C800005D5A1
:10D97000F9F73AF8801B0228F6D964E057F8040C4E
:10D98000EE6895E80E0020F07C70012C40EA015012
:10D99000A2F101016FF35F214FF47E4202EB4322BB
:10D9A00047F8040C92B24FF0FE4302EB01004FF433
:10D9B000FE012A6901EB064101F4FE0103EB02625C
:10D9C000084402F0FE41084478613868696920F42F
:10D9D000406040EA010038603868A96920F40070AE
:10D9E00040EA0100386038684FF6F87120F4807022
:10D9F0003860B869EA6920EA01004FF0807140EAB6
:10DA0000C200B861386808BF4FF4000140F480706C
:10DA1000002C386008BF4FF4800138680843386034
:10DA200057F82C0C40F0805047F82C0CF8F7DCFF2E
:10DA3000044600BF57F82C0C800007D4F8F7D4FF39
:10DA4000001B0328F6D3032001B0F0BD002001B075
:10DA5000F0BD00000000000040B390F8E523012A6B
:10DA600024D190F8E4230AB310B5531E90F8502047
:10DA70008A4223D0E3B190F8CC208A4220D0012BF7
:10DA800016D090F848218A421ED0022B10D090F870
:10DA9000C4218A421CD0043B00F5F8705A1C4FF098
:10DAA0000102E3D1BDE810401046704701207047E5
:10DAB0000122BDE810401046704700BF041D09E078
:10DAC00000F1800406E000BF00F1FC0402E000BFAA
:10DAD00000F5BC74204600F027FE024684F86D0075
:10DAE000BDE810401046704740B390F8E533012B75
:10DAF00024D190F8E4330BB310B55C1E90F850308D
:10DB00008B4223D0E4B190F8CC308B422AD0012C48
:10DB100016D090F848318B4236D0022C10D090F8B5
:10DB2000C4318B4236D0043C00F5F870631C4FF0D2
:10DB30000103E3D1BDE8104018467047012070474B
:10DB40000123BDE810401846704700BF041D6AB1AC
:10DB50000023012084F878006367BDE81040184670
:10DB6000704700BF00F18004002AF1D1002084F842
:10DB70007800204601F010FC034684F86D00BDE8F3
:10DB800010401846704700BF00F1FC04002AEDD099
:10DB9000DEE700BF00F5BC74002AD9D1E6E700003B
:10DBA00070B58AB060B3002B4FF000041CBF90F832
:10DBB000E5635FEAC67603D120460AB070BD00BFB8
:10DBC00090F8E463002EF7D0751E90F850608E42F6
:10DBD0001AD0ADB190F8CC608E4219D0012D0FD083
:10DBE00090F848618E4217D0022D09D090F8C46198
:10DBF0008E4215D0043D00F5F8706E1CE5D1DBE7D0
:10DC0000002420460AB070BD1546041D0BE000BF7D
:10DC1000154600F1800406E0154600F1FC0402E020
:10DC2000154600F5BC742C2118461E46F2F72BFD54
:10DC300001A9204600F0A8FD94F96C109DED010AA1
:10DC40009FED271A9DED022A80EE010A04EE101ABC
:10DC50009FED241A9DED033A0499F16020EE010A2C
:10DC60000599B8EEC44A316122EE011A9FED1E2AD1
:10DC700023EE022A069920EE040A716121EE041AAD
:10DC800086ED000A22EE040A0799B16108999DF811
:10DC9000242086ED011A86ED020A0029F161304642
:10DCA00086F8202018BF012186F825104FF00001CA
:10DCB00004D0626BAA1A332A38BF012180F82610DB
:10DCC00094F8781094F84E2080F8271094F86D108E
:10DCD000012480F8282080F8241020460AB070BD66
:10DCE00035FA8E3CE4380E3F6666E63F00000000E1
:10DCF00040B390F8E523012A24D190F8E4230AB335
:10DD000010B5531E90F850208A4223D0E3B190F80A
:10DD1000CC208A4220D0012B16D090F848218A428C
:10DD20001ED0022B10D090F8C4218A421CD0043B94
:10DD300000F5F8705A1C4FF00102E3D1BDE8104025
:10DD400010467047012070470122BDE81040104680
:10DD5000704700BF041D09E000F1800406E000BF29
:10DD600000F1FC0402E000BF00F5BC74204600F0A6
:10DD70002BFD024684F86D00BDE810401046704748
:10DD80002DE9F04F81B0814600284FF0010011D0FD
:10DD90008A4679B1A3F109001F4610F1080F4FF030
:10DDA000010007D39346002A1CBF9AF810125FEABD
:10DDB000C17103D101B0BDE8F08F00BF0024002580
:10DDC00068011BF90060002E44D40BEB451041782C
:10DDD000FF2901D001293DD1083005F04DFBC8B322
:10DDE000F0B221462A46531CBB421DD20BEB010365
:10DDF00093F82060B0422DD0961CBE4214D293F806
:10DE00004060B04226D0D61CBE420DD293F860606E
:10DE1000B0421FD00432BA4206D293F8803080312B
:10DE20009842E0D116E000BF01352034BD42C7D38F
:10DE300009F104084FF479714046F2F724FC9BF88D
:10DE4000002040465146C9F800A089F8E47300F06C
:10DE5000E7FC18B1012001B0BDE8F08F0BF1080616
:10DE600009F1580CDBF81C504FCE8CE84F00C9F874
:10DE70006C509BF80100DBF8041089F87000002951
:10DE800008BF0A21012FC9F8741013D143F2817120
:10DE90005046C0F601014A4600F022FC00284FF02F
:10DEA00001007FF487AF89F8E503002001B0BDE8E9
:10DEB000F08F00BF9BF8202009F18000514600F050
:10DEC000AFFC0028C6D10BF1280609F1D40CDBF811
:10DED0003C504FCE8CE84F00C9F8E8509BF8210029
:10DEE000DBF8241089F8EC00002908BF0A21022F72
:10DEF000C9F8F010CAD09BF8402009F1FC00514647
:10DF000000F08EFC0028A5D10BF1480609F5A87C8D
:10DF1000DBF85C504FCE8CE84F00C9F864519BF899
:10DF20004100DBF8441089F86801002908BF0A2184
:10DF3000032FC9F86C11A9D09BF8602009F5BC70BB
:10DF4000514600F06DFC00287FF484AF0BF16806A9
:10DF500009F5E67CDBF87C504FCE8CE84F00C9F821
:10DF6000E0519BF86100DBF8641089F8E4010029B6
:10DF700008BF0A21042FC9F8E81187D09BF8802038
:10DF800009F5FA70514600F04BFC00287FF462AFAF
:10DF90000BF1880609F5127CDBF89C504FCE8CE81B
:10DFA0004F00C9F85C529BF88100DBF8841089F8B7
:10DFB0006002002908BF0A21052FC9F864123FF446
:10DFC00065AF9BF8A02009F51C70514600F028FCB5
:10DFD00000287FF43FAF0BF1A80609F5317CDBF890
:10DFE000BC504FCE8CE84F00C9F8D8529BF8A10026
:10DFF000DBF8A41089F8DC02002908BF0A21062FEB
:10E00000C9F8E0123FF442AF9BF8C02009F53B701D
:10E01000514600F005FC00287FF41CAF0BF1C80648
:10E0200009F5507CDBF8DC504FCE8CE84F00C9F886
:10E0300054539BF8C100DBF8C41089F85803002939
:10E0400008BF0A21072FC9F85C133FF41FAF9BF8E4
:10E05000E02009F55A70514600F0E2FB00287FF4F9
:10E06000F9AE0BF1E80709F56F7CDBF8FC608FCFA8
:10E070008CE88F00C9F8D063DBF8E4009BF8E1106E
:10E08000002889F8D41308BF0A20C9F8D803FDE690
:10E09000002808BF70472DE9F0472DED068B044698
:10E0A00090F8E503012840F0C98094F8E4030028C3
:10E0B00000F0C480884604F1510700254FF00109A3
:10E0C0009FED618A9FED619A9FED61AA0BE000BF11
:10E0D00001F062F987F8200094F8E40301357C37F9
:10E0E000854280F0AB8097F82B000028A7F14D0007
:10E0F0004AD0D7F82710B8EB0101EDD417F8311C3E
:10E10000C906E9D57A7897F91FA0F979012A04D1CF
:10E110003A788A4201D13A794AB14246064601F03C
:10E1200063F8002887F82000D6D1F9793046052910
:10E1300032D800EE10AA07F10B02B8EEC00ADFE8F1
:10E1400001F0033F2F572B6392ED001A92ED012A45
:10E1500021EE001A92ED023A22EE002AD2ED031AC5
:10E1600023EE003A21EE081A62EE090A92ED042A23
:10E1700021EE090A23EE0A1A00F072FD002887F842
:10E180002000A9D153E000BF79780029A0D13979C6
:10E1900000299DD1A0E700BF87F820909CE700BF31
:10E1A00092ED001AD2ED010A21EE000A20EE090AD2
:10E1B00000F0F2FE002887F820007FF48DAF36E0F3
:10E1C00092ED001A21EE000A92ED011A92ED022A58
:10E1D00061EE090A22EE091A20EE080A20EE090A69
:10E1E00000F03AFE002887F820007FF475AF1EE0AB
:10E1F00092ED001A21EE000A00F0D6FC002887F804
:10E2000020007FF469AF12E092ED001A21EE000ABF
:10E2100092ED011A61EE090A20EE080A20EE090AC1
:10E2200000F002FC002887F820007FF455AFD7F8F3
:10E2300023004044C7F827004EE700BFBDEC068B23
:10E24000BDE8F047704700BF35FA8E3C6666E63F92
:10E25000E4380E3F0000000080B390F8E533012B56
:10E260002CD170B5064610460D46144605F004F94B
:10E2700030B396F8E40318B332462B46411EA44649
:10E2800092F8500098421DD0D1B192F8CC0098423B
:10E290001AD0012914D092F84801984218D00229C6
:10E2A0000ED092F8C401984216D0043902F5F872E3
:10E2B000481C4FF00100E3D11CE000BF0120704773
:10E2C000012070BD111D09E002F1800106E000BFD0
:10E2D00002F1FC0102E000BF02F5BC719CE84D00B8
:10E2E000DCE9045401F1540CC1E919548CE84D00E7
:10E2F0000020486770BD000040B390F8E523012A74
:10E3000024D190F8E4230AB310B5531E90F850209E
:10E310008A421DD003B390F8CC208A4222D0012B30
:10E320001AD090F848218A422CD0022B14D090F8B1
:10E33000C4218A422ED0043B00F5F8705A1C4FF0DD
:10E340000102E3D1BDE8104010467047012070473C
:10E35000041D94F8780058B10122BDE81040104621
:10E36000704700BF00F1800494F878000028F3D1D2
:10E37000204600F0E5FE024684F86D00BDE810403E
:10E380001046704700F1FC0494F878000028EFD0A4
:10E39000E2E700BF00F5BC7494F878000028DBD1F8
:10E3A000E6E7000000000000B0B390F8E41399B372
:10E3B00001F0030C04294FF000024FF0000314D3C6
:10E3C00080B501F0FC0EA0F5F8710023043381F84C
:10E3D0006C2281F8E8229E4581F8642381F8E023CD
:10E3E00001F5F871F2D1BDE88040BCF1000F08BF23
:10E3F0007047C3EB43110430BCF1010F00EB810007
:10E400004FF0000180F8781006D0BCF1020F80F8C0
:10E41000F41018BF80F87011704700000000000071
:10E42000002814BF90F80E02002000F00100704791
:10E43000002808BF7047890106D590F81012C90757
:10E440001CBF012180F80E12704700000000000080
:10E45000002808BF70472DE9F0438DB00446C80777
:10E460001CBF94F810025FEAC07003D10DB0BDE884
:10E47000F043704720684021F7F742FA0028F5D0B2
:10E4800004F10C080DF10C096E4605E020684021EE
:10E49000F7F736FA0028E9D0206840214A4633468B
:10E4A000F7F73AFA0028E1D10498B0F1804FEDD1A6
:10E4B0000598002804BF06980828E7D194F80C02B4
:10E4C00094F80D22411C01F01F079742DED0010194
:10E4D000039A08EB001548F80120F8F785FA686000
:10E4E0000098A8600198E860BFF35F8F84F80C7211
:10E4F000CCE7000000000000F0B589B00546002020
:10E50000089007904FF00100D5B30C46C1B3281D09
:10E510004FF404711646F2F7B6F84FF080400190C0
:10E520000020029002200390FF20069001A92046BF
:10E530002C60012785F80F62CDE90476F7F728F9FA
:10E5400098B902210222012320460097F7F768F9C3
:10E5500058B92046F7F744FF38B901210022C0F22C
:10E5600080312046F7F750F830B105462046F7F7DE
:10E5700053FF284609B0F0BD012085F810020020A5
:10E5800009B0F0BD00000000002808BF7047F0B5DA
:10E5900085B0044690F8100201282DD1606858B368
:10E5A00094F80D0294F80C12884225D001A804F1C9
:10E5B0000C0600F1080700BF94F80D02010106EBFC
:10E5C00000120130715801915168029191680391D4
:10E5D000D1680491BFF35F8F00F01F0084F80D0233
:10E5E000D4E90150DDE901133A46A84794F80D0239
:10E5F00094F80C128842DFD105B0BDE8F0407047B6
:10E6000080B390F8101201292CD190F80E12012934
:10E610002AD1B0B5016891F89820022A06D10446A3
:10E620000846F7F7F9FEE0B92046216891F89820EE
:10E63000012A1BD190F80C22044680F80D220846CE
:10E64000F7F7CEFE68B901212068C0F280310022C0
:10E650000025F6F7D9FF002818BFB0BD002084F8C8
:10E660000E52B0BD01207047002070470120B0BDA0
:10E6700070B58AB04FF00003099338B390F81032A8
:10E68000012B23D190F80E6203464FF00100DAB15E
:10E69000F60719D118680E4614461D46F7F740FADA
:10E6A000C0B126F0604001904FF080400290002001
:10E6B000039008210890CDE90410CDE906002868F0
:10E6C00001A92246F6F7E8FF0AB070BD01200AB0A2
:10E6D00070BD00BF02200AB070BD00000000000045
:10E6E00060B18446012000291FBF9CF810325FEA08
:10E6F000C373CCE901120020704700BF01207047AE
:10E7000078B190F81012012918BF704710B5016850
:10E7100004460846F7F780FE002084F81002BDE8A2
:10E72000104070470000000010B3036803B370B5D9
:10E7300084B093F8101201291CD190F94C100246B4
:10E740000120002912D493F80F520024164682F8B3
:10E75000514001AACDE9020441EA0520043240F00B
:10E76000806118460191FFF783FF38B104B070BD96
:10E7700001207047012004B070BD00BF002086F862
:10E780004E4004B070BD00000122002818BF0029CF
:10E7900002D11046704700BFB0B500F10C0501F181
:10E7A0000807D0E901CE3CCD3CC7C1E900CED0E995
:10E7B0000723406A0862C1E906230022BDE8B04091
:10E7C0001046704700000000D0B10168C1B110B51B
:10E7D00091F8101201291DD190F94C10002919D47B
:10E7E00090F8311001290DD10446F8F7FDF8A26A1E
:10E7F000801A40F2DC5290420ED30320208610BDD6
:10E800000120704790F83210012903D190F83000B0
:10E8100010BD00BF012010BD022010BD000000008F
:10E820004FF0010C002818BF002901D16046704745
:10E8300053B2002BFAD491F81032DB07F6D070B542
:10E84000031D0C465021054618461646F1F71BFFDE
:10E850004FF0000C2C6085F84C60FF2085F84D00CF
:10E8600085F85200BDE87040604670470000000027
:10E87000002800F0C980D0F800C0BCF1000F08BF2C
:10E88000704710B59CF810E2BEF1010F40F0BA805D
:10E89000002A00F0B78090F94CE0BEF1000F00F1C3
:10E8A000B180CCB29CF80FC2A44540F0AB800C0AFA
:10E8B0005FFA84FC5FFA8EF4644540F0A380C1F3F4
:10E8C000046CACF11104022CC0F09B80BCF1150F5C
:10E8D00000F08C80BCF1020F40F0948014889FED12
:10E8E0004B1A9FED4C2AD0F81CC09FED4B3A24BA2E
:10E8F000240C00EE104A4CF00104C461B8EE400A4A
:10E9000020EE010A9FED421A80EE010A30EE020A63
:10E9100080ED010A548824BA240C02EE104AB8EEA5
:10E92000422A22EE032A9FED3D3A82EE012A32EE80
:10E93000032AB3EE0C3A80ED022A948824BA240C00
:10E9400002EE104AB8EE422A22EE032A82EE011AA3
:10E95000BAEE0C2A31EE021A9FED312A80ED031A2D
:10E96000D28852BA01EE102AC1F305424261C1F3C6
:10E97000815201F44001B8EE411AB1F50001B1FA3B
:10E9800081F180F824204FEA511180F84E1021EED9
:10E99000021A80ED041A0BD090F8511041B990F88A
:10E9A0004D10FF2904D0FF2180F84D1080F852103F
:10E9B00090F831104CF03F02C261026A012902F165
:10E9C000010101621DD1C26A91421AD0B0EEC00AA3
:10E9D0009FED141AB4EE410AF1EE10FA11DC012198
:10E9E00080F83210002101860BE000BF1168416100
:10E9F00051688161D0E9071241F02001C161511CC9
:10EA000001624363BDE81040704700BFDB0FC9419E
:10EA100000FF7F47DB0F49C100008442000004C2B1
:10EA2000CDCCCC3DCDCC4C3D10B52DED048B84B080
:10EA3000B0EEC02A9FED581AB4EE412AF1EE10FA5A
:10EA400006DD0121084604B0BDEC048B10BD00BFFB
:10EA500000284FF00101F5D0B0EEE02AB4EE412AD3
:10EA6000F1EE10FAEEDCF5EE400AF1EE10FAE9DB19
:10EA70000368002BE6D093F81012012940F086803D
:10EA800090F94C10002900F1818090F84E20012A65
:10EA90007CD190F84D20052A78D19FED402A90F83E
:10EAA000502080FEC22A9FED3E3A920782FE038AE2
:10EAB00006D590ED102AB4EE482AF1EE10FA3AD0BD
:10EAC000B0EEC82AB4EE412AF1EE10FA5EDC93F8FB
:10EAD0000F2218EE10EA0DF1040C47F2170402940D
:10EAE000B0EE409A41EA02210CF1040241F090514B
:10EAF0004FEA1E248DF80D404FEA1E448DF80E405B
:10EB00004FEA1E648DF80F400446184601918DF8B7
:10EB10000CE0FFF7ADFD0146002893D1B0EE490AA5
:10EB200094F850102368204684ED108A41F00201C9
:10EB300084F8501053B393F81012012926D190F99C
:10EB40004C00002822D493F80F1247F216040294C6
:10EB500010EE104A01AA40EA0120043240F0905120
:10EB6000200A8DF80D00200C8DF80E00200E8DF877
:10EB70000F00184601918DF80C40FFF779FD014612
:10EB8000084604B0BDEC048B10BD00BF012108464F
:10EB900004B0BDEC048B10BDFFFF7F7F000004427A
:10EBA0000000000000000000014600284FF00100B6
:10EBB00051D0B0EEC02A9FED281AB4EE412AF1EEF2
:10EBC00010FAC8BF70470868F0B190F81022012A07
:10EBD0001AD191F94C20002A16D491F84E30012B0D
:10EBE00012D191F84D1003290ED1B3EE002A80FE08
:10EBF000420ABBEE002A80FE020AB0EEC02AB4EE42
:10EC0000412AF1EE10FA01DD0120704780B584B091
:10EC100090F80F1210EE10EA0DF1040C47F2060303
:10EC2000029342EA01210CF1040241F0905101915A
:10EC30008DF80CE04FEA1E238DF80D304FEA1E438D
:10EC40008DF80E304FEA1E638DF80F30FFF710FD80
:10EC500004B0BDE880407047FFFF7F7F00000000E8
:10EC6000014600284FF001000FD0B0EEC04A9FEDE2
:10EC70006F3AB4EE434AF1EE10FADEBFB0EEE04A6E
:10EC8000B4EE434AF1EE10FA00DD7047B0EEC14A2F
:10EC9000B4EE434AF1EE10FADEBFB0EEE14AB4EE54
:10ECA000434AF1EE10FAF0DCB0EEC24AB4EE434A49
:10ECB000F1EE10FAE9DC086870B190F81022012A30
:10ECC0000AD191F94C20002A06D491F84E30012B3C
:10ECD00002D191F84D1009B1012070479FED543ACF
:10ECE00080FE434A9FED530A84FE004AB4EE404A38
:10ECF000F1EE10FA1DDA9FED505A34EE054AB4EEEB
:10ED0000404AF1EE10FA14DA34EE054AB4EE404A05
:10ED1000F1EE10FABEBF34EE054AB4EE404AF1EE11
:10ED200010FA06DA34EE054AB4EE404AF1EE10FA73
:10ED3000E3DB80B584B0B2EE0C5ABAEE0C6A84FE06
:10ED4000434AB1EE047A0DF1040C81FE451A84FEAB
:10ED5000000AB3EE0C4A82FE472A81FE061A9FED96
:10ED6000396A30EE030A9FED353A31EE051A20EE8E
:10ED7000030A21EE031A81EE041A9FED2F4A80EE5A
:10ED8000040A9FED2F4A80FEC45ABCEEC11ABCEEA5
:10ED9000C00A85FE065A9FED2D6AC1FEC60A11EE15
:10EDA000101A35EE044A9FED2A5AC0FE850A82FEEB
:10EDB000052A9FED255A24EE034A42EA012160EE1E
:10EDC000830A10EE102A22EE032A41F0807184EEAD
:10EDD000051A8DF8092080EE863A130A8DF808305E
:10EDE000BCEEC10A019182EE071ABCEEC32A10EEF6
:10EDF000102ABCEEC10A8DF80B20130A12EE102A5D
:10EE00008DF80A308DF80D20130A8DF80C3010EEB5
:10EE1000103A8DF80F301A0A8DF80E200CF104020A
:10EE2000FFF726FC04B0BDE880407047FFFF7F7FFE
:10EE3000DB0F4941DB0F49C1DB0FC94100FF7F47B1
:10EE400000000442000004C2000084420000FA43B3
:10EE50000000000000000000B0B52DED068B84B06E
:10EE6000B0EEC03A9FED492A05460120B4EE423A81
:10EE7000F1EE10FA18DCB0EEE03AB4EE423AF1EE00
:10EE800010FA11DC85B1B0EEC13AB4EE423AF1EEBF
:10EE900010FA09DCF5EE400AF1EE10FAA4BFB5EE67
:10EEA000401AF1EE10FA03DA04B0BDEC068BB0BDE7
:10EEB000286848B390F81012012925D195F94C1013
:10EEC000002921D495F84E30012B1DD195F84D30F5
:10EED000012B19D19FED2E2A95F84F3080FEC29A52
:10EEE000C3B195ED0E2AB4EE492AF1EE10FA06D11F
:10EEF00095ED0F2AB4EE412AF1EE10FA3DD0022032
:10EF000004B0BDEC068BB0BD012004B0BDEC068B97
:10EF1000B0BD00BF90F80F2247F22404029419EE0E
:10EF2000104A01ABB0EE418A41EA02211A1D41F0BC
:10EF30009051B0EE40AA0191230A8DF80C408DF853
:10EF40000D30230C8DF80E30230E8DF80F30FFF7A7
:10EF50008FFB0028A8D1B0EE480A47F225012846C9
:10EF600006F03EFC00289FD1B0EE4A0A85ED0E9ACD
:10EF700085ED0F8A012085F84F0047F216012846DB
:10EF800006F02EFC04B0BDEC068BB0BDFFFF7F7F0A
:10EF9000000004420000000010B52DED068B84B087
:10EFA000B0EEC01A9FED628AB4EE481AF1EE10FA84
:10EFB00004DD012004B0BDEC068B10BD0346002823
:10EFC0004FF00100F6D0B0EEE01AB4EE481AF1EEC0
:10EFD00010FAEFDCF5EE400AF1EE10FAEADB186801
:10EFE00048B390F81012012925D193F94C1000294B
:10EFF00021D493F84E20012A1DD193F84D20022AE6
:10F0000019D1B3EE001A9FED4B2A93F8502080FEE1
:10F01000C11AD20781FE029A06D093ED111AB4EEFE
:10F02000491AF1EE10FA3ED0B0EEC91AB4EE481A01
:10F03000F1EE10FA04DD012004B0BDEC068B10BD2A
:10F0400090F80F2219EE10EA0DF1040C47F21804A3
:10F050000294B0EE40AA41EA02210CF1040241F010
:10F06000905101918DF80CE04FEA1E248DF80D406F
:10F070004FEA1E448DF80E404FEA1E648DF80F4093
:10F080001C46FFF7F5FA002894D194F85010234657
:10F09000206884ED119A002841F0010184F8501095
:10F0A00040D0B0EE4A0A9FED241A90F8101280FE6C
:10F0B000410A9FED221A012980FE010A2CD193F901
:10F0C0004C200121002A2ED4B0EEC01AB4EE481A0A
:10F0D000F1EE10FA27DC90F80F1247F20A040294BE
:10F0E00010EE104A01AB42EA01211A1D41F0905185
:10F0F00001918DF80C40230A8DF80D30230C8DF80A
:10F100000E30230E8DF80F30FFF7B2FA0146084695
:10F1100004B0BDEC068B10BD0121084604B0BDEC67
:10F12000068B10BD0121084604B0BDEC068B10BD56
:10F13000FFFF7F7F0000000000000442000004C2C7
:10F1400090B1016881B110B584B091F81012012915
:10F1500006D190F94C10002902D490F84E1029B134
:10F16000012004B010BD00BF0120704790F831109D
:10F1700011B1022004B010BD0446F7F735FC21465A
:10F18000226AC1E90A0220684FF4817222864FF098
:10F19000000284F83220E8B190F81022012A19D137
:10F1A00091F94C30B3F1FF3F14DD90F80FC201AA82
:10F1B000002103910121029143EA0C21043241F024
:10F1C000C0610191FFF754FA214620B9002004B034
:10F1D00010BD00BF0120002281F8312081F83000ED
:10F1E00004B010BD0000000000B30368F3B12DE9C6
:10F1F000F04184B00C4693F81012012918D190F90F
:10F200004C10002914D4042C01D3052C10D190F8F3
:10F210005150A5B190F85270A7420DD1876CD71B01
:10F220002FD5022004B0BDE8F08100BF0120704757
:10F23000012004B0BDE8F081002780F8517090F8FB
:10F240004E7080F85240012F14D1054693F80F02FA
:10F25000144601AA0432002641EA002040F08061F1
:10F260001846CDE902660191FFF702FA80B304B0B7
:10F27000BDE8F0810125174680F851508264D71B04
:10F28000CFD4032D32D0022D08D0012D3CD190F8DF
:10F290004D70A74254D1022780F85170044693F86C
:10F2A0000F02164601AA0432002541EA002040F070
:10F2B00040711846CDE902550191FFF7D9F928B3FD
:10F2C0000146204680F85150084604B0BDE8F08160
:10F2D000284685F84E60E11CA9640221012580F8CA
:10F2E0005150084604B0BDE8F08100BF90F84E10C0
:10F2F000C1B100250021A0F84F5080F851500846B8
:10F3000004B0BDE8F08100BF012111E006F1640105
:10F310002046A1640221032580F85150084604B01C
:10F32000BDE8F081FF2180F84D1080F852100321D4
:10F33000002580F85150084604B0BDE8F08100BFB8
:10F34000064693F80F02904601AA0432002541EACE
:10F350000020039540F09051184647F205070297A8
:10F3600001918DF80C40FFF783F938B10146304622
:10F3700080F85150084604B0BDE8F081304686F868
:10F380004D4008F10301B1640225022180F851507B
:10F39000084604B0BDE8F08100B301460068E8B15A
:10F3A00070B584B090F81022012A19D191F94C302F
:10F3B000002B15D490F80F5200240E4681F85140CE
:10F3C00001A90A1D43EA052141F080610191CDE9BF
:10F3D0000244FFF74DF938B104B070BD0120704709
:10F3E000012004B070BD00BF002086F84E4004B07C
:10F3F00070BD0000000000000000000000000000E0
:10F40000074B19680868B0E8F04F80F30988BFF32C
:10F410006F8F4FF0000080F31188704700BF00BF6E
:10F42000342000240000000070B582B004F0C4FA5B
:10F430000546FAF7BDFE0646F2F7CEFA0446FCF79B
:10F44000AFFE002E44D0200640F60004C5F60204AC
:10F4500005F101050DF1070604D11FE0284604F06F
:10F4600077FA0135FDF71CFE18B9F7F7BDFAFCF77E
:10F4700027FFF7F7B9FAFDF72FFE3046FDF7B0FD8D
:10F480000028EBD09DF807204FF400412046F7F705
:10F49000A3FAE3E7284604F05BFA0135F2F7FCFA39
:10F4A000FDF7FEFD18B9F7F79FFAFCF709FFF7F72C
:10F4B0009BFAFDF711FE3046FDF792FD0028E9D0DA
:10F4C0009DF807204FF400412046F7F785FAE1E761
:10F4D000200640F60004C5F6020405F101050DF111
:10F4E000070605D122E000BF284604F031FA0135B5
:10F4F000FAF796FEFDF7D4FD18B9F7F775FAFCF7A1
:10F50000DFFEF7F771FAFDF7E7FD3046FDF768FD1E
:10F510000028E9D09DF807204FF400412046F7F776
:10F520005BFAE1E7284604F013FA0135FAF778FEB2
:10F53000F2F7B2FAFDF7B4FD18B9F7F755FAFCF790
:10F54000BFFEF7F751FAFDF7C7FD3046FDF748FD5E
:10F550000028E7D09DF807204FF400412046F7F738
:10F560003BFADFE7000000002DE9F04141F208001E
:10F57000C2F20040F2F778FC41F25820C2F200409B
:10F58000F3F70AF841F23010C2F20040FBF720FE18
:10F5900041F29C00C2F20040FCF77AFC40F2E82401
:10F5A00040F2FD2840F2FE2640F2FC2740F2FB2507
:10F5B000C2F20044C2F20048C2F20046C2F2004762
:10F5C000C2F20045F3F720F8FBF756FEFCF7F8FC13
:10F5D0002079217BF1F738FC98F800003178F1F7B9
:10F5E000E3FB38783178F1F707FC28783178F1F7C8
:10F5F0003BFCF2F769FC012004F08AF9E2E7000025
:10F6000010B504F0D9F9044602F0CEFB013428B15C
:10F61000204604F09DF90134FAE700BF02F08CFEA9
:10F62000F1F7BAF8204604F093F90134F6E7000048
:10F63000B0B540F600044FF40051C5F602040122B3
:10F640002046F7F7C9F950254FF400410122204622
:10F65000F7F7C2F9012004F05BF94FF400410022F2
:10F660002046F7F7B9F9012004F052F9013DEBD13A
:10F670005020502504F04CF94FF40041012220465F
:10F68000F7F7AAF9012004F043F94FF400410022F2
:10F690002046F7F7A1F9012004F03AF9013DEBD13A
:10F6A000502004F035F94FF4004100222046F7F7CE
:10F6B00093F904F0F5F90000B0B34FF00103A1B3E2
:10F6C000F0B590F81862F6073CD090F817328BB37B
:10F6D000C3F1000CA3F1010E002402E00434A342A4
:10F6E00026D000EBC4056E688E4202D1AE68964209
:10F6F00027D0A6451CD0EE688E4202D12E699642D4
:10F700001FD00CEB0406B71C12D06F698F4202D1D8
:10F71000AF69974215D003360AD0EE698E42DDD12B
:10F720002D6A9542DAD10CE001231846704700BFDC
:10F73000012B0BD100EBC307C7E90112591C80F85C
:10F7400017120023BDE8F040184670470123BDE8BA
:10F75000F040184670470000002814BF90F81602C9
:10F76000002000F001007047002808BF70478901A1
:10F7700006D590F81812C9071CBF012180F816128F
:10F780007047000000000000002808BF70472DE906
:10F79000F0438DB00446C8071CBF94F818025FEA16
:10F7A000C07003D10DB0BDE8F04370472068402120
:10F7B000F6F7A6F80028F5D004F114080DF10C09AD
:10F7C0006E4605E020684021F6F79AF80028E9D057
:10F7D000206840214A463346F6F79EF80028E1D1DA
:10F7E00004980028EED10598002804BF0698082840
:10F7F000E8D194F8140294F81522411C01F01F0777
:10F800009742DFD00101039A08EB001528F8012088
:10F81000F7F7EAF868600098A8600198E860BFF31D
:10F820005F8F84F81472CDE72DE9F04F8BB001257E
:10F83000002818BF002903D128460BB0BDE8F08F7F
:10F84000002A18BF002BF7D05F1E4FF0000C5FFAA4
:10F8500087F84FF0000E32F81E40BCEBD42F77D162
:10F860007546A84518D002EB45067788BC426FD094
:10F870000135454510D0B788BC4269D001354545B2
:10F880000AD0F788BC4263D00135454504D036899B
:10F890000135B442E5D15BE00EF1010E9E45DAD1AF
:10F8A0009346021D8A464FF40671029010461E468A
:10F8B000F0F7E9FE731CDAF838105046B1EB530F3D
:10F8C0000299C1F800A04FF0010149D332465D080A
:10F8D00000240DF10C0901274FF000083BF82830F7
:10F8E00097420A94CDE90844CDE90348CDE90541A2
:10F8F000079305D20BEB88010122498803E000BF82
:10F9000040F2FF710222089149460592F5F740FF47
:10F9100020BB08F1010802374545504632464FF0FA
:10F920000101DBD102210222012301270097F5F713
:10F9300077FF58B95046F6F753FD38B90121002238
:10F94000C0F280315046F5F75FFE88B1014606E00F
:10F95000012528460BB0BDE8F08F00BF01215046BD
:10F960000D46F6F759FD28460BB0BDE8F08F00BFF5
:10F9700002980025012180F8181228460BB0BDE836
:10F98000F08F000000000000002808BF70472DE93C
:10F99000F04385B0044690F81802012805D194F888
:10F9A000150294F81412884204D105B0BDE8F04362
:10F9B000704700BF01A804F11408271D00F10809D1
:10F9C00006E000BF94F8150294F814128842ECD0B7
:10F9D00094F81502010108EB0012013058F80110EB
:10F9E00001915168029191680391D1680491BFF32C
:10F9F0005F8F00F01F0084F8150294F817020028AA
:10FA0000E0D0002607EBC600BDF8041057F83650CA
:10FA1000029B40684A46A84794F81702013686427E
:10FA2000F0D3CFE70000000080B390F8181201294E
:10FA30002CD190F8161201292AD1B0B5016891F89D
:10FA40009820022A06D104460846F6F7E5FCE0B9FC
:10FA50002046216891F89820012A1BD190F81422A1
:10FA6000044680F815220846F6F7BAFC68B9012169
:10FA70002068C0F2803100220025F5F7C5FD00287E
:10FA800018BFB0BD002084F81652B0BD01207047E9
:10FA9000002070470120B0BD70B58AB04FF0000360
:10FAA000099338B390F81832012B23D1002590F830
:10FAB00016620346B5EBD12F4FF0010018D1BAB151
:10FAC000F60715D118680E4614461D46F6F728F8B5
:10FAD000A0B100200821CDE90200CDE90410CDE954
:10FAE00006000890286801A922460196F5F7D4FD82
:10FAF0000AB070BD01200AB070BD00BF02200AB07C
:10FB000070BD00000000000078B190F818120129C3
:10FB100018BF704710B5016804460846F6F77CFC2C
:10FB2000002084F81802BDE8104070470000000073
:10FB300080B54EF21000CEF20000006806F058FAD0
:10FB4000012808BF80BDBDE8804005F071BF0000FE
:10FB5000B0B59CB044F6180409A84C21C5F60204BF
:10FB6000F0F791FD02200025CDE90755CDE90555B7
:10FB7000CDE90355CDE90155F7F792F800952068D6
:10FB800020F440402060206800F44040009000983D
:10FB90002068800409D4206880045CBF20685FEA84
:10FBA000804002D420688004F2D5012009904FF4EF
:10FBB00080310A9102212C22CDE9152004201491D4
:10FBC000CDE917010C20199009A80024CDE91211E4
:10FBD000CDE91A44F8F778F910B172B6FEE700BF24
:10FBE0003F20019003204FF48061CDE902040820FA
:10FBF00004904020CDE90500CDE9071001A80321BC
:10FC0000F7F7F2FE10B172B6FEE700BF1CB0B0BD50
:10FC10004EF6885042F2000CCEF20000C5F2002CE5
:10FC2000026842F470020260DCF8000000F00F008D
:10FC3000062806D8DCF80000072262F30300CCF89F
:10FC4000000044F200404EF67F51C5F60200CEF6A9
:10FC5000F621026842F0010202600022026103689C
:10FC600019400160DCF80010090706D5DCF8001027
:10FC7000072363F30301CCF8001040F200218261F6
:10FC8000C261C0F20221026281620021C0F2FF1152
:10FC9000C16240F28021C0F20111016342638163BD
:10FCA000C26301644264016821F48021016002663C
:10FCB000D0F8D410C90448BF7047D0F8D41043F22C
:10FCC000D20241F48051C0F8D41044F20001C5F2D0
:10FCD00000210A60D0F8D41021F48051C0F8D4106B
:10FCE000704700000000000040F62870C2F200409B
:10FCF000F8F736BC0000000010B540F6FF32D0F82F
:10FD000000E0C4F20002904210DCB0F1804F1ED03F
:10FD100040F20043C4F20003984218D040F60003BA
:10FD2000C4F20003984212D016E000BF40F6004330
:10FD3000C4F2000398420AD040F20043C4F2010327
:10FD4000984204D00023C4F20103984204D12EF05B
:10FD500070024B6843EA020E4EF2FF3343F6FF7C1B
:10FD6000C4F20003C4F2010C984213DD60452BDCA1
:10FD70004EF20043C4F20003984242D00023C4F282
:10FD8000010398423DD040F20043C4F2010398427F
:10FD900037D03BE040F2FF73C4F20003984227DD06
:10FDA00040F60003C4F2000398422AD040F6004314
:10FDB000C4F20003984224D04EF20003C4F20003C0
:10FDC00098421ED022E000BF44F20003C4F20103B7
:10FDD000984216D044F60003C4F20103984210D0B2
:10FDE00044F20043C4F2010398420AD00EE000BF7F
:10FDF000B0F1804F05D040F20043C4F200039842B6
:10FE000004D12EF44072CB6843EA020E4B69604580
:10FE10000A688C68C462826212DD44F20002C4F295
:10FE20000102904217D044F60002C4F2010290424F
:10FE300011D044F20042C4F2010290420BD00CE017
:10FE40000022C4F20102904205D040F20042C4F206
:10FE50000102904201D109690163016841F0040186
:10FE60000160012141612EF080011943016010BD44
:10FE700041F20800C2F20040F8F7CABE00000000DC
:10FE800041F23010C2F20040F8F7C2BE000000009C
:10FE900041F2C410C2F20040F8F7BABE0000000000
:10FEA00041F25820C2F20040F8F7B2BE0000000054
:10FEB000816A0A070CD4CA0715D18A071ED44A07DB
:10FEC00027D4CA0630D48A0639D44A0642D454E02C
:10FED0000268D0F838C0536823F4004343EA0C03A7
:10FEE0005360CA07E9D00268D0F82CC0536823F4E5
:10FEF000003343EA0C0353608A07E0D50268D0F868
:10FF000030C0536823F4803343EA0C0353604A073C
:10FF1000D7D50268D0F834C0536823F4802343EA6D
:10FF20000C035360CA06CED50268D0F83CC0936873
:10FF300023F4805343EA0C0393608A06C5D5026814
:10FF4000D0F840C0936823F4005343EA0C03936055
:10FF50004A0612D50268D0F844C0BCF5801F536829
:10FF600023F4801343EA0C03536006D1536823F44F
:10FF7000C00C836C43EA0C035360090658BF7047FA
:10FF80000168C06C4A6822F4002210434860704740
:10FF9000B0B582B004460020C4F89000F6F724FD06
:10FFA000216805460A68120737D54FF40011002270
:10FFB0006FF07E40009020462B4601F029FC58B39C
:10FFC000206850E8000F216820F0800041E800021E
:10FFD000002A1FBF206850E8000F216820F0800031
:10FFE0001CBF41E80002002A12D0206850E8000F30
:10FFF000216820F0800041E800024AB1206850E802
:020000040801F1
:10000000000F216820F0800041E80002002AD7D1CB
:100010000320202188226CE02168086840075FD512
:100020004FF4800100226FF07E40009020462B4666
:1000300001F0EEFB002853D0206850E8000F216843
:1000400020F4907041E80002F2B1206850E8000FFF
:10005000216820F4907041E80002002A1FBF206848
:1000600050E8000F216820F490701CBF41E80002A6
:10007000002A09D0206850E8000F216820F4907011
:1000800041E80002002AD7D1206850E8020F216819
:1000900020F0010041E80202002A1FBF206850E85A
:1000A000020F216820F001001CBF41E80202002A73
:1000B00012D0206850E8020F216820F0010041E8CA
:1000C00002024AB1206850E8020F216820F00100C6
:1000D00041E80202002AD7D1032020218C2208E027
:1000E0002020C4F88800C4F88C0000217022002071
:1000F000E166A150002184F8841002B0B0BD000078
:10010000806BF8F771BD0000806B0268D0F8883012
:10011000D0F88CC09168090656D5212B54D10168BE
:1001200051E8001F026821F0C00142E80013FBB152
:10013000016851E8001F026821F0C00142E8001385
:10014000002B1FBF016851E8001F026821F0C001A9
:100150001CBF42E80013002B0AD0016851E8001FC1
:10016000026821F0C00142E80013002BD7D100BF84
:10017000016851E8021F026821F4000142E80213FD
:10018000F3B1016851E8021F026821F4000142E85E
:100190000213002B1FBF016851E8021F026821F4FF
:1001A00000011CBF42E80213002B09D0016851E88E
:1001B000021F026821F4000142E80213002BD7D18C
:1001C0002021C0F8881002689168490640F18980B2
:1001D000BCF1220F40F08580016851E8001F0268E1
:1001E00021F4907142E80013F3B1016851E8001F57
:1001F000026821F4907142E80013002B1FBF0168D0
:1002000051E8001F026821F490711CBF42E80013FE
:10021000002B09D0016851E8001F026821F4907199
:1002200042E80013002BD7D14FF6FE7CCEF6FF7CC0
:10023000026852E8022F036802EA0C0243E8022136
:10024000F1B1016851E8021F026801EA0C0142E8BD
:100250000213002B1FBF016851E8021F026801EA68
:100260000C011CBF42E80213002B09D0016851E8C1
:10027000021F026801EA0C0142E80213002BD7D1E9
:10028000C16E012927D1016851E8001F026821F0E1
:10029000100142E80013F3B1016851E8001F026841
:1002A00021F0100142E80013002B1FBF016851E844
:1002B000001F026821F010011CBF42E80013002B50
:1002C00009D0016851E8001F026821F0100142E8DE
:1002D0000013002BD7D12021C0F88C100021C1665B
:1002E0004167D0F8901041F01001C0F89010F8F775
:1002F0007BBC0000000000008446C069B0F5807F30
:10030000DCF8380000F0AA800022A0F85E20026825
:1003100052E8002F036822F4807243E80021F9B10B
:10032000016851E8001F026821F4807142E800135F
:10033000002B1FBF016851E8001F026821F4807183
:100340001CBF42E80013002B0AD0016851E8001FCF
:10035000026821F4807142E80013002BD7D100BF5E
:10036000016851E8021F026821F0010142E802130E
:10037000F3B1016851E8021F026821F0010142E86F
:100380000213002B1FBF016851E8021F026821F011
:1003900001011CBF42E80213002B09D0016851E89B
:1003A000021F026821F0010142E80213002BD7D19D
:1003B000016851E8021F026821F0400142E802137F
:1003C000F3B1016851E8021F026821F0400142E8E0
:1003D0000213002B1FBF016851E8021F026821F0C1
:1003E00040011CBF42E80213002B09D0016851E80C
:1003F000021F026821F0400142E80213002BD7D10E
:100400002021C0F88C10C16E012927D1016851E864
:10041000001F026821F0100142E80013F3B10168E7
:1004200051E8001F026821F0100142E80013002B80
:100430001FBF016851E8001F026821F010011CBFB6
:1004400042E80013002B09D0016851E8001F026840
:1004500021F0100142E80013002BD7D100220267DF
:10046000C16E012912D1A0F85E20DCF800104A68A4
:10047000B0F85C1093B28B4238BFA0F85E20B0F8A1
:100480005E20891A89B2F8F7A3B900BFF9F768BBF3
:100490000146806B01220267C26E012A12D1B0F8B8
:1004A0005C205308A0F85E30096849688BB293421B
:1004B00098BFA0F85E10B0F85E10511A89B2F8F734
:1004C00087B900BFF9F758BBC169806BB1F5807F70
:1004D00002D1F9F785BC00BF0021A0F856100168D1
:1004E00051E8021F026821F0800142E80213FBB1CB
:1004F000016851E8021F026821F0800142E80213FE
:10050000002B1FBF016851E8021F026821F0800123
:100510001CBF42E80213002B0AD0016851E8021FF9
:10052000026821F0800142E80213002BD7D100BFFE
:10053000016851E8001F026841F0400142E80013E1
:10054000F3B1016851E8001F026841F0400142E840
:100550000013002B1FBF016851E8001F026841F023
:1005600040011CBF42E80013002B09D0016851E88C
:10057000001F026841F0400142E80013002BD7D170
:100580007047000000000000806BF9F735BC0000E8
:10059000B0F860200168D0F88C30222B40F0A880A1
:1005A000496A836D114023F8021B8365B0F85E1021
:1005B0000139A0F85E10B0F85E10002918BF70472E
:1005C000016851E8001F026821F4907142E80013AD
:1005D000F3B1016851E8001F026821F4907142E80C
:1005E0000013002B1FBF016851E8001F026821F4AF
:1005F00090711CBF42E80013002B09D0016851E83C
:10060000001F026821F4907142E80013002BD7D13B
:10061000016851E8021F026821F0010142E802135B
:10062000F3B1016851E8021F026821F0010142E8BC
:100630000213002B1FBF016851E8021F026821F05E
:1006400001011CBF42E80213002B09D0016851E8E8
:10065000021F026821F0010142E80213002BD7D1EA
:100660002021C0F88C1000214167016740F600424C
:100670000168C5F60002914202D0496809023DD4E2
:10068000C16E012964D10021C166016851E8001FD3
:10069000026821F0100142E80013F3B1016851E84B
:1006A000001F026821F0100142E80013002B1FBF59
:1006B000016851E8001F026821F010011CBF42E8E8
:1006C0000013002B09D0016851E8001F026821F0D7
:1006D000100142E80013002BD7D10168CA69D20685
:1006E00001D510220A62B0F85C10F8F771B800BFAB
:1006F000886940F008008861704700BF016851E8D0
:10070000001F026821F0806142E80013002BB7D07F
:10071000016851E8001F026821F0806142E800137F
:10072000002B1FBF016851E8001F026821F08061A3
:100730001CBF42E80013002BA2D0016851E8001F43
:10074000026821F0806142E80013002BD6D197E7C0
:10075000F9F706BA000000002DE9F04F81B0044619
:100760000068B4F86050C66901688268D4F88C30BB
:10077000222B55D1B4F86800002800F0F28001F473
:10078000807802F001074FF000094FF0020B4FF0A4
:10079000010A03E0B4F85E00002852D0B00640F130
:1007A000E0802068A16D426A2A4021F8022BA165F1
:1007B000B4F85E100139A4F85E10C6697107E9D07B
:1007C000F20718BFB8F1000F02D1B2070AD412E045
:1007D000C0F820A0D4F8902042F00102C4F8902084
:1007E000B20708D53FB1C0F820B0D4F8902042F04D
:1007F0000402C4F89020002908D53FB10421016209
:10080000D4F8900040F00200C4F89000D4F89000B2
:100810000028BFD02046F8F7E7F9C4F89090B9E770
:10082000816941F00801816101B0BDE8F08F00BF2E
:10083000206850E8000F216820F4807041E8000231
:10084000EAB1206850E8000F216820F4807041E888
:100850000002A2B1206850E8000F216820F48070E7
:1008600041E80002002A1FBF206850E8000F2168FD
:1008700020F480701CBF41E80002002AD8D14FF656
:10088000FE70CEF6FF70216851E8021F2268014019
:1008900042E80213DBB1216851E8021F22680140DF
:1008A00042E80213002B1FBF216851E8021F226893
:1008B00001401CBF42E80213002B08D0216851E818
:1008C000021F2268014042E80213002BDBD12020E6
:1008D000C4F88C0000206067206740F60041206863
:1008E000C5F60001884203D04068000200F19A80FA
:1008F000E06E012840F0C2800020E066206850E8E9
:10090000000F216820F0100041E80002F2B12068D9
:1009100050E8000F216820F0100041E80002002A92
:100920001FBF206850E8000F216820F010001CBF96
:1009300041E80002002A09D0206850E8000F216831
:1009400020F0100041E80002002AD7D12068C169D8
:10095000C90601D510210162B4F85C102046F7F7F2
:1009600037FFB4F85E00002800F09080B4F86810FB
:10097000884280F08B80206850E8020F216820F0C8
:10098000805041E80202F2B1206850E8020F21686D
:1009900020F0805041E80202002A1FBF206850E882
:1009A000020F216820F080501CBF41E80202002A9B
:1009B00009D0206850E8020F216820F0805041E8FB
:1009C0000202002AD7D140F29150C0F601006067C0
:1009D000206850E8000F216840F0200041E8000244
:1009E000002A53D0206850E8000F216840F0200012
:1009F00041E80002002A1FBF206850E8000F21686C
:100A000040F020001CBF41E80002002A3ED02068D0
:100A100050E8000F216840F0200041E80002002A61
:100A2000D6D133E0206850E8000F216820F08060C4
:100A300041E80002002A3FF45BAF206850E8000F55
:100A4000216820F0806041E80002002A1FBF206872
:100A500050E8000F216820F080601CBF41E80002D0
:100A6000002A3FF445AF206850E8000F216820F0CD
:100A7000806041E80002002AD4D139E72046F9F726
:100A80006FF8B4F85E0000287FF470AF01B0BDE8E5
:100A9000F08F000000000000B0F860100268D0F88D
:100AA0008C30222B40F0AA80526A836D114019705D
:100AB000816D01318165B0F85E100139A0F85E10DA
:100AC000B0F85E10002918BF7047016851E8001F98
:100AD000026821F4907142E80013FBB1016851E80B
:100AE000001F026821F4907142E80013002B1FBF21
:100AF000016851E8001F026821F490711CBF42E8B0
:100B00000013002B0AD0016851E8001F026821F48D
:100B1000907142E80013002BD7D100BF016851E863
:100B2000021F026821F0010142E80213F3B10168DB
:100B300051E8021F026821F0010142E80213002B74
:100B40001FBF016851E8021F026821F001011CBFAC
:100B500042E80213002B09D0016851E8021F026825
:100B600021F0010142E80213002BD7D12021C0F867
:100B70008C1000214167016740F600420168C5F60C
:100B80000002914202D0496809023DD4C16E012998
:100B900064D10021C166016851E8001F026821F09C
:100BA000100142E80013F3B1016851E8001F026828
:100BB00021F0100142E80013002B1FBF016851E82B
:100BC000001F026821F010011CBF42E80013002B37
:100BD00009D0016851E8001F026821F0100142E8C5
:100BE0000013002BD7D10168CA69D20601D51022A3
:100BF0000A62B0F85C10F7F7EBBD00BF906940F0F7
:100C000008009061704700BF016851E8001F02684A
:100C100021F0806142E80013002BB7D0016851E851
:100C2000001F026821F0806142E80013002B1FBF03
:100C3000016851E8001F026821F080611CBF42E892
:100C40000013002BA2D0016851E8001F026821F0B8
:100C5000806142E80013002BD6D197E7F8F780BFF8
:100C60002DE9F04F81B004460068B4F86050C669C1
:100C700001688268D4F88C30222B57D1B4F8680010
:100C8000002800F0F48001F4807B02F001074FF0AF
:100C900000084FF0020A4FF0010903E0B4F85E00CB
:100CA000002854D0B00640F1E2802068A16D406A6F
:100CB00028400870A06D0130A0652068B4F85E106F
:100CC0000139A4F85E10C6697107E7D0F20718BFB2
:100CD000BBF1000F02D1B2070AD412E0C0F8209095
:100CE000D4F8902042F00102C4F89020B20708D551
:100CF0003FB1C0F820A0D4F8902042F00402C4F81C
:100D00009020002908D53FB104210162D4F8900059
:100D100040F00200C4F89000D4F890000028BDD044
:100D20002046F7F761FFC4F89080B7E7816941F08A
:100D30000801816101B0BDE8F08F00BF206850E874
:100D4000000F216820F4807041E80002EAB12068B9
:100D500050E8000F216820F4807041E80002A2B141
:100D6000206850E8000F216820F4807041E80002FC
:100D7000002A1FBF206850E8000F216820F480700F
:100D80001CBF41E80002002AD8D14FF6FE70CEF613
:100D9000FF70216851E8021F2268014042E80213F7
:100DA000DBB1216851E8021F2268014042E80213CA
:100DB000002B1FBF216851E8021F226801401CBFA1
:100DC00042E80213002B08D0216851E8021F226874
:100DD000014042E80213002BDBD12020C4F88C0034
:100DE00000206067206740F600412068C5F60001DA
:100DF000884203D04068000200F19A80E06E01282A
:100E000040F0C2800020E066206850E8000F2168B2
:100E100020F0100041E80002F2B1206850E8000F15
:100E2000216820F0100041E80002002A1FBF20685E
:100E300050E8000F216820F010001CBF41E80002BC
:100E4000002A09D0206850E8000F216820F0100027
:100E500041E80002002AD7D12068C169C90601D53E
:100E600010210162B4F85C102046F7F7B1FCB4F829
:100E70005E00002800F09080B4F86810884280F08E
:100E80008B80206850E8020F216820F0805041E8F4
:100E90000202F2B1206850E8020F216820F0805071
:100EA00041E80202002A1FBF206850E8020F2168B3
:100EB00020F080501CBF41E80202002A09D02068BF
:100EC00050E8020F216820F0805041E80202002A19
:100ED000D7D140F69920C0F601006067206850E83D
:100EE000000F216840F0200041E80002002A53D0A2
:100EF000206850E8000F216840F0200041E800021F
:100F0000002A1FBF206850E8000F216840F0200031
:100F10001CBF41E80002002A3ED0206850E8000FC4
:100F2000216840F0200041E80002002AD6D133E0D9
:100F3000206850E8000F216820F0806041E800023E
:100F4000002A3FF45BAF206850E8000F216820F0D2
:100F5000806041E80002002A1FBF206850E8000FAF
:100F6000216820F080601CBF41E80002002A3FF4A5
:100F700045AF206850E8000F216820F0806041E80C
:100F80000002002AD4D139E72046F8F7E9FDB4F889
:100F90005E0000287FF470AF01B0BDE8F08F000064
:100FA000F0B583B00446006846F6F31640F6004EEE
:100FB00022696569D4E902130A43E7690168CCF63E
:100FC000FF762A4331401143C5F6000E39430160D4
:100FD0004168704521F4405144F2544C41EA030108
:100FE0004160A2694FF2FF431CBF216A0A43816836
:100FF000C1F2FF131940C5F6020C1143816047F698
:10100000FF32C16AC4F2000221F00F01656A90420A
:101010004FF0800341EA0501C16219DD41F2FF7121
:10102000C4F2010188422DDC47F60041C4F2000100
:10103000884257D041F20001C4F20101884239D000
:1010400041F20041C4F20101884233D056E000BFB2
:1010500044F6FF31C4F20001884237DD44F6004116
:10106000C4F2000188423DD045F20001C4F2000103
:10107000884237D047F60001C4F20001884231D0DF
:101080003CE000BF41F60001C4F20101884211D0EA
:1010900041F60041C4F2010188420BD070452DD1C8
:1010A000DCF8041001F00702062A27D20FF288317B
:1010B00022E000BFDCF80010C1F3C202062A1DD2F4
:1010C00046F6A611C0F6010116E000BF44F2004149
:1010D000C4F20001884205D044F60001C4F20001C8
:1010E00088420BD1DCF8001001F00702062A05D275
:1010F00046F6A011C0F601018B181B78704540F62A
:101100000010C0F23D0000F05380B7F5004F40F0F2
:101110007B80402B4FF0010100F28581DFE813F066
:1011200042002E0183018301360183018301830183
:1011300042018301830183018301830183018301D0
:101140000A018301830183018301830183018301F8
:10115000830183018301830183018301830183016F
:10116000480183018301830183018301830183019A
:10117000830183018301830183018301830183014F
:10118000830183018301830183018301830183013F
:10119000830183018301830183018301830183012F
:1011A000260100BFF6F7A0FD002840F0008136E1DF
:1011B0009A1E01211E2A00F27580DFE812F01F003E
:1011C000340187003401340134018D0034013401CD
:1011D0003401340134013401340179003401340123
:1011E0003401340134013401340134013401340157
:1011F000340134013401340134019500F5F778FDF0
:10120000002840F070800AE1402B4FF0010100F20D
:101210000A81DFE813F04100B70008010801C100AE
:10122000080108010801E900080108010801080196
:101230000801080108019D000801080108010801D2
:101240000801080108010801080108010801080156
:10125000080108010801EF00080108010801080160
:101260000801080108010801080108010801080136
:101270000801080108010801080108010801080126
:101280000801080108010801080108010801080116
:10129000080108010801AF00F6F726FD002840F01C
:1012A000A880BCE0402B40F0BE804FF400401BE023
:1012B0005CF8540C800649F20000C0F2D03013D51F
:1012C0005CF8541CC1F3C101C8400DE06846F5F755
:1012D00023FD019838B9A2E06846F5F7B1FD019801
:1012E000002800F09C80656A46F6BC116268C0F672
:1012F000010131F81510B0FBF1F002EB4201884218
:101300004FF00101C0F08F801303984200F28B80F0
:10131000010E0023000210EB520041F10001EFF733
:101320005FF84FF60052A0F54071C0F20F029142F3
:1013300073D377E05CF8540C800649F20000C0F2E9
:10134000D03035D55CF8541CC1F3C101C8402FE042
:101350005CF8540C800649F20000C0F2D03049D548
:101360005CF8541CC1F3C101C84043E04FF4004095
:101370001EE000BF4FF400403CE000BFF6F7E4FC85
:10138000A8B94CE0F6F7E0FC98BB48E06846F5F7F2
:10139000C3FC019858B942E06846F5F7BDFC0198D6
:1013A00038BB3CE06846F5F74BFD0198B8B3656A79
:1013B00046F6BC11C0F6010131F81510B0FBF1F092
:1013C00061684A0802EB40004FF6EF72B0FBF1F0A3
:1013D000A0F11001914225D84FF6F0710140C0F301
:1013E0004200084419E000BF6846F5F729FD01985E
:1013F000A8B1656A46F6BC116268C0F6010131F811
:101400001510B0FBF1F000EB5200B0FBF2F0A0F1D0
:1014100010014FF6EF72914204D82168C860002194
:1014200001E000BF01214FF00110A0660020C4E9D7
:101430001D00084603B0F0BD020408102040000063
:1014400010B504468C4681650021A0F85C20C0F8E8
:1014500090102220C4F88C00D4F88000F0B113461C
:1014600040F2F92E40F29142C0F6010EC0F60102A0
:10147000C0E90FE240F20912C0F60102C0E91321EF
:10148000216862462431F3F7D3FE38B11020C4F846
:1014900090002020C4F88C00012010BD206938B3D2
:1014A000206850E8000F216840F4807041E8000295
:1014B000F2B1206850E8000F216840F4807041E8E4
:1014C0000002002A1FBF206850E8000F216840F486
:1014D00080701CBF41E80002002A09D0206850E853
:1014E000000F216840F4807041E80002002AD7D143
:1014F000206850E8020F216840F0010041E8020234
:10150000F2B1206850E8020F216840F0010041E884
:101510000202002A1FBF206850E8020F216840F035
:1015200001001CBF41E80202002A09D0206850E8EF
:10153000020F216840F0010041E80202002AD7D1E1
:10154000206850E8020F216840F0400041E80202A4
:10155000F2B1206850E8020F216840F0400041E8F5
:101560000202002A1FBF206850E8020F216840F0E5
:1015700040001CBF41E80202002A09D0206850E860
:10158000020F216840F0400041E80202002AD7D152
:10159000002010BD0000000081650023A0F85C2041
:1015A000A0F85E208168436771B1B1F1805F07D018
:1015B000B1F5805F0ED1016951B940F2FF110AE027
:1015C000016919B13F2106E0016909B17F2102E0FB
:1015D000FF2100E00021A0F860100021C0F8901069
:1015E0002221C0F88C10016851E8021FD0F800C019
:1015F00041F001014CE802130BB3016851E8021FEE
:10160000D0F800C041F001014CE80213002B1FBFCD
:10161000016851E8021FD0F800C041F001011CBF71
:101620004CE80213002B0AD0016851E8021FD0F8E1
:1016300000C041F001014CE80213002BD3D1416EF0
:10164000B1F1005F03D1B0F868108A4240D28168DE
:10165000B1F5805F016907D1002947D040F6992193
:10166000C0F60101416706E040F699220029C0F664
:10167000010242673FD0016851E8001F026841F44F
:10168000907142E80013002B00F0BE80016851E821
:10169000001F026841F4907142E80013002B1FBF45
:1016A000016851E8001F026841F490711CBF42E8D4
:1016B0000013002B00F0A880016851E8001F0268A9
:1016C00041F4907142E80013002BD4D19CE000BF9C
:1016D0008168B1F5805F016938D1002966D040F694
:1016E0006141C0F60101416736E000BF40F291510F
:1016F000C0F601014167016851E8001F026841F02E
:10170000200142E80013002B7ED0016851E8001F41
:10171000026841F0200142E80013002B1FBF01685E
:1017200051E8001F026841F020011CBF42E800138D
:10173000002B69D0016851E8001F026841F02001C8
:1017400042E80013002BD6D15EE000BF40F66142B4
:10175000C0F60102426779B3016851E8001F0268D0
:1017600041F4807142E8001333B3016851E8001F6F
:10177000026841F4807142E80013002B1FBF01682A
:1017800051E8001F026841F480711CBF42E8001359
:10179000002B11D0016851E8001F026841F48071EC
:1017A00042E80013002BD7D106E000BF40F2597188
:1017B000C0F60101416700BF016851E8021F0268DD
:1017C00041F0805142E80213F3B1016851E8021F71
:1017D000026841F0805142E80213002B1FBF0168EC
:1017E00051E8021F026841F080511CBF42E8021319
:1017F000002B09D0016851E8021F026841F08051B6
:1018000042E80213002BD7D10020704700000000EF
:101810002DE9F041804600680D46C7693940491BF3
:10182000B1FA81F149098A4225D1069C34B31646A2
:10183000611C29D1C1692940491BB1FA81F14909CB
:101840008E4218D1C1692940491BB1FA81F1490979
:101850008E4201BFC1692940491BB1FA81F104BF21
:1018600049098E4207D1C1692940491BB1FA81F16A
:1018700049098E42DED00020BDE8F081F5F7B4F8CA
:101880000320BDE8F08100BF1F4607E0C069284083
:10189000401BB0FA80F040098642ECD1F5F7A4F87D
:1018A000C01BA04200F2B680D8F8000001684907CA
:1018B000ECD5402D18BF802DE8D0C169090700F193
:1018C000AD80C1690905E1D54FF400610162D8F826
:1018D000000050E8000FD8F8001020F4907041E8A4
:1018E000000222B3D8F8000050E8000FD8F800102A
:1018F00020F4907041E80002002A1FBFD8F80000D1
:1019000050E8000FD8F8001020F490701CBF41E898
:101910000002002A0BD0D8F8000050E8000FD8F8D9
:10192000001020F4907041E80002002ACFD14FF659
:10193000FE70CEF6FF70D8F8001051E8021FD8F8FC
:101940000020014042E802130BB3D8F8001051E820
:10195000021FD8F80020014042E80213002B1FBFED
:10196000D8F8001051E8021FD8F8002001401CBF31
:1019700042E80213002B0AD0D8F8001051E8021FE9
:10198000D8F80020014042E80213002BD3D1D8F848
:101990006C0001282FD1D8F8000050E8000FD8F8CB
:1019A000001020F0100041E8000222B3D8F8000037
:1019B00050E8000FD8F8001020F0100041E80002B5
:1019C000002A1FBFD8F8000050E8000FD8F8001018
:1019D00020F010001CBF41E80002002A0BD0D8F80C
:1019E000000050E8000FD8F8001020F0100041E887
:1019F0000002002ACFD12020C8F88C000021C8F8AE
:101A00006C10C8F87410C8F89000032088F884108F
:101A1000BDE8F0810320BDE8F08100BF082101622C
:101A2000D8F8000050E8000FD8F8001020F49070AB
:101A300041E8000222B3D8F8000050E8000FD8F8BF
:101A4000001020F4907041E80002002A1FBFD8F86F
:101A5000000050E8000FD8F8001020F490701CBF70
:101A600041E80002002A0BD0D8F8000050E8000F2F
:101A7000D8F8001020F4907041E80002002ACFD17D
:101A80004FF6FE70CEF6FF70D8F8001051E8021F36
:101A9000D8F80020014042E802130BB3D8F8001038
:101AA00051E8021FD8F80020014042E80213002B41
:101AB0001FBFD8F8001051E8021FD8F800200140DD
:101AC0001CBF42E80213002B0AD0D8F8001051E8DE
:101AD000021FD8F80020014042E80213002BD3D1A6
:101AE000D8F86C0001282FD1D8F8000050E8000F7A
:101AF000D8F8001020F0100041E8000222B3D8F816
:101B0000000050E8000FD8F8001020F0100041E865
:101B10000002002A1FBFD8F8000050E8000FD8F8D4
:101B2000001020F010001CBF41E80002002A0BD07A
:101B3000D8F8000050E8000FD8F8001020F010008E
:101B400041E80002002ACFD12020C8F88C000020F4
:101B5000C8F86C00C8F874000821C8F8901088F81C
:101B600084000120BDE8F08140F67470C2F20040AC
:101B7000F7F74EB80000000041F29C00C2F20040AE
:101B8000F7F746B80000000010B540F2B414C2F2F6
:101B90000044E078012807D140F20040C2F2004042
:101BA000EFF7A2F9207010BD0120207010BD0000D9
:101BB000B0B590B040F2B415C2F20045E878012803
:101BC00036D1F1F79DFE00284FF000002ED1697844
:101BD00004292BD1687900284FF0000026D1A9797B
:101BE00021BBF4F701FF044640F2E040C2F200409E
:101BF00008AB05212246F0F7FBFEC8B140F2E040F9
:101C00006B46C2F2004007212246F0F7F1FE78B1A0
:101C10009DF83A0001280BD19DF81A0001284FF0D9
:101C2000000004BF9DF82F10002905D010B0B0BDF2
:101C3000002010B0B0BD00BF9DF80F100029F5D1F5
:101C40009DED080A95ED101A30EE410AB0EEC01A6B
:101C5000B0EE080AB4EE401AF1EE10FAE6DC9DEDA3
:101C6000001A95ED112A31EE421AB0EEC11AB4EE07
:101C7000401AF1EE10FAD8BF012010B0B0BD00003C
:101C8000B0B5A6B00446F4F7AFFE002C56D005461A
:101C900042F29840C2F200401BAB27212A46FBF7D4
:101CA0007FFF00284AD042F2984010ABC2F20040B9
:101CB00028212A46FBF774FF00283FD040F2E0407D
:101CC00008ABC2F2004005212A46F0F791FEA8B306
:101CD00040F2E0406B46C2F2004007212A46F0F78E
:101CE00087FE58B39DF8920001281B982060109839
:101CF00060600898A0600098E0601FD19DF86600C1
:101D000001281BD19DF83A00012817D19DF81A002F
:101D1000012813D19DF8940001280FD19DF8680087
:101D200001280BD19DF83C00012807D19DF81C002B
:101D3000012803D19DF88400C00703D1002026B0FC
:101D4000B0BD00BF9DF85800C0074FF000000ED096
:101D50001F99002904BF1499002908D19DF82F105C
:101D6000002902BF9DF80F00B0FA80F0400926B0AC
:101D7000B0BD000000000000B0B540F2B415012471
:101D8000C2F20045E87801280CD1F1F7B9FD48B955
:101D90006878A9792A78C0B2002918BF02220428DD
:101DA00008BF1446E0B2B0BDB0B582B040F2B41482
:101DB000C2F20044E07800284FF0000009D1207101
:101DC00046F6B420C0F60100F1F712FE20B1012062
:101DD000207002B0B0BD00BFF1F7B2FD014642F283
:101DE000984046F64832C2F20040C0F60102022393
:101DF000FBF7C6FF10BBF1F7B3FD014640F2E04030
:101E000046F67C22C2F20040C0F6010202230225FF
:101E1000F0F7FAFE90B9F1F7A3FD014640F2004059
:101E200041F6440246F62033C2F20040C2F20042BC
:101E3000C0F601030095EFF7BFF938B1012020701B
:101E4000F1F786FE012002B0B0BD00BF0120E070B6
:101E50000021A4F80510C4E903116070F4F7C4FD73
:101E60000146002061611431A070A4F807002162CE
:101E7000AEE700000000000040F2B410C2F20040E3
:101E8000C078012822D180B58AB0F1F751FE08BB95
:101E900040F2004005AAC2F200400121EFF764F9C8
:101EA000C0B140F200406A46C2F200400221EFF7A2
:101EB0005BF978B19DF8250001280BD19DF8110040
:101EC0000AB0BDE8804000F001007047002000F03B
:101ED0000100704700200AB0BDE8804000F001001A
:101EE000704700000000000010B540F2B414C2F2C8
:101EF0000044E078012802D1F1F702FD10B1002082
:101F000010BD00BF60780438B0FA80F0400910BD01
:101F1000B0B52DED028B96B0F4F766FD40F2B41526
:101F2000C2F20045E978012940F0A2800446F1F7A9
:101F3000E7FC00284FF000002CD16978042929D152
:101F4000687900284FF0000024D1A97911BB42F232
:101F500098400BABC2F2004027212246FBF720FE3F
:101F6000B8B142F298406B46C2F2004028212246A6
:101F7000FBF716FE68B19DF85200012809D19DF8C3
:101F80002600012805D10F98002804BF04980028D6
:101F900004D0002016B0BDEC028BB0BD9DF844000B
:101FA000C007F6D09DF81800C007F2D09DED0B0ACF
:101FB00095ED0E1A30EE410AB0EE088AB0EEC00A76
:101FC000B4EE480AF1EE10FAE3DC9DED000A95ED5F
:101FD0000F1A30EE410AB0EEC00AB4EE480AF1EE34
:101FE00010FA45DC40F2E0400BABC2F200400521A4
:101FF0002246F0F7FDFCD8B340F2E0406B46C2F257
:10200000004007212246F0F7F3FC88B39DF8460014
:1020100001282DD19DF81A0001284FF0000004BFBF
:102020009DF83B100029B5D19DF80F100029B1D1C2
:102030009DED0B0A95ED101A30EE410AB0EEC00A84
:10204000B4EE480AF1EE10FAA4DC9DED000A95ED1D
:10205000111A30EE410AB0EEC00AB4EE480AF1EEB1
:1020600010FAD8BF012016B0BDEC028BB0BD00BF86
:10207000002016B0BDEC028BB0BD000000000000D7
:1020800010B52DED028B8AB040F2B414C2F20044B8
:10209000E07801285ED1B0EE408AF1F749FD0028D2
:1020A00058D140F2004005AAC2F200400121EFF7EA
:1020B0005BF800284ED040F200406A46C2F2004071
:1020C0000221EFF751F8002844D09DF825000028A0
:1020D00040D09DF8110001284FF001003BD1B0EE37
:1020E000C80A9FED221AB4EE410AF1EE10FA32DC72
:1020F00040F2004005AAC2F200400121EFF734F897
:102100000146012039B340F200406A46C2F2004065
:102110000221EFF729F818B39DED050A40F20040BF
:1021200038EE000AC2F200400121EFF769FA0146D9
:10213000012081B99DED000A40F2004038EE000A0E
:10214000C2F200400221EFF75BFA20700AB0BDEC4A
:10215000028B10BD012020700AB0BDEC028B10BDB7
:10216000012020700AB0BDEC028B10BDFFFF7F7F05
:1021700010B540F2B414C2F20044E078012821D135
:10218000F1F7BEFB00284FF0010027D16178042948
:1021900024D1607900284FF001001FD1A179E9B95D
:1021A00040F2E0400521C2F200400022F0F7A4FB1B
:1021B00040B940F2E0400721C2F200400022F0F7AF
:1021C0009BFB18B10120207010BD00BFF4F70CFC80
:1021D000411DC4E906010420A0710020207010BD3B
:1021E000B0B540F2B414C2F20044E078012818D12E
:1021F000F1F786FB00284FF0010029D1617804290E
:1022000026D1607900284FF0010021D1A179F9B9D8
:1022100042F298402721C2F200400022FBF764FC02
:1022200010B101202070B0BD42F298402821C2F2C6
:1022300000400022FBF758FC00284FF0010007D1B6
:102240000125F4F7D1FB411DA571C4E90601002069
:102250002070B0BD00000000B0B596B040F2B415DB
:10226000C2F20045E878012840D1F1F749FB002887
:102270004FF0000030D1697804292DD16879002809
:102280004FF0000028D1A97931BBF4F7ADFB04462B
:1022900042F29840C2F200400BAB27212246FBF7E6
:1022A0007FFC18B342F298406B46C2F200402821EE
:1022B0002246FBF775FCC8B19DF85200012815D1E4
:1022C0009DF8260001284FF0000005D10F99002944
:1022D00004BF0499002901D016B0B0BD9DF8440098
:1022E000C00703D09DF81800C00703D1002016B026
:1022F000B0BD00BF9DED0B0A95ED0E1A30EE410A00
:102300000020B0EEC01AB0EE080AB4EE401AF1EEAA
:1023100010FAE1DC9DED001A95ED0F2A31EE421A1C
:10232000B0EEC11AB4EE401AF1EE10FAD8BF012097
:1023300016B0B0BD000000002DE9F041A6B040F29B
:10234000B417C2F20047F878012813D1F4F74CFB18
:102350008046F1F799FBF1F787FB0646F1F7E8FBBA
:1023600005463043C4070BD0397939B16EB1E8075F
:1023700014D01CB326B0BDE8F08100BF0121397034
:1023800000F001003871002EF1D142F29840414630
:10239000C2F20040FBF77CFEE807EAD140F2E040E1
:1023A0004146C2F20040F0F7CFFD40F20040414606
:1023B000C2F20040EEF7E0FF002CDBD17878013864
:1023C000052867D8DFE800F0062A5A3A040400BF5F
:1023D000D0E700BF404602F00BF9022800F036813A
:1023E000002857D10020C7F82480CCF27820C7F805
:1023F0001480C7E90E00C7E91000B86AB864F86A2B
:10240000F864386B3865786B7865012078714FF423
:10241000007038800020C7E9030017E178790128AF
:1024200040F0BC80786AA8EB0000B0F5FA6F6BD37F
:10243000B7EE000A002078716EE000BFB87960B195
:10244000B96941F28932A8EB010191422AD30120F6
:10245000387002F081FC06207870787901287FF4CA
:1024600089AF786AA8EB0000B0F5FA6FC0F0008180
:10247000B7EE000A0020787102E100BF404602F08A
:10248000B7F8022800F0E28020B94FF4806038806D
:10249000DCE000BF0320387002F05EFC062078709C
:1024A000D4E000BF0138DFE810F00700A1014101CE
:1024B00075013301AF0100BF42F298401BABC2F27D
:1024C000004027214246FBF76BFB0028BFD042F2B9
:1024D000984010ABC2F2004028214246FBF760FB57
:1024E0000028B4D09DF894000028B6D19DF868006B
:1024F0000028B2D1F869B8EB0000AED400203872E1
:102500000220F880A9E700BF00EE100A9FEDDB1A59
:10251000B8EE400A80EE010AB1EE081ABAEE0E2AB1
:1025200020EE003A97ED104A97ED115AA0EE012ADD
:10253000B2EE041A97ED136A97ED157A35EE475A05
:10254000A0EE021A97ED0E2A20EE030A97ED123A3A
:1025500020EE010A32EE431A97ED0F2A32EE462A98
:10256000A5EE007AA1EE003A97ED141A34EE414A36
:10257000A2EE006A87ED0D7A87ED0A3AA4EE001A02
:1025800087ED0B6A87ED0C1A02F08AFA387028B1D1
:102590000020787102F0E0FB06207870787900283E
:1025A00054D142F298401BABC2F200402721424670
:1025B000FBF7F6FA002849D042F2984010ABC2F27D
:1025C000004028214246FBF7EBFA00283ED040F2BB
:1025D000E04008ABC2F2004005214246F0F708FA9D
:1025E000A0B340F2E0406B46C2F2004007214246F1
:1025F000F0F7FEF950B39DF89200012826D19DF81E
:102600006600012822D19DF83A0001281ED19DF8CC
:102610001A0001281AD19DF89400012816D19DF8BE
:102620006800012812D19DF83C0001280ED19DF8C8
:102630001C00012804BF1F98002807D11498002807
:1026400004BF9DF82F00002800F0DE81787807385D
:1026500010F1040F3FF68EAE786943F69921A8EB8E
:1026600000008842FFF486AE0320387048E000BFC7
:1026700000EE100A9FED811AB8EE400A80EE010AC2
:10268000B1EE081ABAEE0E2A20EE003A97ED104A83
:1026900097ED115AA0EE012AB2EE041A97ED136AD3
:1026A00097ED157A35EE475AA0EE021A97ED0E2AED
:1026B00020EE030A97ED123A20EE010A32EE431A99
:1026C00097ED0F2A32EE462AA5EE007AA1EE003AE7
:1026D00097ED141A34EE414AA2EE006A87ED0D7AA6
:1026E00087ED0A3AA4EE001A87ED0B6A87ED0C1A03
:1026F00002F0D6F9002838703FF43CAE0020787123
:1027000002F02AFB0620787026B0BDE8F08100BFF9
:10271000F8790228C0F0B4800020C7E90C00C7E9AE
:102720001000C7E914000620F88096E6F879012821
:1027300000F2BA8046F648314301C0F60101002894
:1027400001EB401207F12C00D2E9026514691C95D7
:1027500055691B9696691D941E9508BF07F12800C0
:10276000D269CDE91F62CD5C00681C9042F29840AE
:10277000C2F200401BAA2946FBF76EFD00287FF439
:102780006CAE42F298400122C2F200402946FBF7AB
:10279000ABF96CE040F2E0401BABC2F20040052117
:1027A0004246F0F725F900283FF451AE40F2E040F0
:1027B00010ABC2F2004007214246F0F719F9002899
:1027C0003FF445AE9DF8880000287FF446AE9DF8A2
:1027D0005C0000287FF441AEF869B8EB00003FF5DB
:1027E0003CAE002038720520F88036E6F8790228E1
:1027F000C0F096800020C7E90A00C7E90E00C7E9CB
:1028000012000320F88028E6F879012800F2A08061
:10281000C0EBC00146F67C22C0F60102002802EBA4
:10282000810307F13400D3E902651C691C955D69D9
:102830001D941E9508BF07F130009B691F931B96DE
:1028400032F8215000681B9040F2E0401BAAC2F20F
:1028500000402946F0F754FC00287FF4FEAD40F21A
:10286000E0400122C2F200402946F0F745F8002876
:102870007FF4F3ADF8790130F871EEE50000FA4429
:1028800046F67C21C0EBC000C0F601013A7A31F86F
:10289000201040F2E040C2F20040002A00F0A88080
:1028A000F0F73EF94BE000BF42F298401BABC2F29A
:1028B000004027214246FBF773F900283FF4CDADD5
:1028C00042F2984010ABC2F2004028214246FBF78A
:1028D00067F900283FF4C1AD9DF8920001287FF40C
:1028E000BCAD9DF8660001287FF4B7AD9DF894005B
:1028F00001287FF4B2AD9DF8680001287FF4ADADEA
:102900009DF88400C0073FF4A8AD9DF85800C007AB
:102910003FF4A3AD1F9800287FF49FAD149849E0C1
:1029200046F648314001C0F601013A7A095C42F2AC
:102930009840C2F20040002A5ED0FBF7D9F9002887
:102940007FF48BADF8790130F8710020387284E59E
:1029500040F2E0401BABC2F2004005214246F0F7D6
:1029600047F800283FF479AD40F2E04010ABC2F2E6
:10297000004007214246F0F73BF800283FF46DADD8
:102980009DF8860001287FF468AD9DF85A00012863
:102990007FF463AD9DF8880001287FF45EAD9DF85B
:1029A0005C00012804BF9DF87B0000287FF455AD32
:1029B0009DF84F0000287FF450AD9DED1B0AB0EE4E
:1029C000C01AB0EE080AB4EE401AF1EE10FA3FF762
:1029D00044AD9DED101AB0EEC11AB4EE401AF1EEFE
:1029E00010FA3FF73AAD0020B871387035E500BFF6
:1029F000F0F742FC02E000BFFBF77EFC00287FF40A
:102A00002CAD0120387228E59DF80F0000287FF4D6
:102A10001DAE9DED1B1A9FED1F0A31EE001AB0EEA0
:102A2000C12AB0EE081AB4EE412AF1EE10FA3FF7CF
:102A30000DAE9DED102A32EE002AB0EEC22AB4EEA1
:102A4000412AF1EE10FA3FF701AE9DED082A32EE71
:102A5000002AB0EEC22AB4EE412AF1EE10FA3FF796
:102A6000F5AD9DED002A32EE000AB0EEC00AB4EEDC
:102A7000410AF1EE10FA3FF7E9AD0020A7F8070090
:102A800008F1140038620320A7F80100C7F8148089
:102A9000DCE500BF0000784210B52DED088B40F258
:102AA000B414C2F20044E07801280FD1B0EE40AA7D
:102AB000B0EE60BA94ED0E8A94ED0F9AF0F720FF15
:102AC00050B101202070BDEC088B10BD012020709A
:102AD000BDEC088B10BD00BF607804284FF00100EA
:102AE00004BFA1790029EDD1B0EEC80A9FED272AD5
:102AF000B4EE420AF1EE10FAE4DCB0EEC90AB4EE2C
:102B0000420AF1EE10FADDDCB0EECA3AB0EE4A1A33
:102B1000B4EE423AF1EE10FAD4DCB0EECB4AB0EEAD
:102B20004B0AB4EE424AF1EE10FACBDC9FED182AC4
:102B3000B4EE423AF1EE10FADCBFB4EE420AF1EE26
:102B400010FABFDC9FED132AB4EE420AF1EE10FA40
:102B5000B8DBA06AA064E06AE064206B2065606B6B
:102B6000606584ED0E8A84ED0F9A84ED101A84ED71
:102B7000110AF3F739FF60620020C4E90300012164
:102B800061712070BDEC088B10BD00BFFFFF7F7F1F
:102B900096F1C64396F1C6C310B52DED048B40F2F5
:102BA000B414C2F20044E078012811D1B0EE608A7A
:102BB000B0EE409AF0F7A4FE00284FF0010004BFE9
:102BC000617804290AD02070BDEC048B10BD00BFD1
:102BD00001202070BDEC048B10BD00BFB0EEC91AFF
:102BE0009FED0B0AB4EE401AF1EE10FAEBDCB0EEFA
:102BF000C81AB4EE401AF1EE10FAE4DC84ED039A40
:102C000084ED048A01F04CFF2070BDEC048B10BDF4
:102C1000FFFF7F7F0000000010B52DED088B40F214
:102C2000B414C2F20044E07801280FD1B0EE40BAEB
:102C3000B0EE60AAB0EE418AB0EE619AF0F760FEA5
:102C400050B101202070BDEC088B10BD0120207018
:102C5000BDEC088B10BD00BF607804284FF0010068
:102C600004BFA1790029EDD1B0EECB1A9FED274A20
:102C7000B4EE441AF1EE10FAE4DCB0EECA2AB4EE77
:102C8000442AF1EE10FADDDCB0EEC85AB0EE483A54
:102C9000B4EE445AF1EE10FAD4DCB0EEC96AB0EEEC
:102CA000492AB4EE446AF1EE10FACBDC9FED184AE3
:102CB000B4EE445AF1EE10FADCBFB4EE442AF1EE61
:102CC00010FABFDC9FED134AB4EE442AF1EE10FA7D
:102CD000B8DBA06AA064E06AE064206B2065606BEA
:102CE000606584ED0EBA84ED0FAA84ED103A84ED90
:102CF000112AF3F779FE60620020C4E90300012184
:102D000061712070BDEC088B10BD00BFFFFF7F7F9D
:102D100096F1C64396F1C6C310B52DED088B40F26F
:102D2000B414C2F20044E07801280FD1B0EE40BAEA
:102D3000B0EE60AA94ED108A94ED119AF0F7E0FDE0
:102D400050B101202070BDEC088B10BD0120207017
:102D5000BDEC088B10BD00BF607804284FF0010067
:102D600004BFA1790029EDD1B0EECB1A9FED252A41
:102D7000B4EE421AF1EE10FAE4DCB0EECA3AB4EE68
:102D8000423AF1EE10FADDDCB0EEC83AB4EE423A67
:102D9000F1EE10FAD6DCB0EEC94AB4EE424AF1EEDA
:102DA00010FACFDC9FED182AB4EE423AF1EE10FA99
:102DB000DCBFB4EE429AF1EE10FAC3DC9FED132AA9
:102DC000B4EE429AF1EE10FABCDBA06AA064E06AAD
:102DD000E064206B2065606B606584ED0EBA84ED65
:102DE0000FAA84ED108A84ED119AF3F7FDFD60625D
:102DF0000020C4E90300012161712070BDEC088B43
:102E000010BD00BFFFFF7F7F96F1C64396F1C6C39A
:102E100080B501F0A1FF40F2B4100521C2F20040DC
:102E2000417080BD00000000FEE7000000000000CF
:102E3000B0B58AB003460020099008904FF0010019
:102E4000D3B10C46C1B1187900284FF0000013D15E
:102E50004FF080410790CDE9021002210491012139
:102E60000122CDE90510402120461D46F2F7F4FC71
:102E700000284FF0010001D00AB0B0BD02A92046E1
:102E8000F2F786FC00284FF00100F5D10221022262
:102E9000012300902046F2F7C3FC18B101200AB0CC
:102EA000B0BD00BF2046F3F79BFA00284FF00100A9
:102EB000E2D1287100202C600AB0B0BD00000000F3
:102EC000B0B58AB00C46054668462821EDF7DBFB15
:102ED0009DB12879012810D14FF0010014B32A6860
:102EE00002B340211046F2F70BFD48B12868E31CFD
:102EF0006A464021F2F710FD30B101200AB0B0BDA2
:102F000002200AB0B0BD00BF0198B0F1804F4FF071
:102F1000010007D1029929B900982070000A607059
:102F20000020A0700AB0B0BDB0B58CB0044601A8B6
:102F30002C21EDF7A8FB14B3207901281FD12068BC
:102F4000E8B10168D9B14AF6100501A9C4F200053B
:102F5000F2F7AEFC2168069A09680B6D9B0111D44B
:102F600000B9A2B98869C00711D1086D400715D40E
:102F7000086D000703D508200865002028600CB004
:102F8000B0BD00BF4FF00070086500202860886960
:102F900020F001008861086D4007E9D5042008652C
:102FA00000202860086D0007E5D4E8E70000000075
:102FB00090B12DE9F0478CB00446007901280DD17D
:102FC000149E0120082E03D825680DB153B94EB1C7
:102FD0000CB0BDE8F08700BF0120704701200CB0A5
:102FE000BDE8F087884601A82C21914627461C465B
:102FF000EDF749FB2868E8B14AF6100A01A928460E
:10300000C4F2000AF2F754FC3D68069A29680B6D79
:103010009B0131D400B9AABB8869C00732D1086DC1
:10302000400736D4086D000704D508200865002045
:10303000CAF800002846F2F773FDC8B148EA092033
:1030400001904FF08040029016A00021039122468B
:1030500050F82600CDE90401CDE90611CDE90811AB
:10306000386801A9F2F718FB0CB0BDE8F08700BF83
:1030700002200CB0BDE8F0874FF00070086500201A
:10308000CAF80000886920F001008861086D4007D7
:10309000C8D5042008650020CAF80000086D0007A4
:1030A000C3D4C7E7000000000100000002000000D8
:1030B00003000000040000000500000006000000FE
:1030C000070000000800000078B1017901290CD147
:1030D0000168002908BF704710B504460846F3F799
:1030E0009BF900202071BDE81040704700000000EF
:1030F0000B460246002818BF0120002918BF0123F3
:103100001840012818BF7047B0B502F1140ED2E97B
:1031100008459EE80850926A4A6181E80850C1E972
:103120000345BDE8B04070474FF0010318B10029D6
:1031300018BF002A02D11846704700BF537873B1F8
:10314000D2F804C0BCF1000F09D49368634506DBD4
:1031500092ED030AB5EE400AF1EE10FA02DA012010
:10316000704700BF016092E80A10D26883600023B4
:103170004160C0F80CC002618362C0E90533C0E958
:10318000073380F824301846704700000000000024
:10319000034600284FF0000018BF002900D17047F7
:1031A0002DE9F04381B008781E79B04224D14878E7
:1031B000092827D1887808284FF000001DD19046B3
:1031C0000A79CC784F798946897925061E4641EAE5
:1031D00002415A7941EA07235FEA50014FEA32007F
:1031E000002D43EA046313D4C01841EBE3710023BC
:1031F000EDF7F6F813E000BF002001B0BDE8F043A2
:10320000704700BF002001B0BDE8F043704700BF29
:10321000C01A61EBE3710023EDF7E2F84042B061C0
:10322000B2EE041AB9F80700C0BA00EE100AB8EE00
:10323000C00A80EE010A9FED0C1A86ED070AB9F864
:103240000900C6F82880C0BA00EE100A012086F8EE
:103250002400B8EEC00A80EE010A86ED080A01B02B
:10326000BDE8F043704700BF00007A440000000052
:1032700060B30146006848B380B582B04A694FF038
:10328000FF3E4B7983FB023CD3F100427EEB0C0204
:103290004FF00002B8BF0122002A0CBF4FF00043DC
:1032A000E6466FF0004CB3EB0C027EF10002A8BFC3
:1032B000634609794FF0040C1ABA019201AB03225C
:1032C000CDF800C0FFF774FE02B080BD012070474A
:1032D000E0B18C46002948BFC1F1000C80B5D0F8A0
:1032E00008E00022BCEB0E0372EBEE730ADBC2684F
:1032F0004FEAE27EB2EB0C037EF1000308DA00290C
:1033000048BF52424261002080BD00BF012070478B
:103310000A464261002080BD40B1826A1AB1891A12
:10332000C92938BF7047002180F824107047000079
:10333000B0EEC01AB2EE042AB4EE421AF1EE10FA60
:103340000CDD90ED051A9FED462A21EE021A017F51
:1033500080ED051AC9B990ED062A1AE090ED011A20
:1033600090ED052AA1EE002A90ED031AB1EE413A44
:1033700082FE411AB4EE423AF1EE10FA33FE011A1F
:10338000017F80ED051A0029E5D0B0EE402A00212A
:10339000017730EE422A9FED333AB4EE432AF1EE44
:1033A00010FA3DDA9FED313AB4EE432AF1EE10FA0D
:1033B0001DDA9FED2F4A32EE042AB4EE432AF1EED5
:1033C00010FA14DA32EE042AB4EE432AF1EE10FABF
:1033D000BEBF32EE042AB4EE432AF1EE10FA06DA4A
:1033E00032EE042AB4EE432AF1EE10FAE3DB90ED5C
:1033F000003A80ED060AA3EE001A90ED023AA3EE21
:10340000021A90ED042AB1EE423A81FE422AB4EE4D
:10341000413AF1EE10FA33FE021AB0EE410A70475B
:103420009FED114A32EE042AB4EE432AF1EE10FA6F
:10343000A1BF32EE042AB4EE432AF1EE10FA32EEC6
:10344000042AA4BFB4EE432AF1EE10FAAADB32EE4E
:10345000042AB4EE432AF1EE10FAE3DAA2E700BF41
:103460006666663F000034430000B4C3000034C306
:103470000000B4430000000030B302780146002091
:10348000052A00F28480DFE802F0215303838203DF
:1034900091ED010A9FED451AB0EEC00AB4EE410A63
:1034A000F1EE10FA73DC91ED020AB0EEC02AB4EE30
:1034B000412AF1EE10FA6ADCB5EE400AF1EE10FA9C
:1034C000A8BF0120704700BF0020704791ED010A9E
:1034D000B0EEC01A9FED350AB4EE401AF1EE10FAC4
:1034E00055DC91ED021AB0EEC11AB4EE401AF1EEBD
:1034F00010FA4CDC91ED031AB0EEC11AB4EE401A8A
:10350000F1EE10FA43DC91ED041AB0EEC11AB4EEFC
:10351000401AF1EE10FA3ADC91ED051AB0EEC11A3C
:10352000B4EE401AF1EE10FAD8BF0120704700BF88
:1035300091ED010AB0EEC01A9FED1C0AB4EE401ADC
:10354000F1EE10FA23DC91ED021AB0EEC12AB4EECE
:10355000402AF1EE10FAC8BF704791ED032A00210E
:10356000B0EEC23A0022B4EE403AF1EE10FAB5EEF7
:10357000401AD8BF0121F1EE10FAA8BF0122B5EE22
:10358000402AF1EE10FAA8BF012011400840704710
:1035900091ED010A9FED051AB0EEC00AB4EE410AA2
:1035A000F1EE10FAD8BF0120704700BFFFFF7F7F08
:1035B00040F21800C2F2004090F84810D1B190EDEE
:1035C000111A9FED162A31EE021AB0EE002A90ED84
:1035D000103AB7EE004A30EE430A31EE022A81EE8D
:1035E000022AA2EE003A34EE420A21EE002AB0EEA0
:1035F000430A04E0B7EE002A012180F84810B2EE39
:10360000041A80ED100A80ED112A20EE013AB8FE6E
:10361000433A83EE011AB0EE410A7047CDCCCC3D5F
:1036200058B1A1F2092C1CF1080F06D3002A1CBFC7
:1036300090F82FC05FEACC7C00D1704700EB81008E
:103640004FF60001CFF6FF714058002808BF7047C1
:1036500010B5B2F800C090F8401001299CFA8CFC1B
:103660004FEA1C4C12D1418CACEB010E74461EF596
:10367000805FB8BF04F50054BEF5805FC8BFAEF5EB
:103680000054416A2144416205E000BF00214162CB
:10369000012180F84010A0F822C0518809BA090C15
:1036A0000185918890F92120C36309BA090C51431F
:1036B0004185BDE810407047002808BF70472DE9DC
:1036C000F04782B0002A92461EBF044690F8C50219
:1036D0005FEAC07004D102B0BDE8F047704700BF98
:1036E00094F8C4020028F6D09846894604F12C05C7
:1036F000002700BF284608234946524650F828694B
:10370000CDF80080F0F744F830B994F8C4020137DE
:1037100058358742EED3DEE715F8060C15F8051C80
:10372000421EB2FA82F200294FEA521285F82A208C
:103730001CBF03226A7695F82B20012ACBD12A6878
:10374000B242C8D00029C6D1296A8A4218BF0128CE
:10375000C1D015ED050A9FED081AB0EEC00AB4EE0F
:10376000410AF1EE10FAB6DC4FF48070A5F82B0098
:1037700002B0BDE8F0477047CDCC4C3D00000000E2
:10378000002818BF002A01D1704700BFB0B590F8DB
:10379000E4431CB3C1F3072CA4F1010E90F8504090
:1037A00064451FD0BEF1000F18D090F8CC4064459E
:1037B0001AD0BEF1010F11D090F84841644517D0DE
:1037C000BEF1020F0AD090F8C441644514D0AEF1A6
:1037D000040E00F5F8701EF10104DFD1BDE8B04021
:1037E000704700BF041D09E000F1800406E000BF3F
:1037F00000F1FC0402E000BF00F5BC742046256A1D
:10380000FBF736F8206AA842E8D0207F8006E5D58D
:1038100060690028E2D0002084F87800012084F854
:103820006D00BDE8B0407047AEB04EF614570125AC
:10383000CEF200070095F3F7A7F96C4648F21F7027
:10384000029040F201100390204600260196F3F703
:103850006BF90420F3F7A8F93868800311D4BFF39B
:103860004F8FBFF36F8FC7F83C62BFF34F8FBFF32B
:103870006F8F386840F400303860BFF34F8FBFF36C
:103880006F8FF3F7C9F8FCF763F904F12800902172
:10389000ECF7F9FE48F2020000900220029010219D
:1038A0000196CDE90310CDE90500C0200996CDE9C8
:1038B00007064FF000501B9020461D95F3F754FB70
:1038C00010B172B6FEE700BFF8F7E2F8F7F784FF31
:1038D000F7F7FEFFF8F734F8F8F76AF8F8F734FA74
:1038E000F8F732F9F8F770F9F8F7EEF9F8F7ACF9FC
:1038F000F8F76AFA4FF47A70F1F772FE00F078F890
:10390000F8F78EF800F09CF8FEE7000000000000D9
:10391000EFF3058100291CBF6FF00500704710B55B
:10392000044602F065FB01462046012904D108B196
:1039300001F0CEFC002010BDEFF3108119B9EFF3B8
:1039400011810029F3D06FF0050010BD00000000C8
:10395000EFF3058100291CBF6FF00500704710B51B
:1039600082B0044602F044FB012815D102F050FB5E
:103970000146844201906FF003000AD0611A08D416
:1039800001A802F0C5FA01460020002908BF4FF047
:10399000FF3002B010BD00BFEFF3108020B16FF018
:1039A000050002B010BD00BFEFF311800028DDD08C
:1039B0006FF0050002B010BDEFF3058010B102F00A
:1039C0002FBB00BF80B502F013FB0128BDE880408B
:1039D00002D102F01DBB00BFEFF310800028EED132
:1039E000EFF311800028EAD1F3E7000000000000A7
:1039F000EFF3058000281CBF6FF00500704780B50D
:103A000002F0F6FA012811D102F0F2FA01284FF083
:103A1000FF3009D140F2FC31C2F200410A68002AAD
:103A200002BF01200860002080BD00BFEFF31080BE
:103A300018B9EFF311800028E6D06FF0050080BDC3
:103A4000EFF3058000281CBF6FF00500704780B5BC
:103A500002F0CEFA012819D102F0CAFA01284FF07B
:103A6000FF3012D140F2FC31C2F200410A68012A53
:103A700018BF80BD4EF61F500022CEF2000002702B
:103A80000220086001F0A8FD002080BDEFF3108047
:103A900018B9EFF311800028DED06FF0050080BD6B
:103AA000002001F061FC00BFFEE700000000000004
:103AB0002DE9F04385B000240494EFF305831BB196
:103AC000204605B0BDE8F083154604460E4602F0D8
:103AD0008FFA012808D12046B446BCB900242046FC
:103AE00005B0BDE8F08300BFEFF3108020B10024E3
:103AF000204605B0BDE8F0832046002C4FF00004BE
:103B0000EFF31181DCD00029B446D9D14FF0000485
:103B100035B3AB69002B08BF1823382BD0D82979CF
:103B2000C907CDD16F69BA08002FD5E90289964639
:103B300008BF4FF4807EB8F1000F296824D0B9F196
:103B40005C0FBDD32E69002E18BF002FB8D08DE8B2
:103B50004801634602F090F905B0BDE8F08300BF6C
:103B60004FF4807E182300211FFA8EF204AFCDE9B6
:103B70000037334602F050F90499012808BF0C467B
:103B8000204605B0BDE8F083B9F1000F98D12A694D
:103B9000002A95D1E8E700002DE9F04381B0044602
:103BA00001F0AEF940F2E00642F23408C2F20046FB
:103BB000C2F2004842F23805B068C2F20045013056
:103BC000B060D8F8000068B1F068002840F00A81C1
:103BD000D8F80000E16AC06A884298BFC8F800407F
:103BE00000E100BFC8F80040B068012840F0FA804A
:103BF000284601F025F905F1140001F021F905F13D
:103C0000280001F01DF905F13C0001F019F905F15A
:103C1000500001F015F905F1640001F011F905F10A
:103C2000780001F00DF905F18C0001F009F905F1BA
:103C3000A00001F005F905F1B40001F001F905F16A
:103C4000C80001F0FDF805F1DC0001F0F9F805F11C
:103C5000F00001F0F5F805F5827001F0F1F805F5D6
:103C60008C7001F0EDF805F5967001F0E9F805F5B6
:103C7000A07001F0E5F805F5AA7001F0E1F805F58E
:103C8000B47001F0DDF805F5BE7001F0D9F805F566
:103C9000C87001F0D5F805F5D27001F0D1F805F53E
:103CA000DC7001F0CDF805F5E67001F0C9F805F516
:103CB000F07001F0C5F805F5FA7001F0C1F805F5EE
:103CC000027001F0BDF805F5077001F0B9F805F5CF
:103CD0000C7001F0B5F805F5117001F0B1F805F5BB
:103CE000167001F0ADF805F51B7001F0A9F805F5A7
:103CF000207001F0A5F805F5257001F0A1F805F593
:103D00002A7001F09DF805F52F7001F099F805F57E
:103D1000347001F095F805F5397001F091F805F56A
:103D20003E7001F08DF805F5437001F089F805F556
:103D3000487001F085F805F54D7001F081F805F542
:103D4000527001F07DF805F5577001F079F805F52E
:103D50005C7001F075F805F5617001F071F805F51A
:103D6000667001F06DF805F56B7001F069F805F506
:103D7000707001F065F805F5757001F061F805F5F2
:103D80007A7001F05DF805F57F7001F059F805F5DE
:103D9000826001F055F805F2244001F051F805F574
:103DA000876001F04DF805F24C4001F049F840F20F
:103DB000D039C2F20049484601F042F809F114072F
:103DC000384601F03DF806F14C0001F039F806F1F3
:103DD000380001F035F806F1600001F031F8C6F85E
:103DE0001890F7613068271D316A421CE06A326022
:103DF0008842626488BF306200EB800005EB80017E
:103E000061614A68A2609368E36097605F6055F8FB
:103E10002010013145F8201001F09AF8F06880B1C7
:103E2000D8F80000E16AC06A88420AD24EF604500F
:103E30004FF08051CEF200000160BFF34F8FBFF30F
:103E40006F8F01B0BDE8F08340F2E00542F2380622
:103E50004EF60458C2F20045C2F20046CEF2000807
:103E60004FF0805703E000BF204601F089F86868F2
:103E7000D0B101F045F8686CC468201D00F0A4FFC3
:103E8000A8680138A86068680138686001F060F8C7
:103E900094F859000228EAD00128E5D070B9206BC7
:103EA00001F06EF8E0E700BF30680228DFD3C8F801
:103EB0000070BFF34F8FBFF36F8FD8E74FF0500004
:103EC00080F31188BFF36F8FBFF34F8FFEE70000C1
:103ED0002DE9F04381B00A9C16460F468146206BBF
:103EE0009100A5229846089DECF7A3FB002F206BBC
:103EF00041D0397884F83410D1B3797884F835100A
:103F0000B1B3B97884F8361091B3F97884F83710E2
:103F100071B3397984F8381051B3797984F839104C
:103F200031B3B97984F83A1011B3F97984F83B10B8
:103F3000F1B1397A84F83C10D1B1797A84F83D1026
:103F4000B1B1B97A84F83E1091B1F97A84F83F1092
:103F500071B1397B84F8401051B1797B84F84110FC
:103F600031B1B97B84F8421011B1F97B84F8431068
:103F7000002184F84310382D0AD34FF0500080F30D
:103F80001188BFF36F8FBFF34F8F00BFFEE700BFF5
:103F900000EB8600099F0438E56220F00706201D2B
:103FA000E56400F059FF04F1180000F055FFC5F179
:103FB0003800A0613046494642462461646200F000
:103FC000FFFA002F206018BF3C6001B0BDE8F0830D
:103FD00008480068006880F308884FF0000080F30C
:103FE000148862B661B6BFF34F8FBFF36F8F00DFE7
:103FF00000BF000008ED00E081B00020009040F21A
:104000001400C2F2004000684FF0500181F31188A3
:10401000BFF36F8FBFF34F8F013003D0FEE700BFB8
:10402000009838B9009828B90098002804BF009873
:104030000028F5D001B0704784B040F25419E8462A
:10404000C2F20049D9F8080006681EB1C068D0F86D
:1040500000A001E04FF0000A01F042FB01F0D8FFA0
:10406000D9F81010834688421FD3002EC9F810B02B
:1040700060D0DA455ED802F013F9D9F80800C068BC
:10408000C668371D384600F09FFE96F828004107A5
:1040900038D400F0FA0086F8280071E000F0FA0049
:1040A00086F82800316A30468847D9F80800016848
:1040B000B1B3C068C6680568371D384600F084FE95
:1040C00096F828004107E9D5B06944197460401991
:1040D000366108D2316A30468847B06921180444F5
:1040E00074603661F6D3D9F80C00394600F0B8FE9A
:1040F000D8E700BFABEB0A0181423BD3316A3046BF
:104100008847A246B069366100EB0A0474605C45DA
:10411000F0D9D34509F108002ED25445EED22BE058
:10412000D9F80C10C9F810B0C9E9021002F0B8F8BB
:1041300030E000BF16B1002206E000BFD9F80C0045
:104140000068B0FA80F04209D9F80000AAEB0B0130
:1041500001F08AF802F0A4F8E0B94EF604504FF0EE
:104160008051CEF200000160BFF34F8FBFF36F8F1D
:1041700010E000BF09F10C000068394600F070FE45
:10418000316A3046884705E009F10C063068394647
:1041900000F066FED9F800000022414601F0CCFC98
:1041A00000283FF44FAF0098B0F1FF3F06DCDDE997
:1041B00001200399904700980028EBD4DDF808B05F
:1041C000DBF8140018B10BF1040000F0FDFD01F064
:1041D0001FFFD9F810108246884208D330E000BF94
:1041E00000F0FA0087F82800396A38468847D9F87D
:1041F0000800016801B3C068C76805683C1D204617
:1042000000F0E2FD97F828004107E9D5B8694619A2
:104210007E6040193F6108D2396A38468847B869DC
:10422000311806447E603F61F6D3D9F80C00214670
:1042300000F016FED8E700BFD9F80C10C9E902104B
:104240000098C9F810A001380828A3D8DFE800F0CA
:104250000606482C6E0606482C0000BF9BF8281066
:10426000019ADBF818005F4641F001038BF8283013
:10427000831847F8043F5345CBF810B008D992454E
:1042800009F10806BFF482AF934206D27EE700BF71
:10429000AAEB02028242FFF477AF4A0728D401F06A
:1042A000FA008BF828004FE09BF8280040F001014D
:1042B000019800288BF82810CBF818004AD05044F9
:1042C00009F10C025946504588BF09F1080241F82E
:1042D000040FCBF810B0106800F0C2FD5AE700BF21
:1042E0009BF8280000F0FE008BF8280052E700BF82
:1042F000019901440BE000BFAAEB010181421DD3EB
:10430000DBF8201058468847DBF8180021460C18C7
:10431000CBF804405445CBF810B0EDD98A4509F1EB
:1043200008000DD28C42EBD20AE000BF9BF82800B7
:104330008107D7D4584600F023FE2BE709F10C0083
:104340000068394600F08CFDDBF82010584688479D
:1043500020E700BF4FF0500080F31188BFF36F8F4C
:10436000BFF34F8FFEE70000F0B581B0044600F0C8
:10437000C7FD94F94560012E10DB04F1240503E02C
:10438000F0B2013E012809D9286838B1284601F069
:1043900013FF0028F4D001F06BF8F1E7FF2684F852
:1043A000456000F0D5FD00F0ABFD94F94470012F9D
:1043B00010DB04F1100503E0F8B2013F012809D930
:1043C000286838B1284601F0F7FE0028F4D001F043
:1043D0004FF8F1E784F8446001B0BDE8F04000F028
:1043E000B7BD00000000000070B5044601F078F988
:1043F00040F29010C2F2004003680BBB43F2B811C8
:10440000C2F20041CA1D11F0070322F00702A1EB1E
:10441000020303F5803304BF0A464FF480330021C2
:10442000134423F00703A3F108060660C0E9052141
:1044300043E90211B11A516003681360C0E9011128
:1044400004F10802092A11D201F02AFF00F0F0FC61
:104450000020410708BF70BD4FF0500080F3118865
:10446000BFF36F8FBFF34F8FFEE700BF14F007015C
:1044700006D009398A42E7D824F0070101F1100279
:10448000012AE1DB41688A42DED886465EF814CF15
:10449000DCF80440944230D2DCF80010E1B165460B
:1044A0004C6894421CD20E68D6B1746894421BD2F8
:1044B000D6F800E0BEF1000F16D0DEF804409442BA
:1044C00016D2DEF800509DB16C68944214D229686F
:1044D000AC460029E4D110E000F1140E0DE000BF5D
:1044E0008C46AE4609E000BFB4468E4605E000BFEC
:1044F000F446B64601E000BFAC469C45A4D0A11AE4
:10450000DEF800301129DCF80040CEF800403ED340
:104510000CEB0204660709D04FF0500080F31188BD
:10452000BFF36F8FBFF34F8FFEE700BF00F114069C
:104530006160CCF804203168A1420BD20E68A6421B
:104540000CD23168A14205D20E680A46A642F2D3C7
:1045500005E000BF32460E4601E000BF0A46516842
:104560005518A542656802D10D441446556061197D
:10457000B14201D0314606E001688E4203D0D6E94F
:1045800000162E446660A242216018BF1460DCF859
:10459000041003F10804D0E90126521A4260B24225
:1045A00041F0004138BF82600022CCE90021C1689F
:1045B0000131C16001F074FE20464AE700000000AE
:1045C00043F6F97321F0010140F8081C4FF08071A7
:1045D00040F8041CA0F14401C0F6010340F80C3C73
:1045E0006FF0020340E909320846704700000000FE
:1045F00070B52DED028B96B040F2B4160446C2F2AF
:104600000046316A401A00F13882B078082800F27A
:104610008981DFE800F0059B195F0BA1AF65E5001C
:10462000F0790228C0F0AE810120A4E1F0790228DF
:10463000C0F07E8100200521C6E90A00C6E90E000F
:10464000C6E9120094E000BF42F298400BABC2F200
:10465000004027212246F9F7A3FA002800F00D8236
:1046600042F298406B46C2F2004028212246F9F7F8
:1046700097FA002800F001829DF85400002804BF3A
:104680009DF828005FEAC07040F0F78140F2E040FA
:104690000BABC2F2004005212246EEF7A9F9002833
:1046A00000F0EB8140F2E0406B46C2F2004007218F
:1046B0002246EEF79DF9002800F0DF819DF84800C2
:1046C000002804BF9DF81C005FEAC07040F0D5814F
:1046D000032050E1F0790228C0F03C8104204AE137
:1046E000F079012800F2468146F6483C4FEA401E28
:1046F000C0F6010C00280CEB401206F12C00D2E9A8
:10470000025113690C9151690B9595690D930E91A6
:1047100008BF06F12800D1690BAACDE90F511CF89A
:104720000E5000680C9042F29840C2F200402946B8
:10473000F9F792FD002840F0A58142F2984001224D
:10474000C2F200402946F9F7CFF90FE1F0790228CB
:10475000C0F02C8102200EE1F0790228C0F03C81EB
:1047600000200621C6E90C00C6E91000C6E91400C5
:10477000B17002E1F079012800F24881C0EBC0017C
:1047800046F67C2CC0F6010C00280CEB810306F1E8
:104790003400D3E902E21D690C925A690D950E921C
:1047A00008BF06F130009A690F92CDF82CE03CF872
:1047B000215000680B9040F2E0400BAAC2F200408A
:1047C0002946EEF79DFC002840F05C8140F2E04075
:1047D0000122C2F200402946EEF78EF8C6E000BF83
:1047E00042F298400BABC2F2004027212246F9F773
:1047F000D7F9002800F0418142F298406B46C2F29E
:10480000004028212246F9F7CBF9002800F0358135
:104810009DF85200012840F030819DF826000128C3
:1048200040F02B819DF85400012840F026819DF82E
:104830002800012840F021819DF84400C00700F0C5
:104840001C819DF81800C00700F017810F98002800
:1048500004BF0498002840F010819DED0B0AB0EED3
:10486000088AB0EEC00AB4EE480AF1EE10FA00F37E
:1048700004819DED000AB0EEC00AB4EE480AF1EEE4
:1048800010FA00F3FA8040F2E0400BABC2F20040B5
:1048900005212246EEF7ACF8002800F0EE8040F249
:1048A000E0406B46C2F2004007212246EEF7A0F836
:1048B000002800F0E2809DF84600012840F0DD80ED
:1048C0009DF81A00012840F0D8809DF84800012882
:1048D00040F0D3809DF81C00012804BF9DF83B00E8
:1048E000002840F0CA809DF80F00002840F0C580E5
:1048F0009DED0B0AB0EEC00AB4EE480AF1EE10FAD4
:1049000000F3BB809DED000AB0EEC00AB4EE480A89
:10491000F1EE10FA00F3B180002016B0BDEC028B6E
:1049200070BD00BF012016B0BDEC028B70BD00BF92
:1049300046F648314001C0F60101327A095C42F284
:104940009840C2F20040002A00F08C80F9F7D0F9BC
:1049500052E000BF46F648314001C0F60101095C53
:1049600042F29840C2F20040F9F776F8002840F091
:1049700089802DE00820B0700020A6F8070004F11F
:10498000140085E046F648314001C0F601010022DE
:104990000025095C42F29840C2F20040F9F7A4F801
:1049A000B0B101203070357270E000BF46F67C2156
:1049B000C0EBC000C0F601010022002531F8201034
:1049C00040F2E040C2F20040EDF796FF0028E8D147
:1049D000F0790130F071D2E746F67C21C0EBC000DF
:1049E000C0F60101327A31F8201040F2E040C2F204
:1049F0000040DAB3EEF794F802283ED0002841D107
:104A0000F0790130F07100203072B8E740F2E040F8
:104A10000BABC2F2004005212246EDF7E9FF60B37F
:104A200040F2E0406B46C2F2004007212246EDF71B
:104A3000DFFF10B39DF8460001281ED19DF81A0033
:104A400001281AD19DF84800012816D19DF81C00B4
:104A5000012812D19DF83B0078B99DF80F0060B98C
:104A6000072088E7F9F748FC02E000BFEEF704FCF6
:104A7000022802D030B901203072022016B0BDECFD
:104A8000028B70BD012030700020307204F1640090
:104A90003062022016B0BDEC028B70BD0000000039
:104AA00010B58CB036A040F2B414031D3449069101
:104AB000C2F200440ECB07910169CDE9093136A15C
:104AC000089240690B9034480190D1E901020290AC
:104AD000C86809690392CDE90401A06A0790E068FB
:104AE000099042F2984006AAC2F200402721F9F745
:104AF000B3FB28BB46F64830C0F60100D0E90E12E1
:104B0000836A0693006B0890CDE90A12E06A079069
:104B1000E068099042F2984006AAC2F200402821BB
:104B2000F9F79AFB60B9206B01902069039040F27D
:104B3000E04001AAC2F200400521EEF7E1FA18B107
:104B400001200CB010BD00BF46F67C20C0F601006D
:104B5000D0E90C12806A0290CDE90412606B0190DA
:104B60002069039040F2E04001AAC2F20040072110
:104B7000EEF7C6FA002818BF01200CB010BD00BF28
:104B80000000000000000000000000000000000025
:104B90000000A0420000004000000000CDCC4C3ED0
:104BA0000000000000008C420000A03F0000000058
:104BB00040F238220023C2F20042C2E907014FF05E
:104BC0007E50106140F218009362C2F2004093855B
:104BD000A2F801300121C2E90233C2E90C33936328
:104BE000A2F85E30C0E905330177C0E90D3380F8E3
:104BF0003C100365A0F8543080F84C30C0E9103305
:104C000083640520C2E91533A2F85C3082F8623073
:104C10001075032082F83C0070470000000000007F
:104C200010B541F2EC24C2F20044206890B3D0F8F1
:104C3000801079B301680022A4F820230F220A62B1
:104C40008A6942F008028A61211D4FF48072F3F7ED
:104C500073FD002818BF10BD206840F20F41C4F258
:104C60000201D0F88000006888426FF0080113DC70
:104C70006F22C4F20202904224DC3F22C4F20202FC
:104C800090423BDC1022C4F2020290425ED0282205
:104C900056E000BF012010BD40F26F42C4F2020294
:104CA00090421BDC40F23F42C4F2020290422DDCF3
:104CB00040F21042C4F20202904247D040F2284231
:104CC0003EE000BF9F22C4F20202904228DC702224
:104CD000C4F20202904239D0882231E040F29F4271
:104CE000C4F20202904223DC40F27042C4F202029B
:104CF00090422BD040F2884222E000BF4022C4F212
:104D00000202904222D058221AE000BF40F24042F4
:104D1000C4F20202904219D040F2584210E000BFA3
:104D2000A022C4F20202904210D0B82208E000BFD4
:104D300040F2A042C4F20202904207D040F2B842D0
:104D4000C4F20202904218BF6FF0040102681140E1
:104D50000160002010BD000040F2B410C2F200401B
:104D6000C178012918BF7047F0B581B042F298446C
:104D70000021C2F20044A0F80510C0E9031120464A
:104D8000F9F712FB40F2E045C2F200452846EEF783
:104D9000EBFA40F20046C2F200463046ECF750FC17
:104DA000F1F722FE074620463946F9F771F9284601
:104DB0003946EEF7C9F83046394601B0BDE8F04053
:104DC000ECF7DABA000000000169D0E90132D1F84D
:104DD00004C09A608445536008BF4A6000220261A3
:104DE000086801380860086870470000000000008B
:104DF00043F2BC53C2F20143036043F2BC10C2F25F
:104E0000014008604FF4807010607047000000009F
:104E100043F61863C2F20143036043F21860C2F222
:104E2000014008604FF400701060704700000000FF
:104E30007047000000000000704700000000000004
:104E400002464FF0FF3142F8081F00214260C0E9DE
:104E500003220160704700000021016170470000DB
:104E600010B5D1F800C01CF1010213D000F1080404
:104E700062681368634511D853681C68644511D88B
:104E80005A68146864450FD85468A6462368634579
:104E9000EED90BE00269D2F804E007E0964622461C
:104EA00004E000BF9E4601E096461A46C1F804E0C1
:104EB000CEF808108A605160086101680131016014
:104EC00010BD000000000000D0F800C043684B6037
:104ED0009A688A609960516008610CF10101016073
:104EE0007047000000000000DFF80C00016841F48A
:104EF000700101607047000088ED00E000000000D4
:104F00004FF0500080F31188BFF36F8FBFF34F8FC6
:104F100040F21400C2F200400168002901F10101D1
:104F2000016001D0704700BF4EF60450CEF2000081
:104F30000068000608BF70474FF0500080F31188EA
:104F4000BFF36F8FBFF34F8FFEE70000000000003C
:104F500040F21400C2F20040016839B10139016029
:104F600018BF7047002080F3118870474FF0500041
:104F700080F31188BFF36F8FBFF34F8FFEE7000000
:104F8000B0B5002808BFB0BD50F8041C002909D4F2
:104F90004FF0500080F31188BFF36F8FBFF34F8F36
:104FA000FEE700BFA0F1080422684AB14FF05000AC
:104FB00080F31188BFF36F8FBFF34F8FFEE700BF01
:104FC00021F0004140F8041C054600F089FB40F246
:104FD000901C55F8041CC2F2004C0CF11402DCF8D1
:104FE00004000844CCF804001068A0420AD2026809
:104FF000A24213D21068A04204D202680346A24221
:10500000F2D301E01346024658681D18A5420AD0A3
:10501000601890420DD0104613E000BF0346586858
:105020001D18A542F4D101441C46596060189042F5
:10503000F1D1DCF80000824203D0D2E90002114431
:105040006160A342206018BF1C60DCF810000130D2
:10505000CCF81000BDE8B04001F022B9000000001B
:105060004EF210000021CEF2000044F6D352C1F2FD
:1050700062020160816040F20801C2F200410968E9
:10508000A1FB02124FF0FF3101EB921141600721A9
:10509000016070470000000040F2AC10EFF30581A2
:1050A0001029C2F2004011D34EF2F032CEF20002CB
:1050B000895C0278914209D24FF0500080F3118848
:1050C000BFF36F8FBFF34F8FFEE700BF4EF60C515B
:1050D000CEF200010968406801F4E061814298BFA6
:1050E00070474FF0500080F31188BFF36F8FBFF30C
:1050F0004F8F00BFFEE7000000286BD0002908BFDB
:105100007047B0B543F67462C2F2014253689842E8
:105110006AD0D36898426DD05369984272D0D369EF
:10512000984277D0536A984200F07C80D36A9842C4
:1051300000F08080536B984200F08480D36B9842DB
:1051400000F0888015464FF0000CD2F800E055F8CA
:10515000084F002C144618BF6546BEF1000F08BF6B
:10516000154654F8103F002B134618BF6446002D17
:1051700018BF2C4653F8185F002D154618BF63461C
:10518000002C18BF234655F8204F002C144618BF9A
:105190006546002B18BF1D4654F8283F002B1346C8
:1051A00018BF6446002D18BF2C4653F8305F002D01
:1051B00018BF6346002C18BF2346002B4CD152F871
:1051C000383F002B134608BFC3E90010BDE8B040CC
:1051D000704700BF4FF0500080F31188BFF36F8F0E
:1051E000BFF34F8FFEE700BF1346C3E90010BDE8D1
:1051F000B040704702F10803C3E90010BDE8B040B9
:10520000704700BF02F11003C3E90010BDE8B040D1
:10521000704700BF02F11803C3E90010BDE8B040B9
:10522000704700BF02F12003C3E90010BDE8B040A1
:10523000704700BF02F12803C3E90010BDE8B04089
:10524000704700BF02F13003C3E90010BDE8B04071
:10525000704700BF02F13803C3E90010BDE8B04059
:10526000704700000000000070B515460E46044669
:10527000FFF746FE94F84400FF280DD094F845004F
:10528000FF2810D0FFF764FEA06BA0B12046BDE858
:105290007040FFF769B800BF002084F8440094F81C
:1052A0004500FF28EED1002084F84500FFF750FEAE
:1052B000A06B0028EAD104F1240031462A4600F010
:1052C0002FF92046BDE87040FFF74EB800000000FF
:1052D000F0B581B0002839D040F2E004C2F20044B9
:1052E000216949B14FF0500080F31188BFF36F8FEF
:1052F000BFF34F8FFEE700BF216942F23406013150
:105300002161C2F2004665690746316804310846EA
:10531000FFF75AFD3068ED19456009D3E06931683F
:105320000431FFF79DFD00F0BBFF68B90EE000BF40
:10533000A06931680431FFF793FDE06A854238BF08
:10534000E56200F0ADFF08B101B0F0BD4EF60450CB
:105350004FF08051CEF200000160BFF34F8FBFF3DA
:105360006F8F01B0F0BD0000F0B581B00446FFF7CB
:10537000C7FD42F23406002CC2F2004608BF346872
:10538000251D2846FFF720FDA06A18B104F118007A
:10539000FFF71AFD40F2E007C2F20047386801301B
:1053A00038603068844209D0B8680138B860B8699C
:1053B000006888B1B869C06800680FE007F138007C
:1053C0002946FFF781FD786801307860FFF7C0FD5E
:1053D0003068844208D114E04FF0FF30F862FFF7E4
:1053E000B7FD306884420CD094F85900022808D0E8
:1053F000012803D0C0B9206BFFF7C2FD2046FFF79C
:10540000BFFDF86810B13068844201D001B0F0BD32
:10541000386998B14FF0500080F31188BFF36F8F57
:10542000BFF34F8FFEE700BF4FF0500080F31188AD
:10543000BFF36F8FBFF34F8FFEE700BF4EF60450F0
:105440004FF08051CEF200000160BFF34F8FBFF3E9
:105450006F8F01B0F0BD000040F2E001C2F20041E8
:105460004A6B02604969416070470000000000001B
:1054700040F2E0000121C2F20040416270470000AA
:10548000F0B581B000B342F234060C46C2F20046D9
:1054900031681831FFF7E4FC40F2E005C2F2004544
:1054A0006F6930680430FFF78FFC601C16D03068DD
:1054B000E419446026D3E8693168043101B0BDE8DD
:1054C000F040FFF7CDBC00BF4FF0500080F31188D3
:1054D000BFF36F8FBFF34F8FFEE700BF30683168B7
:1054E00032683368376855F8606F6C6884607D6136
:1054F000A068C860111D4160181DA060701C286064
:1055000001B0F0BDA86931680431FFF7A9FCE86A71
:10551000844238BFEC6201B0F0BD00000000000022
:105520002DE9F041A0B342F234071546C2F200471C
:105530008846416840F2E0063A68C2F20046D1610E
:105540008A683B681A623B68183353603A681832BD
:105550008A6039688862016801310160746938685D
:105560000430FFF731FCEDB1386839683A683B68C0
:105570003F6856F8605F746884607E61A068C860A8
:10558000111D4160181DA060681C3060BDE8F081ED
:105590004FF0500080F31188BFF36F8FBFF34F8F30
:1055A000FEE700BF386814EB0804446006D3F069D6
:1055B00039680431BDE8F041FFF752BCB069396881
:1055C0000431FFF74DFCF06A844228BFBDE8F0814A
:1055D000F462BDE8F081000070B588B0002005A934
:1055E000CDE9050006A804AAFFF702FC059E002EDF
:1055F00048D0069C002C4FD0049D5C200790079853
:105600005C2853D107985C212046EBF71AF82663F3
:10561000022084F8590007A800210023CDE90010DA
:1056200043F649602BA1C0F601002A460294FEF71A
:105630004FFC2046FEF7B0FA40F2E0040798C2F2B1
:105640000044A062B0B100F0CBFE411C38D001286C
:1056500010D14FF0500080F31188BFF36F8FBFF36C
:105660004F8F4FF0FF30E0620120E060002060616A
:1056700000F0FEF846F6E830C0F60100006808B019
:1056800070BD00BF4FF0500080F31188BFF36F8FE3
:10569000BFF34F8FFEE700BF4FF0500080F311883B
:1056A000BFF36F8FBFF34F8FFEE700BF4FF0500087
:1056B00080F31188BFF36F8FBFF34F8FFEE700BFFA
:1056C0004FF0500080F31188BFF36F8FBFF34F8FFF
:1056D000FEE700BF49444C45000000000000000008
:1056E00040F2E000C2F200400169013101617047FF
:1056F00070B540F2E004C2F20044206910B101200C
:10570000606270BD42F234060020C2F20046606260
:105710003068006B0168B1F1A53F0BD14168B1F170
:10572000A53F07D18168B1F1A53F03D1C068B0F1B1
:10573000A53F04D0306831683431FFF77DFB206A23
:1057400042F23801C2F2004100EB800251F82230EF
:1057500001EB820253B1516802F1080349685160BC
:1057600099421FD0C9683160206270BD283AF8B1F3
:1057700000EB8003556901EB83031DBB012817D0A3
:1057800015681DBB022813D052F8145C15BB032802
:105790000ED052F8283C0438002BA2F15002E6D07B
:1057A0002832D8E7D1685160C9683160206270BD85
:1057B0004FF0500080F31188BFF36F8FBFF34F8F0E
:1057C000FEE700BFA3F114020138C4E7A3F12802E9
:1057D0000238C0E7A3F13C020338BCE70000000038
:1057E00000283FD002460068E0B390F81032012B49
:1057F00038D192F94C300122002B31D4B0EEC01ACE
:105800009FED192AB4EE421AF1EE10FA28DC80B5A9
:1058100084B090F80FE2002202920DF1040C8DF892
:10582000081010EE101A43EA0E2242F0905E702229
:105830008DF809200CF104028DF80C100B0A8DF87C
:105840000D300B0C090E8DF80F107146CDF804E0E9
:105850008DF80E30F8F70CFF024604B0BDE880402A
:105860001046704701207047FFFF7F7F0000000057
:10587000B0B584B04EF200404CF27021CEF2000080
:10588000C4F20F114B1CD0F800299A420AD14FF0F4
:10589000500080F31188BFF36F8FBFF34F8F00BFAD
:1058A000FEE700BFD0F800298A4209D14FF050002E
:1058B00080F31188BFF36F8FBFF34F8FFEE700BFF8
:1058C0000021019101788DF80B10FF210170017802
:1058D0008DF803109DF8031011F0500240F2AC1146
:1058E000C2F200410A700BD09DF8032002F0500272
:1058F000502A0FD19DF90320B2F1FF3F48DC1FE091
:105900004FF0500080F31188BFF36F8FBFF34F8FBC
:10591000FEE700BF4FF0500080F31188BFF36F8F98
:10592000BFF34F8FFEE700BF019A013201929DF84D
:10593000032052008DF803209DF90320002A27D56B
:10594000019A013201929DF8032052008DF8032044
:105950009DF90320B2F1FF3F1ADC019A0132019256
:105960009DF8032052008DF803209DF90320B2F129
:10597000FF3FDFBF019A013201929DF80320DFBF94
:1059800052008DF803209DF90320B2F1FF3FCBDDDB
:10599000019A0024082A4FF0000206D0019A4FF421
:1059A000E063A3EB022202F4E0624A609DF80B1070
:1059B0000170D0F8201941F47F01C0F82019D0F807
:1059C000201941F07F41C0F82019FFF749FB40F250
:1059D0001405C2F200452C60FFF786FA4EF63470CB
:1059E000CEF20000016841F040410160FEF7F0FA9C
:1059F000FFF77EFE039428684FF0500181F3118871
:105A0000BFF36F8FBFF34F8F013003D0FEE700BFAE
:105A1000039838B9039828B90398002804BF03985D
:105A20000028F5D0002004B0B0BD00000000000048
:105A300080B54FF0500080F31188BFF36F8FBFF334
:105A40004F8F00F0F9FA30B14EF604504FF080510C
:105A5000CEF200000160002080F3118880BD0000BC
:105A600070B582B073B118B101B90AB9A1B19AB9D0
:105A70004FF0500080F31188BFF36F8FBFF34F8F4B
:105A8000FEE700BF4FF0500080F31188BFF36F8F27
:105A9000BFF34F8FFEE700BF50250195019D502DAC
:105AA00018D1019DA0FB01454FF0010C002983F89E
:105AB00046C008BF1A461A60C3E90F01A5B14FF0EE
:105AC000500080F31188BFF36F8FBFF34F8F00BF7B
:105AD000FEE700BF4FF0500080F31188BFF36F8FD7
:105AE000BFF34F8FFEE700BF069E1C46FFF708FA84
:105AF000D4E90F012268002501FB0023013800FBD7
:105B00000120A5636260C4E90230FF2084F84400EC
:105B100084F8450004F11000FFF792F904F1240025
:105B2000FFF78EF9FFF714FA84F84C60204602B0B4
:105B300070BD0000000000002DE9F04F83B002921C
:105B400090B104461546002948D00E4600F050FAA0
:105B5000A0B99DB14FF0500080F31188BFF36F8F53
:105B6000BFF34F8FFEE700BF4FF0500080F3118866
:105B7000BFF36F8FBFF34F8FFEE700BFFFF7C0F992
:105B8000D4F838A0BAF1000F36D0226C52B1D4E963
:105B90000231114430469942E16001D32168E1604D
:105BA000EAF7D0FCAAF10100A06354F8100F70B11D
:105BB000204600F001FB50B14EF604504FF08051EA
:105BC000CEF200000160BFF34F8FBFF36F8F01244F
:105BD000FFF7BEF9204603B0BDE8F08F206C002827
:105BE000B3D04FF0500080F31188BFF36F8FBFF335
:105BF0004F8F00BFFEE700BF0298002800F0B4807E
:105C00006846FFF729FCFFF7A3F9FFF769FDFFF7E7
:105C100077F994F84400FF2802D1002084F844006A
:105C200094F8450004F12408FF2802D1002084F8EC
:105C30004500FFF78DF9684602A900F09DF878B19C
:105C40002046FEF791FB00F02BFBFFF759F9A56BFF
:105C5000FFF77EF92DBB0024204603B0BDE8F08F8E
:105C6000FFF74EF9A56BFFF773F92DB12046FEF74C
:105C70007BFB00F015FB14E002994046FFF700FCA7
:105C80002046FEF771FB00F00BFB50B94EF60450B6
:105C90004FF08051CEF200000160BFF34F8FBFF391
:105CA0006F8FFFF72DF9D4F838A0BAF1000F7FF409
:105CB0006CAF4FF00009EB4602AF13E02046FEF751
:105CC00053FB00F0EDFAFFF71BF9A56BFFF740F966
:105CD000002DC0D0FFF714F9D4F838A0BAF1000FA6
:105CE0007FF453AF029800283ED0FFF731F9FFF759
:105CF000F7FCFFF705F994F84400FF2808BF84F883
:105D0000449094F84500FF2808BF84F84590FFF7B9
:105D10001FF95846394600F02FF80028CED1FFF77A
:105D2000EFF8A56BFFF714F935B12046FEF71CFB21
:105D300000F0B6FACEE700BF02994046FFF7A0FB9D
:105D40002046FEF711FB00F0ABFA0028C2D14EF658
:105D500004504FF08051CEF200000160BFF34F8F2E
:105D6000BFF36F8FB6E700BF0024FFF7F1F82046BE
:105D700003B0BDE8F08F0000B0B548B30C4689B35E
:105D80000546FFF7BDF840F2E00CC2F2004CDCF82B
:105D900014302268501C37D0AE46D5E90050DCF8EC
:105DA0003410A94201D0834226D2181A824223D944
:105DB000101A2060DCF83400CEF80000DCF8140083
:105DC000CEF804000024FFF7C3F82046B0BD00BFA2
:105DD0004FF0500080F31188BFF36F8FBFF34F8FE8
:105DE000FEE700BF4FF0500080F31188BFF36F8FC4
:105DF000BFF34F8FFEE700BF002020600124FFF7B4
:105E0000A7F82046B0BD00BF0024FFF7A1F8204648
:105E1000B0BD0000000000002DE9F04F83B0074640
:105E20009000984615468946FEF7DEFAF8B104461A
:105E30005C20FEF7D9FAB8B15C210646DDE90CBA60
:105E4000EAF7FFFB384649462A4643463463CDE924
:105E500000BA0296FEF73CF83046FDF79DFE0120A1
:105E600003B0BDE8F08F00BF2046FFF789F84FF080
:105E7000FF3003B0BDE8F08F2DE9F04786B00F9FEB
:105E800047B3109C84B35C260496049E5C2E35D1E7
:105E9000049E88465C2106462046DDF838A09946D7
:105EA0001546EAF7CEFB2763022084F8590005A8BF
:105EB000CDE90104304641462A464B46CDF800A0C4
:105EC000FEF706F82046FDF767FE059806B0BDE828
:105ED000F08700BF4FF0500080F31188BFF36F8F41
:105EE000BFF34F8FFEE700BF4FF0500080F31188E3
:105EF000BFF36F8FBFF34F8FFEE700BF4FF050002F
:105F000080F31188BFF36F8FBFF34F8FFEE7000060
:105F1000F0B581B080B1C9B140F2E005C2F20045F0
:105F20002A69EAB14FF0500080F31188BFF36F8FF8
:105F3000BFF34F8FFEE700BF4FF0500080F3118892
:105F4000BFF36F8FBFF34F8FFEE700BF4FF05000DE
:105F500080F31188BFF36F8FBFF34F8FFEE700BF51
:105F60002A6901322A616A6903689A421944016008
:105F700006D299424FF0000426D2914206D823E07F
:105F8000994203D3914201D800241DE042F2340427
:105F90006E69C2F200448F1A20680430FEF714FFC5
:105FA0002068F619466005D3E86921680431FEF7D8
:105FB00057FF08E0A86921680431FEF751FFE86A3D
:105FC000864238BFEE62012400F06AF910B1204623
:105FD00001B0F0BD4EF604504FF08051CEF20000FB
:105FE0000160BFF34F8FBFF36F8F204601B0F0BD4C
:105FF00040F2E000C2F20040C16829B10069B0FA85
:1060000080F0400940007047012070470000000008
:1060100040F2E000C2F2004040697047000000001A
:1060200080B5FFF739F840F2E000C2F20040406965
:1060300080BD0000000000002DE9F04740F2E00ABA
:10604000C2F2004ADAF8100040B1DAF8300001304C
:10605000CAF830000020BDE8F08700BFDAF814006D
:1060600010F10109CAF8149028D3DAF81800006872
:1060700050B14FF0500080F31188BFF36F8FBFF322
:106080004F8F00BFFEE700BFDAF81800DAF81C30C7
:10609000CAF81830CAF81C00DAF834000130CAF81F
:1060A0003400DAF81800006820B1DAF81800C06887
:1060B000006801E04FF0FF30CAF82C00DAF82C003D
:1060C00042F2340C42F238088145C2F2004CC2F26E
:1060D000004801D200205BE0DAF818004FF0000E13
:1060E000006800284CD0002021E000BFE66ADAF802
:1060F00020108E4206EB860188BFCAF8206008EBAC
:10610000810262615368A3609F68E7609D607D6063
:1061100058F82120013248F82120DCF80010C96A23
:10612000DAF818208E4288BF0120116861B3DAF8CE
:106130001840E468E468254655F8046FB14525D356
:106140006669D4E9023772689F60AA427B6008BF23
:1061500077603268013A3260A66A002EC6D0D4E970
:10616000072704F118037168976099427A6008BFA5
:106170007760C4F828E0316801393160B6E700BFC4
:106180004FF0FF36002001E04FF0FF36CAF82C60D8
:10619000DCF80010C96A01EB810158F821100129CF
:1061A00088BF0120DAF82410002918BF0120BDE8BB
:1061B000F087000000000000C068C06850B370B5F0
:1061C000816A00F1180ED0E90723D1F804C093606A
:1061D000F4455A604FF0000208BF4B60826240F203
:1061E000E00C0A68C2F2004C013A0A60DCF81010B8
:1061F000D1B1614651F84C2F81624B68C3610132C5
:106200009C680462C3F808E0C4F804E00A60C36A4A
:1062100035E000BF4FF0500080F31188BFF36F8F5F
:10622000BFF34F8FFEE700BF436900F1040ED0E9D2
:1062300002215C68916074454A6042F2380208BFEE
:1062400059601968C2F2004201391960C36ADCF86A
:1062500020108B4203EB830188BFCCF8203002EB87
:106260008104446165688560AE68C660C5F808E071
:10627000C6F804E052F82100013042F8210042F251
:106280003400C2F200400068C06A8342BDE870403A
:1062900004D90120CCF82400704700BF00207047CB
:1062A0002DE9F04381B040F2E004C2F200442069DD
:1062B00070B1FEF725FE206901382061206988B1A0
:1062C0000024FEF745FE204601B0BDE8F08300BF84
:1062D0004FF0500080F31188BFF36F8FBFF34F8FE3
:1062E000FEE700BFA0680028EAD0E06C002854D088
:1062F00042F2380942F234084FF0000EC2F200496F
:10630000C2F200484FF0010CA06DC36803F11807FA
:10631000986AD3E907654268BA42B5606E6008BF03
:106320004560C3F828E00268013A0260181D5D6903
:10633000D3E902266F6887429660726008BF6E607C
:106340002A68013A2A60DD6A226A954205EB8502D5
:1063500088BF256209EB82065E6177689F60B96835
:10636000D960B860486059F82200013049F822002D
:10637000D8F80000C06A854288BFC4F824C0E06C29
:106380000028C1D1A069006820B1A069C068006878
:1063900002E000BF4FF0FF30E062256B4DB10126F7
:1063A000FFF74AFE002818BF6662013DF8D10020C1
:1063B0002063606A00283FF483AF4EF604504FF02C
:1063C0008051CEF2000001240160BFF34F8FBFF374
:1063D0006F8FFEF7BDFD204601B0BDE8F0830000E1
:1063E00070B586B0FEF78CFD40F25416C2F200463E
:1063F000306808BB06F114042046FEF721FD06F1C3
:1064000028052846FEF71CFD41F6417241F6E4736B
:10641000C2F20042C2F200430A201021C6E902453E
:1064200000250095FFF71CFB306028B146F6E231ED
:10643000C0F60101FEF760FEFEF78AFD3068D8B1B4
:10644000002004A9CDE9040005A803AAFEF7E0FC9A
:10645000DDE9032002210023CDE9001044F23900D8
:106460000AA1C0F60100059D0295FFF705FD7060C9
:1064700010B1012006B070BD4FF0500080F31188BC
:10648000BFF36F8FBFF34F8FFEE700BF546D7220D5
:10649000537663004100080218BF04200A0E18BF9B
:1064A00040F001004FF07F4232EA010108BF40F0A6
:1064B0000200012808BF05207047000010EE101AE6
:1064C00008B5444A6846B2EB410F28D94FF0E64080
:1064D000B0EB410F94BF00204FF0FF3000900098C8
:1064E000002861DB60EE000A10F0010F45D010F0CB
:1064F000020FDFED391A9FED391A00EEA11ADFED18
:10650000381A40EE811A21EEA01AF0EE400A40EE51
:10651000010A08BFF1EE600AB0EE600A08BD314B17
:1065200021F0004293423CD911F0004FDFED2E0ADA
:1065300020EE201ADFED2D0A19BF31EE601A71EE40
:10654000200A31EE201A71EE600ABDEEE01A11EE5B
:10655000100A9FED271A00F0030000EEC10A9FED1C
:10656000251A009000EEC10A9FED231A00EEC10A21
:106570009FED221A00EEC10AB1E79FED211A9FEDAF
:10658000210A10F0020F00EE810A9FED1F1A00EEA3
:10659000801AB7EE000A00EE810A18BFB1EE400A79
:1065A00008BD00F00FF99AE710EE100A4000B0F1B4
:1065B0007F4F3CBFB7EE000A08BD07D14FF0010086
:1065C000EAF790F8BDE8084000F0ECB8BDE80840F4
:1065D00000F0E4B8B61F927E336D4CB9DA82083C05
:1065E000A0AA2ABE490E494683F9223F0000004B6B
:1065F0000000C93F00A0FD390020A2331A61342CED
:10660000B93AB2BACA9F2A3DDDFFFFBE00B510EE0F
:10661000101A2DED028B81B0524A6846B2EB410F41
:106620002ED94FF0E640B0EB410F94BF00204FF061
:10663000FF3000900098B0EE408A00286ADB10F02E
:10664000010F4BD068EE080A9FED471A9FED470AED
:1066500000EE810A9FED461A10F0020F00EE801A3C
:10666000B7EE000A00EE810A02BF01B0BDEC028B5A
:1066700000BD00BF01B0B1EE400ABDEC028B00BD11
:106680003C4B21F00042934241D911F0004FDFED25
:106690003A0A20EE201ADFED390A19BF31EE601AEE
:1066A00071EE200A31EE201A71EE600ABDEEE01A9A
:1066B00011EE100A9FED321A00F0030000EEC10A3D
:1066C0009FED301A009000EEC10A9FED2F1A00EEE8
:1066D000C10A9FED2E1A00EEC10AABE728EE080AA8
:1066E0009FED2B1ADFED2B0A10F0020F40EE010A8E
:1066F0009FED291A00EE201A61EE000AB0EE480A5A
:1067000008EE200AB6D101B0BDEC028B00BD00F04E
:1067100059F88FE718EE100A4000B0F17F4F0DD204
:1067200018EE100AFFF7B6FE042808BF00F042F882
:10673000B0EE480A01B0BDEC028B00BD09D10120CA
:10674000E9F7D0FF01B0BDEC028B5DF804EB00F07F
:1067500029B801B0B0EE480ABDEC028B5DF804EB3D
:1067600000F01CB8B61F927EB93AB2BACA9F2A3D51
:10677000DDFFFFBE490E494683F9223F0000004B72
:106780000000C93F00A0FD390020A2331A61342C5B
:10679000336D4CB9DA82083CA0AA2ABE30EE000A5A
:1067A00070470000DFED020A80EEA00A704700008B
:1067B000000000009FED020A20EE000A7047000072
:1067C000000000102DE9F0014FF07F42B2EB410FC5
:1067D0009FBF4FF0FF310160BDE8F00170474FF0FF
:1067E000004242EA0123C1F3C752783A551112F030
:1067F0001F0C434CCCF120067C44C1F3C752A2F1DC
:1068000078024FEA621204EB820254F8254008BF76
:10681000D2E9015612D0556804FA0CF425FA06F7AD
:106820003C43976805FA0CF527FA06F8D26807FA90
:106830000CFCF24045EA08054CEA0206A4FB034CB6
:10684000A5FB0352A6FB03631D449D4234BF0126F2
:1068500000261319334416B1934202D903E0934240
:1068600001D2012200E00022624402F1200C9206D3
:10687000DC0C42EA443200EE102A5B03DFED210A11
:10688000F8EEC01A00EE103A4FEA9C1C11F0004FCF
:10689000B8EE400AC0F800C020EE201A00EE105AF0
:1068A000DFED190AB8EE400A20EE200A71EE810AE7
:1068B00070EE800A10EE902A02F500626FF30B0270
:1068C00000EE902A70EEE11A31EEC11ADFED101AD7
:1068D00030EE411A9FED0D0A20EE800A01EE210AEA
:1068E0009FED0C1A00EE810A04BFBDE8F00170476D
:1068F000CCF180510160BDE8F001B1EE400A704773
:1069000038010000000000360000802C22AAFD297A
:10691000DB0FC92F0000C92FF1EE100A4FF6FF71EF
:10692000C0F2C03120EA010040F04070E1EE100AF0
:1069300070470000000000006E83F9A22915444E44
:10694000D15727FCC0DD34F5999562DB4190433C7B
:10695000AB6351FE000000000000000000000000DA
:106960000000000000000000010000000200000024
:10697000030000000400000000000000050000000B
:106980000000000000000000000000000600000001
:1069900000000000000000000000000007000000F0
:1069A00000040810204001040810204000000000EE
:1069B00001020304010203040607080901000200A2
:1069C0000400060008000A000C001000200040002F
:1069D00080000001BD6B0108000000000000000005
:1069E0000000000000000000001000002000000077
:1069F000000000000000000057150000000000002B
:106A0000A00F0000000020412B1500000000000036
:106A1000A00F00000000204143150000000000000E
:106A2000A00F0000000020413B1500000000000006
:106A3000A00F000000002041B46B0108000000001E
:106A4000000000000000000000000000000C00003A
:106A50002800000000000000000000000001020308
:106A600004050607080C101418203040010101032A
:106A700007010000080402040801010105001500D7
:106A80000501000000000000CDCC4C3E00000000DD
:106A900000008C420000A03F0700170007FF000025
:106AA00000000000CDCC4C3E0000000000008C42F5
:106AB0000000A03FFD000000AC6B010804000000D6
:106AC000AA06010D0004AA03020D0004AA0A010D82
:106AD0000004AA0D01050D05AA01130D0004AA0169
:106AE000140D0004AA01150D0004AA01160D0004DE
:106AF000AA01070D0004AA06000D0004C96B0108D5
:106B00000000000000000000000000000000000085
:106B10000010000020000000000000000000000045
:106B200001FF0000000000000000F0410000000034
:106B30000000804002010000000000000000F04161
:106B40000000000000008040270100000A00000053
:106B50000000000000000000000000000000000035
:106B60000000A0420000004028FF00000A000000D2
:106B70000000000000000000000000000000000015
:106B80000000A04200000040D26B0108000000009D
:106B900000000000000000000000000000040000F1
:106BA00018000000000000000000000015001700A1
:106BB00001020202636F6D6D5461736B0063686163
:106BC000737369735461736B006C69667454617399
:106BD0006B007374617274757052656D696E646573
:106BE0007200546D7251000037000000106C0108F3
:106BF000000000247000000030030008806C0108D1
:106C000070000024485001005003000800000000FC
:106C100001000000100000000090D0030090D0039D
:106C2000FF010000AAAAAAAACDCCCC3E0000000019
:106C30000000000000000041000048440000000087
:106C40000000000001000000CDCC4C3F000000001F
:106C500000000000000040410000C84200000000A9
:106C60000000000001000000000000000000000023
:106C70000000000000000000000000000000000014
:04000005080002CD20
:00000001FF
